task,source_file,setting,embedding,comparator,metric,value,comparator_value,delta_vs_comparator_positive_is_better,metric_direction,is_failure,is_improvement,failure_magnitude,improvement_magnitude,small_test_warning,small_train_warning,diagnostic_only,severity_if_negative,direction
perturbation_regression,results/perturbation_regression/perturbation_regression_fold_results.csv,dataset=dixit;context=dataset::all;method=frozen_linear;fold_id=9;n_train=18;n_test=1,baseline,scGPT_human,mse,4.176182746887207,1.6089675426483154,2.5672152042388916,lower_is_better,True,False,2.5672152042388916,0,True,True,True,2.5672152042388916,failure
perturbation_regression,results/perturbation_regression/perturbation_regression_fold_results.csv,dataset=dixit;context=dataset::all;method=frozen_linear;fold_id=7;n_train=18;n_test=1,baseline,scGPT_human,mse,1.394498586654663,0.3976057767868042,0.9968928098678589,lower_is_better,True,False,0.9968928098678589,0,True,True,True,0.9968928098678589,failure
perturbation_regression,results/perturbation_regression/perturbation_regression_fold_results.csv,dataset=dixit;context=dataset::all;method=frozen_linear;fold_id=17;n_train=18;n_test=1,baseline,scGPT_human,mse,3.348284721374512,2.7716593742370605,0.5766253471374516,lower_is_better,True,False,0.5766253471374516,0,True,True,True,0.5766253471374516,failure
perturbation_regression,results/perturbation_regression/perturbation_regression_fold_results.csv,dataset=dixit;context=dataset::all;method=frozen_linear;fold_id=6;n_train=18;n_test=1,baseline,scGPT_human,mse,0.7992085218429565,0.2354008555412292,0.5638076663017273,lower_is_better,True,False,0.5638076663017273,0,True,True,True,0.5638076663017273,failure
perturbation_regression,results/perturbation_regression/perturbation_regression_fold_results.csv,dataset=dixit;context=dataset::all;method=frozen_linear;fold_id=1;n_train=18;n_test=1,baseline,scGPT_human,mse,0.5399034023284912,2.300218105316162,-1.760314702987671,lower_is_better,False,True,0,1.760314702987671,True,True,True,0,improvement
perturbation_regression,results/perturbation_regression/perturbation_regression_fold_results.csv,dataset=dixit;context=dataset::all;method=frozen_linear;fold_id=14;n_train=18;n_test=1,baseline,scGPT_human,mse,0.0845106616616249,0.6853030920028687,-0.6007924303412437,lower_is_better,False,True,0,0.6007924303412437,True,True,True,0,improvement
perturbation_regression,results/perturbation_regression/perturbation_regression_fold_results.csv,dataset=dixit;context=dataset::all;method=frozen_linear;fold_id=10;n_train=18;n_test=1,baseline,scGPT_human,mse,1.9843281507492063,2.471885204315185,-0.4875570535659788,lower_is_better,False,True,0,0.4875570535659788,True,True,True,0,improvement
perturbation_regression,results/perturbation_regression/perturbation_regression_fold_results.csv,dataset=dixit;context=dataset::all;method=frozen_linear;fold_id=3;n_train=18;n_test=1,baseline,scGPT_human,mse,0.4953187108039856,0.9064547419548036,-0.411136031150818,lower_is_better,False,True,0,0.411136031150818,True,True,True,0,improvement
perturbation_regression,results/perturbation_regression/perturbation_regression_fold_results.csv,dataset=dixit;context=dataset::all;method=frozen_linear;fold_id=11;n_train=18;n_test=1,baseline,scGPT_human,mse,0.0990769416093826,0.4614448249340057,-0.3623678833246231,lower_is_better,False,True,0,0.3623678833246231,True,True,True,0,improvement
perturbation_regression,results/perturbation_regression/perturbation_regression_fold_results.csv,dataset=dixit;context=dataset::all;method=frozen_linear;fold_id=2;n_train=18;n_test=1,baseline,scGPT_human,mse,0.6565757989883423,0.945810854434967,-0.28923505544662476,lower_is_better,False,True,0,0.28923505544662476,True,True,True,0,improvement
perturbation_regression,results/perturbation_regression/perturbation_regression_fold_results.csv,dataset=dixit;context=dataset::all;method=frozen_linear;fold_id=7;n_train=18;n_test=1,baseline,scGPT_human,pearson_r,-0.2159157842397689,0.9914656281471252,-1.2073814123868942,higher_is_better,True,False,1.2073814123868942,0,True,True,True,1.2073814123868942,failure
perturbation_regression,results/perturbation_regression/perturbation_regression_fold_results.csv,dataset=dixit;context=dataset::all;method=frozen_linear;fold_id=4;n_train=18;n_test=1,baseline,scGPT_human,pearson_r,0.8490070104598999,0.9684524536132812,-0.11944544315338135,higher_is_better,True,False,0.11944544315338135,0,True,True,True,0.11944544315338135,failure
perturbation_regression,results/perturbation_regression/perturbation_regression_fold_results.csv,dataset=dixit;context=dataset::all;method=frozen_linear;fold_id=6;n_train=18;n_test=1,baseline,scGPT_human,pearson_r,0.921891987323761,0.9301415681838988,-0.008249580860137828,higher_is_better,True,False,0.008249580860137828,0,True,True,True,0.008249580860137828,failure
perturbation_regression,results/perturbation_regression/perturbation_regression_fold_results.csv,dataset=dixit;context=dataset::all;method=frozen_linear;fold_id=16;n_train=18;n_test=1,baseline,scGPT_human,pearson_r,0.975261092185974,0.9823938608169556,-0.007132768630981556,higher_is_better,True,False,0.007132768630981556,0,True,True,True,0.007132768630981556,failure
perturbation_regression,results/perturbation_regression/perturbation_regression_fold_results.csv,dataset=dixit;context=dataset::all;method=frozen_linear;fold_id=1;n_train=18;n_test=1,baseline,scGPT_human,pearson_r,0.98113214969635,-0.9849434494972228,1.9660755991935728,higher_is_better,False,True,0,1.9660755991935728,True,True,True,0,improvement
perturbation_regression,results/perturbation_regression/perturbation_regression_fold_results.csv,dataset=dixit;context=dataset::all;method=frozen_linear;fold_id=3;n_train=18;n_test=1,baseline,scGPT_human,pearson_r,0.8265742659568787,-0.9791350960731506,1.8057093620300293,higher_is_better,False,True,0,1.8057093620300293,True,True,True,0,improvement
perturbation_regression,results/perturbation_regression/perturbation_regression_fold_results.csv,dataset=dixit;context=dataset::all;method=frozen_linear;fold_id=14;n_train=18;n_test=1,baseline,scGPT_human,pearson_r,0.989834189414978,0.959985852241516,0.029848337173462025,higher_is_better,False,True,0,0.029848337173462025,True,True,True,0,improvement
perturbation_regression,results/perturbation_regression/perturbation_regression_fold_results.csv,dataset=dixit;context=dataset::all;method=frozen_linear;fold_id=5;n_train=18;n_test=1,baseline,scGPT_human,pearson_r,-0.9624046087265016,-0.9867907762527466,0.024386167526245006,higher_is_better,False,True,0,0.024386167526245006,True,True,True,0,improvement
perturbation_regression,results/perturbation_regression/perturbation_regression_fold_results.csv,dataset=dixit;context=dataset::all;method=frozen_linear;fold_id=10;n_train=18;n_test=1,baseline,scGPT_human,pearson_r,-0.9748427271842957,-0.9942875504493712,0.019444823265075573,higher_is_better,False,True,0,0.019444823265075573,True,True,True,0,improvement
perturbation_regression,results/perturbation_regression/perturbation_regression_fold_results.csv,dataset=dixit;context=dataset::all;method=frozen_linear;fold_id=2;n_train=18;n_test=1,baseline,scGPT_human,pearson_r,0.9794689416885376,0.9611549973487854,0.018313944339752197,higher_is_better,False,True,0,0.018313944339752197,True,True,True,0,improvement
perturbation_regression,results/perturbation_regression/perturbation_regression_fold_results.csv,dataset=dixit;context=dataset::all;method=frozen_linear;fold_id=7;n_train=18;n_test=1,baseline,scGPT_human,sign_acc,0.37890625,1.0,-0.62109375,higher_is_better,True,False,0.62109375,0,True,True,True,0.62109375,failure
perturbation_regression,results/perturbation_regression/perturbation_regression_fold_results.csv,dataset=dixit;context=dataset::all;method=frozen_linear;fold_id=4;n_train=18;n_test=1,baseline,scGPT_human,sign_acc,0.97265625,1.0,-0.02734375,higher_is_better,True,False,0.02734375,0,True,True,True,0.02734375,failure
perturbation_regression,results/perturbation_regression/perturbation_regression_fold_results.csv,dataset=dixit;context=dataset::all;method=frozen_linear;fold_id=0;n_train=18;n_test=1,baseline,scGPT_human,sign_acc,0.99609375,1.0,-0.00390625,higher_is_better,True,False,0.00390625,0,True,True,True,0.00390625,failure
perturbation_regression,results/perturbation_regression/perturbation_regression_fold_results.csv,dataset=dixit;context=dataset::all;method=frozen_linear;fold_id=1;n_train=18;n_test=1,baseline,scGPT_human,sign_acc,1.0,0.0,1.0,higher_is_better,False,True,0,1.0,True,True,True,0,improvement
perturbation_regression,results/perturbation_regression/perturbation_regression_fold_results.csv,dataset=dixit;context=dataset::all;method=frozen_linear;fold_id=3;n_train=18;n_test=1,baseline,scGPT_human,sign_acc,0.93359375,0.0,0.93359375,higher_is_better,False,True,0,0.93359375,True,True,True,0,improvement
perturbation_regression,results/perturbation_regression/perturbation_regression_fold_results.csv,dataset=dixit;context=dataset::all;method=frozen_linear;fold_id=2;n_train=18;n_test=1,baseline,scGPT_human,sign_acc,1.0,1.0,0.0,higher_is_better,False,False,0,0,True,True,True,0,tie
perturbation_regression,results/perturbation_regression/perturbation_regression_fold_results.csv,dataset=dixit;context=dataset::all;method=frozen_linear;fold_id=5;n_train=18;n_test=1,baseline,scGPT_human,sign_acc,0.0,0.0,0.0,higher_is_better,False,False,0,0,True,True,True,0,tie
perturbation_regression,results/perturbation_regression/perturbation_regression_fold_results.csv,dataset=dixit;context=dataset::all;method=frozen_linear;fold_id=6;n_train=18;n_test=1,baseline,scGPT_human,sign_acc,0.99609375,0.99609375,0.0,higher_is_better,False,False,0,0,True,True,True,0,tie
perturbation_regression,results/perturbation_regression/perturbation_regression_fold_results.csv,dataset=dixit;context=dataset::all;method=frozen_linear;fold_id=8;n_train=18;n_test=1,baseline,scGPT_human,sign_acc,1.0,1.0,0.0,higher_is_better,False,False,0,0,True,True,True,0,tie
perturbation_regression,results/perturbation_regression/perturbation_regression_fold_results.csv,dataset=dixit;context=dataset::all;method=frozen_linear;fold_id=9;n_train=18;n_test=1,baseline,scGPT_human,sign_acc,0.0,0.0,0.0,higher_is_better,False,False,0,0,True,True,True,0,tie
perturbation_regression,results/perturbation_regression/perturbation_regression_fold_results.csv,dataset=dixit;context=dataset::all;method=frozen_linear;fold_id=1;n_train=18;n_test=1,cl_scratch_v5,baseline,mse,1.6242784261703491,0.5399034023284912,1.084375023841858,lower_is_better,True,False,1.084375023841858,0,True,True,True,1.084375023841858,failure
perturbation_regression,results/perturbation_regression/perturbation_regression_fold_results.csv,dataset=dixit;context=dataset::all;method=frozen_linear;fold_id=14;n_train=18;n_test=1,cl_scratch_v5,baseline,mse,1.0369923114776611,0.0845106616616249,0.9524816498160362,lower_is_better,True,False,0.9524816498160362,0,True,True,True,0.9524816498160362,failure
perturbation_regression,results/perturbation_regression/perturbation_regression_fold_results.csv,dataset=dixit;context=dataset::all;method=frozen_linear;fold_id=5;n_train=18;n_test=1,cl_scratch_v5,baseline,mse,2.747034072875977,2.2678518295288086,0.4791822433471684,lower_is_better,True,False,0.4791822433471684,0,True,True,True,0.4791822433471684,failure
perturbation_regression,results/perturbation_regression/perturbation_regression_fold_results.csv,dataset=dixit;context=dataset::all;method=frozen_linear;fold_id=17;n_train=18;n_test=1,cl_scratch_v5,baseline,mse,3.644309043884277,3.348284721374512,0.29602432250976474,lower_is_better,True,False,0.29602432250976474,0,True,True,True,0.29602432250976474,failure
perturbation_regression,results/perturbation_regression/perturbation_regression_fold_results.csv,dataset=dixit;context=dataset::all;method=frozen_linear;fold_id=8;n_train=18;n_test=1,cl_scratch_v5,baseline,mse,0.4950710535049438,0.1992620527744293,0.2958090007305145,lower_is_better,True,False,0.2958090007305145,0,True,True,True,0.2958090007305145,failure
perturbation_regression,results/perturbation_regression/perturbation_regression_fold_results.csv,dataset=dixit;context=dataset::all;method=frozen_linear;fold_id=9;n_train=18;n_test=1,cl_scratch_v5,baseline,mse,2.486187219619751,4.176182746887207,-1.689995527267456,lower_is_better,False,True,0,1.689995527267456,True,True,True,0,improvement
perturbation_regression,results/perturbation_regression/perturbation_regression_fold_results.csv,dataset=dixit;context=dataset::all;method=frozen_linear;fold_id=4;n_train=18;n_test=1,cl_scratch_v5,baseline,mse,0.4230597019195556,1.017870306968689,-0.5948106050491333,lower_is_better,False,True,0,0.5948106050491333,True,True,True,0,improvement
perturbation_regression,results/perturbation_regression/perturbation_regression_fold_results.csv,dataset=dixit;context=dataset::all;method=frozen_linear;fold_id=0;n_train=18;n_test=1,cl_scratch_v5,baseline,mse,0.2639864683151245,0.6972895264625549,-0.4333030581474304,lower_is_better,False,True,0,0.4333030581474304,True,True,True,0,improvement
perturbation_regression,results/perturbation_regression/perturbation_regression_fold_results.csv,dataset=dixit;context=dataset::all;method=frozen_linear;fold_id=7;n_train=18;n_test=1,cl_scratch_v5,baseline,mse,0.9709550142288208,1.394498586654663,-0.4235435724258423,lower_is_better,False,True,0,0.4235435724258423,True,True,True,0,improvement
perturbation_regression,results/perturbation_regression/perturbation_regression_fold_results.csv,dataset=dixit;context=dataset::all;method=frozen_linear;fold_id=6;n_train=18;n_test=1,cl_scratch_v5,baseline,mse,0.5017704963684082,0.7992085218429565,-0.29743802547454834,lower_is_better,False,True,0,0.29743802547454834,True,True,True,0,improvement
perturbation_regression,results/perturbation_regression/perturbation_regression_fold_results.csv,dataset=dixit;context=dataset::all;method=frozen_linear;fold_id=1;n_train=18;n_test=1,cl_scratch_v5,baseline,pearson_r,-0.8489673733711243,0.98113214969635,-1.8300995230674744,higher_is_better,True,False,1.8300995230674744,0,True,True,True,1.8300995230674744,failure
perturbation_regression,results/perturbation_regression/perturbation_regression_fold_results.csv,dataset=dixit;context=dataset::all;method=frozen_linear;fold_id=14;n_train=18;n_test=1,cl_scratch_v5,baseline,pearson_r,-0.4970881342887878,0.989834189414978,-1.4869223237037659,higher_is_better,True,False,1.4869223237037659,0,True,True,True,1.4869223237037659,failure
perturbation_regression,results/perturbation_regression/perturbation_regression_fold_results.csv,dataset=dixit;context=dataset::all;method=frozen_linear;fold_id=5;n_train=18;n_test=1,cl_scratch_v5,baseline,pearson_r,-0.9876000881195068,-0.9624046087265016,-0.02519547939300526,higher_is_better,True,False,0.02519547939300526,0,True,True,True,0.02519547939300526,failure
perturbation_regression,results/perturbation_regression/perturbation_regression_fold_results.csv,dataset=dixit;context=dataset::all;method=frozen_linear;fold_id=2;n_train=18;n_test=1,cl_scratch_v5,baseline,pearson_r,0.9716742634773254,0.9794689416885376,-0.007794678211212158,higher_is_better,True,False,0.007794678211212158,0,True,True,True,0.007794678211212158,failure
perturbation_regression,results/perturbation_regression/perturbation_regression_fold_results.csv,dataset=dixit;context=dataset::all;method=frozen_linear;fold_id=10;n_train=18;n_test=1,cl_scratch_v5,baseline,pearson_r,-0.9797653555870056,-0.9748427271842957,-0.004922628402709961,higher_is_better,True,False,0.004922628402709961,0,True,True,True,0.004922628402709961,failure
perturbation_regression,results/perturbation_regression/perturbation_regression_fold_results.csv,dataset=dixit;context=dataset::all;method=frozen_linear;fold_id=0;n_train=18;n_test=1,cl_scratch_v5,baseline,pearson_r,0.9780657291412354,0.9827615022659302,-0.004695773124694824,higher_is_better,True,False,0.004695773124694824,0,True,True,True,0.004695773124694824,failure
perturbation_regression,results/perturbation_regression/perturbation_regression_fold_results.csv,dataset=dixit;context=dataset::all;method=frozen_linear;fold_id=7;n_train=18;n_test=1,cl_scratch_v5,baseline,pearson_r,0.9126806259155272,-0.2159157842397689,1.128596410155296,higher_is_better,False,True,0,1.128596410155296,True,True,True,0,improvement
perturbation_regression,results/perturbation_regression/perturbation_regression_fold_results.csv,dataset=dixit;context=dataset::all;method=frozen_linear;fold_id=3;n_train=18;n_test=1,cl_scratch_v5,baseline,pearson_r,0.973308801651001,0.8265742659568787,0.14673453569412231,higher_is_better,False,True,0,0.14673453569412231,True,True,True,0,improvement
perturbation_regression,results/perturbation_regression/perturbation_regression_fold_results.csv,dataset=dixit;context=dataset::all;method=frozen_linear;fold_id=4;n_train=18;n_test=1,cl_scratch_v5,baseline,pearson_r,0.991252303123474,0.8490070104598999,0.1422452926635741,higher_is_better,False,True,0,0.1422452926635741,True,True,True,0,improvement
perturbation_regression,results/perturbation_regression/perturbation_regression_fold_results.csv,dataset=dixit;context=dataset::all;method=frozen_linear;fold_id=6;n_train=18;n_test=1,cl_scratch_v5,baseline,pearson_r,0.930540144443512,0.921891987323761,0.008648157119750977,higher_is_better,False,True,0,0.008648157119750977,True,True,True,0,improvement
perturbation_regression,results/perturbation_regression/perturbation_regression_fold_results.csv,dataset=dixit;context=dataset::all;method=frozen_linear;fold_id=1;n_train=18;n_test=1,cl_scratch_v5,baseline,sign_acc,0.0390625,1.0,-0.9609375,higher_is_better,True,False,0.9609375,0,True,True,True,0.9609375,failure
perturbation_regression,results/perturbation_regression/perturbation_regression_fold_results.csv,dataset=dixit;context=dataset::all;method=frozen_linear;fold_id=14;n_train=18;n_test=1,cl_scratch_v5,baseline,sign_acc,0.21875,1.0,-0.78125,higher_is_better,True,False,0.78125,0,True,True,True,0.78125,failure
perturbation_regression,results/perturbation_regression/perturbation_regression_fold_results.csv,dataset=dixit;context=dataset::all;method=frozen_linear;fold_id=7;n_train=18;n_test=1,cl_scratch_v5,baseline,sign_acc,0.9921875,0.37890625,0.61328125,higher_is_better,False,True,0,0.61328125,True,True,True,0,improvement
perturbation_regression,results/perturbation_regression/perturbation_regression_fold_results.csv,dataset=dixit;context=dataset::all;method=frozen_linear;fold_id=3;n_train=18;n_test=1,cl_scratch_v5,baseline,sign_acc,1.0,0.93359375,0.06640625,higher_is_better,False,True,0,0.06640625,True,True,True,0,improvement
perturbation_regression,results/perturbation_regression/perturbation_regression_fold_results.csv,dataset=dixit;context=dataset::all;method=frozen_linear;fold_id=4;n_train=18;n_test=1,cl_scratch_v5,baseline,sign_acc,1.0,0.97265625,0.02734375,higher_is_better,False,True,0,0.02734375,True,True,True,0,improvement
perturbation_regression,results/perturbation_regression/perturbation_regression_fold_results.csv,dataset=dixit;context=dataset::all;method=frozen_linear;fold_id=0;n_train=18;n_test=1,cl_scratch_v5,baseline,sign_acc,1.0,0.99609375,0.00390625,higher_is_better,False,True,0,0.00390625,True,True,True,0,improvement
perturbation_regression,results/perturbation_regression/perturbation_regression_fold_results.csv,dataset=dixit;context=dataset::all;method=frozen_linear;fold_id=10;n_train=18;n_test=1,cl_scratch_v5,baseline,sign_acc,0.00390625,0.0,0.00390625,higher_is_better,False,True,0,0.00390625,True,True,True,0,improvement
perturbation_regression,results/perturbation_regression/perturbation_regression_fold_results.csv,dataset=dixit;context=dataset::all;method=frozen_linear;fold_id=2;n_train=18;n_test=1,cl_scratch_v5,baseline,sign_acc,1.0,1.0,0.0,higher_is_better,False,False,0,0,True,True,True,0,tie
perturbation_regression,results/perturbation_regression/perturbation_regression_fold_results.csv,dataset=dixit;context=dataset::all;method=frozen_linear;fold_id=5;n_train=18;n_test=1,cl_scratch_v5,baseline,sign_acc,0.0,0.0,0.0,higher_is_better,False,False,0,0,True,True,True,0,tie
perturbation_regression,results/perturbation_regression/perturbation_regression_fold_results.csv,dataset=dixit;context=dataset::all;method=frozen_linear;fold_id=6;n_train=18;n_test=1,cl_scratch_v5,baseline,sign_acc,0.99609375,0.99609375,0.0,higher_is_better,False,False,0,0,True,True,True,0,tie
perturbation_regression,results/perturbation_regression/perturbation_regression_fold_results.csv,dataset=dixit;context=dataset::all;method=frozen_linear;fold_id=9;n_train=18;n_test=1,cl_scratch_v5,scGPT_human,mse,2.486187219619751,1.6089675426483154,0.8772196769714355,lower_is_better,True,False,0.8772196769714355,0,True,True,True,0.8772196769714355,failure
perturbation_regression,results/perturbation_regression/perturbation_regression_fold_results.csv,dataset=dixit;context=dataset::all;method=frozen_linear;fold_id=17;n_train=18;n_test=1,cl_scratch_v5,scGPT_human,mse,3.644309043884277,2.7716593742370605,0.8726496696472164,lower_is_better,True,False,0.8726496696472164,0,True,True,True,0.8726496696472164,failure
perturbation_regression,results/perturbation_regression/perturbation_regression_fold_results.csv,dataset=dixit;context=dataset::all;method=frozen_linear;fold_id=7;n_train=18;n_test=1,cl_scratch_v5,scGPT_human,mse,0.9709550142288208,0.3976057767868042,0.5733492374420166,lower_is_better,True,False,0.5733492374420166,0,True,True,True,0.5733492374420166,failure
perturbation_regression,results/perturbation_regression/perturbation_regression_fold_results.csv,dataset=dixit;context=dataset::all;method=frozen_linear;fold_id=5;n_train=18;n_test=1,cl_scratch_v5,scGPT_human,mse,2.747034072875977,2.268958568572998,0.47807550430297896,lower_is_better,True,False,0.47807550430297896,0,True,True,True,0.47807550430297896,failure
perturbation_regression,results/perturbation_regression/perturbation_regression_fold_results.csv,dataset=dixit;context=dataset::all;method=frozen_linear;fold_id=14;n_train=18;n_test=1,cl_scratch_v5,scGPT_human,mse,1.0369923114776611,0.6853030920028687,0.3516892194747925,lower_is_better,True,False,0.3516892194747925,0,True,True,True,0.3516892194747925,failure
perturbation_regression,results/perturbation_regression/perturbation_regression_fold_results.csv,dataset=dixit;context=dataset::all;method=frozen_linear;fold_id=3;n_train=18;n_test=1,cl_scratch_v5,scGPT_human,mse,0.2057985514402389,0.9064547419548036,-0.7006561905145647,lower_is_better,False,True,0,0.7006561905145647,True,True,True,0,improvement
perturbation_regression,results/perturbation_regression/perturbation_regression_fold_results.csv,dataset=dixit;context=dataset::all;method=frozen_linear;fold_id=1;n_train=18;n_test=1,cl_scratch_v5,scGPT_human,mse,1.6242784261703491,2.300218105316162,-0.675939679145813,lower_is_better,False,True,0,0.675939679145813,True,True,True,0,improvement
perturbation_regression,results/perturbation_regression/perturbation_regression_fold_results.csv,dataset=dixit;context=dataset::all;method=frozen_linear;fold_id=10;n_train=18;n_test=1,cl_scratch_v5,scGPT_human,mse,1.930761814117432,2.471885204315185,-0.541123390197753,lower_is_better,False,True,0,0.541123390197753,True,True,True,0,improvement
perturbation_regression,results/perturbation_regression/perturbation_regression_fold_results.csv,dataset=dixit;context=dataset::all;method=frozen_linear;fold_id=11;n_train=18;n_test=1,cl_scratch_v5,scGPT_human,mse,0.0191973913460969,0.4614448249340057,-0.4422474335879088,lower_is_better,False,True,0,0.4422474335879088,True,True,True,0,improvement
perturbation_regression,results/perturbation_regression/perturbation_regression_fold_results.csv,dataset=dixit;context=dataset::all;method=frozen_linear;fold_id=4;n_train=18;n_test=1,cl_scratch_v5,scGPT_human,mse,0.4230597019195556,0.8486590385437012,-0.42559933662414556,lower_is_better,False,True,0,0.42559933662414556,True,True,True,0,improvement
perturbation_regression,results/perturbation_regression/perturbation_regression_fold_results.csv,dataset=dixit;context=dataset::all;method=frozen_linear;fold_id=14;n_train=18;n_test=1,cl_scratch_v5,scGPT_human,pearson_r,-0.4970881342887878,0.959985852241516,-1.4570739865303037,higher_is_better,True,False,1.4570739865303037,0,True,True,True,1.4570739865303037,failure
perturbation_regression,results/perturbation_regression/perturbation_regression_fold_results.csv,dataset=dixit;context=dataset::all;method=frozen_linear;fold_id=7;n_train=18;n_test=1,cl_scratch_v5,scGPT_human,pearson_r,0.9126806259155272,0.9914656281471252,-0.07878500223159801,higher_is_better,True,False,0.07878500223159801,0,True,True,True,0.07878500223159801,failure
perturbation_regression,results/perturbation_regression/perturbation_regression_fold_results.csv,dataset=dixit;context=dataset::all;method=frozen_linear;fold_id=0;n_train=18;n_test=1,cl_scratch_v5,scGPT_human,pearson_r,0.9780657291412354,0.9883593320846558,-0.01029360294342041,higher_is_better,True,False,0.01029360294342041,0,True,True,True,0.01029360294342041,failure
perturbation_regression,results/perturbation_regression/perturbation_regression_fold_results.csv,dataset=dixit;context=dataset::all;method=frozen_linear;fold_id=16;n_train=18;n_test=1,cl_scratch_v5,scGPT_human,pearson_r,0.9765726923942566,0.9823938608169556,-0.005821168422698975,higher_is_better,True,False,0.005821168422698975,0,True,True,True,0.005821168422698975,failure
perturbation_regression,results/perturbation_regression/perturbation_regression_fold_results.csv,dataset=dixit;context=dataset::all;method=frozen_linear;fold_id=12;n_train=18;n_test=1,cl_scratch_v5,scGPT_human,pearson_r,0.9872255325317384,0.9909601211547852,-0.003734588623046764,higher_is_better,True,False,0.003734588623046764,0,True,True,True,0.003734588623046764,failure
perturbation_regression,results/perturbation_regression/perturbation_regression_fold_results.csv,dataset=dixit;context=dataset::all;method=frozen_linear;fold_id=3;n_train=18;n_test=1,cl_scratch_v5,scGPT_human,pearson_r,0.973308801651001,-0.9791350960731506,1.9524438977241516,higher_is_better,False,True,0,1.9524438977241516,True,True,True,0,improvement
perturbation_regression,results/perturbation_regression/perturbation_regression_fold_results.csv,dataset=dixit;context=dataset::all;method=frozen_linear;fold_id=1;n_train=18;n_test=1,cl_scratch_v5,scGPT_human,pearson_r,-0.8489673733711243,-0.9849434494972228,0.13597607612609852,higher_is_better,False,True,0,0.13597607612609852,True,True,True,0,improvement
perturbation_regression,results/perturbation_regression/perturbation_regression_fold_results.csv,dataset=dixit;context=dataset::all;method=frozen_linear;fold_id=4;n_train=18;n_test=1,cl_scratch_v5,scGPT_human,pearson_r,0.991252303123474,0.9684524536132812,0.02279984951019276,higher_is_better,False,True,0,0.02279984951019276,True,True,True,0,improvement
perturbation_regression,results/perturbation_regression/perturbation_regression_fold_results.csv,dataset=dixit;context=dataset::all;method=frozen_linear;fold_id=10;n_train=18;n_test=1,cl_scratch_v5,scGPT_human,pearson_r,-0.9797653555870056,-0.9942875504493712,0.014522194862365612,higher_is_better,False,True,0,0.014522194862365612,True,True,True,0,improvement
perturbation_regression,results/perturbation_regression/perturbation_regression_fold_results.csv,dataset=dixit;context=dataset::all;method=frozen_linear;fold_id=2;n_train=18;n_test=1,cl_scratch_v5,scGPT_human,pearson_r,0.9716742634773254,0.9611549973487854,0.010519266128540039,higher_is_better,False,True,0,0.010519266128540039,True,True,True,0,improvement
perturbation_regression,results/perturbation_regression/perturbation_regression_fold_results.csv,dataset=dixit;context=dataset::all;method=frozen_linear;fold_id=14;n_train=18;n_test=1,cl_scratch_v5,scGPT_human,sign_acc,0.21875,1.0,-0.78125,higher_is_better,True,False,0.78125,0,True,True,True,0.78125,failure
perturbation_regression,results/perturbation_regression/perturbation_regression_fold_results.csv,dataset=dixit;context=dataset::all;method=frozen_linear;fold_id=7;n_train=18;n_test=1,cl_scratch_v5,scGPT_human,sign_acc,0.9921875,1.0,-0.0078125,higher_is_better,True,False,0.0078125,0,True,True,True,0.0078125,failure
perturbation_regression,results/perturbation_regression/perturbation_regression_fold_results.csv,dataset=dixit;context=dataset::all;method=frozen_linear;fold_id=3;n_train=18;n_test=1,cl_scratch_v5,scGPT_human,sign_acc,1.0,0.0,1.0,higher_is_better,False,True,0,1.0,True,True,True,0,improvement
perturbation_regression,results/perturbation_regression/perturbation_regression_fold_results.csv,dataset=dixit;context=dataset::all;method=frozen_linear;fold_id=1;n_train=18;n_test=1,cl_scratch_v5,scGPT_human,sign_acc,0.0390625,0.0,0.0390625,higher_is_better,False,True,0,0.0390625,True,True,True,0,improvement
perturbation_regression,results/perturbation_regression/perturbation_regression_fold_results.csv,dataset=dixit;context=dataset::all;method=frozen_linear;fold_id=10;n_train=18;n_test=1,cl_scratch_v5,scGPT_human,sign_acc,0.00390625,0.0,0.00390625,higher_is_better,False,True,0,0.00390625,True,True,True,0,improvement
perturbation_regression,results/perturbation_regression/perturbation_regression_fold_results.csv,dataset=dixit;context=dataset::all;method=frozen_linear;fold_id=0;n_train=18;n_test=1,cl_scratch_v5,scGPT_human,sign_acc,1.0,1.0,0.0,higher_is_better,False,False,0,0,True,True,True,0,tie
perturbation_regression,results/perturbation_regression/perturbation_regression_fold_results.csv,dataset=dixit;context=dataset::all;method=frozen_linear;fold_id=2;n_train=18;n_test=1,cl_scratch_v5,scGPT_human,sign_acc,1.0,1.0,0.0,higher_is_better,False,False,0,0,True,True,True,0,tie
perturbation_regression,results/perturbation_regression/perturbation_regression_fold_results.csv,dataset=dixit;context=dataset::all;method=frozen_linear;fold_id=4;n_train=18;n_test=1,cl_scratch_v5,scGPT_human,sign_acc,1.0,1.0,0.0,higher_is_better,False,False,0,0,True,True,True,0,tie
perturbation_regression,results/perturbation_regression/perturbation_regression_fold_results.csv,dataset=dixit;context=dataset::all;method=frozen_linear;fold_id=5;n_train=18;n_test=1,cl_scratch_v5,scGPT_human,sign_acc,0.0,0.0,0.0,higher_is_better,False,False,0,0,True,True,True,0,tie
perturbation_regression,results/perturbation_regression/perturbation_regression_fold_results.csv,dataset=dixit;context=dataset::all;method=frozen_linear;fold_id=6;n_train=18;n_test=1,cl_scratch_v5,scGPT_human,sign_acc,0.99609375,0.99609375,0.0,higher_is_better,False,False,0,0,True,True,True,0,tie
perturbation_regression,results/perturbation_regression/perturbation_regression_fold_results.csv,dataset=dixit;context=dataset::all;method=frozen_linear;fold_id=1;n_train=18;n_test=1,cl_v6_fair,baseline,mse,1.6652663946151733,0.5399034023284912,1.1253629922866821,lower_is_better,True,False,1.1253629922866821,0,True,True,True,1.1253629922866821,failure
perturbation_regression,results/perturbation_regression/perturbation_regression_fold_results.csv,dataset=dixit;context=dataset::all;method=frozen_linear;fold_id=17;n_train=18;n_test=1,cl_v6_fair,baseline,mse,4.3369951248168945,3.348284721374512,0.9887104034423824,lower_is_better,True,False,0.9887104034423824,0,True,True,True,0.9887104034423824,failure
perturbation_regression,results/perturbation_regression/perturbation_regression_fold_results.csv,dataset=dixit;context=dataset::all;method=frozen_linear;fold_id=8;n_train=18;n_test=1,cl_v6_fair,baseline,mse,0.5467908382415771,0.1992620527744293,0.3475287854671478,lower_is_better,True,False,0.3475287854671478,0,True,True,True,0.3475287854671478,failure
perturbation_regression,results/perturbation_regression/perturbation_regression_fold_results.csv,dataset=dixit;context=dataset::all;method=frozen_linear;fold_id=10;n_train=18;n_test=1,cl_v6_fair,baseline,mse,2.2454545497894287,1.9843281507492063,0.2611263990402224,lower_is_better,True,False,0.2611263990402224,0,True,True,True,0.2611263990402224,failure
perturbation_regression,results/perturbation_regression/perturbation_regression_fold_results.csv,dataset=dixit;context=dataset::all;method=frozen_linear;fold_id=14;n_train=18;n_test=1,cl_v6_fair,baseline,mse,0.30960994958877563,0.0845106616616249,0.22509928792715073,lower_is_better,True,False,0.22509928792715073,0,True,True,True,0.22509928792715073,failure
perturbation_regression,results/perturbation_regression/perturbation_regression_fold_results.csv,dataset=dixit;context=dataset::all;method=frozen_linear;fold_id=9;n_train=18;n_test=1,cl_v6_fair,baseline,mse,2.93634033203125,4.176182746887207,-1.239842414855957,lower_is_better,False,True,0,1.239842414855957,True,True,True,0,improvement
perturbation_regression,results/perturbation_regression/perturbation_regression_fold_results.csv,dataset=dixit;context=dataset::all;method=frozen_linear;fold_id=4;n_train=18;n_test=1,cl_v6_fair,baseline,mse,0.30539754033088684,1.017870306968689,-0.7124727666378021,lower_is_better,False,True,0,0.7124727666378021,True,True,True,0,improvement
perturbation_regression,results/perturbation_regression/perturbation_regression_fold_results.csv,dataset=dixit;context=dataset::all;method=frozen_linear;fold_id=6;n_train=18;n_test=1,cl_v6_fair,baseline,mse,0.20738117396831512,0.7992085218429565,-0.5918273478746414,lower_is_better,False,True,0,0.5918273478746414,True,True,True,0,improvement
perturbation_regression,results/perturbation_regression/perturbation_regression_fold_results.csv,dataset=dixit;context=dataset::all;method=frozen_linear;fold_id=7;n_train=18;n_test=1,cl_v6_fair,baseline,mse,0.8607547283172607,1.394498586654663,-0.5337438583374023,lower_is_better,False,True,0,0.5337438583374023,True,True,True,0,improvement
perturbation_regression,results/perturbation_regression/perturbation_regression_fold_results.csv,dataset=dixit;context=dataset::all;method=frozen_linear;fold_id=0;n_train=18;n_test=1,cl_v6_fair,baseline,mse,0.4621363878250122,0.6972895264625549,-0.23515313863754272,lower_is_better,False,True,0,0.23515313863754272,True,True,True,0,improvement
perturbation_regression,results/perturbation_regression/perturbation_regression_fold_results.csv,dataset=dixit;context=dataset::all;method=frozen_linear;fold_id=1;n_train=18;n_test=1,cl_v6_fair,baseline,pearson_r,-0.8946971893310547,0.98113214969635,-1.8758293390274048,higher_is_better,True,False,1.8758293390274048,0,True,True,True,1.8758293390274048,failure
perturbation_regression,results/perturbation_regression/perturbation_regression_fold_results.csv,dataset=dixit;context=dataset::all;method=frozen_linear;fold_id=0;n_train=18;n_test=1,cl_v6_fair,baseline,pearson_r,0.9668341875076294,0.9827615022659302,-0.01592731475830078,higher_is_better,True,False,0.01592731475830078,0,True,True,True,0.01592731475830078,failure
perturbation_regression,results/perturbation_regression/perturbation_regression_fold_results.csv,dataset=dixit;context=dataset::all;method=frozen_linear;fold_id=10;n_train=18;n_test=1,cl_v6_fair,baseline,pearson_r,-0.9884651899337769,-0.9748427271842957,-0.013622462749481201,higher_is_better,True,False,0.013622462749481201,0,True,True,True,0.013622462749481201,failure
perturbation_regression,results/perturbation_regression/perturbation_regression_fold_results.csv,dataset=dixit;context=dataset::all;method=frozen_linear;fold_id=5;n_train=18;n_test=1,cl_v6_fair,baseline,pearson_r,-0.9737740755081177,-0.9624046087265016,-0.0113694667816161,higher_is_better,True,False,0.0113694667816161,0,True,True,True,0.0113694667816161,failure
perturbation_regression,results/perturbation_regression/perturbation_regression_fold_results.csv,dataset=dixit;context=dataset::all;method=frozen_linear;fold_id=12;n_train=18;n_test=1,cl_v6_fair,baseline,pearson_r,0.9856725335121155,0.9917200207710266,-0.006047487258911133,higher_is_better,True,False,0.006047487258911133,0,True,True,True,0.006047487258911133,failure
perturbation_regression,results/perturbation_regression/perturbation_regression_fold_results.csv,dataset=dixit;context=dataset::all;method=frozen_linear;fold_id=7;n_train=18;n_test=1,cl_v6_fair,baseline,pearson_r,0.9468773603439331,-0.2159157842397689,1.162793144583702,higher_is_better,False,True,0,1.162793144583702,True,True,True,0,improvement
perturbation_regression,results/perturbation_regression/perturbation_regression_fold_results.csv,dataset=dixit;context=dataset::all;method=frozen_linear;fold_id=4;n_train=18;n_test=1,cl_v6_fair,baseline,pearson_r,0.987378716468811,0.8490070104598999,0.13837170600891113,higher_is_better,False,True,0,0.13837170600891113,True,True,True,0,improvement
perturbation_regression,results/perturbation_regression/perturbation_regression_fold_results.csv,dataset=dixit;context=dataset::all;method=frozen_linear;fold_id=3;n_train=18;n_test=1,cl_v6_fair,baseline,pearson_r,0.9315451979637146,0.8265742659568787,0.10497093200683594,higher_is_better,False,True,0,0.10497093200683594,True,True,True,0,improvement
perturbation_regression,results/perturbation_regression/perturbation_regression_fold_results.csv,dataset=dixit;context=dataset::all;method=frozen_linear;fold_id=6;n_train=18;n_test=1,cl_v6_fair,baseline,pearson_r,0.9327579140663147,0.921891987323761,0.010865926742553711,higher_is_better,False,True,0,0.010865926742553711,True,True,True,0,improvement
perturbation_regression,results/perturbation_regression/perturbation_regression_fold_results.csv,dataset=dixit;context=dataset::all;method=frozen_linear;fold_id=16;n_train=18;n_test=1,cl_v6_fair,baseline,pearson_r,0.980897068977356,0.975261092185974,0.005635976791381947,higher_is_better,False,True,0,0.005635976791381947,True,True,True,0,improvement
perturbation_regression,results/perturbation_regression/perturbation_regression_fold_results.csv,dataset=dixit;context=dataset::all;method=frozen_linear;fold_id=1;n_train=18;n_test=1,cl_v6_fair,baseline,sign_acc,0.01953125,1.0,-0.98046875,higher_is_better,True,False,0.98046875,0,True,True,True,0.98046875,failure
perturbation_regression,results/perturbation_regression/perturbation_regression_fold_results.csv,dataset=dixit;context=dataset::all;method=frozen_linear;fold_id=14;n_train=18;n_test=1,cl_v6_fair,baseline,sign_acc,0.99609375,1.0,-0.00390625,higher_is_better,True,False,0.00390625,0,True,True,True,0.00390625,failure
perturbation_regression,results/perturbation_regression/perturbation_regression_fold_results.csv,dataset=dixit;context=dataset::all;method=frozen_linear;fold_id=7;n_train=18;n_test=1,cl_v6_fair,baseline,sign_acc,1.0,0.37890625,0.62109375,higher_is_better,False,True,0,0.62109375,True,True,True,0,improvement
perturbation_regression,results/perturbation_regression/perturbation_regression_fold_results.csv,dataset=dixit;context=dataset::all;method=frozen_linear;fold_id=3;n_train=18;n_test=1,cl_v6_fair,baseline,sign_acc,1.0,0.93359375,0.06640625,higher_is_better,False,True,0,0.06640625,True,True,True,0,improvement
perturbation_regression,results/perturbation_regression/perturbation_regression_fold_results.csv,dataset=dixit;context=dataset::all;method=frozen_linear;fold_id=4;n_train=18;n_test=1,cl_v6_fair,baseline,sign_acc,1.0,0.97265625,0.02734375,higher_is_better,False,True,0,0.02734375,True,True,True,0,improvement
perturbation_regression,results/perturbation_regression/perturbation_regression_fold_results.csv,dataset=dixit;context=dataset::all;method=frozen_linear;fold_id=0;n_train=18;n_test=1,cl_v6_fair,baseline,sign_acc,1.0,0.99609375,0.00390625,higher_is_better,False,True,0,0.00390625,True,True,True,0,improvement
perturbation_regression,results/perturbation_regression/perturbation_regression_fold_results.csv,dataset=dixit;context=dataset::all;method=frozen_linear;fold_id=2;n_train=18;n_test=1,cl_v6_fair,baseline,sign_acc,1.0,1.0,0.0,higher_is_better,False,False,0,0,True,True,True,0,tie
perturbation_regression,results/perturbation_regression/perturbation_regression_fold_results.csv,dataset=dixit;context=dataset::all;method=frozen_linear;fold_id=5;n_train=18;n_test=1,cl_v6_fair,baseline,sign_acc,0.0,0.0,0.0,higher_is_better,False,False,0,0,True,True,True,0,tie
perturbation_regression,results/perturbation_regression/perturbation_regression_fold_results.csv,dataset=dixit;context=dataset::all;method=frozen_linear;fold_id=6;n_train=18;n_test=1,cl_v6_fair,baseline,sign_acc,0.99609375,0.99609375,0.0,higher_is_better,False,False,0,0,True,True,True,0,tie
perturbation_regression,results/perturbation_regression/perturbation_regression_fold_results.csv,dataset=dixit;context=dataset::all;method=frozen_linear;fold_id=8;n_train=18;n_test=1,cl_v6_fair,baseline,sign_acc,1.0,1.0,0.0,higher_is_better,False,False,0,0,True,True,True,0,tie
perturbation_regression,results/perturbation_regression/perturbation_regression_fold_results.csv,dataset=dixit;context=dataset::all;method=frozen_linear;fold_id=17;n_train=18;n_test=1,cl_v6_fair,scGPT_human,mse,4.3369951248168945,2.7716593742370605,1.565335750579834,lower_is_better,True,False,1.565335750579834,0,True,True,True,1.565335750579834,failure
perturbation_regression,results/perturbation_regression/perturbation_regression_fold_results.csv,dataset=dixit;context=dataset::all;method=frozen_linear;fold_id=9;n_train=18;n_test=1,cl_v6_fair,scGPT_human,mse,2.93634033203125,1.6089675426483154,1.3273727893829346,lower_is_better,True,False,1.3273727893829346,0,True,True,True,1.3273727893829346,failure
perturbation_regression,results/perturbation_regression/perturbation_regression_fold_results.csv,dataset=dixit;context=dataset::all;method=frozen_linear;fold_id=7;n_train=18;n_test=1,cl_v6_fair,scGPT_human,mse,0.8607547283172607,0.3976057767868042,0.46314895153045654,lower_is_better,True,False,0.46314895153045654,0,True,True,True,0.46314895153045654,failure
perturbation_regression,results/perturbation_regression/perturbation_regression_fold_results.csv,dataset=dixit;context=dataset::all;method=frozen_linear;fold_id=1;n_train=18;n_test=1,cl_v6_fair,scGPT_human,mse,1.6652663946151733,2.300218105316162,-0.6349517107009888,lower_is_better,False,True,0,0.6349517107009888,True,True,True,0,improvement
perturbation_regression,results/perturbation_regression/perturbation_regression_fold_results.csv,dataset=dixit;context=dataset::all;method=frozen_linear;fold_id=3;n_train=18;n_test=1,cl_v6_fair,scGPT_human,mse,0.3309199810028076,0.9064547419548036,-0.575534760951996,lower_is_better,False,True,0,0.575534760951996,True,True,True,0,improvement
perturbation_regression,results/perturbation_regression/perturbation_regression_fold_results.csv,dataset=dixit;context=dataset::all;method=frozen_linear;fold_id=4;n_train=18;n_test=1,cl_v6_fair,scGPT_human,mse,0.30539754033088684,0.8486590385437012,-0.5432614982128143,lower_is_better,False,True,0,0.5432614982128143,True,True,True,0,improvement
perturbation_regression,results/perturbation_regression/perturbation_regression_fold_results.csv,dataset=dixit;context=dataset::all;method=frozen_linear;fold_id=11;n_train=18;n_test=1,cl_v6_fair,scGPT_human,mse,0.02573743835091591,0.4614448249340057,-0.4357073865830898,lower_is_better,False,True,0,0.4357073865830898,True,True,True,0,improvement
perturbation_regression,results/perturbation_regression/perturbation_regression_fold_results.csv,dataset=dixit;context=dataset::all;method=frozen_linear;fold_id=14;n_train=18;n_test=1,cl_v6_fair,scGPT_human,mse,0.30960994958877563,0.6853030920028687,-0.375693142414093,lower_is_better,False,True,0,0.375693142414093,True,True,True,0,improvement
perturbation_regression,results/perturbation_regression/perturbation_regression_fold_results.csv,dataset=dixit;context=dataset::all;method=frozen_linear;fold_id=2;n_train=18;n_test=1,cl_v6_fair,scGPT_human,mse,0.5920463800430298,0.945810854434967,-0.35376447439193726,lower_is_better,False,True,0,0.35376447439193726,True,True,True,0,improvement
perturbation_regression,results/perturbation_regression/perturbation_regression_fold_results.csv,dataset=dixit;context=dataset::all;method=frozen_linear;fold_id=10;n_train=18;n_test=1,cl_v6_fair,scGPT_human,mse,2.2454545497894287,2.471885204315185,-0.2264306545257564,lower_is_better,False,True,0,0.2264306545257564,True,True,True,0,improvement
perturbation_regression,results/perturbation_regression/perturbation_regression_fold_results.csv,dataset=dixit;context=dataset::all;method=frozen_linear;fold_id=7;n_train=18;n_test=1,cl_v6_fair,scGPT_human,pearson_r,0.9468773603439331,0.9914656281471252,-0.04458826780319214,higher_is_better,True,False,0.04458826780319214,0,True,True,True,0.04458826780319214,failure
perturbation_regression,results/perturbation_regression/perturbation_regression_fold_results.csv,dataset=dixit;context=dataset::all;method=frozen_linear;fold_id=0;n_train=18;n_test=1,cl_v6_fair,scGPT_human,pearson_r,0.9668341875076294,0.9883593320846558,-0.021525144577026367,higher_is_better,True,False,0.021525144577026367,0,True,True,True,0.021525144577026367,failure
perturbation_regression,results/perturbation_regression/perturbation_regression_fold_results.csv,dataset=dixit;context=dataset::all;method=frozen_linear;fold_id=12;n_train=18;n_test=1,cl_v6_fair,scGPT_human,pearson_r,0.9856725335121155,0.9909601211547852,-0.005287587642669678,higher_is_better,True,False,0.005287587642669678,0,True,True,True,0.005287587642669678,failure
perturbation_regression,results/perturbation_regression/perturbation_regression_fold_results.csv,dataset=dixit;context=dataset::all;method=frozen_linear;fold_id=3;n_train=18;n_test=1,cl_v6_fair,scGPT_human,pearson_r,0.9315451979637146,-0.9791350960731506,1.9106802940368652,higher_is_better,False,True,0,1.9106802940368652,True,True,True,0,improvement
perturbation_regression,results/perturbation_regression/perturbation_regression_fold_results.csv,dataset=dixit;context=dataset::all;method=frozen_linear;fold_id=1;n_train=18;n_test=1,cl_v6_fair,scGPT_human,pearson_r,-0.8946971893310547,-0.9849434494972228,0.0902462601661681,higher_is_better,False,True,0,0.0902462601661681,True,True,True,0,improvement
perturbation_regression,results/perturbation_regression/perturbation_regression_fold_results.csv,dataset=dixit;context=dataset::all;method=frozen_linear;fold_id=14;n_train=18;n_test=1,cl_v6_fair,scGPT_human,pearson_r,0.9850086569786072,0.959985852241516,0.025022804737091175,higher_is_better,False,True,0,0.025022804737091175,True,True,True,0,improvement
perturbation_regression,results/perturbation_regression/perturbation_regression_fold_results.csv,dataset=dixit;context=dataset::all;method=frozen_linear;fold_id=4;n_train=18;n_test=1,cl_v6_fair,scGPT_human,pearson_r,0.987378716468811,0.9684524536132812,0.018926262855529785,higher_is_better,False,True,0,0.018926262855529785,True,True,True,0,improvement
perturbation_regression,results/perturbation_regression/perturbation_regression_fold_results.csv,dataset=dixit;context=dataset::all;method=frozen_linear;fold_id=2;n_train=18;n_test=1,cl_v6_fair,scGPT_human,pearson_r,0.979401707649231,0.9611549973487854,0.018246710300445557,higher_is_better,False,True,0,0.018246710300445557,True,True,True,0,improvement
perturbation_regression,results/perturbation_regression/perturbation_regression_fold_results.csv,dataset=dixit;context=dataset::all;method=frozen_linear;fold_id=5;n_train=18;n_test=1,cl_v6_fair,scGPT_human,pearson_r,-0.9737740755081177,-0.9867907762527466,0.013016700744628906,higher_is_better,False,True,0,0.013016700744628906,True,True,True,0,improvement
perturbation_regression,results/perturbation_regression/perturbation_regression_fold_results.csv,dataset=dixit;context=dataset::all;method=frozen_linear;fold_id=10;n_train=18;n_test=1,cl_v6_fair,scGPT_human,pearson_r,-0.9884651899337769,-0.9942875504493712,0.005822360515594371,higher_is_better,False,True,0,0.005822360515594371,True,True,True,0,improvement
perturbation_regression,results/perturbation_regression/perturbation_regression_fold_results.csv,dataset=dixit;context=dataset::all;method=frozen_linear;fold_id=14;n_train=18;n_test=1,cl_v6_fair,scGPT_human,sign_acc,0.99609375,1.0,-0.00390625,higher_is_better,True,False,0.00390625,0,True,True,True,0.00390625,failure
perturbation_regression,results/perturbation_regression/perturbation_regression_fold_results.csv,dataset=dixit;context=dataset::all;method=frozen_linear;fold_id=3;n_train=18;n_test=1,cl_v6_fair,scGPT_human,sign_acc,1.0,0.0,1.0,higher_is_better,False,True,0,1.0,True,True,True,0,improvement
perturbation_regression,results/perturbation_regression/perturbation_regression_fold_results.csv,dataset=dixit;context=dataset::all;method=frozen_linear;fold_id=1;n_train=18;n_test=1,cl_v6_fair,scGPT_human,sign_acc,0.01953125,0.0,0.01953125,higher_is_better,False,True,0,0.01953125,True,True,True,0,improvement
perturbation_regression,results/perturbation_regression/perturbation_regression_fold_results.csv,dataset=dixit;context=dataset::all;method=frozen_linear;fold_id=0;n_train=18;n_test=1,cl_v6_fair,scGPT_human,sign_acc,1.0,1.0,0.0,higher_is_better,False,False,0,0,True,True,True,0,tie
perturbation_regression,results/perturbation_regression/perturbation_regression_fold_results.csv,dataset=dixit;context=dataset::all;method=frozen_linear;fold_id=2;n_train=18;n_test=1,cl_v6_fair,scGPT_human,sign_acc,1.0,1.0,0.0,higher_is_better,False,False,0,0,True,True,True,0,tie
perturbation_regression,results/perturbation_regression/perturbation_regression_fold_results.csv,dataset=dixit;context=dataset::all;method=frozen_linear;fold_id=4;n_train=18;n_test=1,cl_v6_fair,scGPT_human,sign_acc,1.0,1.0,0.0,higher_is_better,False,False,0,0,True,True,True,0,tie
perturbation_regression,results/perturbation_regression/perturbation_regression_fold_results.csv,dataset=dixit;context=dataset::all;method=frozen_linear;fold_id=5;n_train=18;n_test=1,cl_v6_fair,scGPT_human,sign_acc,0.0,0.0,0.0,higher_is_better,False,False,0,0,True,True,True,0,tie
perturbation_regression,results/perturbation_regression/perturbation_regression_fold_results.csv,dataset=dixit;context=dataset::all;method=frozen_linear;fold_id=6;n_train=18;n_test=1,cl_v6_fair,scGPT_human,sign_acc,0.99609375,0.99609375,0.0,higher_is_better,False,False,0,0,True,True,True,0,tie
perturbation_regression,results/perturbation_regression/perturbation_regression_fold_results.csv,dataset=dixit;context=dataset::all;method=frozen_linear;fold_id=7;n_train=18;n_test=1,cl_v6_fair,scGPT_human,sign_acc,1.0,1.0,0.0,higher_is_better,False,False,0,0,True,True,True,0,tie
perturbation_regression,results/perturbation_regression/perturbation_regression_fold_results.csv,dataset=dixit;context=dataset::all;method=frozen_linear;fold_id=8;n_train=18;n_test=1,cl_v6_fair,scGPT_human,sign_acc,1.0,1.0,0.0,higher_is_better,False,False,0,0,True,True,True,0,tie
perturbation_regression,results/perturbation_regression/perturbation_regression_fold_results.csv,dataset=dixit;context=dataset::all;method=frozen_linear;fold_id=1;n_train=18;n_test=1,minus,baseline,mse,1.9238548278808596,0.5399034023284912,1.3839514255523684,lower_is_better,True,False,1.3839514255523684,0,True,True,True,1.3839514255523684,failure
perturbation_regression,results/perturbation_regression/perturbation_regression_fold_results.csv,dataset=dixit;context=dataset::all;method=frozen_linear;fold_id=14;n_train=18;n_test=1,minus,baseline,mse,1.1853456497192385,0.0845106616616249,1.1008349880576136,lower_is_better,True,False,1.1008349880576136,0,True,True,True,1.1008349880576136,failure
perturbation_regression,results/perturbation_regression/perturbation_regression_fold_results.csv,dataset=dixit;context=dataset::all;method=frozen_linear;fold_id=17;n_train=18;n_test=1,minus,baseline,mse,3.798295021057129,3.348284721374512,0.45001029968261674,lower_is_better,True,False,0.45001029968261674,0,True,True,True,0.45001029968261674,failure
perturbation_regression,results/perturbation_regression/perturbation_regression_fold_results.csv,dataset=dixit;context=dataset::all;method=frozen_linear;fold_id=7;n_train=18;n_test=1,minus,baseline,mse,1.8321478366851809,1.394498586654663,0.4376492500305178,lower_is_better,True,False,0.4376492500305178,0,True,True,True,0.4376492500305178,failure
perturbation_regression,results/perturbation_regression/perturbation_regression_fold_results.csv,dataset=dixit;context=dataset::all;method=frozen_linear;fold_id=10;n_train=18;n_test=1,minus,baseline,mse,2.3282406330108643,1.9843281507492063,0.34391248226165794,lower_is_better,True,False,0.34391248226165794,0,True,True,True,0.34391248226165794,failure
perturbation_regression,results/perturbation_regression/perturbation_regression_fold_results.csv,dataset=dixit;context=dataset::all;method=frozen_linear;fold_id=8;n_train=18;n_test=1,minus,baseline,mse,0.5258371829986572,0.1992620527744293,0.3265751302242279,lower_is_better,True,False,0.3265751302242279,0,True,True,True,0.3265751302242279,failure
perturbation_regression,results/perturbation_regression/perturbation_regression_fold_results.csv,dataset=dixit;context=dataset::all;method=frozen_linear;fold_id=9;n_train=18;n_test=1,minus,baseline,mse,0.2842968106269836,4.176182746887207,-3.8918859362602234,lower_is_better,False,True,0,3.8918859362602234,True,True,True,0,improvement
perturbation_regression,results/perturbation_regression/perturbation_regression_fold_results.csv,dataset=dixit;context=dataset::all;method=frozen_linear;fold_id=3;n_train=18;n_test=1,minus,baseline,mse,0.0231206342577934,0.4953187108039856,-0.47219807654619217,lower_is_better,False,True,0,0.47219807654619217,True,True,True,0,improvement
perturbation_regression,results/perturbation_regression/perturbation_regression_fold_results.csv,dataset=dixit;context=dataset::all;method=frozen_linear;fold_id=2;n_train=18;n_test=1,minus,baseline,mse,0.2087754905223846,0.6565757989883423,-0.4478003084659577,lower_is_better,False,True,0,0.4478003084659577,True,True,True,0,improvement
perturbation_regression,results/perturbation_regression/perturbation_regression_fold_results.csv,dataset=dixit;context=dataset::all;method=frozen_linear;fold_id=4;n_train=18;n_test=1,minus,baseline,mse,0.6493380069732666,1.017870306968689,-0.36853229999542236,lower_is_better,False,True,0,0.36853229999542236,True,True,True,0,improvement
perturbation_regression,results/perturbation_regression/perturbation_regression_fold_results.csv,dataset=dixit;context=dataset::all;method=frozen_linear;fold_id=1;n_train=18;n_test=1,minus,baseline,pearson_r,-0.9520201683044434,0.98113214969635,-1.9331523180007935,higher_is_better,True,False,1.9331523180007935,0,True,True,True,1.9331523180007935,failure
perturbation_regression,results/perturbation_regression/perturbation_regression_fold_results.csv,dataset=dixit;context=dataset::all;method=frozen_linear;fold_id=14;n_train=18;n_test=1,minus,baseline,pearson_r,-0.8686624765396118,0.989834189414978,-1.8584966659545898,higher_is_better,True,False,1.8584966659545898,0,True,True,True,1.8584966659545898,failure
perturbation_regression,results/perturbation_regression/perturbation_regression_fold_results.csv,dataset=dixit;context=dataset::all;method=frozen_linear;fold_id=7;n_train=18;n_test=1,minus,baseline,pearson_r,-0.9151744842529296,-0.2159157842397689,-0.6992587000131607,higher_is_better,True,False,0.6992587000131607,0,True,True,True,0.6992587000131607,failure
perturbation_regression,results/perturbation_regression/perturbation_regression_fold_results.csv,dataset=dixit;context=dataset::all;method=frozen_linear;fold_id=0;n_train=18;n_test=1,minus,baseline,pearson_r,0.9622790813446044,0.9827615022659302,-0.020482420921325795,higher_is_better,True,False,0.020482420921325795,0,True,True,True,0.020482420921325795,failure
perturbation_regression,results/perturbation_regression/perturbation_regression_fold_results.csv,dataset=dixit;context=dataset::all;method=frozen_linear;fold_id=5;n_train=18;n_test=1,minus,baseline,pearson_r,-0.9801365733146667,-0.9624046087265016,-0.017731964588165172,higher_is_better,True,False,0.017731964588165172,0,True,True,True,0.017731964588165172,failure
perturbation_regression,results/perturbation_regression/perturbation_regression_fold_results.csv,dataset=dixit;context=dataset::all;method=frozen_linear;fold_id=10;n_train=18;n_test=1,minus,baseline,pearson_r,-0.9858670234680176,-0.9748427271842957,-0.011024296283721924,higher_is_better,True,False,0.011024296283721924,0,True,True,True,0.011024296283721924,failure
perturbation_regression,results/perturbation_regression/perturbation_regression_fold_results.csv,dataset=dixit;context=dataset::all;method=frozen_linear;fold_id=9;n_train=18;n_test=1,minus,baseline,pearson_r,0.987602710723877,-0.9916195273399352,1.9792222380638123,higher_is_better,False,True,0,1.9792222380638123,True,True,True,0,improvement
perturbation_regression,results/perturbation_regression/perturbation_regression_fold_results.csv,dataset=dixit;context=dataset::all;method=frozen_linear;fold_id=3;n_train=18;n_test=1,minus,baseline,pearson_r,0.9844776391983032,0.8265742659568787,0.15790337324142456,higher_is_better,False,True,0,0.15790337324142456,True,True,True,0,improvement
perturbation_regression,results/perturbation_regression/perturbation_regression_fold_results.csv,dataset=dixit;context=dataset::all;method=frozen_linear;fold_id=4;n_train=18;n_test=1,minus,baseline,pearson_r,0.962466597557068,0.8490070104598999,0.11345958709716808,higher_is_better,False,True,0,0.11345958709716808,True,True,True,0,improvement
perturbation_regression,results/perturbation_regression/perturbation_regression_fold_results.csv,dataset=dixit;context=dataset::all;method=frozen_linear;fold_id=2;n_train=18;n_test=1,minus,baseline,pearson_r,0.9872764945030212,0.9794689416885376,0.007807552814483643,higher_is_better,False,True,0,0.007807552814483643,True,True,True,0,improvement
perturbation_regression,results/perturbation_regression/perturbation_regression_fold_results.csv,dataset=dixit;context=dataset::all;method=frozen_linear;fold_id=1;n_train=18;n_test=1,minus,baseline,sign_acc,0.00390625,1.0,-0.99609375,higher_is_better,True,False,0.99609375,0,True,True,True,0.99609375,failure
perturbation_regression,results/perturbation_regression/perturbation_regression_fold_results.csv,dataset=dixit;context=dataset::all;method=frozen_linear;fold_id=14;n_train=18;n_test=1,minus,baseline,sign_acc,0.0390625,1.0,-0.9609375,higher_is_better,True,False,0.9609375,0,True,True,True,0.9609375,failure
perturbation_regression,results/perturbation_regression/perturbation_regression_fold_results.csv,dataset=dixit;context=dataset::all;method=frozen_linear;fold_id=7;n_train=18;n_test=1,minus,baseline,sign_acc,0.015625,0.37890625,-0.36328125,higher_is_better,True,False,0.36328125,0,True,True,True,0.36328125,failure
perturbation_regression,results/perturbation_regression/perturbation_regression_fold_results.csv,dataset=dixit;context=dataset::all;method=frozen_linear;fold_id=9;n_train=18;n_test=1,minus,baseline,sign_acc,1.0,0.0,1.0,higher_is_better,False,True,0,1.0,True,True,True,0,improvement
perturbation_regression,results/perturbation_regression/perturbation_regression_fold_results.csv,dataset=dixit;context=dataset::all;method=frozen_linear;fold_id=3;n_train=18;n_test=1,minus,baseline,sign_acc,1.0,0.93359375,0.06640625,higher_is_better,False,True,0,0.06640625,True,True,True,0,improvement
perturbation_regression,results/perturbation_regression/perturbation_regression_fold_results.csv,dataset=dixit;context=dataset::all;method=frozen_linear;fold_id=4;n_train=18;n_test=1,minus,baseline,sign_acc,1.0,0.97265625,0.02734375,higher_is_better,False,True,0,0.02734375,True,True,True,0,improvement
perturbation_regression,results/perturbation_regression/perturbation_regression_fold_results.csv,dataset=dixit;context=dataset::all;method=frozen_linear;fold_id=5;n_train=18;n_test=1,minus,baseline,sign_acc,0.00390625,0.0,0.00390625,higher_is_better,False,True,0,0.00390625,True,True,True,0,improvement
perturbation_regression,results/perturbation_regression/perturbation_regression_fold_results.csv,dataset=dixit;context=dataset::all;method=frozen_linear;fold_id=0;n_train=18;n_test=1,minus,baseline,sign_acc,0.99609375,0.99609375,0.0,higher_is_better,False,False,0,0,True,True,True,0,tie
perturbation_regression,results/perturbation_regression/perturbation_regression_fold_results.csv,dataset=dixit;context=dataset::all;method=frozen_linear;fold_id=2;n_train=18;n_test=1,minus,baseline,sign_acc,1.0,1.0,0.0,higher_is_better,False,False,0,0,True,True,True,0,tie
perturbation_regression,results/perturbation_regression/perturbation_regression_fold_results.csv,dataset=dixit;context=dataset::all;method=frozen_linear;fold_id=6;n_train=18;n_test=1,minus,baseline,sign_acc,0.99609375,0.99609375,0.0,higher_is_better,False,False,0,0,True,True,True,0,tie
perturbation_regression,results/perturbation_regression/perturbation_regression_fold_results.csv,dataset=dixit;context=dataset::all;method=frozen_linear;fold_id=7;n_train=18;n_test=1,minus,scGPT_human,mse,1.8321478366851809,0.3976057767868042,1.4345420598983767,lower_is_better,True,False,1.4345420598983767,0,True,True,True,1.4345420598983767,failure
perturbation_regression,results/perturbation_regression/perturbation_regression_fold_results.csv,dataset=dixit;context=dataset::all;method=frozen_linear;fold_id=17;n_train=18;n_test=1,minus,scGPT_human,mse,3.798295021057129,2.7716593742370605,1.0266356468200684,lower_is_better,True,False,1.0266356468200684,0,True,True,True,1.0266356468200684,failure
perturbation_regression,results/perturbation_regression/perturbation_regression_fold_results.csv,dataset=dixit;context=dataset::all;method=frozen_linear;fold_id=14;n_train=18;n_test=1,minus,scGPT_human,mse,1.1853456497192385,0.6853030920028687,0.5000425577163699,lower_is_better,True,False,0.5000425577163699,0,True,True,True,0.5000425577163699,failure
perturbation_regression,results/perturbation_regression/perturbation_regression_fold_results.csv,dataset=dixit;context=dataset::all;method=frozen_linear;fold_id=0;n_train=18;n_test=1,minus,scGPT_human,mse,0.8956947326660156,0.4314518570899963,0.46424287557601934,lower_is_better,True,False,0.46424287557601934,0,True,True,True,0.46424287557601934,failure
perturbation_regression,results/perturbation_regression/perturbation_regression_fold_results.csv,dataset=dixit;context=dataset::all;method=frozen_linear;fold_id=6;n_train=18;n_test=1,minus,scGPT_human,mse,0.5744531154632568,0.2354008555412292,0.33905225992202764,lower_is_better,True,False,0.33905225992202764,0,True,True,True,0.33905225992202764,failure
perturbation_regression,results/perturbation_regression/perturbation_regression_fold_results.csv,dataset=dixit;context=dataset::all;method=frozen_linear;fold_id=9;n_train=18;n_test=1,minus,scGPT_human,mse,0.2842968106269836,1.6089675426483154,-1.3246707320213318,lower_is_better,False,True,0,1.3246707320213318,True,True,True,0,improvement
perturbation_regression,results/perturbation_regression/perturbation_regression_fold_results.csv,dataset=dixit;context=dataset::all;method=frozen_linear;fold_id=3;n_train=18;n_test=1,minus,scGPT_human,mse,0.0231206342577934,0.9064547419548036,-0.8833341076970102,lower_is_better,False,True,0,0.8833341076970102,True,True,True,0,improvement
perturbation_regression,results/perturbation_regression/perturbation_regression_fold_results.csv,dataset=dixit;context=dataset::all;method=frozen_linear;fold_id=2;n_train=18;n_test=1,minus,scGPT_human,mse,0.2087754905223846,0.945810854434967,-0.7370353639125824,lower_is_better,False,True,0,0.7370353639125824,True,True,True,0,improvement
perturbation_regression,results/perturbation_regression/perturbation_regression_fold_results.csv,dataset=dixit;context=dataset::all;method=frozen_linear;fold_id=1;n_train=18;n_test=1,minus,scGPT_human,mse,1.9238548278808596,2.300218105316162,-0.3763632774353025,lower_is_better,False,True,0,0.3763632774353025,True,True,True,0,improvement
perturbation_regression,results/perturbation_regression/perturbation_regression_fold_results.csv,dataset=dixit;context=dataset::all;method=frozen_linear;fold_id=4;n_train=18;n_test=1,minus,scGPT_human,mse,0.6493380069732666,0.8486590385437012,-0.19932103157043457,lower_is_better,False,True,0,0.19932103157043457,True,True,True,0,improvement
perturbation_regression,results/perturbation_regression/perturbation_regression_fold_results.csv,dataset=dixit;context=dataset::all;method=frozen_linear;fold_id=7;n_train=18;n_test=1,minus,scGPT_human,pearson_r,-0.9151744842529296,0.9914656281471252,-1.906640112400055,higher_is_better,True,False,1.906640112400055,0,True,True,True,1.906640112400055,failure
perturbation_regression,results/perturbation_regression/perturbation_regression_fold_results.csv,dataset=dixit;context=dataset::all;method=frozen_linear;fold_id=14;n_train=18;n_test=1,minus,scGPT_human,pearson_r,-0.8686624765396118,0.959985852241516,-1.828648328781128,higher_is_better,True,False,1.828648328781128,0,True,True,True,1.828648328781128,failure
perturbation_regression,results/perturbation_regression/perturbation_regression_fold_results.csv,dataset=dixit;context=dataset::all;method=frozen_linear;fold_id=0;n_train=18;n_test=1,minus,scGPT_human,pearson_r,0.9622790813446044,0.9883593320846558,-0.02608025074005138,higher_is_better,True,False,0.02608025074005138,0,True,True,True,0.02608025074005138,failure
perturbation_regression,results/perturbation_regression/perturbation_regression_fold_results.csv,dataset=dixit;context=dataset::all;method=frozen_linear;fold_id=6;n_train=18;n_test=1,minus,scGPT_human,pearson_r,0.9193900227546692,0.9301415681838988,-0.010751545429229625,higher_is_better,True,False,0.010751545429229625,0,True,True,True,0.010751545429229625,failure
perturbation_regression,results/perturbation_regression/perturbation_regression_fold_results.csv,dataset=dixit;context=dataset::all;method=frozen_linear;fold_id=9;n_train=18;n_test=1,minus,scGPT_human,pearson_r,0.987602710723877,-0.985987901687622,1.973590612411499,higher_is_better,False,True,0,1.973590612411499,True,True,True,0,improvement
perturbation_regression,results/perturbation_regression/perturbation_regression_fold_results.csv,dataset=dixit;context=dataset::all;method=frozen_linear;fold_id=3;n_train=18;n_test=1,minus,scGPT_human,pearson_r,0.9844776391983032,-0.9791350960731506,1.9636127352714539,higher_is_better,False,True,0,1.9636127352714539,True,True,True,0,improvement
perturbation_regression,results/perturbation_regression/perturbation_regression_fold_results.csv,dataset=dixit;context=dataset::all;method=frozen_linear;fold_id=1;n_train=18;n_test=1,minus,scGPT_human,pearson_r,-0.9520201683044434,-0.9849434494972228,0.03292328119277943,higher_is_better,False,True,0,0.03292328119277943,True,True,True,0,improvement
perturbation_regression,results/perturbation_regression/perturbation_regression_fold_results.csv,dataset=dixit;context=dataset::all;method=frozen_linear;fold_id=2;n_train=18;n_test=1,minus,scGPT_human,pearson_r,0.9872764945030212,0.9611549973487854,0.02612149715423584,higher_is_better,False,True,0,0.02612149715423584,True,True,True,0,improvement
perturbation_regression,results/perturbation_regression/perturbation_regression_fold_results.csv,dataset=dixit;context=dataset::all;method=frozen_linear;fold_id=10;n_train=18;n_test=1,minus,scGPT_human,pearson_r,-0.9858670234680176,-0.9942875504493712,0.008420526981353649,higher_is_better,False,True,0,0.008420526981353649,True,True,True,0,improvement
perturbation_regression,results/perturbation_regression/perturbation_regression_fold_results.csv,dataset=dixit;context=dataset::all;method=frozen_linear;fold_id=5;n_train=18;n_test=1,minus,scGPT_human,pearson_r,-0.9801365733146667,-0.9867907762527466,0.006654202938079834,higher_is_better,False,True,0,0.006654202938079834,True,True,True,0,improvement
perturbation_regression,results/perturbation_regression/perturbation_regression_fold_results.csv,dataset=dixit;context=dataset::all;method=frozen_linear;fold_id=7;n_train=18;n_test=1,minus,scGPT_human,sign_acc,0.015625,1.0,-0.984375,higher_is_better,True,False,0.984375,0,True,True,True,0.984375,failure
perturbation_regression,results/perturbation_regression/perturbation_regression_fold_results.csv,dataset=dixit;context=dataset::all;method=frozen_linear;fold_id=14;n_train=18;n_test=1,minus,scGPT_human,sign_acc,0.0390625,1.0,-0.9609375,higher_is_better,True,False,0.9609375,0,True,True,True,0.9609375,failure
perturbation_regression,results/perturbation_regression/perturbation_regression_fold_results.csv,dataset=dixit;context=dataset::all;method=frozen_linear;fold_id=0;n_train=18;n_test=1,minus,scGPT_human,sign_acc,0.99609375,1.0,-0.00390625,higher_is_better,True,False,0.00390625,0,True,True,True,0.00390625,failure
perturbation_regression,results/perturbation_regression/perturbation_regression_fold_results.csv,dataset=dixit;context=dataset::all;method=frozen_linear;fold_id=3;n_train=18;n_test=1,minus,scGPT_human,sign_acc,1.0,0.0,1.0,higher_is_better,False,True,0,1.0,True,True,True,0,improvement
perturbation_regression,results/perturbation_regression/perturbation_regression_fold_results.csv,dataset=dixit;context=dataset::all;method=frozen_linear;fold_id=9;n_train=18;n_test=1,minus,scGPT_human,sign_acc,1.0,0.0,1.0,higher_is_better,False,True,0,1.0,True,True,True,0,improvement
perturbation_regression,results/perturbation_regression/perturbation_regression_fold_results.csv,dataset=dixit;context=dataset::all;method=frozen_linear;fold_id=1;n_train=18;n_test=1,minus,scGPT_human,sign_acc,0.00390625,0.0,0.00390625,higher_is_better,False,True,0,0.00390625,True,True,True,0,improvement
perturbation_regression,results/perturbation_regression/perturbation_regression_fold_results.csv,dataset=dixit;context=dataset::all;method=frozen_linear;fold_id=5;n_train=18;n_test=1,minus,scGPT_human,sign_acc,0.00390625,0.0,0.00390625,higher_is_better,False,True,0,0.00390625,True,True,True,0,improvement
perturbation_regression,results/perturbation_regression/perturbation_regression_fold_results.csv,dataset=dixit;context=dataset::all;method=frozen_linear;fold_id=2;n_train=18;n_test=1,minus,scGPT_human,sign_acc,1.0,1.0,0.0,higher_is_better,False,False,0,0,True,True,True,0,tie
perturbation_regression,results/perturbation_regression/perturbation_regression_fold_results.csv,dataset=dixit;context=dataset::all;method=frozen_linear;fold_id=4;n_train=18;n_test=1,minus,scGPT_human,sign_acc,1.0,1.0,0.0,higher_is_better,False,False,0,0,True,True,True,0,tie
perturbation_regression,results/perturbation_regression/perturbation_regression_fold_results.csv,dataset=dixit;context=dataset::all;method=frozen_linear;fold_id=6;n_train=18;n_test=1,minus,scGPT_human,sign_acc,0.99609375,0.99609375,0.0,higher_is_better,False,False,0,0,True,True,True,0,tie
perturbation_regression,results/perturbation_regression/perturbation_regression_fold_results.csv,dataset=dixit;context=dataset::all;method=frozen_linear;fold_id=1;n_train=18;n_test=1,scGPT_human,baseline,mse,2.300218105316162,0.5399034023284912,1.760314702987671,lower_is_better,True,False,1.760314702987671,0,True,True,True,1.760314702987671,failure
perturbation_regression,results/perturbation_regression/perturbation_regression_fold_results.csv,dataset=dixit;context=dataset::all;method=frozen_linear;fold_id=14;n_train=18;n_test=1,scGPT_human,baseline,mse,0.6853030920028687,0.0845106616616249,0.6007924303412437,lower_is_better,True,False,0.6007924303412437,0,True,True,True,0.6007924303412437,failure
perturbation_regression,results/perturbation_regression/perturbation_regression_fold_results.csv,dataset=dixit;context=dataset::all;method=frozen_linear;fold_id=10;n_train=18;n_test=1,scGPT_human,baseline,mse,2.471885204315185,1.9843281507492063,0.4875570535659788,lower_is_better,True,False,0.4875570535659788,0,True,True,True,0.4875570535659788,failure
perturbation_regression,results/perturbation_regression/perturbation_regression_fold_results.csv,dataset=dixit;context=dataset::all;method=frozen_linear;fold_id=3;n_train=18;n_test=1,scGPT_human,baseline,mse,0.9064547419548036,0.4953187108039856,0.411136031150818,lower_is_better,True,False,0.411136031150818,0,True,True,True,0.411136031150818,failure
perturbation_regression,results/perturbation_regression/perturbation_regression_fold_results.csv,dataset=dixit;context=dataset::all;method=frozen_linear;fold_id=11;n_train=18;n_test=1,scGPT_human,baseline,mse,0.4614448249340057,0.0990769416093826,0.3623678833246231,lower_is_better,True,False,0.3623678833246231,0,True,True,True,0.3623678833246231,failure
perturbation_regression,results/perturbation_regression/perturbation_regression_fold_results.csv,dataset=dixit;context=dataset::all;method=frozen_linear;fold_id=2;n_train=18;n_test=1,scGPT_human,baseline,mse,0.945810854434967,0.6565757989883423,0.28923505544662476,lower_is_better,True,False,0.28923505544662476,0,True,True,True,0.28923505544662476,failure
perturbation_regression,results/perturbation_regression/perturbation_regression_fold_results.csv,dataset=dixit;context=dataset::all;method=frozen_linear;fold_id=9;n_train=18;n_test=1,scGPT_human,baseline,mse,1.6089675426483154,4.176182746887207,-2.5672152042388916,lower_is_better,False,True,0,2.5672152042388916,True,True,True,0,improvement
perturbation_regression,results/perturbation_regression/perturbation_regression_fold_results.csv,dataset=dixit;context=dataset::all;method=frozen_linear;fold_id=7;n_train=18;n_test=1,scGPT_human,baseline,mse,0.3976057767868042,1.394498586654663,-0.9968928098678589,lower_is_better,False,True,0,0.9968928098678589,True,True,True,0,improvement
perturbation_regression,results/perturbation_regression/perturbation_regression_fold_results.csv,dataset=dixit;context=dataset::all;method=frozen_linear;fold_id=17;n_train=18;n_test=1,scGPT_human,baseline,mse,2.7716593742370605,3.348284721374512,-0.5766253471374516,lower_is_better,False,True,0,0.5766253471374516,True,True,True,0,improvement
perturbation_regression,results/perturbation_regression/perturbation_regression_fold_results.csv,dataset=dixit;context=dataset::all;method=frozen_linear;fold_id=6;n_train=18;n_test=1,scGPT_human,baseline,mse,0.2354008555412292,0.7992085218429565,-0.5638076663017273,lower_is_better,False,True,0,0.5638076663017273,True,True,True,0,improvement
perturbation_regression,results/perturbation_regression/perturbation_regression_fold_results.csv,dataset=dixit;context=dataset::all;method=frozen_linear;fold_id=1;n_train=18;n_test=1,scGPT_human,baseline,pearson_r,-0.9849434494972228,0.98113214969635,-1.9660755991935728,higher_is_better,True,False,1.9660755991935728,0,True,True,True,1.9660755991935728,failure
perturbation_regression,results/perturbation_regression/perturbation_regression_fold_results.csv,dataset=dixit;context=dataset::all;method=frozen_linear;fold_id=3;n_train=18;n_test=1,scGPT_human,baseline,pearson_r,-0.9791350960731506,0.8265742659568787,-1.8057093620300293,higher_is_better,True,False,1.8057093620300293,0,True,True,True,1.8057093620300293,failure
perturbation_regression,results/perturbation_regression/perturbation_regression_fold_results.csv,dataset=dixit;context=dataset::all;method=frozen_linear;fold_id=14;n_train=18;n_test=1,scGPT_human,baseline,pearson_r,0.959985852241516,0.989834189414978,-0.029848337173462025,higher_is_better,True,False,0.029848337173462025,0,True,True,True,0.029848337173462025,failure
perturbation_regression,results/perturbation_regression/perturbation_regression_fold_results.csv,dataset=dixit;context=dataset::all;method=frozen_linear;fold_id=5;n_train=18;n_test=1,scGPT_human,baseline,pearson_r,-0.9867907762527466,-0.9624046087265016,-0.024386167526245006,higher_is_better,True,False,0.024386167526245006,0,True,True,True,0.024386167526245006,failure
perturbation_regression,results/perturbation_regression/perturbation_regression_fold_results.csv,dataset=dixit;context=dataset::all;method=frozen_linear;fold_id=10;n_train=18;n_test=1,scGPT_human,baseline,pearson_r,-0.9942875504493712,-0.9748427271842957,-0.019444823265075573,higher_is_better,True,False,0.019444823265075573,0,True,True,True,0.019444823265075573,failure
perturbation_regression,results/perturbation_regression/perturbation_regression_fold_results.csv,dataset=dixit;context=dataset::all;method=frozen_linear;fold_id=2;n_train=18;n_test=1,scGPT_human,baseline,pearson_r,0.9611549973487854,0.9794689416885376,-0.018313944339752197,higher_is_better,True,False,0.018313944339752197,0,True,True,True,0.018313944339752197,failure
perturbation_regression,results/perturbation_regression/perturbation_regression_fold_results.csv,dataset=dixit;context=dataset::all;method=frozen_linear;fold_id=7;n_train=18;n_test=1,scGPT_human,baseline,pearson_r,0.9914656281471252,-0.2159157842397689,1.2073814123868942,higher_is_better,False,True,0,1.2073814123868942,True,True,True,0,improvement
perturbation_regression,results/perturbation_regression/perturbation_regression_fold_results.csv,dataset=dixit;context=dataset::all;method=frozen_linear;fold_id=4;n_train=18;n_test=1,scGPT_human,baseline,pearson_r,0.9684524536132812,0.8490070104598999,0.11944544315338135,higher_is_better,False,True,0,0.11944544315338135,True,True,True,0,improvement
perturbation_regression,results/perturbation_regression/perturbation_regression_fold_results.csv,dataset=dixit;context=dataset::all;method=frozen_linear;fold_id=6;n_train=18;n_test=1,scGPT_human,baseline,pearson_r,0.9301415681838988,0.921891987323761,0.008249580860137828,higher_is_better,False,True,0,0.008249580860137828,True,True,True,0,improvement
perturbation_regression,results/perturbation_regression/perturbation_regression_fold_results.csv,dataset=dixit;context=dataset::all;method=frozen_linear;fold_id=16;n_train=18;n_test=1,scGPT_human,baseline,pearson_r,0.9823938608169556,0.975261092185974,0.007132768630981556,higher_is_better,False,True,0,0.007132768630981556,True,True,True,0,improvement
perturbation_regression,results/perturbation_regression/perturbation_regression_fold_results.csv,dataset=dixit;context=dataset::all;method=frozen_linear;fold_id=1;n_train=18;n_test=1,scGPT_human,baseline,sign_acc,0.0,1.0,-1.0,higher_is_better,True,False,1.0,0,True,True,True,1.0,failure
perturbation_regression,results/perturbation_regression/perturbation_regression_fold_results.csv,dataset=dixit;context=dataset::all;method=frozen_linear;fold_id=3;n_train=18;n_test=1,scGPT_human,baseline,sign_acc,0.0,0.93359375,-0.93359375,higher_is_better,True,False,0.93359375,0,True,True,True,0.93359375,failure
perturbation_regression,results/perturbation_regression/perturbation_regression_fold_results.csv,dataset=dixit;context=dataset::all;method=frozen_linear;fold_id=7;n_train=18;n_test=1,scGPT_human,baseline,sign_acc,1.0,0.37890625,0.62109375,higher_is_better,False,True,0,0.62109375,True,True,True,0,improvement
perturbation_regression,results/perturbation_regression/perturbation_regression_fold_results.csv,dataset=dixit;context=dataset::all;method=frozen_linear;fold_id=4;n_train=18;n_test=1,scGPT_human,baseline,sign_acc,1.0,0.97265625,0.02734375,higher_is_better,False,True,0,0.02734375,True,True,True,0,improvement
perturbation_regression,results/perturbation_regression/perturbation_regression_fold_results.csv,dataset=dixit;context=dataset::all;method=frozen_linear;fold_id=0;n_train=18;n_test=1,scGPT_human,baseline,sign_acc,1.0,0.99609375,0.00390625,higher_is_better,False,True,0,0.00390625,True,True,True,0,improvement
perturbation_regression,results/perturbation_regression/perturbation_regression_fold_results.csv,dataset=dixit;context=dataset::all;method=frozen_linear;fold_id=2;n_train=18;n_test=1,scGPT_human,baseline,sign_acc,1.0,1.0,0.0,higher_is_better,False,False,0,0,True,True,True,0,tie
perturbation_regression,results/perturbation_regression/perturbation_regression_fold_results.csv,dataset=dixit;context=dataset::all;method=frozen_linear;fold_id=5;n_train=18;n_test=1,scGPT_human,baseline,sign_acc,0.0,0.0,0.0,higher_is_better,False,False,0,0,True,True,True,0,tie
perturbation_regression,results/perturbation_regression/perturbation_regression_fold_results.csv,dataset=dixit;context=dataset::all;method=frozen_linear;fold_id=6;n_train=18;n_test=1,scGPT_human,baseline,sign_acc,0.99609375,0.99609375,0.0,higher_is_better,False,False,0,0,True,True,True,0,tie
perturbation_regression,results/perturbation_regression/perturbation_regression_fold_results.csv,dataset=dixit;context=dataset::all;method=frozen_linear;fold_id=8;n_train=18;n_test=1,scGPT_human,baseline,sign_acc,1.0,1.0,0.0,higher_is_better,False,False,0,0,True,True,True,0,tie
perturbation_regression,results/perturbation_regression/perturbation_regression_fold_results.csv,dataset=dixit;context=dataset::all;method=frozen_linear;fold_id=9;n_train=18;n_test=1,scGPT_human,baseline,sign_acc,0.0,0.0,0.0,higher_is_better,False,False,0,0,True,True,True,0,tie
perturbation_regression,results/perturbation_regression/perturbation_regression_fold_results.csv,dataset=dixit;context=dataset::all;method=frozen_linear;fold_id=15;n_train=18;n_test=1,scconcept,baseline,mse,1.2366341352462769,0.1399102658033371,1.0967238694429398,lower_is_better,True,False,1.0967238694429398,0,True,True,True,1.0967238694429398,failure
perturbation_regression,results/perturbation_regression/perturbation_regression_fold_results.csv,dataset=dixit;context=dataset::all;method=frozen_linear;fold_id=8;n_train=18;n_test=1,scconcept,baseline,mse,1.1624529361724854,0.1992620527744293,0.963190883398056,lower_is_better,True,False,0.963190883398056,0,True,True,True,0.963190883398056,failure
perturbation_regression,results/perturbation_regression/perturbation_regression_fold_results.csv,dataset=dixit;context=dataset::all;method=frozen_linear;fold_id=12;n_train=18;n_test=1,scconcept,baseline,mse,1.0006940364837646,0.0640683695673942,0.9366256669163704,lower_is_better,True,False,0.9366256669163704,0,True,True,True,0.9366256669163704,failure
perturbation_regression,results/perturbation_regression/perturbation_regression_fold_results.csv,dataset=dixit;context=dataset::all;method=frozen_linear;fold_id=4;n_train=18;n_test=1,scconcept,baseline,mse,1.9458718299865725,1.017870306968689,0.9280015230178835,lower_is_better,True,False,0.9280015230178835,0,True,True,True,0.9280015230178835,failure
perturbation_regression,results/perturbation_regression/perturbation_regression_fold_results.csv,dataset=dixit;context=dataset::all;method=frozen_linear;fold_id=14;n_train=18;n_test=1,scconcept,baseline,mse,0.9509007930755616,0.0845106616616249,0.8663901314139367,lower_is_better,True,False,0.8663901314139367,0,True,True,True,0.8663901314139367,failure
perturbation_regression,results/perturbation_regression/perturbation_regression_fold_results.csv,dataset=dixit;context=dataset::all;method=frozen_linear;fold_id=18;n_train=18;n_test=1,scconcept,baseline,mse,0.8709187507629395,0.0441487692296505,0.826769981533289,lower_is_better,True,False,0.826769981533289,0,True,True,True,0.826769981533289,failure
perturbation_regression,results/perturbation_regression/perturbation_regression_fold_results.csv,dataset=dixit;context=dataset::all;method=frozen_linear;fold_id=9;n_train=18;n_test=1,scconcept,baseline,mse,1.2967627048492432,4.176182746887207,-2.879420042037964,lower_is_better,False,True,0,2.879420042037964,True,True,True,0,improvement
perturbation_regression,results/perturbation_regression/perturbation_regression_fold_results.csv,dataset=dixit;context=dataset::all;method=frozen_linear;fold_id=17;n_train=18;n_test=1,scconcept,baseline,mse,0.5038464665412903,3.348284721374512,-2.844438254833222,lower_is_better,False,True,0,2.844438254833222,True,True,True,0,improvement
perturbation_regression,results/perturbation_regression/perturbation_regression_fold_results.csv,dataset=dixit;context=dataset::all;method=frozen_linear;fold_id=5;n_train=18;n_test=1,scconcept,baseline,mse,1.1533489227294922,2.2678518295288086,-1.1145029067993164,lower_is_better,False,True,0,1.1145029067993164,True,True,True,0,improvement
perturbation_regression,results/perturbation_regression/perturbation_regression_fold_results.csv,dataset=dixit;context=dataset::all;method=frozen_linear;fold_id=10;n_train=18;n_test=1,scconcept,baseline,mse,1.0805491209030151,1.9843281507492063,-0.9037790298461912,lower_is_better,False,True,0,0.9037790298461912,True,True,True,0,improvement
perturbation_regression,results/perturbation_regression/perturbation_regression_fold_results.csv,dataset=dixit;context=dataset::all;method=frozen_linear;fold_id=15;n_train=18;n_test=1,scconcept,baseline,pearson_r,-0.9569342732429504,0.9723058342933656,-1.929240107536316,higher_is_better,True,False,1.929240107536316,0,True,True,True,1.929240107536316,failure
perturbation_regression,results/perturbation_regression/perturbation_regression_fold_results.csv,dataset=dixit;context=dataset::all;method=frozen_linear;fold_id=4;n_train=18;n_test=1,scconcept,baseline,pearson_r,-0.9877610802650452,0.8490070104598999,-1.836768090724945,higher_is_better,True,False,1.836768090724945,0,True,True,True,1.836768090724945,failure
perturbation_regression,results/perturbation_regression/perturbation_regression_fold_results.csv,dataset=dixit;context=dataset::all;method=frozen_linear;fold_id=3;n_train=18;n_test=1,scconcept,baseline,pearson_r,-0.9594748616218568,0.8265742659568787,-1.7860491275787354,higher_is_better,True,False,1.7860491275787354,0,True,True,True,1.7860491275787354,failure
perturbation_regression,results/perturbation_regression/perturbation_regression_fold_results.csv,dataset=dixit;context=dataset::all;method=frozen_linear;fold_id=12;n_train=18;n_test=1,scconcept,baseline,pearson_r,-0.4112613797187805,0.9917200207710266,-1.4029814004898071,higher_is_better,True,False,1.4029814004898071,0,True,True,True,1.4029814004898071,failure
perturbation_regression,results/perturbation_regression/perturbation_regression_fold_results.csv,dataset=dixit;context=dataset::all;method=frozen_linear;fold_id=14;n_train=18;n_test=1,scconcept,baseline,pearson_r,0.3110862970352173,0.989834189414978,-0.6787478923797607,higher_is_better,True,False,0.6787478923797607,0,True,True,True,0.6787478923797607,failure
perturbation_regression,results/perturbation_regression/perturbation_regression_fold_results.csv,dataset=dixit;context=dataset::all;method=frozen_linear;fold_id=16;n_train=18;n_test=1,scconcept,baseline,pearson_r,0.858163595199585,0.975261092185974,-0.11709749698638905,higher_is_better,True,False,0.11709749698638905,0,True,True,True,0.11709749698638905,failure
perturbation_regression,results/perturbation_regression/perturbation_regression_fold_results.csv,dataset=dixit;context=dataset::all;method=frozen_linear;fold_id=17;n_train=18;n_test=1,scconcept,baseline,pearson_r,0.9810644388198853,-0.9803351163864136,1.9613995552062988,higher_is_better,False,True,0,1.9613995552062988,True,True,True,0,improvement
perturbation_regression,results/perturbation_regression/perturbation_regression_fold_results.csv,dataset=dixit;context=dataset::all;method=frozen_linear;fold_id=5;n_train=18;n_test=1,scconcept,baseline,pearson_r,0.9248570203781128,-0.9624046087265016,1.8872616291046143,higher_is_better,False,True,0,1.8872616291046143,True,True,True,0,improvement
perturbation_regression,results/perturbation_regression/perturbation_regression_fold_results.csv,dataset=dixit;context=dataset::all;method=frozen_linear;fold_id=7;n_train=18;n_test=1,scconcept,baseline,pearson_r,0.6215271949768066,-0.2159157842397689,0.8374429792165755,higher_is_better,False,True,0,0.8374429792165755,True,True,True,0,improvement
perturbation_regression,results/perturbation_regression/perturbation_regression_fold_results.csv,dataset=dixit;context=dataset::all;method=frozen_linear;fold_id=10;n_train=18;n_test=1,scconcept,baseline,pearson_r,-0.7390050888061523,-0.9748427271842957,0.2358376383781433,higher_is_better,False,True,0,0.2358376383781433,True,True,True,0,improvement
perturbation_regression,results/perturbation_regression/perturbation_regression_fold_results.csv,dataset=dixit;context=dataset::all;method=frozen_linear;fold_id=15;n_train=18;n_test=1,scconcept,baseline,sign_acc,0.00390625,1.0,-0.99609375,higher_is_better,True,False,0.99609375,0,True,True,True,0.99609375,failure
perturbation_regression,results/perturbation_regression/perturbation_regression_fold_results.csv,dataset=dixit;context=dataset::all;method=frozen_linear;fold_id=4;n_train=18;n_test=1,scconcept,baseline,sign_acc,0.0,0.97265625,-0.97265625,higher_is_better,True,False,0.97265625,0,True,True,True,0.97265625,failure
perturbation_regression,results/perturbation_regression/perturbation_regression_fold_results.csv,dataset=dixit;context=dataset::all;method=frozen_linear;fold_id=3;n_train=18;n_test=1,scconcept,baseline,sign_acc,0.0,0.93359375,-0.93359375,higher_is_better,True,False,0.93359375,0,True,True,True,0.93359375,failure
perturbation_regression,results/perturbation_regression/perturbation_regression_fold_results.csv,dataset=dixit;context=dataset::all;method=frozen_linear;fold_id=12;n_train=18;n_test=1,scconcept,baseline,sign_acc,0.3046875,1.0,-0.6953125,higher_is_better,True,False,0.6953125,0,True,True,True,0.6953125,failure
perturbation_regression,results/perturbation_regression/perturbation_regression_fold_results.csv,dataset=dixit;context=dataset::all;method=frozen_linear;fold_id=14;n_train=18;n_test=1,scconcept,baseline,sign_acc,0.65625,1.0,-0.34375,higher_is_better,True,False,0.34375,0,True,True,True,0.34375,failure
perturbation_regression,results/perturbation_regression/perturbation_regression_fold_results.csv,dataset=dixit;context=dataset::all;method=frozen_linear;fold_id=1;n_train=18;n_test=1,scconcept,baseline,sign_acc,0.96875,1.0,-0.03125,higher_is_better,True,False,0.03125,0,True,True,True,0.03125,failure
perturbation_regression,results/perturbation_regression/perturbation_regression_fold_results.csv,dataset=dixit;context=dataset::all;method=frozen_linear;fold_id=17;n_train=18;n_test=1,scconcept,baseline,sign_acc,1.0,0.0,1.0,higher_is_better,False,True,0,1.0,True,True,True,0,improvement
perturbation_regression,results/perturbation_regression/perturbation_regression_fold_results.csv,dataset=dixit;context=dataset::all;method=frozen_linear;fold_id=5;n_train=18;n_test=1,scconcept,baseline,sign_acc,0.98828125,0.0,0.98828125,higher_is_better,False,True,0,0.98828125,True,True,True,0,improvement
perturbation_regression,results/perturbation_regression/perturbation_regression_fold_results.csv,dataset=dixit;context=dataset::all;method=frozen_linear;fold_id=7;n_train=18;n_test=1,scconcept,baseline,sign_acc,0.8203125,0.37890625,0.44140625,higher_is_better,False,True,0,0.44140625,True,True,True,0,improvement
perturbation_regression,results/perturbation_regression/perturbation_regression_fold_results.csv,dataset=dixit;context=dataset::all;method=frozen_linear;fold_id=10;n_train=18;n_test=1,scconcept,baseline,sign_acc,0.09765625,0.0,0.09765625,higher_is_better,False,True,0,0.09765625,True,True,True,0,improvement
perturbation_regression,results/perturbation_regression/perturbation_regression_fold_results.csv,dataset=dixit;context=dataset::all;method=frozen_linear;fold_id=15;n_train=18;n_test=1,scconcept,scGPT_human,mse,1.2366341352462769,0.1224444583058357,1.1141896769404411,lower_is_better,True,False,1.1141896769404411,0,True,True,True,1.1141896769404411,failure
perturbation_regression,results/perturbation_regression/perturbation_regression_fold_results.csv,dataset=dixit;context=dataset::all;method=frozen_linear;fold_id=4;n_train=18;n_test=1,scconcept,scGPT_human,mse,1.9458718299865725,0.8486590385437012,1.0972127914428713,lower_is_better,True,False,1.0972127914428713,0,True,True,True,1.0972127914428713,failure
perturbation_regression,results/perturbation_regression/perturbation_regression_fold_results.csv,dataset=dixit;context=dataset::all;method=frozen_linear;fold_id=6;n_train=18;n_test=1,scconcept,scGPT_human,mse,1.15419602394104,0.2354008555412292,0.9187951683998108,lower_is_better,True,False,0.9187951683998108,0,True,True,True,0.9187951683998108,failure
perturbation_regression,results/perturbation_regression/perturbation_regression_fold_results.csv,dataset=dixit;context=dataset::all;method=frozen_linear;fold_id=7;n_train=18;n_test=1,scconcept,scGPT_human,mse,1.2976830005645752,0.3976057767868042,0.900077223777771,lower_is_better,True,False,0.900077223777771,0,True,True,True,0.900077223777771,failure
perturbation_regression,results/perturbation_regression/perturbation_regression_fold_results.csv,dataset=dixit;context=dataset::all;method=frozen_linear;fold_id=12;n_train=18;n_test=1,scconcept,scGPT_human,mse,1.0006940364837646,0.1103948280215263,0.8902992084622383,lower_is_better,True,False,0.8902992084622383,0,True,True,True,0.8902992084622383,failure
perturbation_regression,results/perturbation_regression/perturbation_regression_fold_results.csv,dataset=dixit;context=dataset::all;method=frozen_linear;fold_id=0;n_train=18;n_test=1,scconcept,scGPT_human,mse,1.2248291969299316,0.4314518570899963,0.7933773398399353,lower_is_better,True,False,0.7933773398399353,0,True,True,True,0.7933773398399353,failure
perturbation_regression,results/perturbation_regression/perturbation_regression_fold_results.csv,dataset=dixit;context=dataset::all;method=frozen_linear;fold_id=17;n_train=18;n_test=1,scconcept,scGPT_human,mse,0.5038464665412903,2.7716593742370605,-2.2678129076957703,lower_is_better,False,True,0,2.2678129076957703,True,True,True,0,improvement
perturbation_regression,results/perturbation_regression/perturbation_regression_fold_results.csv,dataset=dixit;context=dataset::all;method=frozen_linear;fold_id=10;n_train=18;n_test=1,scconcept,scGPT_human,mse,1.0805491209030151,2.471885204315185,-1.39133608341217,lower_is_better,False,True,0,1.39133608341217,True,True,True,0,improvement
perturbation_regression,results/perturbation_regression/perturbation_regression_fold_results.csv,dataset=dixit;context=dataset::all;method=frozen_linear;fold_id=1;n_train=18;n_test=1,scconcept,scGPT_human,mse,1.1622281074523926,2.300218105316162,-1.1379899978637695,lower_is_better,False,True,0,1.1379899978637695,True,True,True,0,improvement
perturbation_regression,results/perturbation_regression/perturbation_regression_fold_results.csv,dataset=dixit;context=dataset::all;method=frozen_linear;fold_id=5;n_train=18;n_test=1,scconcept,scGPT_human,mse,1.1533489227294922,2.268958568572998,-1.1156096458435059,lower_is_better,False,True,0,1.1156096458435059,True,True,True,0,improvement
perturbation_regression,results/perturbation_regression/perturbation_regression_fold_results.csv,dataset=dixit;context=dataset::all;method=frozen_linear;fold_id=4;n_train=18;n_test=1,scconcept,scGPT_human,pearson_r,-0.9877610802650452,0.9684524536132812,-1.9562135338783264,higher_is_better,True,False,1.9562135338783264,0,True,True,True,1.9562135338783264,failure
perturbation_regression,results/perturbation_regression/perturbation_regression_fold_results.csv,dataset=dixit;context=dataset::all;method=frozen_linear;fold_id=15;n_train=18;n_test=1,scconcept,scGPT_human,pearson_r,-0.9569342732429504,0.9735464453697203,-1.930480718612671,higher_is_better,True,False,1.930480718612671,0,True,True,True,1.930480718612671,failure
perturbation_regression,results/perturbation_regression/perturbation_regression_fold_results.csv,dataset=dixit;context=dataset::all;method=frozen_linear;fold_id=12;n_train=18;n_test=1,scconcept,scGPT_human,pearson_r,-0.4112613797187805,0.9909601211547852,-1.4022215008735657,higher_is_better,True,False,1.4022215008735657,0,True,True,True,1.4022215008735657,failure
perturbation_regression,results/perturbation_regression/perturbation_regression_fold_results.csv,dataset=dixit;context=dataset::all;method=frozen_linear;fold_id=14;n_train=18;n_test=1,scconcept,scGPT_human,pearson_r,0.3110862970352173,0.959985852241516,-0.6488995552062987,higher_is_better,True,False,0.6488995552062987,0,True,True,True,0.6488995552062987,failure
perturbation_regression,results/perturbation_regression/perturbation_regression_fold_results.csv,dataset=dixit;context=dataset::all;method=frozen_linear;fold_id=7;n_train=18;n_test=1,scconcept,scGPT_human,pearson_r,0.6215271949768066,0.9914656281471252,-0.3699384331703186,higher_is_better,True,False,0.3699384331703186,0,True,True,True,0.3699384331703186,failure
perturbation_regression,results/perturbation_regression/perturbation_regression_fold_results.csv,dataset=dixit;context=dataset::all;method=frozen_linear;fold_id=16;n_train=18;n_test=1,scconcept,scGPT_human,pearson_r,0.858163595199585,0.9823938608169556,-0.1242302656173706,higher_is_better,True,False,0.1242302656173706,0,True,True,True,0.1242302656173706,failure
perturbation_regression,results/perturbation_regression/perturbation_regression_fold_results.csv,dataset=dixit;context=dataset::all;method=frozen_linear;fold_id=17;n_train=18;n_test=1,scconcept,scGPT_human,pearson_r,0.9810644388198853,-0.981985569000244,1.9630500078201294,higher_is_better,False,True,0,1.9630500078201294,True,True,True,0,improvement
perturbation_regression,results/perturbation_regression/perturbation_regression_fold_results.csv,dataset=dixit;context=dataset::all;method=frozen_linear;fold_id=5;n_train=18;n_test=1,scconcept,scGPT_human,pearson_r,0.9248570203781128,-0.9867907762527466,1.9116477966308594,higher_is_better,False,True,0,1.9116477966308594,True,True,True,0,improvement
perturbation_regression,results/perturbation_regression/perturbation_regression_fold_results.csv,dataset=dixit;context=dataset::all;method=frozen_linear;fold_id=1;n_train=18;n_test=1,scconcept,scGPT_human,pearson_r,0.9030047655105592,-0.9849434494972228,1.887948215007782,higher_is_better,False,True,0,1.887948215007782,True,True,True,0,improvement
perturbation_regression,results/perturbation_regression/perturbation_regression_fold_results.csv,dataset=dixit;context=dataset::all;method=frozen_linear;fold_id=10;n_train=18;n_test=1,scconcept,scGPT_human,pearson_r,-0.7390050888061523,-0.9942875504493712,0.2552824616432189,higher_is_better,False,True,0,0.2552824616432189,True,True,True,0,improvement
perturbation_regression,results/perturbation_regression/perturbation_regression_fold_results.csv,dataset=dixit;context=dataset::all;method=frozen_linear;fold_id=4;n_train=18;n_test=1,scconcept,scGPT_human,sign_acc,0.0,1.0,-1.0,higher_is_better,True,False,1.0,0,True,True,True,1.0,failure
perturbation_regression,results/perturbation_regression/perturbation_regression_fold_results.csv,dataset=dixit;context=dataset::all;method=frozen_linear;fold_id=15;n_train=18;n_test=1,scconcept,scGPT_human,sign_acc,0.00390625,1.0,-0.99609375,higher_is_better,True,False,0.99609375,0,True,True,True,0.99609375,failure
perturbation_regression,results/perturbation_regression/perturbation_regression_fold_results.csv,dataset=dixit;context=dataset::all;method=frozen_linear;fold_id=12;n_train=18;n_test=1,scconcept,scGPT_human,sign_acc,0.3046875,1.0,-0.6953125,higher_is_better,True,False,0.6953125,0,True,True,True,0.6953125,failure
perturbation_regression,results/perturbation_regression/perturbation_regression_fold_results.csv,dataset=dixit;context=dataset::all;method=frozen_linear;fold_id=14;n_train=18;n_test=1,scconcept,scGPT_human,sign_acc,0.65625,1.0,-0.34375,higher_is_better,True,False,0.34375,0,True,True,True,0.34375,failure
perturbation_regression,results/perturbation_regression/perturbation_regression_fold_results.csv,dataset=dixit;context=dataset::all;method=frozen_linear;fold_id=7;n_train=18;n_test=1,scconcept,scGPT_human,sign_acc,0.8203125,1.0,-0.1796875,higher_is_better,True,False,0.1796875,0,True,True,True,0.1796875,failure
perturbation_regression,results/perturbation_regression/perturbation_regression_fold_results.csv,dataset=dixit;context=dataset::all;method=frozen_linear;fold_id=16;n_train=18;n_test=1,scconcept,scGPT_human,sign_acc,0.97265625,1.0,-0.02734375,higher_is_better,True,False,0.02734375,0,True,True,True,0.02734375,failure
perturbation_regression,results/perturbation_regression/perturbation_regression_fold_results.csv,dataset=dixit;context=dataset::all;method=frozen_linear;fold_id=17;n_train=18;n_test=1,scconcept,scGPT_human,sign_acc,1.0,0.0,1.0,higher_is_better,False,True,0,1.0,True,True,True,0,improvement
perturbation_regression,results/perturbation_regression/perturbation_regression_fold_results.csv,dataset=dixit;context=dataset::all;method=frozen_linear;fold_id=5;n_train=18;n_test=1,scconcept,scGPT_human,sign_acc,0.98828125,0.0,0.98828125,higher_is_better,False,True,0,0.98828125,True,True,True,0,improvement
perturbation_regression,results/perturbation_regression/perturbation_regression_fold_results.csv,dataset=dixit;context=dataset::all;method=frozen_linear;fold_id=1;n_train=18;n_test=1,scconcept,scGPT_human,sign_acc,0.96875,0.0,0.96875,higher_is_better,False,True,0,0.96875,True,True,True,0,improvement
perturbation_regression,results/perturbation_regression/perturbation_regression_fold_results.csv,dataset=dixit;context=dataset::all;method=frozen_linear;fold_id=10;n_train=18;n_test=1,scconcept,scGPT_human,sign_acc,0.09765625,0.0,0.09765625,higher_is_better,False,True,0,0.09765625,True,True,True,0,improvement
perturbation_regression,results/perturbation_regression/perturbation_regression_fold_results.csv,dataset=dixit;context=dataset::all;method=frozen_linear;fold_id=0;n_train=18;n_test=1,scconcept_encoded,baseline,mse,4.337704658508301,0.6972895264625549,3.640415132045746,lower_is_better,True,False,3.640415132045746,0,True,True,True,3.640415132045746,failure
perturbation_regression,results/perturbation_regression/perturbation_regression_fold_results.csv,dataset=dixit;context=dataset::all;method=frozen_linear;fold_id=14;n_train=18;n_test=1,scconcept_encoded,baseline,mse,2.14534854888916,0.0845106616616249,2.0608378872275352,lower_is_better,True,False,2.0608378872275352,0,True,True,True,2.0608378872275352,failure
perturbation_regression,results/perturbation_regression/perturbation_regression_fold_results.csv,dataset=dixit;context=dataset::all;method=frozen_linear;fold_id=15;n_train=18;n_test=1,scconcept_encoded,baseline,mse,2.080202102661133,0.1399102658033371,1.9402918368577957,lower_is_better,True,False,1.9402918368577957,0,True,True,True,1.9402918368577957,failure
perturbation_regression,results/perturbation_regression/perturbation_regression_fold_results.csv,dataset=dixit;context=dataset::all;method=frozen_linear;fold_id=3;n_train=18;n_test=1,scconcept_encoded,baseline,mse,2.2878730297088623,0.4953187108039856,1.7925543189048767,lower_is_better,True,False,1.7925543189048767,0,True,True,True,1.7925543189048767,failure
perturbation_regression,results/perturbation_regression/perturbation_regression_fold_results.csv,dataset=dixit;context=dataset::all;method=frozen_linear;fold_id=9;n_train=18;n_test=1,scconcept_encoded,baseline,mse,0.0674227327108383,4.176182746887207,-4.108760014176369,lower_is_better,False,True,0,4.108760014176369,True,True,True,0,improvement
perturbation_regression,results/perturbation_regression/perturbation_regression_fold_results.csv,dataset=dixit;context=dataset::all;method=frozen_linear;fold_id=17;n_train=18;n_test=1,scconcept_encoded,baseline,mse,0.5984327793121338,3.348284721374512,-2.7498519420623784,lower_is_better,False,True,0,2.7498519420623784,True,True,True,0,improvement
perturbation_regression,results/perturbation_regression/perturbation_regression_fold_results.csv,dataset=dixit;context=dataset::all;method=frozen_linear;fold_id=5;n_train=18;n_test=1,scconcept_encoded,baseline,mse,0.0475417114794254,2.2678518295288086,-2.220310118049383,lower_is_better,False,True,0,2.220310118049383,True,True,True,0,improvement
perturbation_regression,results/perturbation_regression/perturbation_regression_fold_results.csv,dataset=dixit;context=dataset::all;method=frozen_linear;fold_id=10;n_train=18;n_test=1,scconcept_encoded,baseline,mse,0.3793518245220184,1.9843281507492063,-1.6049763262271879,lower_is_better,False,True,0,1.6049763262271879,True,True,True,0,improvement
perturbation_regression,results/perturbation_regression/perturbation_regression_fold_results.csv,dataset=dixit;context=dataset::all;method=frozen_linear;fold_id=7;n_train=18;n_test=1,scconcept_encoded,baseline,mse,0.3903995752334595,1.394498586654663,-1.0040990114212036,lower_is_better,False,True,0,1.0040990114212036,True,True,True,0,improvement
perturbation_regression,results/perturbation_regression/perturbation_regression_fold_results.csv,dataset=dixit;context=dataset::all;method=frozen_linear;fold_id=4;n_train=18;n_test=1,scconcept_encoded,baseline,mse,0.1535739600658416,1.017870306968689,-0.8642963469028474,lower_is_better,False,True,0,0.8642963469028474,True,True,True,0,improvement
perturbation_regression,results/perturbation_regression/perturbation_regression_fold_results.csv,dataset=dixit;context=dataset::all;method=frozen_linear;fold_id=0;n_train=18;n_test=1,scconcept_encoded,baseline,pearson_r,-0.9890760183334352,0.9827615022659302,-1.9718375205993652,higher_is_better,True,False,1.9718375205993652,0,True,True,True,1.9718375205993652,failure
perturbation_regression,results/perturbation_regression/perturbation_regression_fold_results.csv,dataset=dixit;context=dataset::all;method=frozen_linear;fold_id=14;n_train=18;n_test=1,scconcept_encoded,baseline,pearson_r,-0.9565757513046264,0.989834189414978,-1.9464099407196045,higher_is_better,True,False,1.9464099407196045,0,True,True,True,1.9464099407196045,failure
perturbation_regression,results/perturbation_regression/perturbation_regression_fold_results.csv,dataset=dixit;context=dataset::all;method=frozen_linear;fold_id=15;n_train=18;n_test=1,scconcept_encoded,baseline,pearson_r,-0.9658756256103516,0.9723058342933656,-1.938181459903717,higher_is_better,True,False,1.938181459903717,0,True,True,True,1.938181459903717,failure
perturbation_regression,results/perturbation_regression/perturbation_regression_fold_results.csv,dataset=dixit;context=dataset::all;method=frozen_linear;fold_id=3;n_train=18;n_test=1,scconcept_encoded,baseline,pearson_r,-0.9898067712783812,0.8265742659568787,-1.81638103723526,higher_is_better,True,False,1.81638103723526,0,True,True,True,1.81638103723526,failure
perturbation_regression,results/perturbation_regression/perturbation_regression_fold_results.csv,dataset=dixit;context=dataset::all;method=frozen_linear;fold_id=6;n_train=18;n_test=1,scconcept_encoded,baseline,pearson_r,-0.5765883922576904,0.921891987323761,-1.4984803795814514,higher_is_better,True,False,1.4984803795814514,0,True,True,True,1.4984803795814514,failure
perturbation_regression,results/perturbation_regression/perturbation_regression_fold_results.csv,dataset=dixit;context=dataset::all;method=frozen_linear;fold_id=9;n_train=18;n_test=1,scconcept_encoded,baseline,pearson_r,0.985889732837677,-0.9916195273399352,1.9775092601776123,higher_is_better,False,True,0,1.9775092601776123,True,True,True,0,improvement
perturbation_regression,results/perturbation_regression/perturbation_regression_fold_results.csv,dataset=dixit;context=dataset::all;method=frozen_linear;fold_id=5;n_train=18;n_test=1,scconcept_encoded,baseline,pearson_r,0.9898859262466432,-0.9624046087265016,1.9522905349731448,higher_is_better,False,True,0,1.9522905349731448,True,True,True,0,improvement
perturbation_regression,results/perturbation_regression/perturbation_regression_fold_results.csv,dataset=dixit;context=dataset::all;method=frozen_linear;fold_id=10;n_train=18;n_test=1,scconcept_encoded,baseline,pearson_r,0.953899621963501,-0.9748427271842957,1.9287423491477966,higher_is_better,False,True,0,1.9287423491477966,True,True,True,0,improvement
perturbation_regression,results/perturbation_regression/perturbation_regression_fold_results.csv,dataset=dixit;context=dataset::all;method=frozen_linear;fold_id=17;n_train=18;n_test=1,scconcept_encoded,baseline,pearson_r,0.8848705887794495,-0.9803351163864136,1.865205705165863,higher_is_better,False,True,0,1.865205705165863,True,True,True,0,improvement
perturbation_regression,results/perturbation_regression/perturbation_regression_fold_results.csv,dataset=dixit;context=dataset::all;method=frozen_linear;fold_id=7;n_train=18;n_test=1,scconcept_encoded,baseline,pearson_r,0.9863277077674866,-0.2159157842397689,1.2022434920072556,higher_is_better,False,True,0,1.2022434920072556,True,True,True,0,improvement
perturbation_regression,results/perturbation_regression/perturbation_regression_fold_results.csv,dataset=dixit;context=dataset::all;method=frozen_linear;fold_id=14;n_train=18;n_test=1,scconcept_encoded,baseline,sign_acc,0.0,1.0,-1.0,higher_is_better,True,False,1.0,0,True,True,True,1.0,failure
perturbation_regression,results/perturbation_regression/perturbation_regression_fold_results.csv,dataset=dixit;context=dataset::all;method=frozen_linear;fold_id=15;n_train=18;n_test=1,scconcept_encoded,baseline,sign_acc,0.0,1.0,-1.0,higher_is_better,True,False,1.0,0,True,True,True,1.0,failure
perturbation_regression,results/perturbation_regression/perturbation_regression_fold_results.csv,dataset=dixit;context=dataset::all;method=frozen_linear;fold_id=0;n_train=18;n_test=1,scconcept_encoded,baseline,sign_acc,0.0,0.99609375,-0.99609375,higher_is_better,True,False,0.99609375,0,True,True,True,0.99609375,failure
perturbation_regression,results/perturbation_regression/perturbation_regression_fold_results.csv,dataset=dixit;context=dataset::all;method=frozen_linear;fold_id=3;n_train=18;n_test=1,scconcept_encoded,baseline,sign_acc,0.0,0.93359375,-0.93359375,higher_is_better,True,False,0.93359375,0,True,True,True,0.93359375,failure
perturbation_regression,results/perturbation_regression/perturbation_regression_fold_results.csv,dataset=dixit;context=dataset::all;method=frozen_linear;fold_id=6;n_train=18;n_test=1,scconcept_encoded,baseline,sign_acc,0.23046875,0.99609375,-0.765625,higher_is_better,True,False,0.765625,0,True,True,True,0.765625,failure
perturbation_regression,results/perturbation_regression/perturbation_regression_fold_results.csv,dataset=dixit;context=dataset::all;method=frozen_linear;fold_id=5;n_train=18;n_test=1,scconcept_encoded,baseline,sign_acc,1.0,0.0,1.0,higher_is_better,False,True,0,1.0,True,True,True,0,improvement
perturbation_regression,results/perturbation_regression/perturbation_regression_fold_results.csv,dataset=dixit;context=dataset::all;method=frozen_linear;fold_id=9;n_train=18;n_test=1,scconcept_encoded,baseline,sign_acc,1.0,0.0,1.0,higher_is_better,False,True,0,1.0,True,True,True,0,improvement
perturbation_regression,results/perturbation_regression/perturbation_regression_fold_results.csv,dataset=dixit;context=dataset::all;method=frozen_linear;fold_id=10;n_train=18;n_test=1,scconcept_encoded,baseline,sign_acc,0.99609375,0.0,0.99609375,higher_is_better,False,True,0,0.99609375,True,True,True,0,improvement
perturbation_regression,results/perturbation_regression/perturbation_regression_fold_results.csv,dataset=dixit;context=dataset::all;method=frozen_linear;fold_id=17;n_train=18;n_test=1,scconcept_encoded,baseline,sign_acc,0.984375,0.0,0.984375,higher_is_better,False,True,0,0.984375,True,True,True,0,improvement
perturbation_regression,results/perturbation_regression/perturbation_regression_fold_results.csv,dataset=dixit;context=dataset::all;method=frozen_linear;fold_id=7;n_train=18;n_test=1,scconcept_encoded,baseline,sign_acc,0.99609375,0.37890625,0.6171875,higher_is_better,False,True,0,0.6171875,True,True,True,0,improvement
perturbation_regression,results/perturbation_regression/perturbation_regression_fold_results.csv,dataset=dixit;context=dataset::all;method=frozen_linear;fold_id=0;n_train=18;n_test=1,scconcept_encoded,scGPT_human,mse,4.337704658508301,0.4314518570899963,3.9062528014183044,lower_is_better,True,False,3.9062528014183044,0,True,True,True,3.9062528014183044,failure
perturbation_regression,results/perturbation_regression/perturbation_regression_fold_results.csv,dataset=dixit;context=dataset::all;method=frozen_linear;fold_id=15;n_train=18;n_test=1,scconcept_encoded,scGPT_human,mse,2.080202102661133,0.1224444583058357,1.957757644355297,lower_is_better,True,False,1.957757644355297,0,True,True,True,1.957757644355297,failure
perturbation_regression,results/perturbation_regression/perturbation_regression_fold_results.csv,dataset=dixit;context=dataset::all;method=frozen_linear;fold_id=14;n_train=18;n_test=1,scconcept_encoded,scGPT_human,mse,2.14534854888916,0.6853030920028687,1.4600454568862915,lower_is_better,True,False,1.4600454568862915,0,True,True,True,1.4600454568862915,failure
perturbation_regression,results/perturbation_regression/perturbation_regression_fold_results.csv,dataset=dixit;context=dataset::all;method=frozen_linear;fold_id=3;n_train=18;n_test=1,scconcept_encoded,scGPT_human,mse,2.2878730297088623,0.9064547419548036,1.3814182877540588,lower_is_better,True,False,1.3814182877540588,0,True,True,True,1.3814182877540588,failure
perturbation_regression,results/perturbation_regression/perturbation_regression_fold_results.csv,dataset=dixit;context=dataset::all;method=frozen_linear;fold_id=6;n_train=18;n_test=1,scconcept_encoded,scGPT_human,mse,1.5501600503921509,0.2354008555412292,1.3147591948509216,lower_is_better,True,False,1.3147591948509216,0,True,True,True,1.3147591948509216,failure
perturbation_regression,results/perturbation_regression/perturbation_regression_fold_results.csv,dataset=dixit;context=dataset::all;method=frozen_linear;fold_id=5;n_train=18;n_test=1,scconcept_encoded,scGPT_human,mse,0.0475417114794254,2.268958568572998,-2.2214168570935726,lower_is_better,False,True,0,2.2214168570935726,True,True,True,0,improvement
perturbation_regression,results/perturbation_regression/perturbation_regression_fold_results.csv,dataset=dixit;context=dataset::all;method=frozen_linear;fold_id=17;n_train=18;n_test=1,scconcept_encoded,scGPT_human,mse,0.5984327793121338,2.7716593742370605,-2.1732265949249268,lower_is_better,False,True,0,2.1732265949249268,True,True,True,0,improvement
perturbation_regression,results/perturbation_regression/perturbation_regression_fold_results.csv,dataset=dixit;context=dataset::all;method=frozen_linear;fold_id=10;n_train=18;n_test=1,scconcept_encoded,scGPT_human,mse,0.3793518245220184,2.471885204315185,-2.0925333797931667,lower_is_better,False,True,0,2.0925333797931667,True,True,True,0,improvement
perturbation_regression,results/perturbation_regression/perturbation_regression_fold_results.csv,dataset=dixit;context=dataset::all;method=frozen_linear;fold_id=9;n_train=18;n_test=1,scconcept_encoded,scGPT_human,mse,0.0674227327108383,1.6089675426483154,-1.5415448099374771,lower_is_better,False,True,0,1.5415448099374771,True,True,True,0,improvement
perturbation_regression,results/perturbation_regression/perturbation_regression_fold_results.csv,dataset=dixit;context=dataset::all;method=frozen_linear;fold_id=1;n_train=18;n_test=1,scconcept_encoded,scGPT_human,mse,1.0641244649887085,2.300218105316162,-1.2360936403274536,lower_is_better,False,True,0,1.2360936403274536,True,True,True,0,improvement
perturbation_regression,results/perturbation_regression/perturbation_regression_fold_results.csv,dataset=dixit;context=dataset::all;method=frozen_linear;fold_id=0;n_train=18;n_test=1,scconcept_encoded,scGPT_human,pearson_r,-0.9890760183334352,0.9883593320846558,-1.9774353504180908,higher_is_better,True,False,1.9774353504180908,0,True,True,True,1.9774353504180908,failure
perturbation_regression,results/perturbation_regression/perturbation_regression_fold_results.csv,dataset=dixit;context=dataset::all;method=frozen_linear;fold_id=15;n_train=18;n_test=1,scconcept_encoded,scGPT_human,pearson_r,-0.9658756256103516,0.9735464453697203,-1.939422070980072,higher_is_better,True,False,1.939422070980072,0,True,True,True,1.939422070980072,failure
perturbation_regression,results/perturbation_regression/perturbation_regression_fold_results.csv,dataset=dixit;context=dataset::all;method=frozen_linear;fold_id=14;n_train=18;n_test=1,scconcept_encoded,scGPT_human,pearson_r,-0.9565757513046264,0.959985852241516,-1.9165616035461424,higher_is_better,True,False,1.9165616035461424,0,True,True,True,1.9165616035461424,failure
perturbation_regression,results/perturbation_regression/perturbation_regression_fold_results.csv,dataset=dixit;context=dataset::all;method=frozen_linear;fold_id=6;n_train=18;n_test=1,scconcept_encoded,scGPT_human,pearson_r,-0.5765883922576904,0.9301415681838988,-1.5067299604415894,higher_is_better,True,False,1.5067299604415894,0,True,True,True,1.5067299604415894,failure
perturbation_regression,results/perturbation_regression/perturbation_regression_fold_results.csv,dataset=dixit;context=dataset::all;method=frozen_linear;fold_id=18;n_train=18;n_test=1,scconcept_encoded,scGPT_human,pearson_r,0.5162219405174255,0.98522686958313,-0.46900492906570446,higher_is_better,True,False,0.46900492906570446,0,True,True,True,0.46900492906570446,failure
perturbation_regression,results/perturbation_regression/perturbation_regression_fold_results.csv,dataset=dixit;context=dataset::all;method=frozen_linear;fold_id=5;n_train=18;n_test=1,scconcept_encoded,scGPT_human,pearson_r,0.9898859262466432,-0.9867907762527466,1.9766767024993896,higher_is_better,False,True,0,1.9766767024993896,True,True,True,0,improvement
perturbation_regression,results/perturbation_regression/perturbation_regression_fold_results.csv,dataset=dixit;context=dataset::all;method=frozen_linear;fold_id=9;n_train=18;n_test=1,scconcept_encoded,scGPT_human,pearson_r,0.985889732837677,-0.985987901687622,1.971877634525299,higher_is_better,False,True,0,1.971877634525299,True,True,True,0,improvement
perturbation_regression,results/perturbation_regression/perturbation_regression_fold_results.csv,dataset=dixit;context=dataset::all;method=frozen_linear;fold_id=10;n_train=18;n_test=1,scconcept_encoded,scGPT_human,pearson_r,0.953899621963501,-0.9942875504493712,1.9481871724128723,higher_is_better,False,True,0,1.9481871724128723,True,True,True,0,improvement
perturbation_regression,results/perturbation_regression/perturbation_regression_fold_results.csv,dataset=dixit;context=dataset::all;method=frozen_linear;fold_id=17;n_train=18;n_test=1,scconcept_encoded,scGPT_human,pearson_r,0.8848705887794495,-0.981985569000244,1.8668561577796936,higher_is_better,False,True,0,1.8668561577796936,True,True,True,0,improvement
perturbation_regression,results/perturbation_regression/perturbation_regression_fold_results.csv,dataset=dixit;context=dataset::all;method=frozen_linear;fold_id=1;n_train=18;n_test=1,scconcept_encoded,scGPT_human,pearson_r,0.7796450853347778,-0.9849434494972228,1.7645885348320007,higher_is_better,False,True,0,1.7645885348320007,True,True,True,0,improvement
perturbation_regression,results/perturbation_regression/perturbation_regression_fold_results.csv,dataset=dixit;context=dataset::all;method=frozen_linear;fold_id=0;n_train=18;n_test=1,scconcept_encoded,scGPT_human,sign_acc,0.0,1.0,-1.0,higher_is_better,True,False,1.0,0,True,True,True,1.0,failure
perturbation_regression,results/perturbation_regression/perturbation_regression_fold_results.csv,dataset=dixit;context=dataset::all;method=frozen_linear;fold_id=14;n_train=18;n_test=1,scconcept_encoded,scGPT_human,sign_acc,0.0,1.0,-1.0,higher_is_better,True,False,1.0,0,True,True,True,1.0,failure
perturbation_regression,results/perturbation_regression/perturbation_regression_fold_results.csv,dataset=dixit;context=dataset::all;method=frozen_linear;fold_id=15;n_train=18;n_test=1,scconcept_encoded,scGPT_human,sign_acc,0.0,1.0,-1.0,higher_is_better,True,False,1.0,0,True,True,True,1.0,failure
perturbation_regression,results/perturbation_regression/perturbation_regression_fold_results.csv,dataset=dixit;context=dataset::all;method=frozen_linear;fold_id=6;n_train=18;n_test=1,scconcept_encoded,scGPT_human,sign_acc,0.23046875,0.99609375,-0.765625,higher_is_better,True,False,0.765625,0,True,True,True,0.765625,failure
perturbation_regression,results/perturbation_regression/perturbation_regression_fold_results.csv,dataset=dixit;context=dataset::all;method=frozen_linear;fold_id=18;n_train=18;n_test=1,scconcept_encoded,scGPT_human,sign_acc,0.74609375,1.0,-0.25390625,higher_is_better,True,False,0.25390625,0,True,True,True,0.25390625,failure
perturbation_regression,results/perturbation_regression/perturbation_regression_fold_results.csv,dataset=dixit;context=dataset::all;method=frozen_linear;fold_id=5;n_train=18;n_test=1,scconcept_encoded,scGPT_human,sign_acc,1.0,0.0,1.0,higher_is_better,False,True,0,1.0,True,True,True,0,improvement
perturbation_regression,results/perturbation_regression/perturbation_regression_fold_results.csv,dataset=dixit;context=dataset::all;method=frozen_linear;fold_id=9;n_train=18;n_test=1,scconcept_encoded,scGPT_human,sign_acc,1.0,0.0,1.0,higher_is_better,False,True,0,1.0,True,True,True,0,improvement
perturbation_regression,results/perturbation_regression/perturbation_regression_fold_results.csv,dataset=dixit;context=dataset::all;method=frozen_linear;fold_id=10;n_train=18;n_test=1,scconcept_encoded,scGPT_human,sign_acc,0.99609375,0.0,0.99609375,higher_is_better,False,True,0,0.99609375,True,True,True,0,improvement
perturbation_regression,results/perturbation_regression/perturbation_regression_fold_results.csv,dataset=dixit;context=dataset::all;method=frozen_linear;fold_id=17;n_train=18;n_test=1,scconcept_encoded,scGPT_human,sign_acc,0.984375,0.0,0.984375,higher_is_better,False,True,0,0.984375,True,True,True,0,improvement
perturbation_regression,results/perturbation_regression/perturbation_regression_fold_results.csv,dataset=dixit;context=dataset::all;method=frozen_linear;fold_id=1;n_train=18;n_test=1,scconcept_encoded,scGPT_human,sign_acc,0.9140625,0.0,0.9140625,higher_is_better,False,True,0,0.9140625,True,True,True,0,improvement
perturbation_regression,results/perturbation_regression/perturbation_regression_fold_results.csv,dataset=dixit;context=dataset::all;method=frozen_linear;fold_id=17;n_train=18;n_test=1,v4_bias_rec_best,baseline,mse,4.047764778137207,3.348284721374512,0.6994800567626949,lower_is_better,True,False,0.6994800567626949,0,True,True,True,0.6994800567626949,failure
perturbation_regression,results/perturbation_regression/perturbation_regression_fold_results.csv,dataset=dixit;context=dataset::all;method=frozen_linear;fold_id=14;n_train=18;n_test=1,v4_bias_rec_best,baseline,mse,0.6401225328445435,0.0845106616616249,0.5556118711829185,lower_is_better,True,False,0.5556118711829185,0,True,True,True,0.5556118711829185,failure
perturbation_regression,results/perturbation_regression/perturbation_regression_fold_results.csv,dataset=dixit;context=dataset::all;method=frozen_linear;fold_id=1;n_train=18;n_test=1,v4_bias_rec_best,baseline,mse,0.8644963502883911,0.5399034023284912,0.3245929479598999,lower_is_better,True,False,0.3245929479598999,0,True,True,True,0.3245929479598999,failure
perturbation_regression,results/perturbation_regression/perturbation_regression_fold_results.csv,dataset=dixit;context=dataset::all;method=frozen_linear;fold_id=9;n_train=18;n_test=1,v4_bias_rec_best,baseline,mse,1.0183018445968628,4.176182746887207,-3.1578809022903442,lower_is_better,False,True,0,3.1578809022903442,True,True,True,0,improvement
perturbation_regression,results/perturbation_regression/perturbation_regression_fold_results.csv,dataset=dixit;context=dataset::all;method=frozen_linear;fold_id=7;n_train=18;n_test=1,v4_bias_rec_best,baseline,mse,0.1992862224578857,1.394498586654663,-1.1952123641967773,lower_is_better,False,True,0,1.1952123641967773,True,True,True,0,improvement
perturbation_regression,results/perturbation_regression/perturbation_regression_fold_results.csv,dataset=dixit;context=dataset::all;method=frozen_linear;fold_id=10;n_train=18;n_test=1,v4_bias_rec_best,baseline,mse,1.0202291011810305,1.9843281507492063,-0.9640990495681758,lower_is_better,False,True,0,0.9640990495681758,True,True,True,0,improvement
perturbation_regression,results/perturbation_regression/perturbation_regression_fold_results.csv,dataset=dixit;context=dataset::all;method=frozen_linear;fold_id=5;n_train=18;n_test=1,v4_bias_rec_best,baseline,mse,1.5078492164611816,2.2678518295288086,-0.760002613067627,lower_is_better,False,True,0,0.760002613067627,True,True,True,0,improvement
perturbation_regression,results/perturbation_regression/perturbation_regression_fold_results.csv,dataset=dixit;context=dataset::all;method=frozen_linear;fold_id=0;n_train=18;n_test=1,v4_bias_rec_best,baseline,mse,0.1650435179471969,0.6972895264625549,-0.532246008515358,lower_is_better,False,True,0,0.532246008515358,True,True,True,0,improvement
perturbation_regression,results/perturbation_regression/perturbation_regression_fold_results.csv,dataset=dixit;context=dataset::all;method=frozen_linear;fold_id=6;n_train=18;n_test=1,v4_bias_rec_best,baseline,mse,0.3236238956451416,0.7992085218429565,-0.47558462619781494,lower_is_better,False,True,0,0.47558462619781494,True,True,True,0,improvement
perturbation_regression,results/perturbation_regression/perturbation_regression_fold_results.csv,dataset=dixit;context=dataset::all;method=frozen_linear;fold_id=16;n_train=18;n_test=1,v4_bias_rec_best,baseline,mse,0.0345732346177101,0.238111212849617,-0.2035379782319069,lower_is_better,False,True,0,0.2035379782319069,True,True,True,0,improvement
perturbation_regression,results/perturbation_regression/perturbation_regression_fold_results.csv,dataset=dixit;context=dataset::all;method=frozen_linear;fold_id=14;n_train=18;n_test=1,v4_bias_rec_best,baseline,pearson_r,0.9014773368835448,0.989834189414978,-0.08835685253143322,higher_is_better,True,False,0.08835685253143322,0,True,True,True,0.08835685253143322,failure
perturbation_regression,results/perturbation_regression/perturbation_regression_fold_results.csv,dataset=dixit;context=dataset::all;method=frozen_linear;fold_id=1;n_train=18;n_test=1,v4_bias_rec_best,baseline,pearson_r,0.9193925857543944,0.98113214969635,-0.061739563941955566,higher_is_better,True,False,0.061739563941955566,0,True,True,True,0.061739563941955566,failure
perturbation_regression,results/perturbation_regression/perturbation_regression_fold_results.csv,dataset=dixit;context=dataset::all;method=frozen_linear;fold_id=4;n_train=18;n_test=1,v4_bias_rec_best,baseline,pearson_r,0.7984285950660706,0.8490070104598999,-0.050578415393829346,higher_is_better,True,False,0.050578415393829346,0,True,True,True,0.050578415393829346,failure
perturbation_regression,results/perturbation_regression/perturbation_regression_fold_results.csv,dataset=dixit;context=dataset::all;method=frozen_linear;fold_id=2;n_train=18;n_test=1,v4_bias_rec_best,baseline,pearson_r,0.9690852165222168,0.9794689416885376,-0.0103837251663208,higher_is_better,True,False,0.0103837251663208,0,True,True,True,0.0103837251663208,failure
perturbation_regression,results/perturbation_regression/perturbation_regression_fold_results.csv,dataset=dixit;context=dataset::all;method=frozen_linear;fold_id=7;n_train=18;n_test=1,v4_bias_rec_best,baseline,pearson_r,0.9815804958343506,-0.2159157842397689,1.1974962800741196,higher_is_better,False,True,0,1.1974962800741196,True,True,True,0,improvement
perturbation_regression,results/perturbation_regression/perturbation_regression_fold_results.csv,dataset=dixit;context=dataset::all;method=frozen_linear;fold_id=9;n_train=18;n_test=1,v4_bias_rec_best,baseline,pearson_r,0.1595368832349777,-0.9916195273399352,1.1511564105749128,higher_is_better,False,True,0,1.1511564105749128,True,True,True,0,improvement
perturbation_regression,results/perturbation_regression/perturbation_regression_fold_results.csv,dataset=dixit;context=dataset::all;method=frozen_linear;fold_id=10;n_train=18;n_test=1,v4_bias_rec_best,baseline,pearson_r,-0.0055039506405591,-0.9748427271842957,0.9693387765437366,higher_is_better,False,True,0,0.9693387765437366,True,True,True,0,improvement
perturbation_regression,results/perturbation_regression/perturbation_regression_fold_results.csv,dataset=dixit;context=dataset::all;method=frozen_linear;fold_id=5;n_train=18;n_test=1,v4_bias_rec_best,baseline,pearson_r,-0.7273254990577698,-0.9624046087265016,0.2350791096687318,higher_is_better,False,True,0,0.2350791096687318,True,True,True,0,improvement
perturbation_regression,results/perturbation_regression/perturbation_regression_fold_results.csv,dataset=dixit;context=dataset::all;method=frozen_linear;fold_id=3;n_train=18;n_test=1,v4_bias_rec_best,baseline,pearson_r,0.904156506061554,0.8265742659568787,0.07758224010467529,higher_is_better,False,True,0,0.07758224010467529,True,True,True,0,improvement
perturbation_regression,results/perturbation_regression/perturbation_regression_fold_results.csv,dataset=dixit;context=dataset::all;method=frozen_linear;fold_id=16;n_train=18;n_test=1,v4_bias_rec_best,baseline,pearson_r,0.9827855825424194,0.975261092185974,0.0075244903564454235,higher_is_better,False,True,0,0.0075244903564454235,True,True,True,0,improvement
perturbation_regression,results/perturbation_regression/perturbation_regression_fold_results.csv,dataset=dixit;context=dataset::all;method=frozen_linear;fold_id=4;n_train=18;n_test=1,v4_bias_rec_best,baseline,sign_acc,0.94140625,0.97265625,-0.03125,higher_is_better,True,False,0.03125,0,True,True,True,0.03125,failure
perturbation_regression,results/perturbation_regression/perturbation_regression_fold_results.csv,dataset=dixit;context=dataset::all;method=frozen_linear;fold_id=14;n_train=18;n_test=1,v4_bias_rec_best,baseline,sign_acc,0.9765625,1.0,-0.0234375,higher_is_better,True,False,0.0234375,0,True,True,True,0.0234375,failure
perturbation_regression,results/perturbation_regression/perturbation_regression_fold_results.csv,dataset=dixit;context=dataset::all;method=frozen_linear;fold_id=1;n_train=18;n_test=1,v4_bias_rec_best,baseline,sign_acc,0.9921875,1.0,-0.0078125,higher_is_better,True,False,0.0078125,0,True,True,True,0.0078125,failure
perturbation_regression,results/perturbation_regression/perturbation_regression_fold_results.csv,dataset=dixit;context=dataset::all;method=frozen_linear;fold_id=2;n_train=18;n_test=1,v4_bias_rec_best,baseline,sign_acc,0.99609375,1.0,-0.00390625,higher_is_better,True,False,0.00390625,0,True,True,True,0.00390625,failure
perturbation_regression,results/perturbation_regression/perturbation_regression_fold_results.csv,dataset=dixit;context=dataset::all;method=frozen_linear;fold_id=9;n_train=18;n_test=1,v4_bias_rec_best,baseline,sign_acc,0.671875,0.0,0.671875,higher_is_better,False,True,0,0.671875,True,True,True,0,improvement
perturbation_regression,results/perturbation_regression/perturbation_regression_fold_results.csv,dataset=dixit;context=dataset::all;method=frozen_linear;fold_id=7;n_train=18;n_test=1,v4_bias_rec_best,baseline,sign_acc,1.0,0.37890625,0.62109375,higher_is_better,False,True,0,0.62109375,True,True,True,0,improvement
perturbation_regression,results/perturbation_regression/perturbation_regression_fold_results.csv,dataset=dixit;context=dataset::all;method=frozen_linear;fold_id=10;n_train=18;n_test=1,v4_bias_rec_best,baseline,sign_acc,0.48046875,0.0,0.48046875,higher_is_better,False,True,0,0.48046875,True,True,True,0,improvement
perturbation_regression,results/perturbation_regression/perturbation_regression_fold_results.csv,dataset=dixit;context=dataset::all;method=frozen_linear;fold_id=5;n_train=18;n_test=1,v4_bias_rec_best,baseline,sign_acc,0.1171875,0.0,0.1171875,higher_is_better,False,True,0,0.1171875,True,True,True,0,improvement
perturbation_regression,results/perturbation_regression/perturbation_regression_fold_results.csv,dataset=dixit;context=dataset::all;method=frozen_linear;fold_id=3;n_train=18;n_test=1,v4_bias_rec_best,baseline,sign_acc,0.9921875,0.93359375,0.05859375,higher_is_better,False,True,0,0.05859375,True,True,True,0,improvement
perturbation_regression,results/perturbation_regression/perturbation_regression_fold_results.csv,dataset=dixit;context=dataset::all;method=frozen_linear;fold_id=0;n_train=18;n_test=1,v4_bias_rec_best,baseline,sign_acc,1.0,0.99609375,0.00390625,higher_is_better,False,True,0,0.00390625,True,True,True,0,improvement
perturbation_regression,results/perturbation_regression/perturbation_regression_fold_results.csv,dataset=dixit;context=dataset::all;method=frozen_linear;fold_id=17;n_train=18;n_test=1,v4_bias_rec_best,scGPT_human,mse,4.047764778137207,2.7716593742370605,1.2761054039001465,lower_is_better,True,False,1.2761054039001465,0,True,True,True,1.2761054039001465,failure
perturbation_regression,results/perturbation_regression/perturbation_regression_fold_results.csv,dataset=dixit;context=dataset::all;method=frozen_linear;fold_id=4;n_train=18;n_test=1,v4_bias_rec_best,scGPT_human,mse,1.1123254299163818,0.8486590385437012,0.26366639137268066,lower_is_better,True,False,0.26366639137268066,0,True,True,True,0.26366639137268066,failure
perturbation_regression,results/perturbation_regression/perturbation_regression_fold_results.csv,dataset=dixit;context=dataset::all;method=frozen_linear;fold_id=10;n_train=18;n_test=1,v4_bias_rec_best,scGPT_human,mse,1.0202291011810305,2.471885204315185,-1.4516561031341546,lower_is_better,False,True,0,1.4516561031341546,True,True,True,0,improvement
perturbation_regression,results/perturbation_regression/perturbation_regression_fold_results.csv,dataset=dixit;context=dataset::all;method=frozen_linear;fold_id=1;n_train=18;n_test=1,v4_bias_rec_best,scGPT_human,mse,0.8644963502883911,2.300218105316162,-1.435721755027771,lower_is_better,False,True,0,1.435721755027771,True,True,True,0,improvement
perturbation_regression,results/perturbation_regression/perturbation_regression_fold_results.csv,dataset=dixit;context=dataset::all;method=frozen_linear;fold_id=5;n_train=18;n_test=1,v4_bias_rec_best,scGPT_human,mse,1.5078492164611816,2.268958568572998,-0.7611093521118164,lower_is_better,False,True,0,0.7611093521118164,True,True,True,0,improvement
perturbation_regression,results/perturbation_regression/perturbation_regression_fold_results.csv,dataset=dixit;context=dataset::all;method=frozen_linear;fold_id=9;n_train=18;n_test=1,v4_bias_rec_best,scGPT_human,mse,1.0183018445968628,1.6089675426483154,-0.5906656980514526,lower_is_better,False,True,0,0.5906656980514526,True,True,True,0,improvement
perturbation_regression,results/perturbation_regression/perturbation_regression_fold_results.csv,dataset=dixit;context=dataset::all;method=frozen_linear;fold_id=3;n_train=18;n_test=1,v4_bias_rec_best,scGPT_human,mse,0.4257287979125976,0.9064547419548036,-0.480725944042206,lower_is_better,False,True,0,0.480725944042206,True,True,True,0,improvement
perturbation_regression,results/perturbation_regression/perturbation_regression_fold_results.csv,dataset=dixit;context=dataset::all;method=frozen_linear;fold_id=11;n_train=18;n_test=1,v4_bias_rec_best,scGPT_human,mse,0.0187259297817945,0.4614448249340057,-0.4427188951522112,lower_is_better,False,True,0,0.4427188951522112,True,True,True,0,improvement
perturbation_regression,results/perturbation_regression/perturbation_regression_fold_results.csv,dataset=dixit;context=dataset::all;method=frozen_linear;fold_id=2;n_train=18;n_test=1,v4_bias_rec_best,scGPT_human,mse,0.6300906538963318,0.945810854434967,-0.31572020053863525,lower_is_better,False,True,0,0.31572020053863525,True,True,True,0,improvement
perturbation_regression,results/perturbation_regression/perturbation_regression_fold_results.csv,dataset=dixit;context=dataset::all;method=frozen_linear;fold_id=0;n_train=18;n_test=1,v4_bias_rec_best,scGPT_human,mse,0.1650435179471969,0.4314518570899963,-0.2664083391427994,lower_is_better,False,True,0,0.2664083391427994,True,True,True,0,improvement
perturbation_regression,results/perturbation_regression/perturbation_regression_fold_results.csv,dataset=dixit;context=dataset::all;method=frozen_linear;fold_id=4;n_train=18;n_test=1,v4_bias_rec_best,scGPT_human,pearson_r,0.7984285950660706,0.9684524536132812,-0.1700238585472107,higher_is_better,True,False,0.1700238585472107,0,True,True,True,0.1700238585472107,failure
perturbation_regression,results/perturbation_regression/perturbation_regression_fold_results.csv,dataset=dixit;context=dataset::all;method=frozen_linear;fold_id=14;n_train=18;n_test=1,v4_bias_rec_best,scGPT_human,pearson_r,0.9014773368835448,0.959985852241516,-0.05850851535797119,higher_is_better,True,False,0.05850851535797119,0,True,True,True,0.05850851535797119,failure
perturbation_regression,results/perturbation_regression/perturbation_regression_fold_results.csv,dataset=dixit;context=dataset::all;method=frozen_linear;fold_id=7;n_train=18;n_test=1,v4_bias_rec_best,scGPT_human,pearson_r,0.9815804958343506,0.9914656281471252,-0.009885132312774658,higher_is_better,True,False,0.009885132312774658,0,True,True,True,0.009885132312774658,failure
perturbation_regression,results/perturbation_regression/perturbation_regression_fold_results.csv,dataset=dixit;context=dataset::all;method=frozen_linear;fold_id=12;n_train=18;n_test=1,v4_bias_rec_best,scGPT_human,pearson_r,0.9874330759048462,0.9909601211547852,-0.003527045249938965,higher_is_better,True,False,0.003527045249938965,0,True,True,True,0.003527045249938965,failure
perturbation_regression,results/perturbation_regression/perturbation_regression_fold_results.csv,dataset=dixit;context=dataset::all;method=frozen_linear;fold_id=1;n_train=18;n_test=1,v4_bias_rec_best,scGPT_human,pearson_r,0.9193925857543944,-0.9849434494972228,1.9043360352516172,higher_is_better,False,True,0,1.9043360352516172,True,True,True,0,improvement
perturbation_regression,results/perturbation_regression/perturbation_regression_fold_results.csv,dataset=dixit;context=dataset::all;method=frozen_linear;fold_id=3;n_train=18;n_test=1,v4_bias_rec_best,scGPT_human,pearson_r,0.904156506061554,-0.9791350960731506,1.8832916021347046,higher_is_better,False,True,0,1.8832916021347046,True,True,True,0,improvement
perturbation_regression,results/perturbation_regression/perturbation_regression_fold_results.csv,dataset=dixit;context=dataset::all;method=frozen_linear;fold_id=9;n_train=18;n_test=1,v4_bias_rec_best,scGPT_human,pearson_r,0.1595368832349777,-0.985987901687622,1.1455247849225996,higher_is_better,False,True,0,1.1455247849225996,True,True,True,0,improvement
perturbation_regression,results/perturbation_regression/perturbation_regression_fold_results.csv,dataset=dixit;context=dataset::all;method=frozen_linear;fold_id=10;n_train=18;n_test=1,v4_bias_rec_best,scGPT_human,pearson_r,-0.0055039506405591,-0.9942875504493712,0.9887835998088121,higher_is_better,False,True,0,0.9887835998088121,True,True,True,0,improvement
perturbation_regression,results/perturbation_regression/perturbation_regression_fold_results.csv,dataset=dixit;context=dataset::all;method=frozen_linear;fold_id=5;n_train=18;n_test=1,v4_bias_rec_best,scGPT_human,pearson_r,-0.7273254990577698,-0.9867907762527466,0.2594652771949768,higher_is_better,False,True,0,0.2594652771949768,True,True,True,0,improvement
perturbation_regression,results/perturbation_regression/perturbation_regression_fold_results.csv,dataset=dixit;context=dataset::all;method=frozen_linear;fold_id=2;n_train=18;n_test=1,v4_bias_rec_best,scGPT_human,pearson_r,0.9690852165222168,0.9611549973487854,0.007930219173431396,higher_is_better,False,True,0,0.007930219173431396,True,True,True,0,improvement
perturbation_regression,results/perturbation_regression/perturbation_regression_fold_results.csv,dataset=dixit;context=dataset::all;method=frozen_linear;fold_id=4;n_train=18;n_test=1,v4_bias_rec_best,scGPT_human,sign_acc,0.94140625,1.0,-0.05859375,higher_is_better,True,False,0.05859375,0,True,True,True,0.05859375,failure
perturbation_regression,results/perturbation_regression/perturbation_regression_fold_results.csv,dataset=dixit;context=dataset::all;method=frozen_linear;fold_id=14;n_train=18;n_test=1,v4_bias_rec_best,scGPT_human,sign_acc,0.9765625,1.0,-0.0234375,higher_is_better,True,False,0.0234375,0,True,True,True,0.0234375,failure
perturbation_regression,results/perturbation_regression/perturbation_regression_fold_results.csv,dataset=dixit;context=dataset::all;method=frozen_linear;fold_id=2;n_train=18;n_test=1,v4_bias_rec_best,scGPT_human,sign_acc,0.99609375,1.0,-0.00390625,higher_is_better,True,False,0.00390625,0,True,True,True,0.00390625,failure
perturbation_regression,results/perturbation_regression/perturbation_regression_fold_results.csv,dataset=dixit;context=dataset::all;method=frozen_linear;fold_id=1;n_train=18;n_test=1,v4_bias_rec_best,scGPT_human,sign_acc,0.9921875,0.0,0.9921875,higher_is_better,False,True,0,0.9921875,True,True,True,0,improvement
perturbation_regression,results/perturbation_regression/perturbation_regression_fold_results.csv,dataset=dixit;context=dataset::all;method=frozen_linear;fold_id=3;n_train=18;n_test=1,v4_bias_rec_best,scGPT_human,sign_acc,0.9921875,0.0,0.9921875,higher_is_better,False,True,0,0.9921875,True,True,True,0,improvement
perturbation_regression,results/perturbation_regression/perturbation_regression_fold_results.csv,dataset=dixit;context=dataset::all;method=frozen_linear;fold_id=9;n_train=18;n_test=1,v4_bias_rec_best,scGPT_human,sign_acc,0.671875,0.0,0.671875,higher_is_better,False,True,0,0.671875,True,True,True,0,improvement
perturbation_regression,results/perturbation_regression/perturbation_regression_fold_results.csv,dataset=dixit;context=dataset::all;method=frozen_linear;fold_id=10;n_train=18;n_test=1,v4_bias_rec_best,scGPT_human,sign_acc,0.48046875,0.0,0.48046875,higher_is_better,False,True,0,0.48046875,True,True,True,0,improvement
perturbation_regression,results/perturbation_regression/perturbation_regression_fold_results.csv,dataset=dixit;context=dataset::all;method=frozen_linear;fold_id=5;n_train=18;n_test=1,v4_bias_rec_best,scGPT_human,sign_acc,0.1171875,0.0,0.1171875,higher_is_better,False,True,0,0.1171875,True,True,True,0,improvement
perturbation_regression,results/perturbation_regression/perturbation_regression_fold_results.csv,dataset=dixit;context=dataset::all;method=frozen_linear;fold_id=0;n_train=18;n_test=1,v4_bias_rec_best,scGPT_human,sign_acc,1.0,1.0,0.0,higher_is_better,False,False,0,0,True,True,True,0,tie
perturbation_regression,results/perturbation_regression/perturbation_regression_fold_results.csv,dataset=dixit;context=dataset::all;method=frozen_linear;fold_id=6;n_train=18;n_test=1,v4_bias_rec_best,scGPT_human,sign_acc,0.99609375,0.99609375,0.0,higher_is_better,False,False,0,0,True,True,True,0,tie
perturbation_regression,results/perturbation_regression/perturbation_regression_fold_results.csv,dataset=dixit;context=dataset::all;method=frozen_linear;fold_id=14;n_train=18;n_test=1,v4_plain_best,baseline,mse,1.28231680393219,0.0845106616616249,1.197806142270565,lower_is_better,True,False,1.197806142270565,0,True,True,True,1.197806142270565,failure
perturbation_regression,results/perturbation_regression/perturbation_regression_fold_results.csv,dataset=dixit;context=dataset::all;method=frozen_linear;fold_id=8;n_train=18;n_test=1,v4_plain_best,baseline,mse,0.7533837556838989,0.1992620527744293,0.5541217029094696,lower_is_better,True,False,0.5541217029094696,0,True,True,True,0.5541217029094696,failure
perturbation_regression,results/perturbation_regression/perturbation_regression_fold_results.csv,dataset=dixit;context=dataset::all;method=frozen_linear;fold_id=12;n_train=18;n_test=1,v4_plain_best,baseline,mse,0.4649638235569,0.0640683695673942,0.4008954539895058,lower_is_better,True,False,0.4008954539895058,0,True,True,True,0.4008954539895058,failure
perturbation_regression,results/perturbation_regression/perturbation_regression_fold_results.csv,dataset=dixit;context=dataset::all;method=frozen_linear;fold_id=1;n_train=18;n_test=1,v4_plain_best,baseline,mse,0.842534065246582,0.5399034023284912,0.3026306629180908,lower_is_better,True,False,0.3026306629180908,0,True,True,True,0.3026306629180908,failure
perturbation_regression,results/perturbation_regression/perturbation_regression_fold_results.csv,dataset=dixit;context=dataset::all;method=frozen_linear;fold_id=3;n_train=18;n_test=1,v4_plain_best,baseline,mse,0.749948263168335,0.4953187108039856,0.25462955236434937,lower_is_better,True,False,0.25462955236434937,0,True,True,True,0.25462955236434937,failure
perturbation_regression,results/perturbation_regression/perturbation_regression_fold_results.csv,dataset=dixit;context=dataset::all;method=frozen_linear;fold_id=10;n_train=18;n_test=1,v4_plain_best,baseline,mse,0.8998618721961975,1.9843281507492063,-1.0844662785530088,lower_is_better,False,True,0,1.0844662785530088,True,True,True,0,improvement
perturbation_regression,results/perturbation_regression/perturbation_regression_fold_results.csv,dataset=dixit;context=dataset::all;method=frozen_linear;fold_id=7;n_train=18;n_test=1,v4_plain_best,baseline,mse,0.7646120190620422,1.394498586654663,-0.6298865675926208,lower_is_better,False,True,0,0.6298865675926208,True,True,True,0,improvement
perturbation_regression,results/perturbation_regression/perturbation_regression_fold_results.csv,dataset=dixit;context=dataset::all;method=frozen_linear;fold_id=17;n_train=18;n_test=1,v4_plain_best,baseline,mse,2.747673511505127,3.348284721374512,-0.6006112098693852,lower_is_better,False,True,0,0.6006112098693852,True,True,True,0,improvement
perturbation_regression,results/perturbation_regression/perturbation_regression_fold_results.csv,dataset=dixit;context=dataset::all;method=frozen_linear;fold_id=6;n_train=18;n_test=1,v4_plain_best,baseline,mse,0.2388791888952255,0.7992085218429565,-0.560329332947731,lower_is_better,False,True,0,0.560329332947731,True,True,True,0,improvement
perturbation_regression,results/perturbation_regression/perturbation_regression_fold_results.csv,dataset=dixit;context=dataset::all;method=frozen_linear;fold_id=0;n_train=18;n_test=1,v4_plain_best,baseline,mse,0.3831609785556793,0.6972895264625549,-0.3141285479068756,lower_is_better,False,True,0,0.3141285479068756,True,True,True,0,improvement
perturbation_regression,results/perturbation_regression/perturbation_regression_fold_results.csv,dataset=dixit;context=dataset::all;method=frozen_linear;fold_id=14;n_train=18;n_test=1,v4_plain_best,baseline,pearson_r,-0.8256468772888184,0.989834189414978,-1.8154810667037964,higher_is_better,True,False,1.8154810667037964,0,True,True,True,1.8154810667037964,failure
perturbation_regression,results/perturbation_regression/perturbation_regression_fold_results.csv,dataset=dixit;context=dataset::all;method=frozen_linear;fold_id=3;n_train=18;n_test=1,v4_plain_best,baseline,pearson_r,-0.5203635692596436,0.8265742659568787,-1.3469378352165222,higher_is_better,True,False,1.3469378352165222,0,True,True,True,1.3469378352165222,failure
perturbation_regression,results/perturbation_regression/perturbation_regression_fold_results.csv,dataset=dixit;context=dataset::all;method=frozen_linear;fold_id=8;n_train=18;n_test=1,v4_plain_best,baseline,pearson_r,0.9495493173599244,0.9908548593521118,-0.04130554199218739,higher_is_better,True,False,0.04130554199218739,0,True,True,True,0.04130554199218739,failure
perturbation_regression,results/perturbation_regression/perturbation_regression_fold_results.csv,dataset=dixit;context=dataset::all;method=frozen_linear;fold_id=1;n_train=18;n_test=1,v4_plain_best,baseline,pearson_r,0.9617899656295776,0.98113214969635,-0.01934218406677235,higher_is_better,True,False,0.01934218406677235,0,True,True,True,0.01934218406677235,failure
perturbation_regression,results/perturbation_regression/perturbation_regression_fold_results.csv,dataset=dixit;context=dataset::all;method=frozen_linear;fold_id=2;n_train=18;n_test=1,v4_plain_best,baseline,pearson_r,0.9616928100585938,0.9794689416885376,-0.017776131629943848,higher_is_better,True,False,0.017776131629943848,0,True,True,True,0.017776131629943848,failure
perturbation_regression,results/perturbation_regression/perturbation_regression_fold_results.csv,dataset=dixit;context=dataset::all;method=frozen_linear;fold_id=5;n_train=18;n_test=1,v4_plain_best,baseline,pearson_r,-0.9763831496238708,-0.9624046087265016,-0.013978540897369274,higher_is_better,True,False,0.013978540897369274,0,True,True,True,0.013978540897369274,failure
perturbation_regression,results/perturbation_regression/perturbation_regression_fold_results.csv,dataset=dixit;context=dataset::all;method=frozen_linear;fold_id=12;n_train=18;n_test=1,v4_plain_best,baseline,pearson_r,0.978317379951477,0.9917200207710266,-0.01340264081954956,higher_is_better,True,False,0.01340264081954956,0,True,True,True,0.01340264081954956,failure
perturbation_regression,results/perturbation_regression/perturbation_regression_fold_results.csv,dataset=dixit;context=dataset::all;method=frozen_linear;fold_id=10;n_train=18;n_test=1,v4_plain_best,baseline,pearson_r,0.6451753973960876,-0.9748427271842957,1.6200181245803833,higher_is_better,False,True,0,1.6200181245803833,True,True,True,0,improvement
perturbation_regression,results/perturbation_regression/perturbation_regression_fold_results.csv,dataset=dixit;context=dataset::all;method=frozen_linear;fold_id=7;n_train=18;n_test=1,v4_plain_best,baseline,pearson_r,0.9728723764419556,-0.2159157842397689,1.1887881606817245,higher_is_better,False,True,0,1.1887881606817245,True,True,True,0,improvement
perturbation_regression,results/perturbation_regression/perturbation_regression_fold_results.csv,dataset=dixit;context=dataset::all;method=frozen_linear;fold_id=4;n_train=18;n_test=1,v4_plain_best,baseline,pearson_r,0.8600890040397644,0.8490070104598999,0.011081993579864502,higher_is_better,False,True,0,0.011081993579864502,True,True,True,0,improvement
perturbation_regression,results/perturbation_regression/perturbation_regression_fold_results.csv,dataset=dixit;context=dataset::all;method=frozen_linear;fold_id=14;n_train=18;n_test=1,v4_plain_best,baseline,sign_acc,0.0546875,1.0,-0.9453125,higher_is_better,True,False,0.9453125,0,True,True,True,0.9453125,failure
perturbation_regression,results/perturbation_regression/perturbation_regression_fold_results.csv,dataset=dixit;context=dataset::all;method=frozen_linear;fold_id=3;n_train=18;n_test=1,v4_plain_best,baseline,sign_acc,0.22265625,0.93359375,-0.7109375,higher_is_better,True,False,0.7109375,0,True,True,True,0.7109375,failure
perturbation_regression,results/perturbation_regression/perturbation_regression_fold_results.csv,dataset=dixit;context=dataset::all;method=frozen_linear;fold_id=4;n_train=18;n_test=1,v4_plain_best,baseline,sign_acc,0.96875,0.97265625,-0.00390625,higher_is_better,True,False,0.00390625,0,True,True,True,0.00390625,failure
perturbation_regression,results/perturbation_regression/perturbation_regression_fold_results.csv,dataset=dixit;context=dataset::all;method=frozen_linear;fold_id=10;n_train=18;n_test=1,v4_plain_best,baseline,sign_acc,0.82421875,0.0,0.82421875,higher_is_better,False,True,0,0.82421875,True,True,True,0,improvement
perturbation_regression,results/perturbation_regression/perturbation_regression_fold_results.csv,dataset=dixit;context=dataset::all;method=frozen_linear;fold_id=7;n_train=18;n_test=1,v4_plain_best,baseline,sign_acc,1.0,0.37890625,0.62109375,higher_is_better,False,True,0,0.62109375,True,True,True,0,improvement
perturbation_regression,results/perturbation_regression/perturbation_regression_fold_results.csv,dataset=dixit;context=dataset::all;method=frozen_linear;fold_id=0;n_train=18;n_test=1,v4_plain_best,baseline,sign_acc,1.0,0.99609375,0.00390625,higher_is_better,False,True,0,0.00390625,True,True,True,0,improvement
perturbation_regression,results/perturbation_regression/perturbation_regression_fold_results.csv,dataset=dixit;context=dataset::all;method=frozen_linear;fold_id=1;n_train=18;n_test=1,v4_plain_best,baseline,sign_acc,1.0,1.0,0.0,higher_is_better,False,False,0,0,True,True,True,0,tie
perturbation_regression,results/perturbation_regression/perturbation_regression_fold_results.csv,dataset=dixit;context=dataset::all;method=frozen_linear;fold_id=2;n_train=18;n_test=1,v4_plain_best,baseline,sign_acc,1.0,1.0,0.0,higher_is_better,False,False,0,0,True,True,True,0,tie
perturbation_regression,results/perturbation_regression/perturbation_regression_fold_results.csv,dataset=dixit;context=dataset::all;method=frozen_linear;fold_id=5;n_train=18;n_test=1,v4_plain_best,baseline,sign_acc,0.0,0.0,0.0,higher_is_better,False,False,0,0,True,True,True,0,tie
perturbation_regression,results/perturbation_regression/perturbation_regression_fold_results.csv,dataset=dixit;context=dataset::all;method=frozen_linear;fold_id=6;n_train=18;n_test=1,v4_plain_best,baseline,sign_acc,0.99609375,0.99609375,0.0,higher_is_better,False,False,0,0,True,True,True,0,tie
perturbation_regression,results/perturbation_regression/perturbation_regression_fold_results.csv,dataset=dixit;context=dataset::all;method=frozen_linear;fold_id=9;n_train=18;n_test=1,v4_plain_best,scGPT_human,mse,3.976466417312622,1.6089675426483154,2.3674988746643066,lower_is_better,True,False,2.3674988746643066,0,True,True,True,2.3674988746643066,failure
perturbation_regression,results/perturbation_regression/perturbation_regression_fold_results.csv,dataset=dixit;context=dataset::all;method=frozen_linear;fold_id=14;n_train=18;n_test=1,v4_plain_best,scGPT_human,mse,1.28231680393219,0.6853030920028687,0.5970137119293213,lower_is_better,True,False,0.5970137119293213,0,True,True,True,0.5970137119293213,failure
perturbation_regression,results/perturbation_regression/perturbation_regression_fold_results.csv,dataset=dixit;context=dataset::all;method=frozen_linear;fold_id=7;n_train=18;n_test=1,v4_plain_best,scGPT_human,mse,0.7646120190620422,0.3976057767868042,0.36700624227523804,lower_is_better,True,False,0.36700624227523804,0,True,True,True,0.36700624227523804,failure
perturbation_regression,results/perturbation_regression/perturbation_regression_fold_results.csv,dataset=dixit;context=dataset::all;method=frozen_linear;fold_id=12;n_train=18;n_test=1,v4_plain_best,scGPT_human,mse,0.4649638235569,0.1103948280215263,0.35456899553537374,lower_is_better,True,False,0.35456899553537374,0,True,True,True,0.35456899553537374,failure
perturbation_regression,results/perturbation_regression/perturbation_regression_fold_results.csv,dataset=dixit;context=dataset::all;method=frozen_linear;fold_id=8;n_train=18;n_test=1,v4_plain_best,scGPT_human,mse,0.7533837556838989,0.4688891470432281,0.28449460864067083,lower_is_better,True,False,0.28449460864067083,0,True,True,True,0.28449460864067083,failure
perturbation_regression,results/perturbation_regression/perturbation_regression_fold_results.csv,dataset=dixit;context=dataset::all;method=frozen_linear;fold_id=5;n_train=18;n_test=1,v4_plain_best,scGPT_human,mse,2.462615489959717,2.268958568572998,0.19365692138671875,lower_is_better,True,False,0.19365692138671875,0,True,True,True,0.19365692138671875,failure
perturbation_regression,results/perturbation_regression/perturbation_regression_fold_results.csv,dataset=dixit;context=dataset::all;method=frozen_linear;fold_id=10;n_train=18;n_test=1,v4_plain_best,scGPT_human,mse,0.8998618721961975,2.471885204315185,-1.5720233321189876,lower_is_better,False,True,0,1.5720233321189876,True,True,True,0,improvement
perturbation_regression,results/perturbation_regression/perturbation_regression_fold_results.csv,dataset=dixit;context=dataset::all;method=frozen_linear;fold_id=1;n_train=18;n_test=1,v4_plain_best,scGPT_human,mse,0.842534065246582,2.300218105316162,-1.45768404006958,lower_is_better,False,True,0,1.45768404006958,True,True,True,0,improvement
perturbation_regression,results/perturbation_regression/perturbation_regression_fold_results.csv,dataset=dixit;context=dataset::all;method=frozen_linear;fold_id=11;n_train=18;n_test=1,v4_plain_best,scGPT_human,mse,0.0221043080091476,0.4614448249340057,-0.4393405169248581,lower_is_better,False,True,0,0.4393405169248581,True,True,True,0,improvement
perturbation_regression,results/perturbation_regression/perturbation_regression_fold_results.csv,dataset=dixit;context=dataset::all;method=frozen_linear;fold_id=3;n_train=18;n_test=1,v4_plain_best,scGPT_human,mse,0.749948263168335,0.9064547419548036,-0.15650647878646862,lower_is_better,False,True,0,0.15650647878646862,True,True,True,0,improvement
perturbation_regression,results/perturbation_regression/perturbation_regression_fold_results.csv,dataset=dixit;context=dataset::all;method=frozen_linear;fold_id=14;n_train=18;n_test=1,v4_plain_best,scGPT_human,pearson_r,-0.8256468772888184,0.959985852241516,-1.7856327295303345,higher_is_better,True,False,1.7856327295303345,0,True,True,True,1.7856327295303345,failure
perturbation_regression,results/perturbation_regression/perturbation_regression_fold_results.csv,dataset=dixit;context=dataset::all;method=frozen_linear;fold_id=4;n_train=18;n_test=1,v4_plain_best,scGPT_human,pearson_r,0.8600890040397644,0.9684524536132812,-0.10836344957351685,higher_is_better,True,False,0.10836344957351685,0,True,True,True,0.10836344957351685,failure
perturbation_regression,results/perturbation_regression/perturbation_regression_fold_results.csv,dataset=dixit;context=dataset::all;method=frozen_linear;fold_id=8;n_train=18;n_test=1,v4_plain_best,scGPT_human,pearson_r,0.9495493173599244,0.988367795944214,-0.03881847858428955,higher_is_better,True,False,0.03881847858428955,0,True,True,True,0.03881847858428955,failure
perturbation_regression,results/perturbation_regression/perturbation_regression_fold_results.csv,dataset=dixit;context=dataset::all;method=frozen_linear;fold_id=7;n_train=18;n_test=1,v4_plain_best,scGPT_human,pearson_r,0.9728723764419556,0.9914656281471252,-0.018593251705169678,higher_is_better,True,False,0.018593251705169678,0,True,True,True,0.018593251705169678,failure
perturbation_regression,results/perturbation_regression/perturbation_regression_fold_results.csv,dataset=dixit;context=dataset::all;method=frozen_linear;fold_id=12;n_train=18;n_test=1,v4_plain_best,scGPT_human,pearson_r,0.978317379951477,0.9909601211547852,-0.012642741203308105,higher_is_better,True,False,0.012642741203308105,0,True,True,True,0.012642741203308105,failure
perturbation_regression,results/perturbation_regression/perturbation_regression_fold_results.csv,dataset=dixit;context=dataset::all;method=frozen_linear;fold_id=9;n_train=18;n_test=1,v4_plain_best,scGPT_human,pearson_r,-0.9897589683532716,-0.985987901687622,-0.003771066665649636,higher_is_better,True,False,0.003771066665649636,0,True,True,True,0.003771066665649636,failure
perturbation_regression,results/perturbation_regression/perturbation_regression_fold_results.csv,dataset=dixit;context=dataset::all;method=frozen_linear;fold_id=1;n_train=18;n_test=1,v4_plain_best,scGPT_human,pearson_r,0.9617899656295776,-0.9849434494972228,1.9467334151268005,higher_is_better,False,True,0,1.9467334151268005,True,True,True,0,improvement
perturbation_regression,results/perturbation_regression/perturbation_regression_fold_results.csv,dataset=dixit;context=dataset::all;method=frozen_linear;fold_id=10;n_train=18;n_test=1,v4_plain_best,scGPT_human,pearson_r,0.6451753973960876,-0.9942875504493712,1.639462947845459,higher_is_better,False,True,0,1.639462947845459,True,True,True,0,improvement
perturbation_regression,results/perturbation_regression/perturbation_regression_fold_results.csv,dataset=dixit;context=dataset::all;method=frozen_linear;fold_id=3;n_train=18;n_test=1,v4_plain_best,scGPT_human,pearson_r,-0.5203635692596436,-0.9791350960731506,0.4587715268135071,higher_is_better,False,True,0,0.4587715268135071,True,True,True,0,improvement
perturbation_regression,results/perturbation_regression/perturbation_regression_fold_results.csv,dataset=dixit;context=dataset::all;method=frozen_linear;fold_id=5;n_train=18;n_test=1,v4_plain_best,scGPT_human,pearson_r,-0.9763831496238708,-0.9867907762527466,0.010407626628875732,higher_is_better,False,True,0,0.010407626628875732,True,True,True,0,improvement
perturbation_regression,results/perturbation_regression/perturbation_regression_fold_results.csv,dataset=dixit;context=dataset::all;method=frozen_linear;fold_id=14;n_train=18;n_test=1,v4_plain_best,scGPT_human,sign_acc,0.0546875,1.0,-0.9453125,higher_is_better,True,False,0.9453125,0,True,True,True,0.9453125,failure
perturbation_regression,results/perturbation_regression/perturbation_regression_fold_results.csv,dataset=dixit;context=dataset::all;method=frozen_linear;fold_id=4;n_train=18;n_test=1,v4_plain_best,scGPT_human,sign_acc,0.96875,1.0,-0.03125,higher_is_better,True,False,0.03125,0,True,True,True,0.03125,failure
perturbation_regression,results/perturbation_regression/perturbation_regression_fold_results.csv,dataset=dixit;context=dataset::all;method=frozen_linear;fold_id=1;n_train=18;n_test=1,v4_plain_best,scGPT_human,sign_acc,1.0,0.0,1.0,higher_is_better,False,True,0,1.0,True,True,True,0,improvement
perturbation_regression,results/perturbation_regression/perturbation_regression_fold_results.csv,dataset=dixit;context=dataset::all;method=frozen_linear;fold_id=10;n_train=18;n_test=1,v4_plain_best,scGPT_human,sign_acc,0.82421875,0.0,0.82421875,higher_is_better,False,True,0,0.82421875,True,True,True,0,improvement
perturbation_regression,results/perturbation_regression/perturbation_regression_fold_results.csv,dataset=dixit;context=dataset::all;method=frozen_linear;fold_id=3;n_train=18;n_test=1,v4_plain_best,scGPT_human,sign_acc,0.22265625,0.0,0.22265625,higher_is_better,False,True,0,0.22265625,True,True,True,0,improvement
perturbation_regression,results/perturbation_regression/perturbation_regression_fold_results.csv,dataset=dixit;context=dataset::all;method=frozen_linear;fold_id=0;n_train=18;n_test=1,v4_plain_best,scGPT_human,sign_acc,1.0,1.0,0.0,higher_is_better,False,False,0,0,True,True,True,0,tie
perturbation_regression,results/perturbation_regression/perturbation_regression_fold_results.csv,dataset=dixit;context=dataset::all;method=frozen_linear;fold_id=2;n_train=18;n_test=1,v4_plain_best,scGPT_human,sign_acc,1.0,1.0,0.0,higher_is_better,False,False,0,0,True,True,True,0,tie
perturbation_regression,results/perturbation_regression/perturbation_regression_fold_results.csv,dataset=dixit;context=dataset::all;method=frozen_linear;fold_id=5;n_train=18;n_test=1,v4_plain_best,scGPT_human,sign_acc,0.0,0.0,0.0,higher_is_better,False,False,0,0,True,True,True,0,tie
perturbation_regression,results/perturbation_regression/perturbation_regression_fold_results.csv,dataset=dixit;context=dataset::all;method=frozen_linear;fold_id=6;n_train=18;n_test=1,v4_plain_best,scGPT_human,sign_acc,0.99609375,0.99609375,0.0,higher_is_better,False,False,0,0,True,True,True,0,tie
perturbation_regression,results/perturbation_regression/perturbation_regression_fold_results.csv,dataset=dixit;context=dataset::all;method=frozen_linear;fold_id=7;n_train=18;n_test=1,v4_plain_best,scGPT_human,sign_acc,1.0,1.0,0.0,higher_is_better,False,False,0,0,True,True,True,0,tie
perturbation_regression,results/perturbation_regression/perturbation_regression_fold_results.csv,dataset=dixit;context=dataset::all;method=frozen_linear;fold_id=3;n_train=18;n_test=1,v4_type_pe_best,baseline,mse,2.0780763626098637,0.4953187108039856,1.5827576518058781,lower_is_better,True,False,1.5827576518058781,0,True,True,True,1.5827576518058781,failure
perturbation_regression,results/perturbation_regression/perturbation_regression_fold_results.csv,dataset=dixit;context=dataset::all;method=frozen_linear;fold_id=1;n_train=18;n_test=1,v4_type_pe_best,baseline,mse,1.7092831134796145,0.5399034023284912,1.1693797111511233,lower_is_better,True,False,1.1693797111511233,0,True,True,True,1.1693797111511233,failure
perturbation_regression,results/perturbation_regression/perturbation_regression_fold_results.csv,dataset=dixit;context=dataset::all;method=frozen_linear;fold_id=14;n_train=18;n_test=1,v4_type_pe_best,baseline,mse,0.7327275276184082,0.0845106616616249,0.6482168659567833,lower_is_better,True,False,0.6482168659567833,0,True,True,True,0.6482168659567833,failure
perturbation_regression,results/perturbation_regression/perturbation_regression_fold_results.csv,dataset=dixit;context=dataset::all;method=frozen_linear;fold_id=17;n_train=18;n_test=1,v4_type_pe_best,baseline,mse,3.965109348297119,3.348284721374512,0.616824626922607,lower_is_better,True,False,0.616824626922607,0,True,True,True,0.616824626922607,failure
perturbation_regression,results/perturbation_regression/perturbation_regression_fold_results.csv,dataset=dixit;context=dataset::all;method=frozen_linear;fold_id=8;n_train=18;n_test=1,v4_type_pe_best,baseline,mse,0.8153007626533508,0.1992620527744293,0.6160387098789215,lower_is_better,True,False,0.6160387098789215,0,True,True,True,0.6160387098789215,failure
perturbation_regression,results/perturbation_regression/perturbation_regression_fold_results.csv,dataset=dixit;context=dataset::all;method=frozen_linear;fold_id=2;n_train=18;n_test=1,v4_type_pe_best,baseline,mse,0.8431880474090576,0.6565757989883423,0.18661224842071533,lower_is_better,True,False,0.18661224842071533,0,True,True,True,0.18661224842071533,failure
perturbation_regression,results/perturbation_regression/perturbation_regression_fold_results.csv,dataset=dixit;context=dataset::all;method=frozen_linear;fold_id=7;n_train=18;n_test=1,v4_type_pe_best,baseline,mse,0.2981128096580505,1.394498586654663,-1.0963857769966125,lower_is_better,False,True,0,1.0963857769966125,True,True,True,0,improvement
perturbation_regression,results/perturbation_regression/perturbation_regression_fold_results.csv,dataset=dixit;context=dataset::all;method=frozen_linear;fold_id=9;n_train=18;n_test=1,v4_type_pe_best,baseline,mse,3.307222843170166,4.176182746887207,-0.868959903717041,lower_is_better,False,True,0,0.868959903717041,True,True,True,0,improvement
perturbation_regression,results/perturbation_regression/perturbation_regression_fold_results.csv,dataset=dixit;context=dataset::all;method=frozen_linear;fold_id=4;n_train=18;n_test=1,v4_type_pe_best,baseline,mse,0.3677529692649841,1.017870306968689,-0.6501173377037048,lower_is_better,False,True,0,0.6501173377037048,True,True,True,0,improvement
perturbation_regression,results/perturbation_regression/perturbation_regression_fold_results.csv,dataset=dixit;context=dataset::all;method=frozen_linear;fold_id=6;n_train=18;n_test=1,v4_type_pe_best,baseline,mse,0.5424249172210693,0.7992085218429565,-0.2567836046218872,lower_is_better,False,True,0,0.2567836046218872,True,True,True,0,improvement
perturbation_regression,results/perturbation_regression/perturbation_regression_fold_results.csv,dataset=dixit;context=dataset::all;method=frozen_linear;fold_id=1;n_train=18;n_test=1,v4_type_pe_best,baseline,pearson_r,-0.8682308197021484,0.98113214969635,-1.8493629693984985,higher_is_better,True,False,1.8493629693984985,0,True,True,True,1.8493629693984985,failure
perturbation_regression,results/perturbation_regression/perturbation_regression_fold_results.csv,dataset=dixit;context=dataset::all;method=frozen_linear;fold_id=3;n_train=18;n_test=1,v4_type_pe_best,baseline,pearson_r,-0.9860501289367676,0.8265742659568787,-1.8126243948936462,higher_is_better,True,False,1.8126243948936462,0,True,True,True,1.8126243948936462,failure
perturbation_regression,results/perturbation_regression/perturbation_regression_fold_results.csv,dataset=dixit;context=dataset::all;method=frozen_linear;fold_id=14;n_train=18;n_test=1,v4_type_pe_best,baseline,pearson_r,0.9240862727165222,0.989834189414978,-0.06574791669845581,higher_is_better,True,False,0.06574791669845581,0,True,True,True,0.06574791669845581,failure
perturbation_regression,results/perturbation_regression/perturbation_regression_fold_results.csv,dataset=dixit;context=dataset::all;method=frozen_linear;fold_id=2;n_train=18;n_test=1,v4_type_pe_best,baseline,pearson_r,0.9439269304275512,0.9794689416885376,-0.03554201126098644,higher_is_better,True,False,0.03554201126098644,0,True,True,True,0.03554201126098644,failure
perturbation_regression,results/perturbation_regression/perturbation_regression_fold_results.csv,dataset=dixit;context=dataset::all;method=frozen_linear;fold_id=8;n_train=18;n_test=1,v4_type_pe_best,baseline,pearson_r,0.9606634378433228,0.9908548593521118,-0.030191421508789062,higher_is_better,True,False,0.030191421508789062,0,True,True,True,0.030191421508789062,failure
perturbation_regression,results/perturbation_regression/perturbation_regression_fold_results.csv,dataset=dixit;context=dataset::all;method=frozen_linear;fold_id=5;n_train=18;n_test=1,v4_type_pe_best,baseline,pearson_r,-0.9852370023727416,-0.9624046087265016,-0.022832393646240012,higher_is_better,True,False,0.022832393646240012,0,True,True,True,0.022832393646240012,failure
perturbation_regression,results/perturbation_regression/perturbation_regression_fold_results.csv,dataset=dixit;context=dataset::all;method=frozen_linear;fold_id=10;n_train=18;n_test=1,v4_type_pe_best,baseline,pearson_r,-0.9912534952163696,-0.9748427271842957,-0.016410768032073975,higher_is_better,True,False,0.016410768032073975,0,True,True,True,0.016410768032073975,failure
perturbation_regression,results/perturbation_regression/perturbation_regression_fold_results.csv,dataset=dixit;context=dataset::all;method=frozen_linear;fold_id=16;n_train=18;n_test=1,v4_type_pe_best,baseline,pearson_r,0.9665611386299132,0.975261092185974,-0.008699953556060791,higher_is_better,True,False,0.008699953556060791,0,True,True,True,0.008699953556060791,failure
perturbation_regression,results/perturbation_regression/perturbation_regression_fold_results.csv,dataset=dixit;context=dataset::all;method=frozen_linear;fold_id=7;n_train=18;n_test=1,v4_type_pe_best,baseline,pearson_r,0.988968014717102,-0.2159157842397689,1.204883798956871,higher_is_better,False,True,0,1.204883798956871,True,True,True,0,improvement
perturbation_regression,results/perturbation_regression/perturbation_regression_fold_results.csv,dataset=dixit;context=dataset::all;method=frozen_linear;fold_id=4;n_train=18;n_test=1,v4_type_pe_best,baseline,pearson_r,0.989592432975769,0.8490070104598999,0.14058542251586914,higher_is_better,False,True,0,0.14058542251586914,True,True,True,0,improvement
perturbation_regression,results/perturbation_regression/perturbation_regression_fold_results.csv,dataset=dixit;context=dataset::all;method=frozen_linear;fold_id=1;n_train=18;n_test=1,v4_type_pe_best,baseline,sign_acc,0.02734375,1.0,-0.97265625,higher_is_better,True,False,0.97265625,0,True,True,True,0.97265625,failure
perturbation_regression,results/perturbation_regression/perturbation_regression_fold_results.csv,dataset=dixit;context=dataset::all;method=frozen_linear;fold_id=3;n_train=18;n_test=1,v4_type_pe_best,baseline,sign_acc,0.00390625,0.93359375,-0.9296875,higher_is_better,True,False,0.9296875,0,True,True,True,0.9296875,failure
perturbation_regression,results/perturbation_regression/perturbation_regression_fold_results.csv,dataset=dixit;context=dataset::all;method=frozen_linear;fold_id=14;n_train=18;n_test=1,v4_type_pe_best,baseline,sign_acc,0.99609375,1.0,-0.00390625,higher_is_better,True,False,0.00390625,0,True,True,True,0.00390625,failure
perturbation_regression,results/perturbation_regression/perturbation_regression_fold_results.csv,dataset=dixit;context=dataset::all;method=frozen_linear;fold_id=7;n_train=18;n_test=1,v4_type_pe_best,baseline,sign_acc,1.0,0.37890625,0.62109375,higher_is_better,False,True,0,0.62109375,True,True,True,0,improvement
perturbation_regression,results/perturbation_regression/perturbation_regression_fold_results.csv,dataset=dixit;context=dataset::all;method=frozen_linear;fold_id=4;n_train=18;n_test=1,v4_type_pe_best,baseline,sign_acc,1.0,0.97265625,0.02734375,higher_is_better,False,True,0,0.02734375,True,True,True,0,improvement
perturbation_regression,results/perturbation_regression/perturbation_regression_fold_results.csv,dataset=dixit;context=dataset::all;method=frozen_linear;fold_id=0;n_train=18;n_test=1,v4_type_pe_best,baseline,sign_acc,1.0,0.99609375,0.00390625,higher_is_better,False,True,0,0.00390625,True,True,True,0,improvement
perturbation_regression,results/perturbation_regression/perturbation_regression_fold_results.csv,dataset=dixit;context=dataset::all;method=frozen_linear;fold_id=2;n_train=18;n_test=1,v4_type_pe_best,baseline,sign_acc,1.0,1.0,0.0,higher_is_better,False,False,0,0,True,True,True,0,tie
perturbation_regression,results/perturbation_regression/perturbation_regression_fold_results.csv,dataset=dixit;context=dataset::all;method=frozen_linear;fold_id=5;n_train=18;n_test=1,v4_type_pe_best,baseline,sign_acc,0.0,0.0,0.0,higher_is_better,False,False,0,0,True,True,True,0,tie
perturbation_regression,results/perturbation_regression/perturbation_regression_fold_results.csv,dataset=dixit;context=dataset::all;method=frozen_linear;fold_id=6;n_train=18;n_test=1,v4_type_pe_best,baseline,sign_acc,0.99609375,0.99609375,0.0,higher_is_better,False,False,0,0,True,True,True,0,tie
perturbation_regression,results/perturbation_regression/perturbation_regression_fold_results.csv,dataset=dixit;context=dataset::all;method=frozen_linear;fold_id=8;n_train=18;n_test=1,v4_type_pe_best,baseline,sign_acc,1.0,1.0,0.0,higher_is_better,False,False,0,0,True,True,True,0,tie
perturbation_regression,results/perturbation_regression/perturbation_regression_fold_results.csv,dataset=dixit;context=dataset::all;method=frozen_linear;fold_id=9;n_train=18;n_test=1,v4_type_pe_best,scGPT_human,mse,3.307222843170166,1.6089675426483154,1.6982553005218506,lower_is_better,True,False,1.6982553005218506,0,True,True,True,1.6982553005218506,failure
perturbation_regression,results/perturbation_regression/perturbation_regression_fold_results.csv,dataset=dixit;context=dataset::all;method=frozen_linear;fold_id=17;n_train=18;n_test=1,v4_type_pe_best,scGPT_human,mse,3.965109348297119,2.7716593742370605,1.1934499740600586,lower_is_better,True,False,1.1934499740600586,0,True,True,True,1.1934499740600586,failure
perturbation_regression,results/perturbation_regression/perturbation_regression_fold_results.csv,dataset=dixit;context=dataset::all;method=frozen_linear;fold_id=3;n_train=18;n_test=1,v4_type_pe_best,scGPT_human,mse,2.0780763626098637,0.9064547419548036,1.1716216206550603,lower_is_better,True,False,1.1716216206550603,0,True,True,True,1.1716216206550603,failure
perturbation_regression,results/perturbation_regression/perturbation_regression_fold_results.csv,dataset=dixit;context=dataset::all;method=frozen_linear;fold_id=8;n_train=18;n_test=1,v4_type_pe_best,scGPT_human,mse,0.8153007626533508,0.4688891470432281,0.34641161561012274,lower_is_better,True,False,0.34641161561012274,0,True,True,True,0.34641161561012274,failure
perturbation_regression,results/perturbation_regression/perturbation_regression_fold_results.csv,dataset=dixit;context=dataset::all;method=frozen_linear;fold_id=6;n_train=18;n_test=1,v4_type_pe_best,scGPT_human,mse,0.5424249172210693,0.2354008555412292,0.30702406167984014,lower_is_better,True,False,0.30702406167984014,0,True,True,True,0.30702406167984014,failure
perturbation_regression,results/perturbation_regression/perturbation_regression_fold_results.csv,dataset=dixit;context=dataset::all;method=frozen_linear;fold_id=5;n_train=18;n_test=1,v4_type_pe_best,scGPT_human,mse,2.442577362060547,2.268958568572998,0.17361879348754883,lower_is_better,True,False,0.17361879348754883,0,True,True,True,0.17361879348754883,failure
perturbation_regression,results/perturbation_regression/perturbation_regression_fold_results.csv,dataset=dixit;context=dataset::all;method=frozen_linear;fold_id=1;n_train=18;n_test=1,v4_type_pe_best,scGPT_human,mse,1.7092831134796145,2.300218105316162,-0.5909349918365476,lower_is_better,False,True,0,0.5909349918365476,True,True,True,0,improvement
perturbation_regression,results/perturbation_regression/perturbation_regression_fold_results.csv,dataset=dixit;context=dataset::all;method=frozen_linear;fold_id=4;n_train=18;n_test=1,v4_type_pe_best,scGPT_human,mse,0.3677529692649841,0.8486590385437012,-0.4809060692787171,lower_is_better,False,True,0,0.4809060692787171,True,True,True,0,improvement
perturbation_regression,results/perturbation_regression/perturbation_regression_fold_results.csv,dataset=dixit;context=dataset::all;method=frozen_linear;fold_id=10;n_train=18;n_test=1,v4_type_pe_best,scGPT_human,mse,2.107635021209717,2.471885204315185,-0.3642501831054683,lower_is_better,False,True,0,0.3642501831054683,True,True,True,0,improvement
perturbation_regression,results/perturbation_regression/perturbation_regression_fold_results.csv,dataset=dixit;context=dataset::all;method=frozen_linear;fold_id=11;n_train=18;n_test=1,v4_type_pe_best,scGPT_human,mse,0.148683950304985,0.4614448249340057,-0.3127608746290207,lower_is_better,False,True,0,0.3127608746290207,True,True,True,0,improvement
perturbation_regression,results/perturbation_regression/perturbation_regression_fold_results.csv,dataset=dixit;context=dataset::all;method=frozen_linear;fold_id=14;n_train=18;n_test=1,v4_type_pe_best,scGPT_human,pearson_r,0.9240862727165222,0.959985852241516,-0.035899579524993785,higher_is_better,True,False,0.035899579524993785,0,True,True,True,0.035899579524993785,failure
perturbation_regression,results/perturbation_regression/perturbation_regression_fold_results.csv,dataset=dixit;context=dataset::all;method=frozen_linear;fold_id=8;n_train=18;n_test=1,v4_type_pe_best,scGPT_human,pearson_r,0.9606634378433228,0.988367795944214,-0.027704358100891224,higher_is_better,True,False,0.027704358100891224,0,True,True,True,0.027704358100891224,failure
perturbation_regression,results/perturbation_regression/perturbation_regression_fold_results.csv,dataset=dixit;context=dataset::all;method=frozen_linear;fold_id=2;n_train=18;n_test=1,v4_type_pe_best,scGPT_human,pearson_r,0.9439269304275512,0.9611549973487854,-0.017228066921234242,higher_is_better,True,False,0.017228066921234242,0,True,True,True,0.017228066921234242,failure
perturbation_regression,results/perturbation_regression/perturbation_regression_fold_results.csv,dataset=dixit;context=dataset::all;method=frozen_linear;fold_id=16;n_train=18;n_test=1,v4_type_pe_best,scGPT_human,pearson_r,0.9665611386299132,0.9823938608169556,-0.015832722187042347,higher_is_better,True,False,0.015832722187042347,0,True,True,True,0.015832722187042347,failure
perturbation_regression,results/perturbation_regression/perturbation_regression_fold_results.csv,dataset=dixit;context=dataset::all;method=frozen_linear;fold_id=0;n_train=18;n_test=1,v4_type_pe_best,scGPT_human,pearson_r,0.978050947189331,0.9883593320846558,-0.010308384895324707,higher_is_better,True,False,0.010308384895324707,0,True,True,True,0.010308384895324707,failure
perturbation_regression,results/perturbation_regression/perturbation_regression_fold_results.csv,dataset=dixit;context=dataset::all;method=frozen_linear;fold_id=3;n_train=18;n_test=1,v4_type_pe_best,scGPT_human,pearson_r,-0.9860501289367676,-0.9791350960731506,-0.006915032863616943,higher_is_better,True,False,0.006915032863616943,0,True,True,True,0.006915032863616943,failure
perturbation_regression,results/perturbation_regression/perturbation_regression_fold_results.csv,dataset=dixit;context=dataset::all;method=frozen_linear;fold_id=9;n_train=18;n_test=1,v4_type_pe_best,scGPT_human,pearson_r,-0.988808274269104,-0.985987901687622,-0.0028203725814820446,higher_is_better,True,False,0.0028203725814820446,0,True,True,True,0.0028203725814820446,failure
perturbation_regression,results/perturbation_regression/perturbation_regression_fold_results.csv,dataset=dixit;context=dataset::all;method=frozen_linear;fold_id=1;n_train=18;n_test=1,v4_type_pe_best,scGPT_human,pearson_r,-0.8682308197021484,-0.9849434494972228,0.11671262979507435,higher_is_better,False,True,0,0.11671262979507435,True,True,True,0,improvement
perturbation_regression,results/perturbation_regression/perturbation_regression_fold_results.csv,dataset=dixit;context=dataset::all;method=frozen_linear;fold_id=4;n_train=18;n_test=1,v4_type_pe_best,scGPT_human,pearson_r,0.989592432975769,0.9684524536132812,0.021139979362487793,higher_is_better,False,True,0,0.021139979362487793,True,True,True,0,improvement
perturbation_regression,results/perturbation_regression/perturbation_regression_fold_results.csv,dataset=dixit;context=dataset::all;method=frozen_linear;fold_id=10;n_train=18;n_test=1,v4_type_pe_best,scGPT_human,pearson_r,-0.9912534952163696,-0.9942875504493712,0.003034055233001598,higher_is_better,False,True,0,0.003034055233001598,True,True,True,0,improvement
perturbation_regression,results/perturbation_regression/perturbation_regression_fold_results.csv,dataset=dixit;context=dataset::all;method=frozen_linear;fold_id=14;n_train=18;n_test=1,v4_type_pe_best,scGPT_human,sign_acc,0.99609375,1.0,-0.00390625,higher_is_better,True,False,0.00390625,0,True,True,True,0.00390625,failure
perturbation_regression,results/perturbation_regression/perturbation_regression_fold_results.csv,dataset=dixit;context=dataset::all;method=frozen_linear;fold_id=1;n_train=18;n_test=1,v4_type_pe_best,scGPT_human,sign_acc,0.02734375,0.0,0.02734375,higher_is_better,False,True,0,0.02734375,True,True,True,0,improvement
perturbation_regression,results/perturbation_regression/perturbation_regression_fold_results.csv,dataset=dixit;context=dataset::all;method=frozen_linear;fold_id=3;n_train=18;n_test=1,v4_type_pe_best,scGPT_human,sign_acc,0.00390625,0.0,0.00390625,higher_is_better,False,True,0,0.00390625,True,True,True,0,improvement
perturbation_regression,results/perturbation_regression/perturbation_regression_fold_results.csv,dataset=dixit;context=dataset::all;method=frozen_linear;fold_id=0;n_train=18;n_test=1,v4_type_pe_best,scGPT_human,sign_acc,1.0,1.0,0.0,higher_is_better,False,False,0,0,True,True,True,0,tie
perturbation_regression,results/perturbation_regression/perturbation_regression_fold_results.csv,dataset=dixit;context=dataset::all;method=frozen_linear;fold_id=2;n_train=18;n_test=1,v4_type_pe_best,scGPT_human,sign_acc,1.0,1.0,0.0,higher_is_better,False,False,0,0,True,True,True,0,tie
perturbation_regression,results/perturbation_regression/perturbation_regression_fold_results.csv,dataset=dixit;context=dataset::all;method=frozen_linear;fold_id=4;n_train=18;n_test=1,v4_type_pe_best,scGPT_human,sign_acc,1.0,1.0,0.0,higher_is_better,False,False,0,0,True,True,True,0,tie
perturbation_regression,results/perturbation_regression/perturbation_regression_fold_results.csv,dataset=dixit;context=dataset::all;method=frozen_linear;fold_id=5;n_train=18;n_test=1,v4_type_pe_best,scGPT_human,sign_acc,0.0,0.0,0.0,higher_is_better,False,False,0,0,True,True,True,0,tie
perturbation_regression,results/perturbation_regression/perturbation_regression_fold_results.csv,dataset=dixit;context=dataset::all;method=frozen_linear;fold_id=6;n_train=18;n_test=1,v4_type_pe_best,scGPT_human,sign_acc,0.99609375,0.99609375,0.0,higher_is_better,False,False,0,0,True,True,True,0,tie
perturbation_regression,results/perturbation_regression/perturbation_regression_fold_results.csv,dataset=dixit;context=dataset::all;method=frozen_linear;fold_id=7;n_train=18;n_test=1,v4_type_pe_best,scGPT_human,sign_acc,1.0,1.0,0.0,higher_is_better,False,False,0,0,True,True,True,0,tie
perturbation_regression,results/perturbation_regression/perturbation_regression_fold_results.csv,dataset=dixit;context=dataset::all;method=frozen_linear;fold_id=8;n_train=18;n_test=1,v4_type_pe_best,scGPT_human,sign_acc,1.0,1.0,0.0,higher_is_better,False,False,0,0,True,True,True,0,tie
