dataset,negative_protocol,embedding,clf,test_positive_ratio,test_n_positive,test_negative_to_positive_ratio,auprc,random_auprc_baseline,auprc_lift_over_random,flags,source_file
hESC_STRING_1000,full_candidate,minus,lr,0.0095482628580598,119.0,103.7310924369748,0.2407672982946225,0.0095482628580598,25.215822173494942,low_positive_ratio;high_negative_to_positive_ratio,results/grn_beeline_full/grn_beeline_full_results.csv
hESC_STRING_1000,full_candidate,minus,mlp,0.0095482628580598,119.0,103.7310924369748,0.285768923190061,0.0095482628580598,29.928891510233203,low_positive_ratio;high_negative_to_positive_ratio,results/grn_beeline_full/grn_beeline_full_results.csv
hESC_STRING_1000,full_candidate,baseline,lr,0.0095482628580598,119.0,103.7310924369748,0.2225239387585884,0.0095482628580598,23.305175199565575,low_positive_ratio;high_negative_to_positive_ratio,results/grn_beeline_full/grn_beeline_full_results.csv
hESC_STRING_1000,full_candidate,baseline,mlp,0.0095482628580598,119.0,103.7310924369748,0.2743624813843233,0.0095482628580598,28.73428239909951,low_positive_ratio;high_negative_to_positive_ratio,results/grn_beeline_full/grn_beeline_full_results.csv
hESC_STRING_1000,full_candidate,scGPT_human,lr,0.0095482628580598,119.0,103.7310924369748,0.1755547457159559,0.0095482628580598,18.38604030132749,low_positive_ratio;high_negative_to_positive_ratio,results/grn_beeline_full/grn_beeline_full_results.csv
hESC_STRING_1000,full_candidate,scGPT_human,mlp,0.0095482628580598,119.0,103.7310924369748,0.2810641430853672,0.0095482628580598,29.436154750192877,low_positive_ratio;high_negative_to_positive_ratio,results/grn_beeline_full/grn_beeline_full_results.csv
hESC_STRING_1000,full_candidate,v4_bias_rec_best,lr,0.0095482628580598,119.0,103.7310924369748,0.1841180952224574,0.0095482628580598,19.282889250063025,low_positive_ratio;high_negative_to_positive_ratio,results/grn_beeline_full/grn_beeline_full_results.csv
hESC_STRING_1000,full_candidate,v4_bias_rec_best,mlp,0.0095482628580598,119.0,103.7310924369748,0.2328723042398932,0.0095482628580598,24.388970821359717,low_positive_ratio;high_negative_to_positive_ratio,results/grn_beeline_full/grn_beeline_full_results.csv
hESC_STRING_1000,full_candidate,v4_plain_best,lr,0.0095482628580598,119.0,103.7310924369748,0.2367303723173562,0.0095482628580598,24.793030505808638,low_positive_ratio;high_negative_to_positive_ratio,results/grn_beeline_full/grn_beeline_full_results.csv
hESC_STRING_1000,full_candidate,v4_plain_best,mlp,0.0095482628580598,119.0,103.7310924369748,0.2538899894574291,0.0095482628580598,26.590175954688718,low_positive_ratio;high_negative_to_positive_ratio,results/grn_beeline_full/grn_beeline_full_results.csv
hESC_STRING_1000,full_candidate,v4_type_pe_best,lr,0.0095482628580598,119.0,103.7310924369748,0.2164231047880956,0.0095482628580598,22.666228193059254,low_positive_ratio;high_negative_to_positive_ratio,results/grn_beeline_full/grn_beeline_full_results.csv
hESC_STRING_1000,full_candidate,v4_type_pe_best,mlp,0.0095482628580598,119.0,103.7310924369748,0.2621114836850665,0.0095482628580598,27.451222026613472,low_positive_ratio;high_negative_to_positive_ratio,results/grn_beeline_full/grn_beeline_full_results.csv
hESC_STRING_1000,full_candidate,scconcept,lr,0.0095482628580598,119.0,103.7310924369748,0.0561885385692486,0.0095482628580598,5.884687026794533,low_positive_ratio;high_negative_to_positive_ratio,results/grn_beeline_full/grn_beeline_full_results.csv
hESC_STRING_1000,full_candidate,scconcept,mlp,0.0095482628580598,119.0,103.7310924369748,0.0392893713537246,0.0095482628580598,4.114818783037585,low_positive_ratio;high_negative_to_positive_ratio,results/grn_beeline_full/grn_beeline_full_results.csv
hESC_STRING_1000,full_candidate,scconcept_encoded,lr,0.0095482628580598,119.0,103.7310924369748,0.0487313670045571,0.0095482628580598,5.103689302334444,low_positive_ratio;high_negative_to_positive_ratio,results/grn_beeline_full/grn_beeline_full_results.csv
hESC_STRING_1000,full_candidate,scconcept_encoded,mlp,0.0095482628580598,119.0,103.7310924369748,0.030754188088932,0.0095482628580598,3.2209197155660654,low_positive_ratio;high_negative_to_positive_ratio,results/grn_beeline_full/grn_beeline_full_results.csv
hESC_STRING_1000,full_candidate,cl_scratch_v5,lr,0.0095482628580598,119.0,103.7310924369748,0.2108464551277178,0.0095482628580598,22.0821795819896,low_positive_ratio;high_negative_to_positive_ratio,results/grn_beeline_full/grn_beeline_full_results.csv
hESC_STRING_1000,full_candidate,cl_scratch_v5,mlp,0.0095482628580598,119.0,103.7310924369748,0.2274072153638538,0.0095482628580598,23.816606093106948,low_positive_ratio;high_negative_to_positive_ratio,results/grn_beeline_full/grn_beeline_full_results.csv
hESC_STRING_1000,full_candidate,cl_v6_fair,lr,0.009548262858059858,119.0,103.73109243697479,0.21066050820373808,0.009548262858059858,22.06270515750578,low_positive_ratio;high_negative_to_positive_ratio,results/grn_beeline_full/grn_beeline_full_results.csv
hESC_STRING_1000,full_candidate,cl_v6_fair,mlp,0.009548262858059858,119.0,103.73109243697479,0.26928511728493465,0.009548262858059858,28.202524510270088,low_positive_ratio;high_negative_to_positive_ratio,results/grn_beeline_full/grn_beeline_full_results.csv
mHSC-L_STRING_1000,full_candidate,minus,lr,0.0097183006106769,148.0,101.89864864864865,0.3202983861016809,0.0097183006106769,32.958271094206395,low_positive_ratio;high_negative_to_positive_ratio,results/grn_beeline_full/grn_beeline_full_results.csv
mHSC-L_STRING_1000,full_candidate,minus,mlp,0.0097183006106769,148.0,101.89864864864865,0.3725111593839145,0.0097183006106769,38.33089490714656,low_positive_ratio;high_negative_to_positive_ratio,results/grn_beeline_full/grn_beeline_full_results.csv
mHSC-L_STRING_1000,full_candidate,baseline,lr,0.0097183006106769,148.0,101.89864864864865,0.2792170074939357,0.0097183006106769,28.731052750845873,low_positive_ratio;high_negative_to_positive_ratio,results/grn_beeline_full/grn_beeline_full_results.csv
mHSC-L_STRING_1000,full_candidate,baseline,mlp,0.0097183006106769,148.0,101.89864864864865,0.3195205706323449,0.0097183006106769,32.87823493351371,low_positive_ratio;high_negative_to_positive_ratio,results/grn_beeline_full/grn_beeline_full_results.csv
mHSC-L_STRING_1000,full_candidate,scGPT_human,lr,0.0097183006106769,148.0,101.89864864864865,0.3324993743611135,0.0097183006106769,34.213736298280054,low_positive_ratio;high_negative_to_positive_ratio,results/grn_beeline_full/grn_beeline_full_results.csv
mHSC-L_STRING_1000,full_candidate,scGPT_human,mlp,0.0097183006106769,148.0,101.89864864864865,0.3493284026710525,0.0097183006106769,35.945420569442646,low_positive_ratio;high_negative_to_positive_ratio,results/grn_beeline_full/grn_beeline_full_results.csv
mHSC-L_STRING_1000,full_candidate,v4_bias_rec_best,lr,0.0097183006106769,148.0,101.89864864864865,0.2576642327649091,0.0097183006106769,26.513301356600266,low_positive_ratio;high_negative_to_positive_ratio,results/grn_beeline_full/grn_beeline_full_results.csv
mHSC-L_STRING_1000,full_candidate,v4_bias_rec_best,mlp,0.0097183006106769,148.0,101.89864864864865,0.2725451630379298,0.0097183006106769,28.044528972328884,low_positive_ratio;high_negative_to_positive_ratio,results/grn_beeline_full/grn_beeline_full_results.csv
mHSC-L_STRING_1000,full_candidate,v4_plain_best,lr,0.0097183006106769,148.0,101.89864864864865,0.2966709769192273,0.0097183006106769,30.527042618263227,low_positive_ratio;high_negative_to_positive_ratio,results/grn_beeline_full/grn_beeline_full_results.csv
mHSC-L_STRING_1000,full_candidate,v4_plain_best,mlp,0.0097183006106769,148.0,101.89864864864865,0.3612245903028078,0.0097183006106769,37.16952220082105,low_positive_ratio;high_negative_to_positive_ratio,results/grn_beeline_full/grn_beeline_full_results.csv
mHSC-L_STRING_1000,full_candidate,v4_type_pe_best,lr,0.0097183006106769,148.0,101.89864864864865,0.3038809936021905,0.0097183006106769,31.26894359167436,low_positive_ratio;high_negative_to_positive_ratio,results/grn_beeline_full/grn_beeline_full_results.csv
mHSC-L_STRING_1000,full_candidate,v4_type_pe_best,mlp,0.0097183006106769,148.0,101.89864864864865,0.3435844318338802,0.0097183006106769,35.35437373242036,low_positive_ratio;high_negative_to_positive_ratio,results/grn_beeline_full/grn_beeline_full_results.csv
mHSC-L_STRING_1000,full_candidate,scconcept,lr,0.0097183006106769,148.0,101.89864864864865,0.0928441252718887,0.0097183006106769,9.553535025443292,low_positive_ratio;high_negative_to_positive_ratio,results/grn_beeline_full/grn_beeline_full_results.csv
mHSC-L_STRING_1000,full_candidate,scconcept,mlp,0.0097183006106769,148.0,101.89864864864865,0.1061835799080195,0.0097183006106769,10.926146881211116,low_positive_ratio;high_negative_to_positive_ratio,results/grn_beeline_full/grn_beeline_full_results.csv
mHSC-L_STRING_1000,full_candidate,scconcept_encoded,lr,0.0097183006106769,148.0,101.89864864864865,0.0509304635301887,0.0097183006106769,5.240675872305753,low_positive_ratio;high_negative_to_positive_ratio,results/grn_beeline_full/grn_beeline_full_results.csv
mHSC-L_STRING_1000,full_candidate,scconcept_encoded,mlp,0.0097183006106769,148.0,101.89864864864865,0.0334642530273673,0.0097183006106769,3.4434264145525795,low_positive_ratio;high_negative_to_positive_ratio,results/grn_beeline_full/grn_beeline_full_results.csv
mHSC-L_STRING_1000,full_candidate,cl_scratch_v5,lr,0.0097183006106769,148.0,101.89864864864865,0.2760207274862439,0.0097183006106769,28.40215985735169,low_positive_ratio;high_negative_to_positive_ratio,results/grn_beeline_full/grn_beeline_full_results.csv
mHSC-L_STRING_1000,full_candidate,cl_scratch_v5,mlp,0.0097183006106769,148.0,101.89864864864865,0.3554111512835988,0.0097183006106769,36.57132718174311,low_positive_ratio;high_negative_to_positive_ratio,results/grn_beeline_full/grn_beeline_full_results.csv
mHSC-L_STRING_1000,full_candidate,cl_v6_fair,lr,0.009718300610676998,148.0,101.89864864864865,0.31485195381865666,0.009718300610676998,32.3978405723265,low_positive_ratio;high_negative_to_positive_ratio,results/grn_beeline_full/grn_beeline_full_results.csv
mHSC-L_STRING_1000,full_candidate,cl_v6_fair,mlp,0.009718300610676998,148.0,101.89864864864865,0.370788111849589,0.009718300610676998,38.15359564430669,low_positive_ratio;high_negative_to_positive_ratio,results/grn_beeline_full/grn_beeline_full_results.csv
mHSC-GM_STRING_1000,full_candidate,minus,lr,0.0098091399893544,129.0,100.94573643410853,0.3430287073708551,0.0098091399893544,34.97031419096221,low_positive_ratio;high_negative_to_positive_ratio,results/grn_beeline_full/grn_beeline_full_results.csv
mHSC-GM_STRING_1000,full_candidate,minus,mlp,0.0098091399893544,129.0,100.94573643410853,0.3798452129818996,0.0098091399893544,38.72359996841064,low_positive_ratio;high_negative_to_positive_ratio,results/grn_beeline_full/grn_beeline_full_results.csv
mHSC-GM_STRING_1000,full_candidate,baseline,lr,0.0098091399893544,129.0,100.94573643410853,0.3300590491082745,0.0098091399893544,33.648112828084706,low_positive_ratio;high_negative_to_positive_ratio,results/grn_beeline_full/grn_beeline_full_results.csv
mHSC-GM_STRING_1000,full_candidate,baseline,mlp,0.0098091399893544,129.0,100.94573643410853,0.3881014700120673,0.0098091399893544,39.565290171540376,low_positive_ratio;high_negative_to_positive_ratio,results/grn_beeline_full/grn_beeline_full_results.csv
mHSC-GM_STRING_1000,full_candidate,scGPT_human,lr,0.0098091399893544,129.0,100.94573643410853,0.3205830542622098,0.0098091399893544,32.68207555505683,low_positive_ratio;high_negative_to_positive_ratio,results/grn_beeline_full/grn_beeline_full_results.csv
mHSC-GM_STRING_1000,full_candidate,scGPT_human,mlp,0.0098091399893544,129.0,100.94573643410853,0.448048942982176,0.0098091399893544,45.67667945084194,low_positive_ratio;high_negative_to_positive_ratio,results/grn_beeline_full/grn_beeline_full_results.csv
mHSC-GM_STRING_1000,full_candidate,v4_bias_rec_best,lr,0.0098091399893544,129.0,100.94573643410853,0.284335748903621,0.0098091399893544,28.986817316523474,low_positive_ratio;high_negative_to_positive_ratio,results/grn_beeline_full/grn_beeline_full_results.csv
mHSC-GM_STRING_1000,full_candidate,v4_bias_rec_best,mlp,0.0098091399893544,129.0,100.94573643410853,0.3481027058204879,0.0098091399893544,35.48758669957555,low_positive_ratio;high_negative_to_positive_ratio,results/grn_beeline_full/grn_beeline_full_results.csv
mHSC-GM_STRING_1000,full_candidate,v4_plain_best,lr,0.0098091399893544,129.0,100.94573643410853,0.3432712768959499,0.0098091399893544,34.99504311983447,low_positive_ratio;high_negative_to_positive_ratio,results/grn_beeline_full/grn_beeline_full_results.csv
mHSC-GM_STRING_1000,full_candidate,v4_plain_best,mlp,0.0098091399893544,129.0,100.94573643410853,0.4311470353867114,0.0098091399893544,43.95360203388104,low_positive_ratio;high_negative_to_positive_ratio,results/grn_beeline_full/grn_beeline_full_results.csv
mHSC-GM_STRING_1000,full_candidate,v4_type_pe_best,lr,0.0098091399893544,129.0,100.94573643410853,0.3585521539433394,0.0098091399893544,36.55286338378966,low_positive_ratio;high_negative_to_positive_ratio,results/grn_beeline_full/grn_beeline_full_results.csv
mHSC-GM_STRING_1000,full_candidate,v4_type_pe_best,mlp,0.0098091399893544,129.0,100.94573643410853,0.4013829312709112,0.0098091399893544,40.9192785204943,low_positive_ratio;high_negative_to_positive_ratio,results/grn_beeline_full/grn_beeline_full_results.csv
mHSC-GM_STRING_1000,full_candidate,scconcept,lr,0.0098091399893544,129.0,100.94573643410853,0.0650722098767379,0.0098091399893544,6.63383435727893,low_positive_ratio;high_negative_to_positive_ratio,results/grn_beeline_full/grn_beeline_full_results.csv
mHSC-GM_STRING_1000,full_candidate,scconcept,mlp,0.0098091399893544,129.0,100.94573643410853,0.1284718048063213,0.0098091399893544,13.097152751999499,low_positive_ratio;high_negative_to_positive_ratio,results/grn_beeline_full/grn_beeline_full_results.csv
mHSC-GM_STRING_1000,full_candidate,scconcept_encoded,lr,0.0098091399893544,129.0,100.94573643410853,0.0578002224360291,0.0098091399893544,5.892486242296282,low_positive_ratio;high_negative_to_positive_ratio,results/grn_beeline_full/grn_beeline_full_results.csv
mHSC-GM_STRING_1000,full_candidate,scconcept_encoded,mlp,0.0098091399893544,129.0,100.94573643410853,0.0594390036399437,0.0098091399893544,6.059552998983731,low_positive_ratio;high_negative_to_positive_ratio,results/grn_beeline_full/grn_beeline_full_results.csv
mHSC-GM_STRING_1000,full_candidate,cl_scratch_v5,lr,0.0098091399893544,129.0,100.94573643410853,0.3597975748952137,0.0098091399893544,36.67982873989896,low_positive_ratio;high_negative_to_positive_ratio,results/grn_beeline_full/grn_beeline_full_results.csv
mHSC-GM_STRING_1000,full_candidate,cl_scratch_v5,mlp,0.0098091399893544,129.0,100.94573643410853,0.4310740401078052,0.0098091399893544,43.946160476416736,low_positive_ratio;high_negative_to_positive_ratio,results/grn_beeline_full/grn_beeline_full_results.csv
mHSC-GM_STRING_1000,full_candidate,cl_v6_fair,lr,0.009809139989354421,129.0,100.94573643410853,0.34477404344204654,0.009809139989354421,35.148243762064766,low_positive_ratio;high_negative_to_positive_ratio,results/grn_beeline_full/grn_beeline_full_results.csv
mHSC-GM_STRING_1000,full_candidate,cl_v6_fair,mlp,0.009809139989354421,129.0,100.94573643410853,0.3629924890578792,0.009809139989354421,37.005536617055576,low_positive_ratio;high_negative_to_positive_ratio,results/grn_beeline_full/grn_beeline_full_results.csv
hHep_Non-Specific_1000,full_candidate,minus,lr,0.0110616946059984,97.0,89.4020618556701,0.1182591623810067,0.0110616946059984,10.690872112567506,low_positive_ratio;high_negative_to_positive_ratio,results/grn_beeline_full/grn_beeline_full_results.csv
hHep_Non-Specific_1000,full_candidate,minus,mlp,0.0110616946059984,97.0,89.4020618556701,0.1710335778973474,0.0110616946059984,15.461788088472577,low_positive_ratio;high_negative_to_positive_ratio,results/grn_beeline_full/grn_beeline_full_results.csv
hHep_Non-Specific_1000,full_candidate,baseline,lr,0.0110616946059984,97.0,89.4020618556701,0.1231206911162332,0.0110616946059984,11.13036433400257,low_positive_ratio;high_negative_to_positive_ratio,results/grn_beeline_full/grn_beeline_full_results.csv
hHep_Non-Specific_1000,full_candidate,baseline,mlp,0.0110616946059984,97.0,89.4020618556701,0.1079215966504152,0.0110616946059984,9.756334855953519,low_positive_ratio;high_negative_to_positive_ratio,results/grn_beeline_full/grn_beeline_full_results.csv
hHep_Non-Specific_1000,full_candidate,scGPT_human,lr,0.0110616946059984,97.0,89.4020618556701,0.1345743102417952,0.0110616946059984,12.165795118662913,low_positive_ratio;high_negative_to_positive_ratio,results/grn_beeline_full/grn_beeline_full_results.csv
hHep_Non-Specific_1000,full_candidate,scGPT_human,mlp,0.0110616946059984,97.0,89.4020618556701,0.281149373360957,0.0110616946059984,25.416483041260133,low_positive_ratio;high_negative_to_positive_ratio,results/grn_beeline_full/grn_beeline_full_results.csv
hHep_Non-Specific_1000,full_candidate,v4_bias_rec_best,lr,0.0110616946059984,97.0,89.4020618556701,0.1049175703884307,0.0110616946059984,9.484764688001539,low_positive_ratio;high_negative_to_positive_ratio,results/grn_beeline_full/grn_beeline_full_results.csv
hHep_Non-Specific_1000,full_candidate,v4_bias_rec_best,mlp,0.0110616946059984,97.0,89.4020618556701,0.0991136686565761,0.0110616946059984,8.960080004634188,low_positive_ratio;high_negative_to_positive_ratio,results/grn_beeline_full/grn_beeline_full_results.csv
hHep_Non-Specific_1000,full_candidate,v4_plain_best,lr,0.0110616946059984,97.0,89.4020618556701,0.1008902440735938,0.0110616946059984,9.120686085374684,low_positive_ratio;high_negative_to_positive_ratio,results/grn_beeline_full/grn_beeline_full_results.csv
hHep_Non-Specific_1000,full_candidate,v4_plain_best,mlp,0.0110616946059984,97.0,89.4020618556701,0.1434781001334517,0.0110616946059984,12.970716083198333,low_positive_ratio;high_negative_to_positive_ratio,results/grn_beeline_full/grn_beeline_full_results.csv
hHep_Non-Specific_1000,full_candidate,v4_type_pe_best,lr,0.0110616946059984,97.0,89.4020618556701,0.1314681844283385,0.0110616946059984,11.884994940743306,low_positive_ratio;high_negative_to_positive_ratio,results/grn_beeline_full/grn_beeline_full_results.csv
hHep_Non-Specific_1000,full_candidate,v4_type_pe_best,mlp,0.0110616946059984,97.0,89.4020618556701,0.1581557659655676,0.0110616946059984,14.297607337650133,low_positive_ratio;high_negative_to_positive_ratio,results/grn_beeline_full/grn_beeline_full_results.csv
hHep_Non-Specific_1000,full_candidate,scconcept,lr,0.0110616946059984,97.0,89.4020618556701,0.0887867685747597,0.0110616946059984,8.026506944660495,low_positive_ratio;high_negative_to_positive_ratio,results/grn_beeline_full/grn_beeline_full_results.csv
hHep_Non-Specific_1000,full_candidate,scconcept,mlp,0.0110616946059984,97.0,89.4020618556701,0.058352572514672,0.0110616946059984,5.275192869908855,low_positive_ratio;high_negative_to_positive_ratio,results/grn_beeline_full/grn_beeline_full_results.csv
hHep_Non-Specific_1000,full_candidate,scconcept_encoded,lr,0.0110616946059984,97.0,89.4020618556701,0.0617885326749111,0.0110616946059984,5.585810752848409,low_positive_ratio;high_negative_to_positive_ratio,results/grn_beeline_full/grn_beeline_full_results.csv
hHep_Non-Specific_1000,full_candidate,scconcept_encoded,mlp,0.0110616946059984,97.0,89.4020618556701,0.0672151875928962,0.0110616946059984,6.076391546413475,low_positive_ratio;high_negative_to_positive_ratio,results/grn_beeline_full/grn_beeline_full_results.csv
hHep_Non-Specific_1000,full_candidate,cl_scratch_v5,lr,0.0110616946059984,97.0,89.4020618556701,0.1552483548406734,0.0110616946059984,14.034771377297583,low_positive_ratio;high_negative_to_positive_ratio,results/grn_beeline_full/grn_beeline_full_results.csv
hHep_Non-Specific_1000,full_candidate,cl_scratch_v5,mlp,0.0110616946059984,97.0,89.4020618556701,0.1733240865687448,0.0110616946059984,15.668854795065192,low_positive_ratio;high_negative_to_positive_ratio,results/grn_beeline_full/grn_beeline_full_results.csv
hHep_Non-Specific_1000,full_candidate,cl_v6_fair,lr,0.011061694605998403,97.0,89.4020618556701,0.1491185247625397,0.011061694605998403,13.48062209940939,low_positive_ratio;high_negative_to_positive_ratio,results/grn_beeline_full/grn_beeline_full_results.csv
hHep_Non-Specific_1000,full_candidate,cl_v6_fair,mlp,0.011061694605998403,97.0,89.4020618556701,0.10325061803241643,0.011061694605998403,9.334068758002678,low_positive_ratio;high_negative_to_positive_ratio,results/grn_beeline_full/grn_beeline_full_results.csv
hESC_STRING_500,full_candidate,minus,lr,0.0115232265034209,32.0,85.78125,0.3032259088137757,0.0115232265034209,26.314323399245605,low_positive_ratio;few_test_positives;high_negative_to_positive_ratio,results/grn_beeline_full/grn_beeline_full_results.csv
hESC_STRING_500,full_candidate,minus,mlp,0.0115232265034209,32.0,85.78125,0.036670048395741,0.0115232265034209,3.1822726373429147,low_positive_ratio;few_test_positives;high_negative_to_positive_ratio,results/grn_beeline_full/grn_beeline_full_results.csv
hESC_STRING_500,full_candidate,baseline,lr,0.0115232265034209,32.0,85.78125,0.2494636417764885,0.0115232265034209,21.648766662916003,low_positive_ratio;few_test_positives;high_negative_to_positive_ratio,results/grn_beeline_full/grn_beeline_full_results.csv
hESC_STRING_500,full_candidate,baseline,mlp,0.0115232265034209,32.0,85.78125,0.0906123201003641,0.0115232265034209,7.863450403709762,low_positive_ratio;few_test_positives;high_negative_to_positive_ratio,results/grn_beeline_full/grn_beeline_full_results.csv
hESC_STRING_500,full_candidate,scGPT_human,lr,0.0115232265034209,32.0,85.78125,0.3449834748554153,0.0115232265034209,29.93809717729666,low_positive_ratio;few_test_positives;high_negative_to_positive_ratio,results/grn_beeline_full/grn_beeline_full_results.csv
hESC_STRING_500,full_candidate,scGPT_human,mlp,0.0115232265034209,32.0,85.78125,0.3695264703013813,0.0115232265034209,32.067969000841906,low_positive_ratio;few_test_positives;high_negative_to_positive_ratio,results/grn_beeline_full/grn_beeline_full_results.csv
hESC_STRING_500,full_candidate,v4_bias_rec_best,lr,0.0115232265034209,32.0,85.78125,0.2261202914651311,0.0115232265034209,19.623001543708508,low_positive_ratio;few_test_positives;high_negative_to_positive_ratio,results/grn_beeline_full/grn_beeline_full_results.csv
hESC_STRING_500,full_candidate,v4_bias_rec_best,mlp,0.0115232265034209,32.0,85.78125,0.0426382581483718,0.0115232265034209,3.700201339938409,low_positive_ratio;few_test_positives;high_negative_to_positive_ratio,results/grn_beeline_full/grn_beeline_full_results.csv
hESC_STRING_500,full_candidate,v4_plain_best,lr,0.0115232265034209,32.0,85.78125,0.2433053598039071,0.0115232265034209,21.114343255482922,low_positive_ratio;few_test_positives;high_negative_to_positive_ratio,results/grn_beeline_full/grn_beeline_full_results.csv
hESC_STRING_500,full_candidate,v4_plain_best,mlp,0.0115232265034209,32.0,85.78125,0.0870248996478697,0.0115232265034209,7.552129572566731,low_positive_ratio;few_test_positives;high_negative_to_positive_ratio,results/grn_beeline_full/grn_beeline_full_results.csv
hESC_STRING_500,full_candidate,v4_type_pe_best,lr,0.0115232265034209,32.0,85.78125,0.2671791957402859,0.0115232265034209,23.186144580336805,low_positive_ratio;few_test_positives;high_negative_to_positive_ratio,results/grn_beeline_full/grn_beeline_full_results.csv
hESC_STRING_500,full_candidate,v4_type_pe_best,mlp,0.0115232265034209,32.0,85.78125,0.0391914791750878,0.0115232265034209,3.401085552163105,low_positive_ratio;few_test_positives;high_negative_to_positive_ratio,results/grn_beeline_full/grn_beeline_full_results.csv
hESC_STRING_500,full_candidate,scconcept,lr,0.0115232265034209,32.0,85.78125,0.242003867296854,0.0115232265034209,21.001398108855216,low_positive_ratio;few_test_positives;high_negative_to_positive_ratio,results/grn_beeline_full/grn_beeline_full_results.csv
hESC_STRING_500,full_candidate,scconcept,mlp,0.0115232265034209,32.0,85.78125,0.0568004037076458,0.0115232265034209,4.9292100342541625,low_positive_ratio;few_test_positives;high_negative_to_positive_ratio,results/grn_beeline_full/grn_beeline_full_results.csv
hESC_STRING_500,full_candidate,scconcept_encoded,lr,0.0115232265034209,32.0,85.78125,0.1092840972333622,0.0115232265034209,9.483810563032762,low_positive_ratio;few_test_positives;high_negative_to_positive_ratio,results/grn_beeline_full/grn_beeline_full_results.csv
hESC_STRING_500,full_candidate,scconcept_encoded,mlp,0.0115232265034209,32.0,85.78125,0.0547411954201456,0.0115232265034209,4.750509365054534,low_positive_ratio;few_test_positives;high_negative_to_positive_ratio,results/grn_beeline_full/grn_beeline_full_results.csv
hESC_STRING_500,full_candidate,cl_scratch_v5,lr,0.0115232265034209,32.0,85.78125,0.2583638918995211,0.0115232265034209,22.421141493905427,low_positive_ratio;few_test_positives;high_negative_to_positive_ratio,results/grn_beeline_full/grn_beeline_full_results.csv
hESC_STRING_500,full_candidate,cl_scratch_v5,mlp,0.0115232265034209,32.0,85.78125,0.0694631210544146,0.0115232265034209,6.028096474003448,low_positive_ratio;few_test_positives;high_negative_to_positive_ratio,results/grn_beeline_full/grn_beeline_full_results.csv
hESC_STRING_500,full_candidate,cl_v6_fair,lr,0.011523226503420959,32.0,85.78125,0.21785434346918056,0.011523226503420959,18.905672244184824,low_positive_ratio;few_test_positives;high_negative_to_positive_ratio,results/grn_beeline_full/grn_beeline_full_results.csv
hESC_STRING_500,full_candidate,cl_v6_fair,mlp,0.011523226503420959,32.0,85.78125,0.0911140294285968,0.011523226503420959,7.906989366350415,low_positive_ratio;few_test_positives;high_negative_to_positive_ratio,results/grn_beeline_full/grn_beeline_full_results.csv
mHSC-GM_STRING_500,full_candidate,minus,lr,0.012190326386158,31.0,81.03225806451613,0.148276789648566,0.012190326386158,12.163479873429221,low_positive_ratio;few_test_positives;high_negative_to_positive_ratio,results/grn_beeline_full/grn_beeline_full_results.csv
mHSC-GM_STRING_500,full_candidate,minus,mlp,0.012190326386158,31.0,81.03225806451613,0.2732220342203811,0.012190326386158,22.41302042007851,low_positive_ratio;few_test_positives;high_negative_to_positive_ratio,results/grn_beeline_full/grn_beeline_full_results.csv
mHSC-GM_STRING_500,full_candidate,baseline,lr,0.012190326386158,31.0,81.03225806451613,0.1177274692873717,0.012190326386158,9.657450141864137,low_positive_ratio;few_test_positives;high_negative_to_positive_ratio,results/grn_beeline_full/grn_beeline_full_results.csv
mHSC-GM_STRING_500,full_candidate,baseline,mlp,0.012190326386158,31.0,81.03225806451613,0.1959763704577036,0.012190326386158,16.076384195933667,low_positive_ratio;few_test_positives;high_negative_to_positive_ratio,results/grn_beeline_full/grn_beeline_full_results.csv
mHSC-GM_STRING_500,full_candidate,scGPT_human,lr,0.012190326386158,31.0,81.03225806451613,0.1992167580914831,0.012190326386158,16.342200510536934,low_positive_ratio;few_test_positives;high_negative_to_positive_ratio,results/grn_beeline_full/grn_beeline_full_results.csv
mHSC-GM_STRING_500,full_candidate,scGPT_human,mlp,0.012190326386158,31.0,81.03225806451613,0.1782180887864952,0.012190326386158,14.61963225109872,low_positive_ratio;few_test_positives;high_negative_to_positive_ratio,results/grn_beeline_full/grn_beeline_full_results.csv
mHSC-GM_STRING_500,full_candidate,v4_bias_rec_best,lr,0.012190326386158,31.0,81.03225806451613,0.1502023391957563,0.012190326386158,12.321437050800348,low_positive_ratio;few_test_positives;high_negative_to_positive_ratio,results/grn_beeline_full/grn_beeline_full_results.csv
mHSC-GM_STRING_500,full_candidate,v4_bias_rec_best,mlp,0.012190326386158,31.0,81.03225806451613,0.2939181052438605,0.012190326386158,24.110765859198136,low_positive_ratio;few_test_positives;high_negative_to_positive_ratio,results/grn_beeline_full/grn_beeline_full_results.csv
mHSC-GM_STRING_500,full_candidate,v4_plain_best,lr,0.012190326386158,31.0,81.03225806451613,0.192112562558407,0.012190326386158,15.759427309226847,low_positive_ratio;few_test_positives;high_negative_to_positive_ratio,results/grn_beeline_full/grn_beeline_full_results.csv
mHSC-GM_STRING_500,full_candidate,v4_plain_best,mlp,0.012190326386158,31.0,81.03225806451613,0.1895101516713633,0.012190326386158,15.545945667750972,low_positive_ratio;few_test_positives;high_negative_to_positive_ratio,results/grn_beeline_full/grn_beeline_full_results.csv
mHSC-GM_STRING_500,full_candidate,v4_type_pe_best,lr,0.012190326386158,31.0,81.03225806451613,0.1389717677507377,0.012190326386158,11.400167915810592,low_positive_ratio;few_test_positives;high_negative_to_positive_ratio,results/grn_beeline_full/grn_beeline_full_results.csv
mHSC-GM_STRING_500,full_candidate,v4_type_pe_best,mlp,0.012190326386158,31.0,81.03225806451613,0.1965665182920024,0.012190326386158,16.124795355373077,low_positive_ratio;few_test_positives;high_negative_to_positive_ratio,results/grn_beeline_full/grn_beeline_full_results.csv
mHSC-GM_STRING_500,full_candidate,scconcept,lr,0.012190326386158,31.0,81.03225806451613,0.0735044568278102,0.012190326386158,6.029736571391052,low_positive_ratio;few_test_positives;high_negative_to_positive_ratio,results/grn_beeline_full/grn_beeline_full_results.csv
mHSC-GM_STRING_500,full_candidate,scconcept,mlp,0.012190326386158,31.0,81.03225806451613,0.0276157666400376,0.012190326386158,2.265383695665035,low_positive_ratio;few_test_positives;high_negative_to_positive_ratio,results/grn_beeline_full/grn_beeline_full_results.csv
mHSC-GM_STRING_500,full_candidate,scconcept_encoded,lr,0.012190326386158,31.0,81.03225806451613,0.0445035725796341,0.012190326386158,3.650728550645493,low_positive_ratio;few_test_positives;high_negative_to_positive_ratio,results/grn_beeline_full/grn_beeline_full_results.csv
mHSC-GM_STRING_500,full_candidate,scconcept_encoded,mlp,0.012190326386158,31.0,81.03225806451613,0.026940087088316,0.012190326386158,2.2099561763092916,low_positive_ratio;few_test_positives;high_negative_to_positive_ratio,results/grn_beeline_full/grn_beeline_full_results.csv
mHSC-GM_STRING_500,full_candidate,cl_scratch_v5,lr,0.012190326386158,31.0,81.03225806451613,0.1142226593681249,0.012190326386158,9.369942670101405,low_positive_ratio;few_test_positives;high_negative_to_positive_ratio,results/grn_beeline_full/grn_beeline_full_results.csv
mHSC-GM_STRING_500,full_candidate,cl_scratch_v5,mlp,0.012190326386158,31.0,81.03225806451613,0.1674462935299022,0.012190326386158,13.735997562791747,low_positive_ratio;few_test_positives;high_negative_to_positive_ratio,results/grn_beeline_full/grn_beeline_full_results.csv
mHSC-GM_STRING_500,full_candidate,cl_v6_fair,lr,0.01219032638615808,31.0,81.03225806451613,0.0817345631619586,0.01219032638615808,6.704870778092281,low_positive_ratio;few_test_positives;high_negative_to_positive_ratio,results/grn_beeline_full/grn_beeline_full_results.csv
mHSC-GM_STRING_500,full_candidate,cl_v6_fair,mlp,0.01219032638615808,31.0,81.03225806451613,0.2187758333003808,0.01219032638615808,17.9466756155764,low_positive_ratio;few_test_positives;high_negative_to_positive_ratio,results/grn_beeline_full/grn_beeline_full_results.csv
mHSC-GM_Non-Specific_1000,full_candidate,minus,lr,0.0123635050988177,137.0,79.88321167883211,0.2301632042967115,0.0123635050988177,18.616339173809344,low_positive_ratio;high_negative_to_positive_ratio,results/grn_beeline_full/grn_beeline_full_results.csv
mHSC-GM_Non-Specific_1000,full_candidate,minus,mlp,0.0123635050988177,137.0,79.88321167883211,0.3063497871826166,0.0123635050988177,24.778554684456942,low_positive_ratio;high_negative_to_positive_ratio,results/grn_beeline_full/grn_beeline_full_results.csv
mHSC-GM_Non-Specific_1000,full_candidate,baseline,lr,0.0123635050988177,137.0,79.88321167883211,0.1994817098999146,0.0123635050988177,16.1347213678903,low_positive_ratio;high_negative_to_positive_ratio,results/grn_beeline_full/grn_beeline_full_results.csv
mHSC-GM_Non-Specific_1000,full_candidate,baseline,mlp,0.0123635050988177,137.0,79.88321167883211,0.2664558560656733,0.0123635050988177,21.551805409224446,low_positive_ratio;high_negative_to_positive_ratio,results/grn_beeline_full/grn_beeline_full_results.csv
mHSC-GM_Non-Specific_1000,full_candidate,scGPT_human,lr,0.0123635050988177,137.0,79.88321167883211,0.1797279079254315,0.0123635050988177,14.536970421326439,low_positive_ratio;high_negative_to_positive_ratio,results/grn_beeline_full/grn_beeline_full_results.csv
mHSC-GM_Non-Specific_1000,full_candidate,scGPT_human,mlp,0.0123635050988177,137.0,79.88321167883211,0.340320185184677,0.0123635050988177,27.52618957687179,low_positive_ratio;high_negative_to_positive_ratio,results/grn_beeline_full/grn_beeline_full_results.csv
mHSC-GM_Non-Specific_1000,full_candidate,v4_bias_rec_best,lr,0.0123635050988177,137.0,79.88321167883211,0.2363509245125065,0.0123635050988177,19.116821857832885,low_positive_ratio;high_negative_to_positive_ratio,results/grn_beeline_full/grn_beeline_full_results.csv
mHSC-GM_Non-Specific_1000,full_candidate,v4_bias_rec_best,mlp,0.0123635050988177,137.0,79.88321167883211,0.2650254503447845,0.0123635050988177,21.43610960051518,low_positive_ratio;high_negative_to_positive_ratio,results/grn_beeline_full/grn_beeline_full_results.csv
mHSC-GM_Non-Specific_1000,full_candidate,v4_plain_best,lr,0.0123635050988177,137.0,79.88321167883211,0.2172188333293202,0.0123635050988177,17.5693568768045,low_positive_ratio;high_negative_to_positive_ratio,results/grn_beeline_full/grn_beeline_full_results.csv
mHSC-GM_Non-Specific_1000,full_candidate,v4_plain_best,mlp,0.0123635050988177,137.0,79.88321167883211,0.2988644591664062,0.0123635050988177,24.1731173140363,low_positive_ratio;high_negative_to_positive_ratio,results/grn_beeline_full/grn_beeline_full_results.csv
mHSC-GM_Non-Specific_1000,full_candidate,v4_type_pe_best,lr,0.0123635050988177,137.0,79.88321167883211,0.2444989998930582,0.0123635050988177,19.775864363613135,low_positive_ratio;high_negative_to_positive_ratio,results/grn_beeline_full/grn_beeline_full_results.csv
mHSC-GM_Non-Specific_1000,full_candidate,v4_type_pe_best,mlp,0.0123635050988177,137.0,79.88321167883211,0.2657390942846449,0.0123635050988177,21.493831414366227,low_positive_ratio;high_negative_to_positive_ratio,results/grn_beeline_full/grn_beeline_full_results.csv
mHSC-GM_Non-Specific_1000,full_candidate,scconcept,lr,0.0123635050988177,137.0,79.88321167883211,0.0929832826210253,0.0123635050988177,7.52078653082912,low_positive_ratio;high_negative_to_positive_ratio,results/grn_beeline_full/grn_beeline_full_results.csv
mHSC-GM_Non-Specific_1000,full_candidate,scconcept,mlp,0.0123635050988177,137.0,79.88321167883211,0.1104690818287787,0.0123635050988177,8.935094129523405,low_positive_ratio;high_negative_to_positive_ratio,results/grn_beeline_full/grn_beeline_full_results.csv
mHSC-GM_Non-Specific_1000,full_candidate,scconcept_encoded,lr,0.0123635050988177,137.0,79.88321167883211,0.0753257967164908,0.0123635050988177,6.09259236069665,low_positive_ratio;high_negative_to_positive_ratio,results/grn_beeline_full/grn_beeline_full_results.csv
mHSC-GM_Non-Specific_1000,full_candidate,scconcept_encoded,mlp,0.0123635050988177,137.0,79.88321167883211,0.0667837643670577,0.0123635050988177,5.401685350010016,low_positive_ratio;high_negative_to_positive_ratio,results/grn_beeline_full/grn_beeline_full_results.csv
mHSC-GM_Non-Specific_1000,full_candidate,cl_scratch_v5,lr,0.0123635050988177,137.0,79.88321167883211,0.2217394398384043,0.0123635050988177,17.934998049995457,low_positive_ratio;high_negative_to_positive_ratio,results/grn_beeline_full/grn_beeline_full_results.csv
mHSC-GM_Non-Specific_1000,full_candidate,cl_scratch_v5,mlp,0.0123635050988177,137.0,79.88321167883211,0.2597284387116537,0.0123635050988177,21.007670287327425,low_positive_ratio;high_negative_to_positive_ratio,results/grn_beeline_full/grn_beeline_full_results.csv
mHSC-GM_Non-Specific_1000,full_candidate,cl_v6_fair,lr,0.012363505098817796,137.0,79.88321167883211,0.1938686051704839,0.012363505098817796,15.680715429884176,low_positive_ratio;high_negative_to_positive_ratio,results/grn_beeline_full/grn_beeline_full_results.csv
mHSC-GM_Non-Specific_1000,full_candidate,cl_v6_fair,mlp,0.012363505098817796,137.0,79.88321167883211,0.2631803227031131,0.012363505098817796,21.286869750899243,low_positive_ratio;high_negative_to_positive_ratio,results/grn_beeline_full/grn_beeline_full_results.csv
mHSC-L_Non-Specific_1000,full_candidate,minus,lr,0.0132547864506627,153.0,74.44444444444444,0.1662665470638007,0.0132547864506627,12.543887272924557,low_positive_ratio;high_negative_to_positive_ratio,results/grn_beeline_full/grn_beeline_full_results.csv
mHSC-L_Non-Specific_1000,full_candidate,minus,mlp,0.0132547864506627,153.0,74.44444444444444,0.2474975543337913,0.0132547864506627,18.672315488071646,low_positive_ratio;high_negative_to_positive_ratio,results/grn_beeline_full/grn_beeline_full_results.csv
mHSC-L_Non-Specific_1000,full_candidate,baseline,lr,0.0132547864506627,153.0,74.44444444444444,0.1535244317163078,0.0132547864506627,11.582565459485924,low_positive_ratio;high_negative_to_positive_ratio,results/grn_beeline_full/grn_beeline_full_results.csv
mHSC-L_Non-Specific_1000,full_candidate,baseline,mlp,0.0132547864506627,153.0,74.44444444444444,0.1980107695541706,0.0132547864506627,14.938812503031361,low_positive_ratio;high_negative_to_positive_ratio,results/grn_beeline_full/grn_beeline_full_results.csv
mHSC-L_Non-Specific_1000,full_candidate,scGPT_human,lr,0.0132547864506627,153.0,74.44444444444444,0.1732756846219936,0.0132547864506627,13.072687762037113,low_positive_ratio;high_negative_to_positive_ratio,results/grn_beeline_full/grn_beeline_full_results.csv
mHSC-L_Non-Specific_1000,full_candidate,scGPT_human,mlp,0.0132547864506627,153.0,74.44444444444444,0.2282005207551833,0.0132547864506627,17.21646151030777,low_positive_ratio;high_negative_to_positive_ratio,results/grn_beeline_full/grn_beeline_full_results.csv
mHSC-L_Non-Specific_1000,full_candidate,v4_bias_rec_best,lr,0.0132547864506627,153.0,74.44444444444444,0.1628409453886199,0.0132547864506627,12.285444657652583,low_positive_ratio;high_negative_to_positive_ratio,results/grn_beeline_full/grn_beeline_full_results.csv
mHSC-L_Non-Specific_1000,full_candidate,v4_bias_rec_best,mlp,0.0132547864506627,153.0,74.44444444444444,0.1520075993664355,0.0132547864506627,11.468128885534446,low_positive_ratio;high_negative_to_positive_ratio,results/grn_beeline_full/grn_beeline_full_results.csv
mHSC-L_Non-Specific_1000,full_candidate,v4_plain_best,lr,0.0132547864506627,153.0,74.44444444444444,0.2027685311421941,0.0132547864506627,15.297759182838911,low_positive_ratio;high_negative_to_positive_ratio,results/grn_beeline_full/grn_beeline_full_results.csv
mHSC-L_Non-Specific_1000,full_candidate,v4_plain_best,mlp,0.0132547864506627,153.0,74.44444444444444,0.2654519039450338,0.0132547864506627,20.02687141985317,low_positive_ratio;high_negative_to_positive_ratio,results/grn_beeline_full/grn_beeline_full_results.csv
mHSC-L_Non-Specific_1000,full_candidate,v4_type_pe_best,lr,0.0132547864506627,153.0,74.44444444444444,0.1769424175659638,0.0132547864506627,13.349322391921087,low_positive_ratio;high_negative_to_positive_ratio,results/grn_beeline_full/grn_beeline_full_results.csv
mHSC-L_Non-Specific_1000,full_candidate,v4_type_pe_best,mlp,0.0132547864506627,153.0,74.44444444444444,0.2403652412945535,0.0132547864506627,18.13422209322248,low_positive_ratio;high_negative_to_positive_ratio,results/grn_beeline_full/grn_beeline_full_results.csv
mHSC-L_Non-Specific_1000,full_candidate,scconcept,lr,0.0132547864506627,153.0,74.44444444444444,0.0980087310192515,0.0132547864506627,7.394214262452442,low_positive_ratio;high_negative_to_positive_ratio,results/grn_beeline_full/grn_beeline_full_results.csv
mHSC-L_Non-Specific_1000,full_candidate,scconcept,mlp,0.0132547864506627,153.0,74.44444444444444,0.0998831739120233,0.0132547864506627,7.535630565140447,low_positive_ratio;high_negative_to_positive_ratio,results/grn_beeline_full/grn_beeline_full_results.csv
mHSC-L_Non-Specific_1000,full_candidate,scconcept_encoded,lr,0.0132547864506627,153.0,74.44444444444444,0.0955150616377704,0.0132547864506627,7.206080761338478,low_positive_ratio;high_negative_to_positive_ratio,results/grn_beeline_full/grn_beeline_full_results.csv
mHSC-L_Non-Specific_1000,full_candidate,scconcept_encoded,mlp,0.0132547864506627,153.0,74.44444444444444,0.0550707121090552,0.0132547864506627,4.154779280227622,low_positive_ratio;high_negative_to_positive_ratio,results/grn_beeline_full/grn_beeline_full_results.csv
mHSC-L_Non-Specific_1000,full_candidate,cl_scratch_v5,lr,0.0132547864506627,153.0,74.44444444444444,0.1497169808968571,0.0132547864506627,11.29531444766292,low_positive_ratio;high_negative_to_positive_ratio,results/grn_beeline_full/grn_beeline_full_results.csv
mHSC-L_Non-Specific_1000,full_candidate,cl_scratch_v5,mlp,0.0132547864506627,153.0,74.44444444444444,0.2318471141312224,0.0132547864506627,17.49157672167783,low_positive_ratio;high_negative_to_positive_ratio,results/grn_beeline_full/grn_beeline_full_results.csv
mHSC-L_Non-Specific_1000,full_candidate,cl_v6_fair,lr,0.013254786450662739,153.0,74.44444444444444,0.15851504250694373,0.013254786450662739,11.959079318023866,low_positive_ratio;high_negative_to_positive_ratio,results/grn_beeline_full/grn_beeline_full_results.csv
mHSC-L_Non-Specific_1000,full_candidate,cl_v6_fair,mlp,0.013254786450662739,153.0,74.44444444444444,0.2380148968657188,0.013254786450662739,17.9569016635359,low_positive_ratio;high_negative_to_positive_ratio,results/grn_beeline_full/grn_beeline_full_results.csv
mDC_Non-Specific_500,full_candidate,minus,lr,0.0135635018495684,11.0,72.72727272727273,0.2478488733985609,0.0135635018495684,18.273221484203034,low_positive_ratio;few_test_positives;high_negative_to_positive_ratio,results/grn_beeline_full/grn_beeline_full_results.csv
mDC_Non-Specific_500,full_candidate,minus,mlp,0.0135635018495684,11.0,72.72727272727273,0.0184730121637105,0.0135635018495684,1.361964805888114,low_positive_ratio;few_test_positives;high_negative_to_positive_ratio,results/grn_beeline_full/grn_beeline_full_results.csv
mDC_Non-Specific_500,full_candidate,baseline,lr,0.0135635018495684,11.0,72.72727272727273,0.1942016378280839,0.0135635018495684,14.31795711623422,low_positive_ratio;few_test_positives;high_negative_to_positive_ratio,results/grn_beeline_full/grn_beeline_full_results.csv
mDC_Non-Specific_500,full_candidate,baseline,mlp,0.0135635018495684,11.0,72.72727272727273,0.0588702940287349,0.0135635018495684,4.3403462233912835,low_positive_ratio;few_test_positives;high_negative_to_positive_ratio,results/grn_beeline_full/grn_beeline_full_results.csv
mDC_Non-Specific_500,full_candidate,scGPT_human,lr,0.0135635018495684,11.0,72.72727272727273,0.1121046594220364,0.0135635018495684,8.265170799206523,low_positive_ratio;few_test_positives;high_negative_to_positive_ratio,results/grn_beeline_full/grn_beeline_full_results.csv
mDC_Non-Specific_500,full_candidate,scGPT_human,mlp,0.0135635018495684,11.0,72.72727272727273,0.0474223849749122,0.0135635018495684,3.4963231104230807,low_positive_ratio;few_test_positives;high_negative_to_positive_ratio,results/grn_beeline_full/grn_beeline_full_results.csv
mDC_Non-Specific_500,full_candidate,v4_bias_rec_best,lr,0.0135635018495684,11.0,72.72727272727273,0.2150986214867122,0.0135635018495684,15.858634729611275,low_positive_ratio;few_test_positives;high_negative_to_positive_ratio,results/grn_beeline_full/grn_beeline_full_results.csv
mDC_Non-Specific_500,full_candidate,v4_bias_rec_best,mlp,0.0135635018495684,11.0,72.72727272727273,0.0302371327519632,0.0135635018495684,2.229301332894747,low_positive_ratio;few_test_positives;high_negative_to_positive_ratio,results/grn_beeline_full/grn_beeline_full_results.csv
mDC_Non-Specific_500,full_candidate,v4_plain_best,lr,0.0135635018495684,11.0,72.72727272727273,0.1389339980422596,0.0135635018495684,10.243224764752073,low_positive_ratio;few_test_positives;high_negative_to_positive_ratio,results/grn_beeline_full/grn_beeline_full_results.csv
mDC_Non-Specific_500,full_candidate,v4_plain_best,mlp,0.0135635018495684,11.0,72.72727272727273,0.0192934035435691,0.0135635018495684,1.4224500248940526,low_positive_ratio;few_test_positives;high_negative_to_positive_ratio,results/grn_beeline_full/grn_beeline_full_results.csv
mDC_Non-Specific_500,full_candidate,v4_type_pe_best,lr,0.0135635018495684,11.0,72.72727272727273,0.2093119189475402,0.0135635018495684,15.431996933314139,low_positive_ratio;few_test_positives;high_negative_to_positive_ratio,results/grn_beeline_full/grn_beeline_full_results.csv
mDC_Non-Specific_500,full_candidate,v4_type_pe_best,mlp,0.0135635018495684,11.0,72.72727272727273,0.0251238511139408,0.0135635018495684,1.8523130230369127,low_positive_ratio;few_test_positives;high_negative_to_positive_ratio,results/grn_beeline_full/grn_beeline_full_results.csv
mDC_Non-Specific_500,full_candidate,scconcept,lr,0.0135635018495684,11.0,72.72727272727273,0.110419955600261,0.0135635018495684,8.140962181073808,low_positive_ratio;few_test_positives;high_negative_to_positive_ratio,results/grn_beeline_full/grn_beeline_full_results.csv
mDC_Non-Specific_500,full_candidate,scconcept,mlp,0.0135635018495684,11.0,72.72727272727273,0.0201914422855194,0.0135635018495684,1.4886599721414795,low_positive_ratio;few_test_positives;high_negative_to_positive_ratio,results/grn_beeline_full/grn_beeline_full_results.csv
mDC_Non-Specific_500,full_candidate,scconcept_encoded,lr,0.0135635018495684,11.0,72.72727272727273,0.0224018840999717,0.0135635018495684,1.6516298186433722,low_positive_ratio;few_test_positives;high_negative_to_positive_ratio,results/grn_beeline_full/grn_beeline_full_results.csv
mDC_Non-Specific_500,full_candidate,scconcept_encoded,mlp,0.0135635018495684,11.0,72.72727272727273,0.0241512708265621,0.0135635018495684,1.7806073309401738,low_positive_ratio;few_test_positives;high_negative_to_positive_ratio,results/grn_beeline_full/grn_beeline_full_results.csv
mDC_Non-Specific_500,full_candidate,cl_scratch_v5,lr,0.0135635018495684,11.0,72.72727272727273,0.2138140932260924,0.0135635018495684,15.76392996421467,low_positive_ratio;few_test_positives;high_negative_to_positive_ratio,results/grn_beeline_full/grn_beeline_full_results.csv
mDC_Non-Specific_500,full_candidate,cl_scratch_v5,mlp,0.0135635018495684,11.0,72.72727272727273,0.0545415067322921,0.0135635018495684,4.0211965418080915,low_positive_ratio;few_test_positives;high_negative_to_positive_ratio,results/grn_beeline_full/grn_beeline_full_results.csv
mDC_Non-Specific_500,full_candidate,cl_v6_fair,lr,0.013563501849568433,11.0,72.72727272727273,0.25244504617741126,0.013563501849568433,18.61208476817096,low_positive_ratio;few_test_positives;high_negative_to_positive_ratio,results/grn_beeline_full/grn_beeline_full_results.csv
mDC_Non-Specific_500,full_candidate,cl_v6_fair,mlp,0.013563501849568433,11.0,72.72727272727273,0.13077672166679477,0.013563501849568433,9.641811024706415,low_positive_ratio;few_test_positives;high_negative_to_positive_ratio,results/grn_beeline_full/grn_beeline_full_results.csv
mHSC-L_STRING_500,full_candidate,minus,lr,0.0139917695473251,34.0,70.47058823529412,0.2734874327085681,0.0139917695473251,19.546307690641786,low_positive_ratio;few_test_positives;high_negative_to_positive_ratio,results/grn_beeline_full/grn_beeline_full_results.csv
mHSC-L_STRING_500,full_candidate,minus,mlp,0.0139917695473251,34.0,70.47058823529412,0.3424819261225718,0.0139917695473251,24.477384719936754,low_positive_ratio;few_test_positives;high_negative_to_positive_ratio,results/grn_beeline_full/grn_beeline_full_results.csv
mHSC-L_STRING_500,full_candidate,baseline,lr,0.0139917695473251,34.0,70.47058823529412,0.2421037946219863,0.0139917695473251,17.303300615630203,low_positive_ratio;few_test_positives;high_negative_to_positive_ratio,results/grn_beeline_full/grn_beeline_full_results.csv
mHSC-L_STRING_500,full_candidate,baseline,mlp,0.0139917695473251,34.0,70.47058823529412,0.2988680973114304,0.0139917695473251,21.36027871961106,low_positive_ratio;few_test_positives;high_negative_to_positive_ratio,results/grn_beeline_full/grn_beeline_full_results.csv
mHSC-L_STRING_500,full_candidate,scGPT_human,lr,0.0139917695473251,34.0,70.47058823529412,0.368358475085785,0.0139917695473251,26.326796895836992,low_positive_ratio;few_test_positives;high_negative_to_positive_ratio,results/grn_beeline_full/grn_beeline_full_results.csv
mHSC-L_STRING_500,full_candidate,scGPT_human,mlp,0.0139917695473251,34.0,70.47058823529412,0.3116747403509226,0.0139917695473251,22.275577030963,low_positive_ratio;few_test_positives;high_negative_to_positive_ratio,results/grn_beeline_full/grn_beeline_full_results.csv
mHSC-L_STRING_500,full_candidate,v4_bias_rec_best,lr,0.0139917695473251,34.0,70.47058823529412,0.3168994047306524,0.0139917695473251,22.64898686751428,low_positive_ratio;few_test_positives;high_negative_to_positive_ratio,results/grn_beeline_full/grn_beeline_full_results.csv
mHSC-L_STRING_500,full_candidate,v4_bias_rec_best,mlp,0.0139917695473251,34.0,70.47058823529412,0.3783007728102646,0.0139917695473251,27.037378762615976,low_positive_ratio;few_test_positives;high_negative_to_positive_ratio,results/grn_beeline_full/grn_beeline_full_results.csv
mHSC-L_STRING_500,full_candidate,v4_plain_best,lr,0.0139917695473251,34.0,70.47058823529412,0.3006824938327744,0.0139917695473251,21.489954706283587,low_positive_ratio;few_test_positives;high_negative_to_positive_ratio,results/grn_beeline_full/grn_beeline_full_results.csv
mHSC-L_STRING_500,full_candidate,v4_plain_best,mlp,0.0139917695473251,34.0,70.47058823529412,0.3592106590972665,0.0139917695473251,25.67299710606935,low_positive_ratio;few_test_positives;high_negative_to_positive_ratio,results/grn_beeline_full/grn_beeline_full_results.csv
mHSC-L_STRING_500,full_candidate,v4_type_pe_best,lr,0.0139917695473251,34.0,70.47058823529412,0.4203216487071183,0.0139917695473251,30.040635481126404,low_positive_ratio;few_test_positives;high_negative_to_positive_ratio,results/grn_beeline_full/grn_beeline_full_results.csv
mHSC-L_STRING_500,full_candidate,v4_type_pe_best,mlp,0.0139917695473251,34.0,70.47058823529412,0.4093458938748635,0.0139917695473251,29.256191826938778,low_positive_ratio;few_test_positives;high_negative_to_positive_ratio,results/grn_beeline_full/grn_beeline_full_results.csv
mHSC-L_STRING_500,full_candidate,scconcept,lr,0.0139917695473251,34.0,70.47058823529412,0.2656573246854231,0.0139917695473251,18.986685264281714,low_positive_ratio;few_test_positives;high_negative_to_positive_ratio,results/grn_beeline_full/grn_beeline_full_results.csv
mHSC-L_STRING_500,full_candidate,scconcept,mlp,0.0139917695473251,34.0,70.47058823529412,0.0431620078944503,0.0139917695473251,3.0848140936327724,low_positive_ratio;few_test_positives;high_negative_to_positive_ratio,results/grn_beeline_full/grn_beeline_full_results.csv
mHSC-L_STRING_500,full_candidate,scconcept_encoded,lr,0.0139917695473251,34.0,70.47058823529412,0.1255432504473232,0.0139917695473251,8.972649958441043,low_positive_ratio;few_test_positives;high_negative_to_positive_ratio,results/grn_beeline_full/grn_beeline_full_results.csv
mHSC-L_STRING_500,full_candidate,scconcept_encoded,mlp,0.0139917695473251,34.0,70.47058823529412,0.097950225174792,0.0139917695473251,7.0005602110219005,low_positive_ratio;few_test_positives;high_negative_to_positive_ratio,results/grn_beeline_full/grn_beeline_full_results.csv
mHSC-L_STRING_500,full_candidate,cl_scratch_v5,lr,0.0139917695473251,34.0,70.47058823529412,0.3499288791686391,0.0139917695473251,25.009622834699798,low_positive_ratio;few_test_positives;high_negative_to_positive_ratio,results/grn_beeline_full/grn_beeline_full_results.csv
mHSC-L_STRING_500,full_candidate,cl_scratch_v5,mlp,0.0139917695473251,34.0,70.47058823529412,0.3322681155855042,0.0139917695473251,23.747397672728688,low_positive_ratio;few_test_positives;high_negative_to_positive_ratio,results/grn_beeline_full/grn_beeline_full_results.csv
mHSC-L_STRING_500,full_candidate,cl_v6_fair,lr,0.013991769547325103,34.0,70.47058823529412,0.30465352608464324,0.013991769547325103,21.77376671722597,low_positive_ratio;few_test_positives;high_negative_to_positive_ratio,results/grn_beeline_full/grn_beeline_full_results.csv
mHSC-L_STRING_500,full_candidate,cl_v6_fair,mlp,0.013991769547325103,34.0,70.47058823529412,0.40200768559901984,0.013991769547325103,28.731725764871122,low_positive_ratio;few_test_positives;high_negative_to_positive_ratio,results/grn_beeline_full/grn_beeline_full_results.csv
mDC_Non-Specific_1000,full_candidate,minus,lr,0.0143349261029003,129.0,68.75968992248062,0.2441367268281132,0.0143349261029003,17.03090236221856,low_positive_ratio;high_negative_to_positive_ratio,results/grn_beeline_full/grn_beeline_full_results.csv
mDC_Non-Specific_1000,full_candidate,minus,mlp,0.0143349261029003,129.0,68.75968992248062,0.197635119363374,0.0143349261029003,13.786964644581436,low_positive_ratio;high_negative_to_positive_ratio,results/grn_beeline_full/grn_beeline_full_results.csv
mDC_Non-Specific_1000,full_candidate,baseline,lr,0.0143349261029003,129.0,68.75968992248062,0.1725023192846021,0.0143349261029003,12.03370830420261,low_positive_ratio;high_negative_to_positive_ratio,results/grn_beeline_full/grn_beeline_full_results.csv
mDC_Non-Specific_1000,full_candidate,baseline,mlp,0.0143349261029003,129.0,68.75968992248062,0.1911480553916245,0.0143349261029003,13.334429073404895,low_positive_ratio;high_negative_to_positive_ratio,results/grn_beeline_full/grn_beeline_full_results.csv
mDC_Non-Specific_1000,full_candidate,scGPT_human,lr,0.0143349261029003,129.0,68.75968992248062,0.1925611741270554,0.0143349261029003,13.433007798212202,low_positive_ratio;high_negative_to_positive_ratio,results/grn_beeline_full/grn_beeline_full_results.csv
mDC_Non-Specific_1000,full_candidate,scGPT_human,mlp,0.0143349261029003,129.0,68.75968992248062,0.2851570214039142,0.0143349261029003,19.892465392355252,low_positive_ratio;high_negative_to_positive_ratio,results/grn_beeline_full/grn_beeline_full_results.csv
mDC_Non-Specific_1000,full_candidate,v4_bias_rec_best,lr,0.0143349261029003,129.0,68.75968992248062,0.1750921090736371,0.0143349261029003,12.214371236850097,low_positive_ratio;high_negative_to_positive_ratio,results/grn_beeline_full/grn_beeline_full_results.csv
mDC_Non-Specific_1000,full_candidate,v4_bias_rec_best,mlp,0.0143349261029003,129.0,68.75968992248062,0.1821383610946569,0.0143349261029003,12.705915592952092,low_positive_ratio;high_negative_to_positive_ratio,results/grn_beeline_full/grn_beeline_full_results.csv
mDC_Non-Specific_1000,full_candidate,v4_plain_best,lr,0.0143349261029003,129.0,68.75968992248062,0.1913440442334071,0.0143349261029003,13.348101194235914,low_positive_ratio;high_negative_to_positive_ratio,results/grn_beeline_full/grn_beeline_full_results.csv
mDC_Non-Specific_1000,full_candidate,v4_plain_best,mlp,0.0143349261029003,129.0,68.75968992248062,0.2401558572280852,0.0143349261029003,16.753198133298774,low_positive_ratio;high_negative_to_positive_ratio,results/grn_beeline_full/grn_beeline_full_results.csv
mDC_Non-Specific_1000,full_candidate,v4_type_pe_best,lr,0.0143349261029003,129.0,68.75968992248062,0.1848587667829564,0.0143349261029003,12.895690250231219,low_positive_ratio;high_negative_to_positive_ratio,results/grn_beeline_full/grn_beeline_full_results.csv
mDC_Non-Specific_1000,full_candidate,v4_type_pe_best,mlp,0.0143349261029003,129.0,68.75968992248062,0.1748221190072128,0.0143349261029003,12.19553681353419,low_positive_ratio;high_negative_to_positive_ratio,results/grn_beeline_full/grn_beeline_full_results.csv
mDC_Non-Specific_1000,full_candidate,scconcept,lr,0.0143349261029003,129.0,68.75968992248062,0.1262213707604088,0.0143349261029003,8.805163685836593,low_positive_ratio;high_negative_to_positive_ratio,results/grn_beeline_full/grn_beeline_full_results.csv
mDC_Non-Specific_1000,full_candidate,scconcept,mlp,0.0143349261029003,129.0,68.75968992248062,0.0871346802017655,0.0143349261029003,6.078488272369682,low_positive_ratio;high_negative_to_positive_ratio,results/grn_beeline_full/grn_beeline_full_results.csv
mDC_Non-Specific_1000,full_candidate,scconcept_encoded,lr,0.0143349261029003,129.0,68.75968992248062,0.090513497152457,0.0143349261029003,6.3141934951547425,low_positive_ratio;high_negative_to_positive_ratio,results/grn_beeline_full/grn_beeline_full_results.csv
mDC_Non-Specific_1000,full_candidate,scconcept_encoded,mlp,0.0143349261029003,129.0,68.75968992248062,0.0593390385174834,0.0143349261029003,4.139472927277782,low_positive_ratio;high_negative_to_positive_ratio,results/grn_beeline_full/grn_beeline_full_results.csv
mDC_Non-Specific_1000,full_candidate,cl_scratch_v5,lr,0.0143349261029003,129.0,68.75968992248062,0.1914873447409336,0.0143349261029003,13.358097793206698,low_positive_ratio;high_negative_to_positive_ratio,results/grn_beeline_full/grn_beeline_full_results.csv
mDC_Non-Specific_1000,full_candidate,cl_scratch_v5,mlp,0.0143349261029003,129.0,68.75968992248062,0.2725023315787381,0.0143349261029003,19.009678154085798,low_positive_ratio;high_negative_to_positive_ratio,results/grn_beeline_full/grn_beeline_full_results.csv
mDC_Non-Specific_1000,full_candidate,cl_v6_fair,lr,0.014334926102900322,129.0,68.75968992248062,0.18321882662984237,0.014334926102900322,12.78128853365854,low_positive_ratio;high_negative_to_positive_ratio,results/grn_beeline_full/grn_beeline_full_results.csv
mDC_Non-Specific_1000,full_candidate,cl_v6_fair,mlp,0.014334926102900322,129.0,68.75968992248062,0.20605862440334052,0.014334926102900322,14.374585744229934,low_positive_ratio;high_negative_to_positive_ratio,results/grn_beeline_full/grn_beeline_full_results.csv
mHSC-E_STRING_1000,full_candidate,minus,lr,0.0152072602403728,186.0,64.75806451612904,0.4687758361582297,0.0152072602403728,30.82579167769525,low_positive_ratio;high_negative_to_positive_ratio,results/grn_beeline_full/grn_beeline_full_results.csv
mHSC-E_STRING_1000,full_candidate,minus,mlp,0.0152072602403728,186.0,64.75806451612904,0.5522473587387962,0.0152072602403728,36.31471744480767,low_positive_ratio;high_negative_to_positive_ratio,results/grn_beeline_full/grn_beeline_full_results.csv
mHSC-E_STRING_1000,full_candidate,baseline,lr,0.0152072602403728,186.0,64.75806451612904,0.4539839722575642,0.0152072602403728,29.853107337001486,low_positive_ratio;high_negative_to_positive_ratio,results/grn_beeline_full/grn_beeline_full_results.csv
mHSC-E_STRING_1000,full_candidate,baseline,mlp,0.0152072602403728,186.0,64.75806451612904,0.5403038070075257,0.0152072602403728,35.52933259951106,low_positive_ratio;high_negative_to_positive_ratio,results/grn_beeline_full/grn_beeline_full_results.csv
mHSC-E_STRING_1000,full_candidate,scGPT_human,lr,0.0152072602403728,186.0,64.75806451612904,0.4228050213436787,0.0152072602403728,27.80283987126098,low_positive_ratio;high_negative_to_positive_ratio,results/grn_beeline_full/grn_beeline_full_results.csv
mHSC-E_STRING_1000,full_candidate,scGPT_human,mlp,0.0152072602403728,186.0,64.75806451612904,0.5792058732675487,0.0152072602403728,38.08745718244838,low_positive_ratio;high_negative_to_positive_ratio,results/grn_beeline_full/grn_beeline_full_results.csv
mHSC-E_STRING_1000,full_candidate,v4_bias_rec_best,lr,0.0152072602403728,186.0,64.75806451612904,0.4426004299263706,0.0152072602403728,29.10454762596477,low_positive_ratio;high_negative_to_positive_ratio,results/grn_beeline_full/grn_beeline_full_results.csv
mHSC-E_STRING_1000,full_candidate,v4_bias_rec_best,mlp,0.0152072602403728,186.0,64.75806451612904,0.5101206497484768,0.0152072602403728,33.544546597170054,low_positive_ratio;high_negative_to_positive_ratio,results/grn_beeline_full/grn_beeline_full_results.csv
mHSC-E_STRING_1000,full_candidate,v4_plain_best,lr,0.0152072602403728,186.0,64.75806451612904,0.4784973482550607,0.0152072602403728,31.46505949735299,low_positive_ratio;high_negative_to_positive_ratio,results/grn_beeline_full/grn_beeline_full_results.csv
mHSC-E_STRING_1000,full_candidate,v4_plain_best,mlp,0.0152072602403728,186.0,64.75806451612904,0.5225434670461289,0.0152072602403728,34.36144701850114,low_positive_ratio;high_negative_to_positive_ratio,results/grn_beeline_full/grn_beeline_full_results.csv
mHSC-E_STRING_1000,full_candidate,v4_type_pe_best,lr,0.0152072602403728,186.0,64.75806451612904,0.4866398742298455,0.0152072602403728,32.00049624572715,low_positive_ratio;high_negative_to_positive_ratio,results/grn_beeline_full/grn_beeline_full_results.csv
mHSC-E_STRING_1000,full_candidate,v4_type_pe_best,mlp,0.0152072602403728,186.0,64.75806451612904,0.4997632864876513,0.0152072602403728,32.8634664356477,low_positive_ratio;high_negative_to_positive_ratio,results/grn_beeline_full/grn_beeline_full_results.csv
mHSC-E_STRING_1000,full_candidate,scconcept,lr,0.0152072602403728,186.0,64.75806451612904,0.1609204166815977,0.0152072602403728,10.581815142110884,low_positive_ratio;high_negative_to_positive_ratio,results/grn_beeline_full/grn_beeline_full_results.csv
mHSC-E_STRING_1000,full_candidate,scconcept,mlp,0.0152072602403728,186.0,64.75806451612904,0.1204498155142706,0.0152072602403728,7.920546739543258,low_positive_ratio;high_negative_to_positive_ratio,results/grn_beeline_full/grn_beeline_full_results.csv
mHSC-E_STRING_1000,full_candidate,scconcept_encoded,lr,0.0152072602403728,186.0,64.75806451612904,0.1810070657972728,0.0152072602403728,11.902674310572296,low_positive_ratio;high_negative_to_positive_ratio,results/grn_beeline_full/grn_beeline_full_results.csv
mHSC-E_STRING_1000,full_candidate,scconcept_encoded,mlp,0.0152072602403728,186.0,64.75806451612904,0.0949624286911686,0.0152072602403728,6.244545512482176,low_positive_ratio;high_negative_to_positive_ratio,results/grn_beeline_full/grn_beeline_full_results.csv
mHSC-E_STRING_1000,full_candidate,cl_scratch_v5,lr,0.0152072602403728,186.0,64.75806451612904,0.4854487560182617,0.0152072602403728,31.922170617523484,low_positive_ratio;high_negative_to_positive_ratio,results/grn_beeline_full/grn_beeline_full_results.csv
mHSC-E_STRING_1000,full_candidate,cl_scratch_v5,mlp,0.0152072602403728,186.0,64.75806451612904,0.5187032689474315,0.0152072602403728,34.10892302417228,low_positive_ratio;high_negative_to_positive_ratio,results/grn_beeline_full/grn_beeline_full_results.csv
mHSC-E_STRING_1000,full_candidate,cl_v6_fair,lr,0.015207260240372823,186.0,64.75806451612904,0.49293785480030927,0.015207260240372823,32.41463925840098,low_positive_ratio;high_negative_to_positive_ratio,results/grn_beeline_full/grn_beeline_full_results.csv
mHSC-E_STRING_1000,full_candidate,cl_v6_fair,mlp,0.015207260240372823,186.0,64.75806451612904,0.5211342055029946,0.015207260240372823,34.26877670702756,low_positive_ratio;high_negative_to_positive_ratio,results/grn_beeline_full/grn_beeline_full_results.csv
mHSC-E_Non-Specific_1000,full_candidate,minus,lr,0.0160707836764174,178.0,61.2247191011236,0.2133445428049012,0.0160707836764174,13.275304247792683,low_positive_ratio;high_negative_to_positive_ratio,results/grn_beeline_full/grn_beeline_full_results.csv
mHSC-E_Non-Specific_1000,full_candidate,minus,mlp,0.0160707836764174,178.0,61.2247191011236,0.304824882983723,0.0160707836764174,18.967642718695128,low_positive_ratio;high_negative_to_positive_ratio,results/grn_beeline_full/grn_beeline_full_results.csv
mHSC-E_Non-Specific_1000,full_candidate,baseline,lr,0.0160707836764174,178.0,61.2247191011236,0.2332113513055053,0.0160707836764174,14.511510826178593,low_positive_ratio;high_negative_to_positive_ratio,results/grn_beeline_full/grn_beeline_full_results.csv
mHSC-E_Non-Specific_1000,full_candidate,baseline,mlp,0.0160707836764174,178.0,61.2247191011236,0.2728822243428576,0.0160707836764174,16.980019757424188,low_positive_ratio;high_negative_to_positive_ratio,results/grn_beeline_full/grn_beeline_full_results.csv
mHSC-E_Non-Specific_1000,full_candidate,scGPT_human,lr,0.0160707836764174,178.0,61.2247191011236,0.1830564780930593,0.0160707836764174,11.390637928981658,low_positive_ratio;high_negative_to_positive_ratio,results/grn_beeline_full/grn_beeline_full_results.csv
mHSC-E_Non-Specific_1000,full_candidate,scGPT_human,mlp,0.0160707836764174,178.0,61.2247191011236,0.330385694927617,0.0160707836764174,20.558157061900584,low_positive_ratio;high_negative_to_positive_ratio,results/grn_beeline_full/grn_beeline_full_results.csv
mHSC-E_Non-Specific_1000,full_candidate,v4_bias_rec_best,lr,0.0160707836764174,178.0,61.2247191011236,0.180967621644244,0.0160707836764174,11.260659423211553,low_positive_ratio;high_negative_to_positive_ratio,results/grn_beeline_full/grn_beeline_full_results.csv
mHSC-E_Non-Specific_1000,full_candidate,v4_bias_rec_best,mlp,0.0160707836764174,178.0,61.2247191011236,0.2654038821022414,0.0160707836764174,16.514682012159778,low_positive_ratio;high_negative_to_positive_ratio,results/grn_beeline_full/grn_beeline_full_results.csv
mHSC-E_Non-Specific_1000,full_candidate,v4_plain_best,lr,0.0160707836764174,178.0,61.2247191011236,0.1777926307938683,0.0160707836764174,11.063096509398287,low_positive_ratio;high_negative_to_positive_ratio,results/grn_beeline_full/grn_beeline_full_results.csv
mHSC-E_Non-Specific_1000,full_candidate,v4_plain_best,mlp,0.0160707836764174,178.0,61.2247191011236,0.2657041850803428,0.0160707836764174,16.53336828061737,low_positive_ratio;high_negative_to_positive_ratio,results/grn_beeline_full/grn_beeline_full_results.csv
mHSC-E_Non-Specific_1000,full_candidate,v4_type_pe_best,lr,0.0160707836764174,178.0,61.2247191011236,0.2053661586971194,0.0160707836764174,12.778851537805089,low_positive_ratio;high_negative_to_positive_ratio,results/grn_beeline_full/grn_beeline_full_results.csv
mHSC-E_Non-Specific_1000,full_candidate,v4_type_pe_best,mlp,0.0160707836764174,178.0,61.2247191011236,0.2803384695767341,0.0160707836764174,17.443982522651247,low_positive_ratio;high_negative_to_positive_ratio,results/grn_beeline_full/grn_beeline_full_results.csv
mHSC-E_Non-Specific_1000,full_candidate,scconcept,lr,0.0160707836764174,178.0,61.2247191011236,0.0883586186273385,0.0160707836764174,5.498090224249473,low_positive_ratio;high_negative_to_positive_ratio,results/grn_beeline_full/grn_beeline_full_results.csv
mHSC-E_Non-Specific_1000,full_candidate,scconcept,mlp,0.0160707836764174,178.0,61.2247191011236,0.071047874932667,0.0160707836764174,4.420934060416986,low_positive_ratio;high_negative_to_positive_ratio,results/grn_beeline_full/grn_beeline_full_results.csv
mHSC-E_Non-Specific_1000,full_candidate,scconcept_encoded,lr,0.0160707836764174,178.0,61.2247191011236,0.0764113412098914,0.0160707836764174,4.754674242925626,low_positive_ratio;high_negative_to_positive_ratio,results/grn_beeline_full/grn_beeline_full_results.csv
mHSC-E_Non-Specific_1000,full_candidate,scconcept_encoded,mlp,0.0160707836764174,178.0,61.2247191011236,0.0752537783711522,0.0160707836764174,4.682645220443179,low_positive_ratio;high_negative_to_positive_ratio,results/grn_beeline_full/grn_beeline_full_results.csv
mHSC-E_Non-Specific_1000,full_candidate,cl_scratch_v5,lr,0.0160707836764174,178.0,61.2247191011236,0.2329210496751706,0.0160707836764174,14.493446888776418,low_positive_ratio;high_negative_to_positive_ratio,results/grn_beeline_full/grn_beeline_full_results.csv
mHSC-E_Non-Specific_1000,full_candidate,cl_scratch_v5,mlp,0.0160707836764174,178.0,61.2247191011236,0.3147476225497645,0.0160707836764174,19.58508240090567,low_positive_ratio;high_negative_to_positive_ratio,results/grn_beeline_full/grn_beeline_full_results.csv
mHSC-E_Non-Specific_1000,full_candidate,cl_v6_fair,lr,0.01607078367641748,178.0,61.2247191011236,0.20095785804809235,0.01607078367641748,12.504546268206017,low_positive_ratio;high_negative_to_positive_ratio,results/grn_beeline_full/grn_beeline_full_results.csv
mHSC-E_Non-Specific_1000,full_candidate,cl_v6_fair,mlp,0.01607078367641748,178.0,61.2247191011236,0.24723864307277693,0.01607078367641748,15.384355116146502,low_positive_ratio;high_negative_to_positive_ratio,results/grn_beeline_full/grn_beeline_full_results.csv
hESC_Non-Specific_1000,full_candidate,minus,lr,0.0166150670794633,161.0,59.18633540372671,0.1388255315273856,0.0166150670794633,8.3554000031079,low_positive_ratio;high_negative_to_positive_ratio,results/grn_beeline_full/grn_beeline_full_results.csv
hESC_Non-Specific_1000,full_candidate,minus,mlp,0.0166150670794633,161.0,59.18633540372671,0.1707024764384473,0.0166150670794633,10.273956501171185,low_positive_ratio;high_negative_to_positive_ratio,results/grn_beeline_full/grn_beeline_full_results.csv
hESC_Non-Specific_1000,full_candidate,baseline,lr,0.0166150670794633,161.0,59.18633540372671,0.1509364211781916,0.0166150670794633,9.084310069668833,low_positive_ratio;high_negative_to_positive_ratio,results/grn_beeline_full/grn_beeline_full_results.csv
hESC_Non-Specific_1000,full_candidate,baseline,mlp,0.0166150670794633,161.0,59.18633540372671,0.158142485287305,0.0166150670794633,9.518016661080692,low_positive_ratio;high_negative_to_positive_ratio,results/grn_beeline_full/grn_beeline_full_results.csv
hESC_Non-Specific_1000,full_candidate,scGPT_human,lr,0.0166150670794633,161.0,59.18633540372671,0.1107051667862393,0.0166150670794633,6.66293829912213,low_positive_ratio;high_negative_to_positive_ratio,results/grn_beeline_full/grn_beeline_full_results.csv
hESC_Non-Specific_1000,full_candidate,scGPT_human,mlp,0.0166150670794633,161.0,59.18633540372671,0.1920718015247109,0.0166150670794633,11.560097868164322,low_positive_ratio;high_negative_to_positive_ratio,results/grn_beeline_full/grn_beeline_full_results.csv
hESC_Non-Specific_1000,full_candidate,v4_bias_rec_best,lr,0.0166150670794633,161.0,59.18633540372671,0.1411856210947449,0.0166150670794633,8.49744514539182,low_positive_ratio;high_negative_to_positive_ratio,results/grn_beeline_full/grn_beeline_full_results.csv
hESC_Non-Specific_1000,full_candidate,v4_bias_rec_best,mlp,0.0166150670794633,161.0,59.18633540372671,0.1615749477997923,0.0166150670794633,9.72460400111797,low_positive_ratio;high_negative_to_positive_ratio,results/grn_beeline_full/grn_beeline_full_results.csv
hESC_Non-Specific_1000,full_candidate,v4_plain_best,lr,0.0166150670794633,161.0,59.18633540372671,0.1650867266741001,0.0166150670794633,9.935965102310783,low_positive_ratio;high_negative_to_positive_ratio,results/grn_beeline_full/grn_beeline_full_results.csv
hESC_Non-Specific_1000,full_candidate,v4_plain_best,mlp,0.0166150670794633,161.0,59.18633540372671,0.1702045708878738,0.0166150670794633,10.24398939070499,low_positive_ratio;high_negative_to_positive_ratio,results/grn_beeline_full/grn_beeline_full_results.csv
hESC_Non-Specific_1000,full_candidate,v4_type_pe_best,lr,0.0166150670794633,161.0,59.18633540372671,0.1849645350092068,0.0166150670794633,11.132337541858513,low_positive_ratio;high_negative_to_positive_ratio,results/grn_beeline_full/grn_beeline_full_results.csv
hESC_Non-Specific_1000,full_candidate,v4_type_pe_best,mlp,0.0166150670794633,161.0,59.18633540372671,0.1579925302856306,0.0166150670794633,9.508991419054448,low_positive_ratio;high_negative_to_positive_ratio,results/grn_beeline_full/grn_beeline_full_results.csv
hESC_Non-Specific_1000,full_candidate,scconcept,lr,0.0166150670794633,161.0,59.18633540372671,0.0992420524000287,0.0166150670794633,5.973015451902371,low_positive_ratio;high_negative_to_positive_ratio,results/grn_beeline_full/grn_beeline_full_results.csv
hESC_Non-Specific_1000,full_candidate,scconcept,mlp,0.0166150670794633,161.0,59.18633540372671,0.1613631176368498,0.0166150670794633,9.711854719882487,low_positive_ratio;high_negative_to_positive_ratio,results/grn_beeline_full/grn_beeline_full_results.csv
hESC_Non-Specific_1000,full_candidate,scconcept_encoded,lr,0.0166150670794633,161.0,59.18633540372671,0.1026101322952027,0.0166150670794633,6.1757278381398635,low_positive_ratio;high_negative_to_positive_ratio,results/grn_beeline_full/grn_beeline_full_results.csv
hESC_Non-Specific_1000,full_candidate,scconcept_encoded,mlp,0.0166150670794633,161.0,59.18633540372671,0.1214123650751449,0.0166150670794633,7.3073653265724134,low_positive_ratio;high_negative_to_positive_ratio,results/grn_beeline_full/grn_beeline_full_results.csv
hESC_Non-Specific_1000,full_candidate,cl_scratch_v5,lr,0.0166150670794633,161.0,59.18633540372671,0.165290220290963,0.0166150670794633,9.94821263738781,low_positive_ratio;high_negative_to_positive_ratio,results/grn_beeline_full/grn_beeline_full_results.csv
hESC_Non-Specific_1000,full_candidate,cl_scratch_v5,mlp,0.0166150670794633,161.0,59.18633540372671,0.1683072182697309,0.0166150670794633,10.129794689650303,low_positive_ratio;high_negative_to_positive_ratio,results/grn_beeline_full/grn_beeline_full_results.csv
hESC_Non-Specific_1000,full_candidate,cl_v6_fair,lr,0.016615067079463364,161.0,59.18633540372671,0.15908132390522603,0.016615067079463364,9.574521917028822,low_positive_ratio;high_negative_to_positive_ratio,results/grn_beeline_full/grn_beeline_full_results.csv
hESC_Non-Specific_1000,full_candidate,cl_v6_fair,mlp,0.016615067079463364,161.0,59.18633540372671,0.1586840223388093,0.016615067079463364,9.550609791696038,low_positive_ratio;high_negative_to_positive_ratio,results/grn_beeline_full/grn_beeline_full_results.csv
hHep_Non-Specific_500,full_candidate,minus,lr,0.0166762507188039,29.0,58.96551724137931,0.1398679896483026,0.0166762507188039,8.387256344772359,low_positive_ratio;few_test_positives;high_negative_to_positive_ratio,results/grn_beeline_full/grn_beeline_full_results.csv
hHep_Non-Specific_500,full_candidate,minus,mlp,0.0166762507188039,29.0,58.96551724137931,0.1075072123638432,0.0166762507188039,6.4467255965766705,low_positive_ratio;few_test_positives;high_negative_to_positive_ratio,results/grn_beeline_full/grn_beeline_full_results.csv
hHep_Non-Specific_500,full_candidate,baseline,lr,0.0166762507188039,29.0,58.96551724137931,0.0715178817849518,0.0166762507188039,4.288606773242457,low_positive_ratio;few_test_positives;high_negative_to_positive_ratio,results/grn_beeline_full/grn_beeline_full_results.csv
hHep_Non-Specific_500,full_candidate,baseline,mlp,0.0166762507188039,29.0,58.96551724137931,0.109774501644114,0.0166762507188039,6.582684771003944,low_positive_ratio;few_test_positives;high_negative_to_positive_ratio,results/grn_beeline_full/grn_beeline_full_results.csv
hHep_Non-Specific_500,full_candidate,scGPT_human,lr,0.0166762507188039,29.0,58.96551724137931,0.1239227216581194,0.0166762507188039,7.431090102188614,low_positive_ratio;few_test_positives;high_negative_to_positive_ratio,results/grn_beeline_full/grn_beeline_full_results.csv
hHep_Non-Specific_500,full_candidate,scGPT_human,mlp,0.0166762507188039,29.0,58.96551724137931,0.1363535056417752,0.0166762507188039,8.176508493484388,low_positive_ratio;few_test_positives;high_negative_to_positive_ratio,results/grn_beeline_full/grn_beeline_full_results.csv
hHep_Non-Specific_500,full_candidate,v4_bias_rec_best,lr,0.0166762507188039,29.0,58.96551724137931,0.151929802836893,0.0166762507188039,9.110549211495073,low_positive_ratio;few_test_positives;high_negative_to_positive_ratio,results/grn_beeline_full/grn_beeline_full_results.csv
hHep_Non-Specific_500,full_candidate,v4_bias_rec_best,mlp,0.0166762507188039,29.0,58.96551724137931,0.0969413491245477,0.0166762507188039,5.81313814233064,low_positive_ratio;few_test_positives;high_negative_to_positive_ratio,results/grn_beeline_full/grn_beeline_full_results.csv
hHep_Non-Specific_500,full_candidate,v4_plain_best,lr,0.0166762507188039,29.0,58.96551724137931,0.1140992771215145,0.0166762507188039,6.842022169459099,low_positive_ratio;few_test_positives;high_negative_to_positive_ratio,results/grn_beeline_full/grn_beeline_full_results.csv
hHep_Non-Specific_500,full_candidate,v4_plain_best,mlp,0.0166762507188039,29.0,58.96551724137931,0.1399039010759934,0.0166762507188039,8.389409792108713,low_positive_ratio;few_test_positives;high_negative_to_positive_ratio,results/grn_beeline_full/grn_beeline_full_results.csv
hHep_Non-Specific_500,full_candidate,v4_type_pe_best,lr,0.0166762507188039,29.0,58.96551724137931,0.1420008060145496,0.0166762507188039,8.515151781355238,low_positive_ratio;few_test_positives;high_negative_to_positive_ratio,results/grn_beeline_full/grn_beeline_full_results.csv
hHep_Non-Specific_500,full_candidate,v4_type_pe_best,mlp,0.0166762507188039,29.0,58.96551724137931,0.0673089507087314,0.0166762507188039,4.036216044223586,low_positive_ratio;few_test_positives;high_negative_to_positive_ratio,results/grn_beeline_full/grn_beeline_full_results.csv
hHep_Non-Specific_500,full_candidate,scconcept,lr,0.0166762507188039,29.0,58.96551724137931,0.1055630249177365,0.0166762507188039,6.330141390756687,low_positive_ratio;few_test_positives;high_negative_to_positive_ratio,results/grn_beeline_full/grn_beeline_full_results.csv
hHep_Non-Specific_500,full_candidate,scconcept,mlp,0.0166762507188039,29.0,58.96551724137931,0.0465210490945182,0.0166762507188039,2.7896587715643864,low_positive_ratio;few_test_positives;high_negative_to_positive_ratio,results/grn_beeline_full/grn_beeline_full_results.csv
hHep_Non-Specific_500,full_candidate,scconcept_encoded,lr,0.0166762507188039,29.0,58.96551724137931,0.0505918161733118,0.0166762507188039,3.0337644250134237,low_positive_ratio;few_test_positives;high_negative_to_positive_ratio,results/grn_beeline_full/grn_beeline_full_results.csv
hHep_Non-Specific_500,full_candidate,scconcept_encoded,mlp,0.0166762507188039,29.0,58.96551724137931,0.0440508067698112,0.0166762507188039,2.6415294128517837,low_positive_ratio;few_test_positives;high_negative_to_positive_ratio,results/grn_beeline_full/grn_beeline_full_results.csv
hHep_Non-Specific_500,full_candidate,cl_scratch_v5,lr,0.0166762507188039,29.0,58.96551724137931,0.1006804442755869,0.0166762507188039,6.037354917077439,low_positive_ratio;few_test_positives;high_negative_to_positive_ratio,results/grn_beeline_full/grn_beeline_full_results.csv
hHep_Non-Specific_500,full_candidate,cl_scratch_v5,mlp,0.0166762507188039,29.0,58.96551724137931,0.1017573860366629,0.0166762507188039,6.101934286819204,low_positive_ratio;few_test_positives;high_negative_to_positive_ratio,results/grn_beeline_full/grn_beeline_full_results.csv
hHep_Non-Specific_500,full_candidate,cl_v6_fair,lr,0.01667625071880391,29.0,58.96551724137931,0.1254714750286674,0.01667625071880391,7.523961899132849,low_positive_ratio;few_test_positives;high_negative_to_positive_ratio,results/grn_beeline_full/grn_beeline_full_results.csv
hHep_Non-Specific_500,full_candidate,cl_v6_fair,mlp,0.01667625071880391,29.0,58.96551724137931,0.13098671056310693,0.01667625071880391,7.85468585066355,low_positive_ratio;few_test_positives;high_negative_to_positive_ratio,results/grn_beeline_full/grn_beeline_full_results.csv
hHep_STRING_1000,full_candidate,minus,lr,0.0175754107741355,215.0,55.89767441860465,0.3975296890121999,0.0175754107741355,22.618514817145357,low_positive_ratio;high_negative_to_positive_ratio,results/grn_beeline_full/grn_beeline_full_results.csv
hHep_STRING_1000,full_candidate,minus,mlp,0.0175754107741355,215.0,55.89767441860465,0.4838916532470467,0.0175754107741355,27.53230974033086,low_positive_ratio;high_negative_to_positive_ratio,results/grn_beeline_full/grn_beeline_full_results.csv
hHep_STRING_1000,full_candidate,baseline,lr,0.0175754107741355,215.0,55.89767441860465,0.4158036435365669,0.0175754107741355,23.658260332013178,low_positive_ratio;high_negative_to_positive_ratio,results/grn_beeline_full/grn_beeline_full_results.csv
hHep_STRING_1000,full_candidate,baseline,mlp,0.0175754107741355,215.0,55.89767441860465,0.4773281914896385,0.0175754107741355,27.158864030198885,low_positive_ratio;high_negative_to_positive_ratio,results/grn_beeline_full/grn_beeline_full_results.csv
hHep_STRING_1000,full_candidate,scGPT_human,lr,0.0175754107741355,215.0,55.89767441860465,0.3934660116268069,0.0175754107741355,22.387301024329016,low_positive_ratio;high_negative_to_positive_ratio,results/grn_beeline_full/grn_beeline_full_results.csv
hHep_STRING_1000,full_candidate,scGPT_human,mlp,0.0175754107741355,215.0,55.89767441860465,0.4712490563545897,0.0175754107741355,26.812975378538177,low_positive_ratio;high_negative_to_positive_ratio,results/grn_beeline_full/grn_beeline_full_results.csv
hHep_STRING_1000,full_candidate,v4_bias_rec_best,lr,0.0175754107741355,215.0,55.89767441860465,0.4003308243823485,0.0175754107741355,22.77789290543851,low_positive_ratio;high_negative_to_positive_ratio,results/grn_beeline_full/grn_beeline_full_results.csv
hHep_STRING_1000,full_candidate,v4_bias_rec_best,mlp,0.0175754107741355,215.0,55.89767441860465,0.4420796380596483,0.0175754107741355,25.153303313412504,low_positive_ratio;high_negative_to_positive_ratio,results/grn_beeline_full/grn_beeline_full_results.csv
hHep_STRING_1000,full_candidate,v4_plain_best,lr,0.0175754107741355,215.0,55.89767441860465,0.3604613500389879,0.0175754107741355,20.50941253500906,low_positive_ratio;high_negative_to_positive_ratio,results/grn_beeline_full/grn_beeline_full_results.csv
hHep_STRING_1000,full_candidate,v4_plain_best,mlp,0.0175754107741355,215.0,55.89767441860465,0.4824411793069136,0.0175754107741355,27.449781146332494,low_positive_ratio;high_negative_to_positive_ratio,results/grn_beeline_full/grn_beeline_full_results.csv
hHep_STRING_1000,full_candidate,v4_type_pe_best,lr,0.0175754107741355,215.0,55.89767441860465,0.3956517884239635,0.0175754107741355,22.511666640885373,low_positive_ratio;high_negative_to_positive_ratio,results/grn_beeline_full/grn_beeline_full_results.csv
hHep_STRING_1000,full_candidate,v4_type_pe_best,mlp,0.0175754107741355,215.0,55.89767441860465,0.4716025828677823,0.0175754107741355,26.833090214984153,low_positive_ratio;high_negative_to_positive_ratio,results/grn_beeline_full/grn_beeline_full_results.csv
hHep_STRING_1000,full_candidate,scconcept,lr,0.0175754107741355,215.0,55.89767441860465,0.1927711527464479,0.0175754107741355,10.968230286266522,low_positive_ratio;high_negative_to_positive_ratio,results/grn_beeline_full/grn_beeline_full_results.csv
hHep_STRING_1000,full_candidate,scconcept,mlp,0.0175754107741355,215.0,55.89767441860465,0.3070877240193068,0.0175754107741355,17.472577339200875,low_positive_ratio;high_negative_to_positive_ratio,results/grn_beeline_full/grn_beeline_full_results.csv
hHep_STRING_1000,full_candidate,scconcept_encoded,lr,0.0175754107741355,215.0,55.89767441860465,0.1840821830520193,0.0175754107741355,10.473848117559799,low_positive_ratio;high_negative_to_positive_ratio,results/grn_beeline_full/grn_beeline_full_results.csv
hHep_STRING_1000,full_candidate,scconcept_encoded,mlp,0.0175754107741355,215.0,55.89767441860465,0.0733201449521826,0.0175754107741355,4.171745735814193,low_positive_ratio;high_negative_to_positive_ratio,results/grn_beeline_full/grn_beeline_full_results.csv
hHep_STRING_1000,full_candidate,cl_scratch_v5,lr,0.0175754107741355,215.0,55.89767441860465,0.3926929370923596,0.0175754107741355,22.34331488116672,low_positive_ratio;high_negative_to_positive_ratio,results/grn_beeline_full/grn_beeline_full_results.csv
hHep_STRING_1000,full_candidate,cl_scratch_v5,mlp,0.0175754107741355,215.0,55.89767441860465,0.4724484611445697,0.0175754107741355,26.881218721774573,low_positive_ratio;high_negative_to_positive_ratio,results/grn_beeline_full/grn_beeline_full_results.csv
hHep_STRING_1000,full_candidate,cl_v6_fair,lr,0.017575410774135537,215.0,55.89767441860465,0.37405634239716545,0.017575410774135537,21.28293598392802,low_positive_ratio;high_negative_to_positive_ratio,results/grn_beeline_full/grn_beeline_full_results.csv
hHep_STRING_1000,full_candidate,cl_v6_fair,mlp,0.017575410774135537,215.0,55.89767441860465,0.4867246750725338,0.017575410774135537,27.693502093778164,low_positive_ratio;high_negative_to_positive_ratio,results/grn_beeline_full/grn_beeline_full_results.csv
mHSC-E_STRING_500,full_candidate,minus,lr,0.0214384508990318,62.0,45.64516129032258,0.4803941912537262,0.0214384508990318,22.40806453396414,low_positive_ratio;high_negative_to_positive_ratio,results/grn_beeline_full/grn_beeline_full_results.csv
mHSC-E_STRING_500,full_candidate,minus,mlp,0.0214384508990318,62.0,45.64516129032258,0.63509723403606,0.0214384508990318,29.624212916649782,low_positive_ratio;high_negative_to_positive_ratio,results/grn_beeline_full/grn_beeline_full_results.csv
mHSC-E_STRING_500,full_candidate,baseline,lr,0.0214384508990318,62.0,45.64516129032258,0.4442435573174469,0.0214384508990318,20.721812383258985,low_positive_ratio;high_negative_to_positive_ratio,results/grn_beeline_full/grn_beeline_full_results.csv
mHSC-E_STRING_500,full_candidate,baseline,mlp,0.0214384508990318,62.0,45.64516129032258,0.6068020800448791,0.0214384508990318,28.304380894996633,low_positive_ratio;high_negative_to_positive_ratio,results/grn_beeline_full/grn_beeline_full_results.csv
mHSC-E_STRING_500,full_candidate,scGPT_human,lr,0.0214384508990318,62.0,45.64516129032258,0.5784312198746672,0.0214384508990318,26.981017546411906,low_positive_ratio;high_negative_to_positive_ratio,results/grn_beeline_full/grn_beeline_full_results.csv
mHSC-E_STRING_500,full_candidate,scGPT_human,mlp,0.0214384508990318,62.0,45.64516129032258,0.6350678950465672,0.0214384508990318,29.622844394752796,low_positive_ratio;high_negative_to_positive_ratio,results/grn_beeline_full/grn_beeline_full_results.csv
mHSC-E_STRING_500,full_candidate,v4_bias_rec_best,lr,0.0214384508990318,62.0,45.64516129032258,0.5175809576738754,0.0214384508990318,24.142647251497554,low_positive_ratio;high_negative_to_positive_ratio,results/grn_beeline_full/grn_beeline_full_results.csv
mHSC-E_STRING_500,full_candidate,v4_bias_rec_best,mlp,0.0214384508990318,62.0,45.64516129032258,0.6105530538793397,0.0214384508990318,28.479345674500824,low_positive_ratio;high_negative_to_positive_ratio,results/grn_beeline_full/grn_beeline_full_results.csv
mHSC-E_STRING_500,full_candidate,v4_plain_best,lr,0.0214384508990318,62.0,45.64516129032258,0.5322416640023191,0.0214384508990318,24.826498262817864,low_positive_ratio;high_negative_to_positive_ratio,results/grn_beeline_full/grn_beeline_full_results.csv
mHSC-E_STRING_500,full_candidate,v4_plain_best,mlp,0.0214384508990318,62.0,45.64516129032258,0.562471539011934,0.0214384508990318,26.236575658427643,low_positive_ratio;high_negative_to_positive_ratio,results/grn_beeline_full/grn_beeline_full_results.csv
mHSC-E_STRING_500,full_candidate,v4_type_pe_best,lr,0.0214384508990318,62.0,45.64516129032258,0.5001649570263282,0.0214384508990318,23.330275092260354,low_positive_ratio;high_negative_to_positive_ratio,results/grn_beeline_full/grn_beeline_full_results.csv
mHSC-E_STRING_500,full_candidate,v4_type_pe_best,mlp,0.0214384508990318,62.0,45.64516129032258,0.6285962892984599,0.0214384508990318,29.32097530082495,low_positive_ratio;high_negative_to_positive_ratio,results/grn_beeline_full/grn_beeline_full_results.csv
mHSC-E_STRING_500,full_candidate,scconcept,lr,0.0214384508990318,62.0,45.64516129032258,0.1197269657351062,0.0214384508990318,5.5846836275149565,low_positive_ratio;high_negative_to_positive_ratio,results/grn_beeline_full/grn_beeline_full_results.csv
mHSC-E_STRING_500,full_candidate,scconcept,mlp,0.0214384508990318,62.0,45.64516129032258,0.1315397237427993,0.0214384508990318,6.135691630067351,low_positive_ratio;high_negative_to_positive_ratio,results/grn_beeline_full/grn_beeline_full_results.csv
mHSC-E_STRING_500,full_candidate,scconcept_encoded,lr,0.0214384508990318,62.0,45.64516129032258,0.1544251733491765,0.0214384508990318,7.203187118158365,low_positive_ratio;high_negative_to_positive_ratio,results/grn_beeline_full/grn_beeline_full_results.csv
mHSC-E_STRING_500,full_candidate,scconcept_encoded,mlp,0.0214384508990318,62.0,45.64516129032258,0.1102129314538613,0.0214384508990318,5.140899963944629,low_positive_ratio;high_negative_to_positive_ratio,results/grn_beeline_full/grn_beeline_full_results.csv
mHSC-E_STRING_500,full_candidate,cl_scratch_v5,lr,0.0214384508990318,62.0,45.64516129032258,0.5407220898723311,0.0214384508990318,25.222069095335197,low_positive_ratio;high_negative_to_positive_ratio,results/grn_beeline_full/grn_beeline_full_results.csv
mHSC-E_STRING_500,full_candidate,cl_scratch_v5,mlp,0.0214384508990318,62.0,45.64516129032258,0.6399344543935865,0.0214384508990318,29.849845840423438,low_positive_ratio;high_negative_to_positive_ratio,results/grn_beeline_full/grn_beeline_full_results.csv
mHSC-E_STRING_500,full_candidate,cl_v6_fair,lr,0.021438450899031812,62.0,45.645161290322584,0.48539875444489394,0.021438450899031812,22.641503191203764,low_positive_ratio;high_negative_to_positive_ratio,results/grn_beeline_full/grn_beeline_full_results.csv
mHSC-E_STRING_500,full_candidate,cl_v6_fair,mlp,0.021438450899031812,62.0,45.645161290322584,0.5631710914609865,0.021438450899031812,26.269206395244726,low_positive_ratio;high_negative_to_positive_ratio,results/grn_beeline_full/grn_beeline_full_results.csv
mHSC-GM_Non-Specific_500,full_candidate,minus,lr,0.0224395857307249,39.0,43.56410256410256,0.175104371908072,0.0224395857307249,7.803369189134105,low_positive_ratio;few_test_positives;high_negative_to_positive_ratio,results/grn_beeline_full/grn_beeline_full_results.csv
mHSC-GM_Non-Specific_500,full_candidate,minus,mlp,0.0224395857307249,39.0,43.56410256410256,0.1225473465753322,0.0224395857307249,5.461212521741745,low_positive_ratio;few_test_positives;high_negative_to_positive_ratio,results/grn_beeline_full/grn_beeline_full_results.csv
mHSC-GM_Non-Specific_500,full_candidate,baseline,lr,0.0224395857307249,39.0,43.56410256410256,0.2140444015286296,0.0224395857307249,9.538696662993832,low_positive_ratio;few_test_positives;high_negative_to_positive_ratio,results/grn_beeline_full/grn_beeline_full_results.csv
mHSC-GM_Non-Specific_500,full_candidate,baseline,mlp,0.0224395857307249,39.0,43.56410256410256,0.1100909886653574,0.0224395857307249,4.906106110266456,low_positive_ratio;few_test_positives;high_negative_to_positive_ratio,results/grn_beeline_full/grn_beeline_full_results.csv
mHSC-GM_Non-Specific_500,full_candidate,scGPT_human,lr,0.0224395857307249,39.0,43.56410256410256,0.2507966924362368,0.0224395857307249,11.17652952446618,low_positive_ratio;few_test_positives;high_negative_to_positive_ratio,results/grn_beeline_full/grn_beeline_full_results.csv
mHSC-GM_Non-Specific_500,full_candidate,scGPT_human,mlp,0.0224395857307249,39.0,43.56410256410256,0.1703986594999919,0.0224395857307249,7.593663338743252,low_positive_ratio;few_test_positives;high_negative_to_positive_ratio,results/grn_beeline_full/grn_beeline_full_results.csv
mHSC-GM_Non-Specific_500,full_candidate,v4_bias_rec_best,lr,0.0224395857307249,39.0,43.56410256410256,0.1658087799911689,0.0224395857307249,7.389119477555191,low_positive_ratio;few_test_positives;high_negative_to_positive_ratio,results/grn_beeline_full/grn_beeline_full_results.csv
mHSC-GM_Non-Specific_500,full_candidate,v4_bias_rec_best,mlp,0.0224395857307249,39.0,43.56410256410256,0.148829062392503,0.0224395857307249,6.632433600978744,low_positive_ratio;few_test_positives;high_negative_to_positive_ratio,results/grn_beeline_full/grn_beeline_full_results.csv
mHSC-GM_Non-Specific_500,full_candidate,v4_plain_best,lr,0.0224395857307249,39.0,43.56410256410256,0.2029229332920187,0.0224395857307249,9.043078411834093,low_positive_ratio;few_test_positives;high_negative_to_positive_ratio,results/grn_beeline_full/grn_beeline_full_results.csv
mHSC-GM_Non-Specific_500,full_candidate,v4_plain_best,mlp,0.0224395857307249,39.0,43.56410256410256,0.0983562086919124,0.0224395857307249,4.383156171962675,low_positive_ratio;few_test_positives;high_negative_to_positive_ratio,results/grn_beeline_full/grn_beeline_full_results.csv
mHSC-GM_Non-Specific_500,full_candidate,v4_type_pe_best,lr,0.0224395857307249,39.0,43.56410256410256,0.2021066305782693,0.0224395857307249,9.00670061397521,low_positive_ratio;few_test_positives;high_negative_to_positive_ratio,results/grn_beeline_full/grn_beeline_full_results.csv
mHSC-GM_Non-Specific_500,full_candidate,v4_type_pe_best,mlp,0.0224395857307249,39.0,43.56410256410256,0.1961475691440463,0.0224395857307249,8.741140389034706,low_positive_ratio;few_test_positives;high_negative_to_positive_ratio,results/grn_beeline_full/grn_beeline_full_results.csv
mHSC-GM_Non-Specific_500,full_candidate,scconcept,lr,0.0224395857307249,39.0,43.56410256410256,0.1278736462371864,0.0224395857307249,5.698574286159761,low_positive_ratio;few_test_positives;high_negative_to_positive_ratio,results/grn_beeline_full/grn_beeline_full_results.csv
mHSC-GM_Non-Specific_500,full_candidate,scconcept,mlp,0.0224395857307249,39.0,43.56410256410256,0.0666132943946228,0.0224395857307249,2.9685616835347384,low_positive_ratio;few_test_positives;high_negative_to_positive_ratio,results/grn_beeline_full/grn_beeline_full_results.csv
mHSC-GM_Non-Specific_500,full_candidate,scconcept_encoded,lr,0.0224395857307249,39.0,43.56410256410256,0.0615840818597003,0.0224395857307249,2.7444393403117813,low_positive_ratio;few_test_positives;high_negative_to_positive_ratio,results/grn_beeline_full/grn_beeline_full_results.csv
mHSC-GM_Non-Specific_500,full_candidate,scconcept_encoded,mlp,0.0224395857307249,39.0,43.56410256410256,0.0825684691957147,0.0224395857307249,3.679589729798785,low_positive_ratio;few_test_positives;high_negative_to_positive_ratio,results/grn_beeline_full/grn_beeline_full_results.csv
mHSC-GM_Non-Specific_500,full_candidate,cl_scratch_v5,lr,0.0224395857307249,39.0,43.56410256410256,0.1876919672094032,0.0224395857307249,8.364324077178047,low_positive_ratio;few_test_positives;high_negative_to_positive_ratio,results/grn_beeline_full/grn_beeline_full_results.csv
mHSC-GM_Non-Specific_500,full_candidate,cl_scratch_v5,mlp,0.0224395857307249,39.0,43.56410256410256,0.0714987735300386,0.0224395857307249,3.186278676800192,low_positive_ratio;few_test_positives;high_negative_to_positive_ratio,results/grn_beeline_full/grn_beeline_full_results.csv
mHSC-GM_Non-Specific_500,full_candidate,cl_v6_fair,lr,0.02243958573072497,39.0,43.56410256410256,0.22072413520103012,0.02243958573072497,9.836372999471548,low_positive_ratio;few_test_positives;high_negative_to_positive_ratio,results/grn_beeline_full/grn_beeline_full_results.csv
mHSC-GM_Non-Specific_500,full_candidate,cl_v6_fair,mlp,0.02243958573072497,39.0,43.56410256410256,0.08077816464092673,0.02243958573072497,3.599806413998222,low_positive_ratio;few_test_positives;high_negative_to_positive_ratio,results/grn_beeline_full/grn_beeline_full_results.csv
mDC_STRING_1000,full_candidate,minus,lr,0.0226386481802426,209.0,43.17224880382775,0.3880570922881566,0.0226386481802426,17.141354430642426,low_positive_ratio;high_negative_to_positive_ratio,results/grn_beeline_full/grn_beeline_full_results.csv
mDC_STRING_1000,full_candidate,minus,mlp,0.0226386481802426,209.0,43.17224880382775,0.4840719927283474,0.0226386481802426,21.382548501761292,low_positive_ratio;high_negative_to_positive_ratio,results/grn_beeline_full/grn_beeline_full_results.csv
mDC_STRING_1000,full_candidate,baseline,lr,0.0226386481802426,209.0,43.17224880382775,0.3845504658094439,0.0226386481802426,16.986458853362638,low_positive_ratio;high_negative_to_positive_ratio,results/grn_beeline_full/grn_beeline_full_results.csv
mDC_STRING_1000,full_candidate,baseline,mlp,0.0226386481802426,209.0,43.17224880382775,0.528434041273152,0.0226386481802426,23.342119947529888,low_positive_ratio;high_negative_to_positive_ratio,results/grn_beeline_full/grn_beeline_full_results.csv
mDC_STRING_1000,full_candidate,scGPT_human,lr,0.0226386481802426,209.0,43.17224880382775,0.3550027477632273,0.0226386481802426,15.681269700239808,low_positive_ratio;high_negative_to_positive_ratio,results/grn_beeline_full/grn_beeline_full_results.csv
mDC_STRING_1000,full_candidate,scGPT_human,mlp,0.0226386481802426,209.0,43.17224880382775,0.5231433661876924,0.0226386481802426,23.108418931314755,low_positive_ratio;high_negative_to_positive_ratio,results/grn_beeline_full/grn_beeline_full_results.csv
mDC_STRING_1000,full_candidate,v4_bias_rec_best,lr,0.0226386481802426,209.0,43.17224880382775,0.3623987843328386,0.0226386481802426,16.007969267754888,low_positive_ratio;high_negative_to_positive_ratio,results/grn_beeline_full/grn_beeline_full_results.csv
mDC_STRING_1000,full_candidate,v4_bias_rec_best,mlp,0.0226386481802426,209.0,43.17224880382775,0.5005472741650557,0.0226386481802426,22.11029873249666,low_positive_ratio;high_negative_to_positive_ratio,results/grn_beeline_full/grn_beeline_full_results.csv
mDC_STRING_1000,full_candidate,v4_plain_best,lr,0.0226386481802426,209.0,43.17224880382775,0.3820443477975458,0.0226386481802426,16.875757985009322,low_positive_ratio;high_negative_to_positive_ratio,results/grn_beeline_full/grn_beeline_full_results.csv
mDC_STRING_1000,full_candidate,v4_plain_best,mlp,0.0226386481802426,209.0,43.17224880382775,0.5362582468501854,0.0226386481802426,23.687732702970905,low_positive_ratio;high_negative_to_positive_ratio,results/grn_beeline_full/grn_beeline_full_results.csv
mDC_STRING_1000,full_candidate,v4_type_pe_best,lr,0.0226386481802426,209.0,43.17224880382775,0.4224856267030324,0.0226386481802426,18.66214021876747,low_positive_ratio;high_negative_to_positive_ratio,results/grn_beeline_full/grn_beeline_full_results.csv
mDC_STRING_1000,full_candidate,v4_type_pe_best,mlp,0.0226386481802426,209.0,43.17224880382775,0.5439069787228749,0.0226386481802426,24.02559439028511,low_positive_ratio;high_negative_to_positive_ratio,results/grn_beeline_full/grn_beeline_full_results.csv
mDC_STRING_1000,full_candidate,scconcept,lr,0.0226386481802426,209.0,43.17224880382775,0.2040697021103687,0.0226386481802426,9.014217654942234,low_positive_ratio;high_negative_to_positive_ratio,results/grn_beeline_full/grn_beeline_full_results.csv
mDC_STRING_1000,full_candidate,scconcept,mlp,0.0226386481802426,209.0,43.17224880382775,0.2343629430849792,0.0226386481802426,10.35233823234704,low_positive_ratio;high_negative_to_positive_ratio,results/grn_beeline_full/grn_beeline_full_results.csv
mDC_STRING_1000,full_candidate,scconcept_encoded,lr,0.0226386481802426,209.0,43.17224880382775,0.2082114332127551,0.0226386481802426,9.197167231675397,low_positive_ratio;high_negative_to_positive_ratio,results/grn_beeline_full/grn_beeline_full_results.csv
mDC_STRING_1000,full_candidate,scconcept_encoded,mlp,0.0226386481802426,209.0,43.17224880382775,0.1736407273502368,0.0226386481802426,7.670101410992291,low_positive_ratio;high_negative_to_positive_ratio,results/grn_beeline_full/grn_beeline_full_results.csv
mDC_STRING_1000,full_candidate,cl_scratch_v5,lr,0.0226386481802426,209.0,43.17224880382775,0.3808957072878651,0.0226386481802426,16.82501995062955,low_positive_ratio;high_negative_to_positive_ratio,results/grn_beeline_full/grn_beeline_full_results.csv
mDC_STRING_1000,full_candidate,cl_scratch_v5,mlp,0.0226386481802426,209.0,43.17224880382775,0.5306668587608758,0.0226386481802426,23.440748517131162,low_positive_ratio;high_negative_to_positive_ratio,results/grn_beeline_full/grn_beeline_full_results.csv
mDC_STRING_1000,full_candidate,cl_v6_fair,lr,0.022638648180242634,209.0,43.17224880382775,0.3775412500736719,0.022638648180242634,16.676846031962388,low_positive_ratio;high_negative_to_positive_ratio,results/grn_beeline_full/grn_beeline_full_results.csv
mDC_STRING_1000,full_candidate,cl_v6_fair,mlp,0.022638648180242634,209.0,43.17224880382775,0.5479214963475341,0.022638648180242634,24.202924661628874,low_positive_ratio;high_negative_to_positive_ratio,results/grn_beeline_full/grn_beeline_full_results.csv
hESC_Non-Specific_500,full_candidate,minus,lr,0.0226781857451403,42.0,43.095238095238095,0.2336248470554148,0.0226781857451403,10.301743255872141,low_positive_ratio;few_test_positives;high_negative_to_positive_ratio,results/grn_beeline_full/grn_beeline_full_results.csv
hESC_Non-Specific_500,full_candidate,minus,mlp,0.0226781857451403,42.0,43.095238095238095,0.1701816347511028,0.0226781857451403,7.504199703786752,low_positive_ratio;few_test_positives;high_negative_to_positive_ratio,results/grn_beeline_full/grn_beeline_full_results.csv
hESC_Non-Specific_500,full_candidate,baseline,lr,0.0226781857451403,42.0,43.095238095238095,0.2141513600844741,0.0226781857451403,9.44305521134399,low_positive_ratio;few_test_positives;high_negative_to_positive_ratio,results/grn_beeline_full/grn_beeline_full_results.csv
hESC_Non-Specific_500,full_candidate,baseline,mlp,0.0226781857451403,42.0,43.095238095238095,0.2328347450118364,0.0226781857451403,10.266903518141017,low_positive_ratio;few_test_positives;high_negative_to_positive_ratio,results/grn_beeline_full/grn_beeline_full_results.csv
hESC_Non-Specific_500,full_candidate,scGPT_human,lr,0.0226781857451403,42.0,43.095238095238095,0.2172143391668409,0.0226781857451403,9.57811800326169,low_positive_ratio;few_test_positives;high_negative_to_positive_ratio,results/grn_beeline_full/grn_beeline_full_results.csv
hESC_Non-Specific_500,full_candidate,scGPT_human,mlp,0.0226781857451403,42.0,43.095238095238095,0.184217359908474,0.0226781857451403,8.123108346440361,low_positive_ratio;few_test_positives;high_negative_to_positive_ratio,results/grn_beeline_full/grn_beeline_full_results.csv
hESC_Non-Specific_500,full_candidate,v4_bias_rec_best,lr,0.0226781857451403,42.0,43.095238095238095,0.1269249289091213,0.0226781857451403,5.596784960468894,low_positive_ratio;few_test_positives;high_negative_to_positive_ratio,results/grn_beeline_full/grn_beeline_full_results.csv
hESC_Non-Specific_500,full_candidate,v4_bias_rec_best,mlp,0.0226781857451403,42.0,43.095238095238095,0.2297330036553434,0.0226781857451403,10.130131494516611,low_positive_ratio;few_test_positives;high_negative_to_positive_ratio,results/grn_beeline_full/grn_beeline_full_results.csv
hESC_Non-Specific_500,full_candidate,v4_plain_best,lr,0.0226781857451403,42.0,43.095238095238095,0.1744741359598376,0.0226781857451403,7.693478566610012,low_positive_ratio;few_test_positives;high_negative_to_positive_ratio,results/grn_beeline_full/grn_beeline_full_results.csv
hESC_Non-Specific_500,full_candidate,v4_plain_best,mlp,0.0226781857451403,42.0,43.095238095238095,0.2038179022471656,0.0226781857451403,8.987398927660765,low_positive_ratio;few_test_positives;high_negative_to_positive_ratio,results/grn_beeline_full/grn_beeline_full_results.csv
hESC_Non-Specific_500,full_candidate,v4_type_pe_best,lr,0.0226781857451403,42.0,43.095238095238095,0.1864670596646379,0.0226781857451403,8.222309392831209,low_positive_ratio;few_test_positives;high_negative_to_positive_ratio,results/grn_beeline_full/grn_beeline_full_results.csv
hESC_Non-Specific_500,full_candidate,v4_type_pe_best,mlp,0.0226781857451403,42.0,43.095238095238095,0.2224455944380104,0.0226781857451403,9.808791449980879,low_positive_ratio;few_test_positives;high_negative_to_positive_ratio,results/grn_beeline_full/grn_beeline_full_results.csv
hESC_Non-Specific_500,full_candidate,scconcept,lr,0.0226781857451403,42.0,43.095238095238095,0.1341367500220213,0.0226781857451403,5.914791929542486,low_positive_ratio;few_test_positives;high_negative_to_positive_ratio,results/grn_beeline_full/grn_beeline_full_results.csv
hESC_Non-Specific_500,full_candidate,scconcept,mlp,0.0226781857451403,42.0,43.095238095238095,0.1351120810797236,0.0226781857451403,5.95779938475355,low_positive_ratio;few_test_positives;high_negative_to_positive_ratio,results/grn_beeline_full/grn_beeline_full_results.csv
hESC_Non-Specific_500,full_candidate,scconcept_encoded,lr,0.0226781857451403,42.0,43.095238095238095,0.0799357581486088,0.0226781857451403,3.5247862878862875,low_positive_ratio;few_test_positives;high_negative_to_positive_ratio,results/grn_beeline_full/grn_beeline_full_results.csv
hESC_Non-Specific_500,full_candidate,scconcept_encoded,mlp,0.0226781857451403,42.0,43.095238095238095,0.1051170755858705,0.0226781857451403,4.635162475834117,low_positive_ratio;few_test_positives;high_negative_to_positive_ratio,results/grn_beeline_full/grn_beeline_full_results.csv
hESC_Non-Specific_500,full_candidate,cl_scratch_v5,lr,0.0226781857451403,42.0,43.095238095238095,0.204077751020111,0.0226781857451403,8.99885702117255,low_positive_ratio;few_test_positives;high_negative_to_positive_ratio,results/grn_beeline_full/grn_beeline_full_results.csv
hESC_Non-Specific_500,full_candidate,cl_scratch_v5,mlp,0.0226781857451403,42.0,43.095238095238095,0.2324907965968354,0.0226781857451403,10.251737030889068,low_positive_ratio;few_test_positives;high_negative_to_positive_ratio,results/grn_beeline_full/grn_beeline_full_results.csv
hESC_Non-Specific_500,full_candidate,cl_v6_fair,lr,0.02267818574514039,42.0,43.095238095238095,0.2058050286190327,0.02267818574514039,9.075021738153536,low_positive_ratio;few_test_positives;high_negative_to_positive_ratio,results/grn_beeline_full/grn_beeline_full_results.csv
hESC_Non-Specific_500,full_candidate,cl_v6_fair,mlp,0.02267818574514039,42.0,43.095238095238095,0.19192591985974175,0.02267818574514039,8.463019132862897,low_positive_ratio;few_test_positives;high_negative_to_positive_ratio,results/grn_beeline_full/grn_beeline_full_results.csv
mHSC-L_Non-Specific_500,full_candidate,minus,lr,0.0248246087425796,46.0,39.28260869565217,0.1217756236985624,0.0248246087425796,4.905439798118177,low_positive_ratio;few_test_positives;high_negative_to_positive_ratio,results/grn_beeline_full/grn_beeline_full_results.csv
mHSC-L_Non-Specific_500,full_candidate,minus,mlp,0.0248246087425796,46.0,39.28260869565217,0.2135967391931741,0.0248246087425796,8.604233863585904,low_positive_ratio;few_test_positives;high_negative_to_positive_ratio,results/grn_beeline_full/grn_beeline_full_results.csv
mHSC-L_Non-Specific_500,full_candidate,baseline,lr,0.0248246087425796,46.0,39.28260869565217,0.1514557648530093,0.0248246087425796,6.101033310274484,low_positive_ratio;few_test_positives;high_negative_to_positive_ratio,results/grn_beeline_full/grn_beeline_full_results.csv
mHSC-L_Non-Specific_500,full_candidate,baseline,mlp,0.0248246087425796,46.0,39.28260869565217,0.1260057521108106,0.0248246087425796,5.075840405681132,low_positive_ratio;few_test_positives;high_negative_to_positive_ratio,results/grn_beeline_full/grn_beeline_full_results.csv
mHSC-L_Non-Specific_500,full_candidate,scGPT_human,lr,0.0248246087425796,46.0,39.28260869565217,0.3155606462563513,0.0248246087425796,12.711606032891716,low_positive_ratio;few_test_positives;high_negative_to_positive_ratio,results/grn_beeline_full/grn_beeline_full_results.csv
mHSC-L_Non-Specific_500,full_candidate,scGPT_human,mlp,0.0248246087425796,46.0,39.28260869565217,0.3181447544811969,0.0248246087425796,12.815700653340388,low_positive_ratio;few_test_positives;high_negative_to_positive_ratio,results/grn_beeline_full/grn_beeline_full_results.csv
mHSC-L_Non-Specific_500,full_candidate,v4_bias_rec_best,lr,0.0248246087425796,46.0,39.28260869565217,0.2678121994962045,0.0248246087425796,10.788174036227542,low_positive_ratio;few_test_positives;high_negative_to_positive_ratio,results/grn_beeline_full/grn_beeline_full_results.csv
mHSC-L_Non-Specific_500,full_candidate,v4_bias_rec_best,mlp,0.0248246087425796,46.0,39.28260869565217,0.252800238875658,0.0248246087425796,10.183453100795528,low_positive_ratio;few_test_positives;high_negative_to_positive_ratio,results/grn_beeline_full/grn_beeline_full_results.csv
mHSC-L_Non-Specific_500,full_candidate,v4_plain_best,lr,0.0248246087425796,46.0,39.28260869565217,0.2811312223840141,0.0248246087425796,11.324699023425612,low_positive_ratio;few_test_positives;high_negative_to_positive_ratio,results/grn_beeline_full/grn_beeline_full_results.csv
mHSC-L_Non-Specific_500,full_candidate,v4_plain_best,mlp,0.0248246087425796,46.0,39.28260869565217,0.2723944700520081,0.0248246087425796,10.972759847964587,low_positive_ratio;few_test_positives;high_negative_to_positive_ratio,results/grn_beeline_full/grn_beeline_full_results.csv
mHSC-L_Non-Specific_500,full_candidate,v4_type_pe_best,lr,0.0248246087425796,46.0,39.28260869565217,0.2838255087027292,0.0248246087425796,11.433231904916461,low_positive_ratio;few_test_positives;high_negative_to_positive_ratio,results/grn_beeline_full/grn_beeline_full_results.csv
mHSC-L_Non-Specific_500,full_candidate,v4_type_pe_best,mlp,0.0248246087425796,46.0,39.28260869565217,0.2472256661443024,0.0248246087425796,9.958894768812877,low_positive_ratio;few_test_positives;high_negative_to_positive_ratio,results/grn_beeline_full/grn_beeline_full_results.csv
mHSC-L_Non-Specific_500,full_candidate,scconcept,lr,0.0248246087425796,46.0,39.28260869565217,0.0969350043491869,0.0248246087425796,3.904794849109638,low_positive_ratio;few_test_positives;high_negative_to_positive_ratio,results/grn_beeline_full/grn_beeline_full_results.csv
mHSC-L_Non-Specific_500,full_candidate,scconcept,mlp,0.0248246087425796,46.0,39.28260869565217,0.0796255799236153,0.0248246087425796,3.2075260782273727,low_positive_ratio;few_test_positives;high_negative_to_positive_ratio,results/grn_beeline_full/grn_beeline_full_results.csv
mHSC-L_Non-Specific_500,full_candidate,scconcept_encoded,lr,0.0248246087425796,46.0,39.28260869565217,0.1037028924504219,0.0248246087425796,4.177423037187648,low_positive_ratio;few_test_positives;high_negative_to_positive_ratio,results/grn_beeline_full/grn_beeline_full_results.csv
mHSC-L_Non-Specific_500,full_candidate,scconcept_encoded,mlp,0.0248246087425796,46.0,39.28260869565217,0.0738237270043307,0.0248246087425796,2.9738123073701037,low_positive_ratio;few_test_positives;high_negative_to_positive_ratio,results/grn_beeline_full/grn_beeline_full_results.csv
mHSC-L_Non-Specific_500,full_candidate,cl_scratch_v5,lr,0.0248246087425796,46.0,39.28260869565217,0.277888941861421,0.0248246087425796,11.194091505852459,low_positive_ratio;few_test_positives;high_negative_to_positive_ratio,results/grn_beeline_full/grn_beeline_full_results.csv
mHSC-L_Non-Specific_500,full_candidate,cl_scratch_v5,mlp,0.0248246087425796,46.0,39.28260869565217,0.2307857103390343,0.0248246087425796,9.296650462135448,low_positive_ratio;few_test_positives;high_negative_to_positive_ratio,results/grn_beeline_full/grn_beeline_full_results.csv
mHSC-L_Non-Specific_500,full_candidate,cl_v6_fair,lr,0.0248246087425796,46.0,39.28260869565217,0.2786090569350928,0.0248246087425796,11.22309961958102,low_positive_ratio;few_test_positives;high_negative_to_positive_ratio,results/grn_beeline_full/grn_beeline_full_results.csv
mHSC-L_Non-Specific_500,full_candidate,cl_v6_fair,mlp,0.0248246087425796,46.0,39.28260869565217,0.2851776135949069,0.0248246087425796,11.487698217203533,low_positive_ratio;few_test_positives;high_negative_to_positive_ratio,results/grn_beeline_full/grn_beeline_full_results.csv
mDC_STRING_500,full_candidate,minus,lr,0.025923016496465,33.0,37.57575757575758,0.3017295082174792,0.025923016496465,11.63944436245005,low_positive_ratio;few_test_positives;high_negative_to_positive_ratio,results/grn_beeline_full/grn_beeline_full_results.csv
mDC_STRING_500,full_candidate,minus,mlp,0.025923016496465,33.0,37.57575757575758,0.4108656988444226,0.025923016496465,15.84945559481669,low_positive_ratio;few_test_positives;high_negative_to_positive_ratio,results/grn_beeline_full/grn_beeline_full_results.csv
mDC_STRING_500,full_candidate,baseline,lr,0.025923016496465,33.0,37.57575757575758,0.2041586738804373,0.025923016496465,7.875575510599912,low_positive_ratio;few_test_positives;high_negative_to_positive_ratio,results/grn_beeline_full/grn_beeline_full_results.csv
mDC_STRING_500,full_candidate,baseline,mlp,0.025923016496465,33.0,37.57575757575758,0.5067306610230632,0.025923016496465,19.547519135829106,low_positive_ratio;few_test_positives;high_negative_to_positive_ratio,results/grn_beeline_full/grn_beeline_full_results.csv
mDC_STRING_500,full_candidate,scGPT_human,lr,0.025923016496465,33.0,37.57575757575758,0.3412727584335628,0.025923016496465,13.164855196543217,low_positive_ratio;few_test_positives;high_negative_to_positive_ratio,results/grn_beeline_full/grn_beeline_full_results.csv
mDC_STRING_500,full_candidate,scGPT_human,mlp,0.025923016496465,33.0,37.57575757575758,0.4479982499909822,0.025923016496465,17.281871886015796,low_positive_ratio;few_test_positives;high_negative_to_positive_ratio,results/grn_beeline_full/grn_beeline_full_results.csv
mDC_STRING_500,full_candidate,v4_bias_rec_best,lr,0.025923016496465,33.0,37.57575757575758,0.3340037207310768,0.025923016496465,12.884446560323076,low_positive_ratio;few_test_positives;high_negative_to_positive_ratio,results/grn_beeline_full/grn_beeline_full_results.csv
mDC_STRING_500,full_candidate,v4_bias_rec_best,mlp,0.025923016496465,33.0,37.57575757575758,0.4950734996361516,0.025923016496465,19.097835304146123,low_positive_ratio;few_test_positives;high_negative_to_positive_ratio,results/grn_beeline_full/grn_beeline_full_results.csv
mDC_STRING_500,full_candidate,v4_plain_best,lr,0.025923016496465,33.0,37.57575757575758,0.3677252760820873,0.025923016496465,14.185281104621149,low_positive_ratio;few_test_positives;high_negative_to_positive_ratio,results/grn_beeline_full/grn_beeline_full_results.csv
mDC_STRING_500,full_candidate,v4_plain_best,mlp,0.025923016496465,33.0,37.57575757575758,0.5863972272246226,0.025923016496465,22.62071728051351,low_positive_ratio;few_test_positives;high_negative_to_positive_ratio,results/grn_beeline_full/grn_beeline_full_results.csv
mDC_STRING_500,full_candidate,v4_type_pe_best,lr,0.025923016496465,33.0,37.57575757575758,0.2593958591728046,0.025923016496465,10.00639177960548,low_positive_ratio;few_test_positives;high_negative_to_positive_ratio,results/grn_beeline_full/grn_beeline_full_results.csv
mDC_STRING_500,full_candidate,v4_type_pe_best,mlp,0.025923016496465,33.0,37.57575757575758,0.5139173154294382,0.025923016496465,19.824749773990177,low_positive_ratio;few_test_positives;high_negative_to_positive_ratio,results/grn_beeline_full/grn_beeline_full_results.csv
mDC_STRING_500,full_candidate,scconcept,lr,0.025923016496465,33.0,37.57575757575758,0.0617008463046968,0.025923016496465,2.3801568892690654,low_positive_ratio;few_test_positives;high_negative_to_positive_ratio,results/grn_beeline_full/grn_beeline_full_results.csv
mDC_STRING_500,full_candidate,scconcept,mlp,0.025923016496465,33.0,37.57575757575758,0.1360263700692915,0.025923016496465,5.2473202757032835,low_positive_ratio;few_test_positives;high_negative_to_positive_ratio,results/grn_beeline_full/grn_beeline_full_results.csv
mDC_STRING_500,full_candidate,scconcept_encoded,lr,0.025923016496465,33.0,37.57575757575758,0.0831734062557079,0.025923016496465,3.208477156470192,low_positive_ratio;few_test_positives;high_negative_to_positive_ratio,results/grn_beeline_full/grn_beeline_full_results.csv
mDC_STRING_500,full_candidate,scconcept_encoded,mlp,0.025923016496465,33.0,37.57575757575758,0.0666512919887158,0.025923016496465,2.571124081867738,low_positive_ratio;few_test_positives;high_negative_to_positive_ratio,results/grn_beeline_full/grn_beeline_full_results.csv
mDC_STRING_500,full_candidate,cl_scratch_v5,lr,0.025923016496465,33.0,37.57575757575758,0.3465149531034788,0.025923016496465,13.367076827294825,low_positive_ratio;few_test_positives;high_negative_to_positive_ratio,results/grn_beeline_full/grn_beeline_full_results.csv
mDC_STRING_500,full_candidate,cl_scratch_v5,mlp,0.025923016496465,33.0,37.57575757575758,0.5037804682766857,0.025923016496465,19.43371321564309,low_positive_ratio;few_test_positives;high_negative_to_positive_ratio,results/grn_beeline_full/grn_beeline_full_results.csv
mDC_STRING_500,full_candidate,cl_v6_fair,lr,0.025923016496465043,33.0,37.57575757575758,0.38921709111846997,0.025923016496465043,15.014344151327645,low_positive_ratio;few_test_positives;high_negative_to_positive_ratio,results/grn_beeline_full/grn_beeline_full_results.csv
mDC_STRING_500,full_candidate,cl_v6_fair,mlp,0.025923016496465043,33.0,37.57575757575758,0.5257117034729583,0.025923016496465043,20.27972722791139,low_positive_ratio;few_test_positives;high_negative_to_positive_ratio,results/grn_beeline_full/grn_beeline_full_results.csv
mHSC-E_Non-Specific_500,full_candidate,minus,lr,0.0271604938271604,66.0,35.81818181818182,0.183264718883033,0.0271604938271604,6.747473740693511,low_positive_ratio;high_negative_to_positive_ratio,results/grn_beeline_full/grn_beeline_full_results.csv
mHSC-E_Non-Specific_500,full_candidate,minus,mlp,0.0271604938271604,66.0,35.81818181818182,0.3205423903922368,0.0271604938271604,11.801788009896033,low_positive_ratio;high_negative_to_positive_ratio,results/grn_beeline_full/grn_beeline_full_results.csv
mHSC-E_Non-Specific_500,full_candidate,baseline,lr,0.0271604938271604,66.0,35.81818181818182,0.1515321162174601,0.0271604938271604,5.579137006188323,low_positive_ratio;high_negative_to_positive_ratio,results/grn_beeline_full/grn_beeline_full_results.csv
mHSC-E_Non-Specific_500,full_candidate,baseline,mlp,0.0271604938271604,66.0,35.81818181818182,0.2699537723500865,0.0271604938271604,9.939207072889582,low_positive_ratio;high_negative_to_positive_ratio,results/grn_beeline_full/grn_beeline_full_results.csv
mHSC-E_Non-Specific_500,full_candidate,scGPT_human,lr,0.0271604938271604,66.0,35.81818181818182,0.2568883318794679,0.0271604938271604,9.458161310107714,low_positive_ratio;high_negative_to_positive_ratio,results/grn_beeline_full/grn_beeline_full_results.csv
mHSC-E_Non-Specific_500,full_candidate,scGPT_human,mlp,0.0271604938271604,66.0,35.81818181818182,0.2801656580989876,0.0271604938271604,10.315190139099125,low_positive_ratio;high_negative_to_positive_ratio,results/grn_beeline_full/grn_beeline_full_results.csv
mHSC-E_Non-Specific_500,full_candidate,v4_bias_rec_best,lr,0.0271604938271604,66.0,35.81818181818182,0.1768293416838134,0.0271604938271604,6.510534852904061,low_positive_ratio;high_negative_to_positive_ratio,results/grn_beeline_full/grn_beeline_full_results.csv
mHSC-E_Non-Specific_500,full_candidate,v4_bias_rec_best,mlp,0.0271604938271604,66.0,35.81818181818182,0.2936985744793817,0.0271604938271604,10.813447514922727,low_positive_ratio;high_negative_to_positive_ratio,results/grn_beeline_full/grn_beeline_full_results.csv
mHSC-E_Non-Specific_500,full_candidate,v4_plain_best,lr,0.0271604938271604,66.0,35.81818181818182,0.1353607378014728,0.0271604938271604,4.98373625541788,low_positive_ratio;high_negative_to_positive_ratio,results/grn_beeline_full/grn_beeline_full_results.csv
mHSC-E_Non-Specific_500,full_candidate,v4_plain_best,mlp,0.0271604938271604,66.0,35.81818181818182,0.2352888481062315,0.0271604938271604,8.662907589365826,low_positive_ratio;high_negative_to_positive_ratio,results/grn_beeline_full/grn_beeline_full_results.csv
mHSC-E_Non-Specific_500,full_candidate,v4_type_pe_best,lr,0.0271604938271604,66.0,35.81818181818182,0.2245451203809888,0.0271604938271604,8.267343068572798,low_positive_ratio;high_negative_to_positive_ratio,results/grn_beeline_full/grn_beeline_full_results.csv
mHSC-E_Non-Specific_500,full_candidate,v4_type_pe_best,mlp,0.0271604938271604,66.0,35.81818181818182,0.2353381147749664,0.0271604938271604,8.664721498532884,low_positive_ratio;high_negative_to_positive_ratio,results/grn_beeline_full/grn_beeline_full_results.csv
mHSC-E_Non-Specific_500,full_candidate,scconcept,lr,0.0271604938271604,66.0,35.81818181818182,0.0698208097946331,0.0271604938271604,2.5706752697115007,low_positive_ratio;high_negative_to_positive_ratio,results/grn_beeline_full/grn_beeline_full_results.csv
mHSC-E_Non-Specific_500,full_candidate,scconcept,mlp,0.0271604938271604,66.0,35.81818181818182,0.0706868625220961,0.0271604938271604,2.6025617564953656,low_positive_ratio;high_negative_to_positive_ratio,results/grn_beeline_full/grn_beeline_full_results.csv
mHSC-E_Non-Specific_500,full_candidate,scconcept_encoded,lr,0.0271604938271604,66.0,35.81818181818182,0.0825743477729214,0.0271604938271604,3.0402373498212074,low_positive_ratio;high_negative_to_positive_ratio,results/grn_beeline_full/grn_beeline_full_results.csv
mHSC-E_Non-Specific_500,full_candidate,scconcept_encoded,mlp,0.0271604938271604,66.0,35.81818181818182,0.0821288765604047,0.0271604938271604,3.0238359097240015,low_positive_ratio;high_negative_to_positive_ratio,results/grn_beeline_full/grn_beeline_full_results.csv
mHSC-E_Non-Specific_500,full_candidate,cl_scratch_v5,lr,0.0271604938271604,66.0,35.81818181818182,0.1921172717297118,0.0271604938271604,7.073408640957595,low_positive_ratio;high_negative_to_positive_ratio,results/grn_beeline_full/grn_beeline_full_results.csv
mHSC-E_Non-Specific_500,full_candidate,cl_scratch_v5,mlp,0.0271604938271604,66.0,35.81818181818182,0.3202992793560086,0.0271604938271604,11.792837103562176,low_positive_ratio;high_negative_to_positive_ratio,results/grn_beeline_full/grn_beeline_full_results.csv
mHSC-E_Non-Specific_500,full_candidate,cl_v6_fair,lr,0.027160493827160494,66.0,35.81818181818182,0.18675714848685832,0.027160493827160494,6.876058648834329,low_positive_ratio;high_negative_to_positive_ratio,results/grn_beeline_full/grn_beeline_full_results.csv
mHSC-E_Non-Specific_500,full_candidate,cl_v6_fair,mlp,0.027160493827160494,66.0,35.81818181818182,0.2535553030648022,0.027160493827160494,9.33544524920408,low_positive_ratio;high_negative_to_positive_ratio,results/grn_beeline_full/grn_beeline_full_results.csv
hHep_STRING_500,full_candidate,minus,lr,0.0275833676410045,67.0,35.25373134328358,0.4380761755302943,0.0275833676410045,15.881895975568447,low_positive_ratio;high_negative_to_positive_ratio,results/grn_beeline_full/grn_beeline_full_results.csv
hHep_STRING_500,full_candidate,minus,mlp,0.0275833676410045,67.0,35.25373134328358,0.5816689733483752,0.0275833676410045,21.087670690495592,low_positive_ratio;high_negative_to_positive_ratio,results/grn_beeline_full/grn_beeline_full_results.csv
hHep_STRING_500,full_candidate,baseline,lr,0.0275833676410045,67.0,35.25373134328358,0.5047323840334488,0.0275833676410045,18.298432251003707,low_positive_ratio;high_negative_to_positive_ratio,results/grn_beeline_full/grn_beeline_full_results.csv
hHep_STRING_500,full_candidate,baseline,mlp,0.0275833676410045,67.0,35.25373134328358,0.5963605989109048,0.0275833676410045,21.620296936635658,low_positive_ratio;high_negative_to_positive_ratio,results/grn_beeline_full/grn_beeline_full_results.csv
hHep_STRING_500,full_candidate,scGPT_human,lr,0.0275833676410045,67.0,35.25373134328358,0.5296248323483597,0.0275833676410045,19.20087638468906,low_positive_ratio;high_negative_to_positive_ratio,results/grn_beeline_full/grn_beeline_full_results.csv
hHep_STRING_500,full_candidate,scGPT_human,mlp,0.0275833676410045,67.0,35.25373134328358,0.608622204473109,0.0275833676410045,22.064825890525125,low_positive_ratio;high_negative_to_positive_ratio,results/grn_beeline_full/grn_beeline_full_results.csv
hHep_STRING_500,full_candidate,v4_bias_rec_best,lr,0.0275833676410045,67.0,35.25373134328358,0.5096637319801802,0.0275833676410045,18.47721201462476,low_positive_ratio;high_negative_to_positive_ratio,results/grn_beeline_full/grn_beeline_full_results.csv
hHep_STRING_500,full_candidate,v4_bias_rec_best,mlp,0.0275833676410045,67.0,35.25373134328358,0.4606931513967751,0.0275833676410045,16.70184574242937,low_positive_ratio;high_negative_to_positive_ratio,results/grn_beeline_full/grn_beeline_full_results.csv
hHep_STRING_500,full_candidate,v4_plain_best,lr,0.0275833676410045,67.0,35.25373134328358,0.4117908611329886,0.0275833676410045,14.92895524913478,low_positive_ratio;high_negative_to_positive_ratio,results/grn_beeline_full/grn_beeline_full_results.csv
hHep_STRING_500,full_candidate,v4_plain_best,mlp,0.0275833676410045,67.0,35.25373134328358,0.5605111561986689,0.0275833676410045,20.320620871739823,low_positive_ratio;high_negative_to_positive_ratio,results/grn_beeline_full/grn_beeline_full_results.csv
hHep_STRING_500,full_candidate,v4_type_pe_best,lr,0.0275833676410045,67.0,35.25373134328358,0.4290685158054549,0.0275833676410045,15.555334699872404,low_positive_ratio;high_negative_to_positive_ratio,results/grn_beeline_full/grn_beeline_full_results.csv
hHep_STRING_500,full_candidate,v4_type_pe_best,mlp,0.0275833676410045,67.0,35.25373134328358,0.6005048593755392,0.0275833676410045,21.770541842137106,low_positive_ratio;high_negative_to_positive_ratio,results/grn_beeline_full/grn_beeline_full_results.csv
hHep_STRING_500,full_candidate,scconcept,lr,0.0275833676410045,67.0,35.25373134328358,0.1387281585645211,0.0275833676410045,5.029413390346598,low_positive_ratio;high_negative_to_positive_ratio,results/grn_beeline_full/grn_beeline_full_results.csv
hHep_STRING_500,full_candidate,scconcept,mlp,0.0275833676410045,67.0,35.25373134328358,0.160913509662999,0.0275833676410045,5.833715148827238,low_positive_ratio;high_negative_to_positive_ratio,results/grn_beeline_full/grn_beeline_full_results.csv
hHep_STRING_500,full_candidate,scconcept_encoded,lr,0.0275833676410045,67.0,35.25373134328358,0.1036107270445116,0.0275833676410045,3.7562754625540142,low_positive_ratio;high_negative_to_positive_ratio,results/grn_beeline_full/grn_beeline_full_results.csv
hHep_STRING_500,full_candidate,scconcept_encoded,mlp,0.0275833676410045,67.0,35.25373134328358,0.1711130225218001,0.0275833676410045,6.203485547842581,low_positive_ratio;high_negative_to_positive_ratio,results/grn_beeline_full/grn_beeline_full_results.csv
hHep_STRING_500,full_candidate,cl_scratch_v5,lr,0.0275833676410045,67.0,35.25373134328358,0.4419688636030554,0.0275833676410045,16.02302044316153,low_positive_ratio;high_negative_to_positive_ratio,results/grn_beeline_full/grn_beeline_full_results.csv
hHep_STRING_500,full_candidate,cl_scratch_v5,mlp,0.0275833676410045,67.0,35.25373134328358,0.5356572135228815,0.0275833676410045,19.419572711150458,low_positive_ratio;high_negative_to_positive_ratio,results/grn_beeline_full/grn_beeline_full_results.csv
hHep_STRING_500,full_candidate,cl_v6_fair,lr,0.027583367641004528,67.0,35.25373134328358,0.38584604571557624,0.027583367641004528,13.988358881240817,low_positive_ratio;high_negative_to_positive_ratio,results/grn_beeline_full/grn_beeline_full_results.csv
hHep_STRING_500,full_candidate,cl_v6_fair,mlp,0.027583367641004528,67.0,35.25373134328358,0.5462974589488951,0.027583367641004528,19.805321310251735,low_positive_ratio;high_negative_to_positive_ratio,results/grn_beeline_full/grn_beeline_full_results.csv
mDC_Specific_500,full_candidate,minus,lr,0.0346320346320346,8.0,27.875,0.1230256686792659,0.0346320346320346,3.5523661831138065,low_positive_ratio;few_test_positives;high_negative_to_positive_ratio,results/grn_beeline_full/grn_beeline_full_results.csv
mDC_Specific_500,full_candidate,minus,mlp,0.0346320346320346,8.0,27.875,0.1161184476337623,0.0346320346320346,3.35292017542489,low_positive_ratio;few_test_positives;high_negative_to_positive_ratio,results/grn_beeline_full/grn_beeline_full_results.csv
mDC_Specific_500,full_candidate,baseline,lr,0.0346320346320346,8.0,27.875,0.2139213405380163,0.0346320346320346,6.176978708035227,low_positive_ratio;few_test_positives;high_negative_to_positive_ratio,results/grn_beeline_full/grn_beeline_full_results.csv
mDC_Specific_500,full_candidate,baseline,mlp,0.0346320346320346,8.0,27.875,0.1719828942636216,0.0346320346320346,4.966006071862078,low_positive_ratio;few_test_positives;high_negative_to_positive_ratio,results/grn_beeline_full/grn_beeline_full_results.csv
mDC_Specific_500,full_candidate,scGPT_human,lr,0.0346320346320346,8.0,27.875,0.1830828263830454,0.0346320346320346,5.286516611810441,low_positive_ratio;few_test_positives;high_negative_to_positive_ratio,results/grn_beeline_full/grn_beeline_full_results.csv
mDC_Specific_500,full_candidate,scGPT_human,mlp,0.0346320346320346,8.0,27.875,0.1622245809745809,0.0346320346320346,4.684234775641028,low_positive_ratio;few_test_positives;high_negative_to_positive_ratio,results/grn_beeline_full/grn_beeline_full_results.csv
mDC_Specific_500,full_candidate,v4_bias_rec_best,lr,0.0346320346320346,8.0,27.875,0.1938796560083464,0.0346320346320346,5.5982750672410075,low_positive_ratio;few_test_positives;high_negative_to_positive_ratio,results/grn_beeline_full/grn_beeline_full_results.csv
mDC_Specific_500,full_candidate,v4_bias_rec_best,mlp,0.0346320346320346,8.0,27.875,0.0656555379452816,0.0346320346320346,1.8958036581700082,low_positive_ratio;few_test_positives;high_negative_to_positive_ratio,results/grn_beeline_full/grn_beeline_full_results.csv
mDC_Specific_500,full_candidate,v4_plain_best,lr,0.0346320346320346,8.0,27.875,0.2192600373482726,0.0346320346320346,6.331133578431378,low_positive_ratio;few_test_positives;high_negative_to_positive_ratio,results/grn_beeline_full/grn_beeline_full_results.csv
mDC_Specific_500,full_candidate,v4_plain_best,mlp,0.0346320346320346,8.0,27.875,0.1108460160262086,0.0346320346320346,3.2006787127567766,low_positive_ratio;few_test_positives;high_negative_to_positive_ratio,results/grn_beeline_full/grn_beeline_full_results.csv
mDC_Specific_500,full_candidate,v4_type_pe_best,lr,0.0346320346320346,8.0,27.875,0.1644997225126816,0.0346320346320346,4.749929487553686,low_positive_ratio;few_test_positives;high_negative_to_positive_ratio,results/grn_beeline_full/grn_beeline_full_results.csv
mDC_Specific_500,full_candidate,v4_type_pe_best,mlp,0.0346320346320346,8.0,27.875,0.0984319864888579,0.0346320346320346,2.8422236098657745,low_positive_ratio;few_test_positives;high_negative_to_positive_ratio,results/grn_beeline_full/grn_beeline_full_results.csv
mDC_Specific_500,full_candidate,scconcept,lr,0.0346320346320346,8.0,27.875,0.294314720647138,0.0346320346320346,8.498337558686117,low_positive_ratio;few_test_positives;high_negative_to_positive_ratio,results/grn_beeline_full/grn_beeline_full_results.csv
mDC_Specific_500,full_candidate,scconcept,mlp,0.0346320346320346,8.0,27.875,0.0732328733723683,0.0346320346320346,2.114599218627137,low_positive_ratio;few_test_positives;high_negative_to_positive_ratio,results/grn_beeline_full/grn_beeline_full_results.csv
mDC_Specific_500,full_candidate,scconcept_encoded,lr,0.0346320346320346,8.0,27.875,0.0426549458420431,0.0346320346320346,1.2316615611889958,low_positive_ratio;few_test_positives;high_negative_to_positive_ratio;auprc_near_random,results/grn_beeline_full/grn_beeline_full_results.csv
mDC_Specific_500,full_candidate,scconcept_encoded,mlp,0.0346320346320346,8.0,27.875,0.0790508411640983,0.0346320346320346,2.282593038613341,low_positive_ratio;few_test_positives;high_negative_to_positive_ratio,results/grn_beeline_full/grn_beeline_full_results.csv
mDC_Specific_500,full_candidate,cl_scratch_v5,lr,0.0346320346320346,8.0,27.875,0.1564808773616198,0.0346320346320346,4.518385333816776,low_positive_ratio;few_test_positives;high_negative_to_positive_ratio,results/grn_beeline_full/grn_beeline_full_results.csv
mDC_Specific_500,full_candidate,cl_scratch_v5,mlp,0.0346320346320346,8.0,27.875,0.0591414405296672,0.0346320346320346,1.7077090952941423,low_positive_ratio;few_test_positives;high_negative_to_positive_ratio,results/grn_beeline_full/grn_beeline_full_results.csv
mDC_Specific_500,full_candidate,cl_v6_fair,lr,0.03463203463203463,8.0,27.875,0.17735291546247542,0.03463203463203463,5.121065433978978,low_positive_ratio;few_test_positives;high_negative_to_positive_ratio,results/grn_beeline_full/grn_beeline_full_results.csv
mDC_Specific_500,full_candidate,cl_v6_fair,mlp,0.03463203463203463,8.0,27.875,0.031479289326539414,0.03463203463203463,0.9089644793038256,low_positive_ratio;few_test_positives;high_negative_to_positive_ratio;auprc_near_random,results/grn_beeline_full/grn_beeline_full_results.csv
mDC_Specific_1000,full_candidate,minus,lr,0.075880758807588,140.0,12.178571428571429,0.3571173248090394,0.075880758807588,4.706296173376274,high_negative_to_positive_ratio,results/grn_beeline_full/grn_beeline_full_results.csv
mDC_Specific_1000,full_candidate,minus,mlp,0.075880758807588,140.0,12.178571428571429,0.3784041747028462,0.075880758807588,4.9868264451910855,high_negative_to_positive_ratio,results/grn_beeline_full/grn_beeline_full_results.csv
mDC_Specific_1000,full_candidate,baseline,lr,0.075880758807588,140.0,12.178571428571429,0.3396977972497816,0.075880758807588,4.476731685184626,high_negative_to_positive_ratio,results/grn_beeline_full/grn_beeline_full_results.csv
mDC_Specific_1000,full_candidate,baseline,mlp,0.075880758807588,140.0,12.178571428571429,0.4296695805438356,0.075880758807588,5.662431257881267,high_negative_to_positive_ratio,results/grn_beeline_full/grn_beeline_full_results.csv
mDC_Specific_1000,full_candidate,scGPT_human,lr,0.075880758807588,140.0,12.178571428571429,0.3099248419207103,0.075880758807588,4.084366666740793,high_negative_to_positive_ratio,results/grn_beeline_full/grn_beeline_full_results.csv
mDC_Specific_1000,full_candidate,scGPT_human,mlp,0.075880758807588,140.0,12.178571428571429,0.43878149534546,0.075880758807588,5.782513277945532,high_negative_to_positive_ratio,results/grn_beeline_full/grn_beeline_full_results.csv
mDC_Specific_1000,full_candidate,v4_bias_rec_best,lr,0.075880758807588,140.0,12.178571428571429,0.3066609352500151,0.075880758807588,4.041353039544846,high_negative_to_positive_ratio,results/grn_beeline_full/grn_beeline_full_results.csv
mDC_Specific_1000,full_candidate,v4_bias_rec_best,mlp,0.075880758807588,140.0,12.178571428571429,0.3816199083711873,0.075880758807588,5.02920522103458,high_negative_to_positive_ratio,results/grn_beeline_full/grn_beeline_full_results.csv
mDC_Specific_1000,full_candidate,v4_plain_best,lr,0.075880758807588,140.0,12.178571428571429,0.3051278074195027,0.075880758807588,4.021148604921307,high_negative_to_positive_ratio,results/grn_beeline_full/grn_beeline_full_results.csv
mDC_Specific_1000,full_candidate,v4_plain_best,mlp,0.075880758807588,140.0,12.178571428571429,0.3761089482827829,0.075880758807588,4.956578639869536,high_negative_to_positive_ratio,results/grn_beeline_full/grn_beeline_full_results.csv
mDC_Specific_1000,full_candidate,v4_type_pe_best,lr,0.075880758807588,140.0,12.178571428571429,0.3166468046163874,0.075880758807588,4.172952532265966,high_negative_to_positive_ratio,results/grn_beeline_full/grn_beeline_full_results.csv
mDC_Specific_1000,full_candidate,v4_type_pe_best,mlp,0.075880758807588,140.0,12.178571428571429,0.3420567251412215,0.075880758807588,4.507818984896816,high_negative_to_positive_ratio,results/grn_beeline_full/grn_beeline_full_results.csv
mDC_Specific_1000,full_candidate,scconcept,lr,0.075880758807588,140.0,12.178571428571429,0.2255374311914078,0.075880758807588,2.972261146772484,high_negative_to_positive_ratio,results/grn_beeline_full/grn_beeline_full_results.csv
mDC_Specific_1000,full_candidate,scconcept,mlp,0.075880758807588,140.0,12.178571428571429,0.2740470806140496,0.075880758807588,3.6115490266637282,high_negative_to_positive_ratio,results/grn_beeline_full/grn_beeline_full_results.csv
mDC_Specific_1000,full_candidate,scconcept_encoded,lr,0.075880758807588,140.0,12.178571428571429,0.2774340099091004,0.075880758807588,3.6561839163020764,high_negative_to_positive_ratio,results/grn_beeline_full/grn_beeline_full_results.csv
mDC_Specific_1000,full_candidate,scconcept_encoded,mlp,0.075880758807588,140.0,12.178571428571429,0.300620606154744,0.075880758807588,3.9617501311107373,high_negative_to_positive_ratio,results/grn_beeline_full/grn_beeline_full_results.csv
mDC_Specific_1000,full_candidate,cl_scratch_v5,lr,0.075880758807588,140.0,12.178571428571429,0.3502797052764791,0.075880758807588,4.616186115965033,high_negative_to_positive_ratio,results/grn_beeline_full/grn_beeline_full_results.csv
mDC_Specific_1000,full_candidate,cl_scratch_v5,mlp,0.075880758807588,140.0,12.178571428571429,0.3823109428795714,0.075880758807588,5.038312068662928,high_negative_to_positive_ratio,results/grn_beeline_full/grn_beeline_full_results.csv
mDC_Specific_1000,full_candidate,cl_v6_fair,lr,0.07588075880758807,140.0,12.178571428571429,0.35534832022274604,0.07588075880758807,4.682983220078332,high_negative_to_positive_ratio,results/grn_beeline_full/grn_beeline_full_results.csv
mDC_Specific_1000,full_candidate,cl_v6_fair,mlp,0.07588075880758807,140.0,12.178571428571429,0.4575332545859602,0.07588075880758807,6.0296346765078335,high_negative_to_positive_ratio,results/grn_beeline_full/grn_beeline_full_results.csv
mDC_Specific_500,tf_stratified_1to10,minus,lr,0.0909090909090909,8.0,10.0,0.1422122179196406,0.0909090909090909,1.5643343971160466,few_test_positives,results/grn_beeline_full/grn_beeline_full_results.csv
mDC_Specific_500,tf_stratified_1to10,minus,mlp,0.0909090909090909,8.0,10.0,0.1244370459419378,0.0909090909090909,1.368807505361316,few_test_positives,results/grn_beeline_full/grn_beeline_full_results.csv
mDC_Specific_500,tf_stratified_1to10,baseline,lr,0.0909090909090909,8.0,10.0,0.1660141287141086,0.0909090909090909,1.8261554158551947,few_test_positives,results/grn_beeline_full/grn_beeline_full_results.csv
mDC_Specific_500,tf_stratified_1to10,baseline,mlp,0.0909090909090909,8.0,10.0,0.1747339252562236,0.0909090909090909,1.9220731778184599,few_test_positives,results/grn_beeline_full/grn_beeline_full_results.csv
mDC_Specific_500,tf_stratified_1to10,scGPT_human,lr,0.0909090909090909,8.0,10.0,0.2125476600051172,0.0909090909090909,2.3380242600562897,few_test_positives,results/grn_beeline_full/grn_beeline_full_results.csv
mDC_Specific_500,tf_stratified_1to10,scGPT_human,mlp,0.0909090909090909,8.0,10.0,0.2289059433791244,0.0909090909090909,2.5179653771703685,few_test_positives,results/grn_beeline_full/grn_beeline_full_results.csv
mDC_Specific_500,tf_stratified_1to10,v4_bias_rec_best,lr,0.0909090909090909,8.0,10.0,0.0924815459353176,0.0909090909090909,1.0172970052884938,few_test_positives;auprc_near_random,results/grn_beeline_full/grn_beeline_full_results.csv
mDC_Specific_500,tf_stratified_1to10,v4_bias_rec_best,mlp,0.0909090909090909,8.0,10.0,0.0795895570793111,0.0909090909090909,0.8754851278724223,few_test_positives;auprc_near_random,results/grn_beeline_full/grn_beeline_full_results.csv
mDC_Specific_500,tf_stratified_1to10,v4_plain_best,lr,0.0909090909090909,8.0,10.0,0.1402137455822983,0.0909090909090909,1.5423512014052814,few_test_positives,results/grn_beeline_full/grn_beeline_full_results.csv
mDC_Specific_500,tf_stratified_1to10,v4_plain_best,mlp,0.0909090909090909,8.0,10.0,0.2251608848667672,0.0909090909090909,2.4767697335344394,few_test_positives,results/grn_beeline_full/grn_beeline_full_results.csv
mDC_Specific_500,tf_stratified_1to10,v4_type_pe_best,lr,0.0909090909090909,8.0,10.0,0.2156964892939196,0.0909090909090909,2.3726613822331157,few_test_positives,results/grn_beeline_full/grn_beeline_full_results.csv
mDC_Specific_500,tf_stratified_1to10,v4_type_pe_best,mlp,0.0909090909090909,8.0,10.0,0.0922328746605798,0.0909090909090909,1.014561621266378,few_test_positives;auprc_near_random,results/grn_beeline_full/grn_beeline_full_results.csv
mDC_Specific_500,tf_stratified_1to10,scconcept,lr,0.0909090909090909,8.0,10.0,0.2780307147169593,0.0909090909090909,3.0583378618865527,few_test_positives,results/grn_beeline_full/grn_beeline_full_results.csv
mDC_Specific_500,tf_stratified_1to10,scconcept,mlp,0.0909090909090909,8.0,10.0,0.1346878907256266,0.0909090909090909,1.4815667979818927,few_test_positives,results/grn_beeline_full/grn_beeline_full_results.csv
mDC_Specific_500,tf_stratified_1to10,scconcept_encoded,lr,0.0909090909090909,8.0,10.0,0.073944268950404,0.0909090909090909,0.8133869584544441,few_test_positives;auprc_near_random,results/grn_beeline_full/grn_beeline_full_results.csv
mDC_Specific_500,tf_stratified_1to10,scconcept_encoded,mlp,0.0909090909090909,8.0,10.0,0.1146257067641871,0.0909090909090909,1.2608827744060582,few_test_positives,results/grn_beeline_full/grn_beeline_full_results.csv
mDC_Specific_500,tf_stratified_1to10,cl_scratch_v5,lr,0.0909090909090909,8.0,10.0,0.1702956219144549,0.0909090909090909,1.8732518410590042,few_test_positives,results/grn_beeline_full/grn_beeline_full_results.csv
mDC_Specific_500,tf_stratified_1to10,cl_scratch_v5,mlp,0.0909090909090909,8.0,10.0,0.1139355627532664,0.0909090909090909,1.2532911902859305,few_test_positives,results/grn_beeline_full/grn_beeline_full_results.csv
mDC_Non-Specific_500,tf_stratified_1to10,minus,lr,0.0909090909090909,11.0,10.0,0.4612285607178354,0.0909090909090909,5.073514167896191,few_test_positives,results/grn_beeline_full/grn_beeline_full_results.csv
mDC_Non-Specific_500,tf_stratified_1to10,minus,mlp,0.0909090909090909,11.0,10.0,0.1027835036699218,0.0909090909090909,1.13061854036914,few_test_positives;auprc_near_random,results/grn_beeline_full/grn_beeline_full_results.csv
mDC_Non-Specific_500,tf_stratified_1to10,baseline,lr,0.0909090909090909,11.0,10.0,0.5315277644579459,0.0909090909090909,5.8468054090374055,few_test_positives,results/grn_beeline_full/grn_beeline_full_results.csv
mDC_Non-Specific_500,tf_stratified_1to10,baseline,mlp,0.0909090909090909,11.0,10.0,0.4403898231585859,0.0909090909090909,4.844288054744445,few_test_positives,results/grn_beeline_full/grn_beeline_full_results.csv
mDC_Non-Specific_500,tf_stratified_1to10,scGPT_human,lr,0.0909090909090909,11.0,10.0,0.3177257609812701,0.0909090909090909,3.4949833707939715,few_test_positives,results/grn_beeline_full/grn_beeline_full_results.csv
mDC_Non-Specific_500,tf_stratified_1to10,scGPT_human,mlp,0.0909090909090909,11.0,10.0,0.2841712374705218,0.0909090909090909,3.1258836121757403,few_test_positives,results/grn_beeline_full/grn_beeline_full_results.csv
mDC_Non-Specific_500,tf_stratified_1to10,v4_bias_rec_best,lr,0.0909090909090909,11.0,10.0,0.6238868689450086,0.0909090909090909,6.8627555583950945,few_test_positives,results/grn_beeline_full/grn_beeline_full_results.csv
mDC_Non-Specific_500,tf_stratified_1to10,v4_bias_rec_best,mlp,0.0909090909090909,11.0,10.0,0.2096444339623754,0.0909090909090909,2.3060887735861297,few_test_positives,results/grn_beeline_full/grn_beeline_full_results.csv
mDC_Non-Specific_500,tf_stratified_1to10,v4_plain_best,lr,0.0909090909090909,11.0,10.0,0.550544499884622,0.0909090909090909,6.055989498730842,few_test_positives,results/grn_beeline_full/grn_beeline_full_results.csv
mDC_Non-Specific_500,tf_stratified_1to10,v4_plain_best,mlp,0.0909090909090909,11.0,10.0,0.2253383926066794,0.0909090909090909,2.4787223186734737,few_test_positives,results/grn_beeline_full/grn_beeline_full_results.csv
mDC_Non-Specific_500,tf_stratified_1to10,v4_type_pe_best,lr,0.0909090909090909,11.0,10.0,0.4138000361876606,0.0909090909090909,4.551800398064267,few_test_positives,results/grn_beeline_full/grn_beeline_full_results.csv
mDC_Non-Specific_500,tf_stratified_1to10,v4_type_pe_best,mlp,0.0909090909090909,11.0,10.0,0.3378823357120647,0.0909090909090909,3.7167056928327122,few_test_positives,results/grn_beeline_full/grn_beeline_full_results.csv
mDC_Non-Specific_500,tf_stratified_1to10,scconcept,lr,0.0909090909090909,11.0,10.0,0.2012689056176062,0.0909090909090909,2.2139579617936684,few_test_positives,results/grn_beeline_full/grn_beeline_full_results.csv
mDC_Non-Specific_500,tf_stratified_1to10,scconcept,mlp,0.0909090909090909,11.0,10.0,0.1108282847268717,0.0909090909090909,1.219111131995589,few_test_positives;auprc_near_random,results/grn_beeline_full/grn_beeline_full_results.csv
mDC_Non-Specific_500,tf_stratified_1to10,scconcept_encoded,lr,0.0909090909090909,11.0,10.0,0.1621996358209836,0.0909090909090909,1.7841959940308199,few_test_positives,results/grn_beeline_full/grn_beeline_full_results.csv
mDC_Non-Specific_500,tf_stratified_1to10,scconcept_encoded,mlp,0.0909090909090909,11.0,10.0,0.1872076836260439,0.0909090909090909,2.059284519886483,few_test_positives,results/grn_beeline_full/grn_beeline_full_results.csv
mDC_Non-Specific_500,tf_stratified_1to10,cl_scratch_v5,lr,0.0909090909090909,11.0,10.0,0.5107842120420186,0.0909090909090909,5.618626332462205,few_test_positives,results/grn_beeline_full/grn_beeline_full_results.csv
mDC_Non-Specific_500,tf_stratified_1to10,cl_scratch_v5,mlp,0.0909090909090909,11.0,10.0,0.2335817391747237,0.0909090909090909,2.569399130921961,few_test_positives,results/grn_beeline_full/grn_beeline_full_results.csv
hHep_Non-Specific_500,tf_stratified_1to10,minus,lr,0.0909090909090909,29.0,10.0,0.200040508508301,0.0909090909090909,2.200445593591311,few_test_positives,results/grn_beeline_full/grn_beeline_full_results.csv
hHep_Non-Specific_500,tf_stratified_1to10,minus,mlp,0.0909090909090909,29.0,10.0,0.2601613385689936,0.0909090909090909,2.8617747242589298,few_test_positives,results/grn_beeline_full/grn_beeline_full_results.csv
hHep_Non-Specific_500,tf_stratified_1to10,baseline,lr,0.0909090909090909,29.0,10.0,0.1676148797164637,0.0909090909090909,1.8437636768811008,few_test_positives,results/grn_beeline_full/grn_beeline_full_results.csv
hHep_Non-Specific_500,tf_stratified_1to10,baseline,mlp,0.0909090909090909,29.0,10.0,0.2793103065821346,0.0909090909090909,3.0724133724034814,few_test_positives,results/grn_beeline_full/grn_beeline_full_results.csv
hHep_Non-Specific_500,tf_stratified_1to10,scGPT_human,lr,0.0909090909090909,29.0,10.0,0.2753209175011371,0.0909090909090909,3.0285300925125083,few_test_positives,results/grn_beeline_full/grn_beeline_full_results.csv
hHep_Non-Specific_500,tf_stratified_1to10,scGPT_human,mlp,0.0909090909090909,29.0,10.0,0.3624495659525243,0.0909090909090909,3.986945225477768,few_test_positives,results/grn_beeline_full/grn_beeline_full_results.csv
hHep_Non-Specific_500,tf_stratified_1to10,v4_bias_rec_best,lr,0.0909090909090909,29.0,10.0,0.2102879974185563,0.0909090909090909,2.31316797160412,few_test_positives,results/grn_beeline_full/grn_beeline_full_results.csv
hHep_Non-Specific_500,tf_stratified_1to10,v4_bias_rec_best,mlp,0.0909090909090909,29.0,10.0,0.2938027658321084,0.0909090909090909,3.231830424153193,few_test_positives,results/grn_beeline_full/grn_beeline_full_results.csv
hHep_Non-Specific_500,tf_stratified_1to10,v4_plain_best,lr,0.0909090909090909,29.0,10.0,0.2023812617832105,0.0909090909090909,2.226193879615316,few_test_positives,results/grn_beeline_full/grn_beeline_full_results.csv
hHep_Non-Specific_500,tf_stratified_1to10,v4_plain_best,mlp,0.0909090909090909,29.0,10.0,0.3453386086519457,0.0909090909090909,3.798724695171403,few_test_positives,results/grn_beeline_full/grn_beeline_full_results.csv
hHep_Non-Specific_500,tf_stratified_1to10,v4_type_pe_best,lr,0.0909090909090909,29.0,10.0,0.2711790662467175,0.0909090909090909,2.982969728713893,few_test_positives,results/grn_beeline_full/grn_beeline_full_results.csv
hHep_Non-Specific_500,tf_stratified_1to10,v4_type_pe_best,mlp,0.0909090909090909,29.0,10.0,0.1047124564253187,0.0909090909090909,1.151837020678506,few_test_positives;auprc_near_random,results/grn_beeline_full/grn_beeline_full_results.csv
hHep_Non-Specific_500,tf_stratified_1to10,scconcept,lr,0.0909090909090909,29.0,10.0,0.1524341690622441,0.0909090909090909,1.6767758596846853,few_test_positives,results/grn_beeline_full/grn_beeline_full_results.csv
hHep_Non-Specific_500,tf_stratified_1to10,scconcept,mlp,0.0909090909090909,29.0,10.0,0.1173920595642947,0.0909090909090909,1.2913126552072418,few_test_positives,results/grn_beeline_full/grn_beeline_full_results.csv
hHep_Non-Specific_500,tf_stratified_1to10,scconcept_encoded,lr,0.0909090909090909,29.0,10.0,0.193883419226946,0.0909090909090909,2.1327176114964064,few_test_positives,results/grn_beeline_full/grn_beeline_full_results.csv
hHep_Non-Specific_500,tf_stratified_1to10,scconcept_encoded,mlp,0.0909090909090909,29.0,10.0,0.1109983756602392,0.0909090909090909,1.2209821322626315,few_test_positives;auprc_near_random,results/grn_beeline_full/grn_beeline_full_results.csv
hHep_Non-Specific_500,tf_stratified_1to10,cl_scratch_v5,lr,0.0909090909090909,29.0,10.0,0.1753510583421977,0.0909090909090909,1.9288616417641749,few_test_positives,results/grn_beeline_full/grn_beeline_full_results.csv
hHep_Non-Specific_500,tf_stratified_1to10,cl_scratch_v5,mlp,0.0909090909090909,29.0,10.0,0.2782039170993693,0.0909090909090909,3.060243088093063,few_test_positives,results/grn_beeline_full/grn_beeline_full_results.csv
mHSC-GM_STRING_500,tf_stratified_1to10,minus,lr,0.0909090909090909,31.0,10.0,0.3506262808473097,0.0909090909090909,3.856889089320407,few_test_positives,results/grn_beeline_full/grn_beeline_full_results.csv
mHSC-GM_STRING_500,tf_stratified_1to10,minus,mlp,0.0909090909090909,31.0,10.0,0.5404970148641882,0.0909090909090909,5.945467163506071,few_test_positives,results/grn_beeline_full/grn_beeline_full_results.csv
mHSC-GM_STRING_500,tf_stratified_1to10,baseline,lr,0.0909090909090909,31.0,10.0,0.2739490569362794,0.0909090909090909,3.013439626299074,few_test_positives,results/grn_beeline_full/grn_beeline_full_results.csv
mHSC-GM_STRING_500,tf_stratified_1to10,baseline,mlp,0.0909090909090909,31.0,10.0,0.2584535018539442,0.0909090909090909,2.8429885203933867,few_test_positives,results/grn_beeline_full/grn_beeline_full_results.csv
mHSC-GM_STRING_500,tf_stratified_1to10,scGPT_human,lr,0.0909090909090909,31.0,10.0,0.336475652927787,0.0909090909090909,3.7012321822056573,few_test_positives,results/grn_beeline_full/grn_beeline_full_results.csv
mHSC-GM_STRING_500,tf_stratified_1to10,scGPT_human,mlp,0.0909090909090909,31.0,10.0,0.2165360486311228,0.0909090909090909,2.381896534942351,few_test_positives,results/grn_beeline_full/grn_beeline_full_results.csv
mHSC-GM_STRING_500,tf_stratified_1to10,v4_bias_rec_best,lr,0.0909090909090909,31.0,10.0,0.4456955531008509,0.0909090909090909,4.902651084109361,few_test_positives,results/grn_beeline_full/grn_beeline_full_results.csv
mHSC-GM_STRING_500,tf_stratified_1to10,v4_bias_rec_best,mlp,0.0909090909090909,31.0,10.0,0.5785286018382383,0.0909090909090909,6.363814620220622,few_test_positives,results/grn_beeline_full/grn_beeline_full_results.csv
mHSC-GM_STRING_500,tf_stratified_1to10,v4_plain_best,lr,0.0909090909090909,31.0,10.0,0.3000073904365018,0.0909090909090909,3.3000812948015206,few_test_positives,results/grn_beeline_full/grn_beeline_full_results.csv
mHSC-GM_STRING_500,tf_stratified_1to10,v4_plain_best,mlp,0.0909090909090909,31.0,10.0,0.3148751204267463,0.0909090909090909,3.46362632469421,few_test_positives,results/grn_beeline_full/grn_beeline_full_results.csv
mHSC-GM_STRING_500,tf_stratified_1to10,v4_type_pe_best,lr,0.0909090909090909,31.0,10.0,0.3164759912568848,0.0909090909090909,3.4812359038257332,few_test_positives,results/grn_beeline_full/grn_beeline_full_results.csv
mHSC-GM_STRING_500,tf_stratified_1to10,v4_type_pe_best,mlp,0.0909090909090909,31.0,10.0,0.5973683578571102,0.0909090909090909,6.571051936428213,few_test_positives,results/grn_beeline_full/grn_beeline_full_results.csv
mHSC-GM_STRING_500,tf_stratified_1to10,scconcept,lr,0.0909090909090909,31.0,10.0,0.1895878974604946,0.0909090909090909,2.0854668720654406,few_test_positives,results/grn_beeline_full/grn_beeline_full_results.csv
mHSC-GM_STRING_500,tf_stratified_1to10,scconcept,mlp,0.0909090909090909,31.0,10.0,0.0867734820090601,0.0909090909090909,0.9545083020996612,few_test_positives;auprc_near_random,results/grn_beeline_full/grn_beeline_full_results.csv
mHSC-GM_STRING_500,tf_stratified_1to10,scconcept_encoded,lr,0.0909090909090909,31.0,10.0,0.161145220449025,0.0909090909090909,1.772597424939275,few_test_positives,results/grn_beeline_full/grn_beeline_full_results.csv
mHSC-GM_STRING_500,tf_stratified_1to10,scconcept_encoded,mlp,0.0909090909090909,31.0,10.0,0.1118354848949711,0.0909090909090909,1.2301903338446822,few_test_positives;auprc_near_random,results/grn_beeline_full/grn_beeline_full_results.csv
mHSC-GM_STRING_500,tf_stratified_1to10,cl_scratch_v5,lr,0.0909090909090909,31.0,10.0,0.2516127332265292,0.0909090909090909,2.7677400654918216,few_test_positives,results/grn_beeline_full/grn_beeline_full_results.csv
mHSC-GM_STRING_500,tf_stratified_1to10,cl_scratch_v5,mlp,0.0909090909090909,31.0,10.0,0.4108921520979925,0.0909090909090909,4.519813673077918,few_test_positives,results/grn_beeline_full/grn_beeline_full_results.csv
hESC_STRING_500,tf_stratified_1to10,minus,lr,0.0909090909090909,32.0,10.0,0.4840594262848643,0.0909090909090909,5.324653689133508,few_test_positives,results/grn_beeline_full/grn_beeline_full_results.csv
hESC_STRING_500,tf_stratified_1to10,minus,mlp,0.0909090909090909,32.0,10.0,0.0863108882399444,0.0909090909090909,0.9494197706393885,few_test_positives;auprc_near_random,results/grn_beeline_full/grn_beeline_full_results.csv
hESC_STRING_500,tf_stratified_1to10,baseline,lr,0.0909090909090909,32.0,10.0,0.5130184236091799,0.0909090909090909,5.64320265970098,few_test_positives,results/grn_beeline_full/grn_beeline_full_results.csv
hESC_STRING_500,tf_stratified_1to10,baseline,mlp,0.0909090909090909,32.0,10.0,0.1145271117324021,0.0909090909090909,1.2597982290564231,few_test_positives,results/grn_beeline_full/grn_beeline_full_results.csv
hESC_STRING_500,tf_stratified_1to10,scGPT_human,lr,0.0909090909090909,32.0,10.0,0.5220529724634728,0.0909090909090909,5.742582697098202,few_test_positives,results/grn_beeline_full/grn_beeline_full_results.csv
hESC_STRING_500,tf_stratified_1to10,scGPT_human,mlp,0.0909090909090909,32.0,10.0,0.3042213220631027,0.0909090909090909,3.34643454269413,few_test_positives,results/grn_beeline_full/grn_beeline_full_results.csv
hESC_STRING_500,tf_stratified_1to10,v4_bias_rec_best,lr,0.0909090909090909,32.0,10.0,0.2897919944326187,0.0909090909090909,3.1877119387588064,few_test_positives,results/grn_beeline_full/grn_beeline_full_results.csv
hESC_STRING_500,tf_stratified_1to10,v4_bias_rec_best,mlp,0.0909090909090909,32.0,10.0,0.200420150423111,0.0909090909090909,2.2046216546542214,few_test_positives,results/grn_beeline_full/grn_beeline_full_results.csv
hESC_STRING_500,tf_stratified_1to10,v4_plain_best,lr,0.0909090909090909,32.0,10.0,0.4298883446949549,0.0909090909090909,4.728771791644505,few_test_positives,results/grn_beeline_full/grn_beeline_full_results.csv
hESC_STRING_500,tf_stratified_1to10,v4_plain_best,mlp,0.0909090909090909,32.0,10.0,0.1196371007186575,0.0909090909090909,1.3160081079052328,few_test_positives,results/grn_beeline_full/grn_beeline_full_results.csv
hESC_STRING_500,tf_stratified_1to10,v4_type_pe_best,lr,0.0909090909090909,32.0,10.0,0.5497522610902769,0.0909090909090909,6.0472748719930465,few_test_positives,results/grn_beeline_full/grn_beeline_full_results.csv
hESC_STRING_500,tf_stratified_1to10,v4_type_pe_best,mlp,0.0909090909090909,32.0,10.0,0.2171271308063857,0.0909090909090909,2.3883984388702433,few_test_positives,results/grn_beeline_full/grn_beeline_full_results.csv
hESC_STRING_500,tf_stratified_1to10,scconcept,lr,0.0909090909090909,32.0,10.0,0.3836785972598902,0.0909090909090909,4.220464569858793,few_test_positives,results/grn_beeline_full/grn_beeline_full_results.csv
hESC_STRING_500,tf_stratified_1to10,scconcept,mlp,0.0909090909090909,32.0,10.0,0.4130060038789813,0.0909090909090909,4.543066042668794,few_test_positives,results/grn_beeline_full/grn_beeline_full_results.csv
hESC_STRING_500,tf_stratified_1to10,scconcept_encoded,lr,0.0909090909090909,32.0,10.0,0.3386329602828465,0.0909090909090909,3.724962563111312,few_test_positives,results/grn_beeline_full/grn_beeline_full_results.csv
hESC_STRING_500,tf_stratified_1to10,scconcept_encoded,mlp,0.0909090909090909,32.0,10.0,0.1711674947138859,0.0909090909090909,1.8828424418527452,few_test_positives,results/grn_beeline_full/grn_beeline_full_results.csv
hESC_STRING_500,tf_stratified_1to10,cl_scratch_v5,lr,0.0909090909090909,32.0,10.0,0.4880875684371289,0.0909090909090909,5.368963252808419,few_test_positives,results/grn_beeline_full/grn_beeline_full_results.csv
hESC_STRING_500,tf_stratified_1to10,cl_scratch_v5,mlp,0.0909090909090909,32.0,10.0,0.1713820167662202,0.0909090909090909,1.8852021844284224,few_test_positives,results/grn_beeline_full/grn_beeline_full_results.csv
mHSC-L_STRING_500,tf_stratified_1to10,minus,lr,0.0909090909090909,34.0,10.0,0.5311788745023227,0.0909090909090909,5.842967619525551,few_test_positives,results/grn_beeline_full/grn_beeline_full_results.csv
mHSC-L_STRING_500,tf_stratified_1to10,minus,mlp,0.0909090909090909,34.0,10.0,0.4772368956438295,0.0909090909090909,5.249605852082125,few_test_positives,results/grn_beeline_full/grn_beeline_full_results.csv
mHSC-L_STRING_500,tf_stratified_1to10,baseline,lr,0.0909090909090909,34.0,10.0,0.5666709104776959,0.0909090909090909,6.233380015254656,few_test_positives,results/grn_beeline_full/grn_beeline_full_results.csv
mHSC-L_STRING_500,tf_stratified_1to10,baseline,mlp,0.0909090909090909,34.0,10.0,0.4358054571973304,0.0909090909090909,4.793860029170634,few_test_positives,results/grn_beeline_full/grn_beeline_full_results.csv
mHSC-L_STRING_500,tf_stratified_1to10,scGPT_human,lr,0.0909090909090909,34.0,10.0,0.5731698809693244,0.0909090909090909,6.30486869066257,few_test_positives,results/grn_beeline_full/grn_beeline_full_results.csv
mHSC-L_STRING_500,tf_stratified_1to10,scGPT_human,mlp,0.0909090909090909,34.0,10.0,0.5080688287331748,0.0909090909090909,5.588757116064924,few_test_positives,results/grn_beeline_full/grn_beeline_full_results.csv
mHSC-L_STRING_500,tf_stratified_1to10,v4_bias_rec_best,lr,0.0909090909090909,34.0,10.0,0.5823448594732731,0.0909090909090909,6.405793454206004,few_test_positives,results/grn_beeline_full/grn_beeline_full_results.csv
mHSC-L_STRING_500,tf_stratified_1to10,v4_bias_rec_best,mlp,0.0909090909090909,34.0,10.0,0.4980523086580274,0.0909090909090909,5.478575395238302,few_test_positives,results/grn_beeline_full/grn_beeline_full_results.csv
mHSC-L_STRING_500,tf_stratified_1to10,v4_plain_best,lr,0.0909090909090909,34.0,10.0,0.6227250134185748,0.0909090909090909,6.849975147604323,few_test_positives,results/grn_beeline_full/grn_beeline_full_results.csv
mHSC-L_STRING_500,tf_stratified_1to10,v4_plain_best,mlp,0.0909090909090909,34.0,10.0,0.446063675034221,0.0909090909090909,4.906700425376432,few_test_positives,results/grn_beeline_full/grn_beeline_full_results.csv
mHSC-L_STRING_500,tf_stratified_1to10,v4_type_pe_best,lr,0.0909090909090909,34.0,10.0,0.4935189937029313,0.0909090909090909,5.4287089307322445,few_test_positives,results/grn_beeline_full/grn_beeline_full_results.csv
mHSC-L_STRING_500,tf_stratified_1to10,v4_type_pe_best,mlp,0.0909090909090909,34.0,10.0,0.4936214126569304,0.0909090909090909,5.429835539226235,few_test_positives,results/grn_beeline_full/grn_beeline_full_results.csv
mHSC-L_STRING_500,tf_stratified_1to10,scconcept,lr,0.0909090909090909,34.0,10.0,0.4734442353248578,0.0909090909090909,5.2078865885734364,few_test_positives,results/grn_beeline_full/grn_beeline_full_results.csv
mHSC-L_STRING_500,tf_stratified_1to10,scconcept,mlp,0.0909090909090909,34.0,10.0,0.1321772474645809,0.0909090909090909,1.45394972211039,few_test_positives,results/grn_beeline_full/grn_beeline_full_results.csv
mHSC-L_STRING_500,tf_stratified_1to10,scconcept_encoded,lr,0.0909090909090909,34.0,10.0,0.3247791603229283,0.0909090909090909,3.572570763552212,few_test_positives,results/grn_beeline_full/grn_beeline_full_results.csv
mHSC-L_STRING_500,tf_stratified_1to10,scconcept_encoded,mlp,0.0909090909090909,34.0,10.0,0.1617209647431459,0.0909090909090909,1.7789306121746051,few_test_positives,results/grn_beeline_full/grn_beeline_full_results.csv
mHSC-L_STRING_500,tf_stratified_1to10,cl_scratch_v5,lr,0.0909090909090909,34.0,10.0,0.4677896515124616,0.0909090909090909,5.145686166637078,few_test_positives,results/grn_beeline_full/grn_beeline_full_results.csv
mHSC-L_STRING_500,tf_stratified_1to10,cl_scratch_v5,mlp,0.0909090909090909,34.0,10.0,0.4706912833681704,0.0909090909090909,5.177604117049875,few_test_positives,results/grn_beeline_full/grn_beeline_full_results.csv
mHSC-GM_Non-Specific_500,tf_stratified_1to10,minus,lr,0.0909090909090909,39.0,10.0,0.3154116787230186,0.0909090909090909,3.4695284659532053,few_test_positives,results/grn_beeline_full/grn_beeline_full_results.csv
mHSC-GM_Non-Specific_500,tf_stratified_1to10,minus,mlp,0.0909090909090909,39.0,10.0,0.1510970089636768,0.0909090909090909,1.662067098600445,few_test_positives,results/grn_beeline_full/grn_beeline_full_results.csv
mHSC-GM_Non-Specific_500,tf_stratified_1to10,baseline,lr,0.0909090909090909,39.0,10.0,0.2865453060130312,0.0909090909090909,3.1519983661433435,few_test_positives,results/grn_beeline_full/grn_beeline_full_results.csv
mHSC-GM_Non-Specific_500,tf_stratified_1to10,baseline,mlp,0.0909090909090909,39.0,10.0,0.2653165992934964,0.0909090909090909,2.9184825922284605,few_test_positives,results/grn_beeline_full/grn_beeline_full_results.csv
mHSC-GM_Non-Specific_500,tf_stratified_1to10,scGPT_human,lr,0.0909090909090909,39.0,10.0,0.3535429503244475,0.0909090909090909,3.8889724535689227,few_test_positives,results/grn_beeline_full/grn_beeline_full_results.csv
mHSC-GM_Non-Specific_500,tf_stratified_1to10,scGPT_human,mlp,0.0909090909090909,39.0,10.0,0.4650844827970229,0.0909090909090909,5.115929310767252,few_test_positives,results/grn_beeline_full/grn_beeline_full_results.csv
mHSC-GM_Non-Specific_500,tf_stratified_1to10,v4_bias_rec_best,lr,0.0909090909090909,39.0,10.0,0.2775274243750741,0.0909090909090909,3.0528016681258157,few_test_positives,results/grn_beeline_full/grn_beeline_full_results.csv
mHSC-GM_Non-Specific_500,tf_stratified_1to10,v4_bias_rec_best,mlp,0.0909090909090909,39.0,10.0,0.1915153781920471,0.0909090909090909,2.106669160112518,few_test_positives,results/grn_beeline_full/grn_beeline_full_results.csv
mHSC-GM_Non-Specific_500,tf_stratified_1to10,v4_plain_best,lr,0.0909090909090909,39.0,10.0,0.2928597050147143,0.0909090909090909,3.221456755161858,few_test_positives,results/grn_beeline_full/grn_beeline_full_results.csv
mHSC-GM_Non-Specific_500,tf_stratified_1to10,v4_plain_best,mlp,0.0909090909090909,39.0,10.0,0.2342468207743854,0.0909090909090909,2.57671502851824,few_test_positives,results/grn_beeline_full/grn_beeline_full_results.csv
mHSC-GM_Non-Specific_500,tf_stratified_1to10,v4_type_pe_best,lr,0.0909090909090909,39.0,10.0,0.2924068442185425,0.0909090909090909,3.216475286403968,few_test_positives,results/grn_beeline_full/grn_beeline_full_results.csv
mHSC-GM_Non-Specific_500,tf_stratified_1to10,v4_type_pe_best,mlp,0.0909090909090909,39.0,10.0,0.2577612410295729,0.0909090909090909,2.835373651325302,few_test_positives,results/grn_beeline_full/grn_beeline_full_results.csv
mHSC-GM_Non-Specific_500,tf_stratified_1to10,scconcept,lr,0.0909090909090909,39.0,10.0,0.2221682683748497,0.0909090909090909,2.443850952123347,few_test_positives,results/grn_beeline_full/grn_beeline_full_results.csv
mHSC-GM_Non-Specific_500,tf_stratified_1to10,scconcept,mlp,0.0909090909090909,39.0,10.0,0.2492029333060028,0.0909090909090909,2.741232266366031,few_test_positives,results/grn_beeline_full/grn_beeline_full_results.csv
mHSC-GM_Non-Specific_500,tf_stratified_1to10,scconcept_encoded,lr,0.0909090909090909,39.0,10.0,0.1449594482112296,0.0909090909090909,1.5945539303235259,few_test_positives,results/grn_beeline_full/grn_beeline_full_results.csv
mHSC-GM_Non-Specific_500,tf_stratified_1to10,scconcept_encoded,mlp,0.0909090909090909,39.0,10.0,0.1683673180015676,0.0909090909090909,1.8520404980172438,few_test_positives,results/grn_beeline_full/grn_beeline_full_results.csv
mHSC-GM_Non-Specific_500,tf_stratified_1to10,cl_scratch_v5,lr,0.0909090909090909,39.0,10.0,0.2372347789797009,0.0909090909090909,2.6095825687767102,few_test_positives,results/grn_beeline_full/grn_beeline_full_results.csv
mHSC-GM_Non-Specific_500,tf_stratified_1to10,cl_scratch_v5,mlp,0.0909090909090909,39.0,10.0,0.2107771490274119,0.0909090909090909,2.318548639301531,few_test_positives,results/grn_beeline_full/grn_beeline_full_results.csv
mHSC-L_Non-Specific_500,tf_stratified_1to10,minus,lr,0.0909090909090909,46.0,10.0,0.2869861023470709,0.0909090909090909,3.15684712581778,few_test_positives,results/grn_beeline_full/grn_beeline_full_results.csv
mHSC-L_Non-Specific_500,tf_stratified_1to10,minus,mlp,0.0909090909090909,46.0,10.0,0.2899389848339092,0.0909090909090909,3.1893288331730014,few_test_positives,results/grn_beeline_full/grn_beeline_full_results.csv
mHSC-L_Non-Specific_500,tf_stratified_1to10,baseline,lr,0.0909090909090909,46.0,10.0,0.2823194723590771,0.0909090909090909,3.1055141959498487,few_test_positives,results/grn_beeline_full/grn_beeline_full_results.csv
mHSC-L_Non-Specific_500,tf_stratified_1to10,baseline,mlp,0.0909090909090909,46.0,10.0,0.2638352077043097,0.0909090909090909,2.902187284747407,few_test_positives,results/grn_beeline_full/grn_beeline_full_results.csv
mHSC-L_Non-Specific_500,tf_stratified_1to10,scGPT_human,lr,0.0909090909090909,46.0,10.0,0.4573154134589912,0.0909090909090909,5.030469548048903,few_test_positives,results/grn_beeline_full/grn_beeline_full_results.csv
mHSC-L_Non-Specific_500,tf_stratified_1to10,scGPT_human,mlp,0.0909090909090909,46.0,10.0,0.355362728178653,0.0909090909090909,3.9089900099651835,few_test_positives,results/grn_beeline_full/grn_beeline_full_results.csv
mHSC-L_Non-Specific_500,tf_stratified_1to10,v4_bias_rec_best,lr,0.0909090909090909,46.0,10.0,0.2967102176481844,0.0909090909090909,3.2638123941300288,few_test_positives,results/grn_beeline_full/grn_beeline_full_results.csv
mHSC-L_Non-Specific_500,tf_stratified_1to10,v4_bias_rec_best,mlp,0.0909090909090909,46.0,10.0,0.2731885932883187,0.0909090909090909,3.005074526171506,few_test_positives,results/grn_beeline_full/grn_beeline_full_results.csv
mHSC-L_Non-Specific_500,tf_stratified_1to10,v4_plain_best,lr,0.0909090909090909,46.0,10.0,0.3901453072472181,0.0909090909090909,4.2915983797193995,few_test_positives,results/grn_beeline_full/grn_beeline_full_results.csv
mHSC-L_Non-Specific_500,tf_stratified_1to10,v4_plain_best,mlp,0.0909090909090909,46.0,10.0,0.330243133334005,0.0909090909090909,3.6326744666740556,few_test_positives,results/grn_beeline_full/grn_beeline_full_results.csv
mHSC-L_Non-Specific_500,tf_stratified_1to10,v4_type_pe_best,lr,0.0909090909090909,46.0,10.0,0.4093878292343437,0.0909090909090909,4.503266121577782,few_test_positives,results/grn_beeline_full/grn_beeline_full_results.csv
mHSC-L_Non-Specific_500,tf_stratified_1to10,v4_type_pe_best,mlp,0.0909090909090909,46.0,10.0,0.3937413690660307,0.0909090909090909,4.331155059726338,few_test_positives,results/grn_beeline_full/grn_beeline_full_results.csv
mHSC-L_Non-Specific_500,tf_stratified_1to10,scconcept,lr,0.0909090909090909,46.0,10.0,0.189983542010689,0.0909090909090909,2.0898189621175796,few_test_positives,results/grn_beeline_full/grn_beeline_full_results.csv
mHSC-L_Non-Specific_500,tf_stratified_1to10,scconcept,mlp,0.0909090909090909,46.0,10.0,0.1252173779088093,0.0909090909090909,1.3773911569969024,few_test_positives,results/grn_beeline_full/grn_beeline_full_results.csv
mHSC-L_Non-Specific_500,tf_stratified_1to10,scconcept_encoded,lr,0.0909090909090909,46.0,10.0,0.1941573333669945,0.0909090909090909,2.13573066703694,few_test_positives,results/grn_beeline_full/grn_beeline_full_results.csv
mHSC-L_Non-Specific_500,tf_stratified_1to10,scconcept_encoded,mlp,0.0909090909090909,46.0,10.0,0.1186481417039677,0.0909090909090909,1.305129558743645,few_test_positives,results/grn_beeline_full/grn_beeline_full_results.csv
mHSC-L_Non-Specific_500,tf_stratified_1to10,cl_scratch_v5,lr,0.0909090909090909,46.0,10.0,0.3453521267594635,0.0909090909090909,3.7988733943540987,few_test_positives,results/grn_beeline_full/grn_beeline_full_results.csv
mHSC-L_Non-Specific_500,tf_stratified_1to10,cl_scratch_v5,mlp,0.0909090909090909,46.0,10.0,0.3503633345205037,0.0909090909090909,3.8539966797255416,few_test_positives,results/grn_beeline_full/grn_beeline_full_results.csv
mDC_Specific_500,tf_stratified_1to10,cl_v6_fair,lr,0.09090909090909091,8.0,10.0,0.16048316173316174,0.09090909090909091,1.7653147790647792,few_test_positives,results/grn_beeline_full/grn_beeline_full_results.csv
mDC_Specific_500,tf_stratified_1to10,cl_v6_fair,mlp,0.09090909090909091,8.0,10.0,0.11793214649683421,0.09090909090909091,1.2972536114651763,few_test_positives,results/grn_beeline_full/grn_beeline_full_results.csv
mDC_Non-Specific_500,tf_stratified_1to10,cl_v6_fair,lr,0.09090909090909091,11.0,10.0,0.5141385143908079,0.09090909090909091,5.655523658298887,few_test_positives,results/grn_beeline_full/grn_beeline_full_results.csv
mDC_Non-Specific_500,tf_stratified_1to10,cl_v6_fair,mlp,0.09090909090909091,11.0,10.0,0.5051075794599593,0.09090909090909091,5.556183374059552,few_test_positives,results/grn_beeline_full/grn_beeline_full_results.csv
hHep_Non-Specific_500,tf_stratified_1to10,cl_v6_fair,lr,0.09090909090909091,29.0,10.0,0.2094819500166631,0.09090909090909091,2.304301450183294,few_test_positives,results/grn_beeline_full/grn_beeline_full_results.csv
hHep_Non-Specific_500,tf_stratified_1to10,cl_v6_fair,mlp,0.09090909090909091,29.0,10.0,0.11026648758215134,0.09090909090909091,1.2129313634036647,few_test_positives;auprc_near_random,results/grn_beeline_full/grn_beeline_full_results.csv
mHSC-GM_STRING_500,tf_stratified_1to10,cl_v6_fair,lr,0.09090909090909091,31.0,10.0,0.26403571500942136,0.09090909090909091,2.904392865103635,few_test_positives,results/grn_beeline_full/grn_beeline_full_results.csv
mHSC-GM_STRING_500,tf_stratified_1to10,cl_v6_fair,mlp,0.09090909090909091,31.0,10.0,0.4947553617654999,0.09090909090909091,5.442308979420499,few_test_positives,results/grn_beeline_full/grn_beeline_full_results.csv
hESC_STRING_500,tf_stratified_1to10,cl_v6_fair,lr,0.09090909090909091,32.0,10.0,0.5011659709030879,0.09090909090909091,5.512825679933966,few_test_positives,results/grn_beeline_full/grn_beeline_full_results.csv
hESC_STRING_500,tf_stratified_1to10,cl_v6_fair,mlp,0.09090909090909091,32.0,10.0,0.1529428038101181,0.09090909090909091,1.682370841911299,few_test_positives,results/grn_beeline_full/grn_beeline_full_results.csv
mHSC-L_STRING_500,tf_stratified_1to10,cl_v6_fair,lr,0.09090909090909091,34.0,10.0,0.5450049913357552,0.09090909090909091,5.995054904693307,few_test_positives,results/grn_beeline_full/grn_beeline_full_results.csv
mHSC-L_STRING_500,tf_stratified_1to10,cl_v6_fair,mlp,0.09090909090909091,34.0,10.0,0.4552794939198031,0.09090909090909091,5.008074433117834,few_test_positives,results/grn_beeline_full/grn_beeline_full_results.csv
mHSC-GM_Non-Specific_500,tf_stratified_1to10,cl_v6_fair,lr,0.09090909090909091,39.0,10.0,0.2736316816785149,0.09090909090909091,3.009948498463664,few_test_positives,results/grn_beeline_full/grn_beeline_full_results.csv
mHSC-GM_Non-Specific_500,tf_stratified_1to10,cl_v6_fair,mlp,0.09090909090909091,39.0,10.0,0.20832459966076083,0.09090909090909091,2.291570596268369,few_test_positives,results/grn_beeline_full/grn_beeline_full_results.csv
mHSC-L_Non-Specific_500,tf_stratified_1to10,cl_v6_fair,lr,0.09090909090909091,46.0,10.0,0.2642189128360254,0.09090909090909091,2.906408041196279,few_test_positives,results/grn_beeline_full/grn_beeline_full_results.csv
mHSC-L_Non-Specific_500,tf_stratified_1to10,cl_v6_fair,mlp,0.09090909090909091,46.0,10.0,0.2657742776268437,0.09090909090909091,2.9235170538952806,few_test_positives,results/grn_beeline_full/grn_beeline_full_results.csv
mDC_STRING_500,tf_stratified_1to10,minus,lr,0.094017094017094,33.0,9.636363636363637,0.3497091907729673,0.094017094017094,3.7196341200397436,few_test_positives,results/grn_beeline_full/grn_beeline_full_results.csv
mDC_STRING_500,tf_stratified_1to10,minus,mlp,0.094017094017094,33.0,9.636363636363637,0.3431316384267642,0.094017094017094,3.6496728814483106,few_test_positives,results/grn_beeline_full/grn_beeline_full_results.csv
mDC_STRING_500,tf_stratified_1to10,baseline,lr,0.094017094017094,33.0,9.636363636363637,0.3810655142208898,0.094017094017094,4.053151378531283,few_test_positives,results/grn_beeline_full/grn_beeline_full_results.csv
mDC_STRING_500,tf_stratified_1to10,baseline,mlp,0.094017094017094,33.0,9.636363636363637,0.3355601945126045,0.094017094017094,3.5691402507249754,few_test_positives,results/grn_beeline_full/grn_beeline_full_results.csv
mDC_STRING_500,tf_stratified_1to10,scGPT_human,lr,0.094017094017094,33.0,9.636363636363637,0.4800788272129436,0.094017094017094,5.106292980355855,few_test_positives,results/grn_beeline_full/grn_beeline_full_results.csv
mDC_STRING_500,tf_stratified_1to10,scGPT_human,mlp,0.094017094017094,33.0,9.636363636363637,0.6317682279654951,0.094017094017094,6.719716606542086,few_test_positives,results/grn_beeline_full/grn_beeline_full_results.csv
mDC_STRING_500,tf_stratified_1to10,v4_bias_rec_best,lr,0.094017094017094,33.0,9.636363636363637,0.3825843367410108,0.094017094017094,4.069306127154388,few_test_positives,results/grn_beeline_full/grn_beeline_full_results.csv
mDC_STRING_500,tf_stratified_1to10,v4_bias_rec_best,mlp,0.094017094017094,33.0,9.636363636363637,0.5390924088033151,0.094017094017094,5.733982893635262,few_test_positives,results/grn_beeline_full/grn_beeline_full_results.csv
mDC_STRING_500,tf_stratified_1to10,v4_plain_best,lr,0.094017094017094,33.0,9.636363636363637,0.5491509406329453,0.094017094017094,5.840969095823147,few_test_positives,results/grn_beeline_full/grn_beeline_full_results.csv
mDC_STRING_500,tf_stratified_1to10,v4_plain_best,mlp,0.094017094017094,33.0,9.636363636363637,0.2727108851111002,0.094017094017094,2.900652141636248,few_test_positives,results/grn_beeline_full/grn_beeline_full_results.csv
mDC_STRING_500,tf_stratified_1to10,v4_type_pe_best,lr,0.094017094017094,33.0,9.636363636363637,0.4145702474305526,0.094017094017094,4.409519904488605,few_test_positives,results/grn_beeline_full/grn_beeline_full_results.csv
mDC_STRING_500,tf_stratified_1to10,v4_type_pe_best,mlp,0.094017094017094,33.0,9.636363636363637,0.2946110011846893,0.094017094017094,3.133589739873514,few_test_positives,results/grn_beeline_full/grn_beeline_full_results.csv
mDC_STRING_500,tf_stratified_1to10,scconcept,lr,0.094017094017094,33.0,9.636363636363637,0.2716120285486282,0.094017094017094,2.8889643036535912,few_test_positives,results/grn_beeline_full/grn_beeline_full_results.csv
mDC_STRING_500,tf_stratified_1to10,scconcept,mlp,0.094017094017094,33.0,9.636363636363637,0.1586155743261269,0.094017094017094,1.6870929269233501,few_test_positives,results/grn_beeline_full/grn_beeline_full_results.csv
mDC_STRING_500,tf_stratified_1to10,scconcept_encoded,lr,0.094017094017094,33.0,9.636363636363637,0.2388170102537512,0.094017094017094,2.5401445636080813,few_test_positives,results/grn_beeline_full/grn_beeline_full_results.csv
mDC_STRING_500,tf_stratified_1to10,scconcept_encoded,mlp,0.094017094017094,33.0,9.636363636363637,0.1951156716051265,0.094017094017094,2.0753212343454366,few_test_positives,results/grn_beeline_full/grn_beeline_full_results.csv
mDC_STRING_500,tf_stratified_1to10,cl_scratch_v5,lr,0.094017094017094,33.0,9.636363636363637,0.4734486051902334,0.094017094017094,5.035771527932483,few_test_positives,results/grn_beeline_full/grn_beeline_full_results.csv
mDC_STRING_500,tf_stratified_1to10,cl_scratch_v5,mlp,0.094017094017094,33.0,9.636363636363637,0.3467935332302363,0.094017094017094,3.6886221261761505,few_test_positives,results/grn_beeline_full/grn_beeline_full_results.csv
mDC_STRING_500,tf_stratified_1to10,cl_v6_fair,lr,0.09401709401709402,33.0,9.636363636363637,0.41742349564009285,0.09401709401709402,4.439868089990078,few_test_positives,results/grn_beeline_full/grn_beeline_full_results.csv
mDC_STRING_500,tf_stratified_1to10,cl_v6_fair,mlp,0.09401709401709402,33.0,9.636363636363637,0.41627262058714803,0.09401709401709402,4.427626964426938,few_test_positives,results/grn_beeline_full/grn_beeline_full_results.csv
mHSC-E_Non-Specific_500,tf_stratified_1to10,scconcept,mlp,0.0986547085201793,66.0,9.136363636363637,0.1031631516834319,0.0986547085201793,1.045699219336606,auprc_near_random,results/grn_beeline_full/grn_beeline_full_results.csv
hESC_Non-Specific_500,tf_stratified_1to10,minus,lr,0.1117021276595744,42.0,7.952380952380952,0.2511492879632037,0.1117021276595744,2.248384101765825,few_test_positives,results/grn_beeline_full/grn_beeline_full_results.csv
hESC_Non-Specific_500,tf_stratified_1to10,minus,mlp,0.1117021276595744,42.0,7.952380952380952,0.197190813549281,0.1117021276595744,1.7653272832030882,few_test_positives,results/grn_beeline_full/grn_beeline_full_results.csv
hESC_Non-Specific_500,tf_stratified_1to10,baseline,lr,0.1117021276595744,42.0,7.952380952380952,0.2463558798875113,0.1117021276595744,2.2054716866120074,few_test_positives,results/grn_beeline_full/grn_beeline_full_results.csv
hESC_Non-Specific_500,tf_stratified_1to10,baseline,mlp,0.1117021276595744,42.0,7.952380952380952,0.2064239566349308,0.1117021276595744,1.8479858974936674,few_test_positives,results/grn_beeline_full/grn_beeline_full_results.csv
hESC_Non-Specific_500,tf_stratified_1to10,scGPT_human,lr,0.1117021276595744,42.0,7.952380952380952,0.285522253236097,0.1117021276595744,2.5561039813517272,few_test_positives,results/grn_beeline_full/grn_beeline_full_results.csv
hESC_Non-Specific_500,tf_stratified_1to10,scGPT_human,mlp,0.1117021276595744,42.0,7.952380952380952,0.1978204719927241,0.1117021276595744,1.770964225458674,few_test_positives,results/grn_beeline_full/grn_beeline_full_results.csv
hESC_Non-Specific_500,tf_stratified_1to10,v4_bias_rec_best,lr,0.1117021276595744,42.0,7.952380952380952,0.1557884406731735,0.1117021276595744,1.3946774688836494,few_test_positives,results/grn_beeline_full/grn_beeline_full_results.csv
hESC_Non-Specific_500,tf_stratified_1to10,v4_bias_rec_best,mlp,0.1117021276595744,42.0,7.952380952380952,0.181303671113821,0.1117021276595744,1.623099531876113,few_test_positives,results/grn_beeline_full/grn_beeline_full_results.csv
hESC_Non-Specific_500,tf_stratified_1to10,v4_plain_best,lr,0.1117021276595744,42.0,7.952380952380952,0.1478881882763396,0.1117021276595744,1.3239513998072316,few_test_positives,results/grn_beeline_full/grn_beeline_full_results.csv
hESC_Non-Specific_500,tf_stratified_1to10,v4_plain_best,mlp,0.1117021276595744,42.0,7.952380952380952,0.2664538014520058,0.1117021276595744,2.3853959368084348,few_test_positives,results/grn_beeline_full/grn_beeline_full_results.csv
hESC_Non-Specific_500,tf_stratified_1to10,v4_type_pe_best,lr,0.1117021276595744,42.0,7.952380952380952,0.1655009943178469,0.1117021276595744,1.4816279491312019,few_test_positives,results/grn_beeline_full/grn_beeline_full_results.csv
hESC_Non-Specific_500,tf_stratified_1to10,v4_type_pe_best,mlp,0.1117021276595744,42.0,7.952380952380952,0.1520818468794093,0.1117021276595744,1.3614946292061412,few_test_positives,results/grn_beeline_full/grn_beeline_full_results.csv
hESC_Non-Specific_500,tf_stratified_1to10,scconcept,lr,0.1117021276595744,42.0,7.952380952380952,0.2076479228139248,0.1117021276595744,1.8589433090008518,few_test_positives,results/grn_beeline_full/grn_beeline_full_results.csv
hESC_Non-Specific_500,tf_stratified_1to10,scconcept,mlp,0.1117021276595744,42.0,7.952380952380952,0.1410363120344201,0.1117021276595744,1.2626107934509998,few_test_positives,results/grn_beeline_full/grn_beeline_full_results.csv
hESC_Non-Specific_500,tf_stratified_1to10,scconcept_encoded,lr,0.1117021276595744,42.0,7.952380952380952,0.1128860202426191,0.1117021276595744,1.0105986574101145,few_test_positives;auprc_near_random,results/grn_beeline_full/grn_beeline_full_results.csv
hESC_Non-Specific_500,tf_stratified_1to10,scconcept_encoded,mlp,0.1117021276595744,42.0,7.952380952380952,0.1637145177538979,0.1117021276595744,1.4656347303682298,few_test_positives,results/grn_beeline_full/grn_beeline_full_results.csv
hESC_Non-Specific_500,tf_stratified_1to10,cl_scratch_v5,lr,0.1117021276595744,42.0,7.952380952380952,0.2852437235070781,0.1117021276595744,2.5536104771109867,few_test_positives,results/grn_beeline_full/grn_beeline_full_results.csv
hESC_Non-Specific_500,tf_stratified_1to10,cl_scratch_v5,mlp,0.1117021276595744,42.0,7.952380952380952,0.1542310566172931,0.1117021276595744,1.380735173526244,few_test_positives,results/grn_beeline_full/grn_beeline_full_results.csv
hESC_Non-Specific_500,tf_stratified_1to10,cl_v6_fair,lr,0.11170212765957446,42.0,7.9523809523809526,0.25748992620627303,0.11170212765957446,2.305147910799016,few_test_positives,results/grn_beeline_full/grn_beeline_full_results.csv
hESC_Non-Specific_500,tf_stratified_1to10,cl_v6_fair,mlp,0.11170212765957446,42.0,7.9523809523809526,0.11984696328902618,0.11170212765957446,1.0729156713493773,few_test_positives;auprc_near_random,results/grn_beeline_full/grn_beeline_full_results.csv
hESC_Specific_500,tf_stratified_1to10,scconcept_encoded,lr,0.2665615141955836,169.0,2.7514792899408285,0.3249239590363668,0.2665615141955836,1.218945503130512,auprc_near_random,results/grn_beeline_full/grn_beeline_full_results.csv
