train_dataset,test_dataset,clf,metric,embedding,native,coverage_matched,strict,topology_matched,delta_topology_minus_native,delta_strict_minus_coverage,rank_native,rank_coverage_matched,rank_strict,rank_topology_matched,rank_change_native_to_topology,native_wins_topology_loses,coverage_improves_strict_collapses,protocol_sensitivity_score,source_file
hESC,mHSC-L,mlp,auprc,cl_v6_fair,0.6743982,0.6222328,0.5804468,0.47343,-0.20096819999999993,-0.04178599999999999,1,2,4,10,9,True,False,9,results/transfer_v2/embedding_transfer_summary_v2.csv
hHep,mDC,lr,auprc,cl_scratch_v5,0.4726116,0.496071,0.854905,0.849686,0.37707440000000003,0.35883400000000004,10,6,1,1,-9,False,False,9,results/transfer_v2/embedding_transfer_summary_v2.csv
hHep,mHSC-GM,mlp,auprc,v4_type_pe_best,0.761136,0.7046662,0.4095344,0.2010584,-0.5600776000000001,-0.2951318,1,5,2,10,9,True,False,9,results/transfer_v2/embedding_transfer_summary_v2.csv
mDC,mHSC-E,mlp,auprc,minus,0.427358,0.4418628,0.48152160000000005,0.6441566,0.21679859999999995,0.03965880000000005,10,8,5,1,-9,False,False,9,results/transfer_v2/embedding_transfer_summary_v2.csv
mESC,mDC,mlp,auprc,cl_scratch_v5,0.5284254,0.5104992,0.8789216,0.6964808,0.16805539999999997,0.3684223999999999,1,6,10,10,9,True,True,9,results/transfer_v2/embedding_transfer_summary_v2.csv
mHSC-GM,hESC,lr,auprc,scconcept_encoded,0.5422654,0.4169606,0.47682420000000003,0.5956974,0.053432000000000035,0.05986360000000002,10,10,5,1,-9,False,False,9,results/transfer_v2/embedding_transfer_summary_v2.csv
mHSC-GM,mDC,mlp,auprc,scGPT_human,0.5138316,0.5246956,0.617062,0.639899,0.12606739999999994,0.09236639999999996,10,7,2,1,-9,False,False,9,results/transfer_v2/embedding_transfer_summary_v2.csv
mHSC-L,mDC,mlp,auprc,v4_bias_rec_best,0.4778286,0.5573064,0.5838752,0.5999546,0.12212600000000001,0.02656880000000006,10,5,7,1,-9,False,False,9,results/transfer_v2/embedding_transfer_summary_v2.csv
hESC,mESC,lr,auroc,scconcept,0.4951538,0.4927926,0.5092346,0.5104338,0.015280000000000071,0.016441999999999957,10,4,4,1,-9,False,False,9,results/transfer_v2/embedding_transfer_summary_v2.csv
hHep,mDC,lr,auroc,cl_scratch_v5,0.4394412,0.5149066,0.7422978,0.7409916,0.3015504,0.22739120000000002,10,5,1,1,-9,False,False,9,results/transfer_v2/embedding_transfer_summary_v2.csv
hHep,mHSC-GM,mlp,auroc,v4_type_pe_best,0.7718024,0.6910218,0.6876926,0.5030066,-0.26879580000000003,-0.003329200000000032,1,5,4,10,9,True,False,9,results/transfer_v2/embedding_transfer_summary_v2.csv
mHSC-GM,mDC,lr,auroc,scGPT_human,0.4411276,0.3955064,0.6235356,0.6456218,0.20449420000000001,0.2280292,10,9,1,1,-9,False,False,9,results/transfer_v2/embedding_transfer_summary_v2.csv
mHSC-GM,mDC,mlp,auroc,scGPT_human,0.4460846,0.46482439999999997,0.6209292000000001,0.6586776,0.21259299999999998,0.1561048000000001,10,6,1,1,-9,False,False,9,results/transfer_v2/embedding_transfer_summary_v2.csv
mHSC-L,mDC,mlp,auroc,v4_bias_rec_best,0.4214768,0.4127906,0.634344,0.6410122,0.21953540000000005,0.2215534,10,8,4,1,-9,False,False,9,results/transfer_v2/embedding_transfer_summary_v2.csv
hHep,mESC,lr,balanced_accuracy,cl_scratch_v5,0.5008904,,0.4986226,0.4958678,-0.005022599999999933,,1,,10,10,9,True,False,10,results/transfer_v2/embedding_transfer_summary_v2.csv
mDC,hESC,lr,balanced_accuracy,scconcept_encoded,0.538877,0.5511276,0.5099296,0.4182728,-0.12060420000000005,-0.04119800000000007,1,1,4,10,9,True,True,9,results/transfer_v2/embedding_transfer_summary_v2.csv
mESC,mHSC-E,mlp,balanced_accuracy,scconcept,0.4987298,0.48476359999999996,0.5033906,0.4800916,-0.018638199999999994,0.01862700000000006,1,8,4,10,9,True,False,9,results/transfer_v2/embedding_transfer_summary_v2.csv
mHSC-E,hESC,lr,balanced_accuracy,v4_bias_rec_best,0.6241414000000001,0.560815,0.4804454,0.4336842,-0.19045720000000005,-0.08036959999999993,1,5,3,10,9,True,False,9,results/transfer_v2/embedding_transfer_summary_v2.csv
mHSC-GM,hESC,lr,balanced_accuracy,scconcept_encoded,0.5471056,0.3733336,0.5342106,0.6131984,0.06609280000000006,0.160877,10,10,7,1,-9,False,False,9,results/transfer_v2/embedding_transfer_summary_v2.csv
mHSC-L,mDC,mlp,balanced_accuracy,v4_bias_rec_best,0.44320160000000003,0.468372,0.5777738,0.5785652,0.13536359999999997,0.1094018,10,8,4,1,-9,False,False,9,results/transfer_v2/embedding_transfer_summary_v2.csv
mDC,hESC,lr,f1,v4_plain_best,0.2879128,0.2587642,0.3544462,0.3718326,0.08391979999999999,0.09568199999999999,10,7,2,1,-9,False,False,9,results/transfer_v2/embedding_transfer_summary_v2.csv
mDC,hESC,mlp,f1,v4_plain_best,0.07345259999999999,0.0949914,0.3400192,0.3977194,0.3242668,0.24502780000000002,10,6,4,1,-9,False,False,9,results/transfer_v2/embedding_transfer_summary_v2.csv
mESC,mHSC-L,mlp,f1,v4_bias_rec_best,0.45386360000000003,0.051485199999999995,0.4966762,0.6346033999999999,0.1807397999999999,0.445191,10,10,2,1,-9,False,False,9,results/transfer_v2/embedding_transfer_summary_v2.csv
mHSC-GM,hESC,lr,f1,scconcept_encoded,0.495114,0.255128,0.330195,0.4658712,-0.029242800000000013,0.075067,10,10,6,1,-9,False,False,9,results/transfer_v2/embedding_transfer_summary_v2.csv
mHSC-GM,hESC,mlp,f1,scconcept_encoded,0.2767006,0.5942278,0.2049202,0.4073232,0.13062259999999998,-0.3893076,10,3,8,1,-9,False,False,9,results/transfer_v2/embedding_transfer_summary_v2.csv
hESC,mHSC-GM,lr,precision_at_k,cl_scratch_v5,0.765,0.642,0.517,0.236364,-0.528636,-0.125,1,3,7,10,9,True,False,9,results/transfer_v2/embedding_transfer_summary_v2.csv
hESC,mHSC-GM,lr,precision_at_k,scconcept,0.544,0.451,0.431,0.465116,-0.07888400000000007,-0.020000000000000018,10,10,10,1,-9,False,False,9,results/transfer_v2/embedding_transfer_summary_v2.csv
hESC,mHSC-GM,mlp,precision_at_k,cl_scratch_v5,0.809,0.671,0.5509999999999999,0.236364,-0.572636,-0.1200000000000001,1,3,5,10,9,True,False,9,results/transfer_v2/embedding_transfer_summary_v2.csv
hESC,mHSC-GM,mlp,precision_at_k,scconcept,0.571,0.468,0.45,0.465116,-0.10588399999999998,-0.018000000000000016,10,10,10,1,-9,False,False,9,results/transfer_v2/embedding_transfer_summary_v2.csv
hHep,mHSC-L,mlp,precision_at_k,v4_bias_rec_best,0.749,0.465,0.412,0.273504,-0.475496,-0.05300000000000005,1,9,2,10,9,True,False,9,results/transfer_v2/embedding_transfer_summary_v2.csv
mDC,mESC,mlp,precision_at_k,baseline,0.505,0.478261,0.894737,0.894737,0.389737,0.416476,10,4,1,1,-9,False,False,9,results/transfer_v2/embedding_transfer_summary_v2.csv
mDC,mHSC-L,mlp,precision_at_k,minus,0.37,0.453,0.35500000000000004,0.443182,0.07318200000000002,-0.09799999999999998,10,9,7,1,-9,False,False,9,results/transfer_v2/embedding_transfer_summary_v2.csv
mDC,mHSC-L,mlp,precision_at_k,scconcept_encoded,0.53,0.489,0.396,0.327044,-0.20295600000000003,-0.09299999999999997,1,7,1,10,9,True,False,9,results/transfer_v2/embedding_transfer_summary_v2.csv
mESC,mDC,mlp,precision_at_k,v4_type_pe_best,0.47600000000000003,0.497,0.884,0.962617,0.4866169999999999,0.387,10,7,8,1,-9,False,True,9,results/transfer_v2/embedding_transfer_summary_v2.csv
mESC,mHSC-L,mlp,precision_at_k,minus,0.535,0.448,0.314,0.191489,-0.343511,-0.134,1,9,9,10,9,True,False,9,results/transfer_v2/embedding_transfer_summary_v2.csv
mESC,mHSC-L,mlp,precision_at_k,v4_bias_rec_best,0.492,0.444,0.33499999999999996,0.465116,-0.02688400000000002,-0.10900000000000004,10,10,4,1,-9,False,False,9,results/transfer_v2/embedding_transfer_summary_v2.csv
mHSC-GM,mDC,lr,precision_at_k,scGPT_human,0.498,0.5,0.489,0.504,0.006000000000000005,-0.01100000000000001,10,6,1,1,-9,False,False,9,results/transfer_v2/embedding_transfer_summary_v2.csv
mHSC-L,hESC,lr,precision_at_k,scconcept_encoded,0.503,0.673469,0.368932,0.38,-0.123,-0.304537,10,1,7,1,-9,False,False,9,results/transfer_v2/embedding_transfer_summary_v2.csv
mHSC-L,hESC,mlp,precision_at_k,scconcept_encoded,0.515,0.673469,0.368932,0.38,-0.135,-0.304537,10,1,7,1,-9,False,False,9,results/transfer_v2/embedding_transfer_summary_v2.csv
mHSC-L,mDC,mlp,precision_at_k,v4_bias_rec_best,0.479,0.589041,0.513,0.516,0.03700000000000003,-0.07604100000000003,10,3,3,1,-9,False,False,9,results/transfer_v2/embedding_transfer_summary_v2.csv
hESC,mESC,lr,auprc,v4_plain_best,0.5205312,0.4963958,0.8971854,0.8970266,0.37649540000000004,0.4007896,1,1,10,9,8,True,False,9,results/transfer_v2/embedding_transfer_summary_v2.csv
hESC,mHSC-L,lr,auprc,cl_v6_fair,0.6507666,0.6431496,0.565212,0.4779254,-0.17284119999999997,-0.07793759999999994,1,4,4,9,8,True,False,8,results/transfer_v2/embedding_transfer_summary_v2.csv
hHep,mESC,lr,auprc,scconcept,0.5129813999999999,0.5679102,0.9336726,0.9337994000000001,0.42081800000000014,0.36576239999999993,10,1,3,2,-8,False,False,8,results/transfer_v2/embedding_transfer_summary_v2.csv
mDC,hHep,lr,auprc,v4_plain_best,0.4428208,0.5252586,0.7074028,0.7662582,0.3234374,0.18214419999999998,9,3,1,1,-8,False,False,8,results/transfer_v2/embedding_transfer_summary_v2.csv
mDC,hHep,mlp,auprc,scconcept_encoded,0.5435356,0.5069034,0.294087,0.2919906,-0.251545,-0.21281640000000002,2,6,10,10,8,False,False,8,results/transfer_v2/embedding_transfer_summary_v2.csv
mDC,mHSC-E,lr,auprc,v4_plain_best,0.4138138,0.3528506,0.4740532,0.5447314,0.13091759999999997,0.1212026,10,10,2,2,-8,False,False,8,results/transfer_v2/embedding_transfer_summary_v2.csv
mDC,mHSC-L,lr,auprc,baseline,0.508047,0.5635756,0.3484866,0.27591119999999997,-0.23213580000000006,-0.21508899999999997,2,2,6,10,8,False,False,8,results/transfer_v2/embedding_transfer_summary_v2.csv
mDC,mHSC-L,mlp,auprc,scconcept_encoded,0.516594,0.4426254,0.4070376,0.3144812,-0.20211279999999998,-0.0355878,1,8,2,9,8,True,False,8,results/transfer_v2/embedding_transfer_summary_v2.csv
mESC,hESC,mlp,auprc,scconcept,0.4909262,0.5740942,0.3795005,0.38686299999999996,-0.10406320000000002,-0.19459369999999998,9,3,2,1,-8,False,False,8,results/transfer_v2/embedding_transfer_summary_v2.csv
mESC,hHep,lr,auprc,minus,0.4666666,0.5419248,0.39228440000000003,0.5075394,0.04087279999999999,-0.14964039999999995,9,5,5,1,-8,False,False,8,results/transfer_v2/embedding_transfer_summary_v2.csv
mESC,mDC,mlp,auprc,v4_type_pe_best,0.5106244,0.49411160000000004,0.8879086,0.9655412,0.4549168,0.393797,9,8,7,1,-8,False,False,8,results/transfer_v2/embedding_transfer_summary_v2.csv
mESC,mHSC-E,mlp,auprc,v4_type_pe_best,0.4956938,0.4858,0.5799254,0.7102372,0.2145434,0.09412540000000003,9,6,1,1,-8,False,False,8,results/transfer_v2/embedding_transfer_summary_v2.csv
mESC,mHSC-GM,mlp,auprc,scconcept_encoded,0.5236756,0.5275906,0.25142359999999997,0.2309122,-0.2927634,-0.27616700000000005,1,3,7,9,8,True,False,8,results/transfer_v2/embedding_transfer_summary_v2.csv
mESC,mHSC-L,mlp,auprc,cl_scratch_v5,0.5042764,0.4951452,0.3638016,0.4760826,-0.028193799999999936,-0.1313436,10,6,2,2,-8,False,False,8,results/transfer_v2/embedding_transfer_summary_v2.csv
mESC,mHSC-L,mlp,auprc,scconcept_encoded,0.5195502,0.4763408,0.3417424,0.2848002,-0.23474999999999996,-0.1345984,1,8,8,9,8,True,False,8,results/transfer_v2/embedding_transfer_summary_v2.csv
mHSC-GM,hHep,mlp,auprc,scGPT_human,0.80773,0.86328,0.6998704,0.6462596,-0.1614703999999999,-0.16340960000000004,1,2,8,9,8,True,True,8,results/transfer_v2/embedding_transfer_summary_v2.csv
mHSC-GM,mDC,lr,auprc,scGPT_human,0.49624480000000004,0.4452938,0.6174656000000001,0.6560344,0.15978959999999998,0.17217180000000004,10,8,2,2,-8,False,False,8,results/transfer_v2/embedding_transfer_summary_v2.csv
mHSC-L,hESC,lr,auprc,scconcept_encoded,0.515043,0.788039,0.4134932,0.5589944,0.043951399999999974,-0.37454580000000004,10,1,8,2,-8,False,True,8,results/transfer_v2/embedding_transfer_summary_v2.csv
mHSC-L,hHep,mlp,auprc,scconcept_encoded,0.5462568,0.5569454,0.5825972,0.6549758,0.10871900000000001,0.025651800000000002,9,8,5,1,-8,False,False,8,results/transfer_v2/embedding_transfer_summary_v2.csv
hESC,mHSC-E,lr,auroc,v4_bias_rec_best,0.4812608,0.5634254,0.567986,0.5737496,0.09248879999999998,0.004560600000000026,9,4,1,1,-8,False,False,8,results/transfer_v2/embedding_transfer_summary_v2.csv
hESC,mHSC-GM,lr,auroc,cl_v6_fair,0.7163808,0.6516426,0.6497122,0.5761016,-0.14027920000000005,-0.0019303999999999988,1,5,5,9,8,True,False,8,results/transfer_v2/embedding_transfer_summary_v2.csv
hESC,mHSC-L,mlp,auroc,cl_v6_fair,0.6859957999999999,0.645015,0.6202544,0.5844744,-0.10152139999999998,-0.02476060000000002,1,2,3,9,8,True,False,8,results/transfer_v2/embedding_transfer_summary_v2.csv
hHep,mESC,lr,auroc,scconcept,0.49463039999999997,0.49915760000000003,0.503581,0.504683,0.010052600000000023,0.004423399999999911,10,1,3,2,-8,False,False,8,results/transfer_v2/embedding_transfer_summary_v2.csv
hHep,mESC,lr,auroc,scconcept_encoded,0.4953894,,0.5071624,0.5085398,0.013150400000000007,,9,,2,1,-8,False,False,8,results/transfer_v2/embedding_transfer_summary_v2.csv
mDC,hESC,mlp,auroc,scconcept_encoded,0.5762844,0.576923,0.5649826,0.4407756,-0.13550880000000004,-0.011940399999999962,1,1,1,9,8,True,False,8,results/transfer_v2/embedding_transfer_summary_v2.csv
mDC,hHep,lr,auroc,v4_plain_best,0.4058662,0.4605648,0.7993975999999999,0.8318974,0.4260312,0.33883279999999993,9,5,2,1,-8,False,False,8,results/transfer_v2/embedding_transfer_summary_v2.csv
mDC,hHep,mlp,auroc,scconcept_encoded,0.5189496,0.5055408,0.4495708,0.4510168,-0.06793280000000002,-0.05597000000000002,2,5,10,10,8,False,False,8,results/transfer_v2/embedding_transfer_summary_v2.csv
mDC,mHSC-GM,mlp,auroc,scconcept_encoded,0.5199178,0.5007699999999999,0.5086058,0.4100224,-0.10989539999999998,0.00783580000000006,2,4,4,10,8,False,True,8,results/transfer_v2/embedding_transfer_summary_v2.csv
mESC,hESC,mlp,auroc,scconcept,0.467742,0.5018452,0.501008,0.50252,0.034777999999999976,-0.0008371999999999824,9,6,2,1,-8,False,False,8,results/transfer_v2/embedding_transfer_summary_v2.csv
mESC,mDC,mlp,auroc,cl_scratch_v5,0.5187048,0.47803460000000003,0.460181,0.4412486,-0.07745619999999998,-0.017853600000000025,2,9,10,10,8,False,False,8,results/transfer_v2/embedding_transfer_summary_v2.csv
mESC,mHSC-E,mlp,auroc,scconcept,0.500808,0.5356772,0.466595,0.4100686,-0.09073940000000003,-0.06908219999999998,2,4,9,10,8,False,False,8,results/transfer_v2/embedding_transfer_summary_v2.csv
mHSC-GM,hESC,lr,auroc,scconcept_encoded,0.5471746,0.318222,0.6462348,0.6668018,0.11962720000000004,0.3280128,10,10,2,2,-8,False,False,8,results/transfer_v2/embedding_transfer_summary_v2.csv
mHSC-GM,hESC,mlp,auroc,scconcept_encoded,0.5440834,0.608,0.6911742,0.671822,0.12773860000000004,0.08317419999999998,10,7,1,2,-8,False,False,8,results/transfer_v2/embedding_transfer_summary_v2.csv
mHSC-L,hESC,lr,auroc,v4_plain_best,0.6194252,0.6171428,0.6862348,0.5398382,-0.07958699999999996,0.06909200000000004,1,4,1,9,8,True,False,8,results/transfer_v2/embedding_transfer_summary_v2.csv
mHSC-L,mDC,lr,auroc,v4_type_pe_best,0.6098404000000001,0.5333334,0.5269274,0.445808,-0.16403240000000008,-0.006405999999999912,2,4,6,10,8,False,False,8,results/transfer_v2/embedding_transfer_summary_v2.csv
hESC,mDC,lr,balanced_accuracy,cl_v6_fair,0.5441634,0.46782460000000003,0.4467896,0.386257,-0.15790639999999995,-0.021035000000000026,1,7,7,9,8,True,False,8,results/transfer_v2/embedding_transfer_summary_v2.csv
hESC,mHSC-GM,lr,balanced_accuracy,cl_v6_fair,0.647121,0.5944752,0.598629,0.5346348,-0.11248619999999998,0.004153799999999985,1,5,4,9,8,True,False,8,results/transfer_v2/embedding_transfer_summary_v2.csv
hHep,mDC,lr,balanced_accuracy,cl_scratch_v5,0.4628382,0.5142132,0.5514706,0.5552469999999999,0.09240879999999996,0.037257399999999996,10,4,2,2,-8,False,False,8,results/transfer_v2/embedding_transfer_summary_v2.csv
hHep,mDC,lr,balanced_accuracy,minus,0.4885226,0.4376832,0.5648896,0.5671494,0.07862680000000005,0.1272064,9,10,1,1,-8,False,False,9,results/transfer_v2/embedding_transfer_summary_v2.csv
hHep,mHSC-GM,lr,balanced_accuracy,scconcept_encoded,0.5161901999999999,0.5167948,0.5953966,0.600754,0.08456380000000008,0.07860180000000005,9,7,1,1,-8,False,False,8,results/transfer_v2/embedding_transfer_summary_v2.csv
mDC,hESC,lr,balanced_accuracy,v4_plain_best,0.41123899999999997,0.3613636,0.5146886,0.522268,0.11102899999999999,0.15332500000000004,9,10,3,1,-8,False,False,8,results/transfer_v2/embedding_transfer_summary_v2.csv
mDC,hESC,mlp,balanced_accuracy,scconcept_encoded,0.52467,0.5466634,0.5354291999999999,0.45141,-0.07325999999999999,-0.011234200000000083,1,1,2,9,8,True,False,8,results/transfer_v2/embedding_transfer_summary_v2.csv
mDC,hHep,lr,balanced_accuracy,scconcept,0.5163916,0.5133774,0.502274,0.4979216,-0.01846999999999993,-0.011103399999999986,2,1,9,10,8,False,True,8,results/transfer_v2/embedding_transfer_summary_v2.csv
mDC,mHSC-GM,mlp,balanced_accuracy,scconcept_encoded,0.510369,0.4859414,0.5153066,0.4511034,-0.059265599999999974,0.029365199999999925,2,8,7,10,8,False,False,8,results/transfer_v2/embedding_transfer_summary_v2.csv
mDC,mHSC-L,lr,balanced_accuracy,baseline,0.492764,0.47904440000000004,0.4600262,0.4170048,-0.07575919999999997,-0.01901820000000004,2,3,8,10,8,False,False,8,results/transfer_v2/embedding_transfer_summary_v2.csv
mDC,mHSC-L,mlp,balanced_accuracy,cl_v6_fair,0.4607904,0.4984102,0.492624,0.538882,0.07809159999999998,-0.005786200000000019,9,3,7,1,-8,False,False,8,results/transfer_v2/embedding_transfer_summary_v2.csv
mDC,mHSC-L,mlp,balanced_accuracy,scconcept_encoded,0.5105214,0.454632,0.5142546,0.4633356,-0.0471858,0.059622600000000026,1,10,1,9,8,True,False,9,results/transfer_v2/embedding_transfer_summary_v2.csv
mESC,mDC,mlp,balanced_accuracy,cl_scratch_v5,0.5241034,0.4812946,0.469799,0.456426,-0.0676774,-0.011495599999999995,1,7,10,9,8,True,True,8,results/transfer_v2/embedding_transfer_summary_v2.csv
mESC,mDC,mlp,balanced_accuracy,scconcept_encoded,0.5220826,0.5020522000000001,0.48331640000000003,0.4275972,-0.09448539999999994,-0.018735800000000025,2,2,9,10,8,False,True,8,results/transfer_v2/embedding_transfer_summary_v2.csv
mESC,mHSC-L,mlp,balanced_accuracy,scconcept_encoded,0.5156918,0.5146524,0.497372,0.4878788,-0.027813000000000032,-0.01728040000000003,1,1,7,9,8,True,True,8,results/transfer_v2/embedding_transfer_summary_v2.csv
mESC,mHSC-L,mlp,balanced_accuracy,v4_plain_best,0.4915112,0.5083846,0.5090032,0.5168422,0.025331000000000048,0.0006186000000000247,9,3,1,1,-8,False,False,8,results/transfer_v2/embedding_transfer_summary_v2.csv
mHSC-E,mESC,mlp,balanced_accuracy,minus,0.495549,0.5,,0.5,0.004450999999999983,,10,2,,2,-8,False,False,8,results/transfer_v2/embedding_transfer_summary_v2.csv
mHSC-GM,hESC,mlp,balanced_accuracy,scconcept_encoded,0.5131198,0.6133332,0.5323888,0.600324,0.08720419999999995,-0.08094440000000003,10,5,8,2,-8,False,False,8,results/transfer_v2/embedding_transfer_summary_v2.csv
mHSC-GM,hHep,lr,balanced_accuracy,scGPT_human,0.6982296,0.7118688,0.5782408,0.5092592,-0.18897039999999998,-0.13362799999999997,1,3,8,9,8,True,True,8,results/transfer_v2/embedding_transfer_summary_v2.csv
mHSC-GM,hHep,mlp,balanced_accuracy,scconcept_encoded,0.5347838,0.509808,0.5322530000000001,0.5591048,0.024320999999999926,0.022445000000000048,9,10,8,1,-8,False,False,8,results/transfer_v2/embedding_transfer_summary_v2.csv
mHSC-GM,mDC,lr,balanced_accuracy,scGPT_human,0.449264,0.4613634,0.5824628000000001,0.5997018000000001,0.15043780000000007,0.12109940000000008,10,4,1,2,-8,False,False,8,results/transfer_v2/embedding_transfer_summary_v2.csv
mHSC-GM,mDC,mlp,balanced_accuracy,scGPT_human,0.4611048,0.518182,0.5812388,0.5826938,0.12158900000000006,0.06305680000000002,10,3,1,2,-8,False,False,8,results/transfer_v2/embedding_transfer_summary_v2.csv
mHSC-L,mDC,lr,balanced_accuracy,v4_bias_rec_best,0.49427719999999997,0.490465,0.5182134,0.5696018,0.07532460000000007,0.027748400000000062,9,9,3,1,-8,False,False,8,results/transfer_v2/embedding_transfer_summary_v2.csv
mHSC-L,mDC,lr,balanced_accuracy,v4_type_pe_best,0.5690008,0.5589744,0.5068138,0.457502,-0.11149879999999995,-0.0521606,2,1,7,10,8,False,True,8,results/transfer_v2/embedding_transfer_summary_v2.csv
hESC,mHSC-GM,mlp,f1,scconcept_encoded,0.5378522,0.4612576,0.5128614,0.568802,0.030949800000000027,0.05160380000000003,9,6,3,1,-8,False,False,8,results/transfer_v2/embedding_transfer_summary_v2.csv
hHep,mESC,mlp,f1,v4_type_pe_best,0.0,0.0,0.7668008000000001,0.958501,0.958501,0.7668008000000001,10,9,4,2,-8,False,False,8,results/transfer_v2/embedding_transfer_summary_v2.csv
hHep,mHSC-GM,lr,f1,v4_type_pe_best,0.521682,0.5473464,0.273503,0.0835294,-0.4381526,-0.2738434,1,1,3,9,8,True,False,8,results/transfer_v2/embedding_transfer_summary_v2.csv
hHep,mHSC-GM,mlp,f1,v4_type_pe_best,0.5034018,0.4205778,0.2239034,0.090196,-0.4132058,-0.1966744,1,2,3,9,8,True,True,8,results/transfer_v2/embedding_transfer_summary_v2.csv
mDC,mHSC-E,mlp,f1,minus,0.0929708,0.008941000000000001,0.3598868,0.4278058,0.334835,0.35094580000000003,9,10,1,1,-8,False,False,9,results/transfer_v2/embedding_transfer_summary_v2.csv
mESC,mDC,mlp,f1,v4_type_pe_best,0.49147460000000004,0.6001622,0.9349586,0.9749576000000001,0.48348300000000005,0.3347964,9,5,1,1,-8,False,False,8,results/transfer_v2/embedding_transfer_summary_v2.csv
mESC,mHSC-GM,mlp,f1,scGPT_human,0.6325972,0.6858626,0.3771348,0.2480924,-0.3845048,-0.3087278,2,1,2,10,8,False,False,8,results/transfer_v2/embedding_transfer_summary_v2.csv
mESC,mHSC-GM,mlp,f1,scconcept_encoded,0.6465458,0.5054668,0.3692204,0.2615734,-0.38497239999999994,-0.1362464,1,5,10,9,8,True,True,8,results/transfer_v2/embedding_transfer_summary_v2.csv
mESC,mHSC-L,mlp,f1,scconcept_encoded,0.6330306,0.5434910000000001,0.454821,0.359858,-0.2731726,-0.08867000000000008,1,4,9,9,8,True,False,8,results/transfer_v2/embedding_transfer_summary_v2.csv
mHSC-E,hESC,mlp,f1,scconcept,0.4629786,0.534293,0.3438006,0.4559392,-0.007039400000000029,-0.1904924,10,7,4,2,-8,False,False,8,results/transfer_v2/embedding_transfer_summary_v2.csv
mHSC-GM,hHep,lr,f1,scGPT_human,0.7078656,0.6962754,0.3027454,0.0955014,-0.6123642,-0.39353,1,3,8,9,8,True,True,8,results/transfer_v2/embedding_transfer_summary_v2.csv
mHSC-GM,hHep,mlp,f1,scconcept_encoded,0.31281539999999997,0.2970778,0.2154174,0.2986982,-0.014117199999999941,-0.0816604,9,10,7,1,-8,False,False,8,results/transfer_v2/embedding_transfer_summary_v2.csv
mHSC-L,hESC,lr,f1,baseline,0.6326186,0.5266968,0.4827974,0.2804744,-0.3521442,-0.04389939999999998,1,4,2,9,8,True,False,8,results/transfer_v2/embedding_transfer_summary_v2.csv
mHSC-L,mDC,lr,f1,v4_type_pe_best,0.641055,0.6532534,0.518501,0.4414302,-0.19962480000000005,-0.1347524,1,1,4,9,8,True,True,8,results/transfer_v2/embedding_transfer_summary_v2.csv
mHSC-L,mDC,mlp,f1,v4_bias_rec_best,0.410903,0.4427458,0.5510309999999999,0.6000872,0.18918420000000002,0.10828519999999991,9,5,7,1,-8,False,False,8,results/transfer_v2/embedding_transfer_summary_v2.csv
hESC,mHSC-E,mlp,precision_at_k,scconcept_encoded,0.388,0.601,0.438,0.635135,0.247135,-0.16299999999999998,10,3,10,2,-8,False,True,8,results/transfer_v2/embedding_transfer_summary_v2.csv
hHep,mDC,lr,precision_at_k,cl_scratch_v5,0.419,0.463,0.8,0.78,0.36100000000000004,0.337,10,6,1,2,-8,False,False,8,results/transfer_v2/embedding_transfer_summary_v2.csv
hHep,mHSC-L,lr,precision_at_k,cl_v6_fair,0.718,0.586,0.391,0.287879,-0.430121,-0.19499999999999995,1,7,6,9,8,True,True,8,results/transfer_v2/embedding_transfer_summary_v2.csv
mDC,hHep,mlp,precision_at_k,scconcept_encoded,0.549,0.515,0.329,0.329,-0.22000000000000003,-0.186,2,8,10,10,8,False,False,8,results/transfer_v2/embedding_transfer_summary_v2.csv
mDC,mHSC-GM,mlp,precision_at_k,scGPT_human,0.391,0.588,0.34299999999999997,0.382199,-0.008801000000000003,-0.245,10,2,9,2,-8,False,True,8,results/transfer_v2/embedding_transfer_summary_v2.csv
mESC,hHep,mlp,precision_at_k,baseline,0.47400000000000003,0.628,0.395,0.395,-0.07900000000000001,-0.23299999999999998,10,2,2,2,-8,False,False,8,results/transfer_v2/embedding_transfer_summary_v2.csv
mESC,hHep,lr,precision_at_k,minus,0.434,0.532,0.399,0.51,0.07600000000000001,-0.133,9,5,4,1,-8,False,False,8,results/transfer_v2/embedding_transfer_summary_v2.csv
mESC,mHSC-E,mlp,precision_at_k,cl_v6_fair,0.468,0.512,0.48,0.666667,0.19866699999999998,-0.03200000000000003,9,4,6,1,-8,False,False,8,results/transfer_v2/embedding_transfer_summary_v2.csv
mESC,mHSC-GM,mlp,precision_at_k,scconcept_encoded,0.554,0.512,0.257,0.148936,-0.40506400000000004,-0.255,1,4,1,9,8,True,False,8,results/transfer_v2/embedding_transfer_summary_v2.csv
mHSC-GM,hESC,lr,precision_at_k,v4_type_pe_best,0.757,0.408602,0.368932,0.368932,-0.388068,-0.03967000000000004,1,9,10,9,8,True,False,8,results/transfer_v2/embedding_transfer_summary_v2.csv
mHSC-GM,hHep,mlp,precision_at_k,v4_bias_rec_best,0.849,0.6,0.529412,0.510204,-0.338796,-0.07058799999999998,2,4,8,10,8,False,False,8,results/transfer_v2/embedding_transfer_summary_v2.csv
mHSC-GM,mDC,lr,precision_at_k,cl_v6_fair,0.716,0.411765,0.47300000000000003,0.469,-0.247,0.06123500000000004,1,9,4,9,8,True,False,8,results/transfer_v2/embedding_transfer_summary_v2.csv
mHSC-GM,mDC,mlp,precision_at_k,scGPT_human,0.522,0.5,0.496,0.517,-0.0050000000000000044,-0.0040000000000000036,9,6,2,1,-8,False,False,8,results/transfer_v2/embedding_transfer_summary_v2.csv
mHSC-GM,mESC,mlp,precision_at_k,minus,0.528,0.298507,0.875,0.887324,0.359324,0.5764929999999999,9,7,2,1,-8,False,False,8,results/transfer_v2/embedding_transfer_summary_v2.csv
mHSC-L,hESC,lr,precision_at_k,v4_plain_best,0.677,0.492754,0.368932,0.368932,-0.30806800000000006,-0.12382200000000004,1,6,9,9,8,True,False,8,results/transfer_v2/embedding_transfer_summary_v2.csv
mHSC-L,hHep,mlp,precision_at_k,v4_type_pe_best,0.777,0.443182,0.529412,0.529412,-0.24758800000000003,0.08622999999999997,2,7,10,10,8,False,False,8,results/transfer_v2/embedding_transfer_summary_v2.csv
hESC,mESC,lr,auprc,scconcept,0.5133142,0.4944582,0.8984636,0.8980592,0.3847449999999999,0.4040054,10,2,3,3,-7,False,False,7,results/transfer_v2/embedding_transfer_summary_v2.csv
hESC,mHSC-GM,lr,auprc,cl_scratch_v5,0.6896082,0.6396482,0.5286316,0.4515124,-0.23809580000000002,-0.11101660000000002,1,3,6,8,7,True,False,7,results/transfer_v2/embedding_transfer_summary_v2.csv
hHep,mESC,mlp,auprc,minus,0.5141538,0.589279,0.9323,0.9321616,0.41800780000000004,0.343021,3,2,9,10,7,False,True,7,results/transfer_v2/embedding_transfer_summary_v2.csv
hHep,mHSC-GM,lr,auprc,v4_type_pe_best,0.6889066,0.7203672,0.3833538,0.2240036,-0.46490300000000007,-0.33701339999999996,3,5,5,10,7,False,False,7,results/transfer_v2/embedding_transfer_summary_v2.csv
hHep,mHSC-L,lr,auprc,baseline,0.5686464,0.5219654,0.4794806,0.5627688,-0.005877600000000038,-0.042484800000000045,8,9,1,1,-7,False,False,8,results/transfer_v2/embedding_transfer_summary_v2.csv
hHep,mHSC-L,lr,auprc,scGPT_human,0.6545756,0.6358206,0.402152,0.4224928,-0.23208280000000003,-0.23366859999999995,1,4,8,8,7,True,True,7,results/transfer_v2/embedding_transfer_summary_v2.csv
mDC,hHep,lr,auprc,minus,0.5536738,0.3885942,0.403178,0.4587936,-0.09488019999999997,0.01458379999999998,1,10,8,8,7,True,False,7,results/transfer_v2/embedding_transfer_summary_v2.csv
mDC,mHSC-E,lr,auprc,scGPT_human,0.4510174,0.6752466,0.528083,0.5812954,0.130278,-0.14716360000000006,8,1,1,1,-7,False,False,7,results/transfer_v2/embedding_transfer_summary_v2.csv
mDC,mHSC-L,mlp,auprc,minus,0.4423918,0.4806686,0.4064444,0.4696912,0.027299399999999974,-0.07422420000000002,9,6,3,2,-7,False,False,7,results/transfer_v2/embedding_transfer_summary_v2.csv
mESC,hESC,lr,auprc,cl_scratch_v5,0.492646,,0.3714042,0.4031436,-0.08950239999999998,,8,,4,1,-7,False,False,7,results/transfer_v2/embedding_transfer_summary_v2.csv
mESC,hHep,mlp,auprc,baseline,0.504616,0.6174852,0.400716,0.409091,-0.09552499999999997,-0.21676919999999994,9,2,1,2,-7,False,False,7,results/transfer_v2/embedding_transfer_summary_v2.csv
mHSC-E,hESC,lr,auprc,cl_v6_fair,0.5580672,0.7609509999999999,0.35385900000000003,0.458864,-0.09920319999999999,-0.4070919999999999,8,1,4,1,-7,False,False,7,results/transfer_v2/embedding_transfer_summary_v2.csv
mHSC-E,mDC,lr,auprc,scGPT_human,0.516041,0.3933544,0.6410686,0.6405446,0.12450360000000005,0.2477142,8,8,3,1,-7,False,False,7,results/transfer_v2/embedding_transfer_summary_v2.csv
mHSC-E,mDC,mlp,auprc,baseline,0.5706791999999999,0.6127974,0.5516276,0.4517946,-0.11888459999999995,-0.06116980000000005,2,1,7,9,7,False,False,7,results/transfer_v2/embedding_transfer_summary_v2.csv
mHSC-E,mESC,mlp,auprc,minus,0.51212,0.41297875,,0.875,0.36288,,9,3,,2,-7,False,False,7,results/transfer_v2/embedding_transfer_summary_v2.csv
mHSC-GM,hESC,mlp,auprc,scconcept_encoded,0.5530708,0.5788742,0.5503694,0.5923496,0.03927880000000006,-0.028504799999999997,10,9,4,3,-7,False,False,7,results/transfer_v2/embedding_transfer_summary_v2.csv
mHSC-GM,mDC,mlp,auprc,scconcept_encoded,0.582878,0.7429806,0.5242732,0.4649058,-0.11797220000000003,-0.2187074,3,1,8,10,7,False,True,7,results/transfer_v2/embedding_transfer_summary_v2.csv
mHSC-L,hESC,lr,auprc,v4_plain_best,0.6172738,0.6457536,0.5575404,0.4467962,-0.1704776,-0.08821319999999999,1,5,1,8,7,True,False,7,results/transfer_v2/embedding_transfer_summary_v2.csv
mHSC-L,mESC,mlp,auprc,scGPT_human,0.5120096,,0.875,0.875,0.36299040000000005,,9,,2,2,-7,False,False,7,results/transfer_v2/embedding_transfer_summary_v2.csv
mHSC-L,mESC,mlp,auprc,scconcept,0.5119526,0.40660474999999996,,0.875,0.3630474,,10,5,,3,-7,False,False,7,results/transfer_v2/embedding_transfer_summary_v2.csv
hESC,mESC,lr,auroc,cl_scratch_v5,0.5048798,0.5083336,0.5071242,0.505805,0.0009251999999999594,-0.0012094000000000271,1,1,8,8,7,True,False,7,results/transfer_v2/embedding_transfer_summary_v2.csv
hESC,mESC,lr,auroc,v4_plain_best,0.5040557999999999,0.5,0.5055412,0.5047496,0.0006938000000000777,0.005541200000000024,2,2,10,9,7,False,False,8,results/transfer_v2/embedding_transfer_summary_v2.csv
hESC,mHSC-E,mlp,auroc,v4_bias_rec_best,0.5097076,0.5213442,0.5206338,0.6091738,0.09946619999999995,-0.0007103999999999999,8,6,1,1,-7,False,False,7,results/transfer_v2/embedding_transfer_summary_v2.csv
hESC,mHSC-GM,mlp,auroc,cl_v6_fair,0.7610798,0.6510832,0.6805812,0.6380361999999999,-0.12304360000000003,0.029498000000000024,1,4,2,8,7,True,False,7,results/transfer_v2/embedding_transfer_summary_v2.csv
hESC,mHSC-L,lr,auroc,cl_v6_fair,0.660337,0.6492016,0.5946778,0.5529382,-0.1073987999999999,-0.05452380000000001,1,4,4,8,7,True,False,7,results/transfer_v2/embedding_transfer_summary_v2.csv
hESC,mHSC-L,lr,auroc,scconcept_encoded,0.5550036,0.4479752,0.538914,0.674935,0.11993139999999991,0.09093879999999999,9,10,10,2,-7,False,False,7,results/transfer_v2/embedding_transfer_summary_v2.csv
hHep,mDC,lr,auroc,scconcept_encoded,0.5454869999999999,0.5705594,0.4830146,0.4770598,-0.06842719999999997,-0.08754480000000003,3,2,10,10,7,False,True,8,results/transfer_v2/embedding_transfer_summary_v2.csv
hHep,mDC,lr,auroc,v4_bias_rec_best,0.6017388,0.68144,0.6068752,0.6087582,0.007019400000000009,-0.0745648000000001,1,1,9,8,7,True,True,8,results/transfer_v2/embedding_transfer_summary_v2.csv
hHep,mESC,mlp,auroc,minus,0.4970702,0.4833785,0.493113,0.49201120000000004,-0.00505899999999998,0.009734500000000035,3,7,8,10,7,False,True,7,results/transfer_v2/embedding_transfer_summary_v2.csv
mDC,hESC,lr,auroc,scconcept_encoded,0.5677754,0.5729068,0.508108,0.4001174,-0.16765800000000003,-0.06479880000000005,1,1,4,8,7,True,True,7,results/transfer_v2/embedding_transfer_summary_v2.csv
mDC,hESC,mlp,auroc,cl_v6_fair,0.3751846,0.42125,0.3848414,0.5331376,0.157953,-0.03640860000000001,9,6,10,2,-7,False,True,7,results/transfer_v2/embedding_transfer_summary_v2.csv
mDC,mESC,mlp,auroc,baseline,0.4923078,0.4873948,0.505147,0.5036765,0.011368699999999954,0.017752199999999996,8,8,4,1,-7,False,False,7,results/transfer_v2/embedding_transfer_summary_v2.csv
mDC,mHSC-E,lr,auroc,v4_plain_best,0.3740716,0.4132242,0.5492124,0.5810917999999999,0.20702019999999993,0.13598820000000006,10,10,4,3,-7,False,False,7,results/transfer_v2/embedding_transfer_summary_v2.csv
mDC,mHSC-L,mlp,auroc,baseline,0.4290074,0.5409556,0.4592992,0.3973978,-0.03160959999999996,-0.08165639999999996,3,1,8,10,7,False,False,7,results/transfer_v2/embedding_transfer_summary_v2.csv
mHSC-E,mDC,lr,auroc,minus,0.4325618,0.5333986000000001,0.5658204,0.6337838,0.201222,0.032421799999999945,9,3,8,2,-7,False,True,7,results/transfer_v2/embedding_transfer_summary_v2.csv
mHSC-E,mESC,mlp,auroc,minus,0.49239,0.49454275000000003,,0.5,0.007610000000000006,,9,3,,2,-7,False,False,7,results/transfer_v2/embedding_transfer_summary_v2.csv
mHSC-GM,hESC,lr,auroc,v4_plain_best,0.712956,0.4905982,0.574089,0.507935,-0.205021,0.08349079999999998,1,9,5,8,7,True,False,7,results/transfer_v2/embedding_transfer_summary_v2.csv
mHSC-GM,mDC,mlp,auroc,scconcept_encoded,0.5564359999999999,0.5450954,0.5227866,0.4739112,-0.08252479999999995,-0.022308800000000018,3,3,9,10,7,False,True,7,results/transfer_v2/embedding_transfer_summary_v2.csv
mHSC-L,hESC,lr,auroc,scconcept,0.5132674,0.3413102,0.4948178,0.6,0.08673259999999994,0.15350759999999997,10,10,10,3,-7,False,False,7,results/transfer_v2/embedding_transfer_summary_v2.csv
mHSC-L,hESC,lr,auroc,scconcept_encoded,0.5194964,0.5820078,0.5773275999999999,0.6457556,0.12625920000000002,-0.004680200000000023,9,6,7,2,-7,False,True,7,results/transfer_v2/embedding_transfer_summary_v2.csv
mHSC-L,hESC,mlp,auroc,scconcept_encoded,0.5227112,0.5077652,0.6029958,0.621562,0.0988507999999999,0.09523059999999994,10,8,7,3,-7,False,False,7,results/transfer_v2/embedding_transfer_summary_v2.csv
mHSC-L,hHep,mlp,auroc,scGPT_human,0.7476846,0.7583332,0.614129,0.49660499999999996,-0.25107960000000007,-0.1442042,1,2,5,8,7,True,False,7,results/transfer_v2/embedding_transfer_summary_v2.csv
mHSC-L,hHep,mlp,auroc,scconcept_encoded,0.5287274,0.706857,0.5641632,0.6343278,0.10560040000000004,-0.14269379999999998,9,3,7,2,-7,False,False,7,results/transfer_v2/embedding_transfer_summary_v2.csv
mHSC-L,mESC,mlp,auroc,scGPT_human,0.4923808,,0.5,0.5,0.007619199999999993,,9,,2,2,-7,False,False,7,results/transfer_v2/embedding_transfer_summary_v2.csv
mHSC-L,mESC,mlp,auroc,scconcept,0.49224060000000003,0.4847875,,0.5,0.007759399999999972,,10,5,,3,-7,False,False,7,results/transfer_v2/embedding_transfer_summary_v2.csv
hESC,mHSC-E,lr,balanced_accuracy,v4_bias_rec_best,0.5005222,0.5443768,0.5421718,0.5711522,0.07062999999999997,-0.0022050000000000125,8,4,2,1,-7,False,False,7,results/transfer_v2/embedding_transfer_summary_v2.csv
hESC,mHSC-E,mlp,balanced_accuracy,minus,0.5718150000000001,0.5930252,0.4948156,0.462811,-0.1090040000000001,-0.09820960000000001,2,2,9,9,7,False,True,7,results/transfer_v2/embedding_transfer_summary_v2.csv
hESC,mHSC-E,mlp,balanced_accuracy,v4_bias_rec_best,0.5115758,0.511808,0.5124372,0.5804642,0.06888839999999996,0.0006291999999999964,8,7,3,1,-7,False,True,7,results/transfer_v2/embedding_transfer_summary_v2.csv
hHep,mDC,lr,balanced_accuracy,scconcept_encoded,0.5306344000000001,0.5502772,0.4716176,0.46964279999999997,-0.06099160000000009,-0.0786596,3,2,10,10,7,False,True,8,results/transfer_v2/embedding_transfer_summary_v2.csv
hHep,mESC,mlp,balanced_accuracy,baseline,0.5,0.5,0.4972452,0.4944904,-0.005509600000000003,-0.0027548000000000017,1,1,6,8,7,True,False,7,results/transfer_v2/embedding_transfer_summary_v2.csv
hHep,mESC,mlp,balanced_accuracy,cl_scratch_v5,0.5,,0.493113,0.493113,-0.0068869999999999765,,2,,10,9,7,False,False,10,results/transfer_v2/embedding_transfer_summary_v2.csv
hHep,mESC,mlp,balanced_accuracy,scGPT_human,0.4991098,0.5,0.5,0.5,0.0008902000000000077,0.0,10,3,3,3,-7,False,False,7,results/transfer_v2/embedding_transfer_summary_v2.csv
hHep,mHSC-GM,mlp,balanced_accuracy,v4_type_pe_best,0.6337094,0.597256,0.5575910000000001,0.5217646,-0.11194479999999996,-0.03966499999999995,1,2,3,8,7,True,True,7,results/transfer_v2/embedding_transfer_summary_v2.csv
hHep,mHSC-L,lr,balanced_accuracy,baseline,0.5211278,0.535033,0.5350058,0.5555078,0.034379999999999966,-2.7200000000004998e-05,8,8,1,1,-7,False,False,7,results/transfer_v2/embedding_transfer_summary_v2.csv
mDC,hHep,lr,balanced_accuracy,v4_plain_best,0.4320324,0.5042046,0.5621986,0.5535842,0.12155179999999999,0.05799399999999999,9,3,1,2,-7,False,False,7,results/transfer_v2/embedding_transfer_summary_v2.csv
mDC,hHep,mlp,balanced_accuracy,scconcept,0.504397,0.5139518,0.4975148,0.4972438,-0.007153199999999971,-0.01643699999999998,3,3,9,10,7,False,False,7,results/transfer_v2/embedding_transfer_summary_v2.csv
mDC,hHep,mlp,balanced_accuracy,scconcept_encoded,0.5118698,0.5006912,0.4956324,0.49882540000000003,-0.013044400000000012,-0.00505880000000003,2,5,10,9,7,False,False,7,results/transfer_v2/embedding_transfer_summary_v2.csv
mESC,hESC,mlp,balanced_accuracy,scconcept,0.46150399999999997,0.493577,0.501008,0.50252,0.041016,0.007431000000000021,8,9,2,1,-7,False,False,7,results/transfer_v2/embedding_transfer_summary_v2.csv
mESC,mHSC-E,mlp,balanced_accuracy,v4_type_pe_best,0.4878144,0.5200442,0.5121074,0.5100334,0.02221899999999999,-0.007936799999999966,9,1,2,2,-7,False,False,7,results/transfer_v2/embedding_transfer_summary_v2.csv
mESC,mHSC-GM,mlp,balanced_accuracy,v4_plain_best,0.49783120000000003,0.4916384,0.5051892,0.5174242,0.01959299999999997,0.01355080000000003,10,10,3,3,-7,False,False,7,results/transfer_v2/embedding_transfer_summary_v2.csv
mESC,mHSC-L,mlp,balanced_accuracy,cl_scratch_v5,0.4881024,0.4952532,0.5075926000000001,0.5037878,0.015685400000000016,0.012339400000000056,10,8,2,3,-7,False,False,7,results/transfer_v2/embedding_transfer_summary_v2.csv
mHSC-E,hHep,lr,balanced_accuracy,cl_scratch_v5,0.6946588,0.67469,0.8026236,0.7452162,0.050557399999999975,0.12793359999999998,1,5,2,8,7,True,False,7,results/transfer_v2/embedding_transfer_summary_v2.csv
mHSC-GM,hHep,mlp,balanced_accuracy,scGPT_human,0.7346625999999999,0.7328788,0.5263888,0.5074076000000001,-0.22725499999999987,-0.20649000000000006,2,2,9,9,7,False,True,7,results/transfer_v2/embedding_transfer_summary_v2.csv
mHSC-GM,mDC,mlp,balanced_accuracy,scconcept_encoded,0.5450792,0.500957,0.5161186,0.475829,-0.06925019999999998,0.015161599999999997,3,4,8,10,7,False,True,7,results/transfer_v2/embedding_transfer_summary_v2.csv
mHSC-GM,mESC,mlp,balanced_accuracy,baseline,0.4982194,0.5,0.5,0.5,0.001780600000000021,0.0,8,1,1,1,-7,False,False,7,results/transfer_v2/embedding_transfer_summary_v2.csv
mHSC-L,hESC,lr,balanced_accuracy,scconcept_encoded,0.5347326,0.565909,0.5435626,0.6049234,0.0701908,-0.02234639999999999,8,6,7,1,-7,False,True,7,results/transfer_v2/embedding_transfer_summary_v2.csv
mHSC-L,hESC,lr,balanced_accuracy,v4_plain_best,0.6010724000000001,0.5993276,0.6238864,0.5325104,-0.06856200000000001,0.024558799999999992,1,4,1,8,7,True,False,7,results/transfer_v2/embedding_transfer_summary_v2.csv
mHSC-L,hESC,mlp,balanced_accuracy,scconcept_encoded,0.5239504,0.5676138,0.5280568,0.5620542,0.03810379999999991,-0.03955699999999995,10,8,8,3,-7,False,False,7,results/transfer_v2/embedding_transfer_summary_v2.csv
mHSC-L,hHep,mlp,balanced_accuracy,scconcept_encoded,0.5236572,0.6064286,0.5152778,0.5445986,0.0209414,-0.09115079999999998,9,6,5,2,-7,False,False,7,results/transfer_v2/embedding_transfer_summary_v2.csv
mHSC-L,mESC,mlp,balanced_accuracy,scconcept,0.495994,0.5,,0.5,0.0040060000000000096,,10,4,,3,-7,False,False,7,results/transfer_v2/embedding_transfer_summary_v2.csv
hESC,mHSC-E,mlp,f1,v4_bias_rec_best,0.3506746,0.3271474,0.2682312,0.3953378,0.044663200000000014,-0.058916199999999974,8,7,2,1,-7,False,False,7,results/transfer_v2/embedding_transfer_summary_v2.csv
hESC,mHSC-L,lr,f1,scconcept_encoded,0.4180128,0.4150652,0.3720774,0.4732168,0.055203999999999975,-0.04298780000000002,9,8,8,2,-7,False,False,7,results/transfer_v2/embedding_transfer_summary_v2.csv
hHep,mDC,mlp,f1,scGPT_human,0.1594172,0.1017482,0.24184719999999998,0.251926,0.09250879999999997,0.14009899999999997,10,9,4,3,-7,False,False,7,results/transfer_v2/embedding_transfer_summary_v2.csv
hHep,mDC,mlp,f1,v4_bias_rec_best,0.4417194,0.5640700000000001,0.194009,0.194009,-0.2477104,-0.3700610000000001,1,2,8,8,7,True,True,7,results/transfer_v2/embedding_transfer_summary_v2.csv
hHep,mESC,lr,f1,scconcept_encoded,0.0,,0.016393,0.0098358,0.0098358,,10,,2,3,-7,False,False,7,results/transfer_v2/embedding_transfer_summary_v2.csv
hHep,mESC,mlp,f1,scGPT_human,0.1352912,0.0,0.0,0.0,-0.1352912,0.0,1,4,9,8,7,True,False,7,results/transfer_v2/embedding_transfer_summary_v2.csv
hHep,mHSC-L,lr,f1,baseline,0.2561346,0.3635982,0.1600798,0.2288402,-0.027294399999999996,-0.2035184,9,8,3,2,-7,False,False,7,results/transfer_v2/embedding_transfer_summary_v2.csv
mDC,hESC,lr,f1,scconcept_encoded,0.5063622,0.4784582,0.3424698,0.2678546,-0.2385076,-0.1359884,1,1,4,8,7,True,True,7,results/transfer_v2/embedding_transfer_summary_v2.csv
mDC,hESC,mlp,f1,baseline,0.140419,0.1642668,0.303247,0.19244080000000002,0.052021800000000035,0.1389802,3,3,5,10,7,False,False,7,results/transfer_v2/embedding_transfer_summary_v2.csv
mDC,hHep,lr,f1,baseline,0.4757252,0.4839908,0.4936322,0.4936322,0.017907000000000006,0.009641400000000022,1,1,8,8,7,True,False,7,results/transfer_v2/embedding_transfer_summary_v2.csv
mDC,hHep,lr,f1,v4_plain_best,0.261081,0.3942734,0.5214888,0.5153854,0.2543044,0.12721539999999998,9,3,1,2,-7,False,False,7,results/transfer_v2/embedding_transfer_summary_v2.csv
mDC,hHep,mlp,f1,scconcept,0.3403066,0.3828224,0.4848668,0.4828458,0.14253919999999998,0.10204439999999998,2,3,9,9,7,False,False,7,results/transfer_v2/embedding_transfer_summary_v2.csv
mDC,hHep,mlp,f1,scconcept_encoded,0.332944,0.2809728,0.4458132,0.4500424,0.11709839999999999,0.1648404,3,4,10,10,7,False,False,7,results/transfer_v2/embedding_transfer_summary_v2.csv
mDC,hHep,mlp,f1,v4_type_pe_best,0.13393,0.1686678,0.5376864,0.5315913999999999,0.39766139999999994,0.3690186,10,8,2,3,-7,False,False,7,results/transfer_v2/embedding_transfer_summary_v2.csv
mDC,mHSC-E,lr,f1,scconcept_encoded,0.4310172,0.29489,0.4083652,0.2850546,-0.1459626,0.1134752,3,6,5,10,7,False,False,7,results/transfer_v2/embedding_transfer_summary_v2.csv
mDC,mHSC-E,lr,f1,v4_plain_best,0.2855214,0.1629638,0.4112168,0.462555,0.1770336,0.248253,8,9,4,1,-7,False,False,7,results/transfer_v2/embedding_transfer_summary_v2.csv
mDC,mHSC-E,mlp,f1,scconcept_encoded,0.264483,0.1336784,0.2423116,0.16228800000000002,-0.10219500000000001,0.10863319999999999,3,7,10,10,7,False,False,7,results/transfer_v2/embedding_transfer_summary_v2.csv
mDC,mHSC-L,lr,f1,minus,0.3061668,0.31536600000000004,0.3685644,0.357178,0.05101119999999998,0.05319839999999998,10,2,2,3,-7,False,False,7,results/transfer_v2/embedding_transfer_summary_v2.csv
mESC,hHep,lr,f1,scconcept,0.5082822,0.5412678,0.419802,0.34749,-0.1607922,-0.12146579999999996,3,2,5,10,7,False,False,7,results/transfer_v2/embedding_transfer_summary_v2.csv
mESC,mDC,mlp,f1,scconcept_encoded,0.6314261999999999,0.401134,0.8480034,0.8573962,0.22597000000000012,0.44686939999999997,1,10,9,8,7,True,False,7,results/transfer_v2/embedding_transfer_summary_v2.csv
mESC,mHSC-E,mlp,f1,scconcept_encoded,0.603553,0.4322308,0.5856436,0.4631648,-0.14038820000000002,0.15341280000000002,3,5,9,10,7,False,False,7,results/transfer_v2/embedding_transfer_summary_v2.csv
mESC,mHSC-E,mlp,f1,v4_type_pe_best,0.4927322,0.1436338,0.6524104000000001,0.7746722,0.28194,0.5087766,9,8,1,2,-7,False,False,7,results/transfer_v2/embedding_transfer_summary_v2.csv
mESC,mHSC-L,mlp,f1,cl_scratch_v5,0.4814738,0.0972384,0.49880240000000003,0.5914078,0.10993400000000003,0.40156400000000003,9,7,1,2,-7,False,False,7,results/transfer_v2/embedding_transfer_summary_v2.csv
mHSC-E,hESC,lr,f1,scconcept,0.4932124,0.5840164,0.4347504,0.4680016,-0.025210799999999978,-0.149266,10,6,2,3,-7,False,False,7,results/transfer_v2/embedding_transfer_summary_v2.csv
mHSC-E,hESC,lr,f1,v4_bias_rec_best,0.6248724,0.5947998,0.2447746,0.17814760000000002,-0.4467248,-0.3500252,2,5,9,9,7,False,False,7,results/transfer_v2/embedding_transfer_summary_v2.csv
mHSC-E,hESC,mlp,f1,v4_bias_rec_best,0.6241078,0.584598,0.22951560000000001,0.2154084,-0.4086994,-0.3550823999999999,1,5,6,8,7,True,False,7,results/transfer_v2/embedding_transfer_summary_v2.csv
mHSC-E,mDC,mlp,f1,scconcept,0.4655956,0.531363,0.2799604,0.2260878,-0.2395078,-0.25140260000000003,2,2,10,9,7,False,True,8,results/transfer_v2/embedding_transfer_summary_v2.csv
mHSC-GM,hESC,mlp,f1,baseline,0.6526576,0.6006060000000001,0.3532644,0.1440974,-0.5085602,-0.2473416000000001,1,2,3,8,7,True,False,7,results/transfer_v2/embedding_transfer_summary_v2.csv
mHSC-GM,mDC,mlp,f1,v4_bias_rec_best,0.6137236,0.6261596,0.5541518,0.3478148,-0.26590880000000006,-0.07200780000000007,1,2,2,8,7,True,False,7,results/transfer_v2/embedding_transfer_summary_v2.csv
mHSC-L,hESC,lr,f1,scconcept_encoded,0.4854946,0.5082802,0.393439,0.518931,0.03343640000000003,-0.11484119999999998,8,5,7,1,-7,False,False,7,results/transfer_v2/embedding_transfer_summary_v2.csv
mHSC-L,hESC,mlp,f1,scconcept_encoded,0.4066434,0.4021192,0.3271906,0.4212302,0.014586800000000011,-0.07492860000000001,9,9,6,2,-7,False,False,7,results/transfer_v2/embedding_transfer_summary_v2.csv
mHSC-L,mDC,lr,f1,v4_bias_rec_best,0.5211406000000001,0.5469534,0.5024856,0.6085608,0.08742019999999995,-0.04446780000000006,8,6,7,1,-7,False,False,7,results/transfer_v2/embedding_transfer_summary_v2.csv
mHSC-L,mESC,mlp,f1,scconcept,0.6768573999999999,0.2933335,,0.0,-0.6768573999999999,,10,8,,3,-7,False,False,8,results/transfer_v2/embedding_transfer_summary_v2.csv
hESC,mESC,lr,precision_at_k,scGPT_human,0.544,0.515,0.908,0.937,0.393,0.393,8,1,7,1,-7,False,False,7,results/transfer_v2/embedding_transfer_summary_v2.csv
hESC,mESC,lr,precision_at_k,v4_plain_best,0.55,0.491,0.878,0.878,0.32799999999999996,0.387,3,2,10,10,7,False,False,8,results/transfer_v2/embedding_transfer_summary_v2.csv
hESC,mHSC-E,lr,precision_at_k,scconcept,0.496,0.526,0.428,0.617021,0.12102100000000005,-0.09800000000000003,10,6,10,3,-7,False,True,7,results/transfer_v2/embedding_transfer_summary_v2.csv
hESC,mHSC-E,lr,precision_at_k,scconcept_encoded,0.5,0.5790000000000001,0.447,0.635135,0.135135,-0.13200000000000006,9,4,9,2,-7,False,True,7,results/transfer_v2/embedding_transfer_summary_v2.csv
hESC,mHSC-L,mlp,precision_at_k,minus,0.66,0.5730000000000001,0.579,0.64557,-0.014430000000000054,0.005999999999999894,8,6,6,1,-7,False,True,7,results/transfer_v2/embedding_transfer_summary_v2.csv
hESC,mHSC-L,mlp,precision_at_k,v4_type_pe_best,0.735,0.484,0.601,0.367925,-0.367075,0.11699999999999999,3,8,1,10,7,False,False,7,results/transfer_v2/embedding_transfer_summary_v2.csv
hHep,hESC,lr,precision_at_k,baseline,0.6900000000000001,0.5539999999999999,0.552,0.502,-0.18800000000000006,-0.0019999999999998908,1,10,6,8,7,True,False,7,results/transfer_v2/embedding_transfer_summary_v2.csv
hHep,hESC,mlp,precision_at_k,baseline,0.74,0.629,0.602,0.5589999999999999,-0.18100000000000005,-0.027000000000000024,1,7,1,8,7,True,False,7,results/transfer_v2/embedding_transfer_summary_v2.csv
hHep,mDC,lr,precision_at_k,v4_bias_rec_best,0.7040000000000001,0.678,0.749,0.752,0.04799999999999993,0.07099999999999995,1,1,8,8,7,True,False,7,results/transfer_v2/embedding_transfer_summary_v2.csv
hHep,mHSC-E,mlp,precision_at_k,v4_bias_rec_best,0.784,0.637,0.732,0.699187,-0.08481300000000003,0.09499999999999997,8,3,8,1,-7,False,False,7,results/transfer_v2/embedding_transfer_summary_v2.csv
hHep,mHSC-GM,lr,precision_at_k,baseline,0.675,0.741,0.26,0.283465,-0.391535,-0.481,8,2,5,1,-7,False,False,7,results/transfer_v2/embedding_transfer_summary_v2.csv
hHep,mHSC-GM,mlp,precision_at_k,baseline,0.8009999999999999,0.784,0.251,0.283465,-0.5175349999999999,-0.533,8,1,7,1,-7,False,False,7,results/transfer_v2/embedding_transfer_summary_v2.csv
hHep,mHSC-GM,mlp,precision_at_k,v4_type_pe_best,0.829,0.651,0.261,0.128205,-0.700795,-0.39,3,6,4,10,7,False,False,7,results/transfer_v2/embedding_transfer_summary_v2.csv
mDC,hESC,lr,precision_at_k,cl_scratch_v5,0.339,0.460993,0.237113,0.237113,-0.10188700000000003,-0.22388,9,7,2,2,-7,False,False,7,results/transfer_v2/embedding_transfer_summary_v2.csv
mDC,hESC,mlp,precision_at_k,cl_scratch_v5,0.283,0.460993,0.237113,0.237113,-0.04588699999999998,-0.22388,9,7,2,2,-7,False,False,7,results/transfer_v2/embedding_transfer_summary_v2.csv
mDC,mHSC-E,lr,precision_at_k,cl_v6_fair,0.669,0.529412,0.428,0.367,-0.30200000000000005,-0.101412,1,5,3,8,7,True,False,7,results/transfer_v2/embedding_transfer_summary_v2.csv
mDC,mHSC-E,mlp,precision_at_k,minus,0.363,0.494318,0.40800000000000003,0.508021,0.14502099999999996,-0.08631799999999995,8,7,7,1,-7,False,True,7,results/transfer_v2/embedding_transfer_summary_v2.csv
mDC,mHSC-GM,lr,precision_at_k,cl_v6_fair,0.537,0.491,0.268,0.297297,-0.23970300000000005,-0.22299999999999998,2,6,10,9,7,False,True,7,results/transfer_v2/embedding_transfer_summary_v2.csv
mDC,mHSC-GM,lr,precision_at_k,scGPT_human,0.382,0.6,0.317,0.382199,0.00019900000000000473,-0.283,9,2,5,2,-7,False,True,7,results/transfer_v2/embedding_transfer_summary_v2.csv
mDC,mHSC-L,lr,precision_at_k,baseline,0.491,0.559,0.33699999999999997,0.340541,-0.150459,-0.2220000000000001,2,2,7,9,7,False,False,7,results/transfer_v2/embedding_transfer_summary_v2.csv
mESC,hESC,lr,precision_at_k,cl_scratch_v5,0.48,,0.367,0.403,-0.07699999999999996,,8,,4,1,-7,False,False,7,results/transfer_v2/embedding_transfer_summary_v2.csv
mESC,mHSC-E,mlp,precision_at_k,cl_scratch_v5,0.494,0.466,0.46799999999999997,0.333333,-0.160667,0.0019999999999999463,2,8,7,9,7,False,False,7,results/transfer_v2/embedding_transfer_summary_v2.csv
mHSC-E,hESC,lr,precision_at_k,v4_bias_rec_best,0.704,0.467742,0.368932,0.368932,-0.335068,-0.09881000000000001,1,4,8,8,7,True,False,7,results/transfer_v2/embedding_transfer_summary_v2.csv
mHSC-E,hESC,mlp,precision_at_k,cl_scratch_v5,0.583,0.362319,0.368932,0.383838,-0.19916199999999995,0.00661299999999998,8,10,2,1,-7,False,False,8,results/transfer_v2/embedding_transfer_summary_v2.csv
mHSC-E,hESC,mlp,precision_at_k,v4_bias_rec_best,0.724,0.467742,0.368932,0.368932,-0.355068,-0.09881000000000001,1,4,8,8,7,True,False,7,results/transfer_v2/embedding_transfer_summary_v2.csv
mHSC-E,hHep,lr,precision_at_k,baseline,0.728,0.602273,0.529412,0.529412,-0.198588,-0.07286099999999995,8,4,1,1,-7,False,False,7,results/transfer_v2/embedding_transfer_summary_v2.csv
mHSC-E,hHep,mlp,precision_at_k,baseline,0.866,0.602273,0.529412,0.529412,-0.336588,-0.07286099999999995,8,4,1,1,-7,False,False,7,results/transfer_v2/embedding_transfer_summary_v2.csv
mHSC-E,mDC,lr,precision_at_k,minus,0.483,0.56962,0.501,0.524,0.041000000000000036,-0.06862000000000001,9,4,6,2,-7,False,False,7,results/transfer_v2/embedding_transfer_summary_v2.csv
mHSC-GM,hESC,mlp,precision_at_k,minus,0.708,0.682927,0.368932,0.38,-0.32799999999999996,-0.31399499999999997,8,1,4,1,-7,False,False,7,results/transfer_v2/embedding_transfer_summary_v2.csv
mHSC-GM,hESC,mlp,precision_at_k,v4_plain_best,0.798,0.458333,0.368932,0.368932,-0.42906800000000006,-0.08940100000000001,1,7,9,8,7,True,False,7,results/transfer_v2/embedding_transfer_summary_v2.csv
mHSC-GM,mDC,lr,precision_at_k,cl_scratch_v5,0.517,0.586207,0.453,0.503,-0.014000000000000012,-0.13320700000000002,9,4,9,2,-7,False,False,7,results/transfer_v2/embedding_transfer_summary_v2.csv
mHSC-L,hHep,lr,precision_at_k,v4_type_pe_best,0.689,0.443182,0.529412,0.529412,-0.15958799999999995,0.08622999999999997,3,7,10,10,7,False,False,7,results/transfer_v2/embedding_transfer_summary_v2.csv
mHSC-L,hHep,mlp,precision_at_k,v4_bias_rec_best,0.818,0.490196,0.529412,0.529412,-0.28858799999999996,0.03921599999999997,1,4,8,8,7,True,False,7,results/transfer_v2/embedding_transfer_summary_v2.csv
mHSC-L,mDC,lr,precision_at_k,v4_bias_rec_best,0.541,0.589041,0.463,0.498,-0.04300000000000004,-0.12604100000000001,9,3,8,2,-7,False,True,7,results/transfer_v2/embedding_transfer_summary_v2.csv
mHSC-L,mDC,lr,precision_at_k,v4_type_pe_best,0.65,0.5,0.46900000000000003,0.455,-0.195,-0.030999999999999972,2,7,4,9,7,False,False,7,results/transfer_v2/embedding_transfer_summary_v2.csv
mHSC-L,mESC,mlp,precision_at_k,scGPT_human,0.523,,0.875,0.875,0.352,,9,,2,2,-7,False,False,7,results/transfer_v2/embedding_transfer_summary_v2.csv
mHSC-L,mESC,mlp,precision_at_k,scconcept,0.521,0.415094,,0.875,0.354,,10,5,,3,-7,False,False,7,results/transfer_v2/embedding_transfer_summary_v2.csv
hESC,mDC,mlp,auprc,scconcept,0.468115,0.5326602,0.6155822,0.6999628,0.2318478,0.08292199999999994,7,3,3,1,-6,False,False,6,results/transfer_v2/embedding_transfer_summary_v2.csv
hESC,mESC,mlp,auprc,scconcept_encoded,0.513465,0.6116246666666667,0.8972712,0.8980125999999999,0.3845476,0.28564653333333334,10,2,7,4,-6,False,False,6,results/transfer_v2/embedding_transfer_summary_v2.csv
hESC,mESC,mlp,auprc,v4_plain_best,0.5161272,0.4944532,0.8976186,0.8986166,0.3824894,0.40316540000000006,8,6,4,2,-6,False,False,6,results/transfer_v2/embedding_transfer_summary_v2.csv
hESC,mESC,lr,auprc,cl_scratch_v5,0.5204864,0.46059920000000004,0.8974884,0.8972332,0.37674679999999994,0.4368891999999999,2,4,8,8,6,False,False,6,results/transfer_v2/embedding_transfer_summary_v2.csv
hESC,mHSC-E,mlp,auprc,scconcept_encoded,0.4527238,0.5940676,0.4636752,0.5465814,0.09385759999999999,-0.13039240000000002,10,3,10,4,-6,False,True,7,results/transfer_v2/embedding_transfer_summary_v2.csv
hESC,mHSC-GM,mlp,auprc,cl_scratch_v5,0.7254798,0.6656678,0.5736091999999999,0.5133556,-0.21212419999999998,-0.0920586000000001,2,3,4,8,6,False,False,6,results/transfer_v2/embedding_transfer_summary_v2.csv
hESC,mHSC-GM,mlp,auprc,v4_bias_rec_best,0.6737934,0.7796004,0.5577724,0.6112874,-0.06250599999999995,-0.22182800000000003,8,1,5,2,-6,False,True,6,results/transfer_v2/embedding_transfer_summary_v2.csv
hESC,mHSC-L,lr,auprc,cl_scratch_v5,0.6228066,0.6242978,0.533609,0.455275,-0.1675316,-0.09068880000000001,4,5,9,10,6,False,True,6,results/transfer_v2/embedding_transfer_summary_v2.csv
hESC,mHSC-L,lr,auprc,scconcept_encoded,0.549499,0.4923488,0.531357,0.6175478,0.06804880000000002,0.03900819999999999,10,9,10,4,-6,False,False,6,results/transfer_v2/embedding_transfer_summary_v2.csv
hESC,mHSC-L,mlp,auprc,minus,0.6294412,0.5704202,0.5868166,0.686165,0.05672379999999999,0.016396399999999978,7,6,2,1,-6,False,False,6,results/transfer_v2/embedding_transfer_summary_v2.csv
hHep,hESC,lr,auprc,baseline,0.660237,0.5824010000000001,0.539288,0.5006118,-0.1596251999999999,-0.04311300000000007,2,8,5,8,6,False,False,6,results/transfer_v2/embedding_transfer_summary_v2.csv
hHep,hESC,mlp,auprc,baseline,0.681044,0.6893118,0.5642826,0.5260074,-0.15503659999999997,-0.12502920000000006,1,3,2,7,6,True,False,6,results/transfer_v2/embedding_transfer_summary_v2.csv
hHep,mDC,lr,auprc,scconcept_encoded,0.5391638,0.5836786,0.7133238,0.7115228,0.17235900000000004,0.1296451999999999,4,3,10,10,6,False,True,7,results/transfer_v2/embedding_transfer_summary_v2.csv
hHep,mDC,lr,auprc,v4_bias_rec_best,0.614647,0.6538334,0.8025182000000001,0.8057086,0.19106159999999994,0.14868480000000006,1,1,7,7,6,True,True,6,results/transfer_v2/embedding_transfer_summary_v2.csv
hHep,mDC,mlp,auprc,cl_scratch_v5,0.5165306,0.5040224,0.876117,0.870227,0.3536964,0.37209460000000005,8,7,2,2,-6,False,False,6,results/transfer_v2/embedding_transfer_summary_v2.csv
hHep,mESC,lr,auprc,scGPT_human,0.5142014,,0.9324874000000001,0.9321398000000001,0.41793840000000004,,4,,5,10,6,False,False,6,results/transfer_v2/embedding_transfer_summary_v2.csv
hHep,mHSC-GM,lr,auprc,baseline,0.62961,0.7603186,0.4642128,0.5351628,-0.09444719999999995,-0.2961058,8,2,1,2,-6,False,False,6,results/transfer_v2/embedding_transfer_summary_v2.csv
hHep,mHSC-GM,lr,auprc,scGPT_human,0.7103566,0.7110592,0.2919746,0.324625,-0.3857316,-0.41908460000000003,1,6,9,7,6,True,False,6,results/transfer_v2/embedding_transfer_summary_v2.csv
hHep,mHSC-L,mlp,auprc,baseline,0.6128964,0.5636268,0.3974928,0.4835358,-0.1293606,-0.166134,8,7,7,2,-6,False,False,6,results/transfer_v2/embedding_transfer_summary_v2.csv
mDC,hESC,lr,auprc,minus,0.5152370000000001,0.4391308,0.2379406,0.2080102,-0.3072268,-0.20119019999999999,2,6,6,8,6,False,False,6,results/transfer_v2/embedding_transfer_summary_v2.csv
mDC,hESC,lr,auprc,scconcept_encoded,0.5516308,0.6015104,0.2759224,0.21042840000000002,-0.34120239999999996,-0.325588,1,1,3,7,6,True,True,6,results/transfer_v2/embedding_transfer_summary_v2.csv
mDC,hESC,lr,auprc,v4_plain_best,0.4279096,0.4258562,0.2285916,0.2306788,-0.1972308,-0.1972646,10,8,7,4,-6,False,False,6,results/transfer_v2/embedding_transfer_summary_v2.csv
mDC,hESC,mlp,auprc,cl_v6_fair,0.423928,0.4969808,0.1968176,0.2689278,-0.15500020000000003,-0.30016319999999996,9,2,9,3,-6,False,True,7,results/transfer_v2/embedding_transfer_summary_v2.csv
mDC,hESC,mlp,auprc,scconcept_encoded,0.5742692,0.5964208,0.28883559999999997,0.2497962,-0.324473,-0.3075852,1,1,2,7,6,True,False,6,results/transfer_v2/embedding_transfer_summary_v2.csv
mDC,hHep,mlp,auprc,v4_type_pe_best,0.4593268,0.4789488,0.604983,0.5647136,0.10538680000000006,0.12603420000000004,9,8,2,3,-6,False,False,6,results/transfer_v2/embedding_transfer_summary_v2.csv
mDC,mESC,mlp,auprc,baseline,0.5119208,0.4739192,0.8961708,0.89472325,0.38280245,0.42225160000000006,9,5,4,3,-6,False,False,6,results/transfer_v2/embedding_transfer_summary_v2.csv
mDC,mHSC-E,lr,auprc,cl_v6_fair,0.6196722,0.5764308,0.4397468,0.41780639999999997,-0.20186580000000004,-0.13668400000000003,1,2,5,7,6,True,False,6,results/transfer_v2/embedding_transfer_summary_v2.csv
mDC,mHSC-E,lr,auprc,v4_bias_rec_best,0.4386228,0.5335342,0.452229,0.5165436,0.07792080000000001,-0.08130519999999997,9,4,3,3,-6,False,False,6,results/transfer_v2/embedding_transfer_summary_v2.csv
mDC,mHSC-E,mlp,auprc,v4_type_pe_best,0.499628,0.4239926,0.4461092,0.4228116,-0.0768164,0.022116599999999986,3,9,7,9,6,False,False,6,results/transfer_v2/embedding_transfer_summary_v2.csv
mDC,mHSC-GM,lr,auprc,cl_v6_fair,0.5206916,0.49647579999999997,0.3217914,0.3139504,-0.2067412,-0.17468439999999996,2,5,8,8,6,False,True,6,results/transfer_v2/embedding_transfer_summary_v2.csv
mDC,mHSC-GM,mlp,auprc,scconcept_encoded,0.5247798,0.6315508,0.4114198,0.3520456,-0.1727342,-0.22013099999999997,2,2,4,8,6,False,False,6,results/transfer_v2/embedding_transfer_summary_v2.csv
mESC,mHSC-E,mlp,auprc,cl_scratch_v5,0.500492,0.4800594,0.4751434,0.4034182,-0.09707380000000004,-0.0049160000000000315,3,7,7,9,6,False,False,6,results/transfer_v2/embedding_transfer_summary_v2.csv
mESC,mHSC-L,mlp,auprc,minus,0.5117476,0.4538016,0.31316879999999997,0.2322338,-0.2795138,-0.14063280000000006,4,9,10,10,6,False,False,6,results/transfer_v2/embedding_transfer_summary_v2.csv
mHSC-E,hESC,mlp,auprc,cl_v6_fair,0.5852576,0.7898056,0.35880839999999997,0.3667474,-0.21851020000000004,-0.4309972,8,1,2,2,-6,False,False,6,results/transfer_v2/embedding_transfer_summary_v2.csv
mHSC-E,hESC,mlp,auprc,v4_plain_best,0.6365512,0.6062868,0.3475118,0.30483,-0.3317212,-0.25877500000000003,3,7,4,9,6,False,False,6,results/transfer_v2/embedding_transfer_summary_v2.csv
mHSC-E,mDC,lr,auprc,minus,0.4798926,0.6357430000000001,0.5043482,0.5746298,0.09473719999999997,-0.13139480000000003,9,2,8,3,-6,False,True,6,results/transfer_v2/embedding_transfer_summary_v2.csv
mHSC-E,mDC,lr,auprc,v4_plain_best,0.6410058,0.4807306,0.6005284,0.5083436,-0.13266219999999995,0.11979779999999995,2,7,6,8,6,False,False,6,results/transfer_v2/embedding_transfer_summary_v2.csv
mHSC-GM,hHep,lr,auprc,scGPT_human,0.7586682,0.7895752,0.755548,0.7120380000000001,-0.046630199999999955,-0.034027200000000035,1,4,7,7,6,True,False,6,results/transfer_v2/embedding_transfer_summary_v2.csv
mHSC-GM,mDC,lr,auprc,cl_scratch_v5,0.5117382,0.7648726,0.562094,0.6035082,0.09177000000000002,-0.20277860000000003,9,2,6,3,-6,False,False,6,results/transfer_v2/embedding_transfer_summary_v2.csv
mHSC-GM,mDC,mlp,auprc,v4_type_pe_best,0.5488986,0.531882,0.5982058,0.619768,0.07086939999999997,0.06632380000000004,8,5,5,2,-6,False,False,6,results/transfer_v2/embedding_transfer_summary_v2.csv
mHSC-L,hESC,mlp,auprc,scconcept_encoded,0.527253,0.7486274,0.4551828,0.5241926,-0.003060399999999963,-0.29344460000000006,10,3,7,4,-6,False,True,6,results/transfer_v2/embedding_transfer_summary_v2.csv
mHSC-L,mDC,lr,auprc,v4_bias_rec_best,0.5300022,0.612889,0.5050536,0.5521322,0.022129999999999983,-0.10783540000000003,8,4,7,2,-6,False,False,6,results/transfer_v2/embedding_transfer_summary_v2.csv
hESC,mDC,mlp,auroc,baseline,0.5173058,0.4577372,0.3930192,0.2797598,-0.23754600000000003,-0.064718,3,5,4,9,6,False,False,6,results/transfer_v2/embedding_transfer_summary_v2.csv
hESC,mESC,mlp,auroc,scconcept_encoded,0.495549,0.485294,0.5047494,0.5094988,0.013949800000000012,0.01945540000000001,10,10,7,4,-6,False,False,6,results/transfer_v2/embedding_transfer_summary_v2.csv
hESC,mESC,mlp,auroc,v4_plain_best,0.498382,0.4967558,0.505409,0.5113456000000001,0.012963600000000075,0.008653199999999972,8,7,6,2,-6,False,False,6,results/transfer_v2/embedding_transfer_summary_v2.csv
hESC,mHSC-E,lr,auroc,v4_type_pe_best,0.5660532,0.6726466,0.5150394,0.4274276,-0.13862560000000002,-0.15760719999999995,2,1,7,8,6,False,True,6,results/transfer_v2/embedding_transfer_summary_v2.csv
hESC,mHSC-L,mlp,auroc,baseline,0.6349384,0.6378994,0.6070076,0.7025092,0.06757079999999993,-0.030891800000000025,7,4,6,1,-6,False,False,6,results/transfer_v2/embedding_transfer_summary_v2.csv
hHep,hESC,mlp,auroc,baseline,0.7141982,0.7589144,0.68972,0.6741064,-0.04009180000000001,-0.06919439999999999,1,1,4,7,6,True,False,6,results/transfer_v2/embedding_transfer_summary_v2.csv
hHep,mDC,mlp,auroc,v4_bias_rec_best,0.6110632,0.700657,0.6890438,0.6892623999999999,0.07819919999999991,-0.01161319999999999,1,1,7,7,6,True,True,6,results/transfer_v2/embedding_transfer_summary_v2.csv
hHep,mESC,lr,auroc,scGPT_human,0.496994,,0.4944904,0.4917356,-0.005258399999999996,,3,,5,9,6,False,False,6,results/transfer_v2/embedding_transfer_summary_v2.csv
hHep,mHSC-E,lr,auroc,scGPT_human,0.6870788,0.6358668,0.8064234,0.7805554,0.09347660000000002,0.17055660000000006,1,8,5,7,6,True,False,6,results/transfer_v2/embedding_transfer_summary_v2.csv
hHep,mHSC-GM,lr,auroc,cl_v6_fair,0.7176992,0.695936,0.6981516,0.5992502,-0.11844900000000003,0.0022155999999999842,1,6,2,7,6,True,True,6,results/transfer_v2/embedding_transfer_summary_v2.csv
hHep,mHSC-GM,lr,auroc,scGPT_human,0.6964798,0.725256,0.55164,0.5329204,-0.16355940000000002,-0.173616,3,2,9,9,6,False,True,7,results/transfer_v2/embedding_transfer_summary_v2.csv
hHep,mHSC-GM,lr,auroc,scconcept_encoded,0.544705,0.5363354,0.6976862,0.7239576,0.17925259999999998,0.16135080000000002,9,9,3,3,-6,False,False,6,results/transfer_v2/embedding_transfer_summary_v2.csv
hHep,mHSC-GM,lr,auroc,v4_type_pe_best,0.7102852000000001,0.7190416000000001,0.6843768,0.556732,-0.15355320000000006,-0.03466480000000005,2,4,5,8,6,False,True,6,results/transfer_v2/embedding_transfer_summary_v2.csv
hHep,mHSC-GM,mlp,auroc,minus,0.7328028,0.6615875999999999,0.6505784,0.7270066000000001,-0.005796199999999918,-0.011009199999999941,8,7,8,2,-6,False,False,6,results/transfer_v2/embedding_transfer_summary_v2.csv
mDC,hESC,lr,auroc,baseline,0.4196278,0.4069552,0.5481784000000001,0.5108108,0.09118300000000001,0.14122320000000005,7,8,1,1,-6,False,False,7,results/transfer_v2/embedding_transfer_summary_v2.csv
mDC,hHep,lr,auroc,minus,0.5443096000000001,0.4586574,0.6109488,0.6576356,0.11332599999999993,0.15229139999999997,1,6,8,7,6,True,False,6,results/transfer_v2/embedding_transfer_summary_v2.csv
mDC,hHep,lr,auroc,scconcept,0.5208444,0.5030978,0.6481176,0.634804,0.11395960000000005,0.14501979999999992,2,2,7,8,6,False,False,6,results/transfer_v2/embedding_transfer_summary_v2.csv
mDC,hHep,mlp,auroc,v4_type_pe_best,0.416342,0.4752738,0.7608884,0.733509,0.317167,0.2856146,9,7,2,3,-6,False,False,6,results/transfer_v2/embedding_transfer_summary_v2.csv
mDC,mHSC-E,lr,auroc,scGPT_human,0.427602,0.5937856,0.6310752,0.6451382,0.2175362,0.03728959999999992,7,1,1,1,-6,False,False,6,results/transfer_v2/embedding_transfer_summary_v2.csv
mDC,mHSC-GM,lr,auroc,scconcept_encoded,0.5234326,0.5075803999999999,0.479227,0.4289414,-0.09449120000000005,-0.028353399999999918,2,3,3,8,6,False,True,6,results/transfer_v2/embedding_transfer_summary_v2.csv
mDC,mHSC-L,lr,auroc,baseline,0.48330839999999997,0.4186412,0.457374,0.3797686,-0.10353979999999996,0.03873280000000001,4,7,6,10,6,False,False,6,results/transfer_v2/embedding_transfer_summary_v2.csv
mDC,mHSC-L,mlp,auroc,cl_v6_fair,0.4170242,0.4835204,0.4996932,0.5920402,0.175016,0.016172799999999987,7,4,3,1,-6,False,False,6,results/transfer_v2/embedding_transfer_summary_v2.csv
mDC,mHSC-L,mlp,auroc,scconcept_encoded,0.516252,0.46670300000000003,0.524851,0.4707584,-0.04549360000000002,0.05814799999999992,1,5,1,7,6,True,False,6,results/transfer_v2/embedding_transfer_summary_v2.csv
mESC,hHep,mlp,auroc,baseline,0.4739884,0.6198836,0.502967,0.502941,0.028952599999999995,-0.11691659999999993,9,1,1,3,-6,False,False,6,results/transfer_v2/embedding_transfer_summary_v2.csv
mESC,hHep,lr,auroc,minus,0.4301322,0.4474286,0.4947808,0.5144938,0.08436159999999998,0.04735220000000001,10,5,4,4,-6,False,False,6,results/transfer_v2/embedding_transfer_summary_v2.csv
mESC,mHSC-E,mlp,auroc,v4_bias_rec_best,0.49019019999999996,0.5487196,0.4980162,0.5860512,0.09586100000000003,-0.050703399999999954,9,3,5,3,-6,False,False,6,results/transfer_v2/embedding_transfer_summary_v2.csv
mESC,mHSC-L,mlp,auroc,v4_plain_best,0.4931514,0.5044105999999999,0.5275004,0.519649,0.02649760000000001,0.02308980000000005,9,4,1,3,-6,False,False,6,results/transfer_v2/embedding_transfer_summary_v2.csv
mHSC-E,hESC,lr,auroc,cl_v6_fair,0.5715542,0.8076924,0.4564372,0.5710124,-0.0005418000000000367,-0.3512552,7,1,5,1,-6,False,False,6,results/transfer_v2/embedding_transfer_summary_v2.csv
mHSC-E,hESC,mlp,auroc,v4_plain_best,0.6404316,0.6176842,0.4619432,0.3775708,-0.2628608,-0.15574100000000002,3,5,3,9,6,False,False,6,results/transfer_v2/embedding_transfer_summary_v2.csv
mHSC-E,hHep,lr,auroc,cl_scratch_v5,0.7672764,0.7515634,0.9274006,0.8967423999999999,0.12946599999999997,0.17583720000000003,1,4,2,7,6,True,False,6,results/transfer_v2/embedding_transfer_summary_v2.csv
mHSC-E,hHep,lr,auroc,v4_type_pe_best,0.677236,0.6971430000000001,0.8882372,0.913443,0.23620700000000006,0.19109419999999988,8,7,6,2,-6,False,False,6,results/transfer_v2/embedding_transfer_summary_v2.csv
mHSC-GM,hESC,mlp,auroc,v4_plain_best,0.7495984,0.5275837999999999,0.5858302,0.5723886,-0.17720979999999997,0.05824640000000003,1,10,5,7,6,True,False,6,results/transfer_v2/embedding_transfer_summary_v2.csv
mHSC-GM,hHep,mlp,auroc,scGPT_human,0.8216285999999999,0.8625252,0.7134428,0.6902604,-0.13136819999999994,-0.14908239999999995,1,1,7,7,6,True,False,6,results/transfer_v2/embedding_transfer_summary_v2.csv
mHSC-GM,mDC,lr,auroc,cl_scratch_v5,0.4562066,0.7164216,0.5371574,0.634399,0.17819240000000003,-0.17926419999999998,9,1,7,3,-6,False,False,6,results/transfer_v2/embedding_transfer_summary_v2.csv
mHSC-GM,mDC,lr,auroc,cl_v6_fair,0.5742504,0.4123324,0.5932468,0.528693,-0.04555740000000008,0.18091439999999998,2,8,2,8,6,False,False,6,results/transfer_v2/embedding_transfer_summary_v2.csv
mHSC-GM,mDC,lr,auroc,v4_plain_best,0.5705632,0.462461,0.5652478,0.5193642,-0.051198999999999995,0.10278679999999996,3,3,5,9,6,False,False,6,results/transfer_v2/embedding_transfer_summary_v2.csv
mHSC-L,hESC,lr,auroc,v4_bias_rec_best,0.6165117999999999,0.632619,0.5020242,0.5480972000000001,-0.06841459999999988,-0.1305948,2,3,9,8,6,False,True,6,results/transfer_v2/embedding_transfer_summary_v2.csv
mHSC-L,mDC,lr,auroc,v4_bias_rec_best,0.4953498,0.4876742,0.524662,0.6032881999999999,0.10793839999999993,0.03698779999999996,8,8,7,2,-6,False,False,6,results/transfer_v2/embedding_transfer_summary_v2.csv
mHSC-L,mHSC-E,lr,auroc,v4_plain_best,0.5387888,0.5387888,0.5387888,0.4536316,-0.08515719999999993,0.0,4,4,4,10,6,False,False,6,results/transfer_v2/embedding_transfer_summary_v2.csv
hESC,mDC,lr,balanced_accuracy,baseline,0.5436798,0.4783168,0.4732366,0.3959666,-0.14771320000000004,-0.005080199999999979,2,6,5,8,6,False,False,6,results/transfer_v2/embedding_transfer_summary_v2.csv
hESC,mDC,mlp,balanced_accuracy,baseline,0.510634,0.4711366,0.455866,0.3759666,-0.13466740000000005,-0.015270600000000023,3,5,4,9,6,False,False,6,results/transfer_v2/embedding_transfer_summary_v2.csv
hESC,mDC,mlp,balanced_accuracy,cl_v6_fair,0.5400168,0.4336096,0.423875,0.393855,-0.14616179999999995,-0.009734599999999982,2,7,9,8,6,False,False,6,results/transfer_v2/embedding_transfer_summary_v2.csv
hESC,mHSC-E,lr,balanced_accuracy,v4_type_pe_best,0.5425008,0.6207876,0.5041966,0.4490486,-0.09345219999999999,-0.116591,4,1,8,10,6,False,True,7,results/transfer_v2/embedding_transfer_summary_v2.csv
hESC,mHSC-GM,mlp,balanced_accuracy,scconcept_encoded,0.559123,0.544707,0.6030628,0.6367044,0.07758139999999991,0.05835579999999996,9,6,6,3,-6,False,False,6,results/transfer_v2/embedding_transfer_summary_v2.csv
hESC,mHSC-L,lr,balanced_accuracy,cl_v6_fair,0.5977074,0.5893998,0.553305,0.5289216,-0.06878580000000001,-0.03609479999999998,1,5,4,7,6,True,False,6,results/transfer_v2/embedding_transfer_summary_v2.csv
hESC,mHSC-L,lr,balanced_accuracy,scconcept_encoded,0.526191,0.465291,0.5275264,0.5973958,0.07120480000000007,0.06223539999999994,9,10,9,3,-6,False,False,6,results/transfer_v2/embedding_transfer_summary_v2.csv
hESC,mHSC-L,lr,balanced_accuracy,v4_plain_best,0.5446728,0.5814484,0.5652222,0.5991412,0.05446840000000008,-0.01622619999999997,8,6,2,2,-6,False,False,6,results/transfer_v2/embedding_transfer_summary_v2.csv
hESC,mHSC-L,mlp,balanced_accuracy,baseline,0.5754906,0.5957008,0.5643214,0.6262724000000001,0.0507818000000001,-0.03137940000000006,7,1,4,1,-6,False,False,6,results/transfer_v2/embedding_transfer_summary_v2.csv
hESC,mHSC-L,mlp,balanced_accuracy,scconcept_encoded,0.5331548,0.4695878,0.5206082,0.6031252,0.06997039999999999,0.051020399999999966,9,10,9,3,-6,False,False,6,results/transfer_v2/embedding_transfer_summary_v2.csv
hHep,mHSC-E,mlp,balanced_accuracy,cl_scratch_v5,0.611473,0.5483604,0.7252938,0.748112,0.13663899999999995,0.17693340000000002,8,8,5,2,-6,False,False,6,results/transfer_v2/embedding_transfer_summary_v2.csv
hHep,mHSC-GM,lr,balanced_accuracy,v4_type_pe_best,0.6149746,0.6405609999999999,0.5713654,0.5149018,-0.10007280000000007,-0.06919559999999991,1,1,4,7,6,True,True,6,results/transfer_v2/embedding_transfer_summary_v2.csv
hHep,mHSC-GM,mlp,balanced_accuracy,v4_plain_best,0.6066416,0.5244138,0.529559,0.5075852,-0.09905640000000004,0.005145199999999961,4,7,8,10,6,False,False,6,results/transfer_v2/embedding_transfer_summary_v2.csv
hHep,mHSC-L,mlp,balanced_accuracy,v4_bias_rec_best,0.5650472,0.5728913999999999,0.5076272000000001,0.503125,-0.06192219999999993,-0.06526419999999988,1,1,3,7,6,True,False,6,results/transfer_v2/embedding_transfer_summary_v2.csv
mDC,hESC,lr,balanced_accuracy,baseline,0.4214444,0.441282,0.5186252,0.5220328000000001,0.10058840000000008,0.0773432,8,4,2,2,-6,False,False,6,results/transfer_v2/embedding_transfer_summary_v2.csv
mDC,hHep,lr,balanced_accuracy,baseline,0.5003292,0.508853,0.5143826,0.5143826,0.014053399999999994,0.005529600000000023,3,2,8,9,6,False,False,6,results/transfer_v2/embedding_transfer_summary_v2.csv
mDC,hHep,lr,balanced_accuracy,cl_scratch_v5,0.4553098,0.4984582,0.548253,0.5574698,0.10216000000000003,0.04979479999999997,7,4,2,1,-6,False,False,6,results/transfer_v2/embedding_transfer_summary_v2.csv
mDC,hHep,lr,balanced_accuracy,minus,0.5214032,0.4678058,0.5348646,0.5264308,0.005027600000000021,0.06705880000000003,1,7,5,7,6,True,False,6,results/transfer_v2/embedding_transfer_summary_v2.csv
mDC,hHep,mlp,balanced_accuracy,v4_type_pe_best,0.4654042,0.4441288,0.592244,0.580979,0.11557480000000003,0.1481152,9,9,2,3,-6,False,False,7,results/transfer_v2/embedding_transfer_summary_v2.csv
mDC,mHSC-E,lr,balanced_accuracy,v4_plain_best,0.4119302,0.4396484,0.5280452,0.5436124,0.13168219999999997,0.0883968,10,10,4,4,-6,False,False,6,results/transfer_v2/embedding_transfer_summary_v2.csv
mDC,mHSC-E,mlp,balanced_accuracy,v4_type_pe_best,0.49329100000000004,0.452276,0.5236332,0.5054442,0.012153199999999975,0.07135720000000001,3,9,9,9,6,False,False,6,results/transfer_v2/embedding_transfer_summary_v2.csv
mDC,mHSC-GM,mlp,balanced_accuracy,cl_v6_fair,0.4588926,0.4738768,0.5195628,0.5565036,0.097611,0.045686000000000004,9,10,4,3,-6,False,False,6,results/transfer_v2/embedding_transfer_summary_v2.csv
mDC,mHSC-L,mlp,balanced_accuracy,baseline,0.4757502,0.5213662,0.4811596,0.4454592,-0.030291000000000012,-0.04020659999999998,4,1,9,10,6,False,False,8,results/transfer_v2/embedding_transfer_summary_v2.csv
mESC,hHep,mlp,balanced_accuracy,baseline,0.4743188,0.5,0.502967,0.502941,0.028622199999999987,0.002967000000000053,9,4,1,3,-6,False,False,6,results/transfer_v2/embedding_transfer_summary_v2.csv
mESC,mDC,mlp,balanced_accuracy,v4_type_pe_best,0.4914668,0.48219,0.5067136,0.4941748,0.0027080000000000437,0.02452359999999998,9,6,1,3,-6,False,False,6,results/transfer_v2/embedding_transfer_summary_v2.csv
mESC,mHSC-E,mlp,balanced_accuracy,v4_plain_best,0.4919552,0.4816128,0.5124536,0.5386218,0.04666660000000006,0.030840799999999946,7,9,1,1,-6,False,False,8,results/transfer_v2/embedding_transfer_summary_v2.csv
mHSC-E,hESC,lr,balanced_accuracy,cl_v6_fair,0.5656804,0.7365384,0.45967600000000003,0.542672,-0.02300839999999993,-0.2768624,7,1,6,1,-6,False,True,6,results/transfer_v2/embedding_transfer_summary_v2.csv
mHSC-E,hESC,mlp,balanced_accuracy,cl_v6_fair,0.5775204,0.7269228,0.4663966,0.48736840000000003,-0.09015200000000001,-0.2605262,8,1,4,2,-6,False,True,6,results/transfer_v2/embedding_transfer_summary_v2.csv
mHSC-E,hESC,mlp,balanced_accuracy,v4_bias_rec_best,0.627054,0.5700104,0.4736436,0.45518220000000004,-0.17187179999999996,-0.09636680000000003,1,6,3,7,6,True,False,6,results/transfer_v2/embedding_transfer_summary_v2.csv
mHSC-E,hESC,mlp,balanced_accuracy,v4_plain_best,0.613073,0.5385262,0.4883806,0.4165588,-0.19651419999999997,-0.05014559999999996,3,8,2,9,6,False,False,6,results/transfer_v2/embedding_transfer_summary_v2.csv
mHSC-E,hHep,mlp,balanced_accuracy,cl_v6_fair,0.7233423999999999,0.7068964,0.8766972,0.7688272,0.0454848000000001,0.16980079999999997,2,2,1,8,6,False,False,6,results/transfer_v2/embedding_transfer_summary_v2.csv
mHSC-E,mDC,lr,balanced_accuracy,scGPT_human,0.4841228,0.4153288,0.6155402,0.5914994,0.10737659999999999,0.20021139999999998,7,9,2,1,-6,False,False,7,results/transfer_v2/embedding_transfer_summary_v2.csv
mHSC-GM,hESC,mlp,balanced_accuracy,baseline,0.6830204,0.683142,0.5790687999999999,0.5379354,-0.14508500000000002,-0.10407320000000009,1,1,3,7,6,True,False,6,results/transfer_v2/embedding_transfer_summary_v2.csv
mHSC-GM,hHep,lr,balanced_accuracy,cl_scratch_v5,0.5890656,0.5902098,0.722994,0.6575618,0.06849620000000001,0.13278420000000002,8,9,3,2,-6,False,False,6,results/transfer_v2/embedding_transfer_summary_v2.csv
mHSC-GM,hHep,mlp,balanced_accuracy,v4_plain_best,0.6458010000000001,0.6872780000000001,0.5469136,0.5412036,-0.10459740000000006,-0.14036440000000006,8,4,6,2,-6,False,False,6,results/transfer_v2/embedding_transfer_summary_v2.csv
mHSC-GM,mDC,lr,balanced_accuracy,cl_v6_fair,0.5329062,0.4563264,0.54849,0.5011816,-0.03172459999999999,0.09216360000000001,4,6,2,10,6,False,False,6,results/transfer_v2/embedding_transfer_summary_v2.csv
mHSC-GM,mDC,mlp,balanced_accuracy,v4_plain_best,0.562848,0.4210814,0.5746742,0.5463952,-0.016452800000000045,0.15359280000000003,1,9,2,7,6,True,False,7,results/transfer_v2/embedding_transfer_summary_v2.csv
mHSC-GM,mDC,mlp,balanced_accuracy,v4_type_pe_best,0.4972476,0.4433332,0.5281148,0.584769,0.08752139999999997,0.08478160000000001,7,8,7,1,-6,False,True,6,results/transfer_v2/embedding_transfer_summary_v2.csv
mHSC-GM,mESC,mlp,balanced_accuracy,scGPT_human,0.4977744,0.5,,0.5,0.0022255999999999942,,9,3,,3,-6,False,False,6,results/transfer_v2/embedding_transfer_summary_v2.csv
mHSC-L,hESC,lr,balanced_accuracy,cl_v6_fair,0.5337214,0.6155556,0.5700404,0.5729554,0.03923399999999999,-0.04551519999999998,9,2,5,3,-6,False,True,6,results/transfer_v2/embedding_transfer_summary_v2.csv
mHSC-L,mDC,mlp,balanced_accuracy,scconcept,0.507726,0.5121428,0.5212092,0.492924,-0.014802000000000037,0.00906640000000003,4,5,10,10,6,False,False,6,results/transfer_v2/embedding_transfer_summary_v2.csv
hESC,mDC,lr,f1,cl_scratch_v5,0.4597246,0.5612212,0.0599504,0.0433874,-0.41633719999999996,-0.5012708,3,2,9,9,6,False,True,7,results/transfer_v2/embedding_transfer_summary_v2.csv
hESC,mDC,lr,f1,cl_v6_fair,0.571414,0.3773188,0.1118412,0.1135606,-0.45785339999999997,-0.2654776,1,9,8,7,6,True,False,6,results/transfer_v2/embedding_transfer_summary_v2.csv
hESC,mDC,mlp,f1,cl_v6_fair,0.553513,0.2959544,0.0743696,0.0784184,-0.47509460000000003,-0.22158480000000003,1,7,8,7,6,True,False,6,results/transfer_v2/embedding_transfer_summary_v2.csv
hESC,mHSC-E,lr,f1,minus,0.481382,0.6141616,0.2647842,0.2178718,-0.26351019999999997,-0.34937739999999995,1,2,7,7,6,True,True,6,results/transfer_v2/embedding_transfer_summary_v2.csv
hESC,mHSC-E,lr,f1,v4_bias_rec_best,0.360005,0.3762422,0.3338932,0.4015972,0.04159219999999997,-0.042349000000000026,9,8,1,3,-6,False,False,7,results/transfer_v2/embedding_transfer_summary_v2.csv
hESC,mHSC-E,lr,f1,v4_type_pe_best,0.424661,0.704661,0.2795218,0.1936964,-0.23096460000000002,-0.4251392,3,1,6,9,6,False,True,6,results/transfer_v2/embedding_transfer_summary_v2.csv
hESC,mHSC-GM,lr,f1,minus,0.5880491999999999,0.45321,0.4138064,0.4223418,-0.16570739999999995,-0.03940359999999998,3,9,9,9,6,False,False,6,results/transfer_v2/embedding_transfer_summary_v2.csv
hESC,mHSC-GM,lr,f1,scGPT_human,0.5198012,0.284443,0.4349824,0.5784142,0.058613000000000026,0.1505394,7,10,8,1,-6,False,False,6,results/transfer_v2/embedding_transfer_summary_v2.csv
hESC,mHSC-L,lr,f1,minus,0.5144088,0.6397246,0.3993076,0.3519368,-0.162472,-0.240417,3,2,7,9,6,False,True,6,results/transfer_v2/embedding_transfer_summary_v2.csv
hESC,mHSC-L,mlp,f1,baseline,0.5122644000000001,0.5895766,0.4205082,0.5264176,0.014153199999999977,-0.1690684,7,2,5,1,-6,False,False,6,results/transfer_v2/embedding_transfer_summary_v2.csv
hESC,mHSC-L,mlp,f1,scconcept_encoded,0.4750206,0.1777476,0.3800294,0.4950076,0.019986999999999977,0.2022818,9,9,8,3,-6,False,False,6,results/transfer_v2/embedding_transfer_summary_v2.csv
hHep,mDC,lr,f1,cl_scratch_v5,0.2629782,0.5310779999999999,0.259752,0.270573,0.007594800000000013,-0.27132599999999996,9,4,4,3,-6,False,False,6,results/transfer_v2/embedding_transfer_summary_v2.csv
hHep,mDC,lr,f1,v4_bias_rec_best,0.49082380000000003,0.5719802,0.226869,0.227072,-0.26375180000000004,-0.34511120000000006,1,2,7,7,6,True,False,6,results/transfer_v2/embedding_transfer_summary_v2.csv
hHep,mHSC-E,mlp,f1,v4_bias_rec_best,0.4969952,0.2612396,0.5817692,0.5700754,0.07308019999999998,0.32052959999999997,2,9,8,8,6,False,False,6,results/transfer_v2/embedding_transfer_summary_v2.csv
hHep,mHSC-GM,lr,f1,scconcept_encoded,0.410897,0.19610560000000002,0.3577438,0.355743,-0.055154000000000036,0.16163819999999998,7,7,1,1,-6,False,False,6,results/transfer_v2/embedding_transfer_summary_v2.csv
hHep,mHSC-GM,mlp,f1,scconcept,0.3723052,0.13898080000000002,0.221274,0.2541698,-0.1181354,0.08229319999999998,8,8,4,2,-6,False,False,6,results/transfer_v2/embedding_transfer_summary_v2.csv
hHep,mHSC-L,lr,f1,minus,0.3966728,0.5903414,0.029023,0.060322600000000004,-0.3363502,-0.5613184,2,3,9,8,6,False,True,6,results/transfer_v2/embedding_transfer_summary_v2.csv
hHep,mHSC-L,lr,f1,scconcept_encoded,0.3304614,0.6183096,0.2667802,0.2742484,-0.05621300000000001,-0.3515294,7,1,1,1,-6,False,False,6,results/transfer_v2/embedding_transfer_summary_v2.csv
hHep,mHSC-L,mlp,f1,minus,0.310745,0.227122,0.0164788,0.02591,-0.284835,-0.2106432,3,8,10,9,6,False,False,6,results/transfer_v2/embedding_transfer_summary_v2.csv
mDC,hESC,mlp,f1,scGPT_human,0.1089418,0.014230999999999999,0.36212300000000003,0.3747298,0.265788,0.34789200000000003,8,10,2,2,-6,False,False,8,results/transfer_v2/embedding_transfer_summary_v2.csv
mDC,hESC,mlp,f1,scconcept_encoded,0.3160658,0.3305592,0.364934,0.2974848,-0.018581000000000014,0.03437479999999998,1,1,1,7,6,True,False,6,results/transfer_v2/embedding_transfer_summary_v2.csv
mDC,hHep,lr,f1,scconcept,0.4219192,0.3918714,0.491033,0.4879308,0.0660116,0.09916160000000002,3,4,9,9,6,False,False,6,results/transfer_v2/embedding_transfer_summary_v2.csv
mDC,hHep,lr,f1,v4_type_pe_best,0.2558278,0.3589676,0.5112958,0.508644,0.2528162,0.15232819999999997,10,5,4,4,-6,False,False,6,results/transfer_v2/embedding_transfer_summary_v2.csv
mDC,mESC,mlp,f1,v4_bias_rec_best,0.0,0.0,0.236111,0.472222,0.472222,0.236111,8,7,7,2,-6,False,False,6,results/transfer_v2/embedding_transfer_summary_v2.csv
mDC,mHSC-E,lr,f1,v4_bias_rec_best,0.2505228,0.3233,0.3787432,0.4204336,0.16991080000000003,0.055443200000000026,10,5,7,4,-6,False,False,6,results/transfer_v2/embedding_transfer_summary_v2.csv
mDC,mHSC-L,lr,f1,baseline,0.4199544,0.2318796,0.3033464,0.218393,-0.2015614,0.07146680000000002,3,6,8,9,6,False,False,6,results/transfer_v2/embedding_transfer_summary_v2.csv
mDC,mHSC-L,lr,f1,scconcept_encoded,0.4505202,0.356665,0.3891562,0.3199702,-0.13055,0.0324912,1,1,1,7,6,True,False,6,results/transfer_v2/embedding_transfer_summary_v2.csv
mESC,mDC,mlp,f1,scconcept,0.6218694,0.6670612,0.8015548,0.8072674,0.18539799999999995,0.1344936,3,1,10,9,6,False,True,9,results/transfer_v2/embedding_transfer_summary_v2.csv
mESC,mHSC-L,mlp,f1,scGPT_human,0.627092,0.705821,0.49467880000000003,0.4013972,-0.22569479999999997,-0.2111422,2,1,5,8,6,False,True,6,results/transfer_v2/embedding_transfer_summary_v2.csv
mHSC-E,hHep,lr,f1,baseline,0.7072617999999999,0.6160996,0.76344,0.7878542000000001,0.08059240000000012,0.14734040000000004,2,6,8,8,6,False,False,6,results/transfer_v2/embedding_transfer_summary_v2.csv
mHSC-E,hHep,lr,f1,cl_scratch_v5,0.7244932,0.5896118,0.8352438,0.7899172,0.06542400000000004,0.24563199999999996,1,8,2,7,6,True,False,6,results/transfer_v2/embedding_transfer_summary_v2.csv
mHSC-E,hHep,mlp,f1,cl_v6_fair,0.7453412,0.7479074,0.880201,0.80043,0.05508879999999994,0.1322936,2,4,1,8,6,False,False,6,results/transfer_v2/embedding_transfer_summary_v2.csv
mHSC-E,mDC,lr,f1,cl_scratch_v5,0.5899146000000001,0.6380424,0.5614062,0.39338439999999997,-0.1965302000000001,-0.07663620000000004,1,1,3,7,6,True,False,6,results/transfer_v2/embedding_transfer_summary_v2.csv
mHSC-E,mDC,mlp,f1,baseline,0.4422218,0.42286260000000003,0.5041552,0.182958,-0.2592638,0.08129259999999999,4,4,1,10,6,False,False,6,results/transfer_v2/embedding_transfer_summary_v2.csv
mHSC-GM,hHep,lr,f1,cl_scratch_v5,0.556474,0.5288248,0.6758656,0.5629208,0.006446799999999975,0.14704079999999997,8,8,2,2,-6,False,False,6,results/transfer_v2/embedding_transfer_summary_v2.csv
mHSC-GM,hHep,mlp,f1,v4_plain_best,0.5814134,0.7128726,0.2305008,0.2283354,-0.353078,-0.48237179999999996,8,2,6,2,-6,False,False,6,results/transfer_v2/embedding_transfer_summary_v2.csv
mHSC-GM,mDC,mlp,f1,cl_v6_fair,0.4957336,0.2734222,0.550524,0.5481932,0.05245960000000005,0.2771018,7,8,3,1,-6,False,False,6,results/transfer_v2/embedding_transfer_summary_v2.csv
mHSC-L,hESC,lr,f1,v4_plain_best,0.6265042,0.5767648,0.5028278,0.2859528,-0.34055139999999995,-0.07393699999999992,2,2,1,8,6,False,False,6,results/transfer_v2/embedding_transfer_summary_v2.csv
mHSC-L,hHep,lr,f1,v4_bias_rec_best,0.413273,0.5991763999999999,0.2990462,0.648439,0.235166,-0.30013019999999996,8,3,9,2,-6,False,True,6,results/transfer_v2/embedding_transfer_summary_v2.csv
mHSC-L,hHep,lr,f1,v4_plain_best,0.5688072,0.49901500000000004,0.5854158,0.3534736,-0.21533359999999996,0.0864008,3,6,5,9,6,False,True,6,results/transfer_v2/embedding_transfer_summary_v2.csv
mHSC-L,hHep,mlp,f1,scconcept_encoded,0.3539542,0.4732466,0.2175504,0.270523,-0.08343119999999998,-0.25569620000000004,9,7,9,3,-6,False,True,6,results/transfer_v2/embedding_transfer_summary_v2.csv
mHSC-L,mDC,mlp,f1,cl_scratch_v5,0.6436414,0.5845562,0.5733384,0.51903,-0.12461140000000004,-0.011217799999999944,1,2,5,7,6,True,False,6,results/transfer_v2/embedding_transfer_summary_v2.csv
hESC,mDC,lr,precision_at_k,cl_scratch_v5,0.546,0.5690000000000001,0.426,0.502825,-0.043175000000000074,-0.14300000000000007,4,3,10,10,6,False,True,7,results/transfer_v2/embedding_transfer_summary_v2.csv
hESC,mDC,lr,precision_at_k,scconcept,0.456,0.581,0.593,0.691275,0.23527499999999996,0.01200000000000001,9,1,3,3,-6,False,False,6,results/transfer_v2/embedding_transfer_summary_v2.csv
hESC,mDC,mlp,precision_at_k,cl_scratch_v5,0.5579999999999999,0.454,0.421,0.502825,-0.055174999999999974,-0.03300000000000003,4,6,9,10,6,False,False,6,results/transfer_v2/embedding_transfer_summary_v2.csv
hESC,mESC,mlp,precision_at_k,scGPT_human,0.535,0.515,0.9339999999999999,0.9249999999999999,0.3899999999999999,0.41899999999999993,8,4,1,2,-6,False,False,6,results/transfer_v2/embedding_transfer_summary_v2.csv
hESC,mESC,lr,precision_at_k,cl_scratch_v5,0.556,0.461,0.892,0.883,0.32699999999999996,0.431,2,4,9,8,6,False,False,6,results/transfer_v2/embedding_transfer_summary_v2.csv
hESC,mHSC-E,mlp,precision_at_k,cl_v6_fair,0.684,0.525,0.519,0.552632,-0.13136800000000004,-0.006000000000000005,1,6,5,7,6,True,True,6,results/transfer_v2/embedding_transfer_summary_v2.csv
hESC,mHSC-E,mlp,precision_at_k,scconcept,0.502,0.524,0.46199999999999997,0.617021,0.11502100000000004,-0.062000000000000055,9,7,9,3,-6,False,True,6,results/transfer_v2/embedding_transfer_summary_v2.csv
hESC,mHSC-L,lr,precision_at_k,cl_scratch_v5,0.7,0.609,0.556,0.40678,-0.29322,-0.052999999999999936,2,5,7,8,6,False,False,6,results/transfer_v2/embedding_transfer_summary_v2.csv
hESC,mHSC-L,lr,precision_at_k,minus,0.642,0.568,0.581,0.64557,0.003569999999999962,0.013000000000000012,7,6,2,1,-6,False,False,6,results/transfer_v2/embedding_transfer_summary_v2.csv
hESC,mHSC-L,mlp,precision_at_k,scconcept,0.569,0.466,0.519,0.485437,-0.08356299999999994,0.05299999999999999,10,9,9,4,-6,False,False,6,results/transfer_v2/embedding_transfer_summary_v2.csv
hHep,mDC,lr,precision_at_k,scGPT_human,0.493,0.621,0.78,0.769,0.276,0.15900000000000003,9,2,4,3,-6,False,False,6,results/transfer_v2/embedding_transfer_summary_v2.csv
hHep,mDC,mlp,precision_at_k,baseline,0.59,0.47900000000000004,0.759,0.748,0.15800000000000003,0.27999999999999997,3,7,8,9,6,False,False,6,results/transfer_v2/embedding_transfer_summary_v2.csv
hHep,mESC,mlp,precision_at_k,scconcept,0.532,0.574,0.953,0.963,0.43099999999999994,0.379,7,3,1,1,-6,False,False,6,results/transfer_v2/embedding_transfer_summary_v2.csv
hHep,mHSC-E,lr,precision_at_k,v4_bias_rec_best,0.677,0.666,0.735,0.699187,0.022186999999999957,0.06899999999999995,7,3,8,1,-6,False,False,6,results/transfer_v2/embedding_transfer_summary_v2.csv
hHep,mHSC-E,lr,precision_at_k,v4_plain_best,0.742,0.5619999999999999,0.82,0.381579,-0.360421,0.258,3,8,3,9,6,False,False,6,results/transfer_v2/embedding_transfer_summary_v2.csv
hHep,mHSC-E,mlp,precision_at_k,cl_v6_fair,0.843,0.678,0.781,0.384146,-0.458854,0.10299999999999998,2,1,3,8,6,False,False,6,results/transfer_v2/embedding_transfer_summary_v2.csv
hHep,mHSC-L,lr,precision_at_k,baseline,0.579,0.525,0.401,0.392857,-0.18614299999999995,-0.124,8,8,2,2,-6,False,False,6,results/transfer_v2/embedding_transfer_summary_v2.csv
hHep,mHSC-L,mlp,precision_at_k,baseline,0.63,0.532,0.37,0.392857,-0.237143,-0.16200000000000003,8,8,8,2,-6,False,False,6,results/transfer_v2/embedding_transfer_summary_v2.csv
mDC,hESC,lr,precision_at_k,scconcept_encoded,0.5549999999999999,0.515528,0.237113,0.237113,-0.3178869999999999,-0.27841499999999997,1,5,7,7,6,True,False,6,results/transfer_v2/embedding_transfer_summary_v2.csv
mDC,hESC,mlp,precision_at_k,scconcept_encoded,0.582,0.515528,0.237113,0.237113,-0.34488699999999994,-0.27841499999999997,1,5,7,7,6,True,False,6,results/transfer_v2/embedding_transfer_summary_v2.csv
mDC,hHep,lr,precision_at_k,cl_scratch_v5,0.41,0.459,0.385,0.385,-0.024999999999999967,-0.07400000000000001,7,9,1,1,-6,False,False,8,results/transfer_v2/embedding_transfer_summary_v2.csv
mDC,hHep,lr,precision_at_k,v4_plain_best,0.317,0.476,0.384,0.381,0.064,-0.09199999999999997,10,8,4,4,-6,False,False,6,results/transfer_v2/embedding_transfer_summary_v2.csv
mDC,hHep,mlp,precision_at_k,cl_v6_fair,0.428,0.555,0.378,0.379,-0.04899999999999999,-0.17700000000000005,8,3,2,2,-6,False,False,6,results/transfer_v2/embedding_transfer_summary_v2.csv
mDC,hHep,mlp,precision_at_k,scconcept,0.541,0.625,0.344,0.338,-0.203,-0.281,3,1,9,9,6,False,True,8,results/transfer_v2/embedding_transfer_summary_v2.csv
mDC,hHep,mlp,precision_at_k,v4_type_pe_best,0.394,0.524,0.374,0.373,-0.02100000000000002,-0.15000000000000002,9,7,4,3,-6,False,False,6,results/transfer_v2/embedding_transfer_summary_v2.csv
mDC,mHSC-E,lr,precision_at_k,v4_plain_best,0.31,0.395,0.414,0.427835,0.11783500000000002,0.01899999999999996,10,10,4,4,-6,False,False,6,results/transfer_v2/embedding_transfer_summary_v2.csv
mDC,mHSC-E,mlp,precision_at_k,cl_v6_fair,0.527,0.529412,0.46,0.381,-0.14600000000000002,-0.06941199999999997,1,6,2,7,6,True,False,6,results/transfer_v2/embedding_transfer_summary_v2.csv
mDC,mHSC-L,lr,precision_at_k,v4_bias_rec_best,0.367,0.4,0.304,0.421,0.05399999999999999,-0.09600000000000003,10,10,10,4,-6,False,False,6,results/transfer_v2/embedding_transfer_summary_v2.csv
mDC,mHSC-L,mlp,precision_at_k,baseline,0.434,0.605,0.33,0.340541,-0.09345900000000001,-0.27499999999999997,3,1,9,9,6,False,False,8,results/transfer_v2/embedding_transfer_summary_v2.csv
mESC,hESC,lr,precision_at_k,cl_v6_fair,0.546,,0.397,0.351,-0.19500000000000006,,2,,2,8,6,False,False,6,results/transfer_v2/embedding_transfer_summary_v2.csv
mESC,hESC,lr,precision_at_k,scconcept,0.47,,0.348,0.382,-0.08799999999999997,,9,,6,3,-6,False,False,6,results/transfer_v2/embedding_transfer_summary_v2.csv
mESC,mDC,mlp,precision_at_k,cl_scratch_v5,0.515,0.508,0.875,0.693548,0.17854800000000004,0.367,4,6,10,10,6,False,True,6,results/transfer_v2/embedding_transfer_summary_v2.csv
mESC,mDC,mlp,precision_at_k,v4_plain_best,0.486,0.443,0.904,0.953704,0.467704,0.461,8,10,4,2,-6,False,False,6,results/transfer_v2/embedding_transfer_summary_v2.csv
mESC,mHSC-GM,mlp,precision_at_k,v4_plain_best,0.515,0.495,0.231,0.326531,-0.188469,-0.264,8,8,7,2,-6,False,False,6,results/transfer_v2/embedding_transfer_summary_v2.csv
mHSC-E,hESC,lr,precision_at_k,cl_scratch_v5,0.62,0.362319,0.368932,0.383838,-0.23616199999999998,0.00661299999999998,7,10,2,1,-6,False,False,8,results/transfer_v2/embedding_transfer_summary_v2.csv
mHSC-E,hESC,lr,precision_at_k,v4_plain_best,0.689,0.431818,0.368932,0.368932,-0.32006799999999996,-0.062886,3,8,9,9,6,False,False,6,results/transfer_v2/embedding_transfer_summary_v2.csv
mHSC-E,mDC,mlp,precision_at_k,baseline,0.592,0.512195,0.497,0.46,-0.13199999999999995,-0.015194999999999959,3,5,7,9,6,False,False,6,results/transfer_v2/embedding_transfer_summary_v2.csv
mHSC-E,mESC,mlp,precision_at_k,minus,0.525,0.412698,,0.875,0.35,,8,3,,2,-6,False,False,6,results/transfer_v2/embedding_transfer_summary_v2.csv
mHSC-GM,hESC,lr,precision_at_k,baseline,0.644,0.617021,0.368932,0.368932,-0.27506800000000003,-0.24808900000000006,8,4,1,2,-6,False,False,6,results/transfer_v2/embedding_transfer_summary_v2.csv
mHSC-GM,hESC,lr,precision_at_k,v4_plain_best,0.752,0.458333,0.368932,0.368932,-0.383068,-0.08940100000000001,2,7,9,8,6,False,False,6,results/transfer_v2/embedding_transfer_summary_v2.csv
mHSC-GM,hESC,mlp,precision_at_k,v4_bias_rec_best,0.751,0.591837,0.368932,0.340206,-0.410794,-0.22290499999999996,4,5,8,10,6,False,False,6,results/transfer_v2/embedding_transfer_summary_v2.csv
mHSC-GM,mDC,lr,precision_at_k,v4_plain_best,0.637,0.431373,0.471,0.462,-0.175,0.03962699999999997,4,8,6,10,6,False,False,6,results/transfer_v2/embedding_transfer_summary_v2.csv
mHSC-GM,mDC,mlp,precision_at_k,scconcept_encoded,0.674,0.698413,0.461,0.46,-0.21400000000000002,-0.23741299999999993,3,1,9,9,6,False,True,8,results/transfer_v2/embedding_transfer_summary_v2.csv
mHSC-L,hESC,lr,precision_at_k,v4_type_pe_best,0.645,0.603175,0.368932,0.368932,-0.27606800000000004,-0.23424300000000003,4,2,10,10,6,False,False,8,results/transfer_v2/embedding_transfer_summary_v2.csv
mHSC-L,hESC,mlp,precision_at_k,v4_bias_rec_best,0.79,0.322581,0.368932,0.368932,-0.42106800000000005,0.046350999999999976,2,9,8,8,6,False,False,6,results/transfer_v2/embedding_transfer_summary_v2.csv
mHSC-L,hHep,lr,precision_at_k,cl_v6_fair,0.48,0.649123,0.529412,0.529412,0.04941200000000001,-0.11971100000000001,9,1,3,3,-6,False,False,6,results/transfer_v2/embedding_transfer_summary_v2.csv
mHSC-L,mDC,lr,precision_at_k,cl_scratch_v5,0.633,0.595506,0.46499999999999997,0.45,-0.183,-0.130506,4,2,6,10,6,False,True,6,results/transfer_v2/embedding_transfer_summary_v2.csv
hESC,mDC,lr,auprc,cl_scratch_v5,0.5185346,0.6239134,0.5116476,0.374468,-0.14406659999999993,-0.11226579999999997,5,1,10,10,5,False,True,9,results/transfer_v2/embedding_transfer_summary_v2.csv
hESC,mDC,lr,auprc,scconcept,0.486219,0.5763716,0.6037664,0.6777574,0.19153839999999994,0.027394800000000052,7,4,3,2,-5,False,False,5,results/transfer_v2/embedding_transfer_summary_v2.csv
hESC,mDC,mlp,auprc,cl_scratch_v5,0.527187,0.4687326,0.5041434,0.38904859999999997,-0.1381384,0.03541080000000002,5,6,9,10,5,False,False,5,results/transfer_v2/embedding_transfer_summary_v2.csv
hESC,mHSC-E,lr,auprc,v4_type_pe_best,0.5504122,0.7614834,0.5211024,0.396756,-0.15365620000000002,-0.24038100000000007,5,1,8,10,5,False,True,7,results/transfer_v2/embedding_transfer_summary_v2.csv
hESC,mHSC-E,mlp,auprc,cl_v6_fair,0.5998734,0.5270192,0.5244172,0.5404002,-0.059473200000000004,-0.002601999999999993,1,6,6,6,5,True,True,5,results/transfer_v2/embedding_transfer_summary_v2.csv
hESC,mHSC-E,mlp,auprc,v4_type_pe_best,0.554569,0.772806,0.5249612,0.41035,-0.14421899999999999,-0.24784479999999998,5,1,5,10,5,False,True,5,results/transfer_v2/embedding_transfer_summary_v2.csv
hESC,mHSC-GM,lr,auprc,v4_bias_rec_best,0.6531108,0.7841012,0.5208268,0.5558682,-0.09724259999999996,-0.2632744,7,1,8,2,-5,False,True,7,results/transfer_v2/embedding_transfer_summary_v2.csv
hESC,mHSC-GM,mlp,auprc,v4_type_pe_best,0.7157922,0.5954578,0.55065,0.4699602,-0.245832,-0.044807800000000064,5,5,6,10,5,False,False,5,results/transfer_v2/embedding_transfer_summary_v2.csv
hESC,mHSC-L,lr,auprc,minus,0.5954486,0.5560238,0.580646,0.7098562,0.11440760000000005,0.02462220000000004,6,7,3,1,-5,False,False,5,results/transfer_v2/embedding_transfer_summary_v2.csv
hESC,mHSC-L,mlp,auprc,cl_scratch_v5,0.6542612,0.6173758,0.5617268,0.5579196,-0.09634160000000003,-0.05564900000000006,4,4,8,9,5,False,True,5,results/transfer_v2/embedding_transfer_summary_v2.csv
hHep,hESC,mlp,auprc,cl_scratch_v5,0.6577546,0.7340312,0.5631296,0.5646252,-0.09312939999999992,-0.1709016,6,1,3,1,-5,False,True,5,results/transfer_v2/embedding_transfer_summary_v2.csv
hHep,mDC,lr,auprc,minus,0.502443,0.4945866,0.8231782,0.819392,0.31694900000000004,0.3285916,9,7,4,4,-5,False,False,5,results/transfer_v2/embedding_transfer_summary_v2.csv
hHep,mESC,lr,auprc,cl_scratch_v5,0.5158678,,0.9325188,0.9323382,0.4164704,,1,,4,6,5,True,False,5,results/transfer_v2/embedding_transfer_summary_v2.csv
hHep,mESC,lr,auprc,scconcept_encoded,0.5139654,,0.9341398,0.9343222,0.4203568,,6,,2,1,-5,False,False,5,results/transfer_v2/embedding_transfer_summary_v2.csv
hHep,mESC,mlp,auprc,cl_scratch_v5,0.5136188,,0.932301,0.9322662,0.4186474,,4,,7,9,5,False,False,7,results/transfer_v2/embedding_transfer_summary_v2.csv
hHep,mESC,mlp,auprc,scGPT_human,0.5115964,0.4369378,0.9324396,0.9323356,0.4207392000000001,0.49550180000000005,10,8,5,5,-5,False,False,5,results/transfer_v2/embedding_transfer_summary_v2.csv
hHep,mHSC-E,lr,auprc,cl_v6_fair,0.6696938,0.6575948,0.8520472,0.8051356,0.13544179999999995,0.19445239999999997,2,6,3,7,5,False,False,5,results/transfer_v2/embedding_transfer_summary_v2.csv
hHep,mHSC-E,lr,auprc,minus,0.6084604,0.672626,0.8681638,0.9016102,0.2931498,0.1955378000000001,8,5,1,3,-5,False,False,5,results/transfer_v2/embedding_transfer_summary_v2.csv
hHep,mHSC-E,lr,auprc,scGPT_human,0.688249,0.6363322,0.8296938,0.8608404,0.17259139999999995,0.19336160000000002,1,8,5,6,5,True,False,5,results/transfer_v2/embedding_transfer_summary_v2.csv
hHep,mHSC-E,mlp,auprc,cl_v6_fair,0.7437374,0.6824386,0.8203,0.7878196,0.04408219999999996,0.13786140000000002,2,3,4,7,5,False,False,5,results/transfer_v2/embedding_transfer_summary_v2.csv
hHep,mHSC-E,mlp,auprc,minus,0.714155,0.6637064,0.8528249999999999,0.8886002000000001,0.17444520000000008,0.18911859999999991,7,6,1,2,-5,False,False,5,results/transfer_v2/embedding_transfer_summary_v2.csv
hHep,mHSC-GM,lr,auprc,v4_bias_rec_best,0.6649316,0.7020742,0.3969044,0.5948596,-0.07007199999999991,-0.3051698,6,7,4,1,-5,False,False,5,results/transfer_v2/embedding_transfer_summary_v2.csv
mDC,hESC,lr,auprc,v4_bias_rec_best,0.4611552,0.45566239999999997,0.2568304,0.2622982,-0.198857,-0.19883199999999995,7,5,5,2,-5,False,False,5,results/transfer_v2/embedding_transfer_summary_v2.csv
mDC,hESC,lr,auprc,v4_type_pe_best,0.4714452,0.472188,0.2053276,0.1764272,-0.295018,-0.2668604,5,4,9,10,5,False,False,5,results/transfer_v2/embedding_transfer_summary_v2.csv
mDC,hHep,mlp,auprc,cl_scratch_v5,0.4825306,0.4853484,0.5918924,0.5934699999999999,0.11093939999999997,0.10654399999999997,7,7,3,2,-5,False,False,5,results/transfer_v2/embedding_transfer_summary_v2.csv
mDC,mHSC-E,lr,auprc,baseline,0.460681,0.4894538,0.4007448,0.338953,-0.121728,-0.08870899999999998,4,7,6,9,5,False,False,5,results/transfer_v2/embedding_transfer_summary_v2.csv
mDC,mHSC-E,lr,auprc,scconcept_encoded,0.457351,0.531251,0.36687,0.2591124,-0.1982386,-0.16438100000000005,5,5,9,10,5,False,True,5,results/transfer_v2/embedding_transfer_summary_v2.csv
mDC,mHSC-E,lr,auprc,v4_type_pe_best,0.4983174,0.4227852,0.3583704,0.3943674,-0.10395000000000004,-0.06441480000000005,3,9,10,8,5,False,False,5,results/transfer_v2/embedding_transfer_summary_v2.csv
mDC,mHSC-L,lr,auprc,scconcept_encoded,0.4991934,0.43659200000000004,0.3376512,0.2897468,-0.20944659999999998,-0.09894080000000005,4,6,9,9,5,False,False,5,results/transfer_v2/embedding_transfer_summary_v2.csv
mDC,mHSC-L,lr,auprc,v4_plain_best,0.4571858,0.5848842,0.3387634,0.4002302,-0.056955599999999995,-0.24612079999999997,9,1,8,4,-5,False,True,7,results/transfer_v2/embedding_transfer_summary_v2.csv
mDC,mHSC-L,mlp,auprc,baseline,0.4652044,0.6653068,0.3651356,0.3032062,-0.16199820000000004,-0.30017119999999997,5,1,8,10,5,False,False,7,results/transfer_v2/embedding_transfer_summary_v2.csv
mESC,hESC,lr,auprc,cl_v6_fair,0.5401304,,0.40117359999999996,0.3828242,-0.1573062,,1,,1,6,5,True,False,5,results/transfer_v2/embedding_transfer_summary_v2.csv
mESC,mHSC-L,mlp,auprc,v4_bias_rec_best,0.5079397999999999,0.446973,0.358168,0.5605066000000001,0.052566800000000136,-0.08880500000000002,6,10,4,1,-5,False,False,6,results/transfer_v2/embedding_transfer_summary_v2.csv
mESC,mHSC-L,mlp,auprc,v4_type_pe_best,0.5119132,0.49129659999999997,0.335838,0.3280028,-0.18391039999999997,-0.15545859999999995,2,7,9,7,5,False,False,5,results/transfer_v2/embedding_transfer_summary_v2.csv
mHSC-E,hESC,lr,auprc,scGPT_human,0.6296582,0.6254278,0.3056258,0.3120584,-0.31759979999999993,-0.319802,5,5,8,10,5,False,True,5,results/transfer_v2/embedding_transfer_summary_v2.csv
mHSC-E,hESC,lr,auprc,v4_bias_rec_best,0.6477084,0.6733702,0.3687822,0.3358134,-0.311895,-0.304588,1,3,2,6,5,True,False,5,results/transfer_v2/embedding_transfer_summary_v2.csv
mHSC-E,hESC,mlp,auprc,scGPT_human,0.6214988,0.6631078,0.3039468,0.2888408,-0.332658,-0.359161,5,3,9,10,5,False,True,6,results/transfer_v2/embedding_transfer_summary_v2.csv
mHSC-E,hHep,lr,auprc,cl_scratch_v5,0.7727156,0.5486464,0.9430417999999999,0.9290006,0.156285,0.39439539999999995,1,10,2,6,5,True,False,8,results/transfer_v2/embedding_transfer_summary_v2.csv
mHSC-E,hHep,lr,auprc,cl_v6_fair,0.7514018,0.791898,0.9209508,0.927651,0.1762492,0.12905279999999997,2,4,7,7,5,False,True,5,results/transfer_v2/embedding_transfer_summary_v2.csv
mHSC-E,hHep,mlp,auprc,minus,0.778711,0.8982106,0.9643596,0.9571586,0.17844759999999993,0.06614900000000001,7,1,1,2,-5,False,False,5,results/transfer_v2/embedding_transfer_summary_v2.csv
mHSC-E,mDC,mlp,auprc,minus,0.4991194,0.6004794,0.4838542,0.5618496000000001,0.06273020000000007,-0.11662519999999998,9,2,8,4,-5,False,False,6,results/transfer_v2/embedding_transfer_summary_v2.csv
mHSC-GM,hESC,lr,auprc,v4_plain_best,0.7050982,0.5005066,0.5300462,0.47787,-0.2272282,0.0295396,1,9,3,6,5,True,False,6,results/transfer_v2/embedding_transfer_summary_v2.csv
mHSC-GM,hESC,lr,auprc,v4_type_pe_best,0.6967952000000001,0.5327398,0.4601006,0.4306806,-0.26611460000000003,-0.07263919999999996,2,8,6,7,5,False,False,5,results/transfer_v2/embedding_transfer_summary_v2.csv
mHSC-GM,mDC,lr,auprc,cl_v6_fair,0.6218752,0.3745248,0.6088938,0.5072778,-0.11459739999999996,0.23436900000000005,2,9,3,7,5,False,False,6,results/transfer_v2/embedding_transfer_summary_v2.csv
mHSC-GM,mDC,lr,auprc,scconcept_encoded,0.5422437999999999,0.766647,0.5219718,0.4774426,-0.06480119999999995,-0.24467519999999998,5,1,8,10,5,False,True,7,results/transfer_v2/embedding_transfer_summary_v2.csv
mHSC-GM,mDC,lr,auprc,v4_type_pe_best,0.5259866,0.5064716,0.6204184,0.666856,0.14086940000000003,0.11394680000000001,6,6,1,1,-5,False,False,5,results/transfer_v2/embedding_transfer_summary_v2.csv
mHSC-GM,mESC,mlp,auprc,scGPT_human,0.5148619999999999,0.494223,,0.875,0.36013800000000007,,8,3,,3,-5,False,False,5,results/transfer_v2/embedding_transfer_summary_v2.csv
mHSC-L,hESC,lr,auprc,scconcept,0.521605,0.2528376,0.381117,0.4956248,-0.02598020000000001,0.1282794,9,10,9,4,-5,False,False,5,results/transfer_v2/embedding_transfer_summary_v2.csv
mHSC-L,hHep,lr,auprc,v4_plain_best,0.6033538,0.5152213999999999,0.6263996000000001,0.521589,-0.08176480000000008,0.11117820000000012,5,8,5,10,5,False,True,5,results/transfer_v2/embedding_transfer_summary_v2.csv
mHSC-L,hHep,mlp,auprc,v4_plain_best,0.6521440000000001,0.6197895999999999,0.574485,0.4569972,-0.19514680000000006,-0.04530459999999992,5,5,7,10,5,False,False,5,results/transfer_v2/embedding_transfer_summary_v2.csv
mHSC-L,mDC,lr,auprc,cl_scratch_v5,0.575198,0.6463846,0.5103696,0.461194,-0.114004,-0.136015,4,3,5,9,5,False,False,5,results/transfer_v2/embedding_transfer_summary_v2.csv
mHSC-L,mDC,lr,auprc,scGPT_human,0.51511,0.5794334,0.5534736,0.4911862,-0.02392379999999994,-0.025959799999999977,10,6,2,5,-5,False,False,5,results/transfer_v2/embedding_transfer_summary_v2.csv
mHSC-L,mDC,lr,auprc,v4_type_pe_best,0.6161844,0.5647206,0.5240378,0.47321640000000004,-0.14296799999999993,-0.04068280000000002,2,7,4,7,5,False,False,5,results/transfer_v2/embedding_transfer_summary_v2.csv
mHSC-L,mDC,mlp,auprc,scconcept_encoded,0.56533,0.5207222,0.5194998,0.5205332,-0.04479679999999997,-0.0012224000000000679,3,6,10,8,5,False,False,5,results/transfer_v2/embedding_transfer_summary_v2.csv
hESC,hHep,mlp,auroc,scGPT_human,0.5718333999999999,0.5400032,0.4555518,0.4411708,-0.13066259999999996,-0.08445140000000001,5,9,10,10,5,False,False,5,results/transfer_v2/embedding_transfer_summary_v2.csv
hESC,hHep,mlp,auroc,scconcept,0.5112246,0.5743764,0.5131122,0.5124786,0.0012539999999999774,-0.06126419999999999,9,6,4,4,-5,False,True,5,results/transfer_v2/embedding_transfer_summary_v2.csv
hESC,mDC,lr,auroc,baseline,0.5723154,0.4676224,0.4319678,0.3279712,-0.2443442,-0.03565459999999998,2,7,6,7,5,False,False,5,results/transfer_v2/embedding_transfer_summary_v2.csv
hESC,mDC,lr,auroc,cl_scratch_v5,0.4853674,0.582145,0.343128,0.2783328,-0.2070346,-0.23901700000000003,5,2,10,10,5,False,True,8,results/transfer_v2/embedding_transfer_summary_v2.csv
hESC,mDC,lr,auroc,cl_v6_fair,0.580149,0.4677666,0.4046288,0.3938552,-0.1862938,-0.06313779999999997,1,6,7,6,5,True,True,5,results/transfer_v2/embedding_transfer_summary_v2.csv
hESC,mDC,mlp,auroc,cl_v6_fair,0.5711142,0.4184934,0.3272084,0.3261854,-0.2449288,-0.091285,2,6,8,7,5,False,False,5,results/transfer_v2/embedding_transfer_summary_v2.csv
hESC,mDC,mlp,auroc,minus,0.3657888,0.4050512,0.3679454,0.338125,-0.027663800000000016,-0.03710580000000002,10,7,7,5,-5,False,False,5,results/transfer_v2/embedding_transfer_summary_v2.csv
hESC,mDC,mlp,auroc,scconcept,0.4275992,0.46667580000000003,0.490605,0.49544119999999997,0.06784199999999996,0.023929199999999984,7,4,3,2,-5,False,False,5,results/transfer_v2/embedding_transfer_summary_v2.csv
hESC,mDC,mlp,auroc,v4_plain_best,0.4131176,0.36265060000000005,0.368988,0.4625362,0.049418600000000035,0.0063373999999999375,8,10,6,3,-5,False,False,5,results/transfer_v2/embedding_transfer_summary_v2.csv
hESC,mHSC-GM,lr,auroc,baseline,0.6367664,0.7148556,0.6696234,0.6942422,0.05747580000000008,-0.045232200000000056,8,2,4,3,-5,False,False,5,results/transfer_v2/embedding_transfer_summary_v2.csv
hESC,mHSC-GM,lr,auroc,scGPT_human,0.6686012,0.6196202,0.681646,0.8179324,0.1493312,0.06202580000000002,6,6,2,1,-5,False,False,5,results/transfer_v2/embedding_transfer_summary_v2.csv
hESC,mHSC-GM,mlp,auroc,baseline,0.713855,0.7128314,0.6918876,0.7565216,0.0426666,-0.020943799999999957,6,2,1,1,-5,False,False,5,results/transfer_v2/embedding_transfer_summary_v2.csv
hESC,mHSC-L,lr,auroc,cl_scratch_v5,0.6395364,0.6485864,0.5861572,0.5811904,-0.05834600000000001,-0.06242919999999996,2,5,6,7,5,False,False,5,results/transfer_v2/embedding_transfer_summary_v2.csv
hESC,mHSC-L,lr,auroc,v4_bias_rec_best,0.6089358,0.6939846,0.5702032,0.5181290000000001,-0.09080679999999997,-0.12378139999999993,5,1,8,10,5,False,True,7,results/transfer_v2/embedding_transfer_summary_v2.csv
hESC,mHSC-L,mlp,auroc,scconcept_encoded,0.5451804,0.4069608,0.5303869999999999,0.6555340000000001,0.11035360000000005,0.12342619999999993,9,10,10,4,-5,False,False,5,results/transfer_v2/embedding_transfer_summary_v2.csv
hESC,mHSC-L,mlp,auroc,v4_plain_best,0.6288682,0.6426658,0.6362892,0.6743468,0.045478600000000036,-0.0063765999999999545,8,3,1,3,-5,False,False,5,results/transfer_v2/embedding_transfer_summary_v2.csv
hHep,mDC,lr,auroc,scconcept,0.5323268,0.520027,0.6118568,0.6038548,0.07152800000000004,0.09182979999999996,4,4,8,9,5,False,True,5,results/transfer_v2/embedding_transfer_summary_v2.csv
hHep,mDC,mlp,auroc,cl_scratch_v5,0.5148368,0.5290162,0.7850734,0.7810572,0.2662204,0.2560572,7,4,2,2,-5,False,False,5,results/transfer_v2/embedding_transfer_summary_v2.csv
hHep,mDC,mlp,auroc,scGPT_human,0.5024542,0.5485738,0.7252206,0.7229358,0.22048160000000006,0.1766468,8,3,3,3,-5,False,False,5,results/transfer_v2/embedding_transfer_summary_v2.csv
hHep,mESC,lr,auroc,cl_scratch_v5,0.4982524,,0.4947658,0.4933884,-0.0048639999999999795,,1,,4,6,5,True,False,5,results/transfer_v2/embedding_transfer_summary_v2.csv
hHep,mESC,mlp,auroc,cl_scratch_v5,0.4957138,,0.493113,0.49283760000000004,-0.00287619999999994,,4,,7,9,5,False,False,7,results/transfer_v2/embedding_transfer_summary_v2.csv
hHep,mHSC-GM,mlp,auroc,scconcept_encoded,0.5908198,0.574701,0.7064042,0.6771074,0.08628760000000002,0.13170320000000002,9,9,2,4,-5,False,False,7,results/transfer_v2/embedding_transfer_summary_v2.csv
hHep,mHSC-L,lr,auroc,baseline,0.595349,0.5941632,0.6381188,0.6338824,0.03853339999999994,0.043955599999999984,8,7,2,3,-5,False,False,5,results/transfer_v2/embedding_transfer_summary_v2.csv
hHep,mHSC-L,lr,auroc,cl_scratch_v5,0.6422078,0.6122802,0.6377406,0.5908712,-0.051336599999999954,0.02546039999999994,2,6,3,7,5,False,True,5,results/transfer_v2/embedding_transfer_summary_v2.csv
hHep,mHSC-L,lr,auroc,minus,0.6229466,0.6429008,0.6384088,0.6674502,0.044503599999999977,-0.0044920000000000515,6,4,1,1,-5,False,False,5,results/transfer_v2/embedding_transfer_summary_v2.csv
hHep,mHSC-L,lr,auroc,scGPT_human,0.6560104,0.5775498,0.5995276,0.6070084,-0.04900199999999999,0.021977800000000047,1,8,8,6,5,True,False,5,results/transfer_v2/embedding_transfer_summary_v2.csv
hHep,mHSC-L,lr,auroc,v4_plain_best,0.6189842,0.6520618,0.6228644,0.647265,0.028280799999999995,-0.02919740000000004,7,3,7,2,-5,False,True,5,results/transfer_v2/embedding_transfer_summary_v2.csv
mDC,hESC,lr,auroc,cl_v6_fair,0.3868988,0.4299894,0.380846,0.453114,0.06621520000000003,-0.049143400000000004,10,7,9,5,-5,False,True,5,results/transfer_v2/embedding_transfer_summary_v2.csv
mDC,hESC,lr,auroc,v4_plain_best,0.3873224,0.311098,0.4820212,0.4736778,0.08635539999999997,0.1709232,9,10,6,4,-5,False,False,5,results/transfer_v2/embedding_transfer_summary_v2.csv
mDC,hESC,lr,auroc,v4_type_pe_best,0.446909,0.4306694,0.3641598,0.3822638,-0.06464520000000001,-0.0665096,5,6,10,10,5,False,True,5,results/transfer_v2/embedding_transfer_summary_v2.csv
mDC,hHep,mlp,auroc,scconcept,0.517668,0.5117184,0.6066566,0.5822592,0.06459119999999996,0.09493819999999997,3,4,7,8,5,False,False,5,results/transfer_v2/embedding_transfer_summary_v2.csv
mDC,mESC,mlp,auroc,v4_type_pe_best,0.49224060000000003,0.4794602,0.459559,0.5,0.007759399999999972,-0.019901200000000008,9,9,8,4,-5,False,False,5,results/transfer_v2/embedding_transfer_summary_v2.csv
mDC,mHSC-E,mlp,auroc,minus,0.3784448,0.4211546,0.5606026,0.6022652000000001,0.22382040000000003,0.13944799999999996,10,9,7,5,-5,False,False,5,results/transfer_v2/embedding_transfer_summary_v2.csv
mDC,mHSC-E,mlp,auroc,v4_type_pe_best,0.5107178,0.5225571999999999,0.5742966,0.563566,0.05284820000000001,0.0517394000000001,3,3,5,8,5,False,False,5,results/transfer_v2/embedding_transfer_summary_v2.csv
mDC,mHSC-L,lr,auroc,v4_plain_best,0.426725,0.4917324,0.4468944,0.4576504,0.030925399999999992,-0.04483799999999999,9,1,8,4,-5,False,True,7,results/transfer_v2/embedding_transfer_summary_v2.csv
mDC,mHSC-L,mlp,auroc,minus,0.3849514,0.4628048,0.48328340000000003,0.47691,0.0919586,0.020478600000000013,10,6,7,5,-5,False,False,5,results/transfer_v2/embedding_transfer_summary_v2.csv
mESC,hESC,mlp,auroc,scconcept_encoded,0.4748014,0.5717296000000001,0.501724,0.5025,0.027698599999999962,-0.07000560000000011,7,1,1,2,-5,False,False,5,results/transfer_v2/embedding_transfer_summary_v2.csv
mESC,hHep,lr,auroc,v4_plain_best,0.4708278,,0.528011,0.5695912,0.09876339999999995,,6,,2,1,-5,False,False,5,results/transfer_v2/embedding_transfer_summary_v2.csv
mESC,mDC,mlp,auroc,v4_bias_rec_best,0.463814,0.5128532,0.5374978,0.4712088,0.007394799999999979,0.024644600000000016,10,2,5,5,-5,False,True,5,results/transfer_v2/embedding_transfer_summary_v2.csv
mESC,mDC,mlp,auroc,v4_type_pe_best,0.4736992,0.48493020000000003,0.4926234,0.5004854,0.026786199999999982,0.007693199999999956,9,8,7,4,-5,False,False,5,results/transfer_v2/embedding_transfer_summary_v2.csv
mESC,mHSC-GM,mlp,auroc,minus,0.5136288,0.5309874,0.4729444,0.4928856,-0.020743200000000017,-0.05804300000000001,3,2,10,8,5,False,False,8,results/transfer_v2/embedding_transfer_summary_v2.csv
mESC,mHSC-L,mlp,auroc,baseline,0.5052492,0.5478712,0.51193,0.4466666,-0.05858259999999993,-0.035941200000000006,4,1,4,9,5,False,False,5,results/transfer_v2/embedding_transfer_summary_v2.csv
mESC,mHSC-L,mlp,auroc,cl_v6_fair,0.5041746,0.4735516,0.488717,0.4160714,-0.08810320000000005,0.015165399999999996,5,9,9,10,5,False,False,5,results/transfer_v2/embedding_transfer_summary_v2.csv
mHSC-E,hESC,lr,auroc,v4_bias_rec_best,0.6465938,0.643887,0.5123888,0.4709312,-0.1756626,-0.1314982,1,4,2,6,5,True,False,5,results/transfer_v2/embedding_transfer_summary_v2.csv
mHSC-E,hHep,mlp,auroc,cl_v6_fair,0.8040454,0.7966564,0.9413582,0.8958164,0.09177099999999994,0.1447018,2,3,2,7,5,False,False,5,results/transfer_v2/embedding_transfer_summary_v2.csv
mHSC-E,mDC,lr,auroc,cl_scratch_v5,0.6917842,0.4420572,0.6624952,0.5749848,-0.1167994,0.22043799999999997,1,6,3,6,5,True,False,5,results/transfer_v2/embedding_transfer_summary_v2.csv
mHSC-E,mDC,lr,auroc,scGPT_human,0.4998854,0.3532882,0.6719034,0.6508526,0.15096720000000002,0.31861520000000004,6,8,2,1,-5,False,False,6,results/transfer_v2/embedding_transfer_summary_v2.csv
mHSC-GM,hESC,lr,auroc,v4_type_pe_best,0.7117722,0.6151196,0.5497976,0.5132796000000001,-0.1984925999999999,-0.06532199999999999,2,6,6,7,5,False,False,5,results/transfer_v2/embedding_transfer_summary_v2.csv
mHSC-GM,hHep,mlp,auroc,v4_plain_best,0.7425674,0.7425018,0.8110426000000001,0.7746571999999999,0.032089799999999946,0.06854080000000007,7,5,3,2,-5,False,False,5,results/transfer_v2/embedding_transfer_summary_v2.csv
mHSC-GM,mDC,lr,auroc,scconcept_encoded,0.5260954,0.5622906,0.5454753999999999,0.5104304,-0.01566500000000004,-0.01681520000000003,5,2,6,10,5,False,False,5,results/transfer_v2/embedding_transfer_summary_v2.csv
mHSC-L,hHep,lr,auroc,scGPT_human,0.6315962,0.716875,0.692764,0.5983194000000001,-0.033276799999999995,-0.024110999999999994,2,1,2,7,5,False,False,5,results/transfer_v2/embedding_transfer_summary_v2.csv
mHSC-L,hHep,lr,auroc,v4_plain_best,0.5712212,0.5677947999999999,0.648937,0.4990398,-0.0721814,0.08114220000000005,5,7,5,10,5,False,True,5,results/transfer_v2/embedding_transfer_summary_v2.csv
mHSC-L,hHep,mlp,auroc,v4_plain_best,0.6517568,0.6852308,0.613443,0.4038408,-0.24791600000000003,-0.07178780000000007,5,4,6,10,5,False,False,5,results/transfer_v2/embedding_transfer_summary_v2.csv
hESC,mDC,lr,balanced_accuracy,minus,0.4463994,0.417451,0.4769184,0.4395832,-0.0068161999999999945,0.059467400000000004,9,10,4,4,-5,False,False,6,results/transfer_v2/embedding_transfer_summary_v2.csv
hESC,mDC,lr,balanced_accuracy,scconcept,0.4633926,0.5315004,0.49872299999999997,0.5,0.03660740000000001,-0.03277740000000001,8,3,3,3,-5,False,False,5,results/transfer_v2/embedding_transfer_summary_v2.csv
hESC,mDC,mlp,balanced_accuracy,minus,0.4156494,0.4440534,0.4493376,0.444861,0.029211600000000004,0.005284200000000017,9,6,5,4,-5,False,False,5,results/transfer_v2/embedding_transfer_summary_v2.csv
hESC,mDC,mlp,balanced_accuracy,scconcept,0.462374,0.4985318,0.497971,0.5,0.03762599999999999,-0.0005608000000000279,7,3,2,2,-5,False,False,5,results/transfer_v2/embedding_transfer_summary_v2.csv
hESC,mDC,mlp,balanced_accuracy,v4_plain_best,0.4346294,0.406632,0.446336,0.4739998,0.03937040000000003,0.03970400000000002,8,10,6,3,-5,False,False,5,results/transfer_v2/embedding_transfer_summary_v2.csv
hESC,mHSC-GM,lr,balanced_accuracy,baseline,0.5692756,0.6579112,0.6153156,0.6477674,0.0784918,-0.04259560000000007,8,1,2,3,-5,False,False,5,results/transfer_v2/embedding_transfer_summary_v2.csv
hESC,mHSC-GM,lr,balanced_accuracy,scGPT_human,0.6029844,0.557578,0.5984212,0.6810306,0.07804620000000007,0.04084319999999997,7,7,5,2,-5,False,False,5,results/transfer_v2/embedding_transfer_summary_v2.csv
hESC,mHSC-GM,lr,balanced_accuracy,v4_bias_rec_best,0.6261404,0.648978,0.5668338,0.559368,-0.06677240000000007,-0.0821442,3,2,9,8,5,False,False,7,results/transfer_v2/embedding_transfer_summary_v2.csv
hESC,mHSC-GM,mlp,balanced_accuracy,baseline,0.6361792000000001,0.652073,0.6219448,0.677497,0.04131779999999996,-0.03012820000000005,7,1,2,2,-5,False,False,5,results/transfer_v2/embedding_transfer_summary_v2.csv
hESC,mHSC-GM,mlp,balanced_accuracy,v4_type_pe_best,0.6547258,0.5956454,0.6027618,0.5661764,-0.0885494,0.007116400000000023,3,3,7,8,5,False,False,5,results/transfer_v2/embedding_transfer_summary_v2.csv
hESC,mHSC-L,lr,balanced_accuracy,v4_bias_rec_best,0.571593,0.6031685999999999,0.5504996,0.5205803999999999,-0.051012600000000075,-0.052668999999999966,4,1,5,9,5,False,False,5,results/transfer_v2/embedding_transfer_summary_v2.csv
hESC,mHSC-L,mlp,balanced_accuracy,cl_v6_fair,0.6179424,0.5781184,0.573066,0.5418328,-0.0761096,-0.005052400000000068,2,2,1,7,5,False,False,5,results/transfer_v2/embedding_transfer_summary_v2.csv
hHep,hESC,lr,balanced_accuracy,baseline,0.5687928,0.5610128,0.5641848,0.557086,-0.011706800000000017,0.0031720000000000637,2,3,5,7,5,False,False,5,results/transfer_v2/embedding_transfer_summary_v2.csv
hHep,mDC,lr,balanced_accuracy,v4_bias_rec_best,0.5784958,0.6153794,0.536195,0.537311,-0.04118480000000002,-0.07918440000000004,1,1,6,6,5,True,True,5,results/transfer_v2/embedding_transfer_summary_v2.csv
hHep,mESC,mlp,balanced_accuracy,scconcept_encoded,0.5,0.5,0.5008264,0.5038566,0.003856599999999988,0.0008264000000000049,6,5,1,1,-5,False,False,5,results/transfer_v2/embedding_transfer_summary_v2.csv
hHep,mHSC-E,lr,balanced_accuracy,scGPT_human,0.6009006,0.5928438,0.738576,0.693901,0.09300039999999998,0.14573219999999998,2,6,5,7,5,False,False,5,results/transfer_v2/embedding_transfer_summary_v2.csv
hHep,mHSC-GM,mlp,balanced_accuracy,scconcept,0.5176227999999999,0.4982988,0.5232557999999999,0.5393938,0.021771000000000096,0.02495699999999995,10,10,10,5,-5,False,False,5,results/transfer_v2/embedding_transfer_summary_v2.csv
hHep,mHSC-L,lr,balanced_accuracy,cl_scratch_v5,0.5662198,0.5483642,0.524394,0.5100722,-0.056147600000000075,-0.02397019999999994,2,6,3,7,5,False,True,5,results/transfer_v2/embedding_transfer_summary_v2.csv
hHep,mHSC-L,mlp,balanced_accuracy,baseline,0.5243673999999999,0.5462502,0.5038964,0.5099464,-0.014420999999999906,-0.0423538,8,5,6,3,-5,False,False,5,results/transfer_v2/embedding_transfer_summary_v2.csv
hHep,mHSC-L,mlp,balanced_accuracy,cl_v6_fair,0.5506518,0.550937,0.5051994,0.5166852,-0.03396660000000007,-0.045737600000000045,6,3,5,1,-5,False,False,5,results/transfer_v2/embedding_transfer_summary_v2.csv
mDC,hESC,mlp,balanced_accuracy,cl_v6_fair,0.4346546,0.4703206,0.4209164,0.5112808,0.07662619999999998,-0.049404199999999954,9,5,10,4,-5,False,True,5,results/transfer_v2/embedding_transfer_summary_v2.csv
mDC,hESC,mlp,balanced_accuracy,scconcept,0.4855648,0.4814682,0.5158638,0.49265580000000003,0.007091000000000014,0.03439559999999997,2,2,3,7,5,False,False,5,results/transfer_v2/embedding_transfer_summary_v2.csv
mDC,hHep,mlp,balanced_accuracy,baseline,0.5526266,0.5225872,0.5473946,0.5473946,-0.005232000000000014,0.024807399999999924,1,2,5,6,5,True,False,5,results/transfer_v2/embedding_transfer_summary_v2.csv
mDC,hHep,mlp,balanced_accuracy,cl_scratch_v5,0.4791312,0.5072964,0.5967322,0.5926958,0.11356460000000002,0.08943580000000007,7,4,1,2,-5,False,False,5,results/transfer_v2/embedding_transfer_summary_v2.csv
mDC,mHSC-E,lr,balanced_accuracy,scGPT_human,0.4584828,0.559441,0.5906286000000001,0.5863062,0.12782339999999998,0.031187600000000093,6,1,1,1,-5,False,False,5,results/transfer_v2/embedding_transfer_summary_v2.csv
mDC,mHSC-E,lr,balanced_accuracy,scconcept_encoded,0.458805,0.4629348,0.4661498,0.410517,-0.048288,0.0032150000000000234,5,8,10,10,5,False,False,5,results/transfer_v2/embedding_transfer_summary_v2.csv
mDC,mHSC-GM,lr,balanced_accuracy,baseline,0.46486500000000003,0.4562178,0.4976452,0.5385752,0.0737102,0.0414274,6,7,2,1,-5,False,False,5,results/transfer_v2/embedding_transfer_summary_v2.csv
mDC,mHSC-L,lr,balanced_accuracy,v4_plain_best,0.4396132,0.5115788,0.44959,0.465901,0.026287800000000028,-0.06198880000000001,10,1,9,5,-5,False,True,8,results/transfer_v2/embedding_transfer_summary_v2.csv
mESC,hESC,mlp,balanced_accuracy,scconcept_encoded,0.4667278,0.4869814,0.501724,0.5025,0.03577219999999992,0.014742599999999939,7,10,1,2,-5,False,False,9,results/transfer_v2/embedding_transfer_summary_v2.csv
mESC,hHep,lr,balanced_accuracy,scconcept,0.4954926,0.4892372,0.476963,0.44578,-0.049712599999999996,-0.012274199999999957,5,4,6,10,5,False,False,5,results/transfer_v2/embedding_transfer_summary_v2.csv
mESC,hHep,lr,balanced_accuracy,v4_plain_best,0.4875558,,0.5254530000000001,0.5653992,0.07784340000000001,,6,,2,1,-5,False,False,5,results/transfer_v2/embedding_transfer_summary_v2.csv
mESC,mHSC-GM,mlp,balanced_accuracy,v4_type_pe_best,0.5038846,0.5040436,0.4945678,0.4975806,-0.006304000000000032,-0.009475800000000034,4,6,8,9,5,False,False,5,results/transfer_v2/embedding_transfer_summary_v2.csv
mESC,mHSC-L,mlp,balanced_accuracy,minus,0.501578,0.4980558,0.4969072,0.4798246,-0.02175339999999998,-0.0011485999999999996,5,7,8,10,5,False,False,5,results/transfer_v2/embedding_transfer_summary_v2.csv
mESC,mHSC-L,mlp,balanced_accuracy,scconcept,0.49648980000000004,0.5057984,0.49683720000000003,0.5117056,0.015215799999999946,-0.008961199999999947,7,4,9,2,-5,False,False,5,results/transfer_v2/embedding_transfer_summary_v2.csv
mHSC-E,hESC,lr,balanced_accuracy,scGPT_human,0.604323,0.4939476,0.3862348,0.4505668,-0.15375620000000007,-0.1077128,3,9,9,8,5,False,False,5,results/transfer_v2/embedding_transfer_summary_v2.csv
mHSC-E,hESC,mlp,balanced_accuracy,scGPT_human,0.5937544,0.5481578,0.4021864,0.3659918,-0.22776260000000004,-0.14597140000000003,5,7,9,10,5,False,False,5,results/transfer_v2/embedding_transfer_summary_v2.csv
mHSC-E,hHep,lr,balanced_accuracy,v4_plain_best,0.6444718,0.678796,0.758642,0.8530864,0.20861459999999998,0.07984600000000008,6,3,5,1,-5,False,False,5,results/transfer_v2/embedding_transfer_summary_v2.csv
mHSC-E,mDC,lr,balanced_accuracy,cl_scratch_v5,0.617677,0.45828579999999997,0.6099806,0.5450856,-0.07259140000000008,0.15169480000000002,1,6,3,6,5,True,False,5,results/transfer_v2/embedding_transfer_summary_v2.csv
mHSC-E,mDC,mlp,balanced_accuracy,scGPT_human,0.48314039999999997,0.4732428,0.5584094000000001,0.5464498,0.06330940000000002,0.08516660000000004,9,6,7,4,-5,False,False,5,results/transfer_v2/embedding_transfer_summary_v2.csv
mHSC-E,mDC,mlp,balanced_accuracy,v4_plain_best,0.5216982,0.4762032,0.5614298,0.519754,-0.0019441999999999515,0.08522659999999999,2,5,6,7,5,False,False,5,results/transfer_v2/embedding_transfer_summary_v2.csv
mHSC-GM,hHep,mlp,balanced_accuracy,minus,0.6912235999999999,0.6215634,0.6257716,0.5060188,-0.18520479999999995,0.004208199999999995,5,8,2,10,5,False,False,6,results/transfer_v2/embedding_transfer_summary_v2.csv
mHSC-GM,mDC,lr,balanced_accuracy,cl_scratch_v5,0.4634536,0.6914214,0.4873524,0.5886374000000001,0.12518380000000007,-0.20406899999999994,9,1,9,4,-5,False,True,8,results/transfer_v2/embedding_transfer_summary_v2.csv
mHSC-GM,mDC,lr,balanced_accuracy,minus,0.5399286,0.448075,0.45714899999999997,0.527737,-0.012191599999999969,0.009073999999999971,2,9,10,7,5,False,True,5,results/transfer_v2/embedding_transfer_summary_v2.csv
mHSC-GM,mDC,lr,balanced_accuracy,v4_plain_best,0.53804,0.469044,0.5322432,0.5181036,-0.019936399999999965,0.06319920000000001,3,3,5,8,5,False,False,5,results/transfer_v2/embedding_transfer_summary_v2.csv
mHSC-GM,mDC,lr,balanced_accuracy,v4_type_pe_best,0.48594160000000003,0.4507406,0.5200281999999999,0.6005252,0.11458359999999995,0.06928759999999995,6,8,6,1,-5,False,False,5,results/transfer_v2/embedding_transfer_summary_v2.csv
mHSC-L,hHep,mlp,balanced_accuracy,baseline,0.6267043999999999,0.5739154,0.4799382,0.4521604,-0.17454399999999992,-0.09397719999999998,4,8,9,9,5,False,False,5,results/transfer_v2/embedding_transfer_summary_v2.csv
mHSC-L,hHep,mlp,balanced_accuracy,scconcept,0.4862596,0.4976104,0.49104939999999997,0.4858026,-0.0004570000000000407,-0.006561000000000039,10,10,8,5,-5,False,False,5,results/transfer_v2/embedding_transfer_summary_v2.csv
mHSC-L,hHep,mlp,balanced_accuracy,v4_plain_best,0.6073384000000001,0.6087692,0.5271604,0.4351852,-0.17215320000000006,-0.08160880000000004,5,5,4,10,5,False,False,5,results/transfer_v2/embedding_transfer_summary_v2.csv
mHSC-L,mESC,mlp,balanced_accuracy,scGPT_human,0.496884,,0.5,0.5,0.0031160000000000077,,7,,2,2,-5,False,False,5,results/transfer_v2/embedding_transfer_summary_v2.csv
hESC,mDC,lr,f1,minus,0.3575096,0.2834292,0.1879978,0.20116,-0.15634959999999998,-0.0954314,9,10,5,4,-5,False,False,5,results/transfer_v2/embedding_transfer_summary_v2.csv
hESC,mHSC-E,mlp,f1,scconcept_encoded,0.3380838,0.4808946,0.1533134,0.2174464,-0.12063739999999998,-0.3275812,9,4,8,4,-5,False,True,5,results/transfer_v2/embedding_transfer_summary_v2.csv
hESC,mHSC-GM,lr,f1,baseline,0.4681586,0.6375578000000001,0.5047632,0.46317939999999996,-0.004979200000000017,-0.1327946000000001,9,1,4,4,-5,False,False,5,results/transfer_v2/embedding_transfer_summary_v2.csv
hESC,mHSC-GM,lr,f1,scconcept_encoded,0.4951938,0.6024142,0.4743004,0.49303779999999997,-0.0021560000000000468,-0.1281138,8,2,6,3,-5,False,False,5,results/transfer_v2/embedding_transfer_summary_v2.csv
hESC,mHSC-GM,mlp,f1,minus,0.5982066,0.5331870000000001,0.418876,0.3111356,-0.287071,-0.11431100000000005,4,3,8,9,5,False,False,5,results/transfer_v2/embedding_transfer_summary_v2.csv
hESC,mHSC-GM,mlp,f1,v4_type_pe_best,0.6142466,0.5006786,0.49859180000000003,0.3896198,-0.22462679999999996,-0.0020867999999999443,3,4,4,8,5,False,False,5,results/transfer_v2/embedding_transfer_summary_v2.csv
hESC,mHSC-L,lr,f1,baseline,0.4241446,0.6036612,0.4273158,0.4727794,0.048634800000000034,-0.17634539999999999,8,3,5,3,-5,False,False,5,results/transfer_v2/embedding_transfer_summary_v2.csv
hESC,mHSC-L,lr,f1,cl_v6_fair,0.5370626000000001,0.506009,0.4934432,0.4446128,-0.09244980000000008,-0.012565800000000016,1,6,1,6,5,True,False,5,results/transfer_v2/embedding_transfer_summary_v2.csv
hESC,mHSC-L,lr,f1,v4_type_pe_best,0.4788566,0.37355879999999997,0.4508408,0.5133408,0.03448420000000002,0.07728200000000002,6,10,3,1,-5,False,False,7,results/transfer_v2/embedding_transfer_summary_v2.csv
hHep,mDC,lr,f1,minus,0.342101,0.455517,0.3518638,0.3569902,0.014889199999999991,-0.1036532,7,6,2,2,-5,False,False,5,results/transfer_v2/embedding_transfer_summary_v2.csv
hHep,mDC,lr,f1,scGPT_human,0.202453,0.2549486,0.2469092,0.2536328,0.0511798,-0.00803940000000003,10,8,6,5,-5,False,False,5,results/transfer_v2/embedding_transfer_summary_v2.csv
hHep,mHSC-GM,mlp,f1,v4_plain_best,0.4187456,0.1612852,0.1304078,0.0390476,-0.379698,-0.0308774,5,7,9,10,5,False,False,5,results/transfer_v2/embedding_transfer_summary_v2.csv
hHep,mHSC-L,lr,f1,v4_bias_rec_best,0.3935928,0.5376832,0.0797908,0.0463868,-0.347206,-0.45789240000000003,4,5,7,9,5,False,True,5,results/transfer_v2/embedding_transfer_summary_v2.csv
hHep,mHSC-L,mlp,f1,cl_v6_fair,0.274722,0.489326,0.0726348,0.1103128,-0.16440920000000003,-0.4166912,7,2,4,2,-5,False,False,5,results/transfer_v2/embedding_transfer_summary_v2.csv
hHep,mHSC-L,mlp,f1,v4_bias_rec_best,0.2978762,0.3460894,0.0299734,0.0121212,-0.285755,-0.316116,5,3,8,10,5,False,True,5,results/transfer_v2/embedding_transfer_summary_v2.csv
mDC,hHep,lr,f1,cl_scratch_v5,0.3650802,0.4250066,0.5129028,0.5193082,0.15422799999999998,0.08789619999999998,6,2,2,1,-5,False,False,5,results/transfer_v2/embedding_transfer_summary_v2.csv
mDC,hHep,lr,f1,scconcept_encoded,0.3961804,0.35039,0.4271652,0.4651848,0.06900440000000002,0.07677520000000004,5,6,10,10,5,False,False,5,results/transfer_v2/embedding_transfer_summary_v2.csv
mDC,hHep,mlp,f1,baseline,0.4486944,0.4004512,0.5077427999999999,0.5077427999999999,0.059048399999999945,0.10729159999999993,1,2,6,6,5,True,False,5,results/transfer_v2/embedding_transfer_summary_v2.csv
mDC,hHep,mlp,f1,cl_scratch_v5,0.2321352,0.26348340000000003,0.5418883999999999,0.5399722,0.307837,0.2784049999999999,6,5,1,1,-5,False,False,5,results/transfer_v2/embedding_transfer_summary_v2.csv
mDC,hHep,mlp,f1,v4_plain_best,0.20481560000000001,0.4129626,0.509441,0.5361838,0.3313682,0.09647840000000002,7,1,4,2,-5,False,False,5,results/transfer_v2/embedding_transfer_summary_v2.csv
mDC,mHSC-E,lr,f1,scGPT_human,0.3382684,0.5344144,0.448806,0.4439746,0.10570619999999997,-0.08560839999999997,7,1,1,2,-5,False,False,5,results/transfer_v2/embedding_transfer_summary_v2.csv
mDC,mHSC-GM,lr,f1,minus,0.307902,0.2040664,0.3585878,0.3449002,0.03699819999999998,0.1545214,10,8,4,5,-5,False,True,5,results/transfer_v2/embedding_transfer_summary_v2.csv
mDC,mHSC-GM,mlp,f1,minus,0.1964988,0.0135342,0.3505796,0.334879,0.13838019999999998,0.3370454,9,10,2,4,-5,False,False,8,results/transfer_v2/embedding_transfer_summary_v2.csv
mDC,mHSC-GM,mlp,f1,scconcept_encoded,0.3485902,0.5460389999999999,0.34777399999999997,0.2665774,-0.0820128,-0.19826499999999997,2,1,3,7,5,False,False,5,results/transfer_v2/embedding_transfer_summary_v2.csv
mDC,mHSC-L,lr,f1,cl_scratch_v5,0.369882,0.1609238,0.348914,0.4372494,0.06736740000000002,0.1879902,6,9,3,1,-5,False,False,6,results/transfer_v2/embedding_transfer_summary_v2.csv
mDC,mHSC-L,mlp,f1,minus,0.1476854,0.4263964,0.2721346,0.2425628,0.0948774,-0.1542618,9,1,3,4,-5,False,False,5,results/transfer_v2/embedding_transfer_summary_v2.csv
mDC,mHSC-L,mlp,f1,scconcept_encoded,0.355316,0.3248432,0.342759,0.2119766,-0.14333940000000003,0.017915799999999982,1,3,1,6,5,True,False,5,results/transfer_v2/embedding_transfer_summary_v2.csv
mESC,hHep,mlp,f1,baseline,0.515268,0.0,0.572158,0.580645,0.06537700000000002,0.572158,7,10,1,2,-5,False,False,9,results/transfer_v2/embedding_transfer_summary_v2.csv
mESC,mDC,mlp,f1,minus,0.5298724,0.6586408,0.9278454,0.9530066,0.4231342,0.2692046,7,2,4,2,-5,False,True,5,results/transfer_v2/embedding_transfer_summary_v2.csv
mESC,mDC,mlp,f1,v4_bias_rec_best,0.4310626,0.6336866,0.9247392,0.9358682,0.5048056000000001,0.2910526,10,3,5,5,-5,False,True,5,results/transfer_v2/embedding_transfer_summary_v2.csv
mESC,mHSC-GM,mlp,f1,v4_bias_rec_best,0.46729600000000004,0.0794272,0.3752846,0.4183238,-0.04897220000000002,0.29585740000000005,10,9,5,5,-5,False,False,5,results/transfer_v2/embedding_transfer_summary_v2.csv
mHSC-E,hESC,mlp,f1,scconcept_encoded,0.512796,0.4897476,0.367823,0.3605198,-0.15227620000000003,-0.1219246,9,10,2,4,-5,False,False,8,results/transfer_v2/embedding_transfer_summary_v2.csv
mHSC-E,mDC,lr,f1,scGPT_human,0.40384960000000003,0.1112328,0.5813235999999999,0.5113056,0.107456,0.4700907999999999,8,9,2,3,-5,False,False,7,results/transfer_v2/embedding_transfer_summary_v2.csv
mHSC-E,mDC,mlp,f1,cl_v6_fair,0.382344,0.4822122,0.49768640000000003,0.5246762,0.14233220000000002,0.015474200000000049,6,3,3,1,-5,False,True,5,results/transfer_v2/embedding_transfer_summary_v2.csv
mHSC-E,mDC,mlp,f1,scGPT_human,0.3474364,0.0762894,0.4437286,0.3742156,0.026779200000000003,0.36743919999999997,9,9,6,4,-5,False,False,5,results/transfer_v2/embedding_transfer_summary_v2.csv
mHSC-E,mESC,mlp,f1,minus,0.676456,0.58427,,0.4666665,-0.20978949999999996,,10,2,,5,-5,False,False,5,results/transfer_v2/embedding_transfer_summary_v2.csv
mHSC-GM,hESC,lr,f1,v4_type_pe_best,0.6224668,0.2697056,0.3091588,0.2548596,-0.36760719999999997,0.03945320000000002,2,9,8,7,5,False,False,5,results/transfer_v2/embedding_transfer_summary_v2.csv
mHSC-GM,hHep,lr,f1,scconcept_encoded,0.3727976,0.3454496,0.2812748,0.412042,0.03924440000000001,-0.06417480000000003,9,10,9,4,-5,False,False,5,results/transfer_v2/embedding_transfer_summary_v2.csv
mHSC-GM,hHep,mlp,f1,minus,0.6841348,0.6668276,0.40799019999999997,0.0289158,-0.655219,-0.2588374,5,5,3,10,5,False,False,5,results/transfer_v2/embedding_transfer_summary_v2.csv
mHSC-GM,hHep,mlp,f1,v4_bias_rec_best,0.7072414,0.7349116,0.4636016,0.071928,-0.6353134,-0.27131,4,1,2,9,5,False,False,5,results/transfer_v2/embedding_transfer_summary_v2.csv
mHSC-GM,mDC,lr,f1,baseline,0.4908684,0.3473542,0.534326,0.568099,0.07723060000000004,0.18697179999999997,7,7,6,2,-5,False,False,5,results/transfer_v2/embedding_transfer_summary_v2.csv
mHSC-GM,mDC,lr,f1,cl_scratch_v5,0.5047543999999999,0.806001,0.540324,0.5733348,0.0685804000000001,-0.26567699999999994,6,1,4,1,-5,False,False,5,results/transfer_v2/embedding_transfer_summary_v2.csv
mHSC-GM,mDC,lr,f1,cl_v6_fair,0.5743306,0.3095332,0.5565432,0.5403864,-0.03394419999999998,0.24701,2,10,3,7,5,False,False,7,results/transfer_v2/embedding_transfer_summary_v2.csv
mHSC-GM,mDC,lr,f1,v4_plain_best,0.5519476,0.513201,0.5082206,0.4824944,-0.06945319999999999,-0.004980399999999996,3,4,7,8,5,False,True,5,results/transfer_v2/embedding_transfer_summary_v2.csv
mHSC-GM,mESC,mlp,f1,baseline,0.5441416,0.580645,0.0,0.0,-0.5441416,-0.580645,6,3,1,1,-5,False,False,5,results/transfer_v2/embedding_transfer_summary_v2.csv
mHSC-GM,mESC,mlp,f1,scconcept_encoded,0.1352912,0.0,0.0,0.0,-0.1352912,0.0,10,8,4,5,-5,False,False,5,results/transfer_v2/embedding_transfer_summary_v2.csv
mHSC-L,hESC,lr,f1,cl_v6_fair,0.5142708,0.573543,0.4576578,0.4405012,-0.07376960000000005,-0.11588520000000002,7,3,4,2,-5,False,True,5,results/transfer_v2/embedding_transfer_summary_v2.csv
mHSC-L,hESC,mlp,f1,baseline,0.6964126,0.44924739999999996,0.4112788,0.2639482,-0.4324644,-0.037968599999999963,1,7,4,6,5,True,False,5,results/transfer_v2/embedding_transfer_summary_v2.csv
mHSC-L,hESC,mlp,f1,minus,0.5979352,0.433384,0.32158,0.432462,-0.1654732,-0.11180400000000001,6,8,7,1,-5,False,False,5,results/transfer_v2/embedding_transfer_summary_v2.csv
mHSC-L,hESC,mlp,f1,v4_plain_best,0.6181412000000001,0.562686,0.5034646,0.1402396,-0.47790160000000004,-0.05922139999999998,4,4,1,9,5,False,False,5,results/transfer_v2/embedding_transfer_summary_v2.csv
mHSC-L,mDC,lr,f1,minus,0.536921,0.5951882000000001,0.49294059999999995,0.5799172,0.04299620000000004,-0.1022476000000001,7,3,8,2,-5,False,False,5,results/transfer_v2/embedding_transfer_summary_v2.csv
mHSC-L,mDC,mlp,f1,v4_type_pe_best,0.582854,0.5275880000000001,0.6026748,0.4832288,-0.09962519999999997,0.0750867999999999,3,4,2,8,5,False,False,5,results/transfer_v2/embedding_transfer_summary_v2.csv
mHSC-L,mESC,mlp,f1,scGPT_human,0.6776602,,0.0,0.0,-0.6776602,,7,,2,2,-5,False,False,5,results/transfer_v2/embedding_transfer_summary_v2.csv
hESC,hHep,lr,precision_at_k,cl_scratch_v5,0.555,0.529,0.578,0.5740000000000001,0.019000000000000017,0.04899999999999993,8,9,3,3,-5,False,False,6,results/transfer_v2/embedding_transfer_summary_v2.csv
hESC,mESC,lr,precision_at_k,minus,0.544,,0.92,0.9229999999999999,0.3789999999999999,,7,,5,2,-5,False,False,5,results/transfer_v2/embedding_transfer_summary_v2.csv
hESC,mESC,lr,precision_at_k,scconcept,0.542,0.483,0.921,0.922,0.38,0.43800000000000006,9,3,4,4,-5,False,False,5,results/transfer_v2/embedding_transfer_summary_v2.csv
hESC,mHSC-E,lr,precision_at_k,cl_v6_fair,0.646,0.529,0.551,0.552632,-0.093368,0.02200000000000002,2,5,4,7,5,False,False,5,results/transfer_v2/embedding_transfer_summary_v2.csv
hESC,mHSC-L,lr,precision_at_k,v4_type_pe_best,0.654,0.521,0.596,0.367925,-0.286075,0.07499999999999996,5,8,1,10,5,False,False,7,results/transfer_v2/embedding_transfer_summary_v2.csv
hHep,mDC,lr,precision_at_k,baseline,0.559,0.444,0.742,0.736,0.17699999999999994,0.298,4,9,9,9,5,False,False,5,results/transfer_v2/embedding_transfer_summary_v2.csv
hHep,mDC,mlp,precision_at_k,cl_scratch_v5,0.513,0.476,0.797,0.775,0.262,0.32100000000000006,8,8,2,3,-5,False,False,6,results/transfer_v2/embedding_transfer_summary_v2.csv
hHep,mHSC-E,lr,precision_at_k,cl_scratch_v5,0.737,0.628,0.8119999999999999,0.297297,-0.439703,0.18399999999999994,5,4,4,10,5,False,False,5,results/transfer_v2/embedding_transfer_summary_v2.csv
hHep,mHSC-E,lr,precision_at_k,scconcept,0.541,0.44,0.418,0.548611,0.007610999999999923,-0.02200000000000002,10,10,10,5,-5,False,False,5,results/transfer_v2/embedding_transfer_summary_v2.csv
hHep,mHSC-E,mlp,precision_at_k,scconcept,0.573,0.492,0.465,0.548611,-0.024388999999999994,-0.02699999999999997,10,10,10,5,-5,False,False,5,results/transfer_v2/embedding_transfer_summary_v2.csv
hHep,mHSC-E,mlp,precision_at_k,v4_plain_best,0.825,0.557,0.781,0.381579,-0.44342099999999995,0.22399999999999998,4,8,4,9,5,False,False,5,results/transfer_v2/embedding_transfer_summary_v2.csv
hHep,mHSC-GM,lr,precision_at_k,minus,0.756,0.69,0.242,0.181102,-0.574898,-0.44799999999999995,3,5,8,8,5,False,False,5,results/transfer_v2/embedding_transfer_summary_v2.csv
hHep,mHSC-GM,lr,precision_at_k,v4_type_pe_best,0.739,0.6880000000000001,0.263,0.128205,-0.610795,-0.42500000000000004,5,6,4,10,5,False,False,5,results/transfer_v2/embedding_transfer_summary_v2.csv
hHep,mHSC-GM,mlp,precision_at_k,scconcept,0.539,0.43,0.202,0.244444,-0.29455600000000004,-0.22799999999999998,10,10,10,5,-5,False,False,5,results/transfer_v2/embedding_transfer_summary_v2.csv
hHep,mHSC-GM,mlp,precision_at_k,v4_plain_best,0.828,0.494,0.252,0.157025,-0.670975,-0.242,4,9,6,9,5,False,False,5,results/transfer_v2/embedding_transfer_summary_v2.csv
hHep,mHSC-L,lr,precision_at_k,scGPT_human,0.718,0.652,0.383,0.320312,-0.397688,-0.269,2,2,8,7,5,False,True,6,results/transfer_v2/embedding_transfer_summary_v2.csv
hHep,mHSC-L,lr,precision_at_k,scconcept,0.498,0.364,0.289,0.333333,-0.164667,-0.07500000000000001,10,10,10,5,-5,False,False,5,results/transfer_v2/embedding_transfer_summary_v2.csv
hHep,mHSC-L,lr,precision_at_k,v4_bias_rec_best,0.684,0.463,0.385,0.273504,-0.410496,-0.07800000000000001,5,9,7,10,5,False,False,5,results/transfer_v2/embedding_transfer_summary_v2.csv
hHep,mHSC-L,lr,precision_at_k,v4_type_pe_best,0.67,0.595,0.392,0.398551,-0.27144900000000005,-0.20299999999999996,6,6,5,1,-5,False,True,5,results/transfer_v2/embedding_transfer_summary_v2.csv
hHep,mHSC-L,mlp,precision_at_k,scconcept,0.521,0.383,0.296,0.333333,-0.18766700000000003,-0.08700000000000002,10,10,10,5,-5,False,False,5,results/transfer_v2/embedding_transfer_summary_v2.csv
mDC,hESC,lr,precision_at_k,cl_v6_fair,0.355,0.536082,0.237113,0.237113,-0.11788699999999999,-0.29896899999999993,8,2,3,3,-5,False,False,5,results/transfer_v2/embedding_transfer_summary_v2.csv
mDC,hESC,mlp,precision_at_k,cl_v6_fair,0.289,0.536082,0.237113,0.237113,-0.05188699999999999,-0.29896899999999993,8,2,3,3,-5,False,False,5,results/transfer_v2/embedding_transfer_summary_v2.csv
mDC,hHep,lr,precision_at_k,baseline,0.5700000000000001,0.572,0.375,0.375,-0.19500000000000006,-0.19699999999999995,1,2,6,6,5,True,False,5,results/transfer_v2/embedding_transfer_summary_v2.csv
mDC,hHep,lr,precision_at_k,minus,0.56,0.411,0.365,0.369,-0.19100000000000006,-0.045999999999999985,2,10,7,7,5,False,False,5,results/transfer_v2/embedding_transfer_summary_v2.csv
mDC,hHep,lr,precision_at_k,scconcept,0.5589999999999999,0.622,0.351,0.357,-0.20199999999999996,-0.271,3,1,8,8,5,False,True,7,results/transfer_v2/embedding_transfer_summary_v2.csv
mDC,hHep,mlp,precision_at_k,cl_scratch_v5,0.457,0.472,0.379,0.38,-0.07700000000000001,-0.09299999999999997,6,9,1,1,-5,False,False,8,results/transfer_v2/embedding_transfer_summary_v2.csv
mDC,mESC,mlp,precision_at_k,minus,0.531,0.503876,0.894737,0.894737,0.363737,0.390861,7,3,2,2,-5,False,False,5,results/transfer_v2/embedding_transfer_summary_v2.csv
mDC,mHSC-E,lr,precision_at_k,scconcept,0.375,0.513,0.393,0.429293,0.05429299999999998,-0.12,8,6,5,3,-5,False,False,5,results/transfer_v2/embedding_transfer_summary_v2.csv
mDC,mHSC-E,mlp,precision_at_k,scconcept,0.34400000000000003,0.54,0.40199999999999997,0.429293,0.08529299999999995,-0.13800000000000007,9,5,8,4,-5,False,True,5,results/transfer_v2/embedding_transfer_summary_v2.csv
mDC,mHSC-E,mlp,precision_at_k,v4_type_pe_best,0.47600000000000003,0.427778,0.419,0.370588,-0.10541200000000006,-0.008778000000000008,3,9,5,8,5,False,False,5,results/transfer_v2/embedding_transfer_summary_v2.csv
mDC,mHSC-L,lr,precision_at_k,cl_v6_fair,0.483,0.487,0.355,0.351515,-0.13148499999999996,-0.132,3,5,2,8,5,False,False,5,results/transfer_v2/embedding_transfer_summary_v2.csv
mDC,mHSC-L,lr,precision_at_k,minus,0.443,0.431,0.344,0.443182,0.00018200000000001548,-0.08700000000000002,6,9,5,1,-5,False,False,5,results/transfer_v2/embedding_transfer_summary_v2.csv
mDC,mHSC-L,lr,precision_at_k,scconcept_encoded,0.477,0.477,0.34199999999999997,0.327044,-0.14995599999999998,-0.135,5,7,6,10,5,False,False,5,results/transfer_v2/embedding_transfer_summary_v2.csv
mDC,mHSC-L,lr,precision_at_k,v4_plain_best,0.42,0.558824,0.316,0.426136,0.00613600000000003,-0.24282399999999998,8,3,9,3,-5,False,False,6,results/transfer_v2/embedding_transfer_summary_v2.csv
mDC,mHSC-L,mlp,precision_at_k,v4_bias_rec_best,0.377,0.4,0.324,0.421,0.043999999999999984,-0.07600000000000001,9,10,10,4,-5,False,False,5,results/transfer_v2/embedding_transfer_summary_v2.csv
mESC,hESC,mlp,precision_at_k,baseline,0.505,0.555,0.3875,0.33,-0.175,-0.16750000000000004,8,3,1,3,-5,False,False,5,results/transfer_v2/embedding_transfer_summary_v2.csv
mESC,mHSC-E,mlp,precision_at_k,baseline,0.489,0.601,0.534,0.306452,-0.182548,-0.06699999999999995,5,2,3,10,5,False,False,5,results/transfer_v2/embedding_transfer_summary_v2.csv
mESC,mHSC-E,mlp,precision_at_k,scconcept,0.467,0.484,0.434,0.547619,0.08061899999999994,-0.04999999999999999,10,6,10,5,-5,False,False,5,results/transfer_v2/embedding_transfer_summary_v2.csv
mESC,mHSC-GM,mlp,precision_at_k,scGPT_human,0.52,0.48,0.246,0.139535,-0.38046500000000005,-0.23399999999999999,5,10,2,10,5,False,False,8,results/transfer_v2/embedding_transfer_summary_v2.csv
mESC,mHSC-L,mlp,precision_at_k,scconcept_encoded,0.516,0.47,0.32999999999999996,0.25,-0.266,-0.14,4,8,5,9,5,False,False,5,results/transfer_v2/embedding_transfer_summary_v2.csv
mHSC-E,hESC,lr,precision_at_k,cl_v6_fair,0.555,0.380952,0.368932,0.368932,-0.18606800000000007,-0.01202000000000003,8,9,3,3,-5,False,False,6,results/transfer_v2/embedding_transfer_summary_v2.csv
mHSC-E,hESC,mlp,precision_at_k,v4_plain_best,0.66,0.431818,0.368932,0.368932,-0.29106800000000005,-0.062886,4,8,9,9,5,False,False,5,results/transfer_v2/embedding_transfer_summary_v2.csv
mHSC-E,hHep,mlp,precision_at_k,v4_bias_rec_best,0.901,0.661017,0.529412,0.529412,-0.37158800000000003,-0.13160499999999997,3,3,8,8,5,False,False,5,results/transfer_v2/embedding_transfer_summary_v2.csv
mHSC-E,mDC,lr,precision_at_k,cl_scratch_v5,0.764,0.583333,0.506,0.491,-0.273,-0.07733299999999999,1,3,5,6,5,True,False,5,results/transfer_v2/embedding_transfer_summary_v2.csv
mHSC-E,mDC,lr,precision_at_k,v4_plain_best,0.751,0.392857,0.515,0.491,-0.26,0.122143,2,8,4,7,5,False,False,5,results/transfer_v2/embedding_transfer_summary_v2.csv
mHSC-GM,hHep,lr,precision_at_k,cl_scratch_v5,0.616,0.541667,0.529412,0.529412,-0.086588,-0.012255000000000016,7,7,2,2,-5,False,False,5,results/transfer_v2/embedding_transfer_summary_v2.csv
mHSC-GM,hHep,lr,precision_at_k,cl_v6_fair,0.602,0.454545,0.529412,0.529412,-0.07258799999999999,0.07486700000000002,8,10,3,3,-5,False,False,7,results/transfer_v2/embedding_transfer_summary_v2.csv
mHSC-GM,hHep,lr,precision_at_k,v4_bias_rec_best,0.717,0.6,0.529412,0.510204,-0.20679599999999998,-0.07058799999999998,5,4,8,10,5,False,False,5,results/transfer_v2/embedding_transfer_summary_v2.csv
mHSC-GM,hHep,lr,precision_at_k,v4_type_pe_best,0.744,0.560606,0.529412,0.529412,-0.214588,-0.031194000000000055,4,5,10,9,5,False,False,5,results/transfer_v2/embedding_transfer_summary_v2.csv
mHSC-GM,hHep,mlp,precision_at_k,cl_scratch_v5,0.6809999999999999,0.541667,0.529412,0.529412,-0.15158799999999995,-0.012255000000000016,7,7,2,2,-5,False,False,5,results/transfer_v2/embedding_transfer_summary_v2.csv
mHSC-GM,hHep,mlp,precision_at_k,cl_v6_fair,0.64,0.454545,0.529412,0.529412,-0.11058800000000002,0.07486700000000002,8,10,3,3,-5,False,False,7,results/transfer_v2/embedding_transfer_summary_v2.csv
mHSC-GM,hHep,mlp,precision_at_k,v4_type_pe_best,0.812,0.560606,0.529412,0.529412,-0.28258800000000006,-0.031194000000000055,4,5,10,9,5,False,False,5,results/transfer_v2/embedding_transfer_summary_v2.csv
mHSC-GM,mDC,lr,precision_at_k,minus,0.7,0.471429,0.436,0.473,-0.22699999999999998,-0.03542899999999999,2,7,10,7,5,False,False,5,results/transfer_v2/embedding_transfer_summary_v2.csv
mHSC-GM,mDC,mlp,precision_at_k,minus,0.629,0.471429,0.427,0.452,-0.177,-0.044428999999999996,5,7,10,10,5,False,False,5,results/transfer_v2/embedding_transfer_summary_v2.csv
mHSC-GM,mDC,mlp,precision_at_k,scconcept,0.522,0.283465,0.475,0.486,-0.03600000000000003,0.19153499999999996,10,10,7,5,-5,False,False,5,results/transfer_v2/embedding_transfer_summary_v2.csv
mHSC-L,hESC,lr,precision_at_k,cl_v6_fair,0.511,0.444444,0.368932,0.368932,-0.14206800000000003,-0.07551200000000002,9,8,3,4,-5,False,False,5,results/transfer_v2/embedding_transfer_summary_v2.csv
mHSC-L,hHep,lr,precision_at_k,v4_plain_best,0.688,0.438202,0.529412,0.529412,-0.15858799999999995,0.09121000000000001,4,8,9,9,5,False,False,5,results/transfer_v2/embedding_transfer_summary_v2.csv
mHSC-L,mDC,mlp,precision_at_k,cl_scratch_v5,0.714,0.595506,0.5,0.474,-0.24,-0.09550599999999998,1,2,6,6,5,True,True,5,results/transfer_v2/embedding_transfer_summary_v2.csv
hESC,hHep,lr,auprc,cl_scratch_v5,0.5253122,0.508779,0.5342704,0.5337834,0.008471200000000012,0.025491400000000053,8,9,5,4,-4,False,False,4,results/transfer_v2/embedding_transfer_summary_v2.csv
hESC,hHep,lr,auprc,v4_bias_rec_best,0.606082,0.5948572,0.5391908,0.5158728,-0.09020919999999999,-0.055666400000000005,3,4,4,7,4,False,True,4,results/transfer_v2/embedding_transfer_summary_v2.csv
hESC,hHep,mlp,auprc,scGPT_human,0.5848618,0.5375776,0.4728552,0.4626664,-0.12219540000000001,-0.06472240000000001,6,9,9,10,4,False,False,4,results/transfer_v2/embedding_transfer_summary_v2.csv
hESC,hHep,mlp,auprc,v4_bias_rec_best,0.621827,0.6278992,0.4998068,0.5013618,-0.12046520000000005,-0.1280924,3,3,6,7,4,False,True,4,results/transfer_v2/embedding_transfer_summary_v2.csv
hESC,mDC,lr,auprc,cl_v6_fair,0.6079538,0.4338394,0.5454534,0.6525112,0.04455739999999997,0.11161399999999999,1,9,7,5,4,True,False,4,results/transfer_v2/embedding_transfer_summary_v2.csv
hESC,mDC,mlp,auprc,cl_v6_fair,0.5857074,0.3994484,0.5066462,0.6320832,0.04637579999999997,0.10719780000000007,1,9,8,5,4,True,False,4,results/transfer_v2/embedding_transfer_summary_v2.csv
hESC,mESC,mlp,auprc,baseline,0.5167404,0.61578,0.8985588,0.8961476,0.37940720000000006,0.2827788,5,1,2,9,4,False,False,4,results/transfer_v2/embedding_transfer_summary_v2.csv
hESC,mESC,mlp,auprc,v4_bias_rec_best,0.5175562,0.4618865,0.8989064,0.8974176,0.3798614,0.4370199,3,9,1,7,4,False,False,8,results/transfer_v2/embedding_transfer_summary_v2.csv
hESC,mESC,lr,auprc,cl_v6_fair,0.51804,,0.8989389999999999,0.898146,0.38010600000000005,,5,,2,1,-4,False,False,4,results/transfer_v2/embedding_transfer_summary_v2.csv
hESC,mESC,lr,auprc,scGPT_human,0.5173642,0.491628,0.898268,0.8981354,0.3807712,0.40663999999999995,6,3,4,2,-4,False,False,4,results/transfer_v2/embedding_transfer_summary_v2.csv
hESC,mESC,lr,auprc,scconcept_encoded,0.513589,,0.8994938,0.8973676,0.3837786000000001,,9,,1,5,-4,False,False,4,results/transfer_v2/embedding_transfer_summary_v2.csv
hESC,mHSC-E,lr,auprc,cl_scratch_v5,0.5404986,0.6111298000000001,0.5485722,0.6782882,0.13778959999999996,-0.0625576000000001,6,2,7,2,-4,False,True,5,results/transfer_v2/embedding_transfer_summary_v2.csv
hESC,mHSC-E,mlp,auprc,scconcept,0.4825582,0.520767,0.491779,0.5413794,0.05882119999999996,-0.028987999999999958,9,7,9,5,-4,False,True,4,results/transfer_v2/embedding_transfer_summary_v2.csv
hESC,mHSC-GM,lr,auprc,scconcept_encoded,0.569779,0.5299465999999999,0.510636,0.5117434,-0.058035600000000076,-0.019310599999999956,9,8,9,5,-4,False,False,4,results/transfer_v2/embedding_transfer_summary_v2.csv
hESC,mHSC-GM,mlp,auprc,scconcept_encoded,0.5888042,0.5948354,0.5253826,0.5340237999999999,-0.05478040000000006,-0.06945279999999998,9,6,9,5,-4,False,False,4,results/transfer_v2/embedding_transfer_summary_v2.csv
hESC,mHSC-L,lr,auprc,v4_bias_rec_best,0.62304,0.6518788,0.5500468,0.5697164,-0.05332360000000003,-0.10183200000000003,3,2,6,7,4,False,False,4,results/transfer_v2/embedding_transfer_summary_v2.csv
hESC,mHSC-L,mlp,auprc,scconcept_encoded,0.556346,0.4568654,0.5240522,0.6035484,0.04720239999999998,0.06718679999999999,9,10,9,5,-4,False,False,4,results/transfer_v2/embedding_transfer_summary_v2.csv
hHep,hESC,lr,auprc,v4_plain_best,0.5834992,0.5515004,0.5597062,0.553104,-0.030395199999999956,0.00820580000000004,8,10,3,4,-4,False,False,7,results/transfer_v2/embedding_transfer_summary_v2.csv
hHep,mDC,lr,auprc,scconcept,0.533285,0.5369974,0.7867186,0.7830458,0.2497608,0.2497212000000001,5,4,8,9,4,False,True,4,results/transfer_v2/embedding_transfer_summary_v2.csv
hHep,mDC,mlp,auprc,minus,0.5483336,0.558917,0.8367272,0.8317476,0.28341400000000005,0.2778102,3,4,7,7,4,False,True,4,results/transfer_v2/embedding_transfer_summary_v2.csv
hHep,mHSC-E,mlp,auprc,scGPT_human,0.7533988,0.6593458,0.838986,0.8843062,0.1309074,0.17964020000000003,1,8,2,5,4,True,False,6,results/transfer_v2/embedding_transfer_summary_v2.csv
hHep,mHSC-E,mlp,auprc,v4_bias_rec_best,0.7134992,0.6698658,0.7810678,0.8853092,0.17181000000000002,0.11120200000000002,8,5,8,4,-4,False,False,4,results/transfer_v2/embedding_transfer_summary_v2.csv
hHep,mHSC-GM,mlp,auprc,baseline,0.7266102,0.7841336,0.39467040000000003,0.43189299999999997,-0.2947172,-0.38946319999999995,8,1,3,4,-4,False,False,4,results/transfer_v2/embedding_transfer_summary_v2.csv
hHep,mHSC-GM,mlp,auprc,cl_scratch_v5,0.7353716,0.729824,0.3937766,0.4765204,-0.2588512,-0.33604740000000005,6,4,4,2,-4,False,False,4,results/transfer_v2/embedding_transfer_summary_v2.csv
hHep,mHSC-GM,mlp,auprc,minus,0.7312848000000001,0.6866506,0.3702726,0.4655686,-0.26571620000000007,-0.316378,7,6,7,3,-4,False,False,4,results/transfer_v2/embedding_transfer_summary_v2.csv
hHep,mHSC-GM,mlp,auprc,scconcept,0.5411384,0.4360862,0.2839316,0.3491188,-0.1920196,-0.15215459999999997,10,10,10,6,-4,False,False,4,results/transfer_v2/embedding_transfer_summary_v2.csv
hHep,mHSC-L,lr,auprc,minus,0.618251,0.6740344,0.4465108,0.5199488,-0.0983022,-0.22752360000000005,6,2,5,2,-4,False,True,4,results/transfer_v2/embedding_transfer_summary_v2.csv
hHep,mHSC-L,lr,auprc,v4_type_pe_best,0.6148308,0.6612834,0.4657844,0.5038714,-0.11095940000000004,-0.19549899999999998,7,3,3,3,-4,False,True,4,results/transfer_v2/embedding_transfer_summary_v2.csv
hHep,mHSC-L,mlp,auprc,cl_scratch_v5,0.6551122,0.5789978,0.406728,0.38054140000000003,-0.2745708,-0.17226980000000003,4,6,5,8,4,False,False,4,results/transfer_v2/embedding_transfer_summary_v2.csv
mDC,hHep,lr,auprc,cl_scratch_v5,0.468161,0.4704288,0.6172952,0.6098564,0.14169539999999997,0.14686640000000006,7,9,3,3,-4,False,False,6,results/transfer_v2/embedding_transfer_summary_v2.csv
mDC,hHep,lr,auprc,scconcept_encoded,0.48629500000000003,0.5014208,0.30479300000000004,0.315529,-0.17076600000000003,-0.19662779999999996,5,5,9,9,4,False,False,4,results/transfer_v2/embedding_transfer_summary_v2.csv
mDC,hHep,lr,auprc,v4_type_pe_best,0.4573848,0.4813922,0.542614,0.5532354,0.09585060000000006,0.06122180000000005,8,7,4,4,-4,False,False,4,results/transfer_v2/embedding_transfer_summary_v2.csv
mDC,hHep,mlp,auprc,scconcept,0.5414716,0.6436756,0.4571884,0.4360856,-0.10538600000000004,-0.18648720000000002,3,2,7,7,4,False,True,5,results/transfer_v2/embedding_transfer_summary_v2.csv
mDC,mESC,mlp,auprc,scconcept,0.511097,0.622499,0.898905,0.893911,0.382814,0.27640599999999993,10,1,3,6,-4,False,False,4,results/transfer_v2/embedding_transfer_summary_v2.csv
mDC,mESC,mlp,auprc,v4_type_pe_best,0.5119391999999999,0.4353774,0.8862153333333334,0.894097,0.3821578000000001,0.45083793333333333,8,6,8,4,-4,False,False,4,results/transfer_v2/embedding_transfer_summary_v2.csv
mDC,mHSC-E,mlp,auprc,cl_scratch_v5,0.5187826,0.4813766,0.5351564,0.4930882,-0.025694400000000006,0.05377979999999999,2,7,1,6,4,False,False,6,results/transfer_v2/embedding_transfer_summary_v2.csv
mDC,mHSC-GM,lr,auprc,scGPT_human,0.4418436,0.657826,0.3444502,0.3415672,-0.10027639999999999,-0.31337580000000004,9,1,3,5,-4,False,True,4,results/transfer_v2/embedding_transfer_summary_v2.csv
mDC,mHSC-GM,mlp,auprc,v4_type_pe_best,0.4571912,0.4324986,0.4094236,0.4548952,-0.0022960000000000202,-0.023075000000000012,7,10,5,3,-4,False,False,5,results/transfer_v2/embedding_transfer_summary_v2.csv
mDC,mHSC-L,lr,auprc,cl_scratch_v5,0.4895134,0.39732860000000003,0.36277919999999997,0.4942356,0.00472220000000001,-0.03454940000000006,5,8,2,1,-4,False,False,6,results/transfer_v2/embedding_transfer_summary_v2.csv
mDC,mHSC-L,lr,auprc,scconcept,0.5118524,0.5511427999999999,0.3541162,0.3961906,-0.11566179999999998,-0.19702659999999994,1,4,4,5,4,True,False,4,results/transfer_v2/embedding_transfer_summary_v2.csv
mDC,mHSC-L,lr,auprc,v4_bias_rec_best,0.4475294,0.3686182,0.3300298,0.37660520000000003,-0.07092419999999999,-0.03858840000000002,10,10,10,6,-4,False,False,4,results/transfer_v2/embedding_transfer_summary_v2.csv
mDC,mHSC-L,mlp,auprc,cl_v6_fair,0.4597322,0.4988462,0.3942816,0.4625484,0.0028162000000000464,-0.10456460000000001,7,5,6,3,-4,False,False,4,results/transfer_v2/embedding_transfer_summary_v2.csv
mESC,hESC,mlp,auprc,scconcept_encoded,0.4935666,0.5708692,0.379828,0.383901,-0.10966560000000003,-0.19104119999999997,6,4,1,2,-4,False,False,4,results/transfer_v2/embedding_transfer_summary_v2.csv
mESC,hESC,lr,auprc,minus,0.4931978,,0.3634508,0.3932372,-0.09996060000000001,,6,,6,2,-4,False,False,6,results/transfer_v2/embedding_transfer_summary_v2.csv
mESC,hHep,lr,auprc,cl_v6_fair,0.538746,,0.3910696,0.4041382,-0.13460779999999994,,2,,6,6,4,False,False,6,results/transfer_v2/embedding_transfer_summary_v2.csv
mESC,hHep,lr,auprc,scconcept,0.5118438,0.577855,0.387476,0.3496038,-0.16223999999999994,-0.19037900000000002,5,3,7,9,4,False,False,4,results/transfer_v2/embedding_transfer_summary_v2.csv
mESC,mHSC-E,mlp,auprc,baseline,0.5001652,0.5913194,0.5435526,0.428999,-0.07116619999999996,-0.0477668,4,2,2,8,4,False,False,4,results/transfer_v2/embedding_transfer_summary_v2.csv
mESC,mHSC-E,mlp,auprc,cl_v6_fair,0.4992678,0.5246356,0.4896216,0.6780168,0.178749,-0.03501399999999999,6,4,6,2,-4,False,False,4,results/transfer_v2/embedding_transfer_summary_v2.csv
mESC,mHSC-E,mlp,auprc,scconcept,0.5029022,0.4744976,0.4566016,0.5062983999999999,0.0033961999999999604,-0.017896000000000023,2,8,9,6,4,False,False,4,results/transfer_v2/embedding_transfer_summary_v2.csv
mESC,mHSC-E,mlp,auprc,v4_bias_rec_best,0.4974148,0.614679,0.492411,0.552689,0.055274199999999996,-0.12226799999999999,8,1,5,4,-4,False,True,4,results/transfer_v2/embedding_transfer_summary_v2.csv
mESC,mHSC-GM,mlp,auprc,minus,0.5197292,0.502715,0.231354,0.2388374,-0.2808918,-0.271361,3,6,10,7,4,False,False,4,results/transfer_v2/embedding_transfer_summary_v2.csv
mESC,mHSC-GM,mlp,auprc,scconcept,0.5143882,0.5208802,0.2436486,0.4132128,-0.10117539999999997,-0.2772316,5,4,9,1,-4,False,False,5,results/transfer_v2/embedding_transfer_summary_v2.csv
mESC,mHSC-GM,mlp,auprc,v4_bias_rec_best,0.512989,0.4953328,0.30015959999999997,0.370574,-0.142415,-0.19517320000000005,8,10,1,4,-4,False,False,9,results/transfer_v2/embedding_transfer_summary_v2.csv
mESC,mHSC-GM,mlp,auprc,v4_plain_best,0.5124362,0.5024744,0.2520952,0.3442258,-0.16821039999999998,-0.25037919999999997,9,7,6,5,-4,False,False,4,results/transfer_v2/embedding_transfer_summary_v2.csv
mESC,mHSC-L,mlp,auprc,scconcept,0.5077784,0.5237964,0.3439806,0.42046079999999997,-0.0873176,-0.17981580000000003,7,4,6,3,-4,False,False,4,results/transfer_v2/embedding_transfer_summary_v2.csv
mHSC-E,hESC,mlp,auprc,v4_bias_rec_best,0.6613836000000001,0.6338586,0.3830682,0.3517966,-0.30958700000000006,-0.2507904,1,6,1,5,4,True,False,5,results/transfer_v2/embedding_transfer_summary_v2.csv
mHSC-E,hHep,lr,auprc,v4_plain_best,0.7150048,0.70197,0.9271226,0.9571964000000001,0.24219160000000006,0.22515260000000004,5,6,5,1,-4,False,False,4,results/transfer_v2/embedding_transfer_summary_v2.csv
mHSC-E,hHep,lr,auprc,v4_type_pe_best,0.6928124,0.8155716,0.922939,0.9407574,0.24794499999999997,0.1073674,7,3,6,3,-4,False,True,4,results/transfer_v2/embedding_transfer_summary_v2.csv
mHSC-E,hHep,mlp,auprc,cl_v6_fair,0.8108738,0.8060488,0.9552464,0.9356606000000001,0.12478680000000009,0.14919760000000004,2,3,2,6,4,False,False,4,results/transfer_v2/embedding_transfer_summary_v2.csv
mHSC-E,hHep,mlp,auprc,v4_bias_rec_best,0.792973,0.7724496,0.9372286,0.9326876,0.1397145999999999,0.164779,4,5,8,8,4,False,False,4,results/transfer_v2/embedding_transfer_summary_v2.csv
mHSC-E,mDC,lr,auprc,cl_scratch_v5,0.6898212,0.580009,0.6513086,0.5433936,-0.1464276,0.07129960000000002,1,4,2,5,4,True,False,4,results/transfer_v2/embedding_transfer_summary_v2.csv
mHSC-E,mESC,mlp,auprc,v4_plain_best,0.5119632,,,0.875,0.36303680000000005,,10,,,6,-4,False,False,4,results/transfer_v2/embedding_transfer_summary_v2.csv
mHSC-GM,hESC,lr,auprc,minus,0.6541334,0.7532284,0.4538082,0.3935788,-0.26055459999999997,-0.2994202,5,3,7,9,4,False,False,4,results/transfer_v2/embedding_transfer_summary_v2.csv
mHSC-GM,hESC,mlp,auprc,v4_plain_best,0.7347214,0.5078878,0.5582214,0.5278272,-0.20689419999999992,0.05033359999999998,1,10,3,5,4,True,False,7,results/transfer_v2/embedding_transfer_summary_v2.csv
mHSC-GM,hESC,mlp,auprc,v4_type_pe_best,0.7051564,0.6557078,0.4673358,0.4566498,-0.24850660000000002,-0.18837199999999993,5,6,8,9,4,False,False,4,results/transfer_v2/embedding_transfer_summary_v2.csv
mHSC-GM,hHep,lr,auprc,cl_scratch_v5,0.6092144,0.6891778,0.8346132,0.7570778,0.14786339999999998,0.1454354000000001,7,8,3,3,-4,False,False,5,results/transfer_v2/embedding_transfer_summary_v2.csv
mHSC-GM,mDC,lr,auprc,v4_plain_best,0.5934776,0.4721716,0.573239,0.5008,-0.09267760000000003,0.10106740000000003,4,7,5,8,4,False,False,4,results/transfer_v2/embedding_transfer_summary_v2.csv
mHSC-GM,mDC,mlp,auprc,cl_scratch_v5,0.578537,0.681211,0.605663,0.4922882,-0.08624879999999996,-0.07554800000000006,4,3,4,8,4,False,False,4,results/transfer_v2/embedding_transfer_summary_v2.csv
mHSC-GM,mDC,mlp,auprc,v4_bias_rec_best,0.622424,0.7224598,0.5948097999999999,0.5546222000000001,-0.06780179999999991,-0.12765000000000004,2,2,6,6,4,False,False,4,results/transfer_v2/embedding_transfer_summary_v2.csv
mHSC-GM,mDC,mlp,auprc,v4_plain_best,0.6350584,0.389669,0.6200374,0.5644838,-0.07057460000000004,0.23036839999999997,1,9,1,5,4,True,False,8,results/transfer_v2/embedding_transfer_summary_v2.csv
mHSC-GM,mESC,mlp,auprc,baseline,0.5155596,0.409827,0.875,0.875,0.3594404,0.465173,6,5,1,2,-4,False,False,4,results/transfer_v2/embedding_transfer_summary_v2.csv
mHSC-GM,mESC,mlp,auprc,minus,0.5162028,0.327869,0.875,0.8887787500000001,0.3725759500000001,0.547131,5,7,2,1,-4,False,False,5,results/transfer_v2/embedding_transfer_summary_v2.csv
mHSC-GM,mESC,mlp,auprc,scconcept_encoded,0.5137498,0.7154398000000001,0.875,0.875,0.36125019999999997,0.15956019999999993,9,1,4,5,-4,False,False,4,results/transfer_v2/embedding_transfer_summary_v2.csv
mHSC-GM,mESC,mlp,auprc,v4_bias_rec_best,0.5120154,0.4149355,0.875,0.875,0.3629846,0.4600645,10,4,5,6,-4,False,False,4,results/transfer_v2/embedding_transfer_summary_v2.csv
mHSC-GM,mESC,mlp,auprc,v4_type_pe_best,0.5176644,0.28409075,0.875,0.875,0.3573356,0.5909092499999999,4,8,7,8,4,False,False,4,results/transfer_v2/embedding_transfer_summary_v2.csv
mHSC-L,hESC,lr,auprc,minus,0.5631244,0.5718372,0.4845366,0.3882656,-0.17485879999999998,-0.08730060000000006,6,8,5,10,4,False,False,4,results/transfer_v2/embedding_transfer_summary_v2.csv
mHSC-L,hESC,lr,auprc,v4_bias_rec_best,0.6019012,0.5105624,0.4167304,0.4624484,-0.13945280000000004,-0.09383199999999997,3,9,7,7,4,False,False,4,results/transfer_v2/embedding_transfer_summary_v2.csv
mHSC-L,hESC,mlp,auprc,cl_v6_fair,0.7168226,0.6198462,0.5099614,0.44257599999999997,-0.2742466,-0.1098848,3,8,4,7,4,False,False,4,results/transfer_v2/embedding_transfer_summary_v2.csv
mHSC-L,hHep,lr,auprc,scGPT_human,0.6329752,0.7098292,0.7005576,0.5972074,-0.035767799999999905,-0.009271600000000046,2,2,1,6,4,False,False,4,results/transfer_v2/embedding_transfer_summary_v2.csv
mHSC-L,mDC,lr,auprc,scconcept_encoded,0.5505578,0.4440462,0.4746304,0.4402628,-0.11029499999999998,0.030584200000000006,6,9,8,10,4,False,False,4,results/transfer_v2/embedding_transfer_summary_v2.csv
mHSC-L,mDC,mlp,auprc,cl_scratch_v5,0.6369802,0.6630494,0.6139602000000001,0.5585594,-0.07842079999999996,-0.049089199999999944,1,3,4,5,4,True,False,4,results/transfer_v2/embedding_transfer_summary_v2.csv
mHSC-L,mDC,mlp,auprc,scconcept,0.5432444,0.8924166,0.5199504,0.4460096,-0.09723479999999995,-0.37246619999999997,6,1,9,10,4,False,True,8,results/transfer_v2/embedding_transfer_summary_v2.csv
hESC,hHep,lr,auroc,scGPT_human,0.5353988000000001,0.5062438,0.4631956,0.4564776,-0.07892120000000008,-0.043048200000000036,6,9,9,10,4,False,False,4,results/transfer_v2/embedding_transfer_summary_v2.csv
hESC,hHep,lr,auroc,scconcept,0.4734372,0.547859,0.4946176,0.513034,0.03959679999999999,-0.053241399999999994,10,6,7,6,-4,False,True,4,results/transfer_v2/embedding_transfer_summary_v2.csv
hESC,mDC,lr,auroc,scconcept,0.4642412,0.5408518,0.4887354,0.4834526,0.01921139999999999,-0.05211640000000001,6,3,3,2,-4,False,False,4,results/transfer_v2/embedding_transfer_summary_v2.csv
hESC,mDC,lr,auroc,v4_plain_best,0.4582426,0.3969668,0.37539100000000003,0.438066,-0.02017659999999999,-0.02157579999999998,8,9,9,4,-4,False,False,4,results/transfer_v2/embedding_transfer_summary_v2.csv
hESC,mESC,mlp,auroc,baseline,0.5000082,0.520387,0.510818,0.498417,-0.0015912000000000148,-0.00956900000000005,5,1,2,9,4,False,False,4,results/transfer_v2/embedding_transfer_summary_v2.csv
hESC,mESC,mlp,auroc,v4_bias_rec_best,0.5015882,0.509582,0.5137202000000001,0.505541,0.0039527999999999786,0.004138200000000092,3,3,1,7,4,False,False,4,results/transfer_v2/embedding_transfer_summary_v2.csv
hESC,mHSC-E,lr,auroc,cl_scratch_v5,0.5232266,0.5551458,0.4966426,0.5386292,0.015402600000000044,-0.05850320000000003,7,5,8,3,-4,False,True,4,results/transfer_v2/embedding_transfer_summary_v2.csv
hESC,mHSC-E,lr,auroc,minus,0.5657372,0.6447382,0.544897,0.4765604,-0.08917680000000006,-0.09984120000000007,3,2,4,7,4,False,True,4,results/transfer_v2/embedding_transfer_summary_v2.csv
hESC,mHSC-E,mlp,auroc,minus,0.5624454,0.6280442,0.4822046,0.4129198,-0.14952559999999998,-0.14583960000000007,3,2,7,7,4,False,True,5,results/transfer_v2/embedding_transfer_summary_v2.csv
hESC,mHSC-E,mlp,auroc,v4_type_pe_best,0.5672394000000001,0.6816912,0.518786,0.4265878,-0.14065160000000004,-0.16290520000000008,2,1,2,6,4,False,False,4,results/transfer_v2/embedding_transfer_summary_v2.csv
hESC,mHSC-GM,lr,auroc,v4_bias_rec_best,0.6735918,0.7703749999999999,0.6098492,0.6352268,-0.03836499999999998,-0.16052579999999994,3,1,9,7,4,False,True,8,results/transfer_v2/embedding_transfer_summary_v2.csv
hESC,mHSC-GM,mlp,auroc,v4_bias_rec_best,0.7039922,0.772007,0.651827,0.6783784,-0.02561379999999991,-0.12017999999999995,8,1,6,4,-4,False,True,5,results/transfer_v2/embedding_transfer_summary_v2.csv
hESC,mHSC-GM,mlp,auroc,v4_plain_best,0.7223024,0.5744396,0.67511,0.6328304,-0.089472,0.10067039999999994,5,7,3,9,4,False,False,4,results/transfer_v2/embedding_transfer_summary_v2.csv
hESC,mHSC-L,lr,auroc,scconcept,0.5447158,0.5154184,0.5654474,0.5824152,0.03769940000000005,0.05002899999999999,10,9,9,6,-4,False,False,4,results/transfer_v2/embedding_transfer_summary_v2.csv
hESC,mHSC-L,lr,auroc,v4_plain_best,0.5873384,0.6521707999999999,0.6091108,0.6721286,0.08479019999999993,-0.04305999999999999,7,2,3,3,-4,False,False,4,results/transfer_v2/embedding_transfer_summary_v2.csv
hESC,mHSC-L,mlp,auroc,minus,0.6383840000000001,0.584545,0.6117866,0.5191174,-0.11926660000000011,0.027241599999999977,6,6,5,10,4,False,False,4,results/transfer_v2/embedding_transfer_summary_v2.csv
hHep,hESC,mlp,auroc,cl_scratch_v5,0.7032818,0.744031,0.7098908,0.7146752,0.011393399999999998,-0.034140199999999954,5,2,2,1,-4,False,False,4,results/transfer_v2/embedding_transfer_summary_v2.csv
hHep,hESC,mlp,auroc,cl_v6_fair,0.6971988,0.7040372,0.6957426,0.6941868,-0.0030120000000000147,-0.00829460000000004,7,4,3,3,-4,False,False,4,results/transfer_v2/embedding_transfer_summary_v2.csv
hHep,hESC,mlp,auroc,minus,0.7116668,0.6250248,0.682977,0.6821744,-0.029492400000000085,0.0579521999999999,2,8,5,6,4,False,False,4,results/transfer_v2/embedding_transfer_summary_v2.csv
hHep,mDC,lr,auroc,minus,0.4796068,0.4245036,0.6814522000000001,0.6831554,0.20354859999999997,0.2569486000000001,7,10,3,3,-4,False,False,7,results/transfer_v2/embedding_transfer_summary_v2.csv
hHep,mDC,lr,auroc,scGPT_human,0.470281,0.5659026,0.6800368,0.675675,0.20539400000000002,0.11413419999999996,8,3,4,4,-4,False,False,4,results/transfer_v2/embedding_transfer_summary_v2.csv
hHep,mESC,mlp,auroc,v4_plain_best,0.4924394,0.5077586,0.49201100000000003,0.4933886,0.0009491999999999834,-0.015747599999999917,9,3,10,5,-4,False,True,7,results/transfer_v2/embedding_transfer_summary_v2.csv
hHep,mESC,mlp,auroc,v4_type_pe_best,0.4947538,0.516605,0.494077,0.49393940000000003,-0.0008143999999999929,-0.022527999999999992,7,2,5,3,-4,False,False,4,results/transfer_v2/embedding_transfer_summary_v2.csv
hHep,mHSC-E,lr,auroc,cl_v6_fair,0.6659318,0.7828218,0.8278436,0.8026718,0.13674000000000008,0.0450218,2,1,3,6,4,False,False,4,results/transfer_v2/embedding_transfer_summary_v2.csv
hHep,mHSC-E,lr,auroc,minus,0.6309708,0.7408234,0.8610866,0.843866,0.21289519999999995,0.12026320000000001,6,3,1,2,-4,False,False,4,results/transfer_v2/embedding_transfer_summary_v2.csv
hHep,mHSC-E,lr,auroc,v4_type_pe_best,0.6287816,0.7280592,0.7834488,0.842251,0.21346939999999992,0.05538959999999993,7,5,7,3,-4,False,False,4,results/transfer_v2/embedding_transfer_summary_v2.csv
hHep,mHSC-E,mlp,auroc,cl_v6_fair,0.731968,0.7772106,0.7900614,0.7901934,0.058225400000000094,0.012850800000000051,2,1,5,6,4,False,False,4,results/transfer_v2/embedding_transfer_summary_v2.csv
hHep,mHSC-E,mlp,auroc,scGPT_human,0.740549,0.6509014,0.8174384,0.8155796,0.07503059999999995,0.16653700000000005,1,8,2,5,4,True,False,6,results/transfer_v2/embedding_transfer_summary_v2.csv
hHep,mHSC-E,mlp,auroc,v4_bias_rec_best,0.7228146,0.7137990000000001,0.76071,0.7572594,0.03444480000000005,0.046910999999999925,4,4,8,8,4,False,True,4,results/transfer_v2/embedding_transfer_summary_v2.csv
hHep,mHSC-GM,lr,auroc,minus,0.6667142,0.7224838,0.6491832,0.7245817999999999,0.05786759999999991,-0.07330060000000005,6,3,8,2,-4,False,True,5,results/transfer_v2/embedding_transfer_summary_v2.csv
hHep,mHSC-GM,lr,auroc,v4_bias_rec_best,0.6732688,0.7465484,0.668563,0.7889174,0.11564859999999999,-0.07798539999999998,5,1,7,1,-4,False,True,6,results/transfer_v2/embedding_transfer_summary_v2.csv
hHep,mHSC-GM,mlp,auroc,cl_scratch_v5,0.7363084,0.7055156,0.6860702,0.7053278,-0.030980600000000025,-0.019445400000000057,7,3,5,3,-4,False,False,4,results/transfer_v2/embedding_transfer_summary_v2.csv
hHep,mHSC-GM,mlp,auroc,scGPT_human,0.7486996,0.6925784,0.5735122,0.5740358,-0.17466380000000004,-0.11906620000000001,5,4,9,9,4,False,False,5,results/transfer_v2/embedding_transfer_summary_v2.csv
hHep,mHSC-L,lr,auroc,v4_type_pe_best,0.6304796,0.6980338,0.6348844,0.5747206,-0.055759,-0.06314940000000002,4,1,4,8,4,False,True,4,results/transfer_v2/embedding_transfer_summary_v2.csv
hHep,mHSC-L,mlp,auroc,v4_type_pe_best,0.6795058,0.6785524000000001,0.6581876,0.6095946,-0.06991120000000006,-0.02036480000000007,2,1,2,6,4,False,False,4,results/transfer_v2/embedding_transfer_summary_v2.csv
mDC,hESC,lr,auroc,minus,0.526975,0.4701842,0.4753234,0.4246768,-0.10229819999999995,0.00513920000000001,2,3,7,6,4,False,True,4,results/transfer_v2/embedding_transfer_summary_v2.csv
mDC,hESC,mlp,auroc,v4_plain_best,0.3895502,0.2964284,0.4754406,0.5518214,0.1622712,0.1790122,5,9,4,1,-4,False,False,5,results/transfer_v2/embedding_transfer_summary_v2.csv
mDC,hHep,lr,auroc,cl_scratch_v5,0.43246840000000003,0.4873396,0.7949096,0.786777,0.3543085999999999,0.30757,7,3,3,3,-4,False,False,4,results/transfer_v2/embedding_transfer_summary_v2.csv
mDC,hHep,lr,auroc,scconcept_encoded,0.4551554,0.4672062,0.45218359999999996,0.4814008,0.02624540000000003,-0.015022600000000053,5,4,9,9,4,False,False,5,results/transfer_v2/embedding_transfer_summary_v2.csv
mDC,hHep,lr,auroc,v4_type_pe_best,0.4138334,0.4519256,0.7326958,0.7375752,0.32374179999999997,0.2807702,8,7,4,4,-4,False,False,4,results/transfer_v2/embedding_transfer_summary_v2.csv
mDC,hHep,mlp,auroc,baseline,0.5476506,0.5638412,0.7225378,0.7225378,0.17488720000000002,0.15869659999999997,1,2,5,5,4,True,False,4,results/transfer_v2/embedding_transfer_summary_v2.csv
mDC,hHep,mlp,auroc,cl_scratch_v5,0.4520766,0.5165052,0.7555270000000001,0.755738,0.3036614,0.23902180000000006,6,3,3,2,-4,False,False,4,results/transfer_v2/embedding_transfer_summary_v2.csv
mDC,hHep,mlp,auroc,v4_plain_best,0.4551282,0.5828798000000001,0.7757908,0.765045,0.3099168,0.19291099999999994,5,1,1,1,-4,False,False,4,results/transfer_v2/embedding_transfer_summary_v2.csv
mDC,mESC,mlp,auroc,scconcept,0.49127740000000003,0.488862,0.5202205,0.492647,0.0013695999999999708,0.031358499999999956,10,7,3,6,-4,False,False,4,results/transfer_v2/embedding_transfer_summary_v2.csv
mDC,mHSC-E,lr,auroc,scconcept_encoded,0.4392476,0.45911240000000003,0.4440678,0.3780846,-0.06116300000000002,-0.015044600000000019,6,7,10,10,4,False,False,4,results/transfer_v2/embedding_transfer_summary_v2.csv
mDC,mHSC-GM,lr,auroc,minus,0.4229276,0.35165820000000003,0.434489,0.461469,0.0385414,0.08283079999999998,7,9,7,3,-4,False,True,4,results/transfer_v2/embedding_transfer_summary_v2.csv
mDC,mHSC-GM,mlp,auroc,cl_v6_fair,0.41503059999999997,0.4342462,0.5024936,0.5630212,0.14799060000000003,0.06824739999999996,5,9,5,1,-4,False,True,4,results/transfer_v2/embedding_transfer_summary_v2.csv
mDC,mHSC-L,mlp,auroc,scGPT_human,0.426965,0.4471598,0.4927392,0.4467532,0.019788200000000034,0.04557939999999999,4,7,4,8,4,False,False,4,results/transfer_v2/embedding_transfer_summary_v2.csv
mESC,hHep,lr,auroc,scGPT_human,0.5285246,0.5305852,0.4728062,0.5130422,-0.015482400000000007,-0.05777899999999997,1,1,7,5,4,True,False,6,results/transfer_v2/embedding_transfer_summary_v2.csv
mESC,mHSC-L,mlp,auroc,minus,0.5060854,0.47438779999999997,0.46410039999999997,0.494737,-0.011348400000000036,-0.010287400000000002,2,8,10,6,4,False,False,4,results/transfer_v2/embedding_transfer_summary_v2.csv
mESC,mHSC-L,mlp,auroc,v4_bias_rec_best,0.49988879999999997,0.4450194,0.5130816,0.5713046,0.07141580000000008,0.06806220000000002,6,10,2,2,-4,False,False,8,results/transfer_v2/embedding_transfer_summary_v2.csv
mHSC-E,hESC,lr,auroc,scGPT_human,0.6154948,0.48868419999999996,0.3680972,0.382996,-0.2324988,-0.12058699999999994,5,8,8,9,4,False,False,4,results/transfer_v2/embedding_transfer_summary_v2.csv
mHSC-E,hESC,lr,auroc,v4_type_pe_best,0.5820186,0.6127998,0.4662346,0.5099598,-0.07205880000000009,-0.1465652,6,5,3,2,-4,False,False,4,results/transfer_v2/embedding_transfer_summary_v2.csv
mHSC-E,hESC,mlp,auroc,scGPT_human,0.6086348,0.5300002,0.3702836,0.33991899999999997,-0.26871580000000006,-0.15971660000000004,6,8,9,10,4,False,False,4,results/transfer_v2/embedding_transfer_summary_v2.csv
mHSC-E,hHep,lr,auroc,baseline,0.7130056,0.632992,0.8864198,0.8594992,0.1464936,0.2534278,4,9,7,8,4,False,False,4,results/transfer_v2/embedding_transfer_summary_v2.csv
mHSC-E,hHep,lr,auroc,cl_v6_fair,0.7467678,0.7761756,0.9166324,0.8981138,0.15134599999999998,0.14045680000000005,2,3,3,6,4,False,False,4,results/transfer_v2/embedding_transfer_summary_v2.csv
mHSC-E,hHep,lr,auroc,v4_plain_best,0.7085314,0.7359876,0.8977366,0.9382716,0.22974019999999995,0.16174900000000003,5,5,5,1,-4,False,False,4,results/transfer_v2/embedding_transfer_summary_v2.csv
mHSC-E,hHep,mlp,auroc,minus,0.7589426,0.8185714,0.9462621999999999,0.9344652,0.17552259999999997,0.1276908,6,1,1,2,-4,False,False,4,results/transfer_v2/embedding_transfer_summary_v2.csv
mHSC-E,hHep,mlp,auroc,v4_bias_rec_best,0.7739694,0.6776924,0.8996226,0.8955078,0.12153839999999994,0.22193020000000008,4,8,8,8,4,False,False,4,results/transfer_v2/embedding_transfer_summary_v2.csv
mHSC-E,mDC,lr,auroc,v4_plain_best,0.6002620000000001,0.5412766,0.6430094000000001,0.5549628,-0.045299200000000095,0.10173280000000007,3,2,4,7,4,False,False,4,results/transfer_v2/embedding_transfer_summary_v2.csv
mHSC-E,mDC,mlp,auroc,minus,0.4665344,0.4615034,0.5396844,0.5999636,0.13342920000000003,0.07818099999999994,8,4,8,4,-4,False,False,4,results/transfer_v2/embedding_transfer_summary_v2.csv
mHSC-E,mESC,mlp,auroc,v4_plain_best,0.4922622,,,0.5,0.007737800000000017,,10,,,6,-4,False,False,4,results/transfer_v2/embedding_transfer_summary_v2.csv
mHSC-GM,hESC,mlp,auroc,v4_type_pe_best,0.7249486,0.7533972,0.5435628,0.5070444,-0.2179042000000001,-0.20983439999999998,4,3,7,8,4,False,False,4,results/transfer_v2/embedding_transfer_summary_v2.csv
mHSC-GM,hHep,lr,auroc,cl_scratch_v5,0.6474472,0.647242,0.8466048,0.7872772,0.13983,0.19936280000000006,6,7,3,2,-4,False,False,4,results/transfer_v2/embedding_transfer_summary_v2.csv
mHSC-GM,hHep,lr,auroc,scGPT_human,0.7596968000000001,0.7918182,0.7235254,0.7653292,0.005632399999999982,-0.06829280000000004,1,4,8,5,4,True,False,4,results/transfer_v2/embedding_transfer_summary_v2.csv
mHSC-GM,mDC,lr,auroc,v4_type_pe_best,0.494776,0.4269134,0.5919558,0.637741,0.142965,0.16504240000000003,6,7,3,2,-4,False,False,4,results/transfer_v2/embedding_transfer_summary_v2.csv
mHSC-GM,mDC,mlp,auroc,cl_scratch_v5,0.5259658,0.622794,0.588899,0.5254474,-0.00051840000000003,-0.03389500000000001,4,1,6,8,4,False,True,5,results/transfer_v2/embedding_transfer_summary_v2.csv
mHSC-GM,mESC,mlp,auroc,baseline,0.4975432,0.5,0.5,0.5,0.0024567999999999812,0.0,6,6,1,2,-4,False,False,5,results/transfer_v2/embedding_transfer_summary_v2.csv
mHSC-GM,mESC,mlp,auroc,minus,0.4984118,0.56383,0.5,0.5062005,0.007788700000000037,-0.06383000000000005,5,1,2,1,-4,False,False,4,results/transfer_v2/embedding_transfer_summary_v2.csv
mHSC-GM,mESC,mlp,auroc,scGPT_human,0.497351,0.557416,,0.5,0.0026490000000000125,,7,2,,3,-4,False,False,4,results/transfer_v2/embedding_transfer_summary_v2.csv
mHSC-GM,mESC,mlp,auroc,scconcept_encoded,0.495603,0.49335120000000005,0.5,0.5,0.004396999999999984,0.006648799999999955,9,8,4,5,-4,False,False,4,results/transfer_v2/embedding_transfer_summary_v2.csv
mHSC-GM,mESC,mlp,auroc,v4_bias_rec_best,0.4923942,0.5,0.5,0.5,0.007605799999999996,0.0,10,7,5,6,-4,False,False,4,results/transfer_v2/embedding_transfer_summary_v2.csv
mHSC-GM,mESC,mlp,auroc,v4_type_pe_best,0.5015666,0.51736125,0.5,0.5,-0.0015665999999999736,-0.017361249999999995,4,3,7,8,4,False,False,4,results/transfer_v2/embedding_transfer_summary_v2.csv
mHSC-L,hESC,lr,auroc,minus,0.5759052,0.49960319999999997,0.637571,0.49166000000000004,-0.08424519999999996,0.13796780000000003,6,9,5,10,4,False,False,4,results/transfer_v2/embedding_transfer_summary_v2.csv
mHSC-L,hESC,lr,auroc,v4_type_pe_best,0.5860726,0.5738947999999999,0.6798382,0.6616196,0.07554699999999992,0.10594340000000002,5,8,2,1,-4,False,False,6,results/transfer_v2/embedding_transfer_summary_v2.csv
mHSC-L,hESC,mlp,auroc,cl_v6_fair,0.7266378,0.6737654,0.6273685999999999,0.5608906,-0.16574719999999998,-0.046396800000000016,3,6,6,7,4,False,False,4,results/transfer_v2/embedding_transfer_summary_v2.csv
mHSC-L,hHep,lr,auroc,cl_v6_fair,0.4823278,0.6143246,0.6401234,0.6276406,0.14531280000000002,0.02579880000000001,8,5,6,4,-4,False,True,4,results/transfer_v2/embedding_transfer_summary_v2.csv
mHSC-L,mDC,lr,auroc,cl_scratch_v5,0.539314,0.547589,0.5277614,0.4772074,-0.062106599999999956,-0.019827599999999945,4,2,5,8,4,False,False,4,results/transfer_v2/embedding_transfer_summary_v2.csv
mHSC-L,mDC,lr,auroc,scconcept_encoded,0.5355924,0.5193638,0.502862,0.471179,-0.06441339999999995,-0.01650180000000001,5,6,9,9,4,False,False,4,results/transfer_v2/embedding_transfer_summary_v2.csv
mHSC-L,mDC,mlp,auroc,scconcept,0.5058178,0.5885714,0.5242846,0.4831142,-0.02270359999999999,-0.06428679999999998,6,2,10,10,4,False,False,8,results/transfer_v2/embedding_transfer_summary_v2.csv
hESC,hHep,lr,balanced_accuracy,v4_bias_rec_best,0.5595096,0.574118,0.5357248,0.5265012,-0.03300840000000005,-0.038393200000000016,3,4,5,7,4,False,True,4,results/transfer_v2/embedding_transfer_summary_v2.csv
hESC,hHep,mlp,balanced_accuracy,minus,0.5678096,0.593116,0.5409844,0.5429048,-0.02490480000000006,-0.052131599999999945,5,3,2,1,-4,False,False,4,results/transfer_v2/embedding_transfer_summary_v2.csv
hESC,mDC,lr,balanced_accuracy,v4_plain_best,0.4765484,0.4411878,0.442135,0.5009656,0.024417200000000028,0.0009471999999999814,6,9,8,2,-4,False,False,4,results/transfer_v2/embedding_transfer_summary_v2.csv
hESC,mDC,mlp,balanced_accuracy,scconcept_encoded,0.5465476,0.5796568,0.5550722,0.43752599999999997,-0.10902160000000005,-0.024584599999999956,1,1,1,5,4,True,False,4,results/transfer_v2/embedding_transfer_summary_v2.csv
hESC,mESC,mlp,balanced_accuracy,cl_scratch_v5,0.4995548,0.5,0.506596,0.5060684000000001,0.006513600000000064,0.006596000000000046,1,2,1,5,4,True,False,4,results/transfer_v2/embedding_transfer_summary_v2.csv
hESC,mESC,lr,balanced_accuracy,minus,0.5,,0.506596,0.5050132,0.005013200000000051,,2,,2,6,4,False,False,4,results/transfer_v2/embedding_transfer_summary_v2.csv
hESC,mHSC-E,lr,balanced_accuracy,minus,0.5577178,0.6051068,0.5251178,0.469271,-0.08844680000000005,-0.07998899999999998,3,2,5,7,4,False,True,4,results/transfer_v2/embedding_transfer_summary_v2.csv
hESC,mHSC-E,mlp,balanced_accuracy,cl_v6_fair,0.579057,0.5825804,0.506837,0.5046686,-0.07438840000000002,-0.07574340000000002,1,3,4,5,4,True,True,4,results/transfer_v2/embedding_transfer_summary_v2.csv
hESC,mHSC-GM,lr,balanced_accuracy,scconcept_encoded,0.5376156,0.518807,0.5793954,0.592841,0.05522539999999998,0.06058839999999999,9,10,8,5,-4,False,False,4,results/transfer_v2/embedding_transfer_summary_v2.csv
hESC,mHSC-GM,mlp,balanced_accuracy,cl_v6_fair,0.680094,0.5556968,0.6289254,0.6066842,-0.07340979999999997,0.07322859999999998,1,5,1,5,4,True,False,4,results/transfer_v2/embedding_transfer_summary_v2.csv
hESC,mHSC-L,lr,balanced_accuracy,v4_type_pe_best,0.5702168,0.5592864,0.568635,0.6399156,0.06969880000000006,0.00934860000000004,5,7,1,1,-4,False,False,6,results/transfer_v2/embedding_transfer_summary_v2.csv
hESC,mHSC-L,mlp,balanced_accuracy,minus,0.5840684,0.5499144,0.5590774000000001,0.517297,-0.06677140000000004,0.009163000000000032,6,6,6,10,4,False,False,4,results/transfer_v2/embedding_transfer_summary_v2.csv
hHep,hESC,lr,balanced_accuracy,v4_plain_best,0.5178186,0.4829834,0.568112,0.5645318,0.04671320000000001,0.08512859999999994,8,10,4,4,-4,False,False,6,results/transfer_v2/embedding_transfer_summary_v2.csv
hHep,mDC,lr,balanced_accuracy,scconcept,0.5169942,0.5075230000000001,0.5224082,0.5180556,0.0010613999999999901,0.014885199999999932,4,5,8,8,4,False,True,4,results/transfer_v2/embedding_transfer_summary_v2.csv
hHep,mESC,mlp,balanced_accuracy,cl_v6_fair,0.5,0.492021,0.4944904,0.4958678,-0.004132199999999975,0.0024694000000000105,3,9,7,7,4,False,False,4,results/transfer_v2/embedding_transfer_summary_v2.csv
hHep,mHSC-E,mlp,balanced_accuracy,baseline,0.6279901999999999,0.6447984,0.6974146,0.7017826,0.07379240000000009,0.0526162,3,4,7,7,4,False,False,4,results/transfer_v2/embedding_transfer_summary_v2.csv
hHep,mHSC-E,mlp,balanced_accuracy,scGPT_human,0.6296638,0.595813,0.7422682,0.705918,0.07625420000000005,0.1464552,2,6,1,6,4,False,False,5,results/transfer_v2/embedding_transfer_summary_v2.csv
hHep,mHSC-GM,lr,balanced_accuracy,cl_scratch_v5,0.5840584,0.6220766,0.579505,0.5893024,0.005244000000000026,-0.04257159999999993,6,2,2,2,-4,False,False,4,results/transfer_v2/embedding_transfer_summary_v2.csv
hHep,mHSC-L,lr,balanced_accuracy,scconcept_encoded,0.5088820000000001,0.540883,0.5074314,0.5142032,0.005321199999999915,-0.033451600000000026,9,7,7,5,-4,False,True,4,results/transfer_v2/embedding_transfer_summary_v2.csv
hHep,mHSC-L,lr,balanced_accuracy,v4_bias_rec_best,0.5634616,0.6232804,0.5179992,0.5089708,-0.05449080000000006,-0.10528119999999996,4,2,4,8,4,False,True,4,results/transfer_v2/embedding_transfer_summary_v2.csv
mDC,hESC,lr,balanced_accuracy,cl_v6_fair,0.4097308,0.41525639999999997,0.4509988,0.4740894,0.06435859999999999,0.03574240000000001,10,8,9,6,-4,False,False,4,results/transfer_v2/embedding_transfer_summary_v2.csv
mDC,hESC,lr,balanced_accuracy,v4_type_pe_best,0.4509188,0.433901,0.392068,0.4282624,-0.02265640000000002,-0.041832999999999954,5,6,10,9,4,False,False,4,results/transfer_v2/embedding_transfer_summary_v2.csv
mDC,hESC,mlp,balanced_accuracy,v4_plain_best,0.4604164,0.408604,0.5037604,0.5614572,0.10104079999999999,0.09515639999999997,5,9,4,1,-4,False,False,5,results/transfer_v2/embedding_transfer_summary_v2.csv
mDC,hHep,lr,balanced_accuracy,v4_bias_rec_best,0.4066272,0.3978536,0.5330574,0.5266266,0.11999939999999992,0.13520380000000004,10,10,7,6,-4,False,False,4,results/transfer_v2/embedding_transfer_summary_v2.csv
mDC,hHep,lr,balanced_accuracy,v4_type_pe_best,0.4410276,0.47948219999999997,0.5463553999999999,0.5420934,0.10106579999999993,0.06687319999999997,8,5,3,4,-4,False,False,4,results/transfer_v2/embedding_transfer_summary_v2.csv
mDC,mHSC-E,mlp,balanced_accuracy,baseline,0.4705562,0.5468216,0.544157,0.5672942,0.09673799999999999,-0.002664600000000017,7,1,6,3,-4,False,False,5,results/transfer_v2/embedding_transfer_summary_v2.csv
mDC,mHSC-E,mlp,balanced_accuracy,minus,0.4717338,0.4978044,0.5548042,0.5740616,0.10232779999999997,0.05699979999999999,6,4,3,2,-4,False,False,4,results/transfer_v2/embedding_transfer_summary_v2.csv
mDC,mHSC-GM,lr,balanced_accuracy,cl_v6_fair,0.5077184,0.4525674,0.42579,0.4474124,-0.060306000000000026,-0.026777400000000007,3,8,10,7,4,False,False,4,results/transfer_v2/embedding_transfer_summary_v2.csv
mDC,mHSC-GM,mlp,balanced_accuracy,v4_type_pe_best,0.4596212,0.504807,0.5169008,0.538825,0.07920379999999999,0.012093800000000043,8,5,5,4,-4,False,False,4,results/transfer_v2/embedding_transfer_summary_v2.csv
mDC,mHSC-L,lr,balanced_accuracy,cl_scratch_v5,0.4778606,0.426883,0.48715780000000003,0.5462794,0.06841879999999995,0.06027480000000002,5,9,1,1,-4,False,False,8,results/transfer_v2/embedding_transfer_summary_v2.csv
mDC,mHSC-L,mlp,balanced_accuracy,cl_scratch_v5,0.4704382,0.4772728,0.5097994,0.5317606,0.061322400000000055,0.03252660000000002,6,7,3,2,-4,False,False,4,results/transfer_v2/embedding_transfer_summary_v2.csv
mDC,mHSC-L,mlp,balanced_accuracy,minus,0.4611994,0.4638212,0.4970356,0.5075618,0.04636239999999997,0.03321440000000003,8,9,5,4,-4,False,False,4,results/transfer_v2/embedding_transfer_summary_v2.csv
mESC,hESC,lr,balanced_accuracy,scconcept_encoded,0.5149032,,0.4843406,0.5061132,-0.008789999999999965,,1,,5,5,4,True,False,5,results/transfer_v2/embedding_transfer_summary_v2.csv
mESC,hHep,lr,balanced_accuracy,cl_v6_fair,0.5024457999999999,,0.4737876,0.4605278,-0.041917999999999955,,3,,7,7,4,False,False,7,results/transfer_v2/embedding_transfer_summary_v2.csv
mESC,mDC,mlp,balanced_accuracy,cl_v6_fair,0.4980792,0.4785328,0.4843316,0.4913398,-0.0067394000000000065,0.005798799999999993,8,8,8,4,-4,False,True,4,results/transfer_v2/embedding_transfer_summary_v2.csv
mESC,mHSC-GM,mlp,balanced_accuracy,minus,0.5137112,0.501733,0.5029064,0.5013834,-0.0123278,0.0011733999999999911,3,7,4,7,4,False,False,4,results/transfer_v2/embedding_transfer_summary_v2.csv
mESC,mHSC-GM,mlp,balanced_accuracy,scconcept,0.5033422000000001,0.5010478,0.5266432,0.5738096,0.07046739999999996,0.025595399999999935,5,8,1,1,-4,False,False,7,results/transfer_v2/embedding_transfer_summary_v2.csv
mHSC-E,hESC,lr,balanced_accuracy,scconcept,0.4854212,0.3940742,0.4234414,0.45809700000000003,-0.027324199999999965,0.029367200000000038,10,10,8,6,-4,False,False,4,results/transfer_v2/embedding_transfer_summary_v2.csv
mHSC-E,hESC,mlp,balanced_accuracy,scconcept,0.4684524,0.39407380000000003,0.35441320000000004,0.4570042,-0.011448199999999964,-0.03966059999999999,10,10,10,6,-4,False,False,4,results/transfer_v2/embedding_transfer_summary_v2.csv
mHSC-E,hESC,mlp,balanced_accuracy,scconcept_encoded,0.5136948,0.529085,0.453158,0.4595546,-0.05414020000000003,-0.07592700000000002,9,9,7,5,-4,False,False,4,results/transfer_v2/embedding_transfer_summary_v2.csv
mHSC-E,hHep,lr,balanced_accuracy,cl_v6_fair,0.6749620000000001,0.6775336,0.8189816,0.7594134,0.08445139999999995,0.14144800000000002,2,4,1,6,4,False,False,4,results/transfer_v2/embedding_transfer_summary_v2.csv
mHSC-E,mDC,lr,balanced_accuracy,minus,0.4711268,0.5236602,0.5128547999999999,0.552393,0.08126620000000001,-0.010805400000000076,9,2,8,5,-4,False,True,6,results/transfer_v2/embedding_transfer_summary_v2.csv
mHSC-E,mDC,lr,balanced_accuracy,v4_plain_best,0.5562644,0.5389036,0.5841856,0.527847,-0.028417400000000037,0.04528199999999993,3,1,6,7,4,False,True,5,results/transfer_v2/embedding_transfer_summary_v2.csv
mHSC-GM,hESC,lr,balanced_accuracy,v4_bias_rec_best,0.6348064,0.6301722000000001,0.46712560000000003,0.5234376,-0.11136880000000005,-0.16304660000000004,3,2,10,7,4,False,True,8,results/transfer_v2/embedding_transfer_summary_v2.csv
mHSC-GM,hHep,lr,balanced_accuracy,scconcept_encoded,0.5172928,0.4467376,0.5331792,0.5848766,0.06758379999999997,0.08644159999999995,9,10,9,5,-4,False,False,4,results/transfer_v2/embedding_transfer_summary_v2.csv
mHSC-GM,hHep,mlp,balanced_accuracy,v4_bias_rec_best,0.721422,0.748077,0.620679,0.5143888,-0.20703320000000003,-0.127398,4,1,3,8,4,False,False,4,results/transfer_v2/embedding_transfer_summary_v2.csv
mHSC-GM,mESC,mlp,balanced_accuracy,minus,0.4986644,0.5,0.5,0.5,0.0013355999999999923,0.0,6,2,2,2,-4,False,False,4,results/transfer_v2/embedding_transfer_summary_v2.csv
mHSC-GM,mESC,mlp,balanced_accuracy,v4_bias_rec_best,0.4973292,0.5,0.5,0.5,0.002670799999999973,0.0,10,6,5,6,-4,False,False,4,results/transfer_v2/embedding_transfer_summary_v2.csv
mHSC-L,hESC,lr,balanced_accuracy,minus,0.5689678,0.4999998,0.5804857999999999,0.501498,-0.06746980000000002,0.08048599999999995,6,9,4,10,4,False,False,5,results/transfer_v2/embedding_transfer_summary_v2.csv
mHSC-L,hESC,lr,balanced_accuracy,v4_bias_rec_best,0.594279,0.6021428,0.5097572,0.5572471999999999,-0.03703180000000006,-0.09238559999999996,2,3,8,6,4,False,True,5,results/transfer_v2/embedding_transfer_summary_v2.csv
mHSC-L,hESC,mlp,balanced_accuracy,cl_v6_fair,0.6597524,0.606111,0.5985022,0.5322266,-0.12752580000000002,-0.007608799999999971,3,5,2,7,4,False,False,4,results/transfer_v2/embedding_transfer_summary_v2.csv
mHSC-L,hHep,lr,balanced_accuracy,v4_plain_best,0.5419394,0.5547178,0.6112654,0.4953704,-0.04656899999999997,0.05654759999999992,5,7,5,9,4,False,True,4,results/transfer_v2/embedding_transfer_summary_v2.csv
mHSC-L,hHep,mlp,balanced_accuracy,scGPT_human,0.6605462,0.66625,0.554321,0.48549359999999997,-0.1750526,-0.11192900000000006,2,2,3,6,4,False,False,4,results/transfer_v2/embedding_transfer_summary_v2.csv
mHSC-L,mESC,mlp,balanced_accuracy,scconcept_encoded,0.496884,0.48333319999999996,0.5,0.5,0.0031160000000000077,0.016666800000000037,8,8,3,4,-4,False,False,5,results/transfer_v2/embedding_transfer_summary_v2.csv
mHSC-L,mESC,mlp,balanced_accuracy,v4_bias_rec_best,0.496439,0.5,0.5,0.5,0.003560999999999981,0.0,9,5,4,5,-4,False,False,4,results/transfer_v2/embedding_transfer_summary_v2.csv
hESC,hHep,lr,f1,minus,0.4108634,0.4662326,0.4138618,0.4094702,-0.0013931999999999833,-0.052370799999999995,6,5,3,2,-4,False,False,4,results/transfer_v2/embedding_transfer_summary_v2.csv
hESC,hHep,mlp,f1,minus,0.454953,0.5285508,0.3856512,0.3888188,-0.06613419999999998,-0.14289959999999996,5,3,1,1,-4,False,False,4,results/transfer_v2/embedding_transfer_summary_v2.csv
hESC,mDC,mlp,f1,cl_scratch_v5,0.4745844,0.4776108,0.057350200000000004,0.044315,-0.4302694,-0.4202606,4,4,9,8,4,False,False,5,results/transfer_v2/embedding_transfer_summary_v2.csv
hESC,mESC,mlp,f1,cl_scratch_v5,0.6800638,0.621176,0.026042,0.023975,-0.6560888,-0.5951339999999999,1,10,1,5,4,True,False,9,results/transfer_v2/embedding_transfer_summary_v2.csv
hESC,mESC,lr,f1,minus,0.680464,,0.026042,0.0198248,-0.6606392,,2,,2,6,4,False,False,4,results/transfer_v2/embedding_transfer_summary_v2.csv
hESC,mHSC-E,lr,f1,scconcept_encoded,0.36044160000000003,0.5070056000000001,0.18436539999999998,0.3191456,-0.041296000000000055,-0.32264020000000004,8,6,9,4,-4,False,True,4,results/transfer_v2/embedding_transfer_summary_v2.csv
hESC,mHSC-E,mlp,f1,minus,0.4529752,0.5695788,0.19962660000000002,0.1572506,-0.2957246,-0.36995220000000006,3,3,7,7,4,False,True,4,results/transfer_v2/embedding_transfer_summary_v2.csv
hESC,mHSC-GM,lr,f1,cl_v6_fair,0.6109074,0.5375942,0.5299208,0.4526846,-0.1582228,-0.007673400000000052,1,6,2,5,4,True,False,4,results/transfer_v2/embedding_transfer_summary_v2.csv
hESC,mHSC-GM,lr,f1,v4_bias_rec_best,0.5790974,0.5928028000000001,0.4454934,0.4226772,-0.1564202,-0.1473094000000001,4,3,7,8,4,False,False,4,results/transfer_v2/embedding_transfer_summary_v2.csv
hESC,mHSC-L,lr,f1,scGPT_human,0.5048596,0.6557944,0.3312256,0.3747352,-0.13012439999999997,-0.3245688,4,1,9,8,4,False,True,8,results/transfer_v2/embedding_transfer_summary_v2.csv
hESC,mHSC-L,mlp,f1,cl_v6_fair,0.5717736,0.4907316,0.498183,0.44050120000000004,-0.13127239999999996,0.007451399999999997,1,4,1,5,4,True,False,4,results/transfer_v2/embedding_transfer_summary_v2.csv
hESC,mHSC-L,mlp,f1,minus,0.5348468000000001,0.6164594,0.4008954,0.3282434,-0.20660340000000005,-0.21556399999999998,4,1,6,8,4,False,True,5,results/transfer_v2/embedding_transfer_summary_v2.csv
hHep,hESC,lr,f1,v4_bias_rec_best,0.3080726,0.2279556,0.3315382,0.345771,0.03769840000000002,0.1035826,8,8,7,4,-4,False,False,4,results/transfer_v2/embedding_transfer_summary_v2.csv
hHep,hESC,lr,f1,v4_plain_best,0.25497939999999997,0.2183476,0.3400628,0.335171,0.08019160000000003,0.1217152,10,10,6,6,-4,False,False,4,results/transfer_v2/embedding_transfer_summary_v2.csv
hHep,mDC,mlp,f1,v4_type_pe_best,0.2832682,0.3231488,0.1133972,0.114019,-0.16924920000000004,-0.2097516,6,6,10,10,4,False,True,4,results/transfer_v2/embedding_transfer_summary_v2.csv
hHep,mESC,mlp,f1,v4_plain_best,0.0,0.0,0.19170020000000002,0.19170020000000002,0.19170020000000002,0.19170020000000002,9,8,6,5,-4,False,False,4,results/transfer_v2/embedding_transfer_summary_v2.csv
hHep,mHSC-E,lr,f1,minus,0.4967346,0.672423,0.6587558,0.6470698,0.1503352,-0.01366719999999999,2,2,5,6,4,False,False,4,results/transfer_v2/embedding_transfer_summary_v2.csv
hHep,mHSC-E,mlp,f1,cl_v6_fair,0.4716384,0.6641962,0.6726494000000001,0.6619402,0.19030179999999997,0.00845320000000005,7,1,2,3,-4,False,False,4,results/transfer_v2/embedding_transfer_summary_v2.csv
hHep,mHSC-GM,lr,f1,cl_scratch_v5,0.4211994,0.5395166,0.2883484,0.3297894,-0.09140999999999999,-0.2511682,6,2,2,2,-4,False,False,4,results/transfer_v2/embedding_transfer_summary_v2.csv
hHep,mHSC-GM,mlp,f1,v4_bias_rec_best,0.4732474,0.5477042,0.1180524,0.18869460000000002,-0.28455279999999994,-0.4296518,2,1,10,6,4,False,True,9,results/transfer_v2/embedding_transfer_summary_v2.csv
hHep,mHSC-L,mlp,f1,baseline,0.2095922,0.3281644,0.0436492,0.0663604,-0.14323180000000002,-0.2845152,9,4,6,5,-4,False,False,4,results/transfer_v2/embedding_transfer_summary_v2.csv
mDC,hESC,mlp,f1,v4_bias_rec_best,0.1149304,0.0549428,0.2858704,0.22140300000000002,0.10647260000000001,0.2309276,5,8,7,9,4,False,False,4,results/transfer_v2/embedding_transfer_summary_v2.csv
mDC,hHep,lr,f1,scGPT_human,0.3397846,0.268613,0.5115986,0.5138576,0.17407300000000003,0.24298560000000002,7,8,3,3,-4,False,False,5,results/transfer_v2/embedding_transfer_summary_v2.csv
mDC,hHep,mlp,f1,scGPT_human,0.1368988,0.18896580000000002,0.5078714,0.5197638,0.382865,0.31890559999999996,9,7,5,5,-4,False,False,4,results/transfer_v2/embedding_transfer_summary_v2.csv
mDC,mHSC-E,lr,f1,cl_v6_fair,0.5375454000000001,0.3574748,0.4201332,0.4135856,-0.12395980000000006,0.0626584,1,4,2,5,4,True,False,4,results/transfer_v2/embedding_transfer_summary_v2.csv
mDC,mHSC-GM,mlp,f1,v4_bias_rec_best,0.2125202,0.0703036,0.266246,0.1849584,-0.027561799999999997,0.1959424,6,8,10,10,4,False,False,4,results/transfer_v2/embedding_transfer_summary_v2.csv
mDC,mHSC-L,lr,f1,scconcept,0.42333,0.2739426,0.3306906,0.3213618,-0.10196820000000001,0.05674800000000002,2,5,5,6,4,False,False,4,results/transfer_v2/embedding_transfer_summary_v2.csv
mDC,mHSC-L,mlp,f1,baseline,0.2001526,0.1104708,0.20589079999999998,0.160137,-0.04001560000000001,0.09541999999999999,5,7,8,9,4,False,False,4,results/transfer_v2/embedding_transfer_summary_v2.csv
mDC,mHSC-L,mlp,f1,v4_bias_rec_best,0.1936448,0.0782566,0.1705694,0.1050754,-0.0885694,0.09231280000000001,6,9,10,10,4,False,False,4,results/transfer_v2/embedding_transfer_summary_v2.csv
mESC,hHep,lr,f1,minus,0.4170728,0.4612784,0.4109596,0.4512406,0.03416779999999997,-0.0503188,9,5,6,5,-4,False,False,4,results/transfer_v2/embedding_transfer_summary_v2.csv
mESC,mDC,mlp,f1,scGPT_human,0.6303422,0.4627606,0.9321118,0.9175712,0.28722900000000007,0.4693512,2,9,3,6,4,False,False,6,results/transfer_v2/embedding_transfer_summary_v2.csv
mESC,mHSC-E,mlp,f1,cl_v6_fair,0.5716048,0.0920644,0.6464184,0.7885714,0.2169666,0.5543539999999999,5,9,5,1,-4,False,False,4,results/transfer_v2/embedding_transfer_summary_v2.csv
mESC,mHSC-E,mlp,f1,scGPT_human,0.623415,0.5871302,0.6511224,0.6587282,0.035313199999999934,0.06399219999999994,1,2,2,5,4,True,False,4,results/transfer_v2/embedding_transfer_summary_v2.csv
mESC,mHSC-E,mlp,f1,scconcept,0.6081066,0.1484528,0.5814958,0.6085674,0.00046079999999992793,0.433043,2,7,10,6,4,False,False,4,results/transfer_v2/embedding_transfer_summary_v2.csv
mESC,mHSC-GM,mlp,f1,v4_type_pe_best,0.5175322,0.6510452,0.37131,0.4290912,-0.08844099999999999,-0.2797352,8,2,8,4,-4,False,True,6,results/transfer_v2/embedding_transfer_summary_v2.csv
mHSC-E,hESC,mlp,f1,scGPT_human,0.5430590000000001,0.597926,0.2182104,0.1553454,-0.3877136000000001,-0.37971559999999993,6,4,9,10,4,False,False,5,results/transfer_v2/embedding_transfer_summary_v2.csv
mHSC-E,hHep,lr,f1,v4_bias_rec_best,0.6603014,0.7435758,0.7898474,0.8334542,0.1731528,0.04627159999999997,6,3,6,2,-4,False,False,4,results/transfer_v2/embedding_transfer_summary_v2.csv
mHSC-E,hHep,lr,f1,v4_plain_best,0.6689168,0.7026747999999999,0.7999436,0.8657012000000001,0.19678440000000008,0.09726880000000004,5,5,4,1,-4,False,False,4,results/transfer_v2/embedding_transfer_summary_v2.csv
mHSC-E,hHep,lr,f1,v4_type_pe_best,0.6294972,0.7780394,0.7896442,0.813962,0.18446479999999998,0.01160479999999997,8,2,7,4,-4,False,False,5,results/transfer_v2/embedding_transfer_summary_v2.csv
mHSC-E,hHep,mlp,f1,baseline,0.716622,0.616762,0.8186088,0.8188112,0.10218919999999998,0.2018468,3,8,6,7,4,False,False,4,results/transfer_v2/embedding_transfer_summary_v2.csv
mHSC-E,hHep,mlp,f1,scGPT_human,0.6779688,0.6585228,0.8222856,0.8282682,0.15029939999999997,0.1637628,8,6,5,4,-4,False,False,4,results/transfer_v2/embedding_transfer_summary_v2.csv
mHSC-E,hHep,mlp,f1,v4_plain_best,0.707247,0.6858652,0.8311562,0.880074,0.17282700000000006,0.14529100000000006,5,5,4,1,-4,False,False,4,results/transfer_v2/embedding_transfer_summary_v2.csv
mHSC-E,mDC,lr,f1,scconcept,0.4747788,0.597451,0.3453796,0.2318868,-0.242892,-0.25207139999999995,6,2,10,10,4,False,True,8,results/transfer_v2/embedding_transfer_summary_v2.csv
mHSC-E,mDC,lr,f1,v4_type_pe_best,0.49001,0.201813,0.6419984,0.5615176,0.07150759999999995,0.44018539999999995,5,8,1,1,-4,False,False,7,results/transfer_v2/embedding_transfer_summary_v2.csv
mHSC-E,mESC,mlp,f1,v4_type_pe_best,0.6772587999999999,,,0.933333,0.25607420000000003,,8,,,4,-4,False,False,4,results/transfer_v2/embedding_transfer_summary_v2.csv
mHSC-GM,hHep,lr,f1,v4_plain_best,0.5726076,0.6749656,0.6464278,0.4396844,-0.13292320000000002,-0.028537800000000058,7,4,3,3,-4,False,False,4,results/transfer_v2/embedding_transfer_summary_v2.csv
mHSC-GM,hHep,mlp,f1,baseline,0.7412386,0.570157,0.2119224,0.1289756,-0.612263,-0.3582346,1,8,8,5,4,True,False,4,results/transfer_v2/embedding_transfer_summary_v2.csv
mHSC-GM,hHep,mlp,f1,cl_scratch_v5,0.6185588,0.570958,0.3519358,0.2150204,-0.40353839999999996,-0.21902219999999994,7,7,4,3,-4,False,False,4,results/transfer_v2/embedding_transfer_summary_v2.csv
mHSC-GM,hHep,mlp,f1,scGPT_human,0.716,0.6714094,0.190225,0.1076144,-0.6083856,-0.48118440000000007,3,4,9,7,4,False,True,5,results/transfer_v2/embedding_transfer_summary_v2.csv
mHSC-GM,mDC,mlp,f1,cl_scratch_v5,0.5377278,0.7414156,0.5545024,0.3890548,-0.148673,-0.1869132,3,1,1,7,4,False,False,4,results/transfer_v2/embedding_transfer_summary_v2.csv
mHSC-GM,mESC,mlp,f1,scGPT_human,0.5437402,0.3166665,,0.0,-0.5437402,,7,6,,3,-4,False,False,6,results/transfer_v2/embedding_transfer_summary_v2.csv
mHSC-L,mDC,lr,f1,cl_scratch_v5,0.5716966,0.5668492,0.5115982,0.4899312,-0.08176539999999999,-0.05525100000000005,3,5,5,7,4,False,False,4,results/transfer_v2/embedding_transfer_summary_v2.csv
mHSC-L,mDC,mlp,f1,scconcept_encoded,0.5180228,0.3638024,0.5120196,0.5587246,0.04070180000000001,0.1482172,6,9,8,2,-4,False,False,4,results/transfer_v2/embedding_transfer_summary_v2.csv
mHSC-L,mDC,mlp,f1,v4_plain_best,0.52997,0.4265074,0.5657362,0.4474636,-0.08250640000000004,0.13922880000000004,5,7,6,9,4,False,False,4,results/transfer_v2/embedding_transfer_summary_v2.csv
mHSC-L,mESC,mlp,f1,scconcept_encoded,0.6776602,0.6169174,0.0,0.0,-0.6776602,-0.6169174,8,4,3,4,-4,False,False,4,results/transfer_v2/embedding_transfer_summary_v2.csv
mHSC-L,mESC,mlp,f1,v4_bias_rec_best,0.6772587999999999,0.481928,0.0,0.0,-0.6772587999999999,-0.481928,9,7,4,5,-4,False,False,4,results/transfer_v2/embedding_transfer_summary_v2.csv
mHSC-L,mHSC-E,lr,f1,v4_plain_best,0.4553066,0.4553066,0.4553066,0.367628,-0.0876786,0.0,5,5,5,9,4,False,False,4,results/transfer_v2/embedding_transfer_summary_v2.csv
hESC,hHep,lr,precision_at_k,v4_bias_rec_best,0.665,0.616,0.557,0.544,-0.121,-0.05899999999999994,3,4,5,7,4,False,True,4,results/transfer_v2/embedding_transfer_summary_v2.csv
hESC,hHep,mlp,precision_at_k,scGPT_human,0.631,0.585,0.467,0.456,-0.175,-0.11799999999999994,6,8,10,10,4,False,False,4,results/transfer_v2/embedding_transfer_summary_v2.csv
hESC,mDC,mlp,precision_at_k,scconcept,0.421,0.515,0.608,0.691275,0.270275,0.09299999999999997,7,3,3,3,-4,False,False,4,results/transfer_v2/embedding_transfer_summary_v2.csv
hESC,mESC,mlp,precision_at_k,cl_v6_fair,0.565,0.495,0.91,0.908,0.3430000000000001,0.41500000000000004,1,6,4,5,4,True,False,4,results/transfer_v2/embedding_transfer_summary_v2.csv
hESC,mESC,mlp,precision_at_k,v4_bias_rec_best,0.544,0.445,0.915,0.894,0.35,0.47000000000000003,6,10,2,10,4,False,False,8,results/transfer_v2/embedding_transfer_summary_v2.csv
hESC,mHSC-E,lr,precision_at_k,scGPT_human,0.676,0.51,0.54,0.568182,-0.10781800000000008,0.030000000000000027,1,8,6,5,4,True,False,4,results/transfer_v2/embedding_transfer_summary_v2.csv
hESC,mHSC-GM,mlp,precision_at_k,baseline,0.764,0.673,0.595,0.237113,-0.526887,-0.07800000000000007,5,2,1,9,4,False,False,4,results/transfer_v2/embedding_transfer_summary_v2.csv
hESC,mHSC-GM,mlp,precision_at_k,v4_bias_rec_best,0.72,0.78,0.547,0.443609,-0.276391,-0.23299999999999998,8,1,6,4,-4,False,True,5,results/transfer_v2/embedding_transfer_summary_v2.csv
hESC,mHSC-L,lr,precision_at_k,cl_v6_fair,0.716,0.618,0.5619999999999999,0.430894,-0.28510599999999997,-0.05600000000000005,1,4,6,5,4,True,False,4,results/transfer_v2/embedding_transfer_summary_v2.csv
hESC,mHSC-L,lr,precision_at_k,scconcept,0.592,0.472,0.552,0.485437,-0.10656299999999996,0.08000000000000007,8,10,8,4,-4,False,False,4,results/transfer_v2/embedding_transfer_summary_v2.csv
hESC,mHSC-L,lr,precision_at_k,scconcept_encoded,0.546,0.474,0.517,0.428571,-0.11742900000000006,0.04300000000000004,10,9,10,6,-4,False,False,4,results/transfer_v2/embedding_transfer_summary_v2.csv
hESC,mHSC-L,mlp,precision_at_k,cl_scratch_v5,0.725,0.606,0.559,0.40678,-0.31822,-0.04699999999999993,4,4,8,8,4,False,True,4,results/transfer_v2/embedding_transfer_summary_v2.csv
hHep,hESC,lr,precision_at_k,v4_plain_best,0.564,0.566,0.611,0.602,0.038000000000000034,0.04500000000000004,8,7,3,4,-4,False,False,4,results/transfer_v2/embedding_transfer_summary_v2.csv
hHep,hESC,mlp,precision_at_k,cl_scratch_v5,0.678,0.704,0.59,0.597,-0.08100000000000007,-0.11399999999999999,5,3,4,1,-4,False,True,4,results/transfer_v2/embedding_transfer_summary_v2.csv
hHep,hESC,mlp,precision_at_k,scGPT_human,0.6809999999999999,0.755,0.56,0.564,-0.11699999999999999,-0.19499999999999995,3,1,8,7,4,False,True,7,results/transfer_v2/embedding_transfer_summary_v2.csv
hHep,hESC,mlp,precision_at_k,v4_bias_rec_best,0.632,0.709,0.5760000000000001,0.578,-0.05400000000000005,-0.1329999999999999,8,2,6,4,-4,False,True,4,results/transfer_v2/embedding_transfer_summary_v2.csv
hHep,hESC,mlp,precision_at_k,v4_plain_best,0.645,0.634,0.601,0.59,-0.05500000000000005,-0.03300000000000003,7,6,2,3,-4,False,True,4,results/transfer_v2/embedding_transfer_summary_v2.csv
hHep,mDC,lr,precision_at_k,scconcept_encoded,0.54,0.599,0.735,0.736,0.19599999999999995,0.136,6,3,10,10,4,False,True,7,results/transfer_v2/embedding_transfer_summary_v2.csv
hHep,mDC,mlp,precision_at_k,scGPT_human,0.498,0.618,0.793,0.773,0.275,0.17500000000000004,9,3,3,5,-4,False,False,4,results/transfer_v2/embedding_transfer_summary_v2.csv
hHep,mDC,mlp,precision_at_k,scconcept,0.553,0.545,0.75,0.747,0.19399999999999995,0.20499999999999996,6,5,10,10,4,False,True,5,results/transfer_v2/embedding_transfer_summary_v2.csv
hHep,mESC,mlp,precision_at_k,baseline,0.54,0.569,0.914,0.914,0.374,0.3450000000000001,3,5,8,7,4,False,False,4,results/transfer_v2/embedding_transfer_summary_v2.csv
hHep,mESC,mlp,precision_at_k,minus,0.539,0.61,0.914,0.914,0.375,0.30400000000000005,4,1,9,8,4,False,False,8,results/transfer_v2/embedding_transfer_summary_v2.csv
hHep,mHSC-E,lr,precision_at_k,minus,0.643,0.59,0.846,0.571429,-0.07157100000000005,0.256,8,7,1,4,-4,False,False,6,results/transfer_v2/embedding_transfer_summary_v2.csv
hHep,mHSC-E,mlp,precision_at_k,cl_scratch_v5,0.815,0.626,0.77,0.297297,-0.517703,0.14400000000000002,6,5,5,10,4,False,False,4,results/transfer_v2/embedding_transfer_summary_v2.csv
hHep,mHSC-GM,lr,precision_at_k,cl_v6_fair,0.783,0.774,0.268,0.193548,-0.5894520000000001,-0.506,2,1,2,6,4,False,False,4,results/transfer_v2/embedding_transfer_summary_v2.csv
hHep,mHSC-GM,lr,precision_at_k,scconcept,0.511,0.432,0.2,0.244444,-0.266556,-0.23199999999999998,9,10,10,5,-4,False,False,4,results/transfer_v2/embedding_transfer_summary_v2.csv
hHep,mHSC-GM,mlp,precision_at_k,cl_scratch_v5,0.815,0.693,0.253,0.281046,-0.5339539999999999,-0.43999999999999995,6,3,5,2,-4,False,False,4,results/transfer_v2/embedding_transfer_summary_v2.csv
hHep,mHSC-L,mlp,precision_at_k,v4_type_pe_best,0.712,0.589,0.421,0.398551,-0.313449,-0.16799999999999998,5,5,1,1,-4,False,False,4,results/transfer_v2/embedding_transfer_summary_v2.csv
mDC,hESC,lr,precision_at_k,baseline,0.41,0.506329,0.237113,0.237113,-0.17288699999999999,-0.269216,5,6,1,1,-4,False,False,5,results/transfer_v2/embedding_transfer_summary_v2.csv
mDC,hESC,lr,precision_at_k,v4_type_pe_best,0.393,0.527778,0.237113,0.206522,-0.186478,-0.29066499999999995,6,4,10,10,4,False,False,6,results/transfer_v2/embedding_transfer_summary_v2.csv
mDC,hESC,mlp,precision_at_k,baseline,0.329,0.506329,0.237113,0.237113,-0.09188700000000002,-0.269216,5,6,1,1,-4,False,False,5,results/transfer_v2/embedding_transfer_summary_v2.csv
mDC,hESC,mlp,precision_at_k,scconcept,0.482,0.371429,0.237113,0.237113,-0.244887,-0.13431600000000002,2,10,6,6,4,False,False,4,results/transfer_v2/embedding_transfer_summary_v2.csv
mDC,hHep,lr,precision_at_k,scconcept_encoded,0.449,0.493,0.314,0.332,-0.11699999999999999,-0.179,5,7,10,9,4,False,False,4,results/transfer_v2/embedding_transfer_summary_v2.csv
mDC,hHep,mlp,precision_at_k,baseline,0.671,0.586,0.365,0.365,-0.30600000000000005,-0.22099999999999997,1,2,5,5,4,True,False,4,results/transfer_v2/embedding_transfer_summary_v2.csv
mDC,mESC,mlp,precision_at_k,scconcept,0.508,0.62766,0.894737,0.894737,0.386737,0.267077,8,1,4,4,-4,False,False,4,results/transfer_v2/embedding_transfer_summary_v2.csv
mDC,mESC,mlp,precision_at_k,v4_plain_best,0.546,0.470085,0.894737,0.894737,0.34873699999999996,0.42465200000000003,2,5,7,6,4,False,False,4,results/transfer_v2/embedding_transfer_summary_v2.csv
mDC,mHSC-E,lr,precision_at_k,baseline,0.40099999999999997,0.458,0.39,0.345,-0.055999999999999994,-0.068,5,8,6,9,4,False,False,4,results/transfer_v2/embedding_transfer_summary_v2.csv
mDC,mHSC-E,lr,precision_at_k,cl_scratch_v5,0.627,0.542714,0.428,0.416,-0.21100000000000002,-0.11471400000000004,2,4,2,6,4,False,False,4,results/transfer_v2/embedding_transfer_summary_v2.csv
mDC,mHSC-E,lr,precision_at_k,scGPT_human,0.398,0.596,0.449,0.484,0.08599999999999997,-0.14699999999999996,6,1,1,2,-4,False,False,4,results/transfer_v2/embedding_transfer_summary_v2.csv
mDC,mHSC-E,lr,precision_at_k,v4_bias_rec_best,0.369,0.571429,0.372,0.42,0.05099999999999999,-0.19942899999999997,9,3,7,5,-4,False,True,4,results/transfer_v2/embedding_transfer_summary_v2.csv
mDC,mHSC-E,lr,precision_at_k,v4_type_pe_best,0.479,0.427778,0.363,0.370588,-0.10841200000000001,-0.064778,3,9,8,7,4,False,False,4,results/transfer_v2/embedding_transfer_summary_v2.csv
mDC,mHSC-E,mlp,precision_at_k,baseline,0.394,0.468,0.432,0.357,-0.03700000000000003,-0.03600000000000003,5,8,4,9,4,False,False,4,results/transfer_v2/embedding_transfer_summary_v2.csv
mDC,mHSC-E,mlp,precision_at_k,cl_scratch_v5,0.511,0.542714,0.46399999999999997,0.412,-0.09900000000000003,-0.07871400000000006,2,4,1,6,4,False,False,4,results/transfer_v2/embedding_transfer_summary_v2.csv
mDC,mHSC-GM,mlp,precision_at_k,cl_v6_fair,0.444,0.488,0.355,0.297297,-0.14670300000000003,-0.133,5,6,5,9,4,False,True,4,results/transfer_v2/embedding_transfer_summary_v2.csv
mDC,mHSC-L,lr,precision_at_k,scconcept,0.505,0.576,0.355,0.41573,-0.08927000000000002,-0.22099999999999997,1,1,3,5,4,True,False,4,results/transfer_v2/embedding_transfer_summary_v2.csv
mDC,mHSC-L,mlp,precision_at_k,v4_plain_best,0.403,0.558824,0.345,0.426136,0.02313599999999999,-0.21382400000000001,7,3,8,3,-4,False,False,5,results/transfer_v2/embedding_transfer_summary_v2.csv
mESC,hESC,mlp,precision_at_k,scconcept_encoded,0.511,0.539,0.38666666666666666,0.42,-0.09100000000000003,-0.15233333333333338,5,5,2,1,-4,False,False,4,results/transfer_v2/embedding_transfer_summary_v2.csv
mESC,hHep,lr,precision_at_k,scconcept,0.529,0.586,0.39,0.358,-0.17100000000000004,-0.19599999999999995,4,3,6,8,4,False,False,4,results/transfer_v2/embedding_transfer_summary_v2.csv
mESC,hHep,lr,precision_at_k,v4_type_pe_best,0.472,0.552,0.373,0.34,-0.13199999999999995,-0.17900000000000005,6,4,8,10,4,False,False,4,results/transfer_v2/embedding_transfer_summary_v2.csv
mESC,mDC,mlp,precision_at_k,baseline,0.526,0.485,0.916,0.884615,0.358615,0.43100000000000005,3,8,1,7,4,False,False,7,results/transfer_v2/embedding_transfer_summary_v2.csv
mESC,mDC,mlp,precision_at_k,scconcept,0.541,0.53,0.914,0.925926,0.384926,0.384,1,4,2,5,4,True,True,4,results/transfer_v2/embedding_transfer_summary_v2.csv
mESC,mHSC-GM,mlp,precision_at_k,cl_v6_fair,0.518,0.547,0.22,0.309524,-0.208476,-0.32700000000000007,7,2,10,3,-4,False,False,8,results/transfer_v2/embedding_transfer_summary_v2.csv
mESC,mHSC-GM,mlp,precision_at_k,v4_bias_rec_best,0.509,0.484,0.24000000000000002,0.266667,-0.24233300000000002,-0.24399999999999997,9,9,3,5,-4,False,False,6,results/transfer_v2/embedding_transfer_summary_v2.csv
mHSC-E,hESC,lr,precision_at_k,v4_type_pe_best,0.627,0.588235,0.368932,0.368932,-0.258068,-0.21930299999999997,6,3,10,10,4,False,False,7,results/transfer_v2/embedding_transfer_summary_v2.csv
mHSC-E,hESC,mlp,precision_at_k,cl_v6_fair,0.591,0.380952,0.368932,0.368932,-0.222068,-0.01202000000000003,7,9,3,3,-4,False,False,6,results/transfer_v2/embedding_transfer_summary_v2.csv
mHSC-E,hESC,mlp,precision_at_k,v4_type_pe_best,0.637,0.588235,0.368932,0.368932,-0.26806800000000003,-0.21930299999999997,6,3,10,10,4,False,False,7,results/transfer_v2/embedding_transfer_summary_v2.csv
mHSC-E,hHep,lr,precision_at_k,scconcept,0.555,0.410256,0.529412,0.529412,-0.025588000000000055,0.11915599999999998,10,9,6,6,-4,False,False,4,results/transfer_v2/embedding_transfer_summary_v2.csv
mHSC-E,hHep,mlp,precision_at_k,scGPT_human,0.924,0.444444,0.529412,0.529412,-0.39458800000000005,0.08496799999999999,1,8,5,5,4,True,False,4,results/transfer_v2/embedding_transfer_summary_v2.csv
mHSC-E,hHep,mlp,precision_at_k,v4_plain_best,0.898,0.496894,0.529412,0.529412,-0.368588,0.03251799999999999,5,7,9,9,4,False,False,4,results/transfer_v2/embedding_transfer_summary_v2.csv
mHSC-E,mDC,lr,precision_at_k,scGPT_human,0.497,0.478723,0.516,0.501,0.0040000000000000036,0.037277000000000005,8,6,2,4,-4,False,False,4,results/transfer_v2/embedding_transfer_summary_v2.csv
mHSC-E,mESC,mlp,precision_at_k,v4_plain_best,0.518,,,0.875,0.357,,10,,,6,-4,False,False,4,results/transfer_v2/embedding_transfer_summary_v2.csv
mHSC-GM,hESC,lr,precision_at_k,minus,0.714,0.682927,0.368932,0.38,-0.33399999999999996,-0.31399499999999997,5,1,4,1,-4,False,False,4,results/transfer_v2/embedding_transfer_summary_v2.csv
mHSC-GM,hESC,lr,precision_at_k,v4_bias_rec_best,0.699,0.591837,0.368932,0.340206,-0.35879399999999995,-0.22290499999999996,6,5,8,10,4,False,False,4,results/transfer_v2/embedding_transfer_summary_v2.csv
mHSC-GM,hESC,mlp,precision_at_k,baseline,0.745,0.617021,0.368932,0.368932,-0.376068,-0.24808900000000006,6,4,1,2,-4,False,False,4,results/transfer_v2/embedding_transfer_summary_v2.csv
mHSC-GM,hESC,mlp,precision_at_k,v4_type_pe_best,0.746,0.408602,0.368932,0.368932,-0.377068,-0.03967000000000004,5,9,10,9,4,False,False,4,results/transfer_v2/embedding_transfer_summary_v2.csv
mHSC-GM,hHep,lr,precision_at_k,scGPT_human,0.84,0.494382,0.529412,0.529412,-0.310588,0.035030000000000006,1,9,5,5,4,True,False,4,results/transfer_v2/embedding_transfer_summary_v2.csv
mHSC-GM,hHep,lr,precision_at_k,scconcept,0.546,0.527778,0.529412,0.529412,-0.016588000000000047,0.0016340000000000243,10,8,6,6,-4,False,False,4,results/transfer_v2/embedding_transfer_summary_v2.csv
mHSC-GM,hHep,mlp,precision_at_k,scGPT_human,0.88,0.494382,0.529412,0.529412,-0.350588,0.035030000000000006,1,9,5,5,4,True,False,4,results/transfer_v2/embedding_transfer_summary_v2.csv
mHSC-GM,hHep,mlp,precision_at_k,scconcept,0.562,0.527778,0.529412,0.529412,-0.03258800000000006,0.0016340000000000243,10,8,6,6,-4,False,False,4,results/transfer_v2/embedding_transfer_summary_v2.csv
mHSC-GM,mESC,mlp,precision_at_k,baseline,0.532,0.409091,0.875,0.875,0.34299999999999997,0.465909,6,5,1,2,-4,False,False,4,results/transfer_v2/embedding_transfer_summary_v2.csv
mHSC-GM,mESC,mlp,precision_at_k,scGPT_human,0.532,0.463415,,0.875,0.34299999999999997,,7,3,,3,-4,False,False,4,results/transfer_v2/embedding_transfer_summary_v2.csv
mHSC-GM,mESC,mlp,precision_at_k,v4_bias_rec_best,0.527,0.414634,0.875,0.875,0.348,0.460366,10,4,5,6,-4,False,False,4,results/transfer_v2/embedding_transfer_summary_v2.csv
mHSC-L,hESC,mlp,precision_at_k,v4_plain_best,0.769,0.492754,0.368932,0.368932,-0.40006800000000003,-0.12382200000000004,5,6,9,9,4,False,False,4,results/transfer_v2/embedding_transfer_summary_v2.csv
mHSC-L,hESC,mlp,precision_at_k,v4_type_pe_best,0.769,0.603175,0.368932,0.368932,-0.40006800000000003,-0.23424300000000003,6,2,10,10,4,False,False,8,results/transfer_v2/embedding_transfer_summary_v2.csv
mHSC-L,hHep,lr,precision_at_k,minus,0.505,0.560606,0.529412,0.529412,0.02441199999999999,-0.031194000000000055,8,2,4,4,-4,False,False,4,results/transfer_v2/embedding_transfer_summary_v2.csv
mHSC-L,hHep,lr,precision_at_k,scGPT_human,0.694,0.516129,0.529412,0.529412,-0.16458799999999996,0.013283000000000045,1,3,5,5,4,True,False,4,results/transfer_v2/embedding_transfer_summary_v2.csv
mHSC-L,hHep,lr,precision_at_k,scconcept,0.45,0.484848,0.529412,0.529412,0.07941199999999998,0.04456399999999999,10,5,6,6,-4,False,False,4,results/transfer_v2/embedding_transfer_summary_v2.csv
mHSC-L,hHep,mlp,precision_at_k,cl_scratch_v5,0.598,0.481928,0.529412,0.529412,-0.06858799999999998,0.04748399999999997,6,6,2,2,-4,False,False,4,results/transfer_v2/embedding_transfer_summary_v2.csv
mHSC-L,hHep,mlp,precision_at_k,cl_v6_fair,0.595,0.649123,0.529412,0.529412,-0.06558799999999998,-0.11971100000000001,7,1,3,3,-4,False,False,4,results/transfer_v2/embedding_transfer_summary_v2.csv
mHSC-L,hHep,mlp,precision_at_k,minus,0.593,0.560606,0.529412,0.529412,-0.06358799999999998,-0.031194000000000055,8,2,4,4,-4,False,False,4,results/transfer_v2/embedding_transfer_summary_v2.csv
mHSC-L,hHep,mlp,precision_at_k,scconcept,0.481,0.484848,0.529412,0.529412,0.04841200000000001,0.04456399999999999,10,5,6,6,-4,False,False,4,results/transfer_v2/embedding_transfer_summary_v2.csv
mHSC-L,hHep,mlp,precision_at_k,v4_plain_best,0.704,0.438202,0.529412,0.529412,-0.17458799999999997,0.09121000000000001,5,8,9,9,4,False,False,4,results/transfer_v2/embedding_transfer_summary_v2.csv
mHSC-L,mDC,mlp,precision_at_k,baseline,0.5730000000000001,0.506024,0.502,0.487,-0.08600000000000008,-0.0040240000000000276,6,6,5,2,-4,False,False,4,results/transfer_v2/embedding_transfer_summary_v2.csv
mHSC-L,mDC,mlp,precision_at_k,scGPT_human,0.628,0.550847,0.514,0.468,-0.15999999999999998,-0.03684699999999996,4,4,1,8,4,False,False,4,results/transfer_v2/embedding_transfer_summary_v2.csv
mHSC-L,mESC,mlp,precision_at_k,scconcept_encoded,0.53,0.461538,0.875,0.875,0.345,0.413462,8,4,3,4,-4,False,False,4,results/transfer_v2/embedding_transfer_summary_v2.csv
mHSC-L,mHSC-E,mlp,precision_at_k,cl_scratch_v5,0.541,0.541,0.541,0.574,0.03299999999999992,0.0,7,7,7,3,-4,False,False,4,results/transfer_v2/embedding_transfer_summary_v2.csv
hESC,hHep,lr,auprc,scGPT_human,0.5563626,0.500259,0.4749024,0.4663468,-0.09001580000000003,-0.025356600000000007,7,10,10,10,3,False,False,3,results/transfer_v2/embedding_transfer_summary_v2.csv
hESC,hHep,mlp,auprc,cl_scratch_v5,0.5681930000000001,0.571033,0.5021152,0.506776,-0.061417000000000055,-0.06891780000000003,8,6,5,5,-3,False,False,3,results/transfer_v2/embedding_transfer_summary_v2.csv
hESC,hHep,mlp,auprc,scconcept,0.5209106,0.5556434,0.4997766,0.5017174,-0.01919320000000002,-0.055866799999999994,9,7,7,6,-3,False,False,3,results/transfer_v2/embedding_transfer_summary_v2.csv
hESC,mESC,lr,auprc,baseline,0.5168246,,0.8975854,0.8970174,0.3801928,,7,,6,10,3,False,False,6,results/transfer_v2/embedding_transfer_summary_v2.csv
hESC,mESC,lr,auprc,v4_bias_rec_best,0.5200504,,0.8975434,0.8973173999999999,0.3772669999999999,,3,,7,6,3,False,False,7,results/transfer_v2/embedding_transfer_summary_v2.csv
hESC,mHSC-E,lr,auprc,cl_v6_fair,0.5809896,0.5494498,0.5493203999999999,0.584353,0.0033634000000000164,-0.00012940000000005725,2,5,6,5,3,False,True,3,results/transfer_v2/embedding_transfer_summary_v2.csv
hESC,mHSC-E,mlp,auprc,cl_scratch_v5,0.5517954,0.6375296,0.5065342,0.6346652,0.0828698,-0.13099539999999998,6,2,8,3,-3,False,True,6,results/transfer_v2/embedding_transfer_summary_v2.csv
hESC,mHSC-E,mlp,auprc,v4_plain_best,0.5604808,0.4790836,0.5484964,0.5348876,-0.025593199999999983,0.0694128,4,9,2,7,3,False,False,7,results/transfer_v2/embedding_transfer_summary_v2.csv
hESC,mHSC-GM,lr,auprc,v4_type_pe_best,0.66613,0.6258252,0.5582172,0.4819274,-0.1842026,-0.067608,4,4,5,7,3,False,False,3,results/transfer_v2/embedding_transfer_summary_v2.csv
hESC,mHSC-L,lr,auprc,scconcept,0.5535238,0.4875042,0.5389176,0.5741584000000001,0.02063460000000006,0.0514134,9,10,8,6,-3,False,False,3,results/transfer_v2/embedding_transfer_summary_v2.csv
hESC,mHSC-L,lr,auprc,v4_plain_best,0.5788084,0.7053372,0.5921182,0.6104218,0.031613400000000014,-0.11321899999999996,8,1,2,5,-3,False,False,3,results/transfer_v2/embedding_transfer_summary_v2.csv
hESC,mHSC-L,lr,auprc,v4_type_pe_best,0.6138283999999999,0.5348222,0.5939675999999999,0.6307604,0.016932000000000058,0.059145399999999904,5,8,1,2,-3,False,False,7,results/transfer_v2/embedding_transfer_summary_v2.csv
hESC,mHSC-L,mlp,auprc,scconcept,0.5464366,0.4624966,0.5190468,0.590576,0.04413939999999994,0.05655020000000005,10,9,10,7,-3,False,False,3,results/transfer_v2/embedding_transfer_summary_v2.csv
hHep,mDC,lr,auprc,scGPT_human,0.5026208,0.6313456,0.8257862,0.8180962,0.3154754000000001,0.19444060000000007,8,2,3,5,-3,False,False,3,results/transfer_v2/embedding_transfer_summary_v2.csv
hHep,mDC,mlp,auprc,scconcept,0.5334260000000001,0.5564344,0.7873634,0.7856032,0.2521771999999999,0.23092900000000005,6,5,9,9,3,False,True,4,results/transfer_v2/embedding_transfer_summary_v2.csv
hHep,mDC,mlp,auprc,v4_bias_rec_best,0.6094522,0.6795932,0.8409718,0.8424862,0.23303399999999996,0.16137860000000004,1,1,5,4,3,True,True,4,results/transfer_v2/embedding_transfer_summary_v2.csv
hHep,mESC,mlp,auprc,cl_v6_fair,0.5132521999999999,0.5572766,0.932466,0.9323004,0.4190482000000001,0.3751894,5,5,3,8,3,False,False,3,results/transfer_v2/embedding_transfer_summary_v2.csv
hHep,mESC,mlp,auprc,v4_bias_rec_best,0.5129272,0.5902814,0.9323004,0.9323726,0.41944539999999997,0.3420190000000001,7,1,8,4,-3,False,True,7,results/transfer_v2/embedding_transfer_summary_v2.csv
hHep,mESC,mlp,auprc,v4_plain_best,0.5117894,0.5703778,0.9321612,0.9323354,0.4205460000000001,0.3617834,9,3,10,6,-3,False,True,7,results/transfer_v2/embedding_transfer_summary_v2.csv
hHep,mESC,mlp,auprc,v4_type_pe_best,0.5129638,0.48991619999999997,0.9324412,0.9324044,0.41944060000000005,0.442525,6,7,4,3,-3,False,False,3,results/transfer_v2/embedding_transfer_summary_v2.csv
hHep,mHSC-E,lr,auprc,cl_scratch_v5,0.6487404,0.6750024,0.8309104,0.768672,0.11993160000000003,0.15590800000000005,5,4,4,8,3,False,False,3,results/transfer_v2/embedding_transfer_summary_v2.csv
hHep,mHSC-E,lr,auprc,v4_bias_rec_best,0.6273406,0.7471502,0.790733,0.8963664,0.2690258,0.04358280000000003,7,2,8,4,-3,False,False,6,results/transfer_v2/embedding_transfer_summary_v2.csv
hHep,mHSC-GM,lr,auprc,cl_v6_fair,0.7072798,0.7729214,0.425552,0.383623,-0.3236568,-0.3473694,2,1,3,5,3,False,True,3,results/transfer_v2/embedding_transfer_summary_v2.csv
hHep,mHSC-GM,lr,auprc,scconcept_encoded,0.5373644,0.5065381999999999,0.3219688,0.3263458,-0.21101859999999995,-0.18456939999999994,9,8,8,6,-3,False,False,3,results/transfer_v2/embedding_transfer_summary_v2.csv
hHep,mHSC-GM,mlp,auprc,cl_v6_fair,0.7471238,0.7775696,0.3889126,0.3200448,-0.427079,-0.388657,4,2,5,7,3,False,False,3,results/transfer_v2/embedding_transfer_summary_v2.csv
hHep,mHSC-GM,mlp,auprc,scGPT_human,0.760662,0.6818188000000001,0.3130938,0.3719638,-0.38869819999999994,-0.3687250000000001,2,7,9,5,3,False,False,3,results/transfer_v2/embedding_transfer_summary_v2.csv
hHep,mHSC-GM,mlp,auprc,v4_plain_best,0.7449274,0.5094106,0.35427379999999997,0.3053748,-0.4395526,-0.15513680000000007,5,9,8,8,3,False,False,3,results/transfer_v2/embedding_transfer_summary_v2.csv
hHep,mHSC-L,lr,auprc,cl_scratch_v5,0.6421726,0.6254022,0.4642672,0.4438762,-0.19829639999999998,-0.16113500000000003,3,5,4,6,3,False,True,3,results/transfer_v2/embedding_transfer_summary_v2.csv
hHep,mHSC-L,lr,auprc,cl_v6_fair,0.6452448000000001,0.5694308,0.436334,0.446901,-0.19834380000000007,-0.13309680000000002,2,6,7,5,3,False,True,3,results/transfer_v2/embedding_transfer_summary_v2.csv
mDC,hESC,lr,auprc,baseline,0.462965,0.481585,0.3237032,0.2456578,-0.2173072,-0.15788179999999996,6,3,1,3,-3,False,False,3,results/transfer_v2/embedding_transfer_summary_v2.csv
mDC,hESC,lr,auprc,cl_v6_fair,0.4345596,0.4885058,0.1989384,0.2192706,-0.21528899999999998,-0.28956740000000003,9,2,10,6,-3,False,True,8,results/transfer_v2/embedding_transfer_summary_v2.csv
mDC,hESC,mlp,auprc,v4_plain_best,0.4339122,0.418929,0.2274774,0.2851546,-0.14875760000000005,-0.1914516,5,9,6,2,-3,False,False,3,results/transfer_v2/embedding_transfer_summary_v2.csv
mDC,hESC,mlp,auprc,v4_type_pe_best,0.4271412,0.4445034,0.1965026,0.2157112,-0.21143,-0.2480008,7,7,10,10,3,False,False,3,results/transfer_v2/embedding_transfer_summary_v2.csv
mDC,hHep,lr,auprc,baseline,0.5418499999999999,0.574864,0.5037092,0.5037092,-0.038140799999999975,-0.07115480000000007,2,2,6,5,3,False,False,4,results/transfer_v2/embedding_transfer_summary_v2.csv
mDC,hHep,lr,auprc,scconcept,0.5372274,0.6372342,0.5050872,0.4845556,-0.052671800000000046,-0.13214700000000001,3,1,5,6,3,False,False,4,results/transfer_v2/embedding_transfer_summary_v2.csv
mDC,hHep,mlp,auprc,baseline,0.5921988,0.6206648,0.536906,0.536906,-0.05529280000000003,-0.08375880000000002,1,3,5,4,3,True,False,3,results/transfer_v2/embedding_transfer_summary_v2.csv
mDC,hHep,mlp,auprc,cl_v6_fair,0.4797884,0.554217,0.5535534,0.5239384,0.04415000000000002,-0.0006635999999999864,8,4,4,5,-3,False,False,3,results/transfer_v2/embedding_transfer_summary_v2.csv
mDC,hHep,mlp,auprc,v4_plain_best,0.5071418,0.6531736,0.6576326,0.6374666,0.13032480000000002,0.004458999999999991,4,1,1,1,-3,False,False,3,results/transfer_v2/embedding_transfer_summary_v2.csv
mDC,mESC,mlp,auprc,scGPT_human,0.5142468,,0.8999713333333333,0.8958646666666666,0.38161786666666664,,4,,2,1,-3,False,False,3,results/transfer_v2/embedding_transfer_summary_v2.csv
mDC,mESC,mlp,auprc,v4_bias_rec_best,0.5151796,0.35742324999999997,0.89472325,0.8940755,0.37889590000000006,0.5373,2,9,6,5,3,False,False,3,results/transfer_v2/embedding_transfer_summary_v2.csv
mDC,mHSC-E,lr,auprc,cl_scratch_v5,0.5854572,0.5643172,0.44868020000000003,0.4660334,-0.11942380000000002,-0.11563699999999993,2,3,4,5,3,False,False,3,results/transfer_v2/embedding_transfer_summary_v2.csv
mDC,mHSC-E,mlp,auprc,cl_v6_fair,0.5372608,0.5950074,0.5189090000000001,0.5449206,0.007659799999999994,-0.0760983999999999,1,2,2,4,3,True,False,3,results/transfer_v2/embedding_transfer_summary_v2.csv
mDC,mHSC-E,mlp,auprc,scGPT_human,0.464991,0.5885758,0.5023592,0.5622192,0.09722820000000004,-0.08621659999999998,5,3,3,2,-3,False,False,3,results/transfer_v2/embedding_transfer_summary_v2.csv
mDC,mHSC-GM,lr,auprc,scconcept_encoded,0.5149638,0.6262804,0.325622,0.3361082,-0.17885559999999995,-0.30065839999999994,3,2,7,6,3,False,True,5,results/transfer_v2/embedding_transfer_summary_v2.csv
mDC,mHSC-GM,lr,auprc,v4_type_pe_best,0.4604414,0.3894592,0.3443112,0.3655574,-0.09488400000000002,-0.04514800000000002,7,10,4,4,-3,False,False,6,results/transfer_v2/embedding_transfer_summary_v2.csv
mDC,mHSC-L,lr,auprc,minus,0.4762216,0.427576,0.3510844,0.40203880000000003,-0.0741828,-0.07649159999999999,6,7,5,3,-3,False,False,3,results/transfer_v2/embedding_transfer_summary_v2.csv
mDC,mHSC-L,mlp,auprc,cl_scratch_v5,0.4668182,0.4599436,0.4093078,0.5270778,0.060259600000000024,-0.05063580000000001,4,7,1,1,-3,False,False,6,results/transfer_v2/embedding_transfer_summary_v2.csv
mDC,mHSC-L,mlp,auprc,scGPT_human,0.4670034,0.5628712,0.39669540000000003,0.3973806,-0.06962280000000004,-0.16617579999999998,3,3,5,6,3,False,False,3,results/transfer_v2/embedding_transfer_summary_v2.csv
mDC,mHSC-L,mlp,auprc,v4_bias_rec_best,0.4386068,0.396411,0.355513,0.3869468,-0.05166000000000004,-0.04089799999999999,10,10,10,7,-3,False,False,3,results/transfer_v2/embedding_transfer_summary_v2.csv
mESC,hHep,lr,auprc,v4_type_pe_best,0.4906564,0.5737988,0.3779904,0.3252214,-0.165435,-0.19580840000000005,7,4,8,10,3,False,False,4,results/transfer_v2/embedding_transfer_summary_v2.csv
mESC,mDC,mlp,auprc,scGPT_human,0.5207906,0.5642448,0.884587,0.8624732,0.34168260000000006,0.3203422,5,1,8,8,3,False,True,7,results/transfer_v2/embedding_transfer_summary_v2.csv
mESC,mDC,mlp,auprc,v4_bias_rec_best,0.503639,0.5128132,0.9027374,0.8936544,0.3900154,0.38992420000000005,10,5,5,7,-3,False,True,3,results/transfer_v2/embedding_transfer_summary_v2.csv
mESC,mHSC-L,mlp,auprc,v4_plain_best,0.5050654,0.5915816,0.3583202,0.34378960000000003,-0.16127579999999997,-0.23326140000000006,9,1,3,6,-3,False,True,3,results/transfer_v2/embedding_transfer_summary_v2.csv
mHSC-E,hESC,lr,auprc,v4_type_pe_best,0.5850348,0.6913976000000001,0.35225839999999997,0.4030668,-0.18196799999999996,-0.3391392000000001,6,2,5,3,-3,False,False,3,results/transfer_v2/embedding_transfer_summary_v2.csv
mHSC-E,hESC,mlp,auprc,baseline,0.6215062,0.6463378,0.351107,0.4286978,-0.1928084,-0.29523079999999996,4,5,3,1,-3,False,False,3,results/transfer_v2/embedding_transfer_summary_v2.csv
mHSC-E,hESC,mlp,auprc,scconcept_encoded,0.4936682,0.4216098,0.3222206,0.3350804,-0.1585878,-0.09938919999999996,9,10,8,6,-3,False,False,3,results/transfer_v2/embedding_transfer_summary_v2.csv
mHSC-E,hHep,mlp,auprc,baseline,0.7609668,0.8025052,0.9442918,0.9421832,0.18121639999999994,0.14178659999999998,8,4,6,5,-3,False,False,3,results/transfer_v2/embedding_transfer_summary_v2.csv
mHSC-E,mDC,mlp,auprc,cl_v6_fair,0.5672422,0.363233,0.6134338,0.6496292,0.08238699999999999,0.25020080000000006,4,9,1,1,-3,False,False,8,results/transfer_v2/embedding_transfer_summary_v2.csv
mHSC-E,mDC,mlp,auprc,scGPT_human,0.5053556,0.4018488,0.560916,0.5537146,0.04835899999999993,0.15906719999999996,8,7,6,5,-3,False,False,3,results/transfer_v2/embedding_transfer_summary_v2.csv
mHSC-E,mDC,mlp,auprc,v4_plain_best,0.5683476000000001,0.4549004,0.5629884,0.526268,-0.042079600000000106,0.10808800000000007,3,6,5,6,3,False,False,3,results/transfer_v2/embedding_transfer_summary_v2.csv
mHSC-E,mESC,mlp,auprc,v4_bias_rec_best,0.5133934,,,0.875,0.3616066,,8,,,5,-3,False,False,3,results/transfer_v2/embedding_transfer_summary_v2.csv
mHSC-E,mHSC-GM,mlp,auprc,minus,0.6869922,0.6869922,0.6869922,0.6636108,-0.023381400000000108,0.0,5,5,5,8,3,False,False,3,results/transfer_v2/embedding_transfer_summary_v2.csv
mHSC-GM,hESC,lr,auprc,baseline,0.6191916,0.7999292,0.5262132,0.5008480000000001,-0.11834359999999988,-0.27371599999999996,8,2,4,5,-3,False,False,3,results/transfer_v2/embedding_transfer_summary_v2.csv
mHSC-GM,hESC,lr,auprc,scGPT_human,0.6353464,0.5515604000000001,0.44717460000000003,0.507437,-0.12790939999999995,-0.10438580000000003,7,7,8,4,-3,False,False,3,results/transfer_v2/embedding_transfer_summary_v2.csv
mHSC-GM,hHep,mlp,auprc,scconcept_encoded,0.5852872,0.672936,0.6304544,0.678307,0.09301979999999999,-0.04248160000000001,9,10,9,6,-3,False,False,3,results/transfer_v2/embedding_transfer_summary_v2.csv
mHSC-GM,hHep,mlp,auprc,v4_bias_rec_best,0.7839356,0.8690584,0.7741294,0.7252986,-0.05863699999999994,-0.09492900000000004,2,1,3,5,3,False,False,3,results/transfer_v2/embedding_transfer_summary_v2.csv
mHSC-GM,hHep,mlp,auprc,v4_plain_best,0.696021,0.7753426,0.7787620000000001,0.7530694,0.0570484,0.0034194000000000724,6,5,2,3,-3,False,False,3,results/transfer_v2/embedding_transfer_summary_v2.csv
mHSC-GM,hHep,mlp,auprc,v4_type_pe_best,0.7621632,0.8086884,0.7641684,0.7816752,0.019511999999999974,-0.044520000000000004,4,4,6,1,-3,False,False,3,results/transfer_v2/embedding_transfer_summary_v2.csv
mHSC-GM,mDC,lr,auprc,baseline,0.5121564,0.5587156,0.534315,0.5732922,0.06113580000000007,-0.024400599999999995,8,4,7,5,-3,False,False,3,results/transfer_v2/embedding_transfer_summary_v2.csv
mHSC-GM,mDC,lr,auprc,minus,0.6085438,0.507029,0.4707446,0.5337312000000001,-0.0748125999999999,-0.03628439999999994,3,5,10,6,3,False,False,5,results/transfer_v2/embedding_transfer_summary_v2.csv
mHSC-GM,mDC,lr,auprc,v4_bias_rec_best,0.6256906,0.574997,0.5919778,0.5868968,-0.03879379999999999,0.016980800000000018,1,3,4,4,3,True,False,3,results/transfer_v2/embedding_transfer_summary_v2.csv
mHSC-GM,mDC,mlp,auprc,baseline,0.5563452,0.5419316,0.5685116,0.5931770000000001,0.03683180000000008,0.026580000000000048,6,4,7,3,-3,False,False,3,results/transfer_v2/embedding_transfer_summary_v2.csv
mHSC-L,hESC,lr,auprc,v4_type_pe_best,0.6006218,0.6756584,0.5076514,0.5745286000000001,-0.026093199999999928,-0.16800700000000002,4,3,3,1,-3,False,False,3,results/transfer_v2/embedding_transfer_summary_v2.csv
mHSC-L,hHep,lr,auprc,cl_scratch_v5,0.6087974,0.5998116,0.6218088,0.709422,0.10062459999999995,0.02199720000000005,4,5,6,1,-3,False,True,3,results/transfer_v2/embedding_transfer_summary_v2.csv
mHSC-L,hHep,lr,auprc,scconcept_encoded,0.513936,0.63905,0.615362,0.6231848,0.10924880000000003,-0.023688000000000042,7,4,7,4,-3,False,True,3,results/transfer_v2/embedding_transfer_summary_v2.csv
mHSC-L,hHep,lr,auprc,v4_bias_rec_best,0.5560882,0.6773596000000001,0.4629722,0.6588064,0.10271819999999998,-0.21438740000000006,6,3,10,3,-3,False,True,7,results/transfer_v2/embedding_transfer_summary_v2.csv
mHSC-L,hHep,mlp,auprc,baseline,0.6836728,0.4821286,0.5447738,0.5153564,-0.16831639999999992,0.06264519999999996,4,10,8,7,3,False,False,3,results/transfer_v2/embedding_transfer_summary_v2.csv
mHSC-L,hHep,mlp,auprc,scGPT_human,0.704904,0.7523542,0.6096954,0.5200506,-0.18485339999999995,-0.14265879999999997,3,3,3,6,3,False,False,3,results/transfer_v2/embedding_transfer_summary_v2.csv
mHSC-L,mDC,lr,auprc,minus,0.5498868,0.5905016000000001,0.4741128,0.5106498,-0.039236999999999966,-0.11638880000000007,7,5,9,4,-3,False,False,4,results/transfer_v2/embedding_transfer_summary_v2.csv
mHSC-L,mDC,mlp,auprc,baseline,0.5357942,0.6930354,0.6138632,0.5619358,0.026141599999999987,-0.07917219999999991,7,2,5,4,-3,False,False,3,results/transfer_v2/embedding_transfer_summary_v2.csv
mHSC-L,mESC,mlp,auprc,scconcept_encoded,0.5145438,0.4680026,0.875,0.875,0.3604562,0.4069974,7,4,3,4,-3,False,False,3,results/transfer_v2/embedding_transfer_summary_v2.csv
mHSC-L,mESC,mlp,auprc,v4_bias_rec_best,0.5134094,0.3156555,0.875,0.875,0.3615906,0.5593445,8,8,4,5,-3,False,False,4,results/transfer_v2/embedding_transfer_summary_v2.csv
mHSC-L,mHSC-E,lr,auprc,v4_plain_best,0.5683972,0.5683972,0.5683972,0.5105938,-0.05780340000000006,0.0,4,4,4,7,3,False,False,3,results/transfer_v2/embedding_transfer_summary_v2.csv
mHSC-L,mHSC-E,mlp,auprc,cl_scratch_v5,0.5558592,0.5558592,0.5558592,0.5709556,0.01509640000000001,0.0,8,8,8,5,-3,False,False,3,results/transfer_v2/embedding_transfer_summary_v2.csv
hESC,hHep,lr,auroc,cl_scratch_v5,0.4972428,0.5072172,0.5198872,0.5221015999999999,0.02485879999999996,0.012669999999999959,8,8,5,5,-3,False,False,3,results/transfer_v2/embedding_transfer_summary_v2.csv
hESC,hHep,mlp,auroc,cl_v6_fair,0.5656358,0.5980496,0.4642546,0.4622618,-0.10337400000000002,-0.13379499999999994,6,3,9,9,3,False,True,6,results/transfer_v2/embedding_transfer_summary_v2.csv
hESC,mDC,mlp,auroc,cl_scratch_v5,0.5027986,0.4734772,0.3190986,0.3092312,-0.1935674,-0.15437859999999998,5,3,9,8,3,False,True,6,results/transfer_v2/embedding_transfer_summary_v2.csv
hESC,mDC,mlp,auroc,scGPT_human,0.5047606,0.5083192,0.518756,0.5786424,0.0738818,0.010436800000000024,4,2,2,1,-3,False,False,3,results/transfer_v2/embedding_transfer_summary_v2.csv
hESC,mDC,mlp,auroc,scconcept_encoded,0.5817854,0.6220392,0.6063876,0.4517122,-0.1300732,-0.015651599999999988,1,1,1,4,3,True,False,3,results/transfer_v2/embedding_transfer_summary_v2.csv
hESC,mESC,lr,auroc,baseline,0.4993416,,0.5076518,0.5047492,0.005407600000000012,,7,,6,10,3,False,False,6,results/transfer_v2/embedding_transfer_summary_v2.csv
hESC,mESC,lr,auroc,cl_v6_fair,0.5017804,,0.5137200000000001,0.510158,0.008377599999999985,,5,,2,2,-3,False,False,3,results/transfer_v2/embedding_transfer_summary_v2.csv
hESC,mESC,lr,auroc,scGPT_human,0.5005272,0.493243,0.5100382,0.5077834,0.007256200000000046,0.01679520000000001,6,3,3,3,-3,False,False,3,results/transfer_v2/embedding_transfer_summary_v2.csv
hESC,mESC,lr,auroc,scconcept_encoded,0.495681,,0.5149196,0.5063322,0.010651200000000027,,9,,1,6,-3,False,False,3,results/transfer_v2/embedding_transfer_summary_v2.csv
hESC,mHSC-E,lr,auroc,scGPT_human,0.5683584,0.4653,0.5179708,0.5239766,-0.04438180000000003,0.05267079999999996,1,10,6,4,3,True,False,4,results/transfer_v2/embedding_transfer_summary_v2.csv
hESC,mHSC-E,lr,auroc,v4_plain_best,0.5302558,0.48219819999999997,0.5639476,0.5544682,0.024212399999999912,0.08174940000000003,5,9,2,2,-3,False,False,7,results/transfer_v2/embedding_transfer_summary_v2.csv
hESC,mHSC-E,mlp,auroc,cl_scratch_v5,0.5381096,0.5855572,0.4693994,0.4931452,-0.04496439999999996,-0.11615779999999998,6,4,8,3,-3,False,True,4,results/transfer_v2/embedding_transfer_summary_v2.csv
hESC,mHSC-E,mlp,auroc,cl_v6_fair,0.584906,0.612618,0.4999248,0.4478058,-0.13710020000000006,-0.1126932,1,3,6,4,3,True,True,3,results/transfer_v2/embedding_transfer_summary_v2.csv
hESC,mHSC-GM,lr,auroc,minus,0.6659868,0.5383674,0.6395788,0.678601,0.01261420000000002,0.10121139999999995,7,8,6,4,-3,False,False,3,results/transfer_v2/embedding_transfer_summary_v2.csv
hESC,mHSC-GM,mlp,auroc,scconcept_encoded,0.5888802,0.5887662,0.651722,0.6398184,0.050938200000000045,0.0629558,10,6,7,7,-3,False,False,3,results/transfer_v2/embedding_transfer_summary_v2.csv
hESC,mHSC-GM,mlp,auroc,v4_type_pe_best,0.7410636,0.6743598,0.666897,0.6644464,-0.07661720000000005,-0.007462799999999992,3,3,4,6,3,False,False,3,results/transfer_v2/embedding_transfer_summary_v2.csv
hESC,mHSC-L,lr,auroc,baseline,0.5774878,0.6519458,0.5853224,0.6415772,0.06408939999999996,-0.0666234,8,3,7,5,-3,False,False,4,results/transfer_v2/embedding_transfer_summary_v2.csv
hESC,mHSC-L,lr,auroc,minus,0.5907414,0.5823962,0.6097618,0.5458332,-0.044908199999999954,0.02736559999999999,6,8,2,9,3,False,False,6,results/transfer_v2/embedding_transfer_summary_v2.csv
hESC,mHSC-L,lr,auroc,v4_type_pe_best,0.6238278,0.6188276,0.6207516,0.7146574,0.09082959999999995,0.0019239999999999258,4,7,1,1,-3,False,False,6,results/transfer_v2/embedding_transfer_summary_v2.csv
hESC,mHSC-L,mlp,auroc,scconcept,0.5353358,0.4987368,0.5445688,0.5897358,0.054400000000000004,0.045831999999999984,10,9,9,7,-3,False,False,3,results/transfer_v2/embedding_transfer_summary_v2.csv
hESC,mHSC-L,mlp,auroc,v4_bias_rec_best,0.6395932,0.634854,0.6148908,0.5854838,-0.054109399999999974,-0.01996320000000007,5,5,4,8,3,False,False,3,results/transfer_v2/embedding_transfer_summary_v2.csv
hHep,hESC,lr,auroc,v4_plain_best,0.6110952,0.5425658,0.6820964,0.6742264,0.06313120000000005,0.13953060000000006,7,8,3,4,-3,False,False,5,results/transfer_v2/embedding_transfer_summary_v2.csv
hHep,mDC,lr,auroc,cl_v6_fair,0.5123176,0.47760980000000003,0.7109006,0.7080301999999999,0.1957125999999999,0.23329079999999996,5,6,2,2,-3,False,False,4,results/transfer_v2/embedding_transfer_summary_v2.csv
hHep,mDC,lr,auroc,v4_plain_best,0.5502476000000001,0.4347244,0.659467,0.658039,0.10779139999999998,0.22474260000000001,2,9,5,5,3,False,False,4,results/transfer_v2/embedding_transfer_summary_v2.csv
hHep,mDC,mlp,auroc,scconcept,0.5162972,0.5141318,0.5897426,0.5836734,0.0673762,0.07561079999999998,6,6,9,9,3,False,True,3,results/transfer_v2/embedding_transfer_summary_v2.csv
hHep,mESC,lr,auroc,cl_v6_fair,0.4959774,0.492021,0.508773,0.49058060000000003,-0.005396799999999979,0.016752000000000045,7,4,1,10,3,False,False,3,results/transfer_v2/embedding_transfer_summary_v2.csv
hHep,mESC,mlp,auroc,cl_v6_fair,0.4951202,0.492021,0.4944268,0.493113,-0.0020071999999999868,0.0024058000000000135,5,4,3,8,3,False,False,3,results/transfer_v2/embedding_transfer_summary_v2.csv
hHep,mESC,mlp,auroc,scGPT_human,0.491599,0.518496,0.494215,0.4933884,0.0017893999999999965,-0.02428099999999994,10,1,4,7,-3,False,False,3,results/transfer_v2/embedding_transfer_summary_v2.csv
hHep,mHSC-E,lr,auroc,baseline,0.615492,0.7354102,0.7857912,0.8340526,0.2185606,0.05038100000000001,8,4,6,5,-3,False,False,3,results/transfer_v2/embedding_transfer_summary_v2.csv
hHep,mHSC-E,lr,auroc,v4_bias_rec_best,0.6384878,0.7710038,0.7645356,0.7793212,0.1408334,-0.006468200000000035,5,2,8,8,3,False,True,6,results/transfer_v2/embedding_transfer_summary_v2.csv
hHep,mHSC-E,mlp,auroc,cl_scratch_v5,0.708686,0.6575799999999999,0.7904626,0.8172866,0.10860059999999994,0.13288260000000007,7,7,4,4,-3,False,False,3,results/transfer_v2/embedding_transfer_summary_v2.csv
hHep,mHSC-E,mlp,auroc,minus,0.715648,0.7309706,0.8407068,0.8243346,0.10868660000000008,0.10973619999999995,6,3,1,3,-3,False,False,3,results/transfer_v2/embedding_transfer_summary_v2.csv
hHep,mHSC-E,mlp,auroc,v4_type_pe_best,0.7205898,0.760538,0.7742848,0.831171,0.11058120000000005,0.013746799999999948,5,2,6,2,-3,False,False,4,results/transfer_v2/embedding_transfer_summary_v2.csv
hHep,mHSC-GM,mlp,auroc,cl_v6_fair,0.7560928,0.6901976,0.7046632,0.6093336,-0.14675919999999998,0.014465600000000078,4,6,3,7,3,False,False,3,results/transfer_v2/embedding_transfer_summary_v2.csv
hHep,mHSC-L,mlp,auroc,cl_scratch_v5,0.6638994,0.5731756,0.6063004,0.5541364,-0.10976300000000005,0.033124799999999954,6,8,6,9,3,False,False,3,results/transfer_v2/embedding_transfer_summary_v2.csv
mDC,hESC,lr,auroc,scGPT_human,0.4597408,0.4483486,0.5419506,0.4175088,-0.04223199999999999,0.09360199999999996,4,4,2,7,3,False,True,3,results/transfer_v2/embedding_transfer_summary_v2.csv
mDC,hESC,lr,auroc,v4_bias_rec_best,0.4269102,0.3139468,0.4917744,0.4958872,0.06897699999999996,0.17782759999999997,6,9,5,3,-3,False,False,4,results/transfer_v2/embedding_transfer_summary_v2.csv
mDC,hHep,mlp,auroc,cl_v6_fair,0.4482318,0.45344639999999997,0.7505269999999999,0.7309564000000001,0.28272460000000005,0.2970806,7,8,4,4,-3,False,False,4,results/transfer_v2/embedding_transfer_summary_v2.csv
mDC,hHep,mlp,auroc,minus,0.4738506,0.4932586,0.543863,0.6168072,0.1429566,0.050604399999999994,4,6,8,7,3,False,False,3,results/transfer_v2/embedding_transfer_summary_v2.csv
mDC,mESC,mlp,auroc,v4_bias_rec_best,0.498917,0.49486399999999997,0.5036765,0.49356625,-0.005350750000000015,0.008812500000000001,2,4,5,5,3,False,True,3,results/transfer_v2/embedding_transfer_summary_v2.csv
mDC,mHSC-E,lr,auroc,cl_v6_fair,0.6289314,0.5763374,0.5795722,0.5651724,-0.06375900000000001,0.003234799999999982,1,2,2,4,3,True,False,3,results/transfer_v2/embedding_transfer_summary_v2.csv
mDC,mHSC-E,lr,auroc,scconcept,0.4427684,0.4614002,0.5052412000000001,0.505341,0.06257260000000003,0.043841000000000074,4,6,7,7,3,False,False,3,results/transfer_v2/embedding_transfer_summary_v2.csv
mDC,mHSC-E,mlp,auroc,scGPT_human,0.458253,0.4956914,0.6347688,0.6474116,0.18915859999999995,0.13907740000000002,5,6,3,2,-3,False,False,3,results/transfer_v2/embedding_transfer_summary_v2.csv
mDC,mHSC-E,mlp,auroc,v4_bias_rec_best,0.46685740000000003,0.5183036,0.564468,0.5741998,0.1073424,0.046164399999999994,4,4,6,7,3,False,False,3,results/transfer_v2/embedding_transfer_summary_v2.csv
mDC,mHSC-GM,lr,auroc,baseline,0.4492432,0.341951,0.4908036,0.5320466,0.08280340000000003,0.1488526,5,10,2,2,-3,False,False,8,results/transfer_v2/embedding_transfer_summary_v2.csv
mDC,mHSC-GM,mlp,auroc,minus,0.3710978,0.4535484,0.4961642,0.5005398,0.129442,0.04261579999999998,9,7,7,6,-3,False,True,3,results/transfer_v2/embedding_transfer_summary_v2.csv
mDC,mHSC-GM,mlp,auroc,scGPT_human,0.3913896,0.5576338,0.47713880000000003,0.43151839999999997,0.040128799999999964,-0.08049499999999993,6,2,10,9,3,False,True,8,results/transfer_v2/embedding_transfer_summary_v2.csv
mDC,mHSC-GM,mlp,auroc,v4_bias_rec_best,0.358541,0.4840944,0.4883484,0.470323,0.11178199999999999,0.0042540000000000355,10,5,8,7,-3,False,True,3,results/transfer_v2/embedding_transfer_summary_v2.csv
mDC,mHSC-GM,mlp,auroc,v4_type_pe_best,0.38815900000000003,0.447723,0.5018942,0.5259524,0.13779339999999995,0.054171199999999975,7,8,6,4,-3,False,True,3,results/transfer_v2/embedding_transfer_summary_v2.csv
mDC,mHSC-L,lr,auroc,cl_scratch_v5,0.467232,0.319797,0.48120999999999997,0.5420952,0.07486320000000002,0.16141299999999997,5,10,2,2,-3,False,False,8,results/transfer_v2/embedding_transfer_summary_v2.csv
mDC,mHSC-L,lr,auroc,minus,0.4586114,0.4067074,0.452136,0.4163134,-0.042298,0.045428599999999986,6,8,7,9,3,False,False,3,results/transfer_v2/embedding_transfer_summary_v2.csv
mDC,mHSC-L,lr,auroc,scconcept_encoded,0.49455699999999997,0.4566792,0.469857,0.4572428,-0.037314199999999964,0.013177800000000017,2,3,5,5,3,False,False,3,results/transfer_v2/embedding_transfer_summary_v2.csv
mDC,mHSC-L,mlp,auroc,cl_scratch_v5,0.4225858,0.4380602,0.5164844000000001,0.580369,0.1577832,0.07842420000000005,5,8,2,2,-3,False,False,6,results/transfer_v2/embedding_transfer_summary_v2.csv
mESC,hESC,lr,auroc,scconcept_encoded,0.5019358,,0.4757394,0.4952498,-0.006686000000000025,,2,,5,5,3,False,False,5,results/transfer_v2/embedding_transfer_summary_v2.csv
mESC,hHep,mlp,auroc,scconcept,0.5052002,0.507722,0.499987,0.505967,0.0007667999999999564,-0.007734999999999992,4,4,3,1,-3,False,False,3,results/transfer_v2/embedding_transfer_summary_v2.csv
mESC,hHep,lr,auroc,cl_v6_fair,0.5159282000000001,,0.4875702,0.4693672,-0.046561000000000075,,3,,5,6,3,False,False,5,results/transfer_v2/embedding_transfer_summary_v2.csv
mESC,hHep,lr,auroc,scconcept,0.4923428,0.495199,0.4825416,0.4549336,-0.03740920000000003,-0.012657399999999985,5,4,6,8,3,False,False,3,results/transfer_v2/embedding_transfer_summary_v2.csv
mESC,mDC,mlp,auroc,baseline,0.5136854,0.4894904,0.5831455999999999,0.6398552,0.1261698,0.09365519999999994,4,7,1,1,-3,False,False,6,results/transfer_v2/embedding_transfer_summary_v2.csv
mESC,mDC,mlp,auroc,scGPT_human,0.5054756,0.4392816,0.4800502,0.4509494,-0.054526200000000025,0.04076859999999999,5,10,8,8,3,False,False,3,results/transfer_v2/embedding_transfer_summary_v2.csv
mESC,mHSC-E,mlp,auroc,scconcept_encoded,0.4847818,0.46807360000000003,0.5213288,0.437166,-0.047615799999999986,0.0532552,10,10,4,7,-3,False,False,6,results/transfer_v2/embedding_transfer_summary_v2.csv
mESC,mHSC-L,mlp,auroc,cl_scratch_v5,0.489989,0.4814458,0.5023064,0.4813132,-0.008675800000000011,0.020860600000000062,10,6,6,7,-3,False,False,3,results/transfer_v2/embedding_transfer_summary_v2.csv
mESC,mHSC-L,mlp,auroc,scconcept_encoded,0.5195374,0.5105824,0.5086546,0.5071626,-0.012374800000000019,-0.001927800000000035,1,3,5,4,3,True,False,3,results/transfer_v2/embedding_transfer_summary_v2.csv
mHSC-E,hESC,mlp,auroc,baseline,0.6215848,0.728125,0.47732800000000003,0.5412956,-0.08028920000000006,-0.250797,4,2,2,1,-3,False,False,3,results/transfer_v2/embedding_transfer_summary_v2.csv
mHSC-E,hESC,mlp,auroc,scconcept_encoded,0.4973124,0.4614378,0.428745,0.4352226,-0.06208979999999997,-0.03269280000000002,9,9,6,6,-3,False,False,3,results/transfer_v2/embedding_transfer_summary_v2.csv
mHSC-E,hHep,lr,auroc,scGPT_human,0.6910964,0.6839062,0.901886,0.9089162,0.2178197999999999,0.21797979999999995,7,8,4,4,-3,False,False,4,results/transfer_v2/embedding_transfer_summary_v2.csv
mHSC-E,hHep,mlp,auroc,baseline,0.756914,0.6842050000000001,0.9106996,0.9136146,0.15670060000000008,0.2264946,7,7,6,4,-3,False,False,3,results/transfer_v2/embedding_transfer_summary_v2.csv
mHSC-E,hHep,mlp,auroc,scGPT_human,0.7508836,0.743906,0.9185526,0.9135458000000001,0.1626622000000001,0.1746466000000001,8,5,5,5,-3,False,False,3,results/transfer_v2/embedding_transfer_summary_v2.csv
mHSC-E,mDC,mlp,auroc,baseline,0.528335,0.5131992,0.6075206,0.4732738,-0.05506119999999998,0.0943214,6,1,7,9,3,False,False,6,results/transfer_v2/embedding_transfer_summary_v2.csv
mHSC-E,mESC,mlp,auroc,v4_bias_rec_best,0.4948592,,,0.5,0.005140800000000001,,8,,,5,-3,False,False,3,results/transfer_v2/embedding_transfer_summary_v2.csv
mHSC-E,mESC,mlp,auroc,v4_type_pe_best,0.498181,,,0.5,0.001819000000000015,,4,,,7,3,False,False,3,results/transfer_v2/embedding_transfer_summary_v2.csv
mHSC-GM,hESC,lr,auroc,baseline,0.6386224,0.6938698,0.6097165999999999,0.603158,-0.03546440000000006,-0.08415320000000004,8,2,4,5,-3,False,False,3,results/transfer_v2/embedding_transfer_summary_v2.csv
mHSC-GM,mDC,lr,auroc,baseline,0.477169,0.3086194,0.535081,0.5819451999999999,0.10477619999999993,0.22646160000000004,8,10,8,5,-3,False,False,3,results/transfer_v2/embedding_transfer_summary_v2.csv
mHSC-GM,mDC,lr,auroc,v4_bias_rec_best,0.603042,0.4423668,0.5871758,0.6238948,0.020852800000000005,0.14480900000000002,1,5,4,4,3,True,False,3,results/transfer_v2/embedding_transfer_summary_v2.csv
mHSC-L,hESC,lr,auroc,cl_v6_fair,0.5267722,0.6589503999999999,0.5899594,0.5838866,0.05711440000000001,-0.06899099999999991,8,2,6,5,-3,False,True,4,results/transfer_v2/embedding_transfer_summary_v2.csv
mHSC-L,hESC,mlp,auroc,scGPT_human,0.666403,0.7066964,0.528097,0.5859108000000001,-0.0804921999999999,-0.17859939999999996,8,5,9,5,-3,False,False,4,results/transfer_v2/embedding_transfer_summary_v2.csv
mHSC-L,hESC,mlp,auroc,v4_plain_best,0.7014504,0.6460502,0.6843726,0.5442106,-0.15723980000000004,0.03832239999999998,6,7,2,9,3,False,False,5,results/transfer_v2/embedding_transfer_summary_v2.csv
mHSC-L,hHep,lr,auroc,minus,0.474619,0.506011,0.5120368,0.6056242000000001,0.13100520000000004,0.00602579999999997,9,9,8,6,-3,False,False,3,results/transfer_v2/embedding_transfer_summary_v2.csv
mHSC-L,hHep,lr,auroc,v4_bias_rec_best,0.5190624,0.6522306,0.42781220000000003,0.685254,0.1661916,-0.22441839999999996,6,3,9,3,-3,False,True,6,results/transfer_v2/embedding_transfer_summary_v2.csv
mHSC-L,hHep,mlp,auroc,baseline,0.6853494,0.6251388,0.5595336,0.5052814,-0.180068,-0.06560520000000003,4,8,8,7,3,False,False,3,results/transfer_v2/embedding_transfer_summary_v2.csv
mHSC-L,mDC,lr,auroc,minus,0.521502,0.5393986,0.48734,0.5394532,0.017951199999999945,-0.052058599999999955,7,3,10,4,-3,False,False,7,results/transfer_v2/embedding_transfer_summary_v2.csv
mHSC-L,mDC,lr,auroc,scGPT_human,0.4612404,0.5305078,0.5636524,0.5007184,0.03947800000000001,0.03314460000000008,10,5,2,7,-3,False,False,3,results/transfer_v2/embedding_transfer_summary_v2.csv
mHSC-L,mDC,lr,auroc,scconcept,0.4923622,0.5032142,0.5300512,0.5039094,0.011547199999999924,0.026837,9,7,4,6,-3,False,False,3,results/transfer_v2/embedding_transfer_summary_v2.csv
mHSC-L,mDC,mlp,auroc,cl_scratch_v5,0.6181472,0.5309224,0.6191998000000001,0.5693032,-0.048844,0.08827740000000006,1,5,6,4,3,True,False,3,results/transfer_v2/embedding_transfer_summary_v2.csv
mHSC-L,mDC,mlp,auroc,scconcept_encoded,0.543985,0.5780456,0.5395384,0.558446,0.014460999999999946,-0.038507200000000075,3,3,9,6,3,False,False,6,results/transfer_v2/embedding_transfer_summary_v2.csv
mHSC-L,mDC,mlp,auroc,v4_type_pe_best,0.5287784,0.4650228,0.6641882,0.5571042,0.028325800000000068,0.1991654,4,7,1,7,3,False,False,6,results/transfer_v2/embedding_transfer_summary_v2.csv
mHSC-L,mESC,mlp,auroc,scconcept_encoded,0.497051,0.4992062,0.5,0.5,0.0029489999999999794,0.0007938000000000112,7,3,3,4,-3,False,False,3,results/transfer_v2/embedding_transfer_summary_v2.csv
mHSC-L,mESC,mlp,auroc,v4_bias_rec_best,0.4954006,0.4834305,0.5,0.5,0.004599399999999976,0.016569500000000015,8,6,4,5,-3,False,False,3,results/transfer_v2/embedding_transfer_summary_v2.csv
mHSC-L,mHSC-E,lr,auroc,minus,0.4707516,0.4707516,0.4707516,0.4864112,0.015659599999999996,0.0,9,9,9,6,-3,False,False,3,results/transfer_v2/embedding_transfer_summary_v2.csv
hESC,hHep,mlp,balanced_accuracy,scGPT_human,0.5557442,0.556345,0.491426,0.4874246,-0.06831960000000004,-0.064919,6,7,9,9,3,False,False,3,results/transfer_v2/embedding_transfer_summary_v2.csv
hESC,mDC,mlp,balanced_accuracy,scGPT_human,0.5089736,0.5053082,0.4953992,0.5072784,-0.0016952000000000078,-0.009909000000000001,4,2,3,1,-3,False,False,3,results/transfer_v2/embedding_transfer_summary_v2.csv
hESC,mESC,lr,balanced_accuracy,cl_v6_fair,0.4995548,,0.506596,0.506596,0.007041200000000025,,5,,1,2,-3,False,False,3,results/transfer_v2/embedding_transfer_summary_v2.csv
hESC,mESC,lr,balanced_accuracy,v4_type_pe_best,0.497774,,0.506596,0.506596,0.008822000000000052,,8,,5,5,-3,False,False,5,results/transfer_v2/embedding_transfer_summary_v2.csv
hESC,mHSC-E,mlp,balanced_accuracy,baseline,0.5316730000000001,0.4701598,0.517412,0.5073761999999999,-0.02429680000000012,0.047252199999999966,7,9,2,4,-3,False,False,7,results/transfer_v2/embedding_transfer_summary_v2.csv
hESC,mHSC-GM,mlp,balanced_accuracy,v4_plain_best,0.6521468,0.50341,0.6185976,0.5764802,-0.07566660000000003,0.11518759999999995,4,10,3,7,3,False,False,7,results/transfer_v2/embedding_transfer_summary_v2.csv
hESC,mHSC-L,lr,balanced_accuracy,baseline,0.5489638,0.6031411999999999,0.5444966,0.5814694,0.03250560000000002,-0.058644599999999936,7,2,7,4,-3,False,False,5,results/transfer_v2/embedding_transfer_summary_v2.csv
hESC,mHSC-L,lr,balanced_accuracy,cl_scratch_v5,0.5963384,0.5913988,0.5455542,0.5474998,-0.048838600000000065,-0.04584460000000001,2,4,6,5,3,False,False,3,results/transfer_v2/embedding_transfer_summary_v2.csv
hESC,mHSC-L,lr,balanced_accuracy,scGPT_human,0.588469,0.5937546,0.5342830000000001,0.5462964,-0.042172600000000005,-0.05947159999999996,3,3,8,6,3,False,False,5,results/transfer_v2/embedding_transfer_summary_v2.csv
hESC,mHSC-L,mlp,balanced_accuracy,v4_bias_rec_best,0.5954668,0.567783,0.5649774,0.5265806,-0.06888620000000001,-0.0028056000000000747,5,5,3,8,3,False,False,3,results/transfer_v2/embedding_transfer_summary_v2.csv
hESC,mHSC-L,mlp,balanced_accuracy,v4_plain_best,0.573801,0.5760508,0.5581276,0.5742754,0.00047439999999998594,-0.017923200000000028,8,3,7,5,-3,False,False,4,results/transfer_v2/embedding_transfer_summary_v2.csv
hHep,hESC,mlp,balanced_accuracy,cl_scratch_v5,0.5345548,0.5620298,0.5372932,0.5399604,0.00540560000000001,-0.024736599999999997,6,3,4,3,-3,False,False,3,results/transfer_v2/embedding_transfer_summary_v2.csv
hHep,mDC,mlp,balanced_accuracy,v4_bias_rec_best,0.5708056,0.6276544,0.5386948,0.538422,-0.03238360000000007,-0.08895959999999992,1,1,4,4,3,True,True,3,results/transfer_v2/embedding_transfer_summary_v2.csv
hHep,mDC,mlp,balanced_accuracy,v4_plain_best,0.5151488,0.4808442,0.5153858,0.5150138,-0.00013499999999999623,0.034541600000000006,5,10,8,8,3,False,False,3,results/transfer_v2/embedding_transfer_summary_v2.csv
hHep,mESC,lr,balanced_accuracy,scGPT_human,0.4991098,,0.5,0.4986226,-0.00048719999999996544,,6,,5,9,3,False,False,5,results/transfer_v2/embedding_transfer_summary_v2.csv
hHep,mHSC-E,mlp,balanced_accuracy,minus,0.6129322,0.652164,0.728934,0.7340278,0.12109559999999997,0.07677,7,3,4,4,-3,False,False,3,results/transfer_v2/embedding_transfer_summary_v2.csv
hHep,mHSC-GM,lr,balanced_accuracy,cl_v6_fair,0.6134997999999999,0.5157476,0.5572272,0.5659997999999999,-0.04749999999999999,0.04147960000000006,2,8,5,5,3,False,False,3,results/transfer_v2/embedding_transfer_summary_v2.csv
hHep,mHSC-GM,lr,balanced_accuracy,scGPT_human,0.5918424,0.5137653999999999,0.5322362,0.5128788,-0.07896360000000002,0.01847080000000012,5,9,8,8,3,False,False,3,results/transfer_v2/embedding_transfer_summary_v2.csv
hHep,mHSC-GM,mlp,balanced_accuracy,cl_v6_fair,0.603904,0.5661674,0.547597,0.5526668,-0.05123719999999998,-0.018570399999999987,5,4,4,2,-3,False,True,3,results/transfer_v2/embedding_transfer_summary_v2.csv
hHep,mHSC-L,lr,balanced_accuracy,v4_plain_best,0.5532608,0.569891,0.5176582,0.5273024000000001,-0.025958399999999937,-0.05223280000000008,6,5,5,3,-3,False,True,3,results/transfer_v2/embedding_transfer_summary_v2.csv
hHep,mHSC-L,mlp,balanced_accuracy,cl_scratch_v5,0.5530876,0.5220964,0.5083362,0.4886986,-0.06438900000000003,-0.0137602,5,8,2,8,3,False,False,6,results/transfer_v2/embedding_transfer_summary_v2.csv
hHep,mHSC-L,mlp,balanced_accuracy,scGPT_human,0.5261236,0.509494,0.4984638,0.5074571999999999,-0.018666400000000083,-0.01103019999999999,7,9,9,4,-3,False,False,3,results/transfer_v2/embedding_transfer_summary_v2.csv
mDC,hESC,lr,balanced_accuracy,scGPT_human,0.4573478,0.4571426,0.4936546,0.4609284,0.0035805999999999893,0.03651199999999999,4,3,6,7,3,False,True,3,results/transfer_v2/embedding_transfer_summary_v2.csv
mDC,hESC,mlp,balanced_accuracy,cl_scratch_v5,0.4385022,0.4676316,0.441657,0.4934194,0.0549172,-0.02597459999999996,8,6,7,5,-3,False,True,3,results/transfer_v2/embedding_transfer_summary_v2.csv
mDC,hHep,lr,balanced_accuracy,scGPT_human,0.4631074,0.4057052,0.544729,0.5489458,0.08583840000000004,0.13902380000000003,6,9,4,3,-3,False,False,5,results/transfer_v2/embedding_transfer_summary_v2.csv
mDC,hHep,lr,balanced_accuracy,scconcept_encoded,0.4700944,0.47405179999999997,0.4715966,0.5173042,0.04720979999999997,-0.0024551999999999907,5,6,10,8,3,False,False,4,results/transfer_v2/embedding_transfer_summary_v2.csv
mDC,hHep,mlp,balanced_accuracy,cl_v6_fair,0.4679454,0.47009819999999997,0.5878766,0.5608584,0.09291299999999997,0.1177784,8,8,3,5,-3,False,False,5,results/transfer_v2/embedding_transfer_summary_v2.csv
mDC,hHep,mlp,balanced_accuracy,v4_plain_best,0.5022508,0.5875002,0.5460392,0.5949396,0.09268880000000002,-0.04146100000000008,4,1,7,1,-3,False,True,6,results/transfer_v2/embedding_transfer_summary_v2.csv
mDC,mESC,mlp,balanced_accuracy,v4_bias_rec_best,0.5,0.5,0.5,0.5,0.0,0.0,8,7,6,5,-3,False,False,3,results/transfer_v2/embedding_transfer_summary_v2.csv
mDC,mESC,mlp,balanced_accuracy,v4_plain_best,0.5,0.5,0.5,0.5,0.0,0.0,9,8,7,6,-3,False,False,3,results/transfer_v2/embedding_transfer_summary_v2.csv
mDC,mESC,mlp,balanced_accuracy,v4_type_pe_best,0.5,0.5,0.5,0.5,0.0,0.0,10,9,8,7,-3,False,False,3,results/transfer_v2/embedding_transfer_summary_v2.csv
mDC,mHSC-E,lr,balanced_accuracy,minus,0.4629082,0.473266,0.4827396,0.5107782,0.04786999999999997,0.009473599999999971,4,7,8,7,3,False,False,3,results/transfer_v2/embedding_transfer_summary_v2.csv
mDC,mHSC-GM,lr,balanced_accuracy,scconcept_encoded,0.5141102,0.5016392000000001,0.4874178,0.468491,-0.04561919999999997,-0.01422140000000005,2,3,3,5,3,False,True,3,results/transfer_v2/embedding_transfer_summary_v2.csv
mDC,mHSC-GM,mlp,balanced_accuracy,scGPT_human,0.4730592,0.5345304,0.505825,0.4850014,0.011942200000000014,-0.028705399999999992,4,1,9,7,3,False,True,8,results/transfer_v2/embedding_transfer_summary_v2.csv
mDC,mHSC-L,lr,balanced_accuracy,scGPT_human,0.4500488,0.500425,0.47129899999999997,0.4712934,0.021244599999999947,-0.02912600000000004,7,2,7,4,-3,False,False,5,results/transfer_v2/embedding_transfer_summary_v2.csv
mDC,mHSC-L,lr,balanced_accuracy,scconcept_encoded,0.4869204,0.457309,0.4788056,0.4602624,-0.02665799999999996,0.021496599999999977,4,6,6,7,3,False,False,3,results/transfer_v2/embedding_transfer_summary_v2.csv
mDC,mHSC-L,mlp,balanced_accuracy,scconcept,0.4975008,0.4660702,0.505353,0.5001818,0.002680999999999989,0.03928280000000006,2,8,4,5,3,False,False,4,results/transfer_v2/embedding_transfer_summary_v2.csv
mESC,hESC,lr,balanced_accuracy,cl_scratch_v5,0.4928982,,0.484888,0.4953044,0.0024061999999999695,,3,,4,6,3,False,False,4,results/transfer_v2/embedding_transfer_summary_v2.csv
mESC,hESC,lr,balanced_accuracy,v4_type_pe_best,0.4923876,0.5415528,0.5037618,0.5126398,0.020252199999999998,-0.03779099999999991,6,1,3,3,-3,False,False,3,results/transfer_v2/embedding_transfer_summary_v2.csv
mESC,hHep,mlp,balanced_accuracy,scconcept,0.505043,0.5082228,0.499987,0.505967,0.0009239999999999249,-0.00823579999999996,4,2,3,1,-3,False,True,3,results/transfer_v2/embedding_transfer_summary_v2.csv
mESC,hHep,lr,balanced_accuracy,baseline,0.4521778,,0.4550272,0.4771694,0.024991600000000003,,9,,10,6,-3,False,False,10,results/transfer_v2/embedding_transfer_summary_v2.csv
mESC,hHep,lr,balanced_accuracy,minus,0.452712,0.4691752,0.4853738,0.4979154,0.045203400000000005,0.016198600000000007,8,5,5,5,-3,False,False,3,results/transfer_v2/embedding_transfer_summary_v2.csv
mESC,mDC,mlp,balanced_accuracy,scconcept,0.518698,0.4979818,0.4891358,0.5166668,-0.0020312000000000108,-0.008845999999999965,4,5,7,1,-3,False,True,3,results/transfer_v2/embedding_transfer_summary_v2.csv
mESC,mDC,mlp,balanced_accuracy,v4_bias_rec_best,0.4806522,0.5042328,0.499417,0.4876924,0.007040200000000052,-0.004815800000000037,10,1,3,7,-3,False,True,3,results/transfer_v2/embedding_transfer_summary_v2.csv
mESC,mHSC-E,mlp,balanced_accuracy,minus,0.49780040000000003,0.49916499999999997,0.49523659999999997,0.4964922,-0.0013082000000000371,-0.0039283999999999986,2,5,8,5,3,False,False,3,results/transfer_v2/embedding_transfer_summary_v2.csv
mESC,mHSC-GM,mlp,balanced_accuracy,cl_scratch_v5,0.5017152,0.5053924,0.4906626,0.4866666,-0.015048600000000023,-0.01472979999999996,7,5,10,10,3,False,False,5,results/transfer_v2/embedding_transfer_summary_v2.csv
mESC,mHSC-GM,mlp,balanced_accuracy,scGPT_human,0.4981612,0.5066576,0.497548,0.5081082,0.009946999999999984,-0.009109600000000051,9,3,6,6,-3,False,False,3,results/transfer_v2/embedding_transfer_summary_v2.csv
mESC,mHSC-L,mlp,balanced_accuracy,baseline,0.5039598000000001,0.513638,0.5031094,0.49568639999999997,-0.008273400000000097,-0.010528599999999999,3,2,4,6,3,False,False,3,results/transfer_v2/embedding_transfer_summary_v2.csv
mESC,mHSC-L,mlp,balanced_accuracy,cl_v6_fair,0.5044228,0.499376,0.499021,0.4994048,-0.005017999999999967,-0.0003549999999999942,2,5,5,5,3,False,False,3,results/transfer_v2/embedding_transfer_summary_v2.csv
mESC,mHSC-L,mlp,balanced_accuracy,v4_type_pe_best,0.5032106,0.49366,0.4952082,0.495098,-0.00811259999999997,0.0015481999999999996,4,10,10,7,3,False,False,3,results/transfer_v2/embedding_transfer_summary_v2.csv
mHSC-E,hESC,lr,balanced_accuracy,baseline,0.6035994,0.5916666,0.462834,0.512591,-0.09100839999999999,-0.12883260000000002,5,3,5,2,-3,False,False,3,results/transfer_v2/embedding_transfer_summary_v2.csv
mHSC-E,hESC,lr,balanced_accuracy,minus,0.6049178000000001,0.5843434000000001,0.4880566,0.4689878,-0.13593000000000005,-0.09628680000000006,2,4,2,5,3,False,False,3,results/transfer_v2/embedding_transfer_summary_v2.csv
mHSC-E,hESC,mlp,balanced_accuracy,baseline,0.6075232,0.6325,0.4936436,0.5536840000000001,-0.053839199999999976,-0.13885639999999994,4,2,1,1,-3,False,False,3,results/transfer_v2/embedding_transfer_summary_v2.csv
mHSC-E,hHep,lr,balanced_accuracy,baseline,0.6539756,0.5839894,0.6907408,0.7492286,0.09525300000000003,0.10675140000000005,4,7,8,7,3,False,False,3,results/transfer_v2/embedding_transfer_summary_v2.csv
mHSC-E,hHep,lr,balanced_accuracy,scGPT_human,0.6187572,0.605,0.744753,0.768827,0.15006980000000003,0.13975300000000002,8,6,7,5,-3,False,False,3,results/transfer_v2/embedding_transfer_summary_v2.csv
mHSC-E,hHep,lr,balanced_accuracy,v4_bias_rec_best,0.6463786,0.7232052,0.7603396,0.8194444,0.17306579999999994,0.03713440000000001,5,1,4,2,-3,False,False,3,results/transfer_v2/embedding_transfer_summary_v2.csv
mHSC-E,hHep,lr,balanced_accuracy,v4_type_pe_best,0.6273238,0.5588574,0.748611,0.7794752,0.15215140000000005,0.18975360000000008,7,8,6,4,-3,False,False,3,results/transfer_v2/embedding_transfer_summary_v2.csv
mHSC-E,hHep,mlp,balanced_accuracy,scGPT_human,0.6657506,0.69375,0.7989196000000001,0.8037038000000001,0.1379532000000001,0.10516960000000009,8,3,5,5,-3,False,False,3,results/transfer_v2/embedding_transfer_summary_v2.csv
mHSC-E,hHep,mlp,balanced_accuracy,v4_bias_rec_best,0.6849656,0.6516664,0.7927466,0.808179,0.12321340000000003,0.1410802,6,5,6,3,-3,False,False,3,results/transfer_v2/embedding_transfer_summary_v2.csv
mHSC-E,hHep,mlp,balanced_accuracy,v4_type_pe_best,0.6954714,0.5632656,0.7888888000000001,0.7989198,0.1034484,0.22562320000000002,4,8,7,7,3,False,False,3,results/transfer_v2/embedding_transfer_summary_v2.csv
mHSC-E,mDC,mlp,balanced_accuracy,baseline,0.5089876,0.5299406,0.5765132,0.4936062,-0.01538139999999999,0.046572599999999964,6,1,4,9,3,False,False,3,results/transfer_v2/embedding_transfer_summary_v2.csv
mHSC-GM,hESC,lr,balanced_accuracy,minus,0.6144258,0.4634614,0.5227934,0.5011036,-0.11332220000000004,0.05933199999999994,6,9,8,9,3,False,False,3,results/transfer_v2/embedding_transfer_summary_v2.csv
mHSC-GM,hESC,lr,balanced_accuracy,v4_plain_best,0.6677776,0.49324,0.5440486,0.5614574,-0.10632019999999998,0.05080859999999998,1,7,5,4,3,True,False,3,results/transfer_v2/embedding_transfer_summary_v2.csv
mHSC-GM,hESC,lr,balanced_accuracy,v4_type_pe_best,0.6623732,0.5054544,0.5439272,0.5477326,-0.11464059999999998,0.038472800000000085,2,6,6,5,3,False,False,3,results/transfer_v2/embedding_transfer_summary_v2.csv
mHSC-GM,hESC,mlp,balanced_accuracy,minus,0.6227358,0.5321428,0.551174,0.5584888,-0.06424699999999994,0.019031200000000026,8,8,6,5,-3,False,False,3,results/transfer_v2/embedding_transfer_summary_v2.csv
mHSC-GM,hESC,mlp,balanced_accuracy,v4_bias_rec_best,0.6531498,0.65,0.5308504000000001,0.5384472,-0.11470259999999999,-0.11914959999999997,3,4,9,6,3,False,False,5,results/transfer_v2/embedding_transfer_summary_v2.csv
mHSC-GM,hESC,mlp,balanced_accuracy,v4_type_pe_best,0.6393208,0.5529664,0.5327936,0.5363562,-0.10296460000000007,-0.02017279999999999,5,7,7,8,3,False,False,3,results/transfer_v2/embedding_transfer_summary_v2.csv
mHSC-GM,hHep,lr,balanced_accuracy,v4_plain_best,0.6038664,0.6202913999999999,0.7242284,0.6134262,0.009559800000000007,0.10393700000000006,6,6,2,3,-3,False,False,4,results/transfer_v2/embedding_transfer_summary_v2.csv
mHSC-GM,hHep,lr,balanced_accuracy,v4_type_pe_best,0.6534732,0.7261882,0.6070986,0.5313272,-0.12214599999999998,-0.1190895999999999,4,1,7,7,3,False,True,6,results/transfer_v2/embedding_transfer_summary_v2.csv
mHSC-GM,hHep,mlp,balanced_accuracy,scconcept,0.5135926,0.6001548,0.5237653999999999,0.5180556000000001,0.004463000000000106,-0.07638940000000005,10,9,10,7,-3,False,False,3,results/transfer_v2/embedding_transfer_summary_v2.csv
mHSC-GM,mDC,lr,balanced_accuracy,baseline,0.4755744,0.34189200000000003,0.5092438,0.545798,0.0702236,0.1673518,8,10,7,5,-3,False,False,3,results/transfer_v2/embedding_transfer_summary_v2.csv
mHSC-GM,mDC,mlp,balanced_accuracy,baseline,0.5018804,0.3729732,0.550615,0.5689074000000001,0.06702700000000006,0.17764179999999996,6,10,4,3,-3,False,False,6,results/transfer_v2/embedding_transfer_summary_v2.csv
mHSC-GM,mDC,mlp,balanced_accuracy,cl_scratch_v5,0.5061712,0.6218136000000001,0.5337048,0.49568880000000004,-0.010482400000000003,-0.0881088000000001,5,1,6,8,3,False,True,5,results/transfer_v2/embedding_transfer_summary_v2.csv
mHSC-GM,mDC,mlp,balanced_accuracy,cl_v6_fair,0.4887828,0.48,0.5650468000000001,0.5517110000000001,0.06292820000000005,0.08504680000000009,9,6,3,6,-3,False,False,3,results/transfer_v2/embedding_transfer_summary_v2.csv
mHSC-GM,mESC,mlp,balanced_accuracy,scconcept,0.5,0.5,0.5,0.5,0.0,0.0,1,4,3,4,3,True,False,3,results/transfer_v2/embedding_transfer_summary_v2.csv
mHSC-L,hESC,lr,balanced_accuracy,scconcept,0.5306886000000001,0.3918804,0.5006074,0.5409309999999999,0.010242399999999874,0.10872700000000002,10,10,9,7,-3,False,False,3,results/transfer_v2/embedding_transfer_summary_v2.csv
mHSC-L,hESC,lr,balanced_accuracy,v4_type_pe_best,0.5716728,0.5640002,0.5624698,0.5827936,0.011120800000000042,-0.0015303999999999318,5,7,6,2,-3,False,True,3,results/transfer_v2/embedding_transfer_summary_v2.csv
mHSC-L,hESC,mlp,balanced_accuracy,minus,0.6339788,0.5517858,0.5421456,0.5602024,-0.07377639999999996,-0.009640199999999988,7,9,7,4,-3,False,False,3,results/transfer_v2/embedding_transfer_summary_v2.csv
mHSC-L,hESC,mlp,balanced_accuracy,v4_plain_best,0.6476934,0.5989916,0.6382186,0.5317814,-0.11591200000000002,0.03922700000000001,5,6,1,8,3,False,False,5,results/transfer_v2/embedding_transfer_summary_v2.csv
mHSC-L,hHep,lr,balanced_accuracy,cl_v6_fair,0.4849956,0.5841892,0.6185186,0.558642,0.07364639999999995,0.034329400000000065,9,5,4,6,-3,False,True,3,results/transfer_v2/embedding_transfer_summary_v2.csv
mHSC-L,hHep,lr,balanced_accuracy,scGPT_human,0.591422,0.6825002,0.6354938,0.5632714,-0.028150600000000026,-0.047006400000000004,2,1,2,5,3,False,False,3,results/transfer_v2/embedding_transfer_summary_v2.csv
mHSC-L,hHep,lr,balanced_accuracy,v4_bias_rec_best,0.5166264,0.5946924,0.4435186,0.648148,0.1315215999999999,-0.15117380000000002,6,4,10,3,-3,False,True,6,results/transfer_v2/embedding_transfer_summary_v2.csv
mHSC-L,hHep,mlp,balanced_accuracy,cl_scratch_v5,0.5854094,0.4997094,0.5001542,0.5132714,-0.07213799999999992,0.00044479999999996744,6,9,7,3,-3,False,False,3,results/transfer_v2/embedding_transfer_summary_v2.csv
mHSC-L,hHep,mlp,balanced_accuracy,v4_type_pe_best,0.6681054000000001,0.6221872,0.641821,0.4962964,-0.17180900000000005,0.019633799999999924,1,3,1,4,3,True,False,3,results/transfer_v2/embedding_transfer_summary_v2.csv
mHSC-L,mDC,lr,balanced_accuracy,scconcept_encoded,0.5195866,0.535,0.4992572,0.4862744,-0.033312200000000014,-0.03574280000000002,4,3,9,7,3,False,False,6,results/transfer_v2/embedding_transfer_summary_v2.csv
mHSC-L,mDC,mlp,balanced_accuracy,baseline,0.504908,0.5714286,0.5759652,0.5647058,0.05979780000000001,0.004536600000000002,5,1,5,2,-3,False,False,4,results/transfer_v2/embedding_transfer_summary_v2.csv
mHSC-L,mDC,mlp,balanced_accuracy,cl_scratch_v5,0.55272,0.4952304,0.5548898,0.5416026,-0.011117399999999944,0.059659399999999974,1,6,7,4,3,True,False,3,results/transfer_v2/embedding_transfer_summary_v2.csv
mHSC-L,mDC,mlp,balanced_accuracy,scconcept_encoded,0.5347832,0.549091,0.5346488,0.5302520000000001,-0.0045311999999999575,-0.01444219999999996,3,2,8,6,3,False,False,6,results/transfer_v2/embedding_transfer_summary_v2.csv
mHSC-L,mESC,mlp,balanced_accuracy,v4_type_pe_best,0.5,0.5,0.5,0.5,0.0,0.0,4,7,6,7,3,False,False,3,results/transfer_v2/embedding_transfer_summary_v2.csv
mHSC-L,mHSC-E,lr,balanced_accuracy,v4_plain_best,0.5369208,0.5369208,0.5369208,0.4874652,-0.04945559999999999,0.0,4,4,4,7,3,False,False,3,results/transfer_v2/embedding_transfer_summary_v2.csv
hESC,hHep,lr,f1,baseline,0.4718736,0.4597126,0.3893948,0.3708736,-0.10099999999999998,-0.07031780000000004,2,6,5,5,3,False,False,3,results/transfer_v2/embedding_transfer_summary_v2.csv
hESC,hHep,lr,f1,scGPT_human,0.39730519999999997,0.4311698,0.2421234,0.2169896,-0.18031559999999996,-0.1890464,7,7,9,10,3,False,False,3,results/transfer_v2/embedding_transfer_summary_v2.csv
hESC,hHep,mlp,f1,scGPT_human,0.4135048,0.425355,0.2114514,0.1871082,-0.2263966,-0.21390359999999997,6,7,9,9,3,False,False,3,results/transfer_v2/embedding_transfer_summary_v2.csv
hESC,hHep,mlp,f1,scconcept_encoded,0.335557,0.3662958,0.301062,0.3038006,-0.03175640000000002,-0.06523380000000001,9,9,6,6,-3,False,False,3,results/transfer_v2/embedding_transfer_summary_v2.csv
hESC,mDC,lr,f1,scGPT_human,0.4284064,0.4441034,0.1213278,0.09766419999999999,-0.33074220000000004,-0.3227756,5,6,6,8,3,False,False,3,results/transfer_v2/embedding_transfer_summary_v2.csv
hESC,mDC,lr,f1,scconcept_encoded,0.430527,0.6530412,0.6184736000000001,0.522949,0.092422,-0.03456759999999992,4,1,1,1,-3,False,False,3,results/transfer_v2/embedding_transfer_summary_v2.csv
hESC,mDC,lr,f1,v4_bias_rec_best,0.4123186,0.4747596,0.3038806,0.2447944,-0.16752419999999998,-0.170879,6,5,2,3,-3,False,False,3,results/transfer_v2/embedding_transfer_summary_v2.csv
hESC,mDC,lr,f1,v4_type_pe_best,0.4021242,0.3912044,0.2354366,0.201009,-0.2011152,-0.1557678,8,8,4,5,-3,False,False,4,results/transfer_v2/embedding_transfer_summary_v2.csv
hESC,mESC,lr,f1,cl_v6_fair,0.6800638,,0.026042,0.026042,-0.6540218,,5,,1,2,-3,False,False,3,results/transfer_v2/embedding_transfer_summary_v2.csv
hESC,mESC,lr,f1,v4_type_pe_best,0.678463,,0.026042,0.026042,-0.652421,,8,,5,5,-3,False,False,5,results/transfer_v2/embedding_transfer_summary_v2.csv
hESC,mHSC-E,mlp,f1,v4_plain_best,0.3741238,0.4005778,0.2089972,0.0692912,-0.3048326,-0.1915806,6,6,6,9,3,False,True,3,results/transfer_v2/embedding_transfer_summary_v2.csv
hESC,mHSC-L,mlp,f1,scGPT_human,0.521375,0.4787808,0.2745818,0.3277348,-0.19364020000000004,-0.20419900000000002,6,5,9,9,3,False,False,4,results/transfer_v2/embedding_transfer_summary_v2.csv
hHep,mDC,lr,f1,baseline,0.3570036,0.2534314,0.2174556,0.2226292,-0.13437439999999998,-0.035975799999999974,5,9,8,8,3,False,False,3,results/transfer_v2/embedding_transfer_summary_v2.csv
hHep,mDC,lr,f1,cl_v6_fair,0.3567648,0.275862,0.194766,0.1957808,-0.160984,-0.081096,6,7,9,9,3,False,True,3,results/transfer_v2/embedding_transfer_summary_v2.csv
hHep,mDC,mlp,f1,cl_v6_fair,0.336655,0.2620204,0.209709,0.2107756,-0.12587939999999997,-0.05231139999999998,3,7,6,6,3,False,True,3,results/transfer_v2/embedding_transfer_summary_v2.csv
hHep,mDC,mlp,f1,minus,0.2756334,0.4082588,0.24268119999999999,0.240978,-0.034655399999999975,-0.1655776,7,5,3,4,-3,False,False,3,results/transfer_v2/embedding_transfer_summary_v2.csv
hHep,mDC,mlp,f1,scconcept_encoded,0.3186228,0.5651516,0.2864408,0.2874704,-0.03115239999999997,-0.2787108,4,1,1,1,-3,False,False,3,results/transfer_v2/embedding_transfer_summary_v2.csv
hHep,mESC,lr,f1,scGPT_human,0.1352912,,0.0,0.19170020000000002,0.056409000000000015,,5,,6,2,-3,False,False,6,results/transfer_v2/embedding_transfer_summary_v2.csv
hHep,mESC,mlp,f1,scconcept,0.0,0.0,0.0,0.0,0.0,0.0,6,5,10,9,3,False,False,5,results/transfer_v2/embedding_transfer_summary_v2.csv
hHep,mHSC-E,lr,f1,baseline,0.461358,0.6833324,0.65285,0.7304532,0.26909520000000003,-0.03048239999999991,5,1,7,2,-3,False,False,6,results/transfer_v2/embedding_transfer_summary_v2.csv
hHep,mHSC-E,lr,f1,v4_type_pe_best,0.4598176,0.6340516,0.6547868,0.7247488,0.2649312,0.020735199999999954,6,4,6,3,-3,False,False,3,results/transfer_v2/embedding_transfer_summary_v2.csv
hHep,mHSC-E,mlp,f1,cl_scratch_v5,0.4543936,0.199861,0.6652515999999999,0.6508184,0.1964248,0.46539059999999993,8,10,3,5,-3,False,False,7,results/transfer_v2/embedding_transfer_summary_v2.csv
hHep,mHSC-E,mlp,f1,minus,0.494456,0.5805462,0.6438422,0.6490012,0.15454519999999994,0.06329600000000002,3,4,5,6,3,False,False,3,results/transfer_v2/embedding_transfer_summary_v2.csv
hHep,mHSC-E,mlp,f1,v4_type_pe_best,0.4841844,0.6497514,0.6286498,0.7093728,0.2251884,-0.021101599999999943,5,2,6,2,-3,False,False,4,results/transfer_v2/embedding_transfer_summary_v2.csv
hHep,mHSC-GM,lr,f1,baseline,0.3623552,0.2767656,0.2617452,0.186024,-0.1763312,-0.01502039999999999,10,6,4,7,-3,False,False,3,results/transfer_v2/embedding_transfer_summary_v2.csv
hHep,mHSC-GM,mlp,f1,cl_scratch_v5,0.3727304,0.229925,0.1866572,0.1902936,-0.1824368,-0.043267799999999995,7,6,6,4,-3,False,False,3,results/transfer_v2/embedding_transfer_summary_v2.csv
hHep,mHSC-GM,mlp,f1,cl_v6_fair,0.4027534,0.329867,0.1931016,0.204765,-0.19798839999999998,-0.1367654,6,4,5,3,-3,False,True,3,results/transfer_v2/embedding_transfer_summary_v2.csv
hHep,mHSC-L,lr,f1,v4_type_pe_best,0.4034174,0.5569222,0.1465864,0.1713636,-0.23205379999999998,-0.41033580000000003,1,4,4,4,3,True,True,3,results/transfer_v2/embedding_transfer_summary_v2.csv
hHep,mHSC-L,mlp,f1,scGPT_human,0.1499076,0.1226178,0.0276194,0.0374308,-0.1124768,-0.0949984,10,10,9,7,-3,False,False,3,results/transfer_v2/embedding_transfer_summary_v2.csv
hHep,mHSC-L,mlp,f1,v4_type_pe_best,0.342161,0.306186,0.0751656,0.0734118,-0.2687492,-0.23102040000000001,1,5,3,4,3,True,False,3,results/transfer_v2/embedding_transfer_summary_v2.csv
mDC,hESC,lr,f1,baseline,0.3544772,0.3362868,0.3511918,0.3268398,-0.02763739999999998,0.014905000000000002,3,2,3,6,3,False,False,3,results/transfer_v2/embedding_transfer_summary_v2.csv
mDC,hESC,mlp,f1,minus,0.1147356,0.068085,0.2503676,0.3650778,0.2503422,0.18228260000000002,6,7,9,3,-3,False,False,3,results/transfer_v2/embedding_transfer_summary_v2.csv
mDC,hHep,lr,f1,cl_v6_fair,0.42601479999999997,0.3306678,0.5049076,0.5062388,0.08022400000000002,0.1742398,2,7,5,5,3,False,False,3,results/transfer_v2/embedding_transfer_summary_v2.csv
mDC,mESC,mlp,f1,baseline,0.0,0.0,0.5666664,0.0,0.0,0.5666664,1,1,2,4,3,True,False,3,results/transfer_v2/embedding_transfer_summary_v2.csv
mDC,mESC,mlp,f1,minus,0.0,0.0,0.472222,0.944444,0.944444,0.472222,4,4,4,1,-3,False,False,3,results/transfer_v2/embedding_transfer_summary_v2.csv
mDC,mESC,mlp,f1,v4_plain_best,0.0,0.0,0.0,0.0,0.0,0.0,9,8,8,6,-3,False,False,3,results/transfer_v2/embedding_transfer_summary_v2.csv
mDC,mESC,mlp,f1,v4_type_pe_best,0.0,0.0,0.6296293333333333,0.0,0.0,0.6296293333333333,10,9,1,7,-3,False,False,8,results/transfer_v2/embedding_transfer_summary_v2.csv
mDC,mHSC-E,lr,f1,baseline,0.3524088,0.5316302,0.351414,0.3170322,-0.035376600000000036,-0.18021620000000005,6,2,8,9,3,False,False,6,results/transfer_v2/embedding_transfer_summary_v2.csv
mDC,mHSC-E,lr,f1,v4_type_pe_best,0.35438000000000003,0.23247340000000002,0.2881276,0.3297806,-0.02459940000000005,0.05565419999999996,5,8,10,8,3,False,False,3,results/transfer_v2/embedding_transfer_summary_v2.csv
mDC,mHSC-E,mlp,f1,scGPT_human,0.0778046,0.270407,0.2921082,0.29287,0.21506540000000002,0.021701199999999976,10,4,7,7,-3,False,False,3,results/transfer_v2/embedding_transfer_summary_v2.csv
mDC,mHSC-E,mlp,f1,scconcept,0.3170176,0.5718766,0.326789,0.337376,0.0203584,-0.24508759999999996,1,2,4,4,3,True,False,3,results/transfer_v2/embedding_transfer_summary_v2.csv
mDC,mHSC-E,mlp,f1,v4_plain_best,0.11524039999999999,0.076309,0.2923712,0.334755,0.21951460000000003,0.21606219999999998,8,9,6,5,-3,False,False,3,results/transfer_v2/embedding_transfer_summary_v2.csv
mDC,mHSC-GM,lr,f1,baseline,0.40420480000000003,0.1967322,0.3667004,0.4040302,-0.00017460000000002474,0.16996819999999999,5,9,3,2,-3,False,False,6,results/transfer_v2/embedding_transfer_summary_v2.csv
mDC,mHSC-GM,lr,f1,cl_v6_fair,0.444203,0.3851946,0.3018814,0.3066338,-0.1375692,-0.08331319999999998,3,4,8,6,3,False,True,4,results/transfer_v2/embedding_transfer_summary_v2.csv
mDC,mHSC-GM,lr,f1,v4_type_pe_best,0.34661759999999997,0.09829840000000001,0.2776148,0.2701872,-0.07643039999999995,0.1793164,6,10,10,9,3,False,False,3,results/transfer_v2/embedding_transfer_summary_v2.csv
mDC,mHSC-GM,mlp,f1,baseline,0.2503878,0.1024518,0.3200942,0.2580052,0.007617399999999996,0.2176424,5,7,5,8,3,False,False,3,results/transfer_v2/embedding_transfer_summary_v2.csv
mDC,mHSC-GM,mlp,f1,cl_scratch_v5,0.2622662,0.3797906,0.3160132,0.3949664,0.1327002,-0.06377739999999998,4,3,6,1,-3,False,True,3,results/transfer_v2/embedding_transfer_summary_v2.csv
mDC,mHSC-L,lr,f1,cl_v6_fair,0.3762782,0.1796794,0.348523,0.408155,0.03187679999999998,0.16884360000000004,5,8,4,2,-3,False,False,4,results/transfer_v2/embedding_transfer_summary_v2.csv
mDC,mHSC-L,lr,f1,v4_type_pe_best,0.3391006,0.1203378,0.3252714,0.3321892,-0.0069113999999999565,0.2049336,8,10,6,5,-3,False,False,4,results/transfer_v2/embedding_transfer_summary_v2.csv
mESC,hESC,mlp,f1,baseline,0.5230262,0.6714962,0.5457289999999999,0.536364,0.013337799999999955,-0.12576720000000008,6,4,3,3,-3,False,False,3,results/transfer_v2/embedding_transfer_summary_v2.csv
mESC,hESC,lr,f1,baseline,0.5225508,,0.459198,0.4498674,-0.07268340000000001,,1,,1,4,3,True,False,3,results/transfer_v2/embedding_transfer_summary_v2.csv
mESC,mHSC-E,mlp,f1,baseline,0.5450924,0.6569244,0.644258,0.47030879999999997,-0.07478360000000006,-0.012666399999999967,6,1,6,9,3,False,False,5,results/transfer_v2/embedding_transfer_summary_v2.csv
mESC,mHSC-E,mlp,f1,minus,0.5203494,0.5520918,0.6426004,0.706249,0.18589960000000005,0.09050859999999994,7,4,7,4,-3,False,False,3,results/transfer_v2/embedding_transfer_summary_v2.csv
mESC,mHSC-E,mlp,f1,v4_bias_rec_best,0.4402904,0.5819734,0.6353436,0.5542446,0.11395419999999995,0.053370200000000034,10,3,8,7,-3,False,False,5,results/transfer_v2/embedding_transfer_summary_v2.csv
mESC,mHSC-GM,mlp,f1,v4_plain_best,0.5940086,0.4835398,0.3765946,0.495974,-0.09803459999999997,-0.10694520000000002,5,7,3,2,-3,False,False,4,results/transfer_v2/embedding_transfer_summary_v2.csv
mESC,mHSC-L,mlp,f1,minus,0.5249066,0.0572892,0.48898460000000005,0.3071432,-0.2177634,0.43169540000000006,7,9,7,10,3,False,False,3,results/transfer_v2/embedding_transfer_summary_v2.csv
mHSC-E,hHep,lr,f1,cl_v6_fair,0.7017684,0.722857,0.843541,0.7982296,0.09646120000000002,0.12068400000000001,3,4,1,6,3,False,False,3,results/transfer_v2/embedding_transfer_summary_v2.csv
mHSC-E,mESC,mlp,f1,scconcept,0.678862,0.781818,0.933333,0.0,-0.678862,0.15151499999999996,3,1,3,6,3,False,False,3,results/transfer_v2/embedding_transfer_summary_v2.csv
mHSC-E,mESC,mlp,f1,v4_bias_rec_best,0.6776602,,,0.933333,0.2556727999999999,,6,,,3,-3,False,False,3,results/transfer_v2/embedding_transfer_summary_v2.csv
mHSC-GM,hESC,lr,f1,minus,0.5509484,0.5310672,0.3175,0.2999004,-0.251048,-0.21356719999999996,8,5,7,5,-3,False,True,3,results/transfer_v2/embedding_transfer_summary_v2.csv
mHSC-GM,hESC,mlp,f1,v4_bias_rec_best,0.5890662,0.5442144,0.203552,0.2199446,-0.3691216,-0.3406624,3,5,9,6,3,False,False,4,results/transfer_v2/embedding_transfer_summary_v2.csv
mHSC-GM,hHep,lr,f1,v4_type_pe_best,0.6321904,0.7510232,0.4862012,0.2020396,-0.43015080000000006,-0.264822,4,2,7,7,3,False,True,5,results/transfer_v2/embedding_transfer_summary_v2.csv
mHSC-GM,mDC,lr,f1,scconcept_encoded,0.4857098,0.5817672,0.482717,0.5453574,0.05964759999999997,-0.09905020000000003,8,2,8,5,-3,False,True,6,results/transfer_v2/embedding_transfer_summary_v2.csv
mHSC-GM,mDC,lr,f1,v4_bias_rec_best,0.6313056,0.5335928,0.5848494,0.55234,-0.07896559999999997,0.051256599999999986,1,3,1,4,3,True,False,3,results/transfer_v2/embedding_transfer_summary_v2.csv
mHSC-GM,mDC,mlp,f1,baseline,0.520443,0.1433366,0.5326442,0.5185344,-0.001908600000000038,0.3893076,5,10,6,2,-3,False,False,4,results/transfer_v2/embedding_transfer_summary_v2.csv
mHSC-GM,mDC,mlp,f1,scconcept_encoded,0.4830836,0.548457,0.4252924,0.4604878,-0.0225958,-0.12316459999999996,8,3,8,5,-3,False,True,5,results/transfer_v2/embedding_transfer_summary_v2.csv
mHSC-GM,mESC,mlp,f1,v4_type_pe_best,0.544543,0.428571,0.0,0.0,-0.544543,-0.428571,5,5,7,8,3,False,False,3,results/transfer_v2/embedding_transfer_summary_v2.csv
mHSC-GM,mHSC-E,lr,f1,v4_plain_best,0.5471994,0.5471994,0.5471994,0.5990719999999999,0.051872599999999935,0.0,6,6,6,3,-3,False,False,3,results/transfer_v2/embedding_transfer_summary_v2.csv
mHSC-L,hHep,lr,f1,baseline,0.5950018,0.3184888,0.6024712,0.46453320000000003,-0.1304686,0.28398239999999997,2,10,2,5,3,False,False,8,results/transfer_v2/embedding_transfer_summary_v2.csv
mHSC-L,hHep,lr,f1,cl_scratch_v5,0.5601294,0.5053804,0.5467396,0.6750252,0.11489579999999999,0.04135920000000004,4,5,6,1,-3,False,True,3,results/transfer_v2/embedding_transfer_summary_v2.csv
mHSC-L,hHep,mlp,f1,baseline,0.6076376,0.4261288,0.2365356,0.1757878,-0.4318498,-0.18959319999999996,4,8,7,7,3,False,False,3,results/transfer_v2/embedding_transfer_summary_v2.csv
mHSC-L,hHep,mlp,f1,v4_type_pe_best,0.6682718,0.5456174,0.6055972000000001,0.2280076,-0.4402642,0.05997980000000003,1,5,1,4,3,True,False,4,results/transfer_v2/embedding_transfer_summary_v2.csv
mHSC-L,mDC,lr,f1,scGPT_human,0.48466099999999995,0.5911002,0.5520668,0.529601,0.044940000000000035,-0.039033399999999996,9,4,1,6,-3,False,False,3,results/transfer_v2/embedding_transfer_summary_v2.csv
mHSC-L,mDC,lr,f1,v4_plain_best,0.5579154000000001,0.4637534,0.5237978,0.4574602,-0.10045520000000008,0.0600444,5,8,3,8,3,False,False,5,results/transfer_v2/embedding_transfer_summary_v2.csv
mHSC-L,mDC,mlp,f1,minus,0.5030053999999999,0.3943186,0.4932136,0.5372083999999999,0.03420299999999998,0.09889499999999996,7,8,9,4,-3,False,False,3,results/transfer_v2/embedding_transfer_summary_v2.csv
mHSC-L,mESC,mlp,f1,v4_type_pe_best,0.680464,0.666667,0.0,0.0,-0.680464,-0.666667,4,3,6,7,3,False,False,3,results/transfer_v2/embedding_transfer_summary_v2.csv
hESC,hHep,lr,precision_at_k,scGPT_human,0.585,0.531,0.469,0.453,-0.13199999999999995,-0.062000000000000055,7,8,8,10,3,False,False,3,results/transfer_v2/embedding_transfer_summary_v2.csv
hESC,hHep,mlp,precision_at_k,minus,0.652,0.605,0.58,0.569,-0.08300000000000007,-0.025000000000000022,5,6,2,2,-3,False,False,4,results/transfer_v2/embedding_transfer_summary_v2.csv
hESC,mDC,lr,precision_at_k,scGPT_human,0.588,0.47300000000000003,0.661,0.592391,0.004391000000000034,0.188,3,6,2,6,3,False,False,4,results/transfer_v2/embedding_transfer_summary_v2.csv
hESC,mDC,lr,precision_at_k,v4_plain_best,0.463,0.396,0.473,0.639785,0.17678500000000003,0.07699999999999996,8,10,9,5,-3,False,False,3,results/transfer_v2/embedding_transfer_summary_v2.csv
hESC,mDC,mlp,precision_at_k,v4_bias_rec_best,0.335,0.321,0.418,0.578947,0.24394699999999997,0.09699999999999998,10,10,10,7,-3,False,False,3,results/transfer_v2/embedding_transfer_summary_v2.csv
hESC,mDC,mlp,precision_at_k,v4_plain_best,0.359,0.372,0.476,0.639785,0.28078500000000006,0.10399999999999998,8,8,6,5,-3,False,False,3,results/transfer_v2/embedding_transfer_summary_v2.csv
hESC,mESC,mlp,precision_at_k,v4_plain_best,0.533,0.488,0.894,0.901,0.368,0.406,10,8,10,7,-3,False,False,3,results/transfer_v2/embedding_transfer_summary_v2.csv
hESC,mHSC-E,mlp,precision_at_k,scGPT_human,0.655,0.555,0.539,0.568182,-0.08681800000000006,-0.016000000000000014,2,5,1,5,3,False,False,4,results/transfer_v2/embedding_transfer_summary_v2.csv
hESC,mHSC-GM,lr,precision_at_k,scconcept_encoded,0.607,0.532,0.516,0.407407,-0.19959299999999996,-0.016000000000000014,9,8,8,6,-3,False,False,3,results/transfer_v2/embedding_transfer_summary_v2.csv
hESC,mHSC-GM,lr,precision_at_k,v4_bias_rec_best,0.7,0.771,0.493,0.443609,-0.256391,-0.278,7,1,9,4,-3,False,True,8,results/transfer_v2/embedding_transfer_summary_v2.csv
hESC,mHSC-GM,mlp,precision_at_k,scconcept_encoded,0.631,0.607,0.536,0.407407,-0.223593,-0.07099999999999995,9,5,7,6,-3,False,False,3,results/transfer_v2/embedding_transfer_summary_v2.csv
hESC,mHSC-L,mlp,precision_at_k,cl_v6_fair,0.749,0.619,0.58,0.430894,-0.318106,-0.039000000000000035,2,2,5,5,3,False,True,3,results/transfer_v2/embedding_transfer_summary_v2.csv
hESC,mHSC-L,mlp,precision_at_k,scconcept_encoded,0.576,0.456,0.515,0.428571,-0.14742899999999998,0.059,9,10,10,6,-3,False,False,3,results/transfer_v2/embedding_transfer_summary_v2.csv
hESC,mHSC-L,mlp,precision_at_k,v4_bias_rec_best,0.7,0.584,0.589,0.553571,-0.14642899999999992,0.0050000000000000044,5,5,3,2,-3,False,False,3,results/transfer_v2/embedding_transfer_summary_v2.csv
hHep,hESC,lr,precision_at_k,minus,0.668,0.559,0.5559999999999999,0.536,-0.132,-0.0030000000000001137,4,9,5,7,3,False,False,4,results/transfer_v2/embedding_transfer_summary_v2.csv
hHep,hESC,lr,precision_at_k,v4_type_pe_best,0.665,0.585,0.586,0.613,-0.052000000000000046,0.0010000000000000009,5,4,4,2,-3,False,False,3,results/transfer_v2/embedding_transfer_summary_v2.csv
hHep,mDC,lr,precision_at_k,minus,0.516,0.457,0.78,0.76,0.244,0.323,7,7,3,4,-3,False,False,4,results/transfer_v2/embedding_transfer_summary_v2.csv
hHep,mDC,lr,precision_at_k,v4_plain_best,0.595,0.421,0.759,0.76,0.16500000000000004,0.338,2,10,6,5,3,False,False,4,results/transfer_v2/embedding_transfer_summary_v2.csv
hHep,mDC,mlp,precision_at_k,v4_bias_rec_best,0.668,0.6900000000000001,0.771,0.775,0.10699999999999998,0.08099999999999996,1,1,6,4,3,True,False,5,results/transfer_v2/embedding_transfer_summary_v2.csv
hHep,mDC,mlp,precision_at_k,v4_plain_best,0.563,0.417,0.778,0.779,0.21600000000000008,0.36100000000000004,5,10,5,2,-3,False,False,5,results/transfer_v2/embedding_transfer_summary_v2.csv
hHep,mDC,mlp,precision_at_k,v4_type_pe_best,0.48100000000000004,0.507,0.761,0.758,0.27699999999999997,0.254,10,6,7,7,-3,False,False,3,results/transfer_v2/embedding_transfer_summary_v2.csv
hHep,mESC,lr,precision_at_k,baseline,0.547,0.578,0.907,0.91,0.363,0.32900000000000007,3,1,10,6,3,False,False,9,results/transfer_v2/embedding_transfer_summary_v2.csv
hHep,mESC,lr,precision_at_k,cl_scratch_v5,0.5559999999999999,,0.928,0.929,0.3730000000000001,,1,,3,4,3,True,False,3,results/transfer_v2/embedding_transfer_summary_v2.csv
hHep,mESC,lr,precision_at_k,scconcept,0.546,0.57,0.917,0.941,0.3949999999999999,0.3470000000000001,5,2,4,2,-3,False,False,3,results/transfer_v2/embedding_transfer_summary_v2.csv
hHep,mESC,lr,precision_at_k,v4_bias_rec_best,0.542,,0.909,0.918,0.376,,8,,8,5,-3,False,False,8,results/transfer_v2/embedding_transfer_summary_v2.csv
hHep,mESC,mlp,precision_at_k,cl_v6_fair,0.545,0.54,0.929,0.93,0.385,0.389,1,6,4,4,3,True,False,3,results/transfer_v2/embedding_transfer_summary_v2.csv
hHep,mESC,mlp,precision_at_k,scconcept_encoded,0.535,0.41000000000000003,0.951,0.9390000000000001,0.404,0.5409999999999999,5,9,2,2,-3,False,False,7,results/transfer_v2/embedding_transfer_summary_v2.csv
hHep,mESC,mlp,precision_at_k,v4_plain_best,0.518,0.57,0.922,0.915,0.397,0.3520000000000001,9,4,5,6,-3,False,False,3,results/transfer_v2/embedding_transfer_summary_v2.csv
hHep,mHSC-E,mlp,precision_at_k,baseline,0.84,0.661,0.742,0.5125,-0.3275,0.08099999999999996,3,2,7,6,3,False,False,5,results/transfer_v2/embedding_transfer_summary_v2.csv
hHep,mHSC-E,mlp,precision_at_k,minus,0.798,0.584,0.82,0.571429,-0.22657100000000008,0.236,7,7,1,4,-3,False,False,6,results/transfer_v2/embedding_transfer_summary_v2.csv
hHep,mHSC-GM,lr,precision_at_k,scconcept_encoded,0.511,0.5,0.284,0.190083,-0.320917,-0.21600000000000003,10,9,1,7,-3,False,False,8,results/transfer_v2/embedding_transfer_summary_v2.csv
hHep,mHSC-L,lr,precision_at_k,minus,0.663,0.645,0.394,0.335878,-0.327122,-0.251,7,4,3,4,-3,False,True,3,results/transfer_v2/embedding_transfer_summary_v2.csv
hHep,mHSC-L,mlp,precision_at_k,cl_v6_fair,0.711,0.537,0.394,0.287879,-0.42312099999999997,-0.14300000000000002,6,7,4,9,3,False,False,3,results/transfer_v2/embedding_transfer_summary_v2.csv
hHep,mHSC-L,mlp,precision_at_k,minus,0.699,0.589,0.396,0.335878,-0.36312199999999994,-0.19299999999999995,7,4,3,4,-3,False,False,3,results/transfer_v2/embedding_transfer_summary_v2.csv
hHep,mHSC-L,mlp,precision_at_k,scGPT_human,0.721,0.657,0.387,0.320312,-0.400688,-0.27,4,2,5,7,3,False,False,3,results/transfer_v2/embedding_transfer_summary_v2.csv
hHep,mHSC-L,mlp,precision_at_k,v4_plain_best,0.733,0.704,0.384,0.330935,-0.402065,-0.31999999999999995,3,1,7,6,3,False,False,6,results/transfer_v2/embedding_transfer_summary_v2.csv
mDC,hESC,lr,precision_at_k,scconcept,0.46900000000000003,0.371429,0.237113,0.237113,-0.23188700000000004,-0.13431600000000002,3,10,6,6,3,False,False,4,results/transfer_v2/embedding_transfer_summary_v2.csv
mDC,hESC,mlp,precision_at_k,v4_plain_best,0.314,0.533333,0.237113,0.237113,-0.07688700000000001,-0.29621999999999993,6,3,9,9,3,False,False,6,results/transfer_v2/embedding_transfer_summary_v2.csv
mDC,hESC,mlp,precision_at_k,v4_type_pe_best,0.29000000000000004,0.527778,0.237113,0.206522,-0.08347800000000002,-0.29066499999999995,7,4,10,10,3,False,False,6,results/transfer_v2/embedding_transfer_summary_v2.csv
mDC,hHep,lr,precision_at_k,scGPT_human,0.444,0.513,0.385,0.382,-0.062,-0.128,6,5,2,3,-3,False,False,3,results/transfer_v2/embedding_transfer_summary_v2.csv
mDC,hHep,lr,precision_at_k,v4_type_pe_best,0.389,0.504,0.38,0.381,-0.008000000000000007,-0.124,8,6,5,5,-3,False,False,3,results/transfer_v2/embedding_transfer_summary_v2.csv
mDC,mESC,mlp,precision_at_k,scGPT_human,0.539,,0.894737,0.894737,0.35573699999999997,,6,,3,3,-3,False,False,3,results/transfer_v2/embedding_transfer_summary_v2.csv
mDC,mHSC-E,lr,precision_at_k,minus,0.43,0.494318,0.359,0.508021,0.07802099999999995,-0.135318,4,7,9,1,-3,False,True,3,results/transfer_v2/embedding_transfer_summary_v2.csv
mDC,mHSC-E,lr,precision_at_k,scconcept_encoded,0.395,0.576,0.356,0.28,-0.11499999999999999,-0.21999999999999997,7,2,10,10,3,False,True,8,results/transfer_v2/embedding_transfer_summary_v2.csv
mDC,mHSC-E,mlp,precision_at_k,v4_bias_rec_best,0.386,0.571429,0.41,0.445,0.059,-0.161429,6,2,6,3,-3,False,True,4,results/transfer_v2/embedding_transfer_summary_v2.csv
mDC,mHSC-GM,lr,precision_at_k,scconcept,0.543,0.553,0.365,0.374359,-0.16864100000000004,-0.18800000000000006,1,3,1,4,3,True,False,3,results/transfer_v2/embedding_transfer_summary_v2.csv
mDC,mHSC-GM,lr,precision_at_k,v4_bias_rec_best,0.404,0.458,0.286,0.277778,-0.126222,-0.17200000000000004,7,8,8,10,3,False,False,3,results/transfer_v2/embedding_transfer_summary_v2.csv
mDC,mHSC-GM,lr,precision_at_k,v4_plain_best,0.355,0.427,0.274,0.34104,-0.013959999999999972,-0.15299999999999997,10,10,9,7,-3,False,False,3,results/transfer_v2/embedding_transfer_summary_v2.csv
mDC,mHSC-GM,lr,precision_at_k,v4_type_pe_best,0.403,0.428,0.299,0.367876,-0.035124000000000044,-0.129,8,9,7,5,-3,False,False,3,results/transfer_v2/embedding_transfer_summary_v2.csv
mDC,mHSC-GM,mlp,precision_at_k,scconcept,0.609,0.55,0.388,0.374359,-0.234641,-0.16200000000000003,1,4,1,4,3,True,False,3,results/transfer_v2/embedding_transfer_summary_v2.csv
mDC,mHSC-GM,mlp,precision_at_k,v4_type_pe_best,0.405,0.443,0.35,0.367876,-0.037124000000000046,-0.09300000000000003,8,9,7,5,-3,False,False,3,results/transfer_v2/embedding_transfer_summary_v2.csv
mDC,mHSC-L,lr,precision_at_k,scGPT_human,0.415,0.558,0.333,0.370787,-0.044213,-0.22500000000000003,9,4,8,6,-3,False,False,4,results/transfer_v2/embedding_transfer_summary_v2.csv
mDC,mHSC-L,mlp,precision_at_k,scconcept,0.497,0.5640000000000001,0.37,0.41573,-0.08127000000000001,-0.19400000000000006,2,2,5,5,3,False,False,3,results/transfer_v2/embedding_transfer_summary_v2.csv
mESC,hESC,lr,precision_at_k,baseline,0.511,,0.403,0.362,-0.14900000000000002,,4,,1,7,3,False,False,3,results/transfer_v2/embedding_transfer_summary_v2.csv
mESC,hESC,lr,precision_at_k,scGPT_human,0.543,,0.353,0.368,-0.17500000000000004,,3,,5,6,3,False,False,5,results/transfer_v2/embedding_transfer_summary_v2.csv
mESC,hESC,lr,precision_at_k,v4_bias_rec_best,0.483,,0.303,0.29,-0.193,,7,,10,10,3,False,False,10,results/transfer_v2/embedding_transfer_summary_v2.csv
mESC,hHep,mlp,precision_at_k,scGPT_human,0.503,0.639,0.4,0.41,-0.09300000000000003,-0.239,4,1,1,1,-3,False,False,3,results/transfer_v2/embedding_transfer_summary_v2.csv
mESC,hHep,lr,precision_at_k,scGPT_human,0.616,0.664,0.411,0.42,-0.196,-0.25300000000000006,1,1,3,4,3,True,False,3,results/transfer_v2/embedding_transfer_summary_v2.csv
mESC,mDC,mlp,precision_at_k,cl_v6_fair,0.513,0.536,0.878,0.883117,0.37011700000000003,0.34199999999999997,5,3,9,8,3,False,True,6,results/transfer_v2/embedding_transfer_summary_v2.csv
mESC,mDC,mlp,precision_at_k,v4_bias_rec_best,0.482,0.514,0.9,0.902778,0.420778,0.386,9,5,5,6,-3,False,True,3,results/transfer_v2/embedding_transfer_summary_v2.csv
mESC,mHSC-E,mlp,precision_at_k,v4_plain_best,0.51,0.546,0.453,0.549296,0.039296,-0.09300000000000003,1,3,8,4,3,True,False,5,results/transfer_v2/embedding_transfer_summary_v2.csv
mHSC-E,hESC,lr,precision_at_k,scconcept,0.473,0.625,0.368932,0.368932,-0.104068,-0.256068,9,2,6,6,-3,False,False,4,results/transfer_v2/embedding_transfer_summary_v2.csv
mHSC-E,hESC,lr,precision_at_k,scconcept_encoded,0.423,0.442623,0.368932,0.368932,-0.054068000000000005,-0.073691,10,7,7,7,-3,False,False,3,results/transfer_v2/embedding_transfer_summary_v2.csv
mHSC-E,hESC,mlp,precision_at_k,baseline,0.658,0.454545,0.368932,0.368932,-0.28906800000000005,-0.085613,5,5,1,2,-3,False,False,4,results/transfer_v2/embedding_transfer_summary_v2.csv
mHSC-E,hESC,mlp,precision_at_k,scconcept,0.44,0.625,0.368932,0.368932,-0.07106800000000002,-0.256068,9,2,6,6,-3,False,False,4,results/transfer_v2/embedding_transfer_summary_v2.csv
mHSC-E,hESC,mlp,precision_at_k,scconcept_encoded,0.416,0.442623,0.368932,0.368932,-0.047068,-0.073691,10,7,7,7,-3,False,False,3,results/transfer_v2/embedding_transfer_summary_v2.csv
mHSC-E,hHep,lr,precision_at_k,scGPT_human,0.851,0.444444,0.529412,0.529412,-0.321588,0.08496799999999999,2,8,5,5,3,False,False,3,results/transfer_v2/embedding_transfer_summary_v2.csv
mHSC-E,hHep,lr,precision_at_k,v4_bias_rec_best,0.812,0.661017,0.529412,0.529412,-0.28258800000000006,-0.13160499999999997,5,3,8,8,3,False,False,5,results/transfer_v2/embedding_transfer_summary_v2.csv
mHSC-E,hHep,lr,precision_at_k,v4_plain_best,0.805,0.496894,0.529412,0.529412,-0.27558800000000006,0.03251799999999999,6,7,9,9,3,False,False,3,results/transfer_v2/embedding_transfer_summary_v2.csv
mHSC-E,hHep,lr,precision_at_k,v4_type_pe_best,0.786,0.662162,0.529412,0.529412,-0.25658800000000004,-0.13275000000000003,7,2,10,10,3,False,False,8,results/transfer_v2/embedding_transfer_summary_v2.csv
mHSC-E,hHep,mlp,precision_at_k,scconcept,0.574,0.410256,0.529412,0.529412,-0.04458799999999996,0.11915599999999998,9,9,6,6,-3,False,False,3,results/transfer_v2/embedding_transfer_summary_v2.csv
mHSC-E,hHep,mlp,precision_at_k,scconcept_encoded,0.508,0.537736,0.529412,0.529412,0.021411999999999987,-0.008323999999999998,10,5,7,7,-3,False,False,3,results/transfer_v2/embedding_transfer_summary_v2.csv
mHSC-E,hHep,mlp,precision_at_k,v4_type_pe_best,0.875,0.662162,0.529412,0.529412,-0.345588,-0.13275000000000003,7,2,10,10,3,False,False,8,results/transfer_v2/embedding_transfer_summary_v2.csv
mHSC-E,mDC,lr,precision_at_k,scconcept,0.559,0.60241,0.44,0.461,-0.09800000000000003,-0.16241,6,2,9,9,3,False,True,7,results/transfer_v2/embedding_transfer_summary_v2.csv
mHSC-E,mDC,lr,precision_at_k,v4_bias_rec_best,0.66,0.372549,0.515,0.525,-0.135,0.142451,4,9,3,1,-3,False,False,6,results/transfer_v2/embedding_transfer_summary_v2.csv
mHSC-E,mDC,mlp,precision_at_k,minus,0.523,0.56962,0.491,0.505,-0.018000000000000016,-0.07862000000000002,7,4,8,4,-3,False,True,4,results/transfer_v2/embedding_transfer_summary_v2.csv
mHSC-E,mDC,mlp,precision_at_k,scGPT_human,0.482,0.478723,0.505,0.495,0.013000000000000012,0.026276999999999995,9,6,5,6,-3,False,False,3,results/transfer_v2/embedding_transfer_summary_v2.csv
mHSC-E,mDC,mlp,precision_at_k,v4_plain_best,0.617,0.392857,0.518,0.498,-0.119,0.125143,2,8,1,5,3,False,False,7,results/transfer_v2/embedding_transfer_summary_v2.csv
mHSC-E,mESC,mlp,precision_at_k,v4_type_pe_best,0.545,,,0.875,0.32999999999999996,,4,,,7,3,False,False,3,results/transfer_v2/embedding_transfer_summary_v2.csv
mHSC-E,mHSC-GM,mlp,precision_at_k,minus,0.757,0.757,0.757,0.725,-0.03200000000000003,0.0,5,5,5,8,3,False,False,3,results/transfer_v2/embedding_transfer_summary_v2.csv
mHSC-GM,hESC,lr,precision_at_k,scconcept,0.62,0.4375,0.368932,0.368932,-0.251068,-0.06856800000000002,9,8,6,6,-3,False,False,3,results/transfer_v2/embedding_transfer_summary_v2.csv
mHSC-GM,hESC,lr,precision_at_k,scconcept_encoded,0.515,0.5,0.368932,0.368932,-0.14606800000000003,-0.13106800000000002,10,6,7,7,-3,False,False,3,results/transfer_v2/embedding_transfer_summary_v2.csv
mHSC-GM,hESC,mlp,precision_at_k,scconcept,0.606,0.4375,0.368932,0.368932,-0.237068,-0.06856800000000002,9,8,6,6,-3,False,False,3,results/transfer_v2/embedding_transfer_summary_v2.csv
mHSC-GM,hESC,mlp,precision_at_k,scconcept_encoded,0.526,0.5,0.368932,0.368932,-0.15706800000000004,-0.13106800000000002,10,6,7,7,-3,False,False,3,results/transfer_v2/embedding_transfer_summary_v2.csv
mHSC-GM,mDC,lr,precision_at_k,baseline,0.52,0.666667,0.459,0.479,-0.041000000000000036,-0.207667,8,2,8,5,-3,False,False,6,results/transfer_v2/embedding_transfer_summary_v2.csv
mHSC-GM,mDC,lr,precision_at_k,scconcept_encoded,0.559,0.698413,0.473,0.47,-0.08900000000000008,-0.22541299999999997,5,1,5,8,3,False,False,4,results/transfer_v2/embedding_transfer_summary_v2.csv
mHSC-GM,mDC,mlp,precision_at_k,cl_v6_fair,0.594,0.411765,0.478,0.49,-0.10399999999999998,0.06623499999999999,7,9,5,4,-3,False,False,4,results/transfer_v2/embedding_transfer_summary_v2.csv
mHSC-GM,mESC,mlp,precision_at_k,v4_type_pe_best,0.534,0.272727,0.875,0.875,0.34099999999999997,0.6022730000000001,5,8,7,8,3,False,False,3,results/transfer_v2/embedding_transfer_summary_v2.csv
mHSC-GM,mHSC-E,lr,precision_at_k,cl_v6_fair,0.775,0.775,0.775,0.738,-0.03700000000000003,0.0,5,5,5,8,3,False,False,3,results/transfer_v2/embedding_transfer_summary_v2.csv
mHSC-GM,mHSC-E,lr,precision_at_k,v4_type_pe_best,0.765,0.765,0.765,0.788,0.02300000000000002,0.0,6,6,6,3,-3,False,False,3,results/transfer_v2/embedding_transfer_summary_v2.csv
mHSC-L,hESC,lr,precision_at_k,v4_bias_rec_best,0.613,0.322581,0.368932,0.368932,-0.244068,0.046350999999999976,5,9,8,8,3,False,False,3,results/transfer_v2/embedding_transfer_summary_v2.csv
mHSC-L,hHep,lr,precision_at_k,cl_scratch_v5,0.654,0.481928,0.529412,0.529412,-0.12458800000000003,0.04748399999999997,5,6,2,2,-3,False,False,4,results/transfer_v2/embedding_transfer_summary_v2.csv
mHSC-L,mDC,lr,precision_at_k,scconcept,0.545,0.848485,0.46,0.468,-0.07700000000000001,-0.388485,8,1,9,5,-3,False,True,8,results/transfer_v2/embedding_transfer_summary_v2.csv
mHSC-L,mDC,mlp,precision_at_k,v4_plain_best,0.57,0.37931,0.497,0.458,-0.11199999999999993,0.11769000000000002,7,10,7,10,3,False,False,3,results/transfer_v2/embedding_transfer_summary_v2.csv
mHSC-L,mHSC-E,lr,precision_at_k,v4_plain_best,0.618,0.618,0.618,0.524,-0.09399999999999997,0.0,4,4,4,7,3,False,False,3,results/transfer_v2/embedding_transfer_summary_v2.csv
hESC,hHep,lr,auprc,v4_plain_best,0.5765009999999999,0.6601572,0.5632124000000001,0.5404,-0.03610099999999994,-0.09694479999999994,5,2,2,3,-2,False,False,2,results/transfer_v2/embedding_transfer_summary_v2.csv
hESC,mDC,lr,auprc,v4_plain_best,0.4822996,0.4316004,0.5337064,0.6243708,0.1420712,0.10210600000000003,8,10,9,6,-2,False,False,2,results/transfer_v2/embedding_transfer_summary_v2.csv
hESC,mDC,mlp,auprc,scconcept_encoded,0.5843446,0.5765682,0.693446,0.6419606,0.057616,0.11687780000000003,2,1,1,4,2,False,False,2,results/transfer_v2/embedding_transfer_summary_v2.csv
hESC,mDC,mlp,auprc,v4_plain_best,0.4432916,0.4222326,0.5312744,0.6100864,0.16679480000000002,0.10904180000000002,8,8,7,6,-2,False,False,2,results/transfer_v2/embedding_transfer_summary_v2.csv
hESC,mESC,mlp,auprc,cl_scratch_v5,0.517388,0.45939640000000004,0.8974759999999999,0.8974694,0.3800814,0.4380795999999999,4,10,6,6,2,False,False,4,results/transfer_v2/embedding_transfer_summary_v2.csv
hESC,mESC,mlp,auprc,minus,0.5178661999999999,0.5048303333333334,0.8970802,0.8983164,0.38045020000000007,0.3922498666666666,1,4,8,3,2,True,False,4,results/transfer_v2/embedding_transfer_summary_v2.csv
hESC,mHSC-E,lr,auprc,minus,0.5652688,0.6004834,0.5627628,0.7111912,0.1459224,-0.03772059999999999,3,3,4,1,-2,False,True,2,results/transfer_v2/embedding_transfer_summary_v2.csv
hESC,mHSC-E,lr,auprc,scGPT_human,0.599938,0.5080192,0.5602706000000001,0.6545274,0.05458940000000001,0.05225140000000006,1,8,5,3,2,True,False,3,results/transfer_v2/embedding_transfer_summary_v2.csv
hESC,mHSC-E,lr,auprc,scconcept_encoded,0.5032668,0.562671,0.46929319999999997,0.5717396,0.0684728,-0.09337780000000007,8,4,9,6,-2,False,True,5,results/transfer_v2/embedding_transfer_summary_v2.csv
hESC,mHSC-E,mlp,auprc,baseline,0.5419438,0.5020496,0.5488632,0.4414012,-0.10054259999999998,0.04681360000000001,7,8,1,9,2,False,False,7,results/transfer_v2/embedding_transfer_summary_v2.csv
hESC,mHSC-E,mlp,auprc,minus,0.5745458,0.5934854,0.512836,0.6863774,0.11183160000000003,-0.0806494000000001,3,4,7,1,-2,False,True,3,results/transfer_v2/embedding_transfer_summary_v2.csv
hESC,mHSC-GM,lr,auprc,baseline,0.6193604,0.6896566,0.5647472,0.4375346,-0.18182580000000004,-0.12490939999999995,8,2,3,10,2,False,False,2,results/transfer_v2/embedding_transfer_summary_v2.csv
hESC,mHSC-GM,lr,auprc,cl_v6_fair,0.6885674,0.6166842,0.5594076,0.5198704,-0.1686970000000001,-0.05727660000000001,2,5,4,4,2,False,False,2,results/transfer_v2/embedding_transfer_summary_v2.csv
hESC,mHSC-GM,lr,auprc,scGPT_human,0.6719974,0.5976056,0.5800782,0.7675972,0.09559980000000001,-0.01752739999999997,3,6,1,1,-2,False,False,5,results/transfer_v2/embedding_transfer_summary_v2.csv
hESC,mHSC-GM,lr,auprc,v4_plain_best,0.6643762,0.5956462,0.5750484,0.5435356,-0.12084059999999996,-0.0205978,5,7,2,3,-2,False,False,5,results/transfer_v2/embedding_transfer_summary_v2.csv
hESC,mHSC-GM,mlp,auprc,cl_v6_fair,0.7286816,0.6258314,0.595536,0.5764722,-0.15220940000000005,-0.030295400000000083,1,4,2,3,2,True,False,2,results/transfer_v2/embedding_transfer_summary_v2.csv
hESC,mHSC-GM,mlp,auprc,scGPT_human,0.7174092,0.5375452,0.531362,0.6806136,-0.03679559999999993,-0.006183199999999944,3,7,8,1,-2,False,False,2,results/transfer_v2/embedding_transfer_summary_v2.csv
hESC,mHSC-L,mlp,auprc,v4_bias_rec_best,0.6420484,0.6207516,0.578686,0.6071228,-0.0349256,-0.042065599999999925,5,3,6,3,-2,False,True,3,results/transfer_v2/embedding_transfer_summary_v2.csv
hHep,hESC,lr,auprc,v4_type_pe_best,0.6371392,0.5907548,0.5581846,0.5835498,-0.05358940000000001,-0.032570199999999994,4,7,4,2,-2,False,False,3,results/transfer_v2/embedding_transfer_summary_v2.csv
hHep,hESC,mlp,auprc,v4_plain_best,0.6589356,0.6115916,0.5693402,0.558608,-0.10032759999999996,-0.04225140000000005,5,9,1,3,-2,False,False,8,results/transfer_v2/embedding_transfer_summary_v2.csv
hHep,mDC,mlp,auprc,v4_type_pe_best,0.5084064,0.5094968,0.7908634,0.7896955999999999,0.2812891999999999,0.2813666,10,6,8,8,-2,False,True,2,results/transfer_v2/embedding_transfer_summary_v2.csv
hHep,mESC,lr,auprc,baseline,0.5135932,0.5639178,0.9324126,0.932301,0.4187078000000001,0.3684948,9,2,6,7,-2,False,False,4,results/transfer_v2/embedding_transfer_summary_v2.csv
hHep,mESC,lr,auprc,minus,0.5144332,,0.9323034,0.9324808,0.41804759999999996,,3,,7,5,2,False,False,7,results/transfer_v2/embedding_transfer_summary_v2.csv
hHep,mESC,lr,auprc,v4_bias_rec_best,0.5140264,,0.9323034,0.9331588000000001,0.41913240000000007,,5,,8,3,-2,False,False,8,results/transfer_v2/embedding_transfer_summary_v2.csv
hHep,mESC,lr,auprc,v4_plain_best,0.5154598,0.5631648,0.9323034,0.9325188,0.41705899999999996,0.3691386,2,3,9,4,2,False,False,6,results/transfer_v2/embedding_transfer_summary_v2.csv
hHep,mHSC-E,lr,auprc,v4_plain_best,0.6644616,0.6545786,0.8611108000000001,0.905232,0.24077040000000005,0.20653220000000005,3,7,2,1,-2,False,False,5,results/transfer_v2/embedding_transfer_summary_v2.csv
hHep,mHSC-E,lr,auprc,v4_type_pe_best,0.6528602,0.6873824,0.8094622,0.9033166,0.2504564,0.12207980000000007,4,3,6,2,-2,False,False,3,results/transfer_v2/embedding_transfer_summary_v2.csv
hHep,mHSC-E,mlp,auprc,cl_scratch_v5,0.7220714,0.6785776,0.8151927999999999,0.75437,0.032298599999999955,0.13661519999999994,6,4,5,8,2,False,False,2,results/transfer_v2/embedding_transfer_summary_v2.csv
hHep,mHSC-E,mlp,auprc,v4_type_pe_best,0.7374634,0.7112738,0.7968194,0.8956608,0.15819740000000004,0.0855456,3,2,7,1,-2,False,False,5,results/transfer_v2/embedding_transfer_summary_v2.csv
hHep,mHSC-GM,lr,auprc,cl_scratch_v5,0.6760236,0.730164,0.4497054,0.5242888,-0.15173479999999995,-0.28045860000000006,5,4,2,3,-2,False,False,2,results/transfer_v2/embedding_transfer_summary_v2.csv
hHep,mHSC-GM,lr,auprc,scconcept,0.5247016,0.4297804,0.2298996,0.27362600000000004,-0.25107559999999995,-0.1998808,10,10,10,8,-2,False,False,2,results/transfer_v2/embedding_transfer_summary_v2.csv
hHep,mHSC-GM,lr,auprc,v4_plain_best,0.6465394,0.5054604,0.349189,0.2564416,-0.3900978,-0.1562714,7,9,7,9,2,False,False,2,results/transfer_v2/embedding_transfer_summary_v2.csv
hHep,mHSC-GM,mlp,auprc,v4_bias_rec_best,0.7543894,0.7533738,0.451695,0.6611074,-0.09328199999999998,-0.30167879999999997,3,3,1,1,-2,False,False,2,results/transfer_v2/embedding_transfer_summary_v2.csv
hHep,mHSC-L,lr,auprc,v4_bias_rec_best,0.6233354,0.541232,0.4725168,0.4413404,-0.18199499999999996,-0.06871520000000003,5,8,2,7,2,False,True,6,results/transfer_v2/embedding_transfer_summary_v2.csv
hHep,mHSC-L,mlp,auprc,v4_bias_rec_best,0.6748076,0.5409718,0.5531956,0.4705448,-0.20426279999999997,0.012223800000000007,1,8,1,3,2,True,False,7,results/transfer_v2/embedding_transfer_summary_v2.csv
hHep,mHSC-L,mlp,auprc,v4_plain_best,0.6690588000000001,0.7039006,0.42224079999999997,0.4638584,-0.20520040000000006,-0.2816598,2,1,3,4,2,False,False,2,results/transfer_v2/embedding_transfer_summary_v2.csv
hHep,mHSC-L,mlp,auprc,v4_type_pe_best,0.660055,0.639372,0.4754,0.5073738,-0.15268119999999996,-0.16397200000000006,3,3,2,1,-2,False,False,2,results/transfer_v2/embedding_transfer_summary_v2.csv
mDC,hESC,lr,auprc,scconcept,0.5041994,0.35779299999999997,0.2894576,0.27666080000000004,-0.22753859999999992,-0.06833539999999999,3,10,2,1,-2,False,False,8,results/transfer_v2/embedding_transfer_summary_v2.csv
mDC,hESC,mlp,auprc,minus,0.4563,0.4732014,0.20949979999999999,0.2511386,-0.2051614,-0.2637016,4,3,7,6,2,False,True,4,results/transfer_v2/embedding_transfer_summary_v2.csv
mDC,hESC,mlp,auprc,scGPT_human,0.49915160000000003,0.4583378,0.2938628,0.2651498,-0.23400180000000004,-0.16447500000000004,2,4,1,4,2,False,False,3,results/transfer_v2/embedding_transfer_summary_v2.csv
mDC,hESC,mlp,auprc,scconcept,0.4967342,0.3508968,0.2754818,0.2874792,-0.20925500000000002,-0.07541500000000001,3,10,3,1,-2,False,False,7,results/transfer_v2/embedding_transfer_summary_v2.csv
mDC,hESC,mlp,auprc,v4_bias_rec_best,0.4189116,0.4511384,0.2403036,0.2358188,-0.1830928,-0.2108348,10,6,4,8,-2,False,False,2,results/transfer_v2/embedding_transfer_summary_v2.csv
mDC,hHep,lr,auprc,cl_v6_fair,0.5019506,0.5242824,0.6302530000000001,0.6550828,0.15313219999999994,0.10597060000000003,4,4,2,2,-2,False,False,2,results/transfer_v2/embedding_transfer_summary_v2.csv
mDC,hHep,mlp,auprc,scGPT_human,0.4874512,0.516289,0.4590806,0.4197628,-0.06768839999999998,-0.05720839999999999,6,5,6,8,2,False,False,2,results/transfer_v2/embedding_transfer_summary_v2.csv
mDC,mHSC-E,lr,auprc,minus,0.4570966,0.4329964,0.3691722,0.5112498,0.05415319999999996,-0.0638242,6,8,8,4,-2,False,False,2,results/transfer_v2/embedding_transfer_summary_v2.csv
mDC,mHSC-E,mlp,auprc,baseline,0.4550776,0.48963439999999997,0.46925079999999997,0.4392132,-0.0158644,-0.0203836,6,5,6,8,2,False,False,2,results/transfer_v2/embedding_transfer_summary_v2.csv
mDC,mHSC-E,mlp,auprc,v4_plain_best,0.453142,0.354943,0.4400198,0.5218119999999999,0.06866999999999995,0.08507680000000001,7,10,8,5,-2,False,False,2,results/transfer_v2/embedding_transfer_summary_v2.csv
mDC,mHSC-GM,lr,auprc,baseline,0.4777458,0.402997,0.3536308,0.3984908,-0.07925500000000002,-0.04936619999999997,5,8,2,3,-2,False,False,6,results/transfer_v2/embedding_transfer_summary_v2.csv
mDC,mHSC-GM,lr,auprc,cl_scratch_v5,0.5126752,0.5121746,0.3357562,0.40624499999999997,-0.10643020000000003,-0.17641840000000003,4,4,6,2,-2,False,True,2,results/transfer_v2/embedding_transfer_summary_v2.csv
mDC,mHSC-GM,lr,auprc,v4_bias_rec_best,0.4602906,0.4201866,0.3130688,0.26069939999999997,-0.19959120000000002,-0.10711780000000004,8,7,9,10,2,False,True,2,results/transfer_v2/embedding_transfer_summary_v2.csv
mDC,mHSC-GM,mlp,auprc,baseline,0.47252500000000003,0.4544608,0.3979586,0.376998,-0.09552700000000003,-0.0565022,4,8,7,6,2,False,False,2,results/transfer_v2/embedding_transfer_summary_v2.csv
mDC,mHSC-GM,mlp,auprc,cl_scratch_v5,0.48351320000000003,0.6017358,0.428674,0.5219572,0.03844399999999998,-0.17306180000000004,3,3,2,1,-2,False,False,2,results/transfer_v2/embedding_transfer_summary_v2.csv
mDC,mHSC-GM,mlp,auprc,minus,0.4549102,0.5542934,0.4154266,0.3744004,-0.08050979999999996,-0.13886680000000007,9,5,3,7,-2,False,False,2,results/transfer_v2/embedding_transfer_summary_v2.csv
mDC,mHSC-L,mlp,auprc,scconcept,0.513652,0.5360532,0.400388,0.4284914,-0.08516059999999998,-0.13566519999999999,2,4,4,4,2,False,False,2,results/transfer_v2/embedding_transfer_summary_v2.csv
mESC,hESC,lr,auprc,scconcept_encoded,0.505446,,0.3590042,0.3751818,-0.13026419999999994,,5,,8,7,2,False,False,8,results/transfer_v2/embedding_transfer_summary_v2.csv
mESC,hHep,mlp,auprc,scconcept,0.5193726,0.5868706,0.3992835,0.378617,-0.14075559999999998,-0.1875871,5,5,3,3,-2,False,False,2,results/transfer_v2/embedding_transfer_summary_v2.csv
mESC,hHep,lr,auprc,scGPT_human,0.5516048,0.6474248,0.39902139999999997,0.4467248,-0.10488000000000003,-0.24840340000000005,1,1,4,3,2,True,False,3,results/transfer_v2/embedding_transfer_summary_v2.csv
mESC,hHep,lr,auprc,v4_bias_rec_best,0.4570806,0.509938,0.37568619999999997,0.3885514,-0.06852920000000001,-0.13425180000000003,10,6,9,8,-2,False,False,3,results/transfer_v2/embedding_transfer_summary_v2.csv
mESC,mDC,mlp,auprc,baseline,0.527465,0.5053373999999999,0.915404,0.9230138,0.39554880000000003,0.41006660000000006,3,7,1,5,2,False,False,6,results/transfer_v2/embedding_transfer_summary_v2.csv
mESC,mDC,mlp,auprc,v4_plain_best,0.520022,0.4614702,0.9065764,0.950248,0.430226,0.44510619999999995,6,10,4,4,-2,False,False,6,results/transfer_v2/embedding_transfer_summary_v2.csv
mESC,mHSC-E,mlp,auprc,minus,0.5030752000000001,0.5125374,0.5415554,0.6658776,0.1628023999999999,0.029017999999999988,1,5,3,3,2,True,False,2,results/transfer_v2/embedding_transfer_summary_v2.csv
mESC,mHSC-E,mlp,auprc,scGPT_human,0.49927119999999997,0.4078684,0.456537,0.4607028,-0.03856839999999995,0.048668600000000006,5,9,10,7,2,False,False,2,results/transfer_v2/embedding_transfer_summary_v2.csv
mESC,mHSC-E,mlp,auprc,v4_plain_best,0.4987698,0.5608648,0.4662404,0.5265448,0.02777500000000005,-0.09462440000000005,7,3,8,5,-2,False,False,5,results/transfer_v2/embedding_transfer_summary_v2.csv
mHSC-E,hESC,lr,auprc,scconcept,0.4860014,0.5300862,0.2891846,0.31314379999999997,-0.1728576,-0.24090159999999994,10,8,9,8,-2,False,False,2,results/transfer_v2/embedding_transfer_summary_v2.csv
mHSC-E,hESC,lr,auprc,v4_plain_best,0.6342142,0.6017089999999999,0.3769912,0.3560302,-0.27818399999999993,-0.2247177999999999,3,6,1,5,2,False,False,5,results/transfer_v2/embedding_transfer_summary_v2.csv
mHSC-E,hESC,mlp,auprc,scconcept,0.4774834,0.5722822,0.2707576,0.3137128,-0.1637706,-0.3015246,10,8,10,8,-2,False,False,2,results/transfer_v2/embedding_transfer_summary_v2.csv
mHSC-E,hESC,mlp,auprc,v4_type_pe_best,0.611984,0.6756943999999999,0.3369166,0.364737,-0.247247,-0.3387777999999999,6,2,6,4,-2,False,True,4,results/transfer_v2/embedding_transfer_summary_v2.csv
mHSC-E,hHep,mlp,auprc,cl_scratch_v5,0.814456,0.6518134,0.9548312,0.9468148,0.1323588,0.3030178,1,8,3,3,2,True,False,5,results/transfer_v2/embedding_transfer_summary_v2.csv
mHSC-E,hHep,mlp,auprc,v4_plain_best,0.7996458,0.754815,0.9477282,0.9663566,0.16671080000000005,0.1929132,3,6,4,1,-2,False,False,2,results/transfer_v2/embedding_transfer_summary_v2.csv
mHSC-E,mDC,lr,auprc,scconcept,0.5183554,0.49986559999999997,0.4562278,0.4663478,-0.05200760000000004,-0.04363779999999995,7,6,9,9,2,False,False,3,results/transfer_v2/embedding_transfer_summary_v2.csv
mHSC-E,mDC,mlp,auprc,cl_scratch_v5,0.5534884,0.5854958,0.6059272,0.5663326,0.012844199999999972,0.02043139999999999,5,4,3,3,-2,False,False,2,results/transfer_v2/embedding_transfer_summary_v2.csv
mHSC-E,mESC,mlp,auprc,scconcept,0.5169722,0.639572,0.875,0.875,0.3580278,0.23542799999999997,2,2,3,4,2,False,False,2,results/transfer_v2/embedding_transfer_summary_v2.csv
mHSC-E,mESC,mlp,auprc,v4_type_pe_best,0.5150678,,,0.875,0.35993220000000004,,5,,,7,2,False,False,2,results/transfer_v2/embedding_transfer_summary_v2.csv
mHSC-GM,hESC,lr,auprc,cl_scratch_v5,0.6626128,0.8463842,0.5523322,0.5820632,-0.0805496,-0.294052,4,1,2,2,-2,False,False,2,results/transfer_v2/embedding_transfer_summary_v2.csv
mHSC-GM,hESC,lr,auprc,v4_bias_rec_best,0.6482976,0.7315146,0.3466394,0.4113314,-0.23696620000000002,-0.38487520000000003,6,4,10,8,2,False,False,6,results/transfer_v2/embedding_transfer_summary_v2.csv
mHSC-GM,hESC,mlp,auprc,baseline,0.7203032,0.8489272,0.5458767999999999,0.6223183999999999,-0.0979848000000001,-0.30305040000000005,3,2,5,1,-2,False,False,3,results/transfer_v2/embedding_transfer_summary_v2.csv
mHSC-GM,hHep,lr,auprc,scconcept_encoded,0.5384208,0.6466580000000001,0.6213472,0.648234,0.10981319999999994,-0.025310800000000078,10,10,9,8,-2,False,False,2,results/transfer_v2/embedding_transfer_summary_v2.csv
mHSC-GM,hHep,lr,auprc,v4_plain_best,0.6287197999999999,0.7172888000000001,0.8581964,0.7472802,0.11856040000000001,0.1409075999999999,6,6,2,4,-2,False,False,4,results/transfer_v2/embedding_transfer_summary_v2.csv
mHSC-GM,mDC,lr,auprc,scconcept,0.5127466,0.3099042,0.5008692,0.4831572,-0.029589400000000043,0.190965,7,10,9,9,2,False,False,2,results/transfer_v2/embedding_transfer_summary_v2.csv
mHSC-GM,mHSC-E,lr,auprc,cl_v6_fair,0.6788944,0.6788944,0.6788944,0.6503140000000001,-0.02858039999999995,0.0,6,6,6,8,2,False,False,2,results/transfer_v2/embedding_transfer_summary_v2.csv
mHSC-GM,mHSC-E,lr,auprc,v4_plain_best,0.6966964,0.6966964,0.6966964,0.719461,0.022764600000000024,0.0,5,5,5,3,-2,False,False,2,results/transfer_v2/embedding_transfer_summary_v2.csv
mHSC-GM,mHSC-E,lr,auprc,v4_type_pe_best,0.675644,0.675644,0.675644,0.6899644,0.014320400000000011,0.0,8,8,8,6,-2,False,False,2,results/transfer_v2/embedding_transfer_summary_v2.csv
mHSC-L,hESC,lr,auprc,cl_v6_fair,0.5266464,0.6144194,0.452152,0.485714,-0.04093239999999998,-0.16226739999999995,8,6,6,6,-2,False,True,2,results/transfer_v2/embedding_transfer_summary_v2.csv
mHSC-L,hESC,lr,auprc,scGPT_human,0.5517146,0.6548598,0.3675916,0.4445148,-0.10719980000000007,-0.2872682,7,4,10,9,2,False,True,6,results/transfer_v2/embedding_transfer_summary_v2.csv
mHSC-L,hESC,mlp,auprc,cl_scratch_v5,0.711513,0.6840554,0.4929724,0.4819104,-0.22960259999999993,-0.191083,4,6,6,6,2,False,False,2,results/transfer_v2/embedding_transfer_summary_v2.csv
mHSC-L,hESC,mlp,auprc,minus,0.6593354,0.5582418,0.439072,0.4240562,-0.23527920000000002,-0.11916979999999999,7,9,8,9,2,False,False,2,results/transfer_v2/embedding_transfer_summary_v2.csv
mHSC-L,hESC,mlp,auprc,v4_type_pe_best,0.7029742,0.8191266,0.5025406,0.527732,-0.17524220000000001,-0.31658600000000003,5,1,5,3,-2,False,True,4,results/transfer_v2/embedding_transfer_summary_v2.csv
mHSC-L,hHep,lr,auprc,baseline,0.6278074,0.36723,0.6864794,0.6196114,-0.008195999999999981,0.31924939999999996,3,10,2,5,2,False,False,8,results/transfer_v2/embedding_transfer_summary_v2.csv
mHSC-L,hHep,lr,auprc,cl_v6_fair,0.5033238,0.7464206,0.6266176,0.5912414,0.08791760000000004,-0.11980299999999999,9,1,4,7,-2,False,True,3,results/transfer_v2/embedding_transfer_summary_v2.csv
mHSC-L,hHep,mlp,auprc,cl_scratch_v5,0.606876,0.6031778,0.583257,0.5582564,-0.048619599999999985,-0.01992079999999996,6,6,4,4,-2,False,False,2,results/transfer_v2/embedding_transfer_summary_v2.csv
mHSC-L,hHep,mlp,auprc,minus,0.5942580000000001,0.6280358,0.5366029999999999,0.524978,-0.06928000000000012,-0.09143280000000009,7,4,9,5,-2,False,True,5,results/transfer_v2/embedding_transfer_summary_v2.csv
mHSC-L,mDC,lr,auprc,baseline,0.5902036,0.723347,0.600505,0.5930234,0.002819799999999928,-0.122842,3,2,1,1,-2,False,False,2,results/transfer_v2/embedding_transfer_summary_v2.csv
mHSC-L,mDC,lr,auprc,cl_v6_fair,0.622009,0.4552016,0.4703458,0.5230274,-0.0989816,0.015144199999999997,1,8,10,3,2,True,False,2,results/transfer_v2/embedding_transfer_summary_v2.csv
mHSC-L,mDC,mlp,auprc,minus,0.4936054,0.4269214,0.5629776,0.5440638,0.05045839999999996,0.13605619999999996,9,9,8,7,-2,False,False,2,results/transfer_v2/embedding_transfer_summary_v2.csv
mHSC-L,mDC,mlp,auprc,scGPT_human,0.553155,0.59048,0.642558,0.5543664,0.0012114000000000846,0.05207799999999996,4,4,2,6,2,False,False,2,results/transfer_v2/embedding_transfer_summary_v2.csv
mHSC-L,mDC,mlp,auprc,v4_type_pe_best,0.5513170000000001,0.4843256,0.6576666,0.5782864,0.02696939999999992,0.17334099999999997,5,7,1,3,-2,False,False,6,results/transfer_v2/embedding_transfer_summary_v2.csv
mHSC-L,mESC,mlp,auprc,v4_type_pe_best,0.5195072000000001,0.5186045,0.875,0.875,0.35549279999999994,0.3563955,5,3,6,7,2,False,False,3,results/transfer_v2/embedding_transfer_summary_v2.csv
mHSC-L,mHSC-E,lr,auprc,cl_v6_fair,0.5471266,0.5471266,0.5471266,0.5880529999999999,0.04092639999999992,0.0,6,6,6,4,-2,False,False,2,results/transfer_v2/embedding_transfer_summary_v2.csv
mHSC-L,mHSC-E,mlp,auprc,cl_v6_fair,0.5735806,0.5735806,0.5735806,0.5610418,-0.012538799999999961,0.0,5,5,5,7,2,False,False,2,results/transfer_v2/embedding_transfer_summary_v2.csv
hESC,hHep,lr,auroc,cl_v6_fair,0.5383814,0.5941512,0.5170608,0.5096522,-0.02872920000000001,-0.0770904,5,3,6,7,2,False,True,3,results/transfer_v2/embedding_transfer_summary_v2.csv
hESC,hHep,mlp,auroc,minus,0.5591240000000001,0.5881096,0.5097176,0.507614,-0.051510000000000056,-0.07839200000000002,7,5,5,5,-2,False,True,2,results/transfer_v2/embedding_transfer_summary_v2.csv
hESC,hHep,mlp,auroc,scconcept_encoded,0.4372256,0.4509164,0.4829288,0.4767084,0.039482799999999985,0.032012399999999996,10,10,7,8,-2,False,False,3,results/transfer_v2/embedding_transfer_summary_v2.csv
hESC,hHep,mlp,auroc,v4_bias_rec_best,0.5977496,0.5977402,0.5031318,0.498301,-0.0994486,-0.09460840000000004,4,4,6,6,2,False,True,2,results/transfer_v2/embedding_transfer_summary_v2.csv
hESC,mDC,lr,auroc,minus,0.4183772,0.3719166,0.4356454,0.3235764,-0.09480080000000002,0.06372880000000003,10,10,5,8,-2,False,False,5,results/transfer_v2/embedding_transfer_summary_v2.csv
hESC,mDC,lr,auroc,scGPT_human,0.542969,0.4888014,0.5409886,0.5899447999999999,0.0469757999999999,0.052187200000000045,3,5,2,1,-2,False,False,3,results/transfer_v2/embedding_transfer_summary_v2.csv
hESC,mDC,lr,auroc,v4_type_pe_best,0.4630112,0.423938,0.459407,0.39694619999999997,-0.06606500000000004,0.03546900000000003,7,8,4,5,-2,False,False,4,results/transfer_v2/embedding_transfer_summary_v2.csv
hESC,mHSC-E,lr,auroc,cl_v6_fair,0.5543986,0.6403878,0.5188144,0.498413,-0.05598559999999997,-0.12157339999999994,4,3,5,6,2,False,True,2,results/transfer_v2/embedding_transfer_summary_v2.csv
hESC,mHSC-E,mlp,auroc,scGPT_human,0.5609912,0.5099544,0.5066914,0.5207016,-0.040289600000000036,-0.003263000000000016,4,7,5,2,-2,False,True,2,results/transfer_v2/embedding_transfer_summary_v2.csv
hESC,mHSC-GM,mlp,auroc,minus,0.7068369999999999,0.5584754000000001,0.6465504,0.6754156,-0.03142139999999993,0.0880749999999999,7,9,8,5,-2,False,False,2,results/transfer_v2/embedding_transfer_summary_v2.csv
hESC,mHSC-L,mlp,auroc,cl_scratch_v5,0.6741892,0.6469083999999999,0.5967012,0.6399406,-0.03424860000000007,-0.050207199999999896,3,1,7,5,2,False,True,6,results/transfer_v2/embedding_transfer_summary_v2.csv
hESC,mHSC-L,mlp,auroc,scGPT_human,0.6684856,0.5800502000000001,0.5926962,0.6087792,-0.05970640000000005,0.012645999999999935,4,7,8,6,2,False,False,2,results/transfer_v2/embedding_transfer_summary_v2.csv
hHep,hESC,lr,auroc,baseline,0.663965,0.6438092,0.6499828,0.6335918,-0.03037319999999999,0.006173600000000001,4,3,5,6,2,False,False,2,results/transfer_v2/embedding_transfer_summary_v2.csv
hHep,hESC,lr,auroc,scGPT_human,0.6725774,0.6878466,0.6350684,0.6461962,-0.026381199999999994,-0.0527782,3,2,7,5,2,False,True,5,results/transfer_v2/embedding_transfer_summary_v2.csv
hHep,hESC,lr,auroc,v4_type_pe_best,0.6520796,0.617048,0.672486,0.6811046,0.029024999999999967,0.05543799999999999,5,5,4,3,-2,False,False,2,results/transfer_v2/embedding_transfer_summary_v2.csv
hHep,hESC,mlp,auroc,scGPT_human,0.7030406,0.7395552,0.6760358,0.6876744,-0.015366199999999997,-0.0635194,6,3,7,4,-2,False,False,4,results/transfer_v2/embedding_transfer_summary_v2.csv
hHep,mDC,lr,auroc,v4_type_pe_best,0.4639126,0.4775602,0.6144486,0.6141274,0.15021479999999998,0.13688840000000002,9,7,7,7,-2,False,True,2,results/transfer_v2/embedding_transfer_summary_v2.csv
hHep,mESC,lr,auroc,v4_plain_best,0.498248,0.49613260000000003,0.493113,0.4947658,-0.0034822000000000464,-0.003019600000000011,2,2,9,4,2,False,True,7,results/transfer_v2/embedding_transfer_summary_v2.csv
hHep,mESC,lr,auroc,v4_type_pe_best,0.4964782,,0.4925622,0.493113,-0.003365199999999957,,6,,10,8,2,False,False,10,results/transfer_v2/embedding_transfer_summary_v2.csv
hHep,mESC,mlp,auroc,baseline,0.4939526,0.482281,0.4933884,0.4933884,-0.0005642000000000147,0.01110739999999999,8,8,6,6,-2,False,False,2,results/transfer_v2/embedding_transfer_summary_v2.csv
hHep,mESC,mlp,auroc,v4_bias_rec_best,0.4948472,0.487937,0.493113,0.4936638,-0.0011834000000000011,0.005176000000000014,6,5,9,4,-2,False,True,4,results/transfer_v2/embedding_transfer_summary_v2.csv
hHep,mHSC-E,lr,auroc,v4_plain_best,0.6554588,0.6751276,0.8413384,0.918782,0.2633232,0.1662108,3,6,2,1,-2,False,False,4,results/transfer_v2/embedding_transfer_summary_v2.csv
hHep,mHSC-E,mlp,auroc,v4_plain_best,0.7249996,0.6795954,0.8055446,0.8967718,0.17177220000000004,0.1259492000000001,3,6,3,1,-2,False,False,3,results/transfer_v2/embedding_transfer_summary_v2.csv
hHep,mHSC-GM,lr,auroc,baseline,0.6614586,0.6941688,0.7092189999999999,0.7029306,0.04147199999999995,0.015050199999999903,7,7,1,5,-2,False,False,6,results/transfer_v2/embedding_transfer_summary_v2.csv
hHep,mHSC-GM,lr,auroc,v4_plain_best,0.652856,0.592108,0.6786762,0.641899,-0.010956999999999995,0.08656819999999998,8,8,6,6,-2,False,False,2,results/transfer_v2/embedding_transfer_summary_v2.csv
hHep,mHSC-GM,mlp,auroc,scconcept,0.535549,0.4625562,0.5257602,0.5853240000000001,0.049775000000000014,0.06320400000000004,10,10,10,8,-2,False,False,2,results/transfer_v2/embedding_transfer_summary_v2.csv
hHep,mHSC-GM,mlp,auroc,v4_plain_best,0.7579106,0.592285,0.6564224,0.6634674,-0.09444319999999995,0.06413740000000001,3,8,7,5,2,False,False,2,results/transfer_v2/embedding_transfer_summary_v2.csv
hHep,mHSC-L,lr,auroc,cl_v6_fair,0.6347706,0.6305356,0.6238975999999999,0.6161814,-0.018589199999999972,-0.006638000000000033,3,5,6,5,2,False,True,2,results/transfer_v2/embedding_transfer_summary_v2.csv
hHep,mHSC-L,mlp,auroc,cl_v6_fair,0.6590547999999999,0.5889522,0.6120604,0.6198208000000001,-0.03923399999999988,0.023108199999999912,7,6,5,5,-2,False,False,2,results/transfer_v2/embedding_transfer_summary_v2.csv
hHep,mHSC-L,mlp,auroc,minus,0.6660514,0.5860588,0.6254844,0.6228318,-0.043219599999999914,0.03942560000000006,5,7,3,3,-2,False,False,4,results/transfer_v2/embedding_transfer_summary_v2.csv
hHep,mHSC-L,mlp,auroc,scconcept_encoded,0.5562172,0.5404712,0.5689376,0.5948902,0.03867300000000007,0.028466400000000003,9,9,9,7,-2,False,False,2,results/transfer_v2/embedding_transfer_summary_v2.csv
hHep,mHSC-L,mlp,auroc,v4_bias_rec_best,0.6691618,0.6606244,0.688966,0.6774264,0.008264599999999955,0.028341599999999967,3,2,1,1,-2,False,False,2,results/transfer_v2/embedding_transfer_summary_v2.csv
mDC,hESC,mlp,auroc,scconcept,0.4902888,0.45167019999999997,0.5182136,0.50235,0.012061199999999939,0.06654340000000009,3,4,3,5,2,False,False,2,results/transfer_v2/embedding_transfer_summary_v2.csv
mDC,hHep,lr,auroc,baseline,0.504544,0.5311148,0.7039912,0.7039912,0.19944720000000005,0.17287640000000004,3,1,6,5,2,False,False,5,results/transfer_v2/embedding_transfer_summary_v2.csv
mDC,hHep,lr,auroc,cl_v6_fair,0.4711636,0.4213212,0.801461,0.8146234,0.3434598,0.38013979999999997,4,8,1,2,-2,False,False,7,results/transfer_v2/embedding_transfer_summary_v2.csv
mDC,hHep,mlp,auroc,scGPT_human,0.444228,0.4360748,0.6577934,0.62375,0.17952200000000001,0.2217186,8,9,6,6,-2,False,False,3,results/transfer_v2/embedding_transfer_summary_v2.csv
mDC,mESC,mlp,auroc,scGPT_human,0.4964412,,0.5257353333333333,0.5036763333333333,0.007235133333333255,,4,,2,2,-2,False,False,2,results/transfer_v2/embedding_transfer_summary_v2.csv
mDC,mHSC-E,lr,auroc,v4_type_pe_best,0.5120508,0.5139832,0.4728318,0.5440438,0.03199299999999994,-0.04115139999999995,3,5,8,5,2,False,False,3,results/transfer_v2/embedding_transfer_summary_v2.csv
mDC,mHSC-E,mlp,auroc,baseline,0.4470474,0.5571092,0.604402,0.6096848,0.16263740000000004,0.047292800000000024,6,2,4,4,-2,False,False,2,results/transfer_v2/embedding_transfer_summary_v2.csv
mDC,mHSC-E,mlp,auroc,scconcept,0.4452254,0.5060846,0.5377878,0.5359916,0.09076620000000002,0.03170320000000004,7,5,8,9,2,False,False,3,results/transfer_v2/embedding_transfer_summary_v2.csv
mDC,mHSC-E,mlp,auroc,v4_plain_best,0.4356594,0.4247472,0.5307864,0.577944,0.14228460000000004,0.1060392,8,8,9,6,-2,False,False,2,results/transfer_v2/embedding_transfer_summary_v2.csv
mDC,mHSC-GM,lr,auroc,cl_v6_fair,0.502796,0.4299098,0.4167436,0.4401538,-0.06264220000000004,-0.013166200000000017,3,5,8,5,2,False,True,3,results/transfer_v2/embedding_transfer_summary_v2.csv
mDC,mHSC-GM,lr,auroc,v4_bias_rec_best,0.4122302,0.40962339999999997,0.4137744,0.4365232,0.02429300000000001,0.004151000000000016,8,7,9,6,-2,False,True,2,results/transfer_v2/embedding_transfer_summary_v2.csv
mDC,mHSC-GM,mlp,auroc,scconcept,0.5484188,0.520497,0.544217,0.5571526,0.008733800000000014,0.023719999999999963,1,3,1,3,2,True,False,2,results/transfer_v2/embedding_transfer_summary_v2.csv
mDC,mHSC-L,lr,auroc,cl_v6_fair,0.48540479999999997,0.4401084,0.48564599999999997,0.5649854,0.0795806,0.045537599999999956,3,6,1,1,-2,False,False,5,results/transfer_v2/embedding_transfer_summary_v2.csv
mDC,mHSC-L,lr,auroc,scconcept,0.5066096,0.4550734,0.4709174,0.4840308,-0.02257880000000001,0.01584399999999997,1,4,4,3,2,True,False,2,results/transfer_v2/embedding_transfer_summary_v2.csv
mDC,mHSC-L,lr,auroc,v4_bias_rec_best,0.4209064,0.4550184,0.4239164,0.4186686,-0.002237800000000012,-0.031101999999999963,10,5,10,8,-2,False,True,5,results/transfer_v2/embedding_transfer_summary_v2.csv
mDC,mHSC-L,lr,auroc,v4_type_pe_best,0.4310062,0.332722,0.4710164,0.4536216,0.022615400000000008,0.13829439999999998,8,9,3,6,-2,False,False,6,results/transfer_v2/embedding_transfer_summary_v2.csv
mDC,mHSC-L,mlp,auroc,v4_plain_best,0.419515,0.506206,0.4574334,0.4774388,0.05792379999999997,-0.048772600000000055,6,2,10,4,-2,False,False,8,results/transfer_v2/embedding_transfer_summary_v2.csv
mDC,mHSC-L,mlp,auroc,v4_type_pe_best,0.4075504,0.3821828,0.4834576,0.4725782,0.06502780000000002,0.1012748,8,10,6,6,-2,False,False,4,results/transfer_v2/embedding_transfer_summary_v2.csv
mESC,hESC,lr,auroc,baseline,0.4951454,,0.5023103999999999,0.4950084,-0.00013699999999999823,,4,,2,6,2,False,False,2,results/transfer_v2/embedding_transfer_summary_v2.csv
mESC,hESC,lr,auroc,cl_scratch_v5,0.4837982,,0.4876566,0.5058364,0.022038199999999952,,6,,4,4,-2,False,False,4,results/transfer_v2/embedding_transfer_summary_v2.csv
mESC,hESC,lr,auroc,minus,0.4708846,,0.47235520000000003,0.49159959999999997,0.020714999999999983,,9,,6,7,-2,False,False,6,results/transfer_v2/embedding_transfer_summary_v2.csv
mESC,hESC,lr,auroc,scGPT_human,0.4897512,,0.4714202,0.507153,0.017401799999999967,,5,,7,3,-2,False,False,7,results/transfer_v2/embedding_transfer_summary_v2.csv
mESC,mDC,mlp,auroc,scconcept_encoded,0.5213798,0.4932122,0.497035,0.5149352,-0.0064445999999999115,0.003822800000000015,1,4,6,3,2,True,True,2,results/transfer_v2/embedding_transfer_summary_v2.csv
mESC,mHSC-E,mlp,auroc,baseline,0.4962012,0.565551,0.5424694,0.5865362,0.09033499999999994,-0.023081600000000035,4,2,3,2,-2,False,False,2,results/transfer_v2/embedding_transfer_summary_v2.csv
mESC,mHSC-GM,mlp,auroc,scconcept,0.5059602,0.5077452,0.5170316,0.5766668,0.07070660000000006,0.009286400000000028,4,3,3,2,-2,False,False,2,results/transfer_v2/embedding_transfer_summary_v2.csv
mESC,mHSC-L,mlp,auroc,scconcept,0.4984404,0.5136844,0.5124876,0.5023412,0.0039008000000000376,-0.0011967999999999979,7,2,3,5,-2,False,False,2,results/transfer_v2/embedding_transfer_summary_v2.csv
mESC,mHSC-L,mlp,auroc,v4_type_pe_best,0.5053759999999999,0.4786914,0.4968244,0.5877454,0.08236940000000004,0.01813300000000001,3,7,8,1,-2,False,False,2,results/transfer_v2/embedding_transfer_summary_v2.csv
mHSC-E,hESC,lr,auroc,scconcept_encoded,0.4936252,0.4716776,0.3242104,0.4136032,-0.08002199999999998,-0.14746719999999996,9,9,10,7,-2,False,False,2,results/transfer_v2/embedding_transfer_summary_v2.csv
mHSC-E,hESC,lr,auroc,v4_plain_best,0.6337734,0.5856842,0.5215384,0.4783806,-0.15539280000000005,-0.06414580000000003,3,6,1,5,2,False,False,5,results/transfer_v2/embedding_transfer_summary_v2.csv
mHSC-E,hESC,mlp,auroc,cl_v6_fair,0.5971442,0.8307692,0.4245344,0.476842,-0.12030220000000003,-0.4062348,7,1,7,5,-2,False,True,6,results/transfer_v2/embedding_transfer_summary_v2.csv
mHSC-E,hESC,mlp,auroc,minus,0.6629264,0.6709596,0.4467204,0.48008080000000003,-0.1828456,-0.22423919999999997,1,3,5,3,2,True,False,2,results/transfer_v2/embedding_transfer_summary_v2.csv
mHSC-E,hESC,mlp,auroc,scconcept,0.4423564,0.3820574,0.2731174,0.3810526,-0.061303799999999964,-0.10893999999999998,10,10,10,8,-2,False,False,2,results/transfer_v2/embedding_transfer_summary_v2.csv
mHSC-E,hHep,mlp,auroc,cl_scratch_v5,0.8104834,0.799603,0.9346021999999999,0.9168381999999999,0.10635479999999997,0.13499919999999999,1,2,3,3,2,True,False,2,results/transfer_v2/embedding_transfer_summary_v2.csv
mHSC-E,hHep,mlp,auroc,v4_plain_best,0.7753844,0.7650308,0.9205074,0.9516118,0.17622740000000003,0.15547659999999996,3,4,4,1,-2,False,False,2,results/transfer_v2/embedding_transfer_summary_v2.csv
mHSC-E,mDC,mlp,auroc,scGPT_human,0.4880438,0.3446712,0.6204602,0.596474,0.10843019999999992,0.275789,7,9,6,5,-2,False,False,3,results/transfer_v2/embedding_transfer_summary_v2.csv
mHSC-E,mDC,mlp,auroc,v4_plain_best,0.5491236,0.4845922,0.6237426,0.5652782,0.016154599999999908,0.13915040000000006,4,2,5,6,2,False,False,3,results/transfer_v2/embedding_transfer_summary_v2.csv
mHSC-E,mDC,mlp,auroc,v4_type_pe_best,0.5469731999999999,0.3585126,0.628346,0.5152416,-0.03173159999999997,0.26983339999999995,5,8,4,7,2,False,False,4,results/transfer_v2/embedding_transfer_summary_v2.csv
mHSC-E,mESC,mlp,auroc,scconcept,0.5008382,0.495155,0.5,0.5,-0.0008382000000000112,0.004844999999999988,2,2,3,4,2,False,False,2,results/transfer_v2/embedding_transfer_summary_v2.csv
mHSC-GM,hESC,lr,auroc,cl_scratch_v5,0.6674654,0.7988572,0.648988,0.6764374,0.00897199999999998,-0.14986920000000004,3,1,1,1,-2,False,False,2,results/transfer_v2/embedding_transfer_summary_v2.csv
mHSC-GM,hESC,lr,auroc,minus,0.640771,0.521154,0.4901216,0.4462646,-0.19450639999999997,-0.031032400000000016,7,7,9,9,2,False,False,2,results/transfer_v2/embedding_transfer_summary_v2.csv
mHSC-GM,hESC,lr,auroc,scGPT_human,0.644647,0.659443,0.5333604,0.6399192,-0.004727799999999949,-0.12608260000000004,6,3,7,4,-2,False,False,4,results/transfer_v2/embedding_transfer_summary_v2.csv
mHSC-GM,hESC,mlp,auroc,cl_scratch_v5,0.7178066,0.8000001999999999,0.6505266,0.6479352,-0.06987139999999992,-0.14947359999999998,6,1,3,4,-2,False,False,2,results/transfer_v2/embedding_transfer_summary_v2.csv
mHSC-GM,hESC,mlp,auroc,scGPT_human,0.703159,0.7482972,0.5721456,0.6351418,-0.0680172,-0.17615159999999996,7,4,6,5,-2,False,False,2,results/transfer_v2/embedding_transfer_summary_v2.csv
mHSC-GM,hHep,lr,auroc,minus,0.7103016,0.6244384000000001,0.855864,0.7524694,0.04216779999999998,0.2314255999999999,5,9,1,7,2,False,False,8,results/transfer_v2/embedding_transfer_summary_v2.csv
mHSC-GM,hHep,mlp,auroc,v4_type_pe_best,0.8079384000000001,0.8096924,0.813649,0.8278124,0.019873999999999947,0.003956599999999977,3,3,2,1,-2,False,False,2,results/transfer_v2/embedding_transfer_summary_v2.csv
mHSC-GM,mDC,lr,auroc,minus,0.5643246,0.4321868,0.4544574,0.554366,-0.009958599999999929,0.02227060000000003,4,6,10,6,2,False,True,4,results/transfer_v2/embedding_transfer_summary_v2.csv
mHSC-GM,mDC,mlp,auroc,baseline,0.5119346,0.2994886,0.5925832,0.5892488,0.0773142,0.2930946,6,10,5,4,-2,False,False,5,results/transfer_v2/embedding_transfer_summary_v2.csv
mHSC-GM,mDC,mlp,auroc,cl_v6_fair,0.49649899999999997,0.455685,0.6027156,0.5788028,0.08230379999999998,0.1470306,8,7,4,6,-2,False,False,3,results/transfer_v2/embedding_transfer_summary_v2.csv
mHSC-GM,mDC,mlp,auroc,minus,0.520447,0.486896,0.4689504,0.5436914,0.023244400000000054,-0.017945600000000006,5,4,10,7,2,False,True,6,results/transfer_v2/embedding_transfer_summary_v2.csv
mHSC-GM,mDC,mlp,auroc,v4_type_pe_best,0.510949,0.4365432,0.5846546,0.5872158,0.07626679999999997,0.1481114,7,8,7,5,-2,False,True,2,results/transfer_v2/embedding_transfer_summary_v2.csv
mHSC-L,hESC,lr,auroc,cl_scratch_v5,0.6062806000000001,0.7276922,0.65166,0.5816196,-0.024661000000000044,-0.0760322,4,1,4,6,2,False,True,3,results/transfer_v2/embedding_transfer_summary_v2.csv
mHSC-L,hESC,mlp,auroc,cl_scratch_v5,0.7098402,0.727077,0.628583,0.5614574,-0.14838280000000004,-0.09849399999999997,4,3,5,6,2,False,False,2,results/transfer_v2/embedding_transfer_summary_v2.csv
mHSC-L,hHep,lr,auroc,baseline,0.62123,0.5310346,0.678875,0.6189644,-0.0022655999999999787,0.14784039999999998,3,8,3,5,2,False,False,5,results/transfer_v2/embedding_transfer_summary_v2.csv
mHSC-L,hHep,lr,auroc,cl_scratch_v5,0.593422,0.6505814,0.6649176,0.7050754,0.11165340000000001,0.014336200000000021,4,4,4,2,-2,False,True,2,results/transfer_v2/embedding_transfer_summary_v2.csv
mHSC-L,hHep,mlp,auroc,cl_scratch_v5,0.634114,0.6781398,0.6153636,0.5493828000000001,-0.0847311999999999,-0.06277619999999995,6,5,4,4,-2,False,False,2,results/transfer_v2/embedding_transfer_summary_v2.csv
mHSC-L,hHep,mlp,auroc,cl_v6_fair,0.607193,0.6391892,0.6196502,0.50583,-0.10136299999999998,-0.019538999999999973,8,7,3,6,-2,False,False,4,results/transfer_v2/embedding_transfer_summary_v2.csv
mHSC-L,hHep,mlp,auroc,minus,0.6191952,0.5956664,0.5379288,0.5443416,-0.07485359999999996,-0.057737600000000056,7,9,9,5,-2,False,False,2,results/transfer_v2/embedding_transfer_summary_v2.csv
mHSC-L,hHep,mlp,auroc,v4_bias_rec_best,0.723077,0.7834618,0.652812,0.6412552,-0.08182179999999994,-0.13064980000000004,3,1,2,1,-2,False,False,2,results/transfer_v2/embedding_transfer_summary_v2.csv
mHSC-L,mDC,lr,auroc,baseline,0.5507894,0.6592918,0.599178,0.6185238,0.06773439999999997,-0.060113799999999995,3,1,1,1,-2,False,False,2,results/transfer_v2/embedding_transfer_summary_v2.csv
mHSC-L,mDC,lr,auroc,cl_v6_fair,0.6125854000000001,0.4858876,0.5149922,0.559536,-0.053049400000000024,0.029104600000000036,1,9,8,3,2,True,False,2,results/transfer_v2/embedding_transfer_summary_v2.csv
mHSC-L,mDC,mlp,auroc,baseline,0.515352,0.6484902,0.6320486,0.5912434,0.07589139999999994,-0.016441600000000056,5,1,5,3,-2,False,False,4,results/transfer_v2/embedding_transfer_summary_v2.csv
mHSC-L,mDC,mlp,auroc,scGPT_human,0.49487580000000003,0.5299854,0.6624408,0.5594994,0.06462359999999995,0.1324554,7,6,2,5,-2,False,False,4,results/transfer_v2/embedding_transfer_summary_v2.csv
mHSC-L,mESC,mlp,auroc,v4_type_pe_best,0.502833,0.532609,0.5,0.5,-0.0028329999999999744,-0.032609,5,1,6,7,2,False,False,5,results/transfer_v2/embedding_transfer_summary_v2.csv
mHSC-L,mHSC-E,lr,auroc,cl_v6_fair,0.506576,0.506576,0.506576,0.5468158,0.04023979999999994,0.0,6,6,6,4,-2,False,False,2,results/transfer_v2/embedding_transfer_summary_v2.csv
mHSC-L,mHSC-E,mlp,auroc,cl_v6_fair,0.60959,0.60959,0.60959,0.5926604,-0.01692959999999999,0.0,6,6,6,8,2,False,False,2,results/transfer_v2/embedding_transfer_summary_v2.csv
hESC,hHep,lr,balanced_accuracy,cl_scratch_v5,0.5187158,0.5147656,0.5373076,0.532774,0.01405820000000002,0.02254199999999995,8,8,4,6,-2,False,False,4,results/transfer_v2/embedding_transfer_summary_v2.csv
hESC,hHep,lr,balanced_accuracy,scGPT_human,0.5288484,0.5320942,0.48932180000000003,0.4847614,-0.04408699999999999,-0.04277239999999993,7,6,8,9,2,False,True,2,results/transfer_v2/embedding_transfer_summary_v2.csv
hESC,hHep,lr,balanced_accuracy,scconcept,0.4865236,0.5102852,0.48649380000000003,0.4963716,0.009848000000000023,-0.023791399999999963,10,9,9,8,-2,False,False,2,results/transfer_v2/embedding_transfer_summary_v2.csv
hESC,hHep,mlp,balanced_accuracy,cl_scratch_v5,0.54681,0.5490496,0.5149886,0.514699,-0.032111,-0.03406100000000001,8,8,6,6,-2,False,False,2,results/transfer_v2/embedding_transfer_summary_v2.csv
hESC,hHep,mlp,balanced_accuracy,v4_plain_best,0.5928213999999999,0.6328116,0.5403182,0.5358094,-0.05701199999999995,-0.09249340000000006,2,1,3,4,2,False,False,2,results/transfer_v2/embedding_transfer_summary_v2.csv
hESC,mDC,lr,balanced_accuracy,cl_scratch_v5,0.4797274,0.5426150000000001,0.4356548,0.4214378,-0.05828960000000005,-0.10696020000000006,5,2,9,7,2,False,True,7,results/transfer_v2/embedding_transfer_summary_v2.csv
hESC,mDC,lr,balanced_accuracy,scGPT_human,0.5267618000000001,0.5001521999999999,0.5076976,0.5199386,-0.006823200000000029,0.007545400000000035,3,5,2,1,-2,False,False,3,results/transfer_v2/embedding_transfer_summary_v2.csv
hESC,mDC,lr,balanced_accuracy,scconcept_encoded,0.498079,0.5758616,0.5475416,0.43436420000000003,-0.06371479999999996,-0.028320000000000012,4,1,1,6,2,False,False,2,results/transfer_v2/embedding_transfer_summary_v2.csv
hESC,mDC,lr,balanced_accuracy,v4_type_pe_best,0.47630520000000004,0.4479938,0.4623704,0.4384944,-0.03781080000000003,0.014376600000000017,7,8,6,5,-2,False,False,2,results/transfer_v2/embedding_transfer_summary_v2.csv
hESC,mESC,mlp,balanced_accuracy,minus,0.4991096,0.5,0.506596,0.506596,0.00748640000000006,0.006596000000000046,4,4,3,2,-2,False,False,2,results/transfer_v2/embedding_transfer_summary_v2.csv
hESC,mESC,mlp,balanced_accuracy,v4_type_pe_best,0.497774,0.5,0.506596,0.5058046,0.008030600000000054,0.006596000000000046,8,7,7,6,-2,False,False,2,results/transfer_v2/embedding_transfer_summary_v2.csv
hESC,mHSC-E,lr,balanced_accuracy,cl_v6_fair,0.5588316,0.5972076,0.5254334,0.5490196,-0.009811999999999932,-0.0717741999999999,1,3,4,3,2,True,True,2,results/transfer_v2/embedding_transfer_summary_v2.csv
hESC,mHSC-E,lr,balanced_accuracy,scconcept,0.491439,0.49970180000000003,0.4949376,0.4600572,-0.031381800000000015,-0.004764200000000052,10,8,9,8,-2,False,False,2,results/transfer_v2/embedding_transfer_summary_v2.csv
hESC,mHSC-E,mlp,balanced_accuracy,scGPT_human,0.5499636,0.5176628,0.501937,0.5294738,-0.020489800000000002,-0.015725800000000012,4,6,6,2,-2,False,True,2,results/transfer_v2/embedding_transfer_summary_v2.csv
hESC,mHSC-E,mlp,balanced_accuracy,v4_type_pe_best,0.5405886,0.6258418,0.4988948,0.4722758,-0.06831279999999995,-0.12694699999999998,5,1,7,7,2,False,True,6,results/transfer_v2/embedding_transfer_summary_v2.csv
hESC,mHSC-GM,lr,balanced_accuracy,v4_plain_best,0.6105546,0.6159932,0.6321396,0.5755514,-0.0350031999999999,0.016146400000000005,5,3,1,7,2,False,False,2,results/transfer_v2/embedding_transfer_summary_v2.csv
hESC,mHSC-L,lr,balanced_accuracy,minus,0.553308,0.5576034,0.556179,0.5231792000000001,-0.030128799999999956,-0.0014243999999999923,6,8,3,8,2,False,False,5,results/transfer_v2/embedding_transfer_summary_v2.csv
hESC,mHSC-L,mlp,balanced_accuracy,scGPT_human,0.6054187999999999,0.5412364000000001,0.5380678,0.562963,-0.04245579999999993,-0.003168600000000077,4,7,8,6,2,False,False,2,results/transfer_v2/embedding_transfer_summary_v2.csv
hHep,hESC,lr,balanced_accuracy,scGPT_human,0.547676,0.5591347999999999,0.5342152,0.5387196,-0.008956400000000087,-0.02491959999999993,6,4,8,8,2,False,False,4,results/transfer_v2/embedding_transfer_summary_v2.csv
hHep,hESC,lr,balanced_accuracy,v4_bias_rec_best,0.5328082,0.5169482,0.5560984,0.5627954000000001,0.029987200000000103,0.039150200000000024,7,8,7,5,-2,False,False,2,results/transfer_v2/embedding_transfer_summary_v2.csv
hHep,hESC,lr,balanced_accuracy,v4_type_pe_best,0.5653395999999999,0.582974,0.5806262,0.5841732,0.018833600000000006,-0.002347800000000011,4,2,3,2,-2,False,False,2,results/transfer_v2/embedding_transfer_summary_v2.csv
hHep,hESC,mlp,balanced_accuracy,minus,0.5471022,0.5230106,0.5509918,0.5537496,0.00664739999999997,0.02798120000000004,3,7,1,1,-2,False,False,6,results/transfer_v2/embedding_transfer_summary_v2.csv
hHep,hESC,mlp,balanced_accuracy,v4_bias_rec_best,0.53085,0.5222664,0.5293932,0.5322704,0.0014203999999999883,0.007126799999999989,8,8,7,6,-2,False,False,2,results/transfer_v2/embedding_transfer_summary_v2.csv
hHep,hESC,mlp,balanced_accuracy,v4_plain_best,0.5359298,0.5057324,0.53383,0.5286906,-0.007239200000000001,0.028097600000000056,5,10,5,7,2,False,False,5,results/transfer_v2/embedding_transfer_summary_v2.csv
hHep,hESC,mlp,balanced_accuracy,v4_type_pe_best,0.5576178,0.580114,0.5377376,0.539404,-0.018213800000000058,-0.04237639999999998,2,1,3,4,2,False,True,2,results/transfer_v2/embedding_transfer_summary_v2.csv
hHep,mDC,lr,balanced_accuracy,baseline,0.511093,0.4938582,0.5467278,0.5481514,0.037058399999999936,0.05286959999999996,5,6,3,3,-2,False,False,3,results/transfer_v2/embedding_transfer_summary_v2.csv
hHep,mDC,lr,balanced_accuracy,scGPT_human,0.49492,0.5167838,0.5416912,0.5440586,0.04913859999999992,0.024907400000000024,7,3,5,5,-2,False,True,2,results/transfer_v2/embedding_transfer_summary_v2.csv
hHep,mDC,lr,balanced_accuracy,v4_plain_best,0.5312692,0.4728002,0.5454046,0.5449582,0.013688999999999951,0.07260440000000001,2,8,4,4,2,False,False,4,results/transfer_v2/embedding_transfer_summary_v2.csv
hHep,mDC,mlp,balanced_accuracy,baseline,0.5260076,0.5072202,0.5463418,0.5477836,0.021776000000000018,0.03912159999999998,3,7,1,1,-2,False,False,6,results/transfer_v2/embedding_transfer_summary_v2.csv
hHep,mDC,mlp,balanced_accuracy,cl_scratch_v5,0.496763,0.5141002,0.5326472,0.5354938,0.03873080000000001,0.01854699999999998,8,4,6,6,-2,False,True,2,results/transfer_v2/embedding_transfer_summary_v2.csv
hHep,mDC,mlp,balanced_accuracy,scGPT_human,0.5032248,0.5103206,0.5336766,0.5371914,0.03396659999999996,0.023355999999999932,7,5,5,5,-2,False,True,2,results/transfer_v2/embedding_transfer_summary_v2.csv
hHep,mESC,lr,balanced_accuracy,scconcept,0.4991098,0.5,0.5,0.5,0.0008902000000000077,0.0,7,3,6,5,-2,False,False,3,results/transfer_v2/embedding_transfer_summary_v2.csv
hHep,mESC,lr,balanced_accuracy,v4_bias_rec_best,0.4991098,,0.5,0.5,0.0008902000000000077,,8,,7,6,-2,False,False,7,results/transfer_v2/embedding_transfer_summary_v2.csv
hHep,mESC,lr,balanced_accuracy,v4_plain_best,0.4991098,0.501105,0.5,0.5,0.0008902000000000077,-0.0011050000000000226,9,1,8,7,-2,False,False,7,results/transfer_v2/embedding_transfer_summary_v2.csv
hHep,mESC,lr,balanced_accuracy,v4_type_pe_best,0.4991098,,0.5,0.5,0.0008902000000000077,,10,,9,8,-2,False,False,9,results/transfer_v2/embedding_transfer_summary_v2.csv
hHep,mESC,mlp,balanced_accuracy,minus,0.5,0.5,0.5,0.5,0.0,0.0,4,2,2,2,-2,False,False,2,results/transfer_v2/embedding_transfer_summary_v2.csv
hHep,mESC,mlp,balanced_accuracy,v4_bias_rec_best,0.5,0.5,0.4944904,0.5,0.0,-0.005509600000000003,7,6,8,5,-2,False,False,2,results/transfer_v2/embedding_transfer_summary_v2.csv
hHep,mESC,mlp,balanced_accuracy,v4_plain_best,0.5,0.5,0.4986226,0.4986226,-0.001377399999999973,-0.001377399999999973,8,7,5,6,-2,False,False,2,results/transfer_v2/embedding_transfer_summary_v2.csv
hHep,mHSC-E,lr,balanced_accuracy,baseline,0.589866,0.6637472,0.704317,0.7508754,0.16100939999999997,0.04056979999999999,6,4,7,4,-2,False,False,3,results/transfer_v2/embedding_transfer_summary_v2.csv
hHep,mHSC-E,lr,balanced_accuracy,cl_scratch_v5,0.5990605999999999,0.5294604,0.7464586,0.7713288,0.1722682000000001,0.21699819999999992,4,8,3,2,-2,False,False,5,results/transfer_v2/embedding_transfer_summary_v2.csv
hHep,mHSC-E,lr,balanced_accuracy,minus,0.5784708000000001,0.6789152,0.7388452,0.7347224,0.15625159999999993,0.05992999999999993,8,2,4,6,-2,False,False,2,results/transfer_v2/embedding_transfer_summary_v2.csv
hHep,mHSC-E,mlp,balanced_accuracy,v4_bias_rec_best,0.619277,0.5623222,0.6819,0.6552484,0.03597139999999999,0.11957779999999996,6,7,8,8,2,False,False,2,results/transfer_v2/embedding_transfer_summary_v2.csv
hHep,mHSC-GM,lr,balanced_accuracy,baseline,0.5632996,0.5531576,0.5730234,0.5505802,-0.012719400000000047,0.019865799999999934,8,5,3,6,-2,False,False,2,results/transfer_v2/embedding_transfer_summary_v2.csv
hHep,mHSC-GM,lr,balanced_accuracy,v4_plain_best,0.5740026,0.542647,0.5360168000000001,0.49153759999999996,-0.08246500000000007,-0.0066301999999999195,7,6,7,9,2,False,False,2,results/transfer_v2/embedding_transfer_summary_v2.csv
hHep,mHSC-GM,mlp,balanced_accuracy,baseline,0.5862714,0.5569514,0.5637804,0.5311356,-0.05513579999999996,0.006828999999999974,8,5,2,6,-2,False,False,3,results/transfer_v2/embedding_transfer_summary_v2.csv
hHep,mHSC-GM,mlp,balanced_accuracy,cl_scratch_v5,0.592167,0.552441,0.5449078,0.5399578,-0.052209199999999956,-0.007533199999999907,6,6,5,4,-2,False,False,2,results/transfer_v2/embedding_transfer_summary_v2.csv
hHep,mHSC-GM,mlp,balanced_accuracy,minus,0.6145970000000001,0.5702244,0.5357246,0.5889213999999999,-0.02567560000000013,-0.03449979999999997,3,3,6,1,-2,False,True,3,results/transfer_v2/embedding_transfer_summary_v2.csv
hHep,mHSC-GM,mlp,balanced_accuracy,scGPT_human,0.5878987999999999,0.5059468,0.5333749999999999,0.5178032,-0.07009559999999992,0.027428199999999903,7,9,7,9,2,False,False,2,results/transfer_v2/embedding_transfer_summary_v2.csv
hHep,mHSC-GM,mlp,balanced_accuracy,scconcept_encoded,0.5535272,0.5194284,0.5702684,0.5259537999999999,-0.02757340000000008,0.050839999999999996,9,8,1,7,-2,False,False,7,results/transfer_v2/embedding_transfer_summary_v2.csv
hHep,mHSC-L,lr,balanced_accuracy,scGPT_human,0.54816,0.5230818,0.4982612,0.5028596,-0.04530040000000002,-0.024820600000000026,7,9,9,9,2,False,False,2,results/transfer_v2/embedding_transfer_summary_v2.csv
hHep,mHSC-L,mlp,balanced_accuracy,minus,0.5545788,0.5422588,0.5034404,0.5056688,-0.04891000000000001,-0.03881840000000003,4,6,7,6,2,False,False,2,results/transfer_v2/embedding_transfer_summary_v2.csv
hHep,mHSC-L,mlp,balanced_accuracy,v4_plain_best,0.5550142,0.549557,0.5056858,0.5065684,-0.04844579999999998,-0.0438712,3,4,4,5,2,False,False,2,results/transfer_v2/embedding_transfer_summary_v2.csv
mDC,hESC,lr,balanced_accuracy,minus,0.4987132,0.425585,0.4675676,0.4811398,-0.017573400000000017,0.04198260000000004,2,7,8,4,2,False,False,2,results/transfer_v2/embedding_transfer_summary_v2.csv
mDC,hESC,mlp,balanced_accuracy,minus,0.470564,0.4807368,0.4240306,0.5216806,0.05111660000000007,-0.05670620000000004,4,4,9,2,-2,False,True,5,results/transfer_v2/embedding_transfer_summary_v2.csv
mDC,hHep,mlp,balanced_accuracy,minus,0.4958256,0.4966686,0.5218676,0.5359036,0.04007800000000006,0.02519899999999997,5,6,8,7,2,False,False,2,results/transfer_v2/embedding_transfer_summary_v2.csv
mDC,hHep,mlp,balanced_accuracy,scGPT_human,0.4886938,0.4774202,0.5468824,0.562952,0.0742582,0.06946219999999997,6,7,6,4,-2,False,False,2,results/transfer_v2/embedding_transfer_summary_v2.csv
mDC,hHep,mlp,balanced_accuracy,v4_bias_rec_best,0.4199666,0.413447,0.5474398,0.5346986,0.114732,0.13399280000000002,10,10,4,8,-2,False,False,6,results/transfer_v2/embedding_transfer_summary_v2.csv
mDC,mESC,mlp,balanced_accuracy,minus,0.5,0.5,0.5,0.5,0.0,0.0,4,4,2,2,-2,False,False,2,results/transfer_v2/embedding_transfer_summary_v2.csv
mDC,mESC,mlp,balanced_accuracy,scGPT_human,0.5,,0.5,0.5,0.0,,5,,3,3,-2,False,False,3,results/transfer_v2/embedding_transfer_summary_v2.csv
mDC,mESC,mlp,balanced_accuracy,scconcept,0.5,0.5,0.5,0.5,0.0,0.0,6,5,4,4,-2,False,False,2,results/transfer_v2/embedding_transfer_summary_v2.csv
mDC,mHSC-E,lr,balanced_accuracy,cl_v6_fair,0.5826148,0.5095678,0.5408626,0.5438362,-0.038778599999999996,0.031294799999999956,1,3,2,3,2,True,False,2,results/transfer_v2/embedding_transfer_summary_v2.csv
mDC,mHSC-E,lr,balanced_accuracy,v4_type_pe_best,0.4976198,0.4734208,0.4789396,0.5133212,0.015701400000000032,0.005518800000000046,3,6,9,5,2,False,False,3,results/transfer_v2/embedding_transfer_summary_v2.csv
mDC,mHSC-E,mlp,balanced_accuracy,cl_scratch_v5,0.500776,0.4592388,0.572839,0.5573034,0.056527400000000005,0.11360019999999998,2,7,1,4,2,False,False,6,results/transfer_v2/embedding_transfer_summary_v2.csv
mDC,mHSC-E,mlp,balanced_accuracy,v4_bias_rec_best,0.4667296,0.4916666,0.5474414,0.5543082,0.0875786,0.05577479999999996,8,6,5,6,-2,False,False,2,results/transfer_v2/embedding_transfer_summary_v2.csv
mDC,mHSC-E,mlp,balanced_accuracy,v4_plain_best,0.477169,0.4575672,0.5340154,0.545718,0.06854900000000003,0.07644820000000002,5,8,7,7,2,False,False,2,results/transfer_v2/embedding_transfer_summary_v2.csv
mDC,mHSC-GM,lr,balanced_accuracy,minus,0.4671012,0.421706,0.46578179999999997,0.4927056,0.025604400000000027,0.04407579999999994,5,10,5,3,-2,False,False,5,results/transfer_v2/embedding_transfer_summary_v2.csv
mDC,mHSC-GM,mlp,balanced_accuracy,cl_scratch_v5,0.4768078,0.5236634,0.5306896,0.5636258000000001,0.08681800000000006,0.0070261999999999825,3,2,2,1,-2,False,False,2,results/transfer_v2/embedding_transfer_summary_v2.csv
mDC,mHSC-GM,mlp,balanced_accuracy,minus,0.4660166,0.4906254,0.5209668000000001,0.5235658,0.05754919999999997,0.030341400000000074,7,7,3,5,-2,False,False,4,results/transfer_v2/embedding_transfer_summary_v2.csv
mDC,mHSC-GM,mlp,balanced_accuracy,v4_plain_best,0.4722494,0.4833482,0.5014808,0.4812072,0.008957800000000016,0.018132599999999943,6,9,10,8,2,False,False,2,results/transfer_v2/embedding_transfer_summary_v2.csv
mDC,mHSC-L,lr,balanced_accuracy,minus,0.4711478,0.4414868,0.482973,0.4585036,-0.012644199999999994,0.04148619999999997,6,8,2,8,2,False,False,6,results/transfer_v2/embedding_transfer_summary_v2.csv
mDC,mHSC-L,lr,balanced_accuracy,scconcept,0.5043788,0.46471260000000003,0.4822492,0.4780404,-0.02633840000000004,0.017536599999999958,1,5,3,3,2,True,False,2,results/transfer_v2/embedding_transfer_summary_v2.csv
mDC,mHSC-L,lr,balanced_accuracy,v4_type_pe_best,0.44962979999999997,0.4120728,0.4790062,0.4652312,0.015601400000000043,0.06693339999999998,8,10,5,6,-2,False,False,5,results/transfer_v2/embedding_transfer_summary_v2.csv
mDC,mHSC-L,mlp,balanced_accuracy,v4_bias_rec_best,0.4493908,0.4931624,0.485693,0.466391,0.01700020000000002,-0.007469400000000015,10,5,8,8,-2,False,False,3,results/transfer_v2/embedding_transfer_summary_v2.csv
mESC,hESC,lr,balanced_accuracy,scGPT_human,0.4928008,,0.478874,0.5133924,0.020591599999999988,,4,,6,2,-2,False,False,6,results/transfer_v2/embedding_transfer_summary_v2.csv
mESC,hESC,lr,balanced_accuracy,v4_plain_best,0.4646744,,0.4512488,0.4624182,-0.002256199999999986,,10,,9,8,-2,False,False,9,results/transfer_v2/embedding_transfer_summary_v2.csv
mESC,mHSC-E,mlp,balanced_accuracy,cl_v6_fair,0.4931008,0.5111414,0.4975788,0.4933334,0.00023259999999997172,-0.01356259999999998,5,3,7,7,2,False,False,4,results/transfer_v2/embedding_transfer_summary_v2.csv
mESC,mHSC-GM,mlp,balanced_accuracy,cl_v6_fair,0.5149072,0.5116042,0.4931146,0.5156498,0.0007426000000000377,-0.01848959999999994,2,1,9,4,2,False,True,8,results/transfer_v2/embedding_transfer_summary_v2.csv
mESC,mHSC-L,mlp,balanced_accuracy,v4_bias_rec_best,0.4974632,0.4952228,0.504334,0.5036956,0.006232400000000027,0.00911119999999993,6,9,3,4,-2,False,False,6,results/transfer_v2/embedding_transfer_summary_v2.csv
mHSC-E,hESC,lr,balanced_accuracy,v4_type_pe_best,0.5698122,0.618,0.4797976,0.469069,-0.10074319999999998,-0.1382024,6,2,4,4,-2,False,False,2,results/transfer_v2/embedding_transfer_summary_v2.csv
mHSC-E,hESC,mlp,balanced_accuracy,v4_type_pe_best,0.5895404,0.5985716,0.4606072,0.4612552,-0.1282852,-0.1379644,6,5,5,4,-2,False,False,2,results/transfer_v2/embedding_transfer_summary_v2.csv
mHSC-E,hHep,mlp,balanced_accuracy,v4_plain_best,0.6963578,0.671142,0.8131172,0.8709876,0.17462979999999995,0.14197519999999997,3,4,4,1,-2,False,False,2,results/transfer_v2/embedding_transfer_summary_v2.csv
mHSC-E,mDC,lr,balanced_accuracy,baseline,0.4884946,0.4949404,0.6053462000000001,0.5227318,0.03423719999999997,0.11040580000000005,6,5,4,8,2,False,False,2,results/transfer_v2/embedding_transfer_summary_v2.csv
mHSC-E,mDC,lr,balanced_accuracy,v4_type_pe_best,0.540304,0.4994936,0.6715018,0.5775364,0.03723239999999994,0.17200820000000006,5,4,1,3,-2,False,False,3,results/transfer_v2/embedding_transfer_summary_v2.csv
mHSC-E,mDC,mlp,balanced_accuracy,cl_scratch_v5,0.5128198,0.4497142,0.6029532,0.5514186,0.03859879999999993,0.15323899999999996,5,7,1,3,-2,False,False,6,results/transfer_v2/embedding_transfer_summary_v2.csv
mHSC-E,mDC,mlp,balanced_accuracy,cl_v6_fair,0.5190994,0.4851516,0.5850386,0.6099624,0.09086300000000003,0.09988699999999995,3,3,3,1,-2,False,False,2,results/transfer_v2/embedding_transfer_summary_v2.csv
mHSC-E,mDC,mlp,balanced_accuracy,minus,0.49081620000000004,0.522026,0.5002314,0.5448178,0.05400159999999998,-0.021794599999999997,7,2,8,5,-2,False,False,6,results/transfer_v2/embedding_transfer_summary_v2.csv
mHSC-E,mDC,mlp,balanced_accuracy,v4_type_pe_best,0.5175258,0.4839556,0.5700524,0.5303312,0.012805399999999967,0.08609680000000003,4,4,5,6,2,False,False,2,results/transfer_v2/embedding_transfer_summary_v2.csv
mHSC-GM,hESC,lr,balanced_accuracy,baseline,0.6016734,0.6187738,0.5732388,0.5326314,-0.06904200000000005,-0.04553499999999999,8,3,3,6,-2,False,False,2,results/transfer_v2/embedding_transfer_summary_v2.csv
mHSC-GM,hESC,lr,balanced_accuracy,cl_scratch_v5,0.6308916,0.6465714,0.5733602,0.5712146,-0.05967699999999998,-0.07321120000000003,5,1,2,3,-2,False,False,2,results/transfer_v2/embedding_transfer_summary_v2.csv
mHSC-GM,hESC,lr,balanced_accuracy,cl_v6_fair,0.6339024,0.4714286,0.6012145999999999,0.604332,-0.029570399999999997,0.12978599999999996,4,8,1,2,-2,False,False,7,results/transfer_v2/embedding_transfer_summary_v2.csv
mHSC-GM,hESC,mlp,balanced_accuracy,cl_scratch_v5,0.6328465999999999,0.6574284,0.5789067999999999,0.5593928,-0.0734537999999999,-0.07852160000000008,6,2,4,4,-2,False,False,2,results/transfer_v2/embedding_transfer_summary_v2.csv
mHSC-GM,hESC,mlp,balanced_accuracy,scGPT_human,0.6251954,0.656811,0.558259,0.5229956,-0.10219979999999995,-0.09855200000000008,7,3,5,9,2,False,False,2,results/transfer_v2/embedding_transfer_summary_v2.csv
mHSC-GM,hHep,mlp,balanced_accuracy,baseline,0.735415,0.638492,0.5407408,0.5344135999999999,-0.2010014000000001,-0.09775119999999993,1,7,7,3,2,True,False,2,results/transfer_v2/embedding_transfer_summary_v2.csv
mHSC-GM,mDC,lr,balanced_accuracy,scconcept,0.4815562,0.4605922,0.4994034,0.5178054,0.03624919999999998,0.03881119999999999,7,5,8,9,2,False,True,3,results/transfer_v2/embedding_transfer_summary_v2.csv
mHSC-GM,mDC,lr,balanced_accuracy,v4_bias_rec_best,0.5498756,0.4548332,0.5330532,0.597546,0.0476704,0.07822000000000001,1,7,4,3,2,True,False,3,results/transfer_v2/embedding_transfer_summary_v2.csv
mHSC-GM,mDC,mlp,balanced_accuracy,v4_bias_rec_best,0.5476124,0.5281842,0.5476494,0.5586896,0.01107720000000001,0.01946519999999996,2,2,5,4,2,False,True,3,results/transfer_v2/embedding_transfer_summary_v2.csv
mHSC-GM,mESC,mlp,balanced_accuracy,v4_plain_best,0.4991098,,0.5,0.5,0.0008902000000000077,,5,,6,7,2,False,False,6,results/transfer_v2/embedding_transfer_summary_v2.csv
mHSC-GM,mHSC-E,lr,balanced_accuracy,cl_v6_fair,0.6241474,0.6241474,0.6241474,0.6040656,-0.02008180000000004,0.0,6,6,6,8,2,False,False,2,results/transfer_v2/embedding_transfer_summary_v2.csv
mHSC-GM,mHSC-E,lr,balanced_accuracy,v4_plain_best,0.6310936,0.6310936,0.6310936,0.6577612,0.026667600000000014,0.0,5,5,5,3,-2,False,False,2,results/transfer_v2/embedding_transfer_summary_v2.csv
mHSC-L,hESC,lr,balanced_accuracy,baseline,0.5937674000000001,0.533286,0.608745,0.5597976,-0.03396980000000005,0.07545899999999994,3,8,2,5,2,False,False,6,results/transfer_v2/embedding_transfer_summary_v2.csv
mHSC-L,hESC,lr,balanced_accuracy,scGPT_human,0.5448974,0.5901782,0.4686236,0.5164374,-0.02845999999999993,-0.12155460000000001,7,5,10,9,2,False,True,5,results/transfer_v2/embedding_transfer_summary_v2.csv
mHSC-L,hESC,mlp,balanced_accuracy,cl_scratch_v5,0.6506194,0.6778462,0.5822672,0.539069,-0.11155039999999994,-0.09557899999999997,4,2,5,6,2,False,True,3,results/transfer_v2/embedding_transfer_summary_v2.csv
mHSC-L,hHep,lr,balanced_accuracy,cl_scratch_v5,0.5612708,0.5969186,0.5993828,0.6609568,0.09968600000000005,0.0024642000000000275,4,3,6,2,-2,False,True,3,results/transfer_v2/embedding_transfer_summary_v2.csv
mHSC-L,hHep,mlp,balanced_accuracy,v4_bias_rec_best,0.6568804,0.7073076,0.6202162,0.5810184,-0.07586199999999999,-0.08709140000000004,3,1,2,1,-2,False,False,2,results/transfer_v2/embedding_transfer_summary_v2.csv
mHSC-L,mDC,lr,balanced_accuracy,cl_scratch_v5,0.5101207999999999,0.5289307999999999,0.5157166,0.4851966,-0.024924199999999952,-0.013214199999999954,6,4,4,8,2,False,False,2,results/transfer_v2/embedding_transfer_summary_v2.csv
mHSC-L,mDC,lr,balanced_accuracy,cl_v6_fair,0.5741656,0.49461540000000004,0.4997442,0.527932,-0.0462336000000001,0.005128799999999989,1,8,8,3,2,True,False,2,results/transfer_v2/embedding_transfer_summary_v2.csv
mHSC-L,mDC,lr,balanced_accuracy,scconcept,0.4996212,0.4957144,0.5153696,0.500536,0.0009147999999999934,0.019655199999999984,7,7,5,5,-2,False,False,2,results/transfer_v2/embedding_transfer_summary_v2.csv
mHSC-L,mDC,lr,balanced_accuracy,v4_plain_best,0.4967334,0.4887206,0.511509,0.4981368,0.001403399999999999,0.022788399999999986,8,10,6,6,-2,False,False,4,results/transfer_v2/embedding_transfer_summary_v2.csv
mHSC-L,mESC,mlp,balanced_accuracy,minus,0.5,0.5,0.5,0.5,0.0,0.0,3,3,1,1,-2,False,False,2,results/transfer_v2/embedding_transfer_summary_v2.csv
hESC,hHep,lr,f1,v4_bias_rec_best,0.5036664,0.5665104,0.424452,0.3998256,-0.10384079999999996,-0.14205839999999997,1,1,2,3,2,True,False,2,results/transfer_v2/embedding_transfer_summary_v2.csv
hESC,hHep,lr,f1,v4_plain_best,0.4713702,0.5370104,0.4534544,0.42267920000000003,-0.048690999999999984,-0.08355600000000002,3,2,1,1,-2,False,False,2,results/transfer_v2/embedding_transfer_summary_v2.csv
hESC,mDC,mlp,f1,scGPT_human,0.4677718,0.4800554,0.1402156,0.1221274,-0.3456444,-0.3398398,5,2,4,3,-2,False,False,2,results/transfer_v2/embedding_transfer_summary_v2.csv
hESC,mDC,mlp,f1,v4_bias_rec_best,0.3665044,0.307767,0.141156,0.096117,-0.2703874,-0.166611,7,6,3,5,-2,False,False,3,results/transfer_v2/embedding_transfer_summary_v2.csv
hESC,mDC,mlp,f1,v4_plain_best,0.3445686,0.3498168,0.107135,0.0924448,-0.2521238,-0.2426818,8,5,6,6,-2,False,False,2,results/transfer_v2/embedding_transfer_summary_v2.csv
hESC,mDC,mlp,f1,v4_type_pe_best,0.4243574,0.2679196,0.143835,0.0991062,-0.32525119999999996,-0.12408459999999999,6,9,2,4,-2,False,False,7,results/transfer_v2/embedding_transfer_summary_v2.csv
hESC,mESC,mlp,f1,minus,0.6796636,0.671429,0.026042,0.026042,-0.6536216,-0.645387,4,4,3,2,-2,False,False,2,results/transfer_v2/embedding_transfer_summary_v2.csv
hESC,mESC,mlp,f1,v4_type_pe_best,0.678463,0.746781,0.026042,0.0229334,-0.6555296,-0.720739,8,3,7,6,-2,False,False,4,results/transfer_v2/embedding_transfer_summary_v2.csv
hESC,mHSC-E,lr,f1,baseline,0.3799194,0.16557660000000002,0.3216138,0.242586,-0.13733340000000002,0.1560372,7,9,2,5,-2,False,False,7,results/transfer_v2/embedding_transfer_summary_v2.csv
hESC,mHSC-E,lr,f1,cl_v6_fair,0.4173276,0.5832384,0.314873,0.436856,0.0195284,-0.26836540000000003,4,3,4,2,-2,False,True,2,results/transfer_v2/embedding_transfer_summary_v2.csv
hESC,mHSC-E,lr,f1,v4_plain_best,0.3801984,0.5255644,0.3172424,0.198791,-0.1814074,-0.20832200000000006,6,4,3,8,2,False,True,2,results/transfer_v2/embedding_transfer_summary_v2.csv
hESC,mHSC-E,mlp,f1,baseline,0.4236726,0.2210978,0.2605618,0.18889720000000002,-0.2347754,0.039464,4,9,4,6,2,False,False,5,results/transfer_v2/embedding_transfer_summary_v2.csv
hESC,mHSC-E,mlp,f1,cl_v6_fair,0.4710944,0.5866106,0.26840759999999997,0.284285,-0.18680940000000001,-0.318203,1,2,1,3,2,True,False,2,results/transfer_v2/embedding_transfer_summary_v2.csv
hESC,mHSC-GM,lr,f1,v4_type_pe_best,0.5658618,0.4626862,0.5158514,0.4329642,-0.13289759999999995,0.05316519999999997,5,8,3,7,2,False,False,5,results/transfer_v2/embedding_transfer_summary_v2.csv
hESC,mHSC-GM,mlp,f1,baseline,0.5944534,0.6538028,0.4946948,0.5030256,-0.09142780000000006,-0.15910800000000003,6,1,5,4,-2,False,False,4,results/transfer_v2/embedding_transfer_summary_v2.csv
hESC,mHSC-GM,mlp,f1,scGPT_human,0.5709567999999999,0.08609,0.3134582,0.4551584,-0.11579839999999991,0.22736820000000002,8,9,9,6,-2,False,False,2,results/transfer_v2/embedding_transfer_summary_v2.csv
hESC,mHSC-L,lr,f1,cl_scratch_v5,0.5356092,0.5115972,0.4531364,0.4620792,-0.07352999999999998,-0.05846079999999998,2,5,2,4,2,False,False,3,results/transfer_v2/embedding_transfer_summary_v2.csv
hESC,mHSC-L,lr,f1,v4_bias_rec_best,0.491032,0.4683944,0.4217324,0.432219,-0.058813000000000004,-0.04666199999999998,5,7,6,7,2,False,False,2,results/transfer_v2/embedding_transfer_summary_v2.csv
hESC,mHSC-L,lr,f1,v4_plain_best,0.4467978,0.4037074,0.43454919999999997,0.455596,0.008798199999999978,0.030841799999999975,7,9,4,5,-2,False,False,5,results/transfer_v2/embedding_transfer_summary_v2.csv
hHep,hESC,lr,f1,baseline,0.3695148,0.309324,0.34976280000000004,0.33157980000000004,-0.03793499999999994,0.04043880000000005,5,6,4,7,2,False,False,2,results/transfer_v2/embedding_transfer_summary_v2.csv
hHep,hESC,lr,f1,minus,0.3805152,0.3227906,0.3410606,0.34352140000000003,-0.036993799999999966,0.01827000000000001,3,5,5,5,2,False,True,2,results/transfer_v2/embedding_transfer_summary_v2.csv
hHep,hESC,lr,f1,scGPT_human,0.3094036,0.305376,0.2376104,0.2479666,-0.06143699999999999,-0.06776559999999998,7,7,10,9,2,False,False,3,results/transfer_v2/embedding_transfer_summary_v2.csv
hHep,hESC,lr,f1,scconcept,0.3383806,0.46227060000000003,0.3201764,0.3214128,-0.016967799999999977,-0.1420942,6,2,8,8,2,False,True,6,results/transfer_v2/embedding_transfer_summary_v2.csv
hHep,hESC,mlp,f1,minus,0.285551,0.2610176,0.2693192,0.279466,-0.006085000000000007,0.008301599999999965,3,6,1,1,-2,False,False,5,results/transfer_v2/embedding_transfer_summary_v2.csv
hHep,hESC,mlp,f1,scconcept_encoded,0.2737862,0.4223922,0.2690032,0.2412766,-0.03250959999999997,-0.153389,5,1,2,3,-2,False,False,2,results/transfer_v2/embedding_transfer_summary_v2.csv
hHep,hESC,mlp,f1,v4_plain_best,0.2464568,0.2252704,0.2070924,0.1965684,-0.0498884,-0.018178,7,7,8,9,2,False,False,2,results/transfer_v2/embedding_transfer_summary_v2.csv
hHep,hESC,mlp,f1,v4_type_pe_best,0.3255972,0.4190586,0.2322832,0.23260139999999999,-0.09299579999999999,-0.1867754,2,2,4,4,2,False,True,2,results/transfer_v2/embedding_transfer_summary_v2.csv
hHep,mDC,lr,f1,scconcept,0.4059488,0.5983974,0.4013666,0.3950538,-0.010894999999999988,-0.19703079999999995,3,1,1,1,-2,False,False,2,results/transfer_v2/embedding_transfer_summary_v2.csv
hHep,mDC,lr,f1,scconcept_encoded,0.4328172,0.5468316000000001,0.2683148,0.2676466,-0.1651706,-0.27851680000000006,2,3,3,4,2,False,False,2,results/transfer_v2/embedding_transfer_summary_v2.csv
hHep,mDC,lr,f1,v4_plain_best,0.3836106,0.156145,0.2505604,0.2505604,-0.1330502,0.09441540000000001,4,10,5,6,2,False,False,5,results/transfer_v2/embedding_transfer_summary_v2.csv
hHep,mDC,lr,f1,v4_type_pe_best,0.3412624,0.4556928,0.178425,0.1793554,-0.16190700000000002,-0.2772678,8,5,10,10,2,False,True,5,results/transfer_v2/embedding_transfer_summary_v2.csv
hHep,mDC,mlp,f1,cl_scratch_v5,0.2510338,0.5189592,0.2020208,0.210715,-0.04031879999999996,-0.31693839999999995,9,3,7,7,-2,False,True,4,results/transfer_v2/embedding_transfer_summary_v2.csv
hHep,mESC,lr,f1,baseline,0.1352912,0.0,0.0,0.0,-0.1352912,0.0,2,3,3,4,2,False,False,2,results/transfer_v2/embedding_transfer_summary_v2.csv
hHep,mESC,lr,f1,cl_v6_fair,0.1352912,0.7125254,0.0,0.0,-0.1352912,-0.7125254,3,1,4,5,2,False,False,3,results/transfer_v2/embedding_transfer_summary_v2.csv
hHep,mESC,lr,f1,minus,0.1352912,,0.0,0.0,-0.1352912,,4,,5,6,2,False,False,5,results/transfer_v2/embedding_transfer_summary_v2.csv
hHep,mESC,mlp,f1,cl_scratch_v5,0.0,,0.958501,0.958501,0.958501,,3,,1,1,-2,False,False,2,results/transfer_v2/embedding_transfer_summary_v2.csv
hHep,mESC,mlp,f1,minus,0.0,0.747475,0.0,0.0,0.0,-0.747475,5,1,8,7,2,False,True,7,results/transfer_v2/embedding_transfer_summary_v2.csv
hHep,mESC,mlp,f1,v4_bias_rec_best,0.0,0.0,0.7668008000000001,0.0,0.0,0.7668008000000001,8,7,3,10,2,False,False,4,results/transfer_v2/embedding_transfer_summary_v2.csv
hHep,mHSC-E,lr,f1,cl_scratch_v5,0.4873442,0.12525340000000001,0.6950094,0.6829656,0.19562139999999995,0.5697559999999999,3,10,3,5,2,False,False,7,results/transfer_v2/embedding_transfer_summary_v2.csv
hHep,mHSC-GM,lr,f1,cl_v6_fair,0.4824684,0.08866639999999999,0.2219756,0.2456226,-0.23684580000000002,0.13330920000000002,3,8,5,5,2,False,False,3,results/transfer_v2/embedding_transfer_summary_v2.csv
hHep,mHSC-GM,lr,f1,v4_bias_rec_best,0.49562999999999996,0.4888646,0.1760694,0.2477734,-0.24785659999999995,-0.3127952,2,3,7,4,2,False,True,4,results/transfer_v2/embedding_transfer_summary_v2.csv
hHep,mHSC-GM,mlp,f1,baseline,0.365769,0.2555908,0.2331322,0.11767739999999999,-0.24809160000000002,-0.022458599999999995,9,5,2,7,-2,False,False,3,results/transfer_v2/embedding_transfer_summary_v2.csv
hHep,mHSC-GM,mlp,f1,minus,0.4640218,0.3428198,0.1465054,0.3053676,-0.15865419999999997,-0.1963144,3,3,8,1,-2,False,True,5,results/transfer_v2/embedding_transfer_summary_v2.csv
hHep,mHSC-GM,mlp,f1,scGPT_human,0.3337136,0.0426048,0.1477888,0.1042714,-0.22944219999999999,0.105184,10,10,7,8,-2,False,False,3,results/transfer_v2/embedding_transfer_summary_v2.csv
hHep,mHSC-L,lr,f1,cl_scratch_v5,0.3688904,0.3741318,0.1429662,0.1124484,-0.256442,-0.23116560000000003,5,7,5,7,2,False,True,2,results/transfer_v2/embedding_transfer_summary_v2.csv
hHep,mHSC-L,lr,f1,v4_plain_best,0.288085,0.41253460000000003,0.1031416,0.137073,-0.15101199999999998,-0.30939300000000003,8,6,6,6,-2,False,True,2,results/transfer_v2/embedding_transfer_summary_v2.csv
mDC,hESC,lr,f1,cl_v6_fair,0.3166078,0.2654554,0.283761,0.3420644,0.025456599999999996,0.018305599999999977,7,6,8,5,-2,False,False,2,results/transfer_v2/embedding_transfer_summary_v2.csv
mDC,hESC,lr,f1,minus,0.4095672,0.29890680000000003,0.2751384,0.3467766,-0.06279060000000003,-0.023768400000000023,2,3,9,4,2,False,False,6,results/transfer_v2/embedding_transfer_summary_v2.csv
mDC,hESC,lr,f1,scGPT_human,0.34045559999999997,0.1653026,0.3064696,0.3509634,0.010507800000000012,0.14116700000000001,5,10,7,3,-2,False,False,3,results/transfer_v2/embedding_transfer_summary_v2.csv
mDC,hESC,lr,f1,scconcept,0.3532054,0.2425656,0.3665904,0.3686118,0.015406399999999987,0.12402479999999999,4,8,1,2,-2,False,False,7,results/transfer_v2/embedding_transfer_summary_v2.csv
mDC,hESC,mlp,f1,scconcept,0.2592306,0.2991612,0.3603256,0.3576016,0.09837100000000004,0.06116440000000001,2,2,3,4,2,False,False,2,results/transfer_v2/embedding_transfer_summary_v2.csv
mDC,hHep,lr,f1,minus,0.412848,0.2373556,0.5046122,0.5000439999999999,0.08719599999999994,0.26725659999999996,4,9,6,6,2,False,False,3,results/transfer_v2/embedding_transfer_summary_v2.csv
mDC,hHep,mlp,f1,minus,0.2353306,0.1001856,0.489379,0.5001772,0.2648466,0.3891934,5,9,8,7,2,False,False,2,results/transfer_v2/embedding_transfer_summary_v2.csv
mDC,mESC,mlp,f1,scGPT_human,0.0,,0.31481466666666663,0.31481466666666663,0.31481466666666663,,5,,5,3,-2,False,False,5,results/transfer_v2/embedding_transfer_summary_v2.csv
mDC,mHSC-E,lr,f1,minus,0.26442319999999997,0.0371786,0.3156124,0.40550559999999997,0.1410824,0.2784338,9,10,9,7,-2,False,False,2,results/transfer_v2/embedding_transfer_summary_v2.csv
mDC,mHSC-E,lr,f1,scconcept,0.3769104,0.500341,0.382919,0.4059804,0.02907000000000004,-0.11742200000000003,4,3,6,6,2,False,False,3,results/transfer_v2/embedding_transfer_summary_v2.csv
mDC,mHSC-E,mlp,f1,baseline,0.1449924,0.582539,0.32471099999999997,0.3550998,0.21010740000000003,-0.25782800000000006,5,1,5,3,-2,False,False,4,results/transfer_v2/embedding_transfer_summary_v2.csv
mDC,mHSC-E,mlp,f1,cl_scratch_v5,0.2058256,0.07912380000000001,0.3453586,0.3025034,0.09667779999999998,0.2662348,4,8,3,6,2,False,False,5,results/transfer_v2/embedding_transfer_summary_v2.csv
mDC,mHSC-E,mlp,f1,v4_bias_rec_best,0.1400698,0.2452318,0.269343,0.28317159999999997,0.14310179999999997,0.0241112,6,5,8,8,2,False,False,3,results/transfer_v2/embedding_transfer_summary_v2.csv
mDC,mHSC-E,mlp,f1,v4_type_pe_best,0.1340848,0.1492014,0.2632432,0.2113442,0.0772594,0.1140418,7,6,9,9,2,False,False,3,results/transfer_v2/embedding_transfer_summary_v2.csv
mDC,mHSC-GM,lr,f1,scconcept_encoded,0.4639952,0.5580396,0.3905312,0.3932148,-0.07078040000000002,-0.16750839999999995,2,1,1,4,2,False,False,2,results/transfer_v2/embedding_transfer_summary_v2.csv
mDC,mHSC-GM,mlp,f1,v4_plain_best,0.1997222,0.2585062,0.2845356,0.2908264,0.0911042,0.02602939999999998,8,5,8,6,-2,False,True,3,results/transfer_v2/embedding_transfer_summary_v2.csv
mDC,mHSC-GM,mlp,f1,v4_type_pe_best,0.2002748,0.0463134,0.3038312,0.325697,0.1254222,0.2575178,7,9,7,5,-2,False,False,2,results/transfer_v2/embedding_transfer_summary_v2.csv
mDC,mHSC-L,mlp,f1,cl_scratch_v5,0.20702779999999998,0.21806720000000002,0.2323126,0.267631,0.060603200000000024,0.014245399999999991,4,6,5,2,-2,False,False,2,results/transfer_v2/embedding_transfer_summary_v2.csv
mDC,mHSC-L,mlp,f1,cl_v6_fair,0.2205234,0.2241596,0.2339746,0.303585,0.08306159999999999,0.009815000000000018,3,5,4,1,-2,False,False,2,results/transfer_v2/embedding_transfer_summary_v2.csv
mDC,mHSC-L,mlp,f1,scGPT_human,0.14429720000000001,0.257492,0.2110154,0.2000898,0.0557926,-0.04647660000000001,10,4,7,8,-2,False,False,3,results/transfer_v2/embedding_transfer_summary_v2.csv
mDC,mHSC-L,mlp,f1,v4_type_pe_best,0.163571,0.0872004,0.2292006,0.2219324,0.05836140000000001,0.14200020000000002,7,8,6,5,-2,False,False,2,results/transfer_v2/embedding_transfer_summary_v2.csv
mESC,hESC,mlp,f1,scconcept,0.5674844,0.5822608,0.5475595,0.5565125,-0.010971900000000034,-0.034701300000000046,3,6,2,1,-2,False,False,4,results/transfer_v2/embedding_transfer_summary_v2.csv
mESC,hESC,lr,f1,cl_v6_fair,0.5035444,,0.4466008,0.4354538,-0.0680906,,4,,3,6,2,False,False,3,results/transfer_v2/embedding_transfer_summary_v2.csv
mESC,hESC,lr,f1,minus,0.4846126,,0.410378,0.4391864,-0.04542620000000003,,7,,6,5,-2,False,False,6,results/transfer_v2/embedding_transfer_summary_v2.csv
mESC,hESC,lr,f1,scGPT_human,0.5034676,,0.420082,0.4522908,-0.05117680000000002,,5,,5,3,-2,False,False,5,results/transfer_v2/embedding_transfer_summary_v2.csv
mESC,hESC,lr,f1,v4_bias_rec_best,0.4631556,,0.3261182,0.32259119999999997,-0.14056440000000003,,8,,10,10,2,False,False,10,results/transfer_v2/embedding_transfer_summary_v2.csv
mESC,hHep,lr,f1,cl_v6_fair,0.4945662,,0.40033040000000003,0.4219706,-0.07259560000000004,,4,,8,6,2,False,False,8,results/transfer_v2/embedding_transfer_summary_v2.csv
mESC,hHep,lr,f1,scconcept_encoded,0.4830142,0.5068594,0.4530042,0.458628,-0.024386200000000025,-0.053855199999999936,6,3,3,4,-2,False,False,2,results/transfer_v2/embedding_transfer_summary_v2.csv
mESC,hHep,lr,f1,v4_bias_rec_best,0.38409540000000003,0.408368,0.3688038,0.3748258,-0.009269600000000044,-0.039564199999999994,10,7,9,8,-2,False,False,2,results/transfer_v2/embedding_transfer_summary_v2.csv
mESC,hHep,lr,f1,v4_plain_best,0.4927284,,0.4799278,0.5054772,0.012748799999999949,,5,,2,3,-2,False,False,2,results/transfer_v2/embedding_transfer_summary_v2.csv
mESC,hHep,lr,f1,v4_type_pe_best,0.4383902,0.454699,0.4080452,0.3726034,-0.06578680000000003,-0.04665380000000002,7,6,7,9,2,False,False,2,results/transfer_v2/embedding_transfer_summary_v2.csv
mESC,mDC,mlp,f1,baseline,0.5610653999999999,0.560403,0.9347602,0.9385208,0.3774554000000001,0.37435720000000006,6,8,2,4,-2,False,False,6,results/transfer_v2/embedding_transfer_summary_v2.csv
mESC,mDC,mlp,f1,cl_scratch_v5,0.5051332,0.6278644,0.8970056000000001,0.7667664,0.2616332,0.2691412000000001,8,4,8,10,2,False,True,4,results/transfer_v2/embedding_transfer_summary_v2.csv
mESC,mDC,mlp,f1,cl_v6_fair,0.5656698,0.580845,0.9059086,0.9070119999999999,0.34134219999999993,0.3250636,5,7,7,7,2,False,True,2,results/transfer_v2/embedding_transfer_summary_v2.csv
mESC,mHSC-GM,mlp,f1,baseline,0.5613446,0.0864738,0.3754638,0.2835744,-0.27777019999999997,0.28899,6,8,4,8,2,False,False,4,results/transfer_v2/embedding_transfer_summary_v2.csv
mESC,mHSC-GM,mlp,f1,cl_scratch_v5,0.5043172,0.5387368,0.3699902,0.2993648,-0.20495240000000003,-0.16874660000000002,9,3,9,7,-2,False,True,6,results/transfer_v2/embedding_transfer_summary_v2.csv
mESC,mHSC-GM,mlp,f1,scconcept,0.6107237999999999,0.52757,0.3744286,0.5369782,-0.07374559999999997,-0.15314139999999998,3,4,6,1,-2,False,True,2,results/transfer_v2/embedding_transfer_summary_v2.csv
mESC,mHSC-L,mlp,f1,baseline,0.559004,0.6440914,0.4957364,0.5232384,-0.03576559999999995,-0.14835499999999996,6,3,3,4,-2,False,False,2,results/transfer_v2/embedding_transfer_summary_v2.csv
mESC,mHSC-L,mlp,f1,cl_v6_fair,0.5880452,0.0998932,0.4925428,0.5307696,-0.05727560000000009,0.3926496,5,6,6,3,-2,False,False,2,results/transfer_v2/embedding_transfer_summary_v2.csv
mESC,mHSC-L,mlp,f1,scconcept,0.60497,0.3542174,0.44813000000000003,0.48901639999999996,-0.11595360000000005,0.09391260000000001,3,5,10,5,2,False,False,5,results/transfer_v2/embedding_transfer_summary_v2.csv
mESC,mHSC-L,mlp,f1,v4_plain_best,0.5894756,0.658734,0.4947228,0.4470584,-0.14241719999999997,-0.16401120000000002,4,2,4,6,2,False,True,2,results/transfer_v2/embedding_transfer_summary_v2.csv
mHSC-E,hESC,lr,f1,cl_scratch_v5,0.5280196,0.497696,0.2834612,0.1568134,-0.37120620000000004,-0.2142348,8,9,8,10,2,False,False,2,results/transfer_v2/embedding_transfer_summary_v2.csv
mHSC-E,hESC,lr,f1,scGPT_human,0.5910912,0.600467,0.28615440000000003,0.3471936,-0.24389760000000005,-0.31431259999999994,4,4,7,6,2,False,False,3,results/transfer_v2/embedding_transfer_summary_v2.csv
mHSC-E,hHep,lr,f1,scGPT_human,0.6496226,0.5744054000000001,0.7910813999999999,0.8049978,0.15537519999999994,0.21667599999999987,7,9,5,5,-2,False,False,4,results/transfer_v2/embedding_transfer_summary_v2.csv
mHSC-E,hHep,mlp,f1,cl_scratch_v5,0.7559924,0.6204310000000001,0.8448164,0.8294586,0.07346620000000004,0.22438539999999996,1,7,3,3,2,True,False,4,results/transfer_v2/embedding_transfer_summary_v2.csv
mHSC-E,hHep,mlp,f1,minus,0.7116144,0.8406492,0.8533174,0.8372466,0.12563219999999997,0.012668200000000018,4,1,2,2,-2,False,False,2,results/transfer_v2/embedding_transfer_summary_v2.csv
mHSC-E,mDC,lr,f1,cl_v6_fair,0.5058918,0.5160314,0.5604234,0.5513044,0.045412600000000025,0.04439199999999999,4,3,4,2,-2,False,False,2,results/transfer_v2/embedding_transfer_summary_v2.csv
mHSC-E,mDC,lr,f1,v4_bias_rec_best,0.5129318,0.068168,0.5433486,0.44627500000000003,-0.06665680000000002,0.47518059999999995,3,10,6,5,2,False,False,4,results/transfer_v2/embedding_transfer_summary_v2.csv
mHSC-E,mDC,lr,f1,v4_plain_best,0.5448752,0.5112164,0.5372456,0.4711538,-0.07372139999999999,0.026029199999999975,2,4,7,4,2,False,True,3,results/transfer_v2/embedding_transfer_summary_v2.csv
mHSC-E,mDC,mlp,f1,minus,0.33553479999999997,0.2908104,0.2826322,0.250367,-0.08516779999999996,-0.008178200000000024,10,6,9,8,-2,False,False,3,results/transfer_v2/embedding_transfer_summary_v2.csv
mHSC-E,mDC,mlp,f1,scconcept_encoded,0.3643528,0.2364878,0.344573,0.34614059999999996,-0.01821220000000001,0.10808520000000002,8,7,8,6,-2,False,False,2,results/transfer_v2/embedding_transfer_summary_v2.csv
mHSC-E,mESC,mlp,f1,scGPT_human,0.678463,,0.933333,0.933333,0.25486999999999993,,4,,2,2,-2,False,False,2,results/transfer_v2/embedding_transfer_summary_v2.csv
mHSC-GM,hESC,lr,f1,baseline,0.5675904,0.525714,0.4129628,0.1766204,-0.39097000000000004,-0.1127512,6,6,1,8,2,False,False,5,results/transfer_v2/embedding_transfer_summary_v2.csv
mHSC-GM,hESC,lr,f1,scGPT_human,0.5642978,0.4894602,0.3407616,0.13581479999999999,-0.42848299999999995,-0.14869860000000001,7,7,5,9,2,False,False,2,results/transfer_v2/embedding_transfer_summary_v2.csv
mHSC-GM,hESC,lr,f1,v4_plain_best,0.646926,0.4283856,0.3679862,0.3575308,-0.2893952,-0.06039939999999999,1,8,3,3,2,True,False,5,results/transfer_v2/embedding_transfer_summary_v2.csv
mHSC-GM,hESC,mlp,f1,cl_scratch_v5,0.541821,0.6034836,0.307924,0.2491612,-0.2926598,-0.29555960000000003,7,1,5,5,-2,False,True,4,results/transfer_v2/embedding_transfer_summary_v2.csv
mHSC-GM,hESC,mlp,f1,minus,0.5418286,0.5619,0.3189586,0.30648,-0.23534860000000002,-0.24294139999999997,6,4,4,4,-2,False,False,2,results/transfer_v2/embedding_transfer_summary_v2.csv
mHSC-GM,hESC,mlp,f1,v4_type_pe_best,0.5582506,0.3313224,0.2390256,0.1943718,-0.36387880000000006,-0.09229680000000001,5,9,7,7,2,False,False,2,results/transfer_v2/embedding_transfer_summary_v2.csv
mHSC-GM,hHep,lr,f1,cl_v6_fair,0.6001092,0.66203,0.6017476,0.1591882,-0.440921,-0.06028239999999996,6,5,4,8,2,False,False,2,results/transfer_v2/embedding_transfer_summary_v2.csv
mHSC-GM,hHep,lr,f1,minus,0.6697854,0.6520338,0.7202876,0.3233626,-0.3464228,0.06825380000000003,3,6,1,5,2,False,False,5,results/transfer_v2/embedding_transfer_summary_v2.csv
mHSC-GM,hHep,mlp,f1,scconcept,0.267721,0.3824438,0.1186334,0.0839632,-0.18375779999999997,-0.2638104,10,9,10,8,-2,False,False,2,results/transfer_v2/embedding_transfer_summary_v2.csv
mHSC-GM,hHep,mlp,f1,v4_type_pe_best,0.7189892,0.6750976,0.4941982,0.1501184,-0.5688708,-0.1808994,2,3,1,4,2,False,False,2,results/transfer_v2/embedding_transfer_summary_v2.csv
mHSC-GM,mDC,lr,f1,minus,0.5435732,0.36804359999999997,0.4451826,0.5427714,-0.0008017999999999637,0.07713900000000001,4,6,9,6,2,False,True,3,results/transfer_v2/embedding_transfer_summary_v2.csv
mHSC-GM,mDC,lr,f1,v4_type_pe_best,0.5230384,0.4691472,0.5358966,0.5636352,0.04059679999999999,0.06674939999999996,5,5,5,3,-2,False,False,2,results/transfer_v2/embedding_transfer_summary_v2.csv
mHSC-GM,mESC,mlp,f1,minus,0.544543,0.45977,0.0,0.0,-0.544543,-0.45977,4,4,2,2,-2,False,False,2,results/transfer_v2/embedding_transfer_summary_v2.csv
mHSC-GM,mESC,mlp,f1,v4_bias_rec_best,0.5419676,0.586207,0.0,0.0,-0.5419676,-0.586207,8,2,5,6,-2,False,False,3,results/transfer_v2/embedding_transfer_summary_v2.csv
mHSC-GM,mESC,mlp,f1,v4_plain_best,0.2727564,,0.0,0.0,-0.2727564,,9,,6,7,-2,False,False,6,results/transfer_v2/embedding_transfer_summary_v2.csv
mHSC-L,hESC,lr,f1,scGPT_human,0.4840182,0.4890874,0.1999942,0.3016284,-0.1823898,-0.2890932,9,7,10,7,-2,False,False,3,results/transfer_v2/embedding_transfer_summary_v2.csv
mHSC-L,hHep,lr,f1,v4_type_pe_best,0.6139669999999999,0.4951484,0.6495846,0.6150292,0.0010622000000001242,0.15443619999999997,1,7,1,3,2,True,False,6,results/transfer_v2/embedding_transfer_summary_v2.csv
mHSC-L,mDC,lr,f1,cl_v6_fair,0.6157838,0.49240659999999997,0.5062598,0.5612946,-0.054489200000000015,0.013853200000000065,2,7,6,4,2,False,False,2,results/transfer_v2/embedding_transfer_summary_v2.csv
mHSC-L,mDC,mlp,f1,scGPT_human,0.486396,0.5571124,0.5845512,0.5240284,0.037632399999999955,0.027438800000000096,8,3,3,6,-2,False,False,2,results/transfer_v2/embedding_transfer_summary_v2.csv
mHSC-L,mESC,mlp,f1,minus,0.680464,0.581818,0.0,0.0,-0.680464,-0.581818,3,5,1,1,-2,False,False,4,results/transfer_v2/embedding_transfer_summary_v2.csv
mHSC-L,mHSC-E,lr,f1,cl_v6_fair,0.4497898,0.4497898,0.4497898,0.489217,0.039427199999999996,0.0,6,6,6,4,-2,False,False,2,results/transfer_v2/embedding_transfer_summary_v2.csv
mHSC-L,mHSC-E,mlp,f1,cl_v6_fair,0.4295472,0.4295472,0.4295472,0.4583704,0.028823199999999993,0.0,6,6,6,4,-2,False,False,2,results/transfer_v2/embedding_transfer_summary_v2.csv
mHSC-L,mHSC-E,mlp,f1,v4_bias_rec_best,0.4623274,0.4623274,0.4623274,0.42410800000000004,-0.03821939999999996,0.0,4,4,4,6,2,False,False,2,results/transfer_v2/embedding_transfer_summary_v2.csv
hESC,hHep,lr,precision_at_k,scconcept,0.469,0.551,0.46399999999999997,0.488,0.019000000000000017,-0.08700000000000008,10,6,9,8,-2,False,False,3,results/transfer_v2/embedding_transfer_summary_v2.csv
hESC,hHep,mlp,precision_at_k,baseline,0.707,0.606,0.56,0.56,-0.1469999999999999,-0.04599999999999993,2,5,4,4,2,False,False,2,results/transfer_v2/embedding_transfer_summary_v2.csv
hESC,hHep,mlp,precision_at_k,cl_scratch_v5,0.61,0.586,0.529,0.528,-0.08199999999999996,-0.05699999999999994,8,7,5,6,-2,False,False,2,results/transfer_v2/embedding_transfer_summary_v2.csv
hESC,hHep,mlp,precision_at_k,scconcept,0.475,0.574,0.492,0.496,0.02100000000000002,-0.08199999999999996,9,9,8,7,-2,False,False,2,results/transfer_v2/embedding_transfer_summary_v2.csv
hESC,hHep,mlp,precision_at_k,v4_bias_rec_best,0.695,0.677,0.524,0.533,-0.16199999999999992,-0.15300000000000002,3,4,6,5,2,False,True,2,results/transfer_v2/embedding_transfer_summary_v2.csv
hESC,mDC,lr,precision_at_k,v4_type_pe_best,0.502,0.477,0.563,0.578947,0.07694699999999999,0.08599999999999997,6,5,4,8,2,False,False,2,results/transfer_v2/embedding_transfer_summary_v2.csv
hESC,mDC,mlp,precision_at_k,baseline,0.586,0.546,0.48400000000000004,0.772727,0.1867270000000001,-0.062,3,2,4,1,-2,False,False,2,results/transfer_v2/embedding_transfer_summary_v2.csv
hESC,mDC,mlp,precision_at_k,scconcept_encoded,0.621,0.576,0.683,0.670807,0.049807000000000046,0.1070000000000001,2,1,1,4,2,False,False,2,results/transfer_v2/embedding_transfer_summary_v2.csv
hESC,mDC,mlp,precision_at_k,v4_type_pe_best,0.508,0.426,0.47300000000000003,0.578947,0.07094699999999998,0.04700000000000004,6,7,7,8,2,False,False,2,results/transfer_v2/embedding_transfer_summary_v2.csv
hESC,mESC,mlp,precision_at_k,cl_scratch_v5,0.563,0.46,0.896,0.908,0.3450000000000001,0.436,2,9,8,4,2,False,False,2,results/transfer_v2/embedding_transfer_summary_v2.csv
hESC,mESC,mlp,precision_at_k,minus,0.551,0.5133333333333333,0.899,0.933,0.382,0.3856666666666667,3,5,6,1,-2,False,False,2,results/transfer_v2/embedding_transfer_summary_v2.csv
hESC,mESC,lr,precision_at_k,cl_v6_fair,0.5609999999999999,,0.924,0.922,0.3610000000000001,,1,,1,3,2,True,False,2,results/transfer_v2/embedding_transfer_summary_v2.csv
hESC,mHSC-E,lr,precision_at_k,baseline,0.567,0.524,0.5469999999999999,0.435294,-0.13170599999999993,0.02299999999999991,7,7,5,9,2,False,False,2,results/transfer_v2/embedding_transfer_summary_v2.csv
hESC,mHSC-E,lr,precision_at_k,minus,0.61,0.611,0.556,0.731481,0.12148100000000006,-0.05499999999999994,3,3,3,1,-2,False,False,2,results/transfer_v2/embedding_transfer_summary_v2.csv
hESC,mHSC-E,lr,precision_at_k,v4_bias_rec_best,0.506,0.399,0.563,0.379032,-0.12696800000000003,0.16399999999999992,8,10,2,10,2,False,False,8,results/transfer_v2/embedding_transfer_summary_v2.csv
hESC,mHSC-E,lr,precision_at_k,v4_type_pe_best,0.58,0.758,0.517,0.445312,-0.13468799999999997,-0.241,6,1,8,8,2,False,True,7,results/transfer_v2/embedding_transfer_summary_v2.csv
hESC,mHSC-E,mlp,precision_at_k,baseline,0.58,0.5,0.53,0.435294,-0.14470599999999995,0.030000000000000027,7,8,2,9,2,False,False,6,results/transfer_v2/embedding_transfer_summary_v2.csv
hESC,mHSC-E,mlp,precision_at_k,minus,0.626,0.588,0.513,0.731481,0.10548100000000005,-0.07499999999999996,3,4,7,1,-2,False,True,3,results/transfer_v2/embedding_transfer_summary_v2.csv
hESC,mHSC-E,mlp,precision_at_k,v4_bias_rec_best,0.5589999999999999,0.366,0.526,0.379032,-0.17996799999999996,0.16000000000000003,8,10,3,10,2,False,False,7,results/transfer_v2/embedding_transfer_summary_v2.csv
hESC,mHSC-E,mlp,precision_at_k,v4_plain_best,0.611,0.479,0.526,0.566667,-0.044332999999999956,0.04700000000000004,4,9,4,6,2,False,False,5,results/transfer_v2/embedding_transfer_summary_v2.csv
hESC,mHSC-E,mlp,precision_at_k,v4_type_pe_best,0.59,0.761,0.519,0.445312,-0.14468799999999998,-0.242,6,1,6,8,2,False,True,5,results/transfer_v2/embedding_transfer_summary_v2.csv
hESC,mHSC-GM,lr,precision_at_k,cl_v6_fair,0.74,0.62,0.524,0.415254,-0.324746,-0.09599999999999997,3,4,6,5,2,False,False,2,results/transfer_v2/embedding_transfer_summary_v2.csv
hESC,mHSC-GM,lr,precision_at_k,minus,0.704,0.499,0.542,0.333333,-0.37066699999999997,0.04300000000000004,5,9,5,7,2,False,False,4,results/transfer_v2/embedding_transfer_summary_v2.csv
hESC,mHSC-GM,lr,precision_at_k,v4_plain_best,0.722,0.609,0.583,0.44697,-0.27503,-0.026000000000000023,4,6,1,2,-2,False,False,5,results/transfer_v2/embedding_transfer_summary_v2.csv
hESC,mHSC-GM,lr,precision_at_k,v4_type_pe_best,0.702,0.612,0.552,0.333333,-0.36866699999999997,-0.05999999999999994,6,5,4,8,2,False,False,2,results/transfer_v2/embedding_transfer_summary_v2.csv
hESC,mHSC-GM,mlp,precision_at_k,cl_v6_fair,0.779,0.632,0.565,0.415254,-0.363746,-0.06700000000000006,3,4,2,5,2,False,False,2,results/transfer_v2/embedding_transfer_summary_v2.csv
hESC,mHSC-GM,mlp,precision_at_k,v4_type_pe_best,0.759,0.579,0.553,0.333333,-0.425667,-0.025999999999999912,6,6,4,8,2,False,False,2,results/transfer_v2/embedding_transfer_summary_v2.csv
hESC,mHSC-L,lr,precision_at_k,v4_bias_rec_best,0.6829999999999999,0.642,0.5630000000000001,0.553571,-0.1294289999999999,-0.07899999999999996,4,2,5,2,-2,False,False,3,results/transfer_v2/embedding_transfer_summary_v2.csv
hESC,mHSC-L,mlp,precision_at_k,scGPT_human,0.751,0.613,0.569,0.5,-0.251,-0.04400000000000004,1,3,7,3,2,True,True,4,results/transfer_v2/embedding_transfer_summary_v2.csv
hESC,mHSC-L,mlp,precision_at_k,v4_plain_best,0.685,0.638,0.595,0.398148,-0.28685200000000005,-0.04300000000000004,7,1,2,9,2,False,False,2,results/transfer_v2/embedding_transfer_summary_v2.csv
hHep,hESC,mlp,precision_at_k,minus,0.6799999999999999,0.601,0.582,0.575,-0.10499999999999998,-0.019000000000000017,4,9,5,6,2,False,False,4,results/transfer_v2/embedding_transfer_summary_v2.csv
hHep,mDC,lr,precision_at_k,cl_v6_fair,0.5740000000000001,0.451,0.792,0.789,0.21499999999999997,0.341,3,8,2,1,-2,False,False,6,results/transfer_v2/embedding_transfer_summary_v2.csv
hHep,mDC,mlp,precision_at_k,minus,0.568,0.572,0.78,0.766,0.19800000000000006,0.20800000000000007,4,4,4,6,2,False,False,2,results/transfer_v2/embedding_transfer_summary_v2.csv
hHep,mESC,lr,precision_at_k,minus,0.542,,0.909,0.909,0.367,,6,,6,8,2,False,False,6,results/transfer_v2/embedding_transfer_summary_v2.csv
hHep,mESC,lr,precision_at_k,scGPT_human,0.542,,0.909,0.909,0.367,,7,,7,9,2,False,False,7,results/transfer_v2/embedding_transfer_summary_v2.csv
hHep,mESC,lr,precision_at_k,v4_type_pe_best,0.541,,0.91,0.91,0.369,,9,,5,7,-2,False,False,5,results/transfer_v2/embedding_transfer_summary_v2.csv
hHep,mESC,mlp,precision_at_k,v4_bias_rec_best,0.53,0.599,0.91,0.913,0.383,0.31100000000000005,8,2,10,10,2,False,True,8,results/transfer_v2/embedding_transfer_summary_v2.csv
hHep,mHSC-E,lr,precision_at_k,baseline,0.739,0.6930000000000001,0.75,0.5125,-0.22650000000000003,0.05699999999999994,4,1,7,6,2,False,False,6,results/transfer_v2/embedding_transfer_summary_v2.csv
hHep,mHSC-E,lr,precision_at_k,cl_v6_fair,0.737,0.6809999999999999,0.827,0.384146,-0.352854,0.14600000000000002,6,2,2,8,2,False,False,2,results/transfer_v2/embedding_transfer_summary_v2.csv
hHep,mHSC-E,lr,precision_at_k,scconcept_encoded,0.641,0.534,0.474,0.424,-0.21700000000000003,-0.06000000000000005,9,9,9,7,-2,False,False,2,results/transfer_v2/embedding_transfer_summary_v2.csv
hHep,mHSC-E,mlp,precision_at_k,scconcept_encoded,0.622,0.519,0.526,0.427,-0.195,0.007000000000000006,9,9,9,7,-2,False,False,2,results/transfer_v2/embedding_transfer_summary_v2.csv
hHep,mHSC-E,mlp,precision_at_k,v4_type_pe_best,0.818,0.634,0.753,0.597403,-0.22059699999999993,0.119,5,4,6,3,-2,False,False,2,results/transfer_v2/embedding_transfer_summary_v2.csv
hHep,mHSC-GM,lr,precision_at_k,cl_scratch_v5,0.741,0.718,0.26,0.281046,-0.459954,-0.45799999999999996,4,3,6,2,-2,False,False,3,results/transfer_v2/embedding_transfer_summary_v2.csv
hHep,mHSC-GM,lr,precision_at_k,scGPT_human,0.798,0.699,0.207,0.272727,-0.5252730000000001,-0.492,1,4,9,3,2,True,False,5,results/transfer_v2/embedding_transfer_summary_v2.csv
hHep,mHSC-GM,lr,precision_at_k,v4_bias_rec_best,0.73,0.627,0.254,0.248062,-0.481938,-0.373,6,7,7,4,-2,False,False,2,results/transfer_v2/embedding_transfer_summary_v2.csv
hHep,mHSC-GM,lr,precision_at_k,v4_plain_best,0.722,0.507,0.267,0.157025,-0.564975,-0.24,7,8,3,9,2,False,False,5,results/transfer_v2/embedding_transfer_summary_v2.csv
hHep,mHSC-GM,mlp,precision_at_k,scGPT_human,0.845,0.6729999999999999,0.218,0.272727,-0.572273,-0.45499999999999996,1,4,9,3,2,True,False,5,results/transfer_v2/embedding_transfer_summary_v2.csv
hHep,mHSC-GM,mlp,precision_at_k,scconcept_encoded,0.648,0.515,0.286,0.190083,-0.457917,-0.22900000000000004,9,8,1,7,-2,False,False,7,results/transfer_v2/embedding_transfer_summary_v2.csv
hHep,mHSC-GM,mlp,precision_at_k,v4_bias_rec_best,0.831,0.647,0.266,0.248062,-0.582938,-0.381,2,7,3,4,2,False,False,4,results/transfer_v2/embedding_transfer_summary_v2.csv
hHep,mHSC-L,lr,precision_at_k,v4_plain_best,0.703,0.6940000000000001,0.394,0.330935,-0.372065,-0.30000000000000004,4,1,4,6,2,False,True,3,results/transfer_v2/embedding_transfer_summary_v2.csv
mDC,hESC,lr,precision_at_k,minus,0.49,0.455556,0.237113,0.237113,-0.252887,-0.21844300000000003,2,9,4,4,2,False,False,5,results/transfer_v2/embedding_transfer_summary_v2.csv
mDC,hESC,mlp,precision_at_k,scGPT_human,0.452,0.455621,0.237113,0.237113,-0.21488700000000002,-0.218508,3,8,5,5,2,False,False,3,results/transfer_v2/embedding_transfer_summary_v2.csv
mDC,hESC,mlp,precision_at_k,v4_bias_rec_best,0.268,0.572917,0.237113,0.237113,-0.030887000000000026,-0.335804,10,1,8,8,-2,False,False,7,results/transfer_v2/embedding_transfer_summary_v2.csv
mDC,hHep,lr,precision_at_k,cl_v6_fair,0.456,0.556,0.384,0.383,-0.07300000000000001,-0.17200000000000004,4,4,3,2,-2,False,False,2,results/transfer_v2/embedding_transfer_summary_v2.csv
mDC,hHep,mlp,precision_at_k,v4_bias_rec_best,0.277,0.554,0.348,0.34299999999999997,0.06599999999999995,-0.20600000000000007,10,4,8,8,-2,False,False,4,results/transfer_v2/embedding_transfer_summary_v2.csv
mDC,mESC,mlp,precision_at_k,v4_type_pe_best,0.507,0.442478,0.894737,0.894737,0.387737,0.452259,9,6,8,7,-2,False,False,2,results/transfer_v2/embedding_transfer_summary_v2.csv
mDC,mHSC-E,mlp,precision_at_k,scGPT_human,0.403,0.573,0.454,0.48,0.07699999999999996,-0.11899999999999994,4,1,3,2,-2,False,False,2,results/transfer_v2/embedding_transfer_summary_v2.csv
mDC,mHSC-E,mlp,precision_at_k,v4_plain_best,0.381,0.396,0.39,0.427835,0.046835000000000016,-0.006000000000000005,7,10,9,5,-2,False,False,2,results/transfer_v2/embedding_transfer_summary_v2.csv
mDC,mHSC-GM,lr,precision_at_k,cl_scratch_v5,0.506,0.508,0.306,0.395,-0.11099999999999999,-0.202,3,5,6,1,-2,False,True,2,results/transfer_v2/embedding_transfer_summary_v2.csv
mDC,mHSC-GM,lr,precision_at_k,minus,0.427,0.548,0.322,0.304124,-0.12287599999999999,-0.22600000000000003,6,4,4,8,2,False,True,2,results/transfer_v2/embedding_transfer_summary_v2.csv
mDC,mHSC-GM,mlp,precision_at_k,baseline,0.448,0.471,0.369,0.353293,-0.09470699999999999,-0.10199999999999998,4,7,3,6,2,False,False,4,results/transfer_v2/embedding_transfer_summary_v2.csv
mDC,mHSC-GM,mlp,precision_at_k,cl_scratch_v5,0.456,0.542,0.377,0.395,-0.061,-0.16500000000000004,3,5,2,1,-2,False,False,3,results/transfer_v2/embedding_transfer_summary_v2.csv
mDC,mHSC-L,lr,precision_at_k,cl_scratch_v5,0.479,0.469,0.362,0.43,-0.04899999999999999,-0.10699999999999998,4,8,1,2,-2,False,False,7,results/transfer_v2/embedding_transfer_summary_v2.csv
mDC,mHSC-L,mlp,precision_at_k,cl_scratch_v5,0.428,0.491,0.385,0.434,0.006000000000000005,-0.10599999999999998,4,6,2,2,-2,False,False,4,results/transfer_v2/embedding_transfer_summary_v2.csv
mDC,mHSC-L,mlp,precision_at_k,cl_v6_fair,0.415,0.493,0.383,0.351515,-0.06348499999999996,-0.10999999999999999,6,5,3,8,2,False,False,2,results/transfer_v2/embedding_transfer_summary_v2.csv
mESC,hHep,mlp,precision_at_k,scconcept,0.536,0.589,0.395,0.35,-0.18600000000000005,-0.19399999999999995,1,6,3,3,2,True,False,3,results/transfer_v2/embedding_transfer_summary_v2.csv
mESC,hHep,lr,precision_at_k,cl_v6_fair,0.556,,0.388,0.415,-0.14100000000000007,,3,,7,5,2,False,False,7,results/transfer_v2/embedding_transfer_summary_v2.csv
mESC,hHep,lr,precision_at_k,scconcept_encoded,0.51,0.616,0.423,0.431,-0.07900000000000001,-0.193,5,2,2,3,-2,False,False,2,results/transfer_v2/embedding_transfer_summary_v2.csv
mESC,mDC,mlp,precision_at_k,minus,0.502,0.5569999999999999,0.904,0.927711,0.42571099999999995,0.3470000000000001,6,1,3,4,-2,False,True,2,results/transfer_v2/embedding_transfer_summary_v2.csv
mESC,mDC,mlp,precision_at_k,scGPT_human,0.499,0.542,0.885,0.868132,0.369132,0.34299999999999997,7,2,7,9,2,False,True,5,results/transfer_v2/embedding_transfer_summary_v2.csv
mESC,mHSC-GM,mlp,precision_at_k,baseline,0.48,0.611,0.239,0.162791,-0.31720899999999996,-0.372,10,1,5,8,-2,False,False,4,results/transfer_v2/embedding_transfer_summary_v2.csv
mESC,mHSC-GM,mlp,precision_at_k,minus,0.525,0.51,0.224,0.192982,-0.33201800000000004,-0.28600000000000003,4,5,8,6,2,False,False,3,results/transfer_v2/embedding_transfer_summary_v2.csv
mESC,mHSC-GM,mlp,precision_at_k,scconcept,0.527,0.517,0.24,0.344262,-0.182738,-0.277,3,3,4,1,-2,False,False,2,results/transfer_v2/embedding_transfer_summary_v2.csv
mESC,mHSC-GM,mlp,precision_at_k,v4_type_pe_best,0.535,0.501,0.236,0.27907,-0.25593000000000005,-0.265,2,7,6,4,2,False,False,2,results/transfer_v2/embedding_transfer_summary_v2.csv
mESC,mHSC-L,mlp,precision_at_k,baseline,0.52,0.5569999999999999,0.34199999999999997,0.361702,-0.158298,-0.21499999999999997,2,3,2,4,2,False,False,2,results/transfer_v2/embedding_transfer_summary_v2.csv
mESC,mHSC-L,mlp,precision_at_k,cl_v6_fair,0.514,0.488,0.313,0.368421,-0.14557900000000001,-0.175,5,5,10,3,-2,False,False,5,results/transfer_v2/embedding_transfer_summary_v2.csv
mESC,mHSC-L,mlp,precision_at_k,scconcept,0.498,0.536,0.34400000000000003,0.361111,-0.13688899999999998,-0.192,7,4,1,5,-2,False,False,3,results/transfer_v2/embedding_transfer_summary_v2.csv
mESC,mHSC-L,mlp,precision_at_k,v4_type_pe_best,0.493,0.479,0.329,0.26087,-0.23213,-0.14999999999999997,9,6,7,7,-2,False,False,2,results/transfer_v2/embedding_transfer_summary_v2.csv
mHSC-E,hESC,mlp,precision_at_k,minus,0.675,0.45,0.368932,0.368932,-0.30606800000000006,-0.08106800000000003,2,6,4,4,2,False,False,2,results/transfer_v2/embedding_transfer_summary_v2.csv
mHSC-E,hESC,mlp,precision_at_k,scGPT_human,0.663,0.655172,0.368932,0.368932,-0.29406800000000005,-0.28624,3,1,5,5,2,False,False,4,results/transfer_v2/embedding_transfer_summary_v2.csv
mHSC-E,hHep,lr,precision_at_k,scconcept_encoded,0.572,0.537736,0.529412,0.529412,-0.04258799999999996,-0.008323999999999998,9,5,7,7,-2,False,False,2,results/transfer_v2/embedding_transfer_summary_v2.csv
mHSC-E,hHep,mlp,precision_at_k,minus,0.875,0.686275,0.529412,0.529412,-0.345588,-0.15686299999999997,6,1,4,4,-2,False,False,3,results/transfer_v2/embedding_transfer_summary_v2.csv
mHSC-E,mDC,lr,precision_at_k,cl_v6_fair,0.664,0.346535,0.498,0.497,-0.16700000000000004,0.15146500000000002,3,10,7,5,2,False,False,3,results/transfer_v2/embedding_transfer_summary_v2.csv
mHSC-E,mDC,lr,precision_at_k,v4_type_pe_best,0.596,0.663866,0.53,0.511,-0.08499999999999996,-0.13386599999999993,5,1,1,3,-2,False,False,2,results/transfer_v2/embedding_transfer_summary_v2.csv
mHSC-E,mDC,mlp,precision_at_k,cl_scratch_v5,0.559,0.583333,0.505,0.517,-0.04200000000000004,-0.07833299999999999,5,3,4,3,-2,False,False,2,results/transfer_v2/embedding_transfer_summary_v2.csv
mHSC-E,mDC,mlp,precision_at_k,cl_v6_fair,0.581,0.346535,0.501,0.521,-0.05999999999999994,0.15446500000000002,4,10,6,2,-2,False,False,4,results/transfer_v2/embedding_transfer_summary_v2.csv
mHSC-E,mDC,mlp,precision_at_k,v4_type_pe_best,0.546,0.663866,0.509,0.461,-0.08500000000000002,-0.15486599999999995,6,1,3,8,2,False,False,2,results/transfer_v2/embedding_transfer_summary_v2.csv
mHSC-E,mESC,mlp,precision_at_k,scGPT_human,0.543,,0.875,0.875,0.33199999999999996,,5,,2,3,-2,False,False,2,results/transfer_v2/embedding_transfer_summary_v2.csv
mHSC-E,mESC,mlp,precision_at_k,scconcept,0.538,0.641791,0.875,0.875,0.33699999999999997,0.233209,6,2,3,4,-2,False,False,2,results/transfer_v2/embedding_transfer_summary_v2.csv
mHSC-E,mESC,mlp,precision_at_k,v4_bias_rec_best,0.532,,,0.875,0.34299999999999997,,7,,,5,-2,False,False,2,results/transfer_v2/embedding_transfer_summary_v2.csv
mHSC-E,mHSC-GM,lr,precision_at_k,cl_v6_fair,0.727,0.727,0.727,0.733,0.006000000000000005,0.0,6,6,6,4,-2,False,False,2,results/transfer_v2/embedding_transfer_summary_v2.csv
mHSC-E,mHSC-GM,lr,precision_at_k,minus,0.75,0.75,0.75,0.717,-0.03300000000000003,0.0,4,4,4,6,2,False,False,2,results/transfer_v2/embedding_transfer_summary_v2.csv
mHSC-E,mHSC-GM,mlp,precision_at_k,scGPT_human,0.734,0.734,0.734,0.736,0.0020000000000000018,0.0,8,8,8,6,-2,False,False,2,results/transfer_v2/embedding_transfer_summary_v2.csv
mHSC-GM,hESC,lr,precision_at_k,scGPT_human,0.669,0.358491,0.368932,0.368932,-0.30006800000000006,0.010440999999999978,7,10,5,5,-2,False,False,5,results/transfer_v2/embedding_transfer_summary_v2.csv
mHSC-GM,hESC,mlp,precision_at_k,scGPT_human,0.725,0.358491,0.368932,0.368932,-0.356068,0.010440999999999978,7,10,5,5,-2,False,False,5,results/transfer_v2/embedding_transfer_summary_v2.csv
mHSC-GM,hHep,lr,precision_at_k,scconcept_encoded,0.548,0.656863,0.529412,0.529412,-0.01858800000000005,-0.12745099999999998,9,1,7,7,-2,False,False,6,results/transfer_v2/embedding_transfer_summary_v2.csv
mHSC-GM,hHep,lr,precision_at_k,v4_plain_best,0.667,0.614679,0.529412,0.529412,-0.13758800000000004,-0.08526699999999998,6,3,9,8,2,False,False,6,results/transfer_v2/embedding_transfer_summary_v2.csv
mHSC-GM,hHep,mlp,precision_at_k,baseline,0.825,0.636364,0.529412,0.529412,-0.29558799999999996,-0.10695200000000005,3,2,1,1,-2,False,False,2,results/transfer_v2/embedding_transfer_summary_v2.csv
mHSC-GM,hHep,mlp,precision_at_k,scconcept_encoded,0.618,0.656863,0.529412,0.529412,-0.088588,-0.12745099999999998,9,1,7,7,-2,False,False,6,results/transfer_v2/embedding_transfer_summary_v2.csv
mHSC-GM,hHep,mlp,precision_at_k,v4_plain_best,0.723,0.614679,0.529412,0.529412,-0.19358799999999998,-0.08526699999999998,6,3,9,8,2,False,False,6,results/transfer_v2/embedding_transfer_summary_v2.csv
mHSC-GM,mDC,lr,precision_at_k,v4_type_pe_best,0.534,0.545455,0.479,0.493,-0.041000000000000036,-0.06645500000000004,6,5,3,4,-2,False,False,2,results/transfer_v2/embedding_transfer_summary_v2.csv
mHSC-GM,mDC,mlp,precision_at_k,cl_scratch_v5,0.664,0.586207,0.46499999999999997,0.48,-0.18400000000000005,-0.12120700000000006,4,4,8,6,2,False,False,4,results/transfer_v2/embedding_transfer_summary_v2.csv
mHSC-GM,mDC,mlp,precision_at_k,v4_plain_best,0.717,0.431373,0.492,0.503,-0.21399999999999997,0.060626999999999986,1,8,4,3,2,True,False,4,results/transfer_v2/embedding_transfer_summary_v2.csv
mHSC-GM,mDC,mlp,precision_at_k,v4_type_pe_best,0.6,0.545455,0.476,0.46599999999999997,-0.134,-0.06945500000000004,6,5,6,8,2,False,False,2,results/transfer_v2/embedding_transfer_summary_v2.csv
mHSC-GM,mESC,mlp,precision_at_k,scconcept_encoded,0.537,0.716216,0.875,0.875,0.33799999999999997,0.15878400000000004,3,1,4,5,2,False,False,3,results/transfer_v2/embedding_transfer_summary_v2.csv
mHSC-GM,mHSC-E,lr,precision_at_k,v4_plain_best,0.743,0.743,0.743,0.777,0.03400000000000003,0.0,8,8,8,6,-2,False,False,2,results/transfer_v2/embedding_transfer_summary_v2.csv
mHSC-L,hESC,mlp,precision_at_k,minus,0.718,0.533333,0.368932,0.368932,-0.349068,-0.16440099999999996,7,3,4,5,-2,False,False,2,results/transfer_v2/embedding_transfer_summary_v2.csv
mHSC-L,hESC,mlp,precision_at_k,scGPT_human,0.714,0.533333,0.368932,0.368932,-0.345068,-0.16440099999999996,8,4,5,6,-2,False,False,2,results/transfer_v2/embedding_transfer_summary_v2.csv
mHSC-L,hESC,mlp,precision_at_k,scconcept,0.612,0.315789,0.368932,0.368932,-0.243068,0.053142999999999996,9,10,6,7,-2,False,False,4,results/transfer_v2/embedding_transfer_summary_v2.csv
mHSC-L,hHep,lr,precision_at_k,v4_bias_rec_best,0.593,0.490196,0.529412,0.529412,-0.06358799999999998,0.03921599999999997,6,4,8,8,2,False,False,4,results/transfer_v2/embedding_transfer_summary_v2.csv
mHSC-L,hHep,mlp,precision_at_k,baseline,0.755,0.348315,0.529412,0.529412,-0.225588,0.181097,3,10,1,1,-2,False,False,9,results/transfer_v2/embedding_transfer_summary_v2.csv
mHSC-L,hHep,mlp,precision_at_k,scconcept_encoded,0.578,0.363636,0.529412,0.529412,-0.048587999999999965,0.16577599999999998,9,9,7,7,-2,False,False,2,results/transfer_v2/embedding_transfer_summary_v2.csv
mHSC-L,mDC,lr,precision_at_k,baseline,0.638,0.506024,0.491,0.502,-0.136,-0.015024000000000037,3,6,1,1,-2,False,False,5,results/transfer_v2/embedding_transfer_summary_v2.csv
mHSC-L,mDC,lr,precision_at_k,cl_v6_fair,0.672,0.444444,0.477,0.483,-0.18900000000000006,0.032555999999999974,1,8,2,3,2,True,False,6,results/transfer_v2/embedding_transfer_summary_v2.csv
mHSC-L,mDC,lr,precision_at_k,scGPT_human,0.528,0.550847,0.477,0.455,-0.07300000000000001,-0.073847,10,4,3,8,-2,False,True,2,results/transfer_v2/embedding_transfer_summary_v2.csv
mHSC-L,mDC,mlp,precision_at_k,minus,0.497,0.520548,0.475,0.472,-0.025000000000000022,-0.04554800000000003,9,5,8,7,-2,False,True,3,results/transfer_v2/embedding_transfer_summary_v2.csv
mHSC-L,mESC,mlp,precision_at_k,v4_plain_best,0.551,0.347826,0.875,0.875,0.32399999999999995,0.527174,4,7,5,6,2,False,False,2,results/transfer_v2/embedding_transfer_summary_v2.csv
mHSC-L,mESC,mlp,precision_at_k,v4_type_pe_best,0.548,0.5,0.875,0.875,0.32699999999999996,0.375,5,3,6,7,2,False,False,3,results/transfer_v2/embedding_transfer_summary_v2.csv
mHSC-L,mHSC-E,lr,precision_at_k,cl_v6_fair,0.602,0.602,0.602,0.635,0.03300000000000003,0.0,7,7,7,5,-2,False,False,2,results/transfer_v2/embedding_transfer_summary_v2.csv
mHSC-L,mHSC-E,mlp,precision_at_k,v4_bias_rec_best,0.557,0.557,0.557,0.531,-0.026000000000000023,0.0,5,5,5,7,2,False,False,2,results/transfer_v2/embedding_transfer_summary_v2.csv
hESC,hHep,lr,auprc,cl_v6_fair,0.5774048,0.627809,0.5296379999999999,0.5246046,-0.052800200000000075,-0.09817100000000001,4,3,6,5,1,False,True,3,results/transfer_v2/embedding_transfer_summary_v2.csv
hESC,hHep,lr,auprc,scconcept,0.4987098,0.5406272,0.4885666,0.502189,0.0034792000000000156,-0.05206059999999996,9,6,8,8,-1,False,False,2,results/transfer_v2/embedding_transfer_summary_v2.csv
hESC,hHep,lr,auprc,scconcept_encoded,0.4932866,0.5095,0.478495,0.478287,-0.014999600000000002,-0.03100499999999995,10,8,9,9,-1,False,False,1,results/transfer_v2/embedding_transfer_summary_v2.csv
hESC,hHep,mlp,auprc,cl_v6_fair,0.5745306,0.6239956,0.4892604,0.4874362,-0.08709440000000002,-0.1347352,7,4,8,8,1,False,True,4,results/transfer_v2/embedding_transfer_summary_v2.csv
hESC,hHep,mlp,auprc,minus,0.5967296,0.550293,0.5317116,0.5269438,-0.06978580000000001,-0.01858140000000008,5,8,4,4,-1,False,False,4,results/transfer_v2/embedding_transfer_summary_v2.csv
hESC,hHep,mlp,auprc,scconcept_encoded,0.4658268,0.4951686,0.471322,0.4643986,-0.0014281999999999906,-0.023846599999999996,10,10,10,9,-1,False,False,1,results/transfer_v2/embedding_transfer_summary_v2.csv
hESC,hHep,mlp,auprc,v4_plain_best,0.6137896,0.7089766,0.5365986,0.5290066,-0.08478300000000005,-0.17237799999999992,4,2,3,3,-1,False,True,1,results/transfer_v2/embedding_transfer_summary_v2.csv
hESC,mDC,lr,auprc,baseline,0.5969376,0.5765814,0.578173,0.6884560000000001,0.09151840000000011,0.0015916000000000263,2,3,5,1,-1,False,False,2,results/transfer_v2/embedding_transfer_summary_v2.csv
hESC,mDC,lr,auprc,minus,0.4587302,0.467396,0.5812994,0.4403938,-0.018336399999999975,0.11390340000000004,10,6,4,9,-1,False,False,2,results/transfer_v2/embedding_transfer_summary_v2.csv
hESC,mDC,lr,auprc,v4_bias_rec_best,0.4780272,0.4530098,0.5452372,0.4548398,-0.02318739999999997,0.09222739999999996,9,8,8,8,-1,False,False,1,results/transfer_v2/embedding_transfer_summary_v2.csv
hESC,mDC,lr,auprc,v4_type_pe_best,0.500987,0.4936854,0.5775638,0.5065888000000001,0.005601800000000101,0.08387839999999996,6,5,6,7,1,False,False,1,results/transfer_v2/embedding_transfer_summary_v2.csv
hESC,mDC,mlp,auprc,baseline,0.5387296,0.5614106,0.5415544,0.6514022,0.11267260000000001,-0.01985619999999999,3,2,4,2,-1,False,False,2,results/transfer_v2/embedding_transfer_summary_v2.csv
hESC,mDC,mlp,auprc,minus,0.4246988,0.4810712,0.5327303999999999,0.4266368,0.0019379999999999953,0.05165919999999996,10,5,6,9,-1,False,False,1,results/transfer_v2/embedding_transfer_summary_v2.csv
hESC,mDC,mlp,auprc,scGPT_human,0.5283564000000001,0.4956892,0.6326296,0.6494228,0.12106639999999991,0.13694040000000002,4,4,2,3,-1,False,False,2,results/transfer_v2/embedding_transfer_summary_v2.csv
hESC,mDC,mlp,auprc,v4_bias_rec_best,0.426106,0.34567980000000004,0.49868439999999997,0.4312592,0.005153200000000024,0.15300459999999994,9,10,10,8,-1,False,False,1,results/transfer_v2/embedding_transfer_summary_v2.csv
hESC,mDC,mlp,auprc,v4_type_pe_best,0.5093878,0.460196,0.5338634,0.4698924,-0.03949539999999996,0.0736674,6,7,5,7,1,False,False,2,results/transfer_v2/embedding_transfer_summary_v2.csv
hESC,mESC,mlp,auprc,cl_v6_fair,0.516524,0.471676,0.8974994,0.8967064,0.38018240000000003,0.42582339999999996,7,8,5,8,1,False,False,3,results/transfer_v2/embedding_transfer_summary_v2.csv
hESC,mESC,mlp,auprc,scGPT_human,0.516736,0.49161920000000003,0.8982066,0.897563,0.380827,0.40658739999999993,6,7,3,5,-1,False,False,4,results/transfer_v2/embedding_transfer_summary_v2.csv
hESC,mESC,mlp,auprc,scconcept,0.5134654,0.4947064,0.8968384,0.8954802,0.3820148,0.40213200000000004,9,5,10,10,1,False,False,5,results/transfer_v2/embedding_transfer_summary_v2.csv
hESC,mESC,mlp,auprc,v4_type_pe_best,0.517735,0.599817,0.8969658,0.899147,0.3814120000000001,0.2971488,2,3,9,1,-1,False,False,6,results/transfer_v2/embedding_transfer_summary_v2.csv
hESC,mESC,lr,auprc,v4_type_pe_best,0.5168246,,0.8972076,0.8972816,0.38045700000000005,,8,,9,7,-1,False,False,9,results/transfer_v2/embedding_transfer_summary_v2.csv
hESC,mHSC-E,lr,auprc,scconcept,0.4890924,0.5346172,0.4662062,0.4898362,0.0007438000000000167,-0.068411,10,7,10,9,-1,False,False,3,results/transfer_v2/embedding_transfer_summary_v2.csv
hESC,mHSC-E,lr,auprc,v4_bias_rec_best,0.4964262,0.4284394,0.583599,0.5076942,0.011268,0.15515959999999995,9,10,3,8,-1,False,False,7,results/transfer_v2/embedding_transfer_summary_v2.csv
hESC,mHSC-GM,lr,auprc,scconcept,0.550692,0.4616464,0.4341548,0.440406,-0.11028599999999994,-0.027491600000000005,10,10,10,9,-1,False,False,1,results/transfer_v2/embedding_transfer_summary_v2.csv
hESC,mHSC-GM,mlp,auprc,baseline,0.6999848,0.710989,0.596047,0.5141624,-0.18582239999999994,-0.11494199999999999,6,2,1,7,1,False,False,1,results/transfer_v2/embedding_transfer_summary_v2.csv
hESC,mHSC-GM,mlp,auprc,minus,0.6822197999999999,0.5298773999999999,0.5434224,0.5208654,-0.1613543999999999,0.01354500000000003,7,8,7,6,-1,False,False,1,results/transfer_v2/embedding_transfer_summary_v2.csv
hESC,mHSC-GM,mlp,auprc,scconcept,0.5707252,0.4724234,0.4570508,0.4850912,-0.08563400000000004,-0.015372600000000014,10,10,10,9,-1,False,False,1,results/transfer_v2/embedding_transfer_summary_v2.csv
hESC,mHSC-L,lr,auprc,baseline,0.5928592,0.5803003999999999,0.5411756,0.5430562,-0.04980300000000004,-0.03912479999999996,7,6,7,8,1,False,False,1,results/transfer_v2/embedding_transfer_summary_v2.csv
hESC,mHSC-L,lr,auprc,scGPT_human,0.6328194,0.6482812,0.5581773999999999,0.626262,-0.0065574000000000465,-0.09010380000000007,2,3,5,3,1,False,False,2,results/transfer_v2/embedding_transfer_summary_v2.csv
hESC,mHSC-L,mlp,auprc,v4_type_pe_best,0.6684784,0.5050856,0.5848563999999999,0.6050742,-0.06340420000000002,0.07977079999999992,3,8,3,4,1,False,False,5,results/transfer_v2/embedding_transfer_summary_v2.csv
hHep,hESC,lr,auprc,minus,0.6334954,0.5524502,0.528357,0.5166702,-0.11682520000000007,-0.024093200000000037,6,9,6,5,-1,False,False,3,results/transfer_v2/embedding_transfer_summary_v2.csv
hHep,hESC,lr,auprc,scGPT_human,0.634942,0.6800022,0.5117306,0.5077769999999999,-0.12716500000000008,-0.16827159999999997,5,2,7,6,1,False,True,5,results/transfer_v2/embedding_transfer_summary_v2.csv
hHep,hESC,mlp,auprc,cl_v6_fair,0.659452,0.667992,0.556498,0.5418648,-0.1175872,-0.11149399999999998,4,5,4,5,1,False,False,1,results/transfer_v2/embedding_transfer_summary_v2.csv
hHep,hESC,mlp,auprc,minus,0.668776,0.5754252,0.5551132,0.55082,-0.11795600000000006,-0.020311999999999997,3,10,5,4,1,False,False,5,results/transfer_v2/embedding_transfer_summary_v2.csv
hHep,hESC,mlp,auprc,scGPT_human,0.6538148,0.7137614,0.5292804,0.5284044,-0.12541040000000003,-0.184481,7,2,7,6,-1,False,True,5,results/transfer_v2/embedding_transfer_summary_v2.csv
hHep,hESC,mlp,auprc,scconcept,0.5126446,0.6293618,0.41299579999999997,0.42000519999999997,-0.09263940000000004,-0.216366,10,7,9,9,-1,False,False,2,results/transfer_v2/embedding_transfer_summary_v2.csv
hHep,hESC,mlp,auprc,scconcept_encoded,0.5156474,0.6547316,0.406214,0.3939776,-0.1216698,-0.24851759999999995,9,6,10,10,1,False,False,4,results/transfer_v2/embedding_transfer_summary_v2.csv
hHep,mDC,lr,auprc,cl_v6_fair,0.5420426,0.48117160000000003,0.84044,0.8401854,0.29814279999999993,0.35926839999999993,3,8,2,2,-1,False,False,6,results/transfer_v2/embedding_transfer_summary_v2.csv
hHep,mDC,lr,auprc,v4_plain_best,0.5579972,0.4557562,0.8228296,0.8238792,0.26588200000000006,0.36707340000000005,2,10,5,3,1,False,False,5,results/transfer_v2/embedding_transfer_summary_v2.csv
hHep,mDC,lr,auprc,v4_type_pe_best,0.5069754,0.5167806,0.7844898,0.7836824,0.27670700000000004,0.2677092,7,5,9,8,1,False,True,4,results/transfer_v2/embedding_transfer_summary_v2.csv
hHep,mDC,mlp,auprc,baseline,0.548207,0.4835504,0.8506142,0.8485008,0.30029380000000006,0.3670638,4,9,3,3,-1,False,False,6,results/transfer_v2/embedding_transfer_summary_v2.csv
hHep,mDC,mlp,auprc,cl_v6_fair,0.5830264000000001,0.5032746,0.8835516,0.883458,0.3004315999999999,0.380277,2,8,1,1,-1,False,False,7,results/transfer_v2/embedding_transfer_summary_v2.csv
hHep,mDC,mlp,auprc,scGPT_human,0.5228026,0.6214652,0.8411506,0.8355526,0.31275,0.21968539999999992,7,2,4,6,-1,False,True,2,results/transfer_v2/embedding_transfer_summary_v2.csv
hHep,mDC,mlp,auprc,scconcept_encoded,0.5123864,0.621279,0.7571612,0.7565492,0.2441628,0.13588219999999995,9,3,10,10,1,False,True,7,results/transfer_v2/embedding_transfer_summary_v2.csv
hHep,mESC,lr,auprc,cl_v6_fair,0.5138482,0.557271,0.9343764,0.932186,0.4183378,0.37710540000000004,8,4,1,9,1,False,False,3,results/transfer_v2/embedding_transfer_summary_v2.csv
hHep,mESC,lr,auprc,v4_type_pe_best,0.513952,,0.9322314,0.932301,0.4183490000000001,,7,,10,8,1,False,False,10,results/transfer_v2/embedding_transfer_summary_v2.csv
hHep,mESC,mlp,auprc,baseline,0.512679,0.5566588,0.9323352,0.9323352,0.41965620000000003,0.3756764,8,6,6,7,-1,False,False,1,results/transfer_v2/embedding_transfer_summary_v2.csv
hHep,mESC,mlp,auprc,scconcept,0.5154562,0.5631312,0.9339412,0.9341198,0.4186635999999999,0.37081,1,4,2,2,1,True,False,2,results/transfer_v2/embedding_transfer_summary_v2.csv
hHep,mESC,mlp,auprc,scconcept_encoded,0.5143838,0.4243534,0.9341326,0.9342084,0.4198246000000001,0.5097792,2,9,1,1,-1,False,False,8,results/transfer_v2/embedding_transfer_summary_v2.csv
hHep,mHSC-E,lr,auprc,baseline,0.6473448,0.7848421999999999,0.7917948,0.8680584,0.22071359999999995,0.0069526000000000865,6,1,7,5,-1,False,False,6,results/transfer_v2/embedding_transfer_summary_v2.csv
hHep,mHSC-E,mlp,auprc,baseline,0.729004,0.7717456,0.7977984,0.8372120000000001,0.10820800000000008,0.026052799999999987,5,1,6,6,1,False,False,5,results/transfer_v2/embedding_transfer_summary_v2.csv
hHep,mHSC-E,mlp,auprc,v4_plain_best,0.7356192,0.661936,0.8307592,0.8854612000000001,0.14984200000000003,0.16882320000000006,4,7,3,3,-1,False,False,4,results/transfer_v2/embedding_transfer_summary_v2.csv
hHep,mHSC-L,mlp,auprc,minus,0.6526294,0.633914,0.4150442,0.45744959999999996,-0.19517980000000007,-0.2188698,6,4,4,5,-1,False,False,1,results/transfer_v2/embedding_transfer_summary_v2.csv
hHep,mHSC-L,mlp,auprc,scGPT_human,0.653572,0.6488128,0.38953540000000003,0.4377852,-0.21578680000000006,-0.25927739999999994,5,2,8,6,1,False,True,6,results/transfer_v2/embedding_transfer_summary_v2.csv
mDC,hESC,lr,auprc,cl_scratch_v5,0.4470948,0.4220166,0.217065,0.1959704,-0.2511244,-0.2049516,8,9,8,9,1,False,False,1,results/transfer_v2/embedding_transfer_summary_v2.csv
mDC,hESC,lr,auprc,scGPT_human,0.4772156,0.43019,0.27090759999999997,0.2304564,-0.2467592,-0.15928240000000005,4,7,4,5,1,False,False,3,results/transfer_v2/embedding_transfer_summary_v2.csv
mDC,hESC,mlp,auprc,baseline,0.4318724,0.4536868,0.2314218,0.2523336,-0.1795388,-0.222265,6,5,5,5,-1,False,False,1,results/transfer_v2/embedding_transfer_summary_v2.csv
mDC,hESC,mlp,auprc,cl_scratch_v5,0.4239788,0.4301408,0.2046014,0.2249614,-0.19901739999999998,-0.2255394,8,8,8,9,1,False,False,1,results/transfer_v2/embedding_transfer_summary_v2.csv
mDC,hHep,lr,auprc,scGPT_human,0.47662519999999997,0.4735904,0.4970602,0.46021080000000003,-0.01641439999999994,0.023469799999999985,6,8,7,7,1,False,False,1,results/transfer_v2/embedding_transfer_summary_v2.csv
mDC,hHep,mlp,auprc,minus,0.5020711999999999,0.4135234,0.3577628,0.4401678,-0.06190339999999994,-0.055760599999999994,5,10,8,6,1,False,False,2,results/transfer_v2/embedding_transfer_summary_v2.csv
mDC,hHep,mlp,auprc,v4_bias_rec_best,0.4149658,0.464019,0.3284776,0.319443,-0.09552280000000002,-0.13554140000000003,10,9,9,9,-1,False,False,1,results/transfer_v2/embedding_transfer_summary_v2.csv
mDC,mESC,mlp,auprc,v4_plain_best,0.5143316,0.47513649999999996,0.901925,0.8953869999999999,0.38105539999999993,0.4267885,3,4,1,2,-1,False,False,3,results/transfer_v2/embedding_transfer_summary_v2.csv
mDC,mHSC-E,lr,auprc,scconcept,0.4527022,0.5085415999999999,0.382586,0.4467916,-0.005910599999999988,-0.12595559999999995,7,6,7,6,-1,False,True,1,results/transfer_v2/embedding_transfer_summary_v2.csv
mDC,mHSC-E,mlp,auprc,scconcept,0.44776099999999996,0.5384208,0.4176258,0.4872316,0.03947060000000002,-0.12079500000000004,8,4,9,7,-1,False,True,5,results/transfer_v2/embedding_transfer_summary_v2.csv
mDC,mHSC-E,mlp,auprc,scconcept_encoded,0.4368108,0.4825358,0.3123946,0.2294112,-0.2073996,-0.1701412,9,6,10,10,1,False,False,4,results/transfer_v2/embedding_transfer_summary_v2.csv
mDC,mHSC-E,mlp,auprc,v4_bias_rec_best,0.4667306,0.5979806,0.4830202,0.5492614,0.08253080000000002,-0.11496039999999996,4,1,4,3,-1,False,False,3,results/transfer_v2/embedding_transfer_summary_v2.csv
mDC,mHSC-GM,lr,auprc,minus,0.4664854,0.4882852,0.3407702,0.314747,-0.1517384,-0.14751499999999995,6,6,5,7,1,False,True,1,results/transfer_v2/embedding_transfer_summary_v2.csv
mDC,mHSC-GM,lr,auprc,v4_plain_best,0.4307802,0.40005799999999997,0.3046628,0.3004112,-0.130369,-0.09539519999999996,10,9,10,9,-1,False,False,1,results/transfer_v2/embedding_transfer_summary_v2.csv
mDC,mHSC-GM,mlp,auprc,cl_v6_fair,0.47193999999999997,0.5166528,0.4087692,0.4483908,-0.023549199999999992,-0.10788360000000002,5,6,6,4,-1,False,False,1,results/transfer_v2/embedding_transfer_summary_v2.csv
mDC,mHSC-GM,mlp,auprc,scGPT_human,0.4617162,0.6435644,0.3924134,0.4179014,-0.04381480000000004,-0.251151,6,1,8,5,-1,False,True,7,results/transfer_v2/embedding_transfer_summary_v2.csv
mDC,mHSC-GM,mlp,auprc,scconcept,0.5629914,0.5910124,0.438965,0.4843026,-0.0786888,-0.1520474,1,4,1,2,1,True,False,3,results/transfer_v2/embedding_transfer_summary_v2.csv
mDC,mHSC-GM,mlp,auprc,v4_plain_best,0.4556696,0.4337644,0.3757864,0.3467084,-0.10896119999999998,-0.057977999999999974,8,9,10,9,1,False,False,1,results/transfer_v2/embedding_transfer_summary_v2.csv
mDC,mHSC-L,lr,auprc,cl_v6_fair,0.5030836,0.4658878,0.365846,0.4217346,-0.08134899999999995,-0.10004180000000001,3,5,1,2,-1,False,False,4,results/transfer_v2/embedding_transfer_summary_v2.csv
mDC,mHSC-L,lr,auprc,scGPT_human,0.4612414,0.5635492,0.3414784,0.3573368,-0.10390460000000001,-0.22207079999999996,8,3,7,7,-1,False,False,4,results/transfer_v2/embedding_transfer_summary_v2.csv
mDC,mHSC-L,lr,auprc,v4_type_pe_best,0.4677738,0.38359119999999997,0.3583184,0.3561748,-0.111599,-0.025272799999999984,7,9,3,8,1,False,False,6,results/transfer_v2/embedding_transfer_summary_v2.csv
mDC,mHSC-L,mlp,auprc,v4_plain_best,0.4599626,0.5934456,0.35736439999999997,0.4281768,-0.031785799999999975,-0.23608120000000005,6,2,9,5,-1,False,False,7,results/transfer_v2/embedding_transfer_summary_v2.csv
mESC,hESC,lr,auprc,baseline,0.5073872,,0.3890096,0.384481,-0.12290620000000002,,4,,2,5,1,False,False,2,results/transfer_v2/embedding_transfer_summary_v2.csv
mESC,hESC,lr,auprc,scGPT_human,0.514252,,0.3655474,0.3879432,-0.12630880000000005,,3,,5,4,1,False,False,5,results/transfer_v2/embedding_transfer_summary_v2.csv
mESC,hESC,lr,auprc,scconcept,0.4930604,,0.36044919999999997,0.3642458,-0.1288146,,7,,7,8,1,False,False,7,results/transfer_v2/embedding_transfer_summary_v2.csv
mESC,hESC,lr,auprc,v4_bias_rec_best,0.4823342,,0.3381764,0.330145,-0.15218919999999997,,10,,10,9,-1,False,False,10,results/transfer_v2/embedding_transfer_summary_v2.csv
mESC,hESC,lr,auprc,v4_plain_best,0.4878694,,0.355219,0.3117146,-0.1761548,,9,,9,10,1,False,False,9,results/transfer_v2/embedding_transfer_summary_v2.csv
mESC,hESC,lr,auprc,v4_type_pe_best,0.5220302,0.6345228,0.3804344,0.3928562,-0.129174,-0.25408840000000005,2,1,3,3,1,False,False,2,results/transfer_v2/embedding_transfer_summary_v2.csv
mESC,hHep,lr,auprc,baseline,0.4739198,,0.369085,0.393233,-0.0806868,,8,,10,7,-1,False,False,10,results/transfer_v2/embedding_transfer_summary_v2.csv
mESC,hHep,lr,auprc,cl_scratch_v5,0.5328634,0.4828036,0.4275324,0.4614114,-0.07145199999999996,-0.05527120000000002,3,7,1,2,-1,False,False,6,results/transfer_v2/embedding_transfer_summary_v2.csv
mESC,hHep,lr,auprc,v4_plain_best,0.4921774,,0.4125796,0.4047784,-0.087399,,6,,3,5,-1,False,False,3,results/transfer_v2/embedding_transfer_summary_v2.csv
mESC,mDC,mlp,auprc,cl_v6_fair,0.5153202,0.5233972,0.8808092000000001,0.8607622,0.345442,0.35741200000000006,8,4,9,9,1,False,True,5,results/transfer_v2/embedding_transfer_summary_v2.csv
mESC,mDC,mlp,auprc,minus,0.5196959999999999,0.561819,0.908235,0.9228651999999999,0.4031692,0.34641600000000006,7,2,2,6,-1,False,True,1,results/transfer_v2/embedding_transfer_summary_v2.csv
mESC,mDC,mlp,auprc,scconcept,0.5272738,0.5390338,0.9070288,0.9540292,0.4267554,0.36799499999999996,4,3,3,3,-1,False,True,1,results/transfer_v2/embedding_transfer_summary_v2.csv
mESC,mHSC-GM,mlp,auprc,baseline,0.5138314,0.6083626,0.25799320000000003,0.23448,-0.2793514,-0.35036939999999994,7,1,3,8,1,False,False,2,results/transfer_v2/embedding_transfer_summary_v2.csv
mESC,mHSC-GM,mlp,auprc,v4_type_pe_best,0.5146208,0.4968044,0.2551034,0.3770144,-0.13760639999999996,-0.241701,4,9,5,3,-1,False,False,4,results/transfer_v2/embedding_transfer_summary_v2.csv
mESC,mHSC-L,mlp,auprc,baseline,0.5117904,0.572704,0.36435059999999997,0.3881476,-0.1236428,-0.20835340000000002,3,2,1,4,1,False,False,1,results/transfer_v2/embedding_transfer_summary_v2.csv
mHSC-E,hESC,mlp,auprc,minus,0.6432988,0.6591636000000001,0.3427986,0.366027,-0.27727179999999996,-0.31636500000000006,2,4,5,3,1,False,True,1,results/transfer_v2/embedding_transfer_summary_v2.csv
mHSC-E,hHep,lr,auprc,minus,0.7364664,0.9055154,0.9566544,0.9435426,0.20707620000000004,0.051139000000000046,3,1,1,2,-1,False,False,1,results/transfer_v2/embedding_transfer_summary_v2.csv
mHSC-E,hHep,lr,auprc,scconcept,0.5372936,0.6396858,0.633185,0.6427674,0.10547379999999995,-0.006500799999999973,10,8,10,9,-1,False,False,2,results/transfer_v2/embedding_transfer_summary_v2.csv
mHSC-E,hHep,lr,auprc,scconcept_encoded,0.549966,0.6293492,0.6525654,0.6178086,0.06784260000000009,0.02321619999999991,9,9,9,10,1,False,False,1,results/transfer_v2/embedding_transfer_summary_v2.csv
mHSC-E,hHep,lr,auprc,v4_bias_rec_best,0.7091486,0.8534352000000001,0.8959196,0.9338772,0.22472859999999995,0.04248439999999998,6,2,8,5,-1,False,True,6,results/transfer_v2/embedding_transfer_summary_v2.csv
mHSC-E,hHep,mlp,auprc,scGPT_human,0.7861366,0.7326162,0.9470046,0.9460668,0.15993020000000002,0.21438839999999992,5,7,5,4,-1,False,False,2,results/transfer_v2/embedding_transfer_summary_v2.csv
mHSC-E,hHep,mlp,auprc,v4_type_pe_best,0.7858684,0.8298934,0.9399284,0.934735,0.14886659999999996,0.110035,6,2,7,7,1,False,True,5,results/transfer_v2/embedding_transfer_summary_v2.csv
mHSC-E,mDC,lr,auprc,baseline,0.5300218,0.5893322,0.6030902,0.510458,-0.01956380000000002,0.013758000000000048,6,3,5,7,1,False,False,2,results/transfer_v2/embedding_transfer_summary_v2.csv
mHSC-E,mDC,lr,auprc,cl_v6_fair,0.6187904,0.517986,0.639445,0.6206632,0.0018728000000000078,0.1214590000000001,3,5,4,2,-1,False,False,1,results/transfer_v2/embedding_transfer_summary_v2.csv
mHSC-E,mDC,lr,auprc,v4_type_pe_best,0.581058,0.6786412,0.6684322,0.543057,-0.03800099999999995,-0.010209000000000024,5,1,1,6,1,False,False,1,results/transfer_v2/embedding_transfer_summary_v2.csv
mHSC-E,mDC,mlp,auprc,scconcept,0.5058464,0.49828140000000004,0.4750102,0.49085480000000004,-0.014991599999999994,-0.023271200000000047,7,5,9,8,1,False,False,4,results/transfer_v2/embedding_transfer_summary_v2.csv
mHSC-E,mDC,mlp,auprc,v4_bias_rec_best,0.6056934,0.3111064,0.60777,0.6408964,0.035202999999999984,0.2966636,1,10,2,2,1,True,False,8,results/transfer_v2/embedding_transfer_summary_v2.csv
mHSC-E,mDC,mlp,auprc,v4_type_pe_best,0.5466106000000001,0.5947066000000001,0.574663,0.5040662,-0.04254440000000004,-0.02004360000000005,6,3,4,7,1,False,False,1,results/transfer_v2/embedding_transfer_summary_v2.csv
mHSC-E,mHSC-GM,lr,auprc,cl_scratch_v5,0.6468114,0.6468114,0.6468114,0.650448,0.00363659999999999,0.0,5,5,5,4,-1,False,False,1,results/transfer_v2/embedding_transfer_summary_v2.csv
mHSC-E,mHSC-GM,lr,auprc,minus,0.6607046,0.6607046,0.6607046,0.6359118,-0.024792799999999948,0.0,4,4,4,5,1,False,False,1,results/transfer_v2/embedding_transfer_summary_v2.csv
mHSC-E,mHSC-GM,lr,auprc,scconcept,0.588962,0.588962,0.588962,0.602715,0.013753000000000015,0.0,9,9,9,8,-1,False,False,1,results/transfer_v2/embedding_transfer_summary_v2.csv
mHSC-E,mHSC-GM,lr,auprc,v4_type_pe_best,0.5990538,0.5990538,0.5990538,0.5979088,-0.0011449999999999516,0.0,8,8,8,9,1,False,False,1,results/transfer_v2/embedding_transfer_summary_v2.csv
mHSC-E,mHSC-GM,mlp,auprc,cl_v6_fair,0.6844118,0.6844118,0.6844118,0.6824146,-0.0019972000000000323,0.0,6,6,6,5,-1,False,False,1,results/transfer_v2/embedding_transfer_summary_v2.csv
mHSC-E,mHSC-GM,mlp,auprc,v4_bias_rec_best,0.6771624,0.6771624,0.6771624,0.671056,-0.006106400000000067,0.0,8,8,8,7,-1,False,False,1,results/transfer_v2/embedding_transfer_summary_v2.csv
mHSC-E,mHSC-GM,mlp,auprc,v4_type_pe_best,0.6820248,0.6820248,0.6820248,0.6817598,-0.0002649999999999597,0.0,7,7,7,6,-1,False,False,1,results/transfer_v2/embedding_transfer_summary_v2.csv
mHSC-E,mHSC-L,mlp,auprc,cl_scratch_v5,0.5785547999999999,0.5785547999999999,0.5785547999999999,0.5872174,0.008662600000000076,0.0,8,8,8,7,-1,False,False,1,results/transfer_v2/embedding_transfer_summary_v2.csv
mHSC-E,mHSC-L,mlp,auprc,v4_bias_rec_best,0.5873762,0.5873762,0.5873762,0.5838172,-0.003558999999999979,0.0,7,7,7,8,1,False,False,1,results/transfer_v2/embedding_transfer_summary_v2.csv
mHSC-GM,hESC,lr,auprc,scconcept,0.6030514,0.6076572,0.4239718,0.3279982,-0.2750532,-0.1836854,9,6,9,10,1,False,False,3,results/transfer_v2/embedding_transfer_summary_v2.csv
mHSC-GM,hESC,mlp,auprc,scGPT_human,0.6893078,0.6542422,0.49690300000000004,0.5105326,-0.17877520000000002,-0.15733919999999996,7,7,6,6,-1,False,False,1,results/transfer_v2/embedding_transfer_summary_v2.csv
mHSC-GM,hESC,mlp,auprc,scconcept,0.6072048,0.6279878,0.38690579999999997,0.3425492,-0.2646556,-0.24108200000000002,9,8,10,10,1,False,False,2,results/transfer_v2/embedding_transfer_summary_v2.csv
mHSC-GM,hESC,mlp,auprc,v4_bias_rec_best,0.6984956,0.8050128,0.4438268,0.4665186,-0.231977,-0.36118599999999995,6,3,9,7,1,False,False,6,results/transfer_v2/embedding_transfer_summary_v2.csv
mHSC-GM,hHep,lr,auprc,baseline,0.7201564,0.8290888,0.7805968,0.8875354,0.16737899999999994,-0.04849199999999998,2,2,5,1,-1,False,False,3,results/transfer_v2/embedding_transfer_summary_v2.csv
mHSC-GM,hHep,lr,auprc,cl_v6_fair,0.6001748,0.6913748000000001,0.79343,0.6473058,0.047131000000000034,0.1020551999999999,8,7,4,9,1,False,False,3,results/transfer_v2/embedding_transfer_summary_v2.csv
mHSC-GM,hHep,lr,auprc,minus,0.7005096,0.655732,0.8888348,0.7712017999999999,0.07069219999999998,0.23310280000000005,3,9,1,2,-1,False,False,8,results/transfer_v2/embedding_transfer_summary_v2.csv
mHSC-GM,hHep,lr,auprc,scconcept,0.540893,0.7260354,0.5758362,0.5268314,-0.014061600000000007,-0.15019919999999998,9,5,10,10,1,False,False,5,results/transfer_v2/embedding_transfer_summary_v2.csv
mHSC-GM,hHep,lr,auprc,v4_bias_rec_best,0.6749216,0.8345982000000001,0.777712,0.7281666,0.05324499999999999,-0.05688620000000011,5,1,6,6,1,False,True,5,results/transfer_v2/embedding_transfer_summary_v2.csv
mHSC-GM,hHep,lr,auprc,v4_type_pe_best,0.6966934,0.8050934,0.7117482,0.732023,0.03532959999999996,-0.0933451999999999,4,3,8,5,1,False,False,5,results/transfer_v2/embedding_transfer_summary_v2.csv
mHSC-GM,hHep,mlp,auprc,baseline,0.7693466,0.8306992,0.7003682,0.7552118,-0.014134800000000003,-0.13033099999999997,3,3,7,2,-1,False,False,4,results/transfer_v2/embedding_transfer_summary_v2.csv
mHSC-GM,hHep,mlp,auprc,minus,0.7446584,0.718282,0.8549936,0.747676,0.0030175999999999537,0.13671160000000004,5,9,1,4,-1,False,False,8,results/transfer_v2/embedding_transfer_summary_v2.csv
mHSC-GM,mDC,mlp,auprc,minus,0.5652328,0.5298384,0.5113436,0.5777192,0.012486400000000009,-0.018494800000000033,5,6,10,4,-1,False,False,4,results/transfer_v2/embedding_transfer_summary_v2.csv
mHSC-GM,mESC,mlp,auprc,scconcept,0.5181538,0.373366,0.875,0.875,0.3568462,0.501634,3,6,3,4,1,False,False,3,results/transfer_v2/embedding_transfer_summary_v2.csv
mHSC-GM,mHSC-E,lr,auprc,cl_scratch_v5,0.7065554,0.7065554,0.7065554,0.7029,-0.0036553999999999753,0.0,4,4,4,5,1,False,False,1,results/transfer_v2/embedding_transfer_summary_v2.csv
mHSC-GM,mHSC-E,lr,auprc,minus,0.7347948,0.7347948,0.7347948,0.713418,-0.021376799999999974,0.0,3,3,3,4,1,False,False,1,results/transfer_v2/embedding_transfer_summary_v2.csv
mHSC-GM,mHSC-E,mlp,auprc,v4_plain_best,0.7191736,0.7191736,0.7191736,0.720376,0.0012024000000000479,0.0,6,6,6,5,-1,False,False,1,results/transfer_v2/embedding_transfer_summary_v2.csv
mHSC-GM,mHSC-E,mlp,auprc,v4_type_pe_best,0.7226216,0.7226216,0.7226216,0.7187764,-0.003845199999999993,0.0,5,5,5,6,1,False,False,1,results/transfer_v2/embedding_transfer_summary_v2.csv
mHSC-L,hESC,lr,auprc,baseline,0.6111641999999999,0.6064474,0.501462,0.5176198,-0.09354439999999997,-0.1049854,2,7,4,3,1,False,False,3,results/transfer_v2/embedding_transfer_summary_v2.csv
mHSC-L,hESC,mlp,auprc,scconcept,0.5304738,0.24974960000000002,0.3402172,0.4039678,-0.126506,0.09046759999999998,9,10,10,10,1,False,False,1,results/transfer_v2/embedding_transfer_summary_v2.csv
mHSC-L,hESC,mlp,auprc,v4_plain_best,0.690466,0.6461328,0.5958934,0.485365,-0.20510100000000003,-0.050239399999999934,6,7,1,5,-1,False,False,6,results/transfer_v2/embedding_transfer_summary_v2.csv
mHSC-L,hHep,lr,auprc,scconcept,0.4883186,0.5112418,0.4798712,0.5396607999999999,0.05134219999999995,-0.03137059999999997,10,9,9,9,-1,False,True,1,results/transfer_v2/embedding_transfer_summary_v2.csv
mHSC-L,hHep,lr,auprc,v4_type_pe_best,0.6409201999999999,0.5218132,0.6761655999999999,0.7048216,0.06390140000000011,0.15435239999999995,1,7,3,2,1,True,True,4,results/transfer_v2/embedding_transfer_summary_v2.csv
mHSC-L,hHep,mlp,auprc,scconcept,0.5030358,0.4897544,0.4920904,0.5112566,0.008220799999999917,0.0023360000000000047,10,9,10,9,-1,False,True,1,results/transfer_v2/embedding_transfer_summary_v2.csv
mHSC-L,hHep,mlp,auprc,v4_bias_rec_best,0.72227,0.78545,0.6227566,0.6065334,-0.11573659999999997,-0.1626934,1,1,2,2,1,True,False,1,results/transfer_v2/embedding_transfer_summary_v2.csv
mHSC-L,hHep,mlp,auprc,v4_type_pe_best,0.7091812,0.5969518,0.6440126,0.5829782,-0.12620299999999995,0.047060800000000014,2,7,1,3,1,False,False,6,results/transfer_v2/embedding_transfer_summary_v2.csv
mHSC-L,mDC,lr,auprc,scconcept,0.5196868,0.8648532,0.5086836,0.4671898,-0.052497000000000016,-0.3561696,9,1,6,8,-1,False,True,5,results/transfer_v2/embedding_transfer_summary_v2.csv
mHSC-L,mDC,lr,auprc,v4_plain_best,0.5617052,0.409499,0.5507034,0.4873404,-0.07436480000000001,0.14120439999999995,5,10,3,6,1,False,False,7,results/transfer_v2/embedding_transfer_summary_v2.csv
mHSC-L,mDC,mlp,auprc,v4_plain_best,0.5313352,0.44417,0.6007936,0.5066804,-0.024654799999999977,0.15662360000000003,8,8,6,9,1,False,False,2,results/transfer_v2/embedding_transfer_summary_v2.csv
mHSC-L,mESC,mlp,auprc,minus,0.5203324,0.34324,0.875,0.875,0.35466759999999997,0.53176,2,7,1,1,-1,False,False,6,results/transfer_v2/embedding_transfer_summary_v2.csv
mHSC-L,mHSC-E,lr,auprc,minus,0.5425516,0.5425516,0.5425516,0.553061,0.010509400000000002,0.0,7,7,7,6,-1,False,False,1,results/transfer_v2/embedding_transfer_summary_v2.csv
mHSC-L,mHSC-E,lr,auprc,v4_bias_rec_best,0.49476980000000004,0.49476980000000004,0.49476980000000004,0.5005152,0.005745400000000012,0.0,9,9,9,8,-1,False,False,1,results/transfer_v2/embedding_transfer_summary_v2.csv
mHSC-L,mHSC-E,lr,auprc,v4_type_pe_best,0.5057104,0.5057104,0.5057104,0.4879478,-0.017762600000000017,0.0,8,8,8,9,1,False,False,1,results/transfer_v2/embedding_transfer_summary_v2.csv
mHSC-L,mHSC-E,mlp,auprc,minus,0.6309188,0.6309188,0.6309188,0.6019928,-0.028926000000000007,0.0,1,1,1,2,1,True,False,1,results/transfer_v2/embedding_transfer_summary_v2.csv
mHSC-L,mHSC-E,mlp,auprc,scGPT_human,0.6216418,0.6216418,0.6216418,0.6076028,-0.014039000000000024,0.0,2,2,2,1,-1,False,False,1,results/transfer_v2/embedding_transfer_summary_v2.csv
mHSC-L,mHSC-E,mlp,auprc,v4_plain_best,0.5615638,0.5615638,0.5615638,0.5572512,-0.0043126,0.0,7,7,7,8,1,False,False,1,results/transfer_v2/embedding_transfer_summary_v2.csv
hESC,hHep,lr,auroc,minus,0.5103398,0.554015,0.4893994,0.4981824,-0.012157399999999985,-0.06461560000000005,7,5,8,8,1,False,True,3,results/transfer_v2/embedding_transfer_summary_v2.csv
hESC,hHep,lr,auroc,v4_bias_rec_best,0.5653696,0.5928416,0.5590347999999999,0.5303354,-0.035034200000000015,-0.033806800000000026,3,4,2,4,1,False,False,2,results/transfer_v2/embedding_transfer_summary_v2.csv
hESC,hHep,lr,auroc,v4_plain_best,0.5582952,0.626088,0.552892,0.5331438000000001,-0.025151399999999935,-0.07319599999999993,4,2,3,3,-1,False,False,1,results/transfer_v2/embedding_transfer_summary_v2.csv
hESC,hHep,mlp,auroc,cl_scratch_v5,0.5565824,0.5613606,0.4768528,0.4800022,-0.07658020000000004,-0.08450779999999997,8,8,8,7,-1,False,False,1,results/transfer_v2/embedding_transfer_summary_v2.csv
hESC,mDC,lr,auroc,scconcept_encoded,0.5214226000000001,0.6284822,0.6049442,0.4654088,-0.05601380000000006,-0.023537999999999948,4,1,1,3,-1,False,False,1,results/transfer_v2/embedding_transfer_summary_v2.csv
hESC,mDC,mlp,auroc,v4_bias_rec_best,0.3695902,0.40279339999999997,0.287721,0.2320144,-0.13757579999999997,-0.11507239999999996,9,8,10,10,1,False,False,2,results/transfer_v2/embedding_transfer_summary_v2.csv
hESC,mESC,mlp,auroc,cl_scratch_v5,0.5008902,0.5068184,0.507124,0.5071238,0.006233600000000061,0.00030560000000001697,4,5,4,5,1,False,False,1,results/transfer_v2/embedding_transfer_summary_v2.csv
hESC,mESC,mlp,auroc,cl_v6_fair,0.4995714,0.518818,0.506596,0.503034,0.0034625999999999824,-0.012221999999999955,7,2,5,8,1,False,False,3,results/transfer_v2/embedding_transfer_summary_v2.csv
hESC,mESC,mlp,auroc,minus,0.5016232,0.49889533333333336,0.5029024,0.5110818,0.009458599999999984,0.004007066666666614,2,6,8,3,1,False,False,2,results/transfer_v2/embedding_transfer_summary_v2.csv
hESC,mESC,mlp,auroc,scconcept,0.495549,0.4958678,0.5017152,0.494195,-0.0013540000000000219,0.005847400000000003,9,8,10,10,1,False,False,2,results/transfer_v2/embedding_transfer_summary_v2.csv
hESC,mESC,lr,auroc,minus,0.5024426,,0.508971,0.5065962,0.0041536000000000906,,3,,5,4,1,False,False,5,results/transfer_v2/embedding_transfer_summary_v2.csv
hESC,mESC,lr,auroc,v4_bias_rec_best,0.5023752,,0.507388,0.5063324,0.003957199999999994,,4,,7,5,1,False,False,7,results/transfer_v2/embedding_transfer_summary_v2.csv
hESC,mESC,lr,auroc,v4_type_pe_best,0.4993416,,0.5058046,0.5060688,0.006727199999999989,,8,,9,7,-1,False,False,9,results/transfer_v2/embedding_transfer_summary_v2.csv
hESC,mHSC-E,lr,auroc,baseline,0.5247164,0.4851966,0.5473194,0.520608,-0.004108400000000012,0.062122800000000034,6,8,3,5,-1,False,False,5,results/transfer_v2/embedding_transfer_summary_v2.csv
hESC,mHSC-E,lr,auroc,scconcept_encoded,0.487217,0.5267326,0.41680079999999997,0.2973996,-0.18981740000000002,-0.10993180000000002,8,6,9,9,1,False,True,3,results/transfer_v2/embedding_transfer_summary_v2.csv
hESC,mHSC-E,mlp,auroc,baseline,0.5345022,0.46634939999999997,0.5113974,0.4025898,-0.13191240000000004,0.04504800000000003,7,9,4,8,1,False,False,5,results/transfer_v2/embedding_transfer_summary_v2.csv
hESC,mHSC-GM,lr,auroc,scconcept_encoded,0.5743984,0.5208312,0.6301838,0.6229544,0.048556000000000044,0.10935259999999991,9,9,7,8,-1,False,False,2,results/transfer_v2/embedding_transfer_summary_v2.csv
hESC,mHSC-GM,lr,auroc,v4_plain_best,0.6695662,0.6897294,0.6845856,0.6466218,-0.022944399999999976,-0.005143800000000032,5,4,1,6,1,False,False,3,results/transfer_v2/embedding_transfer_summary_v2.csv
hESC,mHSC-GM,lr,auroc,v4_type_pe_best,0.6711302,0.701695,0.6719516,0.6720588,0.0009285999999999461,-0.029743399999999975,4,3,3,5,1,False,False,1,results/transfer_v2/embedding_transfer_summary_v2.csv
hESC,mHSC-GM,mlp,auroc,scGPT_human,0.7248862,0.559643,0.6451642,0.750619,0.0257328,0.08552119999999996,4,8,9,3,-1,False,False,1,results/transfer_v2/embedding_transfer_summary_v2.csv
hESC,mHSC-GM,mlp,auroc,scconcept,0.5940628,0.5166548,0.5560186,0.54971,-0.04435279999999997,0.03936380000000006,9,10,10,10,1,False,False,1,results/transfer_v2/embedding_transfer_summary_v2.csv
hESC,mHSC-L,lr,auroc,scGPT_human,0.6273794,0.6360556,0.5881206,0.652949,0.02556959999999997,-0.04793500000000006,3,6,5,4,1,False,False,1,results/transfer_v2/embedding_transfer_summary_v2.csv
hHep,hESC,lr,auroc,minus,0.6437828,0.581585,0.6374046,0.6280044,-0.01577839999999997,0.05581959999999997,6,7,6,7,1,False,False,1,results/transfer_v2/embedding_transfer_summary_v2.csv
hHep,hESC,mlp,auroc,v4_plain_best,0.7057192,0.628058,0.7227742,0.7130982,0.007379000000000024,0.09471620000000003,3,7,1,2,-1,False,False,6,results/transfer_v2/embedding_transfer_summary_v2.csv
hHep,hESC,mlp,auroc,v4_type_pe_best,0.704833,0.6723196,0.676953,0.685549,-0.01928400000000008,0.00463340000000001,4,6,6,5,1,False,False,1,results/transfer_v2/embedding_transfer_summary_v2.csv
hHep,mDC,mlp,auroc,baseline,0.5330452,0.5114107999999999,0.6903496,0.689373,0.15632780000000002,0.17893880000000006,5,7,6,6,1,False,False,1,results/transfer_v2/embedding_transfer_summary_v2.csv
hHep,mDC,mlp,auroc,cl_v6_fair,0.5854482,0.5041938,0.8046506,0.8026486,0.21720040000000007,0.30045679999999997,2,8,1,1,-1,False,False,7,results/transfer_v2/embedding_transfer_summary_v2.csv
hHep,mDC,mlp,auroc,minus,0.5397524,0.5208946,0.7108637999999999,0.7103658,0.17061340000000003,0.18996919999999995,3,5,4,4,1,False,False,1,results/transfer_v2/embedding_transfer_summary_v2.csv
hHep,mDC,mlp,auroc,v4_plain_best,0.5361542,0.4196036,0.708364,0.7065546,0.1704004,0.2887604,4,10,5,5,1,False,False,5,results/transfer_v2/embedding_transfer_summary_v2.csv
hHep,mDC,mlp,auroc,v4_type_pe_best,0.48471380000000003,0.4708758,0.622941,0.6220414,0.13732759999999994,0.15206519999999996,9,9,8,8,-1,False,False,1,results/transfer_v2/embedding_transfer_summary_v2.csv
hHep,mESC,lr,auroc,baseline,0.4959442,0.49575759999999996,0.4939392,0.493113,-0.002831199999999978,-0.0018183999999999423,8,3,6,7,-1,False,False,3,results/transfer_v2/embedding_transfer_summary_v2.csv
hHep,mESC,lr,auroc,v4_bias_rec_best,0.4965988,,0.493113,0.49972459999999996,0.0031257999999999564,,4,,8,3,-1,False,False,8,results/transfer_v2/embedding_transfer_summary_v2.csv
hHep,mHSC-E,mlp,auroc,baseline,0.7013842,0.712403,0.7727222,0.788055,0.08667079999999994,0.06031920000000002,8,5,7,7,-1,False,False,2,results/transfer_v2/embedding_transfer_summary_v2.csv
hHep,mHSC-GM,mlp,auroc,v4_bias_rec_best,0.760648,0.7827472,0.7239834,0.8469072,0.08625919999999998,-0.05876379999999992,2,1,1,1,-1,False,False,1,results/transfer_v2/embedding_transfer_summary_v2.csv
hHep,mHSC-L,lr,auroc,v4_bias_rec_best,0.6259242,0.6637454,0.6245662,0.6229412,-0.002983000000000069,-0.03917920000000008,5,2,5,4,-1,False,True,3,results/transfer_v2/embedding_transfer_summary_v2.csv
hHep,mHSC-L,mlp,auroc,v4_plain_best,0.6798728,0.6483168,0.6171854,0.6535294,-0.026343400000000017,-0.03113140000000003,1,3,4,2,1,True,False,1,results/transfer_v2/embedding_transfer_summary_v2.csv
mDC,hESC,lr,auroc,cl_scratch_v5,0.416479,0.4347976,0.4347828,0.3945946,-0.02188439999999997,-1.4799999999981495e-05,8,5,8,9,1,False,True,3,results/transfer_v2/embedding_transfer_summary_v2.csv
mDC,hESC,lr,auroc,scconcept,0.502391,0.479487,0.5178612,0.5099884,0.007597399999999976,0.038374200000000025,3,2,3,2,-1,False,True,1,results/transfer_v2/embedding_transfer_summary_v2.csv
mDC,hESC,mlp,auroc,scGPT_human,0.4917546,0.4820018,0.5531138,0.5099884,0.018233800000000022,0.07111200000000001,2,3,2,3,1,False,False,1,results/transfer_v2/embedding_transfer_summary_v2.csv
mDC,hHep,mlp,auroc,v4_bias_rec_best,0.3392324,0.29227000000000003,0.5067316,0.498735,0.1595026,0.21446159999999992,10,10,9,9,-1,False,False,1,results/transfer_v2/embedding_transfer_summary_v2.csv
mDC,mHSC-E,lr,auroc,baseline,0.4411322,0.5441118,0.5299882,0.5141776,0.07304540000000004,-0.014123600000000014,5,3,5,6,1,False,False,2,results/transfer_v2/embedding_transfer_summary_v2.csv
mDC,mHSC-E,lr,auroc,minus,0.426164,0.4232724,0.461462,0.4818306,0.05566660000000001,0.03818959999999999,8,8,9,9,1,False,False,1,results/transfer_v2/embedding_transfer_summary_v2.csv
mDC,mHSC-E,lr,auroc,v4_bias_rec_best,0.4067188,0.4217898,0.5057846,0.5049834,0.09826459999999998,0.08399480000000004,9,9,6,8,-1,False,False,3,results/transfer_v2/embedding_transfer_summary_v2.csv
mDC,mHSC-E,mlp,auroc,cl_scratch_v5,0.539476,0.4277778,0.6456014,0.626016,0.08654000000000006,0.2178236,2,7,1,3,1,False,False,6,results/transfer_v2/embedding_transfer_summary_v2.csv
mDC,mHSC-E,mlp,auroc,scconcept_encoded,0.4257184,0.3915038,0.3919458,0.3532878,-0.07243060000000001,0.00044199999999999795,9,10,10,10,1,False,False,1,results/transfer_v2/embedding_transfer_summary_v2.csv
mDC,mHSC-GM,lr,auroc,scGPT_human,0.3954602,0.5642414,0.4372184,0.3772348,-0.018225400000000003,-0.127023,9,1,5,10,1,False,True,4,results/transfer_v2/embedding_transfer_summary_v2.csv
mDC,mHSC-GM,lr,auroc,v4_plain_best,0.3704316,0.410547,0.4082126,0.40871240000000003,0.038280800000000004,-0.0023344000000000142,10,6,10,9,-1,False,True,4,results/transfer_v2/embedding_transfer_summary_v2.csv
mDC,mHSC-GM,lr,auroc,v4_type_pe_best,0.424327,0.3820882,0.4356444,0.4349922,0.010665199999999986,0.0535562,6,8,6,7,1,False,True,2,results/transfer_v2/embedding_transfer_summary_v2.csv
mDC,mHSC-GM,mlp,auroc,baseline,0.4294022,0.427408,0.5116224,0.50656,0.0771578,0.08421440000000002,4,10,3,5,1,False,False,7,results/transfer_v2/embedding_transfer_summary_v2.csv
mDC,mHSC-GM,mlp,auroc,cl_scratch_v5,0.439414,0.5669944,0.529856,0.5620986,0.12268459999999998,-0.037138400000000016,3,1,2,2,-1,False,False,1,results/transfer_v2/embedding_transfer_summary_v2.csv
mDC,mHSC-L,mlp,auroc,scconcept,0.49564779999999997,0.4282668,0.49069759999999996,0.4868894,-0.008758399999999944,0.06243079999999995,2,9,5,3,1,False,False,4,results/transfer_v2/embedding_transfer_summary_v2.csv
mESC,hESC,mlp,auroc,baseline,0.4872316,0.5499896,0.496386,0.486094,-0.0011375999999999609,-0.053603599999999973,2,2,3,3,1,False,False,1,results/transfer_v2/embedding_transfer_summary_v2.csv
mESC,hESC,lr,auroc,scconcept,0.48064,,0.46685760000000004,0.46973940000000003,-0.010900599999999983,,7,,8,8,1,False,False,8,results/transfer_v2/embedding_transfer_summary_v2.csv
mESC,hESC,lr,auroc,v4_plain_best,0.4758614,,0.4577324,0.452561,-0.0233004,,8,,9,9,1,False,False,9,results/transfer_v2/embedding_transfer_summary_v2.csv
mESC,hESC,lr,auroc,v4_type_pe_best,0.495749,0.5402102,0.5004442,0.5077638,0.012014799999999992,-0.03976599999999997,3,1,3,2,-1,False,False,2,results/transfer_v2/embedding_transfer_summary_v2.csv
mESC,hHep,mlp,auroc,scGPT_human,0.5076266,0.5004082,0.502206,0.502959,-0.004667599999999994,0.0017978000000000716,1,5,2,2,1,True,False,3,results/transfer_v2/embedding_transfer_summary_v2.csv
mESC,hHep,lr,auroc,scconcept_encoded,0.507392,0.5002616,0.527889,0.5294886,0.022096600000000022,0.02762740000000008,4,3,3,3,-1,False,False,1,results/transfer_v2/embedding_transfer_summary_v2.csv
mESC,hHep,lr,auroc,v4_bias_rec_best,0.43357640000000003,0.4411104,0.453076,0.437426,0.003849599999999953,0.011965599999999965,9,6,9,10,1,False,False,3,results/transfer_v2/embedding_transfer_summary_v2.csv
mESC,hHep,lr,auroc,v4_type_pe_best,0.43628480000000003,0.4105926,0.455185,0.4469904,0.010705599999999982,0.04459240000000003,8,7,8,9,1,False,False,1,results/transfer_v2/embedding_transfer_summary_v2.csv
mESC,mDC,mlp,auroc,cl_v6_fair,0.4857462,0.493043,0.4730952,0.4459148,-0.03983140000000002,-0.019947800000000016,8,5,9,9,1,False,True,4,results/transfer_v2/embedding_transfer_summary_v2.csv
mESC,mDC,mlp,auroc,minus,0.4978338,0.5656088,0.5826432,0.4688312,-0.02900259999999999,0.017034400000000005,7,1,2,6,-1,False,True,1,results/transfer_v2/embedding_transfer_summary_v2.csv
mESC,mDC,mlp,auroc,scconcept,0.5165334,0.4918532,0.554985,0.6395556,0.12302219999999997,0.06313179999999996,3,6,4,2,-1,False,True,2,results/transfer_v2/embedding_transfer_summary_v2.csv
mESC,mDC,mlp,auroc,v4_plain_best,0.501409,0.511363,0.5566482,0.45689300000000005,-0.044515999999999945,0.045285200000000025,6,3,3,7,1,False,True,1,results/transfer_v2/embedding_transfer_summary_v2.csv
mESC,mHSC-E,mlp,auroc,cl_scratch_v5,0.4942066,0.5171618,0.475281,0.5134948,0.019288200000000033,-0.041880799999999996,6,6,7,5,-1,False,False,1,results/transfer_v2/embedding_transfer_summary_v2.csv
mESC,mHSC-E,mlp,auroc,cl_v6_fair,0.495915,0.5111703999999999,0.4890836,0.457333,-0.038582000000000005,-0.022086799999999907,5,7,6,6,1,False,False,1,results/transfer_v2/embedding_transfer_summary_v2.csv
mESC,mHSC-E,mlp,auroc,scGPT_human,0.49340320000000004,0.4688298,0.459063,0.436795,-0.05660820000000005,-0.00976680000000002,7,9,10,8,1,False,False,1,results/transfer_v2/embedding_transfer_summary_v2.csv
mESC,mHSC-E,mlp,auroc,v4_plain_best,0.4923958,0.4842466,0.4732402,0.4184296,-0.07396619999999998,-0.011006400000000027,8,8,8,9,1,False,False,1,results/transfer_v2/embedding_transfer_summary_v2.csv
mESC,mHSC-E,mlp,auroc,v4_type_pe_best,0.4963794,0.5735254,0.5914862,0.5837791999999999,0.08739979999999992,0.0179608,3,1,1,4,1,False,False,1,results/transfer_v2/embedding_transfer_summary_v2.csv
mESC,mHSC-GM,mlp,auroc,baseline,0.5024798,0.5411971999999999,0.5116994,0.5285714,0.026091599999999993,-0.029497799999999907,5,1,5,4,-1,False,False,4,results/transfer_v2/embedding_transfer_summary_v2.csv
mESC,mHSC-GM,mlp,auroc,cl_scratch_v5,0.5012012,0.5077234,0.4988692,0.5038888,0.002687600000000012,-0.008854200000000034,7,4,6,6,-1,False,False,2,results/transfer_v2/embedding_transfer_summary_v2.csv
mESC,mHSC-GM,mlp,auroc,cl_v6_fair,0.51719,0.4993984,0.485447,0.545358,0.02816799999999997,-0.013951400000000003,2,8,9,3,1,False,False,1,results/transfer_v2/embedding_transfer_summary_v2.csv
mESC,mHSC-GM,mlp,auroc,scGPT_human,0.4962624,0.4548954,0.4981346,0.473874,-0.022388399999999975,0.04323919999999998,10,10,7,9,-1,False,False,3,results/transfer_v2/embedding_transfer_summary_v2.csv
mESC,mHSC-GM,mlp,auroc,v4_bias_rec_best,0.4999308,0.4842374,0.5351988,0.4974748,-0.0024560000000000137,0.05096139999999999,8,9,1,7,-1,False,False,8,results/transfer_v2/embedding_transfer_summary_v2.csv
mESC,mHSC-GM,mlp,auroc,v4_plain_best,0.4981196,0.5057858,0.4905624,0.4600378,-0.0380818,-0.015223399999999943,9,5,8,10,1,False,False,3,results/transfer_v2/embedding_transfer_summary_v2.csv
mESC,mHSC-GM,mlp,auroc,v4_type_pe_best,0.5012862,0.5043101999999999,0.5136227999999999,0.527957,0.026670799999999995,0.009312600000000004,6,7,4,5,-1,False,False,3,results/transfer_v2/embedding_transfer_summary_v2.csv
mHSC-E,hESC,lr,auroc,minus,0.645367,0.6487374,0.451498,0.5036438,-0.14172320000000005,-0.1972394,2,2,6,3,1,False,False,4,results/transfer_v2/embedding_transfer_summary_v2.csv
mHSC-E,hESC,mlp,auroc,cl_scratch_v5,0.5920636,0.6523636,0.41336039999999996,0.384383,-0.20768060000000005,-0.23900320000000008,8,4,8,7,-1,False,False,4,results/transfer_v2/embedding_transfer_summary_v2.csv
mHSC-E,hESC,mlp,auroc,v4_type_pe_best,0.620484,0.6085714,0.4519838,0.4780568,-0.14242720000000003,-0.1565876,5,7,4,4,-1,False,False,3,results/transfer_v2/embedding_transfer_summary_v2.csv
mHSC-E,hHep,lr,auroc,v4_bias_rec_best,0.7035736,0.7864102,0.8707132,0.9055556,0.201982,0.08430300000000002,6,2,8,5,-1,False,True,6,results/transfer_v2/embedding_transfer_summary_v2.csv
mHSC-E,hHep,mlp,auroc,scconcept,0.5233282,0.6033968,0.6279492,0.6078532,0.08452499999999996,0.02455240000000003,9,9,10,10,1,False,False,1,results/transfer_v2/embedding_transfer_summary_v2.csv
mHSC-E,hHep,mlp,auroc,scconcept_encoded,0.5147876,0.5346223999999999,0.6471192,0.637174,0.1223864,0.11249680000000006,10,10,9,9,-1,False,False,1,results/transfer_v2/embedding_transfer_summary_v2.csv
mHSC-E,hHep,mlp,auroc,v4_type_pe_best,0.7675346,0.7102037999999999,0.9054867999999999,0.9026404,0.13510580000000005,0.19528299999999998,5,6,7,6,1,False,True,1,results/transfer_v2/embedding_transfer_summary_v2.csv
mHSC-E,mDC,lr,auroc,baseline,0.4974408,0.4936012,0.6331748,0.5322736,0.0348328,0.13957360000000002,7,5,6,8,1,False,False,1,results/transfer_v2/embedding_transfer_summary_v2.csv
mHSC-E,mDC,lr,auroc,cl_v6_fair,0.6200458,0.6397404,0.627603,0.6290158,0.008970000000000034,-0.012137399999999965,2,1,7,3,1,False,True,6,results/transfer_v2/embedding_transfer_summary_v2.csv
mHSC-E,mDC,lr,auroc,scconcept,0.4670846,0.3099394,0.4620204,0.498484,0.031399399999999966,0.15208100000000002,8,9,9,9,1,False,False,1,results/transfer_v2/embedding_transfer_summary_v2.csv
mHSC-E,mDC,mlp,auroc,scconcept,0.46539980000000003,0.3061818,0.4865848,0.5121424,0.04674259999999997,0.18040299999999998,9,10,9,8,-1,False,False,1,results/transfer_v2/embedding_transfer_summary_v2.csv
mHSC-E,mHSC-GM,mlp,auroc,minus,0.6911654,0.6911654,0.6911654,0.6856808,-0.005484600000000062,0.0,4,4,4,5,1,False,False,1,results/transfer_v2/embedding_transfer_summary_v2.csv
mHSC-E,mHSC-GM,mlp,auroc,scGPT_human,0.6975664,0.6975664,0.6975664,0.6995114,0.0019449999999999745,0.0,3,3,3,2,-1,False,False,1,results/transfer_v2/embedding_transfer_summary_v2.csv
mHSC-E,mHSC-GM,mlp,auroc,v4_plain_best,0.7031368,0.7031368,0.7031368,0.6993602,-0.003776600000000019,0.0,2,2,2,3,1,False,False,1,results/transfer_v2/embedding_transfer_summary_v2.csv
mHSC-E,mHSC-GM,mlp,auroc,v4_type_pe_best,0.6876248,0.6876248,0.6876248,0.6916858,0.004060999999999981,0.0,5,5,5,4,-1,False,False,1,results/transfer_v2/embedding_transfer_summary_v2.csv
mHSC-GM,hESC,lr,auroc,cl_v6_fair,0.6621108,0.5188774,0.6319838,0.649069,-0.013041799999999992,0.11310639999999994,4,8,3,3,-1,False,False,5,results/transfer_v2/embedding_transfer_summary_v2.csv
mHSC-GM,hESC,lr,auroc,scconcept,0.604323,0.6550266,0.5131984,0.3498786,-0.25444440000000007,-0.14182819999999996,9,4,8,10,1,False,False,4,results/transfer_v2/embedding_transfer_summary_v2.csv
mHSC-GM,hESC,lr,auroc,v4_bias_rec_best,0.6581662,0.6344828,0.3820244,0.5658143999999999,-0.0923518000000001,-0.2524584,5,5,10,6,1,False,False,5,results/transfer_v2/embedding_transfer_summary_v2.csv
mHSC-GM,hESC,mlp,auroc,baseline,0.7485414,0.7896552,0.608178,0.7182996,-0.030241799999999985,-0.1814772,2,2,4,1,-1,False,False,2,results/transfer_v2/embedding_transfer_summary_v2.csv
mHSC-GM,hESC,mlp,auroc,minus,0.6698742,0.596154,0.49174080000000003,0.4865874,-0.18328679999999997,-0.10441319999999993,8,8,9,9,1,False,False,1,results/transfer_v2/embedding_transfer_summary_v2.csv
mHSC-GM,hESC,mlp,auroc,scconcept,0.6057278,0.6783068,0.46987840000000003,0.38,-0.22572780000000003,-0.20842839999999996,9,6,10,10,1,False,False,4,results/transfer_v2/embedding_transfer_summary_v2.csv
mHSC-GM,hESC,mlp,auroc,v4_bias_rec_best,0.7187042,0.7106897999999999,0.5140082,0.6069126,-0.11179159999999999,-0.1966815999999999,5,5,8,6,1,False,False,3,results/transfer_v2/embedding_transfer_summary_v2.csv
mHSC-GM,hHep,lr,auroc,baseline,0.7419656,0.8045856,0.7825788,0.877812,0.13584640000000003,-0.022006799999999993,2,1,6,1,-1,False,False,5,results/transfer_v2/embedding_transfer_summary_v2.csv
mHSC-GM,hHep,lr,auroc,cl_v6_fair,0.6328996,0.7154668000000001,0.8076816,0.6354252,0.0025256000000000167,0.09221479999999993,8,5,4,9,1,False,False,1,results/transfer_v2/embedding_transfer_summary_v2.csv
mHSC-GM,hHep,lr,auroc,scconcept_encoded,0.5273462,0.4665244,0.5997256,0.652092,0.12474580000000002,0.13320119999999996,9,10,9,8,-1,False,False,1,results/transfer_v2/embedding_transfer_summary_v2.csv
mHSC-GM,hHep,lr,auroc,v4_plain_best,0.6450378,0.650604,0.8512002,0.7572358,0.11219800000000002,0.2005962,7,6,2,6,-1,False,False,4,results/transfer_v2/embedding_transfer_summary_v2.csv
mHSC-GM,hHep,mlp,auroc,baseline,0.8023358,0.8032628,0.7073046000000001,0.7477708,-0.054565000000000086,-0.0959582,4,4,8,5,1,False,False,4,results/transfer_v2/embedding_transfer_summary_v2.csv
mHSC-GM,hHep,mlp,auroc,cl_v6_fair,0.7167572,0.7271998,0.7758916,0.6502401999999999,-0.06651700000000005,0.04869180000000006,8,7,6,9,1,False,False,1,results/transfer_v2/embedding_transfer_summary_v2.csv
mHSC-GM,hHep,mlp,auroc,minus,0.759182,0.681222,0.8500342,0.7617628,0.0025807999999999387,0.16881219999999997,5,9,1,4,-1,False,False,8,results/transfer_v2/embedding_transfer_summary_v2.csv
mHSC-GM,hHep,mlp,auroc,scconcept_encoded,0.5850288,0.5180384,0.5979082,0.6517488,0.06672,0.07986979999999999,9,10,9,8,-1,False,False,1,results/transfer_v2/embedding_transfer_summary_v2.csv
mHSC-GM,hHep,mlp,auroc,v4_bias_rec_best,0.8113056,0.8470908,0.7890948,0.7739258,-0.03737979999999996,-0.05799600000000005,2,2,5,3,1,False,False,3,results/transfer_v2/embedding_transfer_summary_v2.csv
mHSC-GM,mDC,mlp,auroc,v4_bias_rec_best,0.5935884,0.5758806,0.6061442,0.6139444000000001,0.02035600000000004,0.030263600000000057,1,2,3,2,1,True,False,1,results/transfer_v2/embedding_transfer_summary_v2.csv
mHSC-GM,mDC,mlp,auroc,v4_plain_best,0.5911552,0.392163,0.611911,0.5953172,0.004161999999999999,0.219748,2,9,2,3,1,False,False,7,results/transfer_v2/embedding_transfer_summary_v2.csv
mHSC-GM,mESC,mlp,auroc,scconcept,0.5023299999999999,0.5012623333333334,0.5,0.5,-0.0023299999999999432,-0.0012623333333333653,3,5,3,4,1,False,False,2,results/transfer_v2/embedding_transfer_summary_v2.csv
mHSC-GM,mESC,mlp,auroc,v4_plain_best,0.4966098,,0.5,0.5,0.00339020000000001,,8,,6,7,-1,False,False,6,results/transfer_v2/embedding_transfer_summary_v2.csv
mHSC-GM,mHSC-E,lr,auroc,minus,0.7270772,0.7270772,0.7270772,0.6995518000000001,-0.027525399999999922,0.0,3,3,3,4,1,False,False,1,results/transfer_v2/embedding_transfer_summary_v2.csv
mHSC-GM,mHSC-E,lr,auroc,v4_plain_best,0.7170668,0.7170668,0.7170668,0.7431202,0.026053400000000004,0.0,4,4,4,3,-1,False,False,1,results/transfer_v2/embedding_transfer_summary_v2.csv
mHSC-GM,mHSC-E,mlp,auroc,minus,0.7852578,0.7852578,0.7852578,0.7805962,-0.0046616000000000435,0.0,3,3,3,4,1,False,False,1,results/transfer_v2/embedding_transfer_summary_v2.csv
mHSC-GM,mHSC-E,mlp,auroc,v4_plain_best,0.7793338,0.7793338,0.7793338,0.7840038,0.004670000000000063,0.0,4,4,4,3,-1,False,False,1,results/transfer_v2/embedding_transfer_summary_v2.csv
mHSC-L,hESC,lr,auroc,baseline,0.6119092,0.5780938,0.6630768,0.5966804,-0.015228800000000042,0.08498300000000003,3,7,3,4,1,False,False,4,results/transfer_v2/embedding_transfer_summary_v2.csv
mHSC-L,hESC,mlp,auroc,minus,0.6701224,0.4781746,0.5795952,0.545182,-0.12494039999999995,0.10142059999999997,7,9,8,8,1,False,False,1,results/transfer_v2/embedding_transfer_summary_v2.csv
mHSC-L,hESC,mlp,auroc,scconcept,0.5234224,0.34245000000000003,0.434494,0.508583,-0.014839399999999947,0.09204399999999996,9,10,10,10,1,False,False,1,results/transfer_v2/embedding_transfer_summary_v2.csv
mHSC-L,hESC,mlp,auroc,v4_type_pe_best,0.7089266,0.7263158,0.6538462,0.6189474,-0.08997919999999993,-0.07246959999999991,5,4,4,4,-1,False,False,1,results/transfer_v2/embedding_transfer_summary_v2.csv
mHSC-L,hHep,lr,auroc,scconcept,0.4674378,0.48658080000000004,0.396262,0.5037724,0.036334599999999995,-0.09031880000000003,10,10,10,9,-1,False,False,1,results/transfer_v2/embedding_transfer_summary_v2.csv
mHSC-L,hHep,lr,auroc,scconcept_encoded,0.4994244,0.7148572,0.5811386,0.5869342,0.08750979999999997,-0.13371860000000002,7,2,7,8,1,False,True,5,results/transfer_v2/embedding_transfer_summary_v2.csv
mHSC-L,hHep,mlp,auroc,scconcept,0.47873360000000004,0.4483456,0.439712,0.477915,-0.0008186000000000582,-0.008633600000000019,10,10,10,9,-1,False,False,1,results/transfer_v2/embedding_transfer_summary_v2.csv
mHSC-L,hHep,mlp,auroc,v4_type_pe_best,0.7347474,0.6759809999999999,0.7198902,0.6225654,-0.112182,0.04390920000000009,2,6,1,3,1,False,False,5,results/transfer_v2/embedding_transfer_summary_v2.csv
mHSC-L,mDC,lr,auroc,v4_plain_best,0.5220304,0.4776654,0.5390758,0.5105223999999999,-0.011508000000000074,0.061410399999999976,6,10,3,5,-1,False,False,7,results/transfer_v2/embedding_transfer_summary_v2.csv
mHSC-L,mDC,mlp,auroc,minus,0.455348,0.2885712,0.5575754,0.5388016,0.08345360000000002,0.2690042,9,10,8,8,-1,False,False,2,results/transfer_v2/embedding_transfer_summary_v2.csv
mHSC-L,mDC,mlp,auroc,v4_plain_best,0.4945372,0.5474748,0.6074778,0.5113022,0.01676500000000003,0.06000299999999992,8,4,7,9,1,False,False,3,results/transfer_v2/embedding_transfer_summary_v2.csv
mHSC-L,mHSC-E,lr,auroc,v4_bias_rec_best,0.4401176,0.4401176,0.4401176,0.45455219999999996,0.014434599999999964,0.0,10,10,10,9,-1,False,False,1,results/transfer_v2/embedding_transfer_summary_v2.csv
mHSC-L,mHSC-E,mlp,auroc,baseline,0.628979,0.628979,0.628979,0.6315622,0.0025832000000000077,0.0,5,5,5,4,-1,False,False,1,results/transfer_v2/embedding_transfer_summary_v2.csv
mHSC-L,mHSC-E,mlp,auroc,cl_scratch_v5,0.58642,0.58642,0.58642,0.5965004,0.01008039999999999,0.0,8,8,8,7,-1,False,False,1,results/transfer_v2/embedding_transfer_summary_v2.csv
mHSC-L,mHSC-E,mlp,auroc,v4_bias_rec_best,0.6290032,0.6290032,0.6290032,0.6202612,-0.008742000000000028,0.0,4,4,4,5,1,False,False,1,results/transfer_v2/embedding_transfer_summary_v2.csv
mHSC-L,mHSC-E,mlp,auroc,v4_plain_best,0.6047626,0.6047626,0.6047626,0.6074698,0.0027071999999999097,0.0,7,7,7,6,-1,False,False,1,results/transfer_v2/embedding_transfer_summary_v2.csv
hESC,hHep,lr,balanced_accuracy,cl_v6_fair,0.5506142,0.5924288,0.5352572,0.5364574,-0.01415680000000008,-0.05717159999999999,5,3,6,4,-1,False,True,3,results/transfer_v2/embedding_transfer_summary_v2.csv
hESC,hHep,lr,balanced_accuracy,minus,0.5346938,0.5504346,0.5301998,0.5344054,-0.00028839999999996646,-0.020234799999999997,6,5,7,5,-1,False,True,2,results/transfer_v2/embedding_transfer_summary_v2.csv
hESC,hHep,lr,balanced_accuracy,scconcept_encoded,0.4880508,0.475221,0.4823242,0.4836304,-0.004420399999999991,0.007103199999999976,9,10,10,10,1,False,False,1,results/transfer_v2/embedding_transfer_summary_v2.csv
hESC,hHep,lr,balanced_accuracy,v4_plain_best,0.5591864,0.6019905999999999,0.5509184,0.537046,-0.02214039999999995,-0.0510721999999999,4,2,2,3,-1,False,False,1,results/transfer_v2/embedding_transfer_summary_v2.csv
hESC,hHep,mlp,balanced_accuracy,scconcept,0.4891602,0.5214232,0.4963962,0.4991386,0.009978399999999998,-0.025026999999999966,9,9,8,8,-1,False,False,1,results/transfer_v2/embedding_transfer_summary_v2.csv
hESC,hHep,mlp,balanced_accuracy,v4_bias_rec_best,0.5802778000000001,0.5745262,0.5174422,0.5204672,-0.05981060000000005,-0.057084000000000024,4,5,5,5,1,False,True,1,results/transfer_v2/embedding_transfer_summary_v2.csv
hESC,hHep,mlp,balanced_accuracy,v4_type_pe_best,0.6079658,0.6283554,0.5422682,0.5423686,-0.06559720000000002,-0.08608720000000003,1,2,1,2,1,True,False,1,results/transfer_v2/embedding_transfer_summary_v2.csv
hESC,mDC,mlp,balanced_accuracy,cl_scratch_v5,0.4979652,0.4932984,0.4284342,0.4282558,-0.06970939999999998,-0.06486420000000004,5,4,8,6,1,False,True,4,results/transfer_v2/embedding_transfer_summary_v2.csv
hESC,mDC,mlp,balanced_accuracy,v4_type_pe_best,0.4941734,0.4224168,0.4290428,0.4090908,-0.08508260000000001,0.006626000000000021,6,9,7,7,1,False,False,2,results/transfer_v2/embedding_transfer_summary_v2.csv
hESC,mESC,mlp,balanced_accuracy,baseline,0.4982192,0.5,0.5050132,0.5050132,0.006794000000000078,0.005013200000000051,6,1,8,7,1,False,False,7,results/transfer_v2/embedding_transfer_summary_v2.csv
hESC,mESC,mlp,balanced_accuracy,cl_v6_fair,0.4995548,0.5,0.506596,0.506596,0.007041200000000025,0.006596000000000046,2,3,2,1,-1,False,False,1,results/transfer_v2/embedding_transfer_summary_v2.csv
hESC,mESC,mlp,balanced_accuracy,scGPT_human,0.497774,0.493243,0.506596,0.5042217999999999,0.006447799999999948,0.01335300000000006,7,9,4,8,1,False,False,5,results/transfer_v2/embedding_transfer_summary_v2.csv
hESC,mESC,mlp,balanced_accuracy,scconcept,0.495549,0.490991,0.5,0.5,0.004450999999999983,0.00900899999999999,9,10,10,10,1,False,False,1,results/transfer_v2/embedding_transfer_summary_v2.csv
hESC,mESC,mlp,balanced_accuracy,scconcept_encoded,0.495549,0.5,0.5023748,0.5007916,0.005242599999999986,0.0023748000000000102,10,5,9,9,-1,False,False,4,results/transfer_v2/embedding_transfer_summary_v2.csv
hESC,mESC,mlp,balanced_accuracy,v4_plain_best,0.4991096,0.495798,0.506596,0.506596,0.00748640000000006,0.01079800000000003,5,8,6,4,-1,False,False,2,results/transfer_v2/embedding_transfer_summary_v2.csv
hESC,mESC,lr,balanced_accuracy,baseline,0.4982192,,0.5034304,0.502639,0.004419799999999974,,6,,8,7,1,False,False,8,results/transfer_v2/embedding_transfer_summary_v2.csv
hESC,mESC,lr,balanced_accuracy,scGPT_human,0.497774,0.493243,0.5050132,0.5021112,0.0043371999999999855,0.011770200000000064,7,3,7,8,1,False,False,4,results/transfer_v2/embedding_transfer_summary_v2.csv
hESC,mESC,lr,balanced_accuracy,scconcept,0.495549,0.490991,0.5,0.5,0.004450999999999983,0.00900899999999999,10,4,9,9,-1,False,False,5,results/transfer_v2/embedding_transfer_summary_v2.csv
hESC,mESC,lr,balanced_accuracy,scconcept_encoded,0.496439,,0.5,0.5,0.003560999999999981,,9,,10,10,1,False,False,10,results/transfer_v2/embedding_transfer_summary_v2.csv
hESC,mHSC-E,lr,balanced_accuracy,baseline,0.5246396,0.5053378,0.5374958,0.5325448,0.007905200000000057,0.03215800000000002,7,7,3,6,-1,False,False,4,results/transfer_v2/embedding_transfer_summary_v2.csv
hESC,mHSC-E,lr,balanced_accuracy,cl_scratch_v5,0.5377416,0.5377768,0.523601,0.5459678,0.008226199999999961,-0.014175800000000072,5,5,6,4,-1,False,True,1,results/transfer_v2/embedding_transfer_summary_v2.csv
hESC,mHSC-E,lr,balanced_accuracy,v4_plain_best,0.5305178,0.4905554,0.5530784,0.534276,0.003758199999999934,0.062523,6,9,1,5,-1,False,False,8,results/transfer_v2/embedding_transfer_summary_v2.csv
hESC,mHSC-E,mlp,balanced_accuracy,scconcept,0.4978658,0.48656320000000003,0.4971446,0.4690612,-0.028804600000000014,0.010581399999999963,9,8,8,8,-1,False,True,1,results/transfer_v2/embedding_transfer_summary_v2.csv
hESC,mHSC-GM,lr,balanced_accuracy,cl_scratch_v5,0.6363632,0.5701232,0.5890826,0.7185898,0.08222659999999993,0.01895939999999996,2,6,6,1,-1,False,False,1,results/transfer_v2/embedding_transfer_summary_v2.csv
hESC,mHSC-GM,mlp,balanced_accuracy,cl_scratch_v5,0.662996,0.581457,0.6145532,0.6879122,0.024916199999999944,0.03309620000000002,2,4,4,1,-1,False,False,1,results/transfer_v2/embedding_transfer_summary_v2.csv
hESC,mHSC-GM,mlp,balanced_accuracy,minus,0.6339704,0.5378376,0.5810688,0.5565788,-0.0773916,0.043231200000000025,8,7,8,9,1,False,False,1,results/transfer_v2/embedding_transfer_summary_v2.csv
hESC,mHSC-GM,mlp,balanced_accuracy,scGPT_human,0.6425866,0.5082472,0.5546367999999999,0.6214454,-0.02114119999999997,0.04638959999999992,5,8,9,4,-1,False,False,1,results/transfer_v2/embedding_transfer_summary_v2.csv
hESC,mHSC-L,mlp,balanced_accuracy,cl_scratch_v5,0.616966,0.5695236,0.5616578,0.5992262,-0.017739799999999972,-0.007865800000000034,3,4,5,4,1,False,False,1,results/transfer_v2/embedding_transfer_summary_v2.csv
hESC,mHSC-L,mlp,balanced_accuracy,scconcept,0.5167847999999999,0.5097016,0.5012926,0.5210188,0.004234000000000071,-0.008409,10,9,10,9,-1,False,False,1,results/transfer_v2/embedding_transfer_summary_v2.csv
hESC,mHSC-L,mlp,balanced_accuracy,v4_type_pe_best,0.6200414,0.5148893999999999,0.5668966,0.6230388,0.002997400000000039,0.05200720000000003,1,8,2,2,1,True,False,6,results/transfer_v2/embedding_transfer_summary_v2.csv
hHep,hESC,lr,balanced_accuracy,minus,0.5620104,0.5236556,0.5584364,0.557926,-0.004084399999999988,0.034780800000000056,5,7,6,6,1,False,False,1,results/transfer_v2/embedding_transfer_summary_v2.csv
hHep,hESC,mlp,balanced_accuracy,baseline,0.5669834,0.5762929999999999,0.5489766,0.5453666,-0.02161679999999999,-0.027316399999999907,1,2,2,2,1,True,False,1,results/transfer_v2/embedding_transfer_summary_v2.csv
hHep,hESC,mlp,balanced_accuracy,cl_v6_fair,0.5362132,0.5322936,0.5325352,0.535274,-0.0009391999999999179,0.00024159999999995296,4,5,6,5,1,False,False,1,results/transfer_v2/embedding_transfer_summary_v2.csv
hHep,hESC,mlp,balanced_accuracy,scGPT_human,0.531898,0.5319194,0.5111136000000001,0.513112,-0.01878599999999997,-0.020805799999999985,7,6,8,8,1,False,False,2,results/transfer_v2/embedding_transfer_summary_v2.csv
hHep,mDC,lr,balanced_accuracy,cl_v6_fair,0.5092358,0.4902362,0.5334192,0.533399,0.02416319999999994,0.04318299999999997,6,7,7,7,1,False,False,1,results/transfer_v2/embedding_transfer_summary_v2.csv
hHep,mDC,lr,balanced_accuracy,v4_type_pe_best,0.4897862,0.4686816,0.5115256,0.511825,0.02203879999999997,0.04284400000000005,8,9,9,9,1,False,False,1,results/transfer_v2/embedding_transfer_summary_v2.csv
hHep,mDC,mlp,balanced_accuracy,minus,0.5178966,0.506062,0.5405146,0.5400914,0.02219479999999996,0.034452599999999944,4,8,3,3,-1,False,False,5,results/transfer_v2/embedding_transfer_summary_v2.csv
hHep,mDC,mlp,balanced_accuracy,scconcept,0.5095154,0.5225757999999999,0.521783,0.5212302,0.011714800000000025,-0.0007927999999999269,6,3,7,7,1,False,True,4,results/transfer_v2/embedding_transfer_summary_v2.csv
hHep,mESC,lr,balanced_accuracy,baseline,0.4991098,0.5,0.5,0.5,0.0008902000000000077,0.0,3,2,2,2,-1,False,False,1,results/transfer_v2/embedding_transfer_summary_v2.csv
hHep,mESC,lr,balanced_accuracy,cl_v6_fair,0.4991098,0.4930848,0.5,0.5,0.0008902000000000077,0.00691520000000001,4,4,3,3,-1,False,False,1,results/transfer_v2/embedding_transfer_summary_v2.csv
hHep,mESC,lr,balanced_accuracy,minus,0.4991098,,0.5,0.5,0.0008902000000000077,,5,,4,4,-1,False,False,4,results/transfer_v2/embedding_transfer_summary_v2.csv
hHep,mESC,lr,balanced_accuracy,scconcept_encoded,0.5,,0.504132,0.5024792,0.0024792000000000147,,2,,1,1,-1,False,False,1,results/transfer_v2/embedding_transfer_summary_v2.csv
hHep,mESC,mlp,balanced_accuracy,scconcept,0.5,0.5,0.5,0.5,0.0,0.0,5,4,4,4,-1,False,False,1,results/transfer_v2/embedding_transfer_summary_v2.csv
hHep,mESC,mlp,balanced_accuracy,v4_type_pe_best,0.5,0.5,0.4944904,0.493113,-0.0068869999999999765,-0.005509600000000003,9,8,9,10,1,False,False,1,results/transfer_v2/embedding_transfer_summary_v2.csv
hHep,mHSC-E,lr,balanced_accuracy,v4_bias_rec_best,0.5801164,0.5906364,0.6953288,0.6568826,0.0767662,0.10469240000000002,7,7,8,8,1,False,False,1,results/transfer_v2/embedding_transfer_summary_v2.csv
hHep,mHSC-E,mlp,balanced_accuracy,v4_type_pe_best,0.6257545999999999,0.6956214,0.7069604,0.743478,0.11772340000000003,0.011339000000000099,4,2,6,3,-1,False,False,4,results/transfer_v2/embedding_transfer_summary_v2.csv
hHep,mHSC-GM,lr,balanced_accuracy,minus,0.593984,0.6107214,0.5295708,0.582149,-0.011834999999999929,-0.08115059999999996,4,4,9,3,-1,False,True,5,results/transfer_v2/embedding_transfer_summary_v2.csv
hHep,mHSC-GM,lr,balanced_accuracy,v4_bias_rec_best,0.6035032,0.6212612,0.543393,0.5677833999999999,-0.03571980000000008,-0.07786819999999994,3,3,6,4,1,False,True,3,results/transfer_v2/embedding_transfer_summary_v2.csv
hHep,mHSC-GM,mlp,balanced_accuracy,v4_bias_rec_best,0.6221812,0.662473,0.5292068,0.551063,-0.07111820000000002,-0.1332662,2,1,9,3,1,False,True,8,results/transfer_v2/embedding_transfer_summary_v2.csv
hHep,mHSC-L,lr,balanced_accuracy,cl_v6_fair,0.5750824,0.6006554,0.5083868,0.5334824,-0.04159999999999997,-0.09226859999999992,1,4,6,2,1,True,True,2,results/transfer_v2/embedding_transfer_summary_v2.csv
hHep,mHSC-L,lr,balanced_accuracy,minus,0.5617786,0.6080124,0.5036430000000001,0.5136102,-0.0481684,-0.10436939999999995,5,3,8,6,1,False,True,5,results/transfer_v2/embedding_transfer_summary_v2.csv
hHep,mHSC-L,lr,balanced_accuracy,v4_type_pe_best,0.5647878,0.6314721999999999,0.526835,0.525608,-0.03917979999999999,-0.10463719999999987,3,1,2,4,1,False,True,1,results/transfer_v2/embedding_transfer_summary_v2.csv
hHep,mHSC-L,mlp,balanced_accuracy,scconcept,0.5044964,0.4715118,0.4854514,0.4714284,-0.03306799999999993,0.013939599999999996,10,10,10,9,-1,False,False,1,results/transfer_v2/embedding_transfer_summary_v2.csv
hHep,mHSC-L,mlp,balanced_accuracy,scconcept_encoded,0.5235646,0.5373512,0.500321,0.4650824,-0.05848220000000004,-0.03703020000000001,9,7,8,10,1,False,False,1,results/transfer_v2/embedding_transfer_summary_v2.csv
mDC,hESC,lr,balanced_accuracy,cl_scratch_v5,0.427959,0.439514,0.4859578,0.4487662,0.020807200000000026,0.04644379999999998,7,5,7,8,1,False,False,2,results/transfer_v2/embedding_transfer_summary_v2.csv
mDC,hESC,lr,balanced_accuracy,v4_bias_rec_best,0.438856,0.37829260000000003,0.495417,0.476322,0.037466,0.11712439999999996,6,9,5,5,-1,False,False,4,results/transfer_v2/embedding_transfer_summary_v2.csv
mDC,hESC,mlp,balanced_accuracy,v4_type_pe_best,0.4470576,0.397446,0.4407168,0.4734678,0.026410199999999995,0.0432708,7,10,8,8,1,False,False,2,results/transfer_v2/embedding_transfer_summary_v2.csv
mDC,hHep,lr,balanced_accuracy,cl_v6_fair,0.4791362,0.4295624,0.5343526000000001,0.5367622,0.057625999999999955,0.10479020000000006,4,8,6,5,1,False,False,2,results/transfer_v2/embedding_transfer_summary_v2.csv
mDC,mHSC-E,lr,balanced_accuracy,v4_bias_rec_best,0.4515694,0.44226180000000004,0.5148739999999999,0.5115166,0.05994719999999998,0.0726121999999999,7,9,5,6,-1,False,False,4,results/transfer_v2/embedding_transfer_summary_v2.csv
mDC,mHSC-E,mlp,balanced_accuracy,scGPT_human,0.4864476,0.4943188,0.5518984,0.556287,0.0698394,0.05757960000000001,4,5,4,5,1,False,False,1,results/transfer_v2/embedding_transfer_summary_v2.csv
mDC,mHSC-E,mlp,balanced_accuracy,scconcept,0.453248,0.5065046,0.5253523999999999,0.5308904,0.0776424,0.01884779999999997,9,3,8,8,-1,False,False,5,results/transfer_v2/embedding_transfer_summary_v2.csv
mDC,mHSC-GM,lr,balanced_accuracy,scGPT_human,0.42983,0.5242226,0.4700418,0.4363244,0.006494400000000011,-0.05418079999999997,9,2,4,10,1,False,True,2,results/transfer_v2/embedding_transfer_summary_v2.csv
mDC,mHSC-GM,lr,balanced_accuracy,scconcept,0.5271734,0.5408658,0.5093022,0.5375252,0.010351800000000022,-0.031563599999999914,1,1,1,2,1,True,False,1,results/transfer_v2/embedding_transfer_summary_v2.csv
mDC,mHSC-GM,lr,balanced_accuracy,v4_bias_rec_best,0.455748,0.4677602,0.4415094,0.4499998,-0.005748199999999981,-0.02625080000000002,7,6,8,6,-1,False,True,2,results/transfer_v2/embedding_transfer_summary_v2.csv
mDC,mHSC-GM,lr,balanced_accuracy,v4_plain_best,0.4188016,0.430948,0.4303934,0.4404848,0.021683200000000014,-0.0005546000000000162,10,9,9,9,-1,False,False,1,results/transfer_v2/embedding_transfer_summary_v2.csv
mDC,mHSC-GM,mlp,balanced_accuracy,baseline,0.472495,0.4922086,0.515855,0.5043158,0.03182079999999998,0.023646399999999956,5,6,6,6,1,False,False,1,results/transfer_v2/embedding_transfer_summary_v2.csv
mDC,mHSC-GM,mlp,balanced_accuracy,scconcept,0.5333606,0.516526,0.5447418,0.5578372,0.02447660000000007,0.028215800000000013,1,3,1,2,1,True,False,2,results/transfer_v2/embedding_transfer_summary_v2.csv
mDC,mHSC-GM,mlp,balanced_accuracy,v4_bias_rec_best,0.44340219999999997,0.5076388000000001,0.5087392,0.4616924,0.018290200000000034,0.0011003999999998904,10,4,8,9,-1,False,True,4,results/transfer_v2/embedding_transfer_summary_v2.csv
mDC,mHSC-L,lr,balanced_accuracy,cl_v6_fair,0.4904678,0.473886,0.481796,0.5393166,0.048848800000000026,0.007910000000000028,3,4,4,2,-1,False,False,1,results/transfer_v2/embedding_transfer_summary_v2.csv
mDC,mHSC-L,mlp,balanced_accuracy,v4_plain_best,0.4756434,0.5001755999999999,0.4753618,0.4970562,0.02141280000000001,-0.02481379999999994,5,2,10,6,1,False,False,8,results/transfer_v2/embedding_transfer_summary_v2.csv
mESC,hESC,mlp,balanced_accuracy,baseline,0.4733162,0.5004238,0.496386,0.486094,0.012777800000000006,-0.00403779999999998,2,4,3,3,1,False,False,1,results/transfer_v2/embedding_transfer_summary_v2.csv
mESC,hESC,lr,balanced_accuracy,baseline,0.4926182,,0.51195,0.5076298,0.015011600000000014,,5,,2,4,-1,False,False,2,results/transfer_v2/embedding_transfer_summary_v2.csv
mESC,hESC,lr,balanced_accuracy,cl_v6_fair,0.5084386,,0.5149642,0.5184874,0.01004880000000008,,2,,1,1,-1,False,False,1,results/transfer_v2/embedding_transfer_summary_v2.csv
mESC,hESC,lr,balanced_accuracy,scconcept,0.4680124,,0.4671264,0.46167179999999997,-0.0063406000000000295,,8,,8,9,1,False,False,8,results/transfer_v2/embedding_transfer_summary_v2.csv
mESC,hESC,lr,balanced_accuracy,v4_bias_rec_best,0.4651864,,0.4308784,0.4333334,-0.03185300000000002,,9,,10,10,1,False,False,10,results/transfer_v2/embedding_transfer_summary_v2.csv
mESC,hHep,mlp,balanced_accuracy,scGPT_human,0.5077972,0.49925759999999997,0.502219,0.502959,-0.004838199999999904,0.002961400000000003,1,5,2,2,1,True,False,3,results/transfer_v2/embedding_transfer_summary_v2.csv
mESC,hHep,lr,balanced_accuracy,cl_scratch_v5,0.519933,0.5128306,0.549127,0.551917,0.03198400000000001,0.036296400000000006,1,2,1,2,1,True,False,1,results/transfer_v2/embedding_transfer_summary_v2.csv
mESC,hHep,lr,balanced_accuracy,scGPT_human,0.514803,0.5222414,0.493628,0.5459160000000001,0.031113000000000057,-0.028613399999999956,2,1,4,3,1,False,False,3,results/transfer_v2/embedding_transfer_summary_v2.csv
mESC,hHep,lr,balanced_accuracy,v4_bias_rec_best,0.438883,0.4369132,0.4616944,0.4467048,0.00782179999999999,0.024781200000000003,10,7,9,9,-1,False,False,2,results/transfer_v2/embedding_transfer_summary_v2.csv
mESC,hHep,lr,balanced_accuracy,v4_type_pe_best,0.4619112,0.4448228,0.4661126,0.45711260000000004,-0.004798599999999986,0.02128979999999997,7,6,8,8,1,False,False,2,results/transfer_v2/embedding_transfer_summary_v2.csv
mESC,mDC,mlp,balanced_accuracy,baseline,0.5197115999999999,0.4746028,0.5029648,0.5144928,-0.005218799999999968,0.028362,3,9,2,2,-1,False,False,7,results/transfer_v2/embedding_transfer_summary_v2.csv
mESC,mDC,mlp,balanced_accuracy,minus,0.5071882,0.4987168,0.4966834,0.490909,-0.016279199999999994,-0.0020334000000000185,6,4,4,5,-1,False,True,1,results/transfer_v2/embedding_transfer_summary_v2.csv
mESC,mDC,mlp,balanced_accuracy,scGPT_human,0.507884,0.4715754,0.493206,0.48860760000000003,-0.01927639999999997,0.0216306,5,10,6,6,1,False,False,4,results/transfer_v2/embedding_transfer_summary_v2.csv
mESC,mDC,mlp,balanced_accuracy,v4_plain_best,0.503289,0.5009252,0.4933568,0.468932,-0.03435699999999997,-0.007568399999999975,7,3,5,8,1,False,True,2,results/transfer_v2/embedding_transfer_summary_v2.csv
mESC,mHSC-E,mlp,balanced_accuracy,scconcept_encoded,0.4847144,0.4639754,0.5043466,0.4930312,0.008316800000000013,0.040371199999999996,10,10,3,9,-1,False,False,7,results/transfer_v2/embedding_transfer_summary_v2.csv
mESC,mHSC-GM,mlp,balanced_accuracy,baseline,0.5021266,0.5104684,0.4975746,0.5083334,0.006206800000000068,-0.012893800000000066,6,2,5,5,-1,False,False,3,results/transfer_v2/embedding_transfer_summary_v2.csv
mESC,mHSC-GM,mlp,balanced_accuracy,scconcept_encoded,0.5200922,0.5063946,0.5149702,0.5260714,0.005979199999999962,0.008575600000000017,1,4,2,2,1,True,False,2,results/transfer_v2/embedding_transfer_summary_v2.csv
mHSC-E,hESC,lr,balanced_accuracy,cl_scratch_v5,0.550992,0.554091,0.4511334,0.4562554,-0.09473660000000006,-0.10295759999999998,8,6,7,7,-1,False,False,1,results/transfer_v2/embedding_transfer_summary_v2.csv
mHSC-E,hESC,lr,balanced_accuracy,v4_plain_best,0.6039408,0.5397896,0.5280162,0.4945344,-0.10940640000000007,-0.011773399999999934,4,7,1,3,-1,False,False,6,results/transfer_v2/embedding_transfer_summary_v2.csv
mHSC-E,hESC,mlp,balanced_accuracy,cl_scratch_v5,0.578469,0.6211818,0.4525912,0.4421914,-0.1362776,-0.16859059999999998,7,3,8,8,1,False,False,5,results/transfer_v2/embedding_transfer_summary_v2.csv
mHSC-E,hESC,mlp,balanced_accuracy,minus,0.6143224,0.6111112,0.4531984,0.46332,-0.15100240000000004,-0.15791279999999996,2,4,6,3,1,False,False,2,results/transfer_v2/embedding_transfer_summary_v2.csv
mHSC-E,hHep,mlp,balanced_accuracy,baseline,0.6799304,0.6203234000000001,0.7864196,0.801852,0.12192159999999996,0.16609619999999992,7,7,8,6,-1,False,False,1,results/transfer_v2/embedding_transfer_summary_v2.csv
mHSC-E,hHep,mlp,balanced_accuracy,cl_scratch_v5,0.7296058,0.7106698,0.8328704,0.8084876,0.0788818,0.12220059999999999,1,1,2,2,1,True,False,1,results/transfer_v2/embedding_transfer_summary_v2.csv
mHSC-E,hHep,mlp,balanced_accuracy,minus,0.687052,0.636786,0.827315,0.8054014,0.11834940000000005,0.19052900000000006,5,6,3,4,-1,False,False,3,results/transfer_v2/embedding_transfer_summary_v2.csv
mHSC-E,hHep,mlp,balanced_accuracy,scconcept,0.5127154,0.5616848,0.5782408,0.5700616,0.0573461999999999,0.016556000000000015,9,9,10,10,1,False,False,1,results/transfer_v2/embedding_transfer_summary_v2.csv
mHSC-E,hHep,mlp,balanced_accuracy,scconcept_encoded,0.5089026,0.5155748,0.6075616,0.6012344000000001,0.09233180000000007,0.09198680000000004,10,10,9,9,-1,False,False,1,results/transfer_v2/embedding_transfer_summary_v2.csv
mHSC-E,mDC,lr,balanced_accuracy,scconcept,0.4809738,0.41078800000000004,0.49251,0.49493360000000003,0.013959800000000022,0.08172199999999996,8,10,9,9,1,False,False,1,results/transfer_v2/embedding_transfer_summary_v2.csv
mHSC-E,mDC,mlp,balanced_accuracy,v4_bias_rec_best,0.5519304,0.4441612,0.5863718,0.5859882,0.034057799999999916,0.14221060000000002,1,8,2,2,1,True,False,6,results/transfer_v2/embedding_transfer_summary_v2.csv
mHSC-E,mESC,mlp,balanced_accuracy,scGPT_human,0.497774,,0.5,0.5,0.0022260000000000058,,4,,2,3,-1,False,False,2,results/transfer_v2/embedding_transfer_summary_v2.csv
mHSC-E,mESC,mlp,balanced_accuracy,scconcept,0.4982194,0.5,0.5,0.5,0.001780600000000021,0.0,3,3,3,4,1,False,False,1,results/transfer_v2/embedding_transfer_summary_v2.csv
mHSC-E,mESC,mlp,balanced_accuracy,v4_bias_rec_best,0.496884,,,0.5,0.0031160000000000077,,6,,,5,-1,False,False,1,results/transfer_v2/embedding_transfer_summary_v2.csv
mHSC-E,mESC,mlp,balanced_accuracy,v4_plain_best,0.496439,,,0.5,0.003560999999999981,,7,,,6,-1,False,False,1,results/transfer_v2/embedding_transfer_summary_v2.csv
mHSC-E,mESC,mlp,balanced_accuracy,v4_type_pe_best,0.496439,,,0.5,0.003560999999999981,,8,,,7,-1,False,False,1,results/transfer_v2/embedding_transfer_summary_v2.csv
mHSC-E,mHSC-GM,lr,balanced_accuracy,cl_v6_fair,0.576302,0.576302,0.576302,0.5780714,0.001769400000000032,0.0,7,7,7,6,-1,False,False,1,results/transfer_v2/embedding_transfer_summary_v2.csv
mHSC-E,mHSC-GM,lr,balanced_accuracy,minus,0.602804,0.602804,0.602804,0.5993304,-0.0034735999999999656,0.0,3,3,3,4,1,False,False,1,results/transfer_v2/embedding_transfer_summary_v2.csv
mHSC-E,mHSC-GM,lr,balanced_accuracy,v4_bias_rec_best,0.5763864,0.5763864,0.5763864,0.5768134,0.0004270000000000662,0.0,6,6,6,7,1,False,False,1,results/transfer_v2/embedding_transfer_summary_v2.csv
mHSC-E,mHSC-GM,lr,balanced_accuracy,v4_plain_best,0.602703,0.602703,0.602703,0.6012578,-0.0014452000000000353,0.0,4,4,4,3,-1,False,False,1,results/transfer_v2/embedding_transfer_summary_v2.csv
mHSC-E,mHSC-L,lr,balanced_accuracy,v4_bias_rec_best,0.5329344,0.5329344,0.5329344,0.5281066,-0.004827800000000049,0.0,7,7,7,8,1,False,False,1,results/transfer_v2/embedding_transfer_summary_v2.csv
mHSC-E,mHSC-L,lr,balanced_accuracy,v4_type_pe_best,0.52445,0.52445,0.52445,0.5285382,0.004088199999999986,0.0,8,8,8,7,-1,False,False,1,results/transfer_v2/embedding_transfer_summary_v2.csv
mHSC-E,mHSC-L,mlp,balanced_accuracy,baseline,0.5780242,0.5780242,0.5780242,0.5791284,0.0011041999999999996,0.0,1,1,1,2,1,True,False,1,results/transfer_v2/embedding_transfer_summary_v2.csv
mHSC-E,mHSC-L,mlp,balanced_accuracy,cl_scratch_v5,0.5433704,0.5433704,0.5433704,0.549555,0.0061845999999999846,0.0,7,7,7,6,-1,False,False,1,results/transfer_v2/embedding_transfer_summary_v2.csv
mHSC-E,mHSC-L,mlp,balanced_accuracy,minus,0.5768522,0.5768522,0.5768522,0.5801854,0.003333199999999925,0.0,2,2,2,1,-1,False,False,1,results/transfer_v2/embedding_transfer_summary_v2.csv
mHSC-E,mHSC-L,mlp,balanced_accuracy,v4_bias_rec_best,0.5493484000000001,0.5493484000000001,0.5493484000000001,0.5436826,-0.005665800000000054,0.0,6,6,6,7,1,False,False,1,results/transfer_v2/embedding_transfer_summary_v2.csv
mHSC-GM,hESC,lr,balanced_accuracy,scGPT_human,0.6143236,0.5925695999999999,0.5601615999999999,0.5179354,-0.09638819999999992,-0.03240799999999999,7,5,4,8,1,False,False,1,results/transfer_v2/embedding_transfer_summary_v2.csv
mHSC-GM,hESC,lr,balanced_accuracy,scconcept,0.589685,0.6100530000000001,0.517004,0.4770446,-0.11264040000000003,-0.09304900000000005,9,4,9,10,1,False,False,5,results/transfer_v2/embedding_transfer_summary_v2.csv
mHSC-GM,hESC,mlp,balanced_accuracy,cl_v6_fair,0.66377,0.4857142,0.598421,0.6104858,-0.053284200000000004,0.1127068,2,9,2,1,-1,False,False,7,results/transfer_v2/embedding_transfer_summary_v2.csv
mHSC-GM,hESC,mlp,balanced_accuracy,scconcept,0.557022,0.5915344,0.507409,0.4810122,-0.07600980000000002,-0.08412540000000002,9,6,10,10,1,False,False,4,results/transfer_v2/embedding_transfer_summary_v2.csv
mHSC-GM,hESC,mlp,balanced_accuracy,v4_plain_best,0.6454432,0.4771562,0.6027532,0.5826318,-0.06281139999999996,0.12559700000000001,4,10,1,3,-1,False,False,9,results/transfer_v2/embedding_transfer_summary_v2.csv
mHSC-GM,hHep,lr,balanced_accuracy,baseline,0.6774086,0.6781746,0.6680556,0.6916666,0.014257999999999993,-0.010118999999999989,2,4,5,1,-1,False,False,1,results/transfer_v2/embedding_transfer_summary_v2.csv
mHSC-GM,hHep,lr,balanced_accuracy,cl_v6_fair,0.5969728,0.654,0.684568,0.519136,-0.07783679999999993,0.03056799999999993,7,5,4,8,1,False,False,1,results/transfer_v2/embedding_transfer_summary_v2.csv
mHSC-GM,hHep,lr,balanced_accuracy,minus,0.6590336,0.590611,0.7649692,0.5935184,-0.0655152,0.17435820000000002,3,8,1,4,1,False,False,7,results/transfer_v2/embedding_transfer_summary_v2.csv
mHSC-GM,hHep,lr,balanced_accuracy,v4_bias_rec_best,0.6489853999999999,0.723077,0.6554014,0.5495,-0.09948539999999995,-0.06767559999999995,5,2,6,6,1,False,True,4,results/transfer_v2/embedding_transfer_summary_v2.csv
mHSC-GM,hHep,mlp,balanced_accuracy,cl_scratch_v5,0.6570256,0.6498836,0.5800928000000001,0.527932,-0.12909360000000003,-0.06979079999999993,6,6,4,5,-1,False,False,2,results/transfer_v2/embedding_transfer_summary_v2.csv
mHSC-GM,hHep,mlp,balanced_accuracy,cl_v6_fair,0.64949,0.6726668,0.5692902,0.5211422,-0.1283478,-0.10337660000000004,7,5,5,6,-1,False,False,1,results/transfer_v2/embedding_transfer_summary_v2.csv
mHSC-GM,hHep,mlp,balanced_accuracy,v4_type_pe_best,0.7267564,0.6938492,0.6299384,0.5294752,-0.19728119999999993,-0.06391080000000005,3,3,1,4,1,False,False,2,results/transfer_v2/embedding_transfer_summary_v2.csv
mHSC-GM,mDC,lr,balanced_accuracy,scconcept_encoded,0.4957414,0.524402,0.535556,0.5303034,0.03456199999999998,0.011153999999999997,5,2,3,6,1,False,False,1,results/transfer_v2/embedding_transfer_summary_v2.csv
mHSC-GM,mDC,mlp,balanced_accuracy,minus,0.5167008,0.47682240000000004,0.4821152,0.5521192,0.03541840000000007,0.005292799999999986,4,7,10,5,1,False,True,3,results/transfer_v2/embedding_transfer_summary_v2.csv
mHSC-GM,mDC,mlp,balanced_accuracy,scconcept,0.4924384,0.4953908,0.5080318,0.4925408,0.00010240000000000249,0.012641000000000013,8,5,9,9,1,False,True,4,results/transfer_v2/embedding_transfer_summary_v2.csv
mHSC-GM,mESC,mlp,balanced_accuracy,scconcept_encoded,0.4991098,0.5,0.5,0.5,0.0008902000000000077,0.0,4,5,4,5,1,False,False,1,results/transfer_v2/embedding_transfer_summary_v2.csv
mHSC-GM,mESC,mlp,balanced_accuracy,v4_type_pe_best,0.4986644,0.5,0.5,0.5,0.0013355999999999923,0.0,7,7,7,8,1,False,False,1,results/transfer_v2/embedding_transfer_summary_v2.csv
mHSC-GM,mHSC-E,lr,balanced_accuracy,cl_scratch_v5,0.6442734,0.6442734,0.6442734,0.6278874,-0.01638600000000001,0.0,4,4,4,5,1,False,False,1,results/transfer_v2/embedding_transfer_summary_v2.csv
mHSC-GM,mHSC-E,lr,balanced_accuracy,minus,0.6512091999999999,0.6512091999999999,0.6512091999999999,0.6381982,-0.013010999999999884,0.0,3,3,3,4,1,False,False,1,results/transfer_v2/embedding_transfer_summary_v2.csv
mHSC-GM,mHSC-E,lr,balanced_accuracy,v4_bias_rec_best,0.6171324,0.6171324,0.6171324,0.6092803999999999,-0.007852000000000081,0.0,8,8,8,7,-1,False,False,1,results/transfer_v2/embedding_transfer_summary_v2.csv
mHSC-GM,mHSC-E,lr,balanced_accuracy,v4_type_pe_best,0.6232052,0.6232052,0.6232052,0.6231294,-7.579999999995923e-05,0.0,7,7,7,6,-1,False,False,1,results/transfer_v2/embedding_transfer_summary_v2.csv
mHSC-GM,mHSC-E,mlp,balanced_accuracy,v4_plain_best,0.642329,0.642329,0.642329,0.6519372,0.009608199999999956,0.0,5,5,5,4,-1,False,False,1,results/transfer_v2/embedding_transfer_summary_v2.csv
mHSC-GM,mHSC-E,mlp,balanced_accuracy,v4_type_pe_best,0.648243,0.648243,0.648243,0.6411171999999999,-0.007125800000000071,0.0,4,4,4,5,1,False,False,1,results/transfer_v2/embedding_transfer_summary_v2.csv
mHSC-L,hESC,mlp,balanced_accuracy,baseline,0.7007676,0.5860598,0.5983402,0.565749,-0.1350186000000001,0.012280399999999969,1,7,3,2,1,True,False,4,results/transfer_v2/embedding_transfer_summary_v2.csv
mHSC-L,hESC,mlp,balanced_accuracy,scGPT_human,0.6055606,0.6424108,0.517004,0.5044532,-0.10110739999999996,-0.12540679999999993,8,4,9,9,1,False,True,5,results/transfer_v2/embedding_transfer_summary_v2.csv
mHSC-L,hESC,mlp,balanced_accuracy,scconcept,0.5295318,0.3991454,0.4638464,0.5036842,-0.02584759999999997,0.06470100000000001,9,10,10,10,1,False,False,1,results/transfer_v2/embedding_transfer_summary_v2.csv
mHSC-L,hESC,mlp,balanced_accuracy,v4_bias_rec_best,0.695314,0.7564286,0.5887046,0.5876114,-0.10770259999999998,-0.16772399999999998,2,1,4,1,-1,False,True,3,results/transfer_v2/embedding_transfer_summary_v2.csv
mHSC-L,hESC,mlp,balanced_accuracy,v4_type_pe_best,0.64693,0.6479998,0.542429,0.5429554,-0.10397460000000003,-0.10557079999999996,6,3,6,5,-1,False,True,3,results/transfer_v2/embedding_transfer_summary_v2.csv
mHSC-L,hHep,lr,balanced_accuracy,baseline,0.578875,0.4998886,0.6307098,0.5723766,-0.006498400000000015,0.13082119999999997,3,8,3,4,1,False,False,5,results/transfer_v2/embedding_transfer_summary_v2.csv
mHSC-L,mDC,lr,balanced_accuracy,baseline,0.520438,0.5497678,0.542839,0.5686336,0.048195600000000005,-0.006928800000000068,3,2,1,2,-1,False,False,1,results/transfer_v2/embedding_transfer_summary_v2.csv
mHSC-L,mDC,lr,balanced_accuracy,minus,0.5118444,0.5069174000000001,0.483224,0.5108756,-0.0009687999999999919,-0.023693400000000087,5,6,10,4,-1,False,False,4,results/transfer_v2/embedding_transfer_summary_v2.csv
mHSC-L,mDC,lr,balanced_accuracy,scGPT_human,0.4690352,0.5183166,0.5221958,0.480398,0.011362800000000006,0.0038791999999999716,10,5,2,9,-1,False,False,3,results/transfer_v2/embedding_transfer_summary_v2.csv
mHSC-L,mDC,mlp,balanced_accuracy,cl_v6_fair,0.5465276,0.4342308,0.5851418,0.5513336,0.004805999999999977,0.15091100000000007,2,9,3,3,1,False,False,6,results/transfer_v2/embedding_transfer_summary_v2.csv
mHSC-L,mDC,mlp,balanced_accuracy,v4_type_pe_best,0.5039318,0.4871796,0.6045428,0.539637,0.03570519999999999,0.11736320000000006,6,7,1,5,-1,False,False,6,results/transfer_v2/embedding_transfer_summary_v2.csv
mHSC-L,mHSC-E,lr,balanced_accuracy,cl_v6_fair,0.5214764000000001,0.5214764000000001,0.5214764000000001,0.5380572,0.01658079999999995,0.0,5,5,5,4,-1,False,False,1,results/transfer_v2/embedding_transfer_summary_v2.csv
mHSC-L,mHSC-E,lr,balanced_accuracy,minus,0.5112751999999999,0.5112751999999999,0.5112751999999999,0.5113366,6.140000000010026e-05,0.0,7,7,7,6,-1,False,False,1,results/transfer_v2/embedding_transfer_summary_v2.csv
mHSC-L,mHSC-E,lr,balanced_accuracy,scconcept_encoded,0.5183872,0.5183872,0.5183872,0.5269294,0.008542199999999944,0.0,6,6,6,5,-1,False,False,1,results/transfer_v2/embedding_transfer_summary_v2.csv
mHSC-L,mHSC-E,mlp,balanced_accuracy,cl_scratch_v5,0.5275334,0.5275334,0.5275334,0.5413462,0.013812799999999958,0.0,8,8,8,7,-1,False,False,1,results/transfer_v2/embedding_transfer_summary_v2.csv
mHSC-L,mHSC-E,mlp,balanced_accuracy,cl_v6_fair,0.5438476,0.5438476,0.5438476,0.5480338,0.004186200000000029,0.0,6,6,6,5,-1,False,False,1,results/transfer_v2/embedding_transfer_summary_v2.csv
mHSC-L,mHSC-E,mlp,balanced_accuracy,v4_bias_rec_best,0.5549716,0.5549716,0.5549716,0.544979,-0.009992600000000018,0.0,5,5,5,6,1,False,False,1,results/transfer_v2/embedding_transfer_summary_v2.csv
mHSC-L,mHSC-E,mlp,balanced_accuracy,v4_plain_best,0.5277382,0.5277382,0.5277382,0.5268958,-0.0008424000000000209,0.0,7,7,7,8,1,False,False,1,results/transfer_v2/embedding_transfer_summary_v2.csv
hESC,hHep,lr,f1,cl_scratch_v5,0.36124639999999997,0.3620726,0.3527568,0.33383219999999997,-0.0274142,-0.00931580000000004,8,9,7,7,-1,False,False,2,results/transfer_v2/embedding_transfer_summary_v2.csv
hESC,hHep,lr,f1,cl_v6_fair,0.45442099999999996,0.4994184,0.3778556,0.3682458,-0.08617519999999995,-0.12156279999999997,5,4,6,6,1,False,True,2,results/transfer_v2/embedding_transfer_summary_v2.csv
hESC,hHep,lr,f1,scconcept,0.27915239999999997,0.262227,0.2023178,0.2232284,-0.055923999999999974,-0.059909199999999996,10,10,10,9,-1,False,False,1,results/transfer_v2/embedding_transfer_summary_v2.csv
hESC,hHep,lr,f1,scconcept_encoded,0.3590616,0.3927274,0.28616980000000003,0.3051016,-0.05396000000000001,-0.10655759999999997,9,8,8,8,-1,False,False,1,results/transfer_v2/embedding_transfer_summary_v2.csv
hESC,hHep,mlp,f1,baseline,0.5019522,0.5060714,0.3301088,0.3410378,-0.16091439999999996,-0.17596259999999997,4,4,5,5,1,False,False,1,results/transfer_v2/embedding_transfer_summary_v2.csv
hESC,hHep,mlp,f1,cl_scratch_v5,0.3749572,0.3893056,0.256874,0.2549824,-0.11997479999999999,-0.13243159999999998,8,8,8,7,-1,False,False,1,results/transfer_v2/embedding_transfer_summary_v2.csv
hESC,hHep,mlp,f1,cl_v6_fair,0.4076848,0.45923959999999997,0.2591914,0.244198,-0.16348680000000002,-0.20004819999999995,7,6,7,8,1,False,False,1,results/transfer_v2/embedding_transfer_summary_v2.csv
hESC,hHep,mlp,f1,v4_bias_rec_best,0.5144512,0.5644006,0.3488298,0.354777,-0.1596742,-0.2155708,2,1,3,3,1,False,False,2,results/transfer_v2/embedding_transfer_summary_v2.csv
hESC,hHep,mlp,f1,v4_plain_best,0.5180006,0.5594504,0.376217,0.37855679999999997,-0.13944380000000006,-0.1832334,1,2,2,2,1,True,False,1,results/transfer_v2/embedding_transfer_summary_v2.csv
hESC,hHep,mlp,f1,v4_type_pe_best,0.5133582,0.5051172,0.3431496,0.3508162,-0.16254199999999996,-0.16196760000000004,3,5,4,4,1,False,False,1,results/transfer_v2/embedding_transfer_summary_v2.csv
hESC,mDC,lr,f1,v4_plain_best,0.407327,0.4273336,0.11381039999999999,0.126031,-0.281296,-0.3135232,7,7,7,6,-1,False,False,1,results/transfer_v2/embedding_transfer_summary_v2.csv
hESC,mDC,mlp,f1,baseline,0.4937988,0.4797832,0.1400662,0.1454962,-0.3483026,-0.33971700000000005,3,3,5,2,-1,False,False,2,results/transfer_v2/embedding_transfer_summary_v2.csv
hESC,mDC,mlp,f1,minus,0.257368,0.2727644,0.1071038,0.0300124,-0.2273556,-0.16566060000000002,10,8,7,9,-1,False,False,1,results/transfer_v2/embedding_transfer_summary_v2.csv
hESC,mDC,mlp,f1,scconcept,0.2981394,0.1934408,0.0009029999999999999,0.0,-0.2981394,-0.1925378,9,10,10,10,1,False,False,1,results/transfer_v2/embedding_transfer_summary_v2.csv
hESC,mDC,mlp,f1,scconcept_encoded,0.5296646,0.63829,0.6086882,0.49914159999999996,-0.030523000000000078,-0.02960180000000001,2,1,1,1,-1,False,False,1,results/transfer_v2/embedding_transfer_summary_v2.csv
hESC,mESC,mlp,f1,baseline,0.6788632,0.754438,0.0198248,0.0198248,-0.6590384,-0.7346132000000001,6,2,8,7,1,False,False,6,results/transfer_v2/embedding_transfer_summary_v2.csv
hESC,mESC,mlp,f1,cl_v6_fair,0.6800638,0.632124,0.026042,0.026042,-0.6540218,-0.606082,2,8,2,1,-1,False,False,6,results/transfer_v2/embedding_transfer_summary_v2.csv
hESC,mESC,mlp,f1,scGPT_human,0.678463,0.65618,0.026042,0.0167162,-0.6617468000000001,-0.630138,7,6,4,8,1,False,False,2,results/transfer_v2/embedding_transfer_summary_v2.csv
hESC,mESC,mlp,f1,scconcept,0.676456,0.655639,0.0,0.0,-0.676456,-0.655639,9,7,10,10,1,False,False,3,results/transfer_v2/embedding_transfer_summary_v2.csv
hESC,mESC,mlp,f1,scconcept_encoded,0.676456,0.764045,0.009424199999999999,0.0031414,-0.6733146,-0.7546208,10,1,9,9,-1,False,True,8,results/transfer_v2/embedding_transfer_summary_v2.csv
hESC,mESC,mlp,f1,v4_plain_best,0.6796636,0.657382,0.026042,0.026042,-0.6536216,-0.63134,5,5,6,4,-1,False,False,1,results/transfer_v2/embedding_transfer_summary_v2.csv
hESC,mESC,lr,f1,baseline,0.6788632,,0.0136076,0.010499,-0.6683642,,6,,8,7,1,False,False,8,results/transfer_v2/embedding_transfer_summary_v2.csv
hESC,mESC,lr,f1,scGPT_human,0.678463,0.65618,0.0198248,0.008399199999999999,-0.6700638,-0.6363552,7,2,7,8,1,False,False,5,results/transfer_v2/embedding_transfer_summary_v2.csv
hESC,mESC,lr,f1,scconcept,0.676456,0.655639,0.0,0.0,-0.676456,-0.655639,10,3,9,9,-1,False,False,6,results/transfer_v2/embedding_transfer_summary_v2.csv
hESC,mESC,lr,f1,scconcept_encoded,0.6772587999999999,,0.0,0.0,-0.6772587999999999,,9,,10,10,1,False,False,10,results/transfer_v2/embedding_transfer_summary_v2.csv
hESC,mHSC-E,lr,f1,cl_scratch_v5,0.43631960000000003,0.5164453999999999,0.2867958,0.447204,0.01088439999999996,-0.22964959999999995,2,5,5,1,-1,False,True,1,results/transfer_v2/embedding_transfer_summary_v2.csv
hESC,mHSC-E,lr,f1,scGPT_human,0.3842514,0.43277140000000003,0.2032608,0.2299458,-0.15430560000000001,-0.22951060000000004,5,7,8,6,1,False,True,1,results/transfer_v2/embedding_transfer_summary_v2.csv
hESC,mHSC-E,mlp,f1,scGPT_human,0.3672976,0.4244502,0.1185706,0.145448,-0.2218496,-0.30587960000000003,7,5,9,8,1,False,True,4,results/transfer_v2/embedding_transfer_summary_v2.csv
hESC,mHSC-GM,mlp,f1,cl_scratch_v5,0.6341928,0.4123222,0.5160748,0.5063416,-0.12785120000000005,0.10375259999999992,2,7,2,3,1,False,False,5,results/transfer_v2/embedding_transfer_summary_v2.csv
hESC,mHSC-GM,mlp,f1,cl_v6_fair,0.655512,0.3432064,0.5582621999999999,0.5217644,-0.13374759999999997,0.2150557999999999,1,8,1,2,1,True,False,7,results/transfer_v2/embedding_transfer_summary_v2.csv
hESC,mHSC-L,mlp,f1,v4_bias_rec_best,0.5329579999999999,0.4024998,0.4280758,0.4341144,-0.09884359999999992,0.025575999999999988,5,7,4,6,1,False,False,3,results/transfer_v2/embedding_transfer_summary_v2.csv
hESC,mHSC-L,mlp,f1,v4_plain_best,0.4753892,0.4289284,0.3896382,0.39130980000000004,-0.08407939999999997,-0.0392902,8,6,7,7,-1,False,False,1,results/transfer_v2/embedding_transfer_summary_v2.csv
hESC,mHSC-L,mlp,f1,v4_type_pe_best,0.5589812,0.1051098,0.4478796,0.48350519999999997,-0.07547599999999999,0.3427698,3,10,3,4,1,False,False,7,results/transfer_v2/embedding_transfer_summary_v2.csv
hHep,hESC,lr,f1,cl_v6_fair,0.3702446,0.2235028,0.3768896,0.3474008,-0.02284379999999997,0.1533868,4,9,3,3,-1,False,False,6,results/transfer_v2/embedding_transfer_summary_v2.csv
hHep,hESC,lr,f1,scconcept_encoded,0.3003526,0.4053526,0.24892,0.2360138,-0.06433880000000003,-0.1564326,9,4,9,10,1,False,True,5,results/transfer_v2/embedding_transfer_summary_v2.csv
hHep,hESC,mlp,f1,baseline,0.3286024,0.3164134,0.2592294,0.25019800000000003,-0.07840439999999999,-0.05718400000000001,1,4,3,2,1,True,False,1,results/transfer_v2/embedding_transfer_summary_v2.csv
hHep,hESC,mlp,f1,cl_scratch_v5,0.2435588,0.28765640000000003,0.2092158,0.2183998,-0.025158999999999987,-0.07844060000000003,8,5,7,7,-1,False,False,2,results/transfer_v2/embedding_transfer_summary_v2.csv
hHep,hESC,mlp,f1,cl_v6_fair,0.2371778,0.15872440000000002,0.1950932,0.199721,-0.037456799999999985,0.03636879999999998,9,10,9,8,-1,False,False,1,results/transfer_v2/embedding_transfer_summary_v2.csv
hHep,hESC,mlp,f1,scconcept,0.2771156,0.4052104,0.2243818,0.2271182,-0.049997400000000025,-0.18082860000000003,4,3,5,5,1,False,True,2,results/transfer_v2/embedding_transfer_summary_v2.csv
hHep,mDC,mlp,f1,v4_plain_best,0.2728764,0.0867206,0.141648,0.141648,-0.13122840000000002,0.0549274,8,10,9,9,1,False,False,1,results/transfer_v2/embedding_transfer_summary_v2.csv
hHep,mESC,lr,f1,scconcept,0.1352912,0.0,0.0,0.0,-0.1352912,0.0,6,4,7,7,1,False,False,3,results/transfer_v2/embedding_transfer_summary_v2.csv
hHep,mESC,lr,f1,v4_bias_rec_best,0.1352912,,0.0,0.0,-0.1352912,,7,,8,8,1,False,False,8,results/transfer_v2/embedding_transfer_summary_v2.csv
hHep,mESC,lr,f1,v4_plain_best,0.1352912,0.0043716,0.0,0.0,-0.1352912,-0.0043716,8,2,9,9,1,False,False,7,results/transfer_v2/embedding_transfer_summary_v2.csv
hHep,mESC,lr,f1,v4_type_pe_best,0.1352912,,0.0,0.0,-0.1352912,,9,,10,10,1,False,False,10,results/transfer_v2/embedding_transfer_summary_v2.csv
hHep,mESC,mlp,f1,baseline,0.0,0.0,0.38340040000000003,0.7668008000000001,0.7668008000000001,0.38340040000000003,2,3,5,3,1,False,False,2,results/transfer_v2/embedding_transfer_summary_v2.csv
hHep,mESC,mlp,f1,scconcept_encoded,0.0,0.0,0.0032786000000000004,0.0152706,0.0152706,0.0032786000000000004,7,6,7,6,-1,False,False,1,results/transfer_v2/embedding_transfer_summary_v2.csv
hHep,mHSC-E,lr,f1,scGPT_human,0.458083,0.48276040000000003,0.674598,0.6441948,0.18611179999999994,0.1918376,8,6,4,7,-1,False,False,2,results/transfer_v2/embedding_transfer_summary_v2.csv
hHep,mHSC-E,lr,f1,v4_bias_rec_best,0.4594696,0.325042,0.6145638,0.6069713999999999,0.14750179999999996,0.2895218,7,8,8,8,1,False,False,1,results/transfer_v2/embedding_transfer_summary_v2.csv
hHep,mHSC-E,mlp,f1,scGPT_human,0.4814112,0.5191662,0.6845996,0.638741,0.15732980000000002,0.16543339999999995,6,5,1,7,1,False,False,4,results/transfer_v2/embedding_transfer_summary_v2.csv
hHep,mHSC-E,mlp,f1,scconcept,0.392589,0.3310672,0.322651,0.1914296,-0.20115940000000002,-0.008416199999999985,9,8,10,10,1,False,False,2,results/transfer_v2/embedding_transfer_summary_v2.csv
hHep,mHSC-E,mlp,f1,scconcept_encoded,0.371204,0.3981156,0.3633434,0.3827056,0.0115016,-0.03477220000000003,10,7,9,9,-1,False,False,2,results/transfer_v2/embedding_transfer_summary_v2.csv
hHep,mHSC-GM,lr,f1,minus,0.480099,0.4767128,0.126119,0.28483840000000005,-0.19526059999999995,-0.35059379999999996,4,4,10,3,-1,False,True,6,results/transfer_v2/embedding_transfer_summary_v2.csv
hHep,mHSC-GM,lr,f1,scconcept,0.4301262,0.065657,0.1871902,0.20868040000000002,-0.2214458,0.12153320000000001,5,10,6,6,1,False,False,4,results/transfer_v2/embedding_transfer_summary_v2.csv
hHep,mHSC-GM,lr,f1,v4_plain_best,0.3775294,0.291721,0.1719446,0.014285800000000001,-0.3632436,-0.1197764,9,5,8,10,1,False,True,3,results/transfer_v2/embedding_transfer_summary_v2.csv
hHep,mHSC-GM,mlp,f1,scconcept_encoded,0.4253816,0.112683,0.3024912,0.18906420000000002,-0.2363174,0.1898082,4,9,1,5,1,False,False,8,results/transfer_v2/embedding_transfer_summary_v2.csv
hHep,mHSC-L,lr,f1,scconcept,0.366702,0.0791604,0.1614246,0.1578584,-0.20884359999999996,0.0822642,6,10,2,5,-1,False,False,8,results/transfer_v2/embedding_transfer_summary_v2.csv
hHep,mHSC-L,mlp,f1,scconcept,0.3063682,0.1259832,0.1256016,0.1012286,-0.20513959999999998,-0.00038159999999998195,4,9,2,3,-1,False,False,7,results/transfer_v2/embedding_transfer_summary_v2.csv
hHep,mHSC-L,mlp,f1,scconcept_encoded,0.3128606,0.563155,0.1984296,0.128561,-0.18429959999999998,-0.3647254,2,1,1,1,-1,False,False,1,results/transfer_v2/embedding_transfer_summary_v2.csv
mDC,hESC,lr,f1,cl_scratch_v5,0.3289668,0.2847718,0.3133426,0.3172048,-0.011761999999999995,0.028570800000000007,6,5,6,7,1,False,False,1,results/transfer_v2/embedding_transfer_summary_v2.csv
mDC,hESC,lr,f1,v4_bias_rec_best,0.3075884,0.171198,0.320028,0.259759,-0.047829399999999966,0.14883,8,9,5,9,1,False,False,4,results/transfer_v2/embedding_transfer_summary_v2.csv
mDC,hESC,lr,f1,v4_type_pe_best,0.2918422,0.290277,0.22579380000000002,0.2169666,-0.07487559999999999,-0.06448319999999999,9,4,10,10,1,False,False,6,results/transfer_v2/embedding_transfer_summary_v2.csv
mDC,hESC,mlp,f1,cl_scratch_v5,0.1106424,0.1275462,0.289728,0.32582059999999996,0.21517819999999996,0.1621818,7,4,6,6,-1,False,False,2,results/transfer_v2/embedding_transfer_summary_v2.csv
mDC,hESC,mlp,f1,cl_v6_fair,0.13267099999999998,0.11216680000000001,0.2836128,0.32915120000000003,0.19648020000000005,0.171446,4,5,8,5,1,False,False,3,results/transfer_v2/embedding_transfer_summary_v2.csv
mDC,hESC,mlp,f1,v4_type_pe_best,0.098484,0.0298348,0.2462546,0.2427814,0.14429740000000002,0.2164198,9,9,10,8,-1,False,False,1,results/transfer_v2/embedding_transfer_summary_v2.csv
mDC,hHep,lr,f1,v4_bias_rec_best,0.2815862,0.2360602,0.503617,0.497318,0.21573179999999997,0.2675568,8,10,7,7,-1,False,False,3,results/transfer_v2/embedding_transfer_summary_v2.csv
mDC,mESC,mlp,f1,scconcept,0.0,0.0,0.236111,0.0,0.0,0.236111,6,5,6,5,-1,False,False,1,results/transfer_v2/embedding_transfer_summary_v2.csv
mDC,mHSC-E,lr,f1,cl_scratch_v5,0.5073558,0.279804,0.4116394,0.443847,-0.06350880000000003,0.1318354,2,7,3,3,1,False,False,4,results/transfer_v2/embedding_transfer_summary_v2.csv
mDC,mHSC-GM,lr,f1,cl_scratch_v5,0.438755,0.4620494,0.3279894,0.3949572,-0.0437978,-0.13406,4,2,5,3,-1,False,True,3,results/transfer_v2/embedding_transfer_summary_v2.csv
mDC,mHSC-GM,lr,f1,scGPT_human,0.3216584,0.27981639999999997,0.3149256,0.2640762,-0.05758220000000003,0.03510920000000006,9,5,6,10,1,False,True,1,results/transfer_v2/embedding_transfer_summary_v2.csv
mDC,mHSC-GM,mlp,f1,scGPT_human,0.1525406,0.3096954,0.2783714,0.240107,0.08756639999999999,-0.03132400000000002,10,4,9,9,-1,False,True,5,results/transfer_v2/embedding_transfer_summary_v2.csv
mDC,mHSC-GM,mlp,f1,scconcept,0.4265112,0.1901336,0.3648592,0.3937618,-0.032749399999999984,0.17472559999999998,1,6,1,2,1,True,False,5,results/transfer_v2/embedding_transfer_summary_v2.csv
mDC,mHSC-L,lr,f1,scGPT_human,0.3466706,0.2778756,0.277923,0.2835152,-0.06315539999999997,4.739999999997524e-05,7,4,9,8,1,False,True,5,results/transfer_v2/embedding_transfer_summary_v2.csv
mDC,mHSC-L,lr,f1,v4_bias_rec_best,0.30919,0.2854154,0.24899580000000002,0.214436,-0.09475400000000003,-0.03641959999999997,9,3,10,10,1,False,True,7,results/transfer_v2/embedding_transfer_summary_v2.csv
mDC,mHSC-L,mlp,f1,scconcept,0.3387572,0.3254818,0.28762719999999997,0.2641388,-0.07461839999999997,-0.037854600000000016,2,2,2,3,1,False,False,1,results/transfer_v2/embedding_transfer_summary_v2.csv
mDC,mHSC-L,mlp,f1,v4_plain_best,0.1557974,0.043979,0.2056938,0.2027984,0.04700099999999999,0.16171480000000002,8,10,9,7,-1,False,False,1,results/transfer_v2/embedding_transfer_summary_v2.csv
mESC,hESC,lr,f1,cl_scratch_v5,0.4907182,,0.4008182,0.4344154,-0.056302799999999986,,6,,7,7,1,False,False,7,results/transfer_v2/embedding_transfer_summary_v2.csv
mESC,hESC,lr,f1,scconcept,0.4581886,,0.3990304,0.3922392,-0.06594939999999999,,9,,8,8,-1,False,False,8,results/transfer_v2/embedding_transfer_summary_v2.csv
mESC,hESC,lr,f1,scconcept_encoded,0.5040942,,0.4302284,0.4560384,-0.04805580000000004,,3,,4,2,-1,False,False,4,results/transfer_v2/embedding_transfer_summary_v2.csv
mESC,hESC,lr,f1,v4_plain_best,0.4537774,,0.380012,0.350259,-0.10351840000000001,,10,,9,9,-1,False,False,9,results/transfer_v2/embedding_transfer_summary_v2.csv
mESC,hESC,lr,f1,v4_type_pe_best,0.5156348,0.6250756000000001,0.4510562,0.4611728,-0.054461999999999955,-0.17401940000000005,2,1,2,1,-1,False,False,1,results/transfer_v2/embedding_transfer_summary_v2.csv
mESC,hHep,mlp,f1,scconcept,0.6293184000000001,0.7212512,0.569233,0.548009,-0.08130940000000009,-0.1520182,2,2,3,3,1,False,True,1,results/transfer_v2/embedding_transfer_summary_v2.csv
mESC,hHep,lr,f1,baseline,0.426923,,0.3684898,0.3872074,-0.03971560000000002,,8,,10,7,-1,False,False,10,results/transfer_v2/embedding_transfer_summary_v2.csv
mESC,hHep,lr,f1,cl_scratch_v5,0.539817,0.5066262,0.513109,0.536741,-0.0030759999999999676,0.006482800000000011,2,4,1,1,-1,False,False,3,results/transfer_v2/embedding_transfer_summary_v2.csv
mESC,hHep,lr,f1,scGPT_human,0.542536,0.5832604,0.44235599999999997,0.505593,-0.03694300000000006,-0.14090440000000004,1,1,4,2,1,True,False,3,results/transfer_v2/embedding_transfer_summary_v2.csv
mESC,mDC,mlp,f1,v4_plain_best,0.5872156000000001,0.5978162,0.9102774,0.9397016,0.35248599999999997,0.3124612,4,6,6,3,-1,False,True,1,results/transfer_v2/embedding_transfer_summary_v2.csv
mESC,mHSC-E,mlp,f1,v4_plain_best,0.5863008,0.0835006,0.6494898,0.7247196,0.13841880000000006,0.5659892,4,10,3,3,-1,False,False,7,results/transfer_v2/embedding_transfer_summary_v2.csv
mESC,mHSC-GM,mlp,f1,cl_v6_fair,0.595956,0.4873204,0.37227140000000003,0.47807140000000004,-0.1178846,-0.11504899999999996,4,6,7,3,-1,False,True,1,results/transfer_v2/embedding_transfer_summary_v2.csv
mESC,mHSC-GM,mlp,f1,minus,0.5524524,0.048440000000000004,0.3784552,0.321981,-0.23047139999999994,0.3300152,7,10,1,6,-1,False,False,9,results/transfer_v2/embedding_transfer_summary_v2.csv
mESC,mHSC-L,mlp,f1,v4_type_pe_best,0.511821,0.0873336,0.48552480000000003,0.4079574,-0.10386359999999994,0.3981912,8,8,8,7,-1,False,False,1,results/transfer_v2/embedding_transfer_summary_v2.csv
mHSC-E,hESC,lr,f1,cl_v6_fair,0.55752,0.6571432,0.303866,0.397791,-0.159729,-0.3532772,5,3,5,4,-1,False,False,2,results/transfer_v2/embedding_transfer_summary_v2.csv
mHSC-E,hESC,lr,f1,minus,0.5355527999999999,0.5144434,0.3029404,0.3720428,-0.16350999999999993,-0.211503,6,8,6,5,-1,False,False,2,results/transfer_v2/embedding_transfer_summary_v2.csv
mHSC-E,hESC,lr,f1,scconcept_encoded,0.4982306,0.469974,0.2240066,0.3202824,-0.1779482,-0.2459674,9,10,10,8,-1,False,False,1,results/transfer_v2/embedding_transfer_summary_v2.csv
mHSC-E,hESC,lr,f1,v4_plain_best,0.5964782,0.5312844,0.4447892,0.49651439999999997,-0.09996379999999999,-0.0864952,3,7,1,2,-1,False,False,6,results/transfer_v2/embedding_transfer_summary_v2.csv
mHSC-E,hESC,mlp,f1,baseline,0.6181336,0.6932602,0.3729032,0.474818,-0.14331559999999993,-0.320357,2,1,1,1,-1,False,False,1,results/transfer_v2/embedding_transfer_summary_v2.csv
mHSC-E,hESC,mlp,f1,cl_scratch_v5,0.5356872,0.5507624,0.184118,0.172907,-0.3627802,-0.3666444,8,6,10,9,1,False,False,4,results/transfer_v2/embedding_transfer_summary_v2.csv
mHSC-E,hESC,mlp,f1,cl_v6_fair,0.5499744,0.6314356,0.2232748,0.3122738,-0.23770059999999998,-0.4081608,5,2,8,6,1,False,False,6,results/transfer_v2/embedding_transfer_summary_v2.csv
mHSC-E,hESC,mlp,f1,minus,0.5541885999999999,0.5059513999999999,0.22585840000000001,0.351156,-0.2030325999999999,-0.2800929999999999,4,9,7,5,1,False,False,2,results/transfer_v2/embedding_transfer_summary_v2.csv
mHSC-E,hHep,lr,f1,minus,0.672191,0.8406710000000001,0.817201,0.8248646,0.15267359999999996,-0.023470000000000102,4,1,3,3,-1,False,False,2,results/transfer_v2/embedding_transfer_summary_v2.csv
mHSC-E,hHep,mlp,f1,v4_bias_rec_best,0.7005076,0.7503685999999999,0.8152706,0.8214656,0.12095800000000001,0.06490200000000002,7,3,8,6,-1,False,True,5,results/transfer_v2/embedding_transfer_summary_v2.csv
mHSC-E,hHep,mlp,f1,v4_type_pe_best,0.7006992,0.7934834000000001,0.8162777999999999,0.8223174,0.12161820000000001,0.02279439999999988,6,2,7,5,-1,False,True,5,results/transfer_v2/embedding_transfer_summary_v2.csv
mHSC-E,mDC,lr,f1,baseline,0.42651,0.439475,0.5487638,0.410019,-0.016490999999999978,0.10928880000000002,7,5,5,6,-1,False,False,1,results/transfer_v2/embedding_transfer_summary_v2.csv
mHSC-E,mDC,lr,f1,minus,0.3268146,0.3359576,0.3709966,0.3814624,0.05464779999999997,0.03503899999999999,10,6,9,9,-1,False,False,3,results/transfer_v2/embedding_transfer_summary_v2.csv
mHSC-E,mDC,lr,f1,scconcept_encoded,0.3727562,0.287694,0.4222996,0.3850704,0.012314199999999997,0.1346056,9,7,8,8,-1,False,False,1,results/transfer_v2/embedding_transfer_summary_v2.csv
mHSC-E,mDC,mlp,f1,v4_bias_rec_best,0.5018632,0.1071318,0.49367360000000005,0.3982858,-0.10357739999999993,0.38654180000000005,1,8,4,2,1,True,False,4,results/transfer_v2/embedding_transfer_summary_v2.csv
mHSC-E,mHSC-GM,lr,f1,cl_scratch_v5,0.4671894,0.4671894,0.4671894,0.4761328,0.008943400000000046,0.0,7,7,7,6,-1,False,False,1,results/transfer_v2/embedding_transfer_summary_v2.csv
mHSC-E,mHSC-GM,lr,f1,minus,0.5203017999999999,0.5203017999999999,0.5203017999999999,0.5075732000000001,-0.012728599999999868,0.0,3,3,3,4,1,False,False,1,results/transfer_v2/embedding_transfer_summary_v2.csv
mHSC-E,mHSC-GM,lr,f1,scGPT_human,0.5177564,0.5177564,0.5177564,0.5239962,0.0062398000000000176,0.0,4,4,4,3,-1,False,False,1,results/transfer_v2/embedding_transfer_summary_v2.csv
mHSC-E,mHSC-GM,lr,f1,v4_bias_rec_best,0.470519,0.470519,0.470519,0.467625,-0.0028940000000000077,0.0,6,6,6,7,1,False,False,1,results/transfer_v2/embedding_transfer_summary_v2.csv
mHSC-E,mHSC-L,lr,f1,cl_scratch_v5,0.4389572,0.4389572,0.4389572,0.44758000000000003,0.008622800000000042,0.0,7,7,7,6,-1,False,False,1,results/transfer_v2/embedding_transfer_summary_v2.csv
mHSC-E,mHSC-L,lr,f1,scconcept,0.44618420000000003,0.44618420000000003,0.44618420000000003,0.4436046,-0.002579600000000015,0.0,6,6,6,7,1,False,False,1,results/transfer_v2/embedding_transfer_summary_v2.csv
mHSC-E,mHSC-L,lr,f1,scconcept_encoded,0.4178116,0.4178116,0.4178116,0.4181782,0.0003665999999999947,0.0,9,9,9,8,-1,False,False,1,results/transfer_v2/embedding_transfer_summary_v2.csv
mHSC-E,mHSC-L,lr,f1,v4_bias_rec_best,0.4201004,0.4201004,0.4201004,0.4167378,-0.0033625999999999934,0.0,8,8,8,9,1,False,False,1,results/transfer_v2/embedding_transfer_summary_v2.csv
mHSC-E,mHSC-L,mlp,f1,cl_v6_fair,0.4117908,0.4117908,0.4117908,0.41090340000000003,-0.0008873999999999826,0.0,5,5,5,4,-1,False,False,1,results/transfer_v2/embedding_transfer_summary_v2.csv
mHSC-E,mHSC-L,mlp,f1,v4_bias_rec_best,0.4151268,0.4151268,0.4151268,0.4108278,-0.004298999999999997,0.0,4,4,4,5,1,False,False,1,results/transfer_v2/embedding_transfer_summary_v2.csv
mHSC-GM,hESC,lr,f1,cl_v6_fair,0.6167492,0.5510182,0.4057692,0.3830612,-0.233688,-0.14524900000000002,3,3,2,2,-1,False,True,1,results/transfer_v2/embedding_transfer_summary_v2.csv
mHSC-GM,hESC,lr,f1,scconcept,0.5310744,0.5408816000000001,0.1950932,0.1348138,-0.39626059999999996,-0.3457884000000001,9,4,9,10,1,False,True,5,results/transfer_v2/embedding_transfer_summary_v2.csv
mHSC-GM,hESC,lr,f1,v4_bias_rec_best,0.5835974,0.6061014,0.1623148,0.2668006,-0.31679680000000005,-0.44378660000000003,5,2,10,6,1,False,True,8,results/transfer_v2/embedding_transfer_summary_v2.csv
mHSC-GM,hESC,mlp,f1,scGPT_human,0.5254282,0.5415432,0.2813448,0.1275842,-0.397844,-0.2601984,8,6,6,9,1,False,False,1,results/transfer_v2/embedding_transfer_summary_v2.csv
mHSC-GM,hESC,mlp,f1,scconcept,0.3860792,0.4272096,0.1015108,0.1167306,-0.2693486,-0.3256988,9,8,10,10,1,False,False,2,results/transfer_v2/embedding_transfer_summary_v2.csv
mHSC-GM,hESC,mlp,f1,v4_plain_best,0.5660934,0.2971728,0.4067032,0.3185284,-0.24756499999999998,0.10953039999999997,4,10,1,3,-1,False,False,9,results/transfer_v2/embedding_transfer_summary_v2.csv
mHSC-GM,hHep,lr,f1,baseline,0.681204,0.6410546,0.5747416,0.5767028,-0.10450120000000007,-0.06631300000000007,2,7,5,1,-1,False,False,2,results/transfer_v2/embedding_transfer_summary_v2.csv
mHSC-GM,hHep,lr,f1,v4_bias_rec_best,0.6281304,0.7609104,0.5589856,0.2501506,-0.3779798,-0.20192480000000002,5,1,6,6,1,False,True,5,results/transfer_v2/embedding_transfer_summary_v2.csv
mHSC-GM,mDC,lr,f1,scGPT_human,0.456117,0.3122888,0.5732344,0.3893268,-0.06679020000000002,0.26094560000000006,9,9,2,10,1,False,False,7,results/transfer_v2/embedding_transfer_summary_v2.csv
mHSC-GM,mDC,lr,f1,scconcept,0.43449720000000003,0.3447198,0.3764448,0.4001286,-0.03436860000000003,0.031725,10,8,10,9,-1,False,False,2,results/transfer_v2/embedding_transfer_summary_v2.csv
mHSC-GM,mDC,mlp,f1,v4_plain_best,0.5627044,0.3848034,0.5435454,0.4943922,-0.06831219999999999,0.15874199999999994,2,4,4,3,1,False,False,1,results/transfer_v2/embedding_transfer_summary_v2.csv
mHSC-GM,mESC,mlp,f1,scconcept,0.5457436,0.0,0.0,0.0,-0.5457436,0.0,3,7,3,4,1,False,False,4,results/transfer_v2/embedding_transfer_summary_v2.csv
mHSC-GM,mHSC-E,lr,f1,cl_scratch_v5,0.5754022,0.5754022,0.5754022,0.543534,-0.03186820000000001,0.0,4,4,4,5,1,False,False,1,results/transfer_v2/embedding_transfer_summary_v2.csv
mHSC-GM,mHSC-E,lr,f1,cl_v6_fair,0.5579988,0.5579988,0.5579988,0.5305984,-0.02740039999999999,0.0,5,5,5,6,1,False,False,1,results/transfer_v2/embedding_transfer_summary_v2.csv
mHSC-GM,mHSC-E,lr,f1,minus,0.5805278,0.5805278,0.5805278,0.5517078,-0.028820000000000068,0.0,3,3,3,4,1,False,False,1,results/transfer_v2/embedding_transfer_summary_v2.csv
mHSC-GM,mHSC-E,lr,f1,scconcept_encoded,0.48363,0.48363,0.48363,0.4873682,0.0037381999999999693,0.0,9,9,9,8,-1,False,False,1,results/transfer_v2/embedding_transfer_summary_v2.csv
mHSC-GM,mHSC-E,lr,f1,v4_bias_rec_best,0.4941796,0.4941796,0.4941796,0.471986,-0.02219359999999998,0.0,8,8,8,9,1,False,False,1,results/transfer_v2/embedding_transfer_summary_v2.csv
mHSC-L,hESC,lr,f1,minus,0.5537738,0.4562714,0.4053276,0.399874,-0.15389979999999998,-0.050943799999999984,5,9,5,4,-1,False,False,4,results/transfer_v2/embedding_transfer_summary_v2.csv
mHSC-L,hESC,lr,f1,v4_bias_rec_best,0.5546412000000001,0.4688404,0.344554,0.3696932,-0.18494800000000006,-0.12428639999999996,4,8,8,5,1,False,False,1,results/transfer_v2/embedding_transfer_summary_v2.csv
mHSC-L,hESC,mlp,f1,cl_v6_fair,0.6226976,0.5644754,0.4373938,0.3358026,-0.28689499999999996,-0.12708159999999996,3,3,2,4,1,False,False,1,results/transfer_v2/embedding_transfer_summary_v2.csv
mHSC-L,hESC,mlp,f1,scGPT_human,0.5179222,0.5306904,0.1950442,0.1997892,-0.318133,-0.3356462,8,6,9,7,-1,False,True,3,results/transfer_v2/embedding_transfer_summary_v2.csv
mHSC-L,hESC,mlp,f1,v4_bias_rec_best,0.6761576,0.6672352,0.3815582,0.3794466,-0.296711,-0.285677,2,1,5,3,1,False,True,4,results/transfer_v2/embedding_transfer_summary_v2.csv
mHSC-L,hESC,mlp,f1,v4_type_pe_best,0.59619,0.543344,0.27483640000000004,0.1881722,-0.4080178,-0.2685076,7,5,8,8,1,False,True,3,results/transfer_v2/embedding_transfer_summary_v2.csv
mHSC-L,hHep,lr,f1,scGPT_human,0.554997,0.7026052,0.5943136,0.5021666,-0.052830399999999944,-0.10829160000000004,5,1,4,4,-1,False,True,3,results/transfer_v2/embedding_transfer_summary_v2.csv
mHSC-L,hHep,lr,f1,scconcept_encoded,0.3901032,0.562747,0.4200976,0.3763122,-0.013790999999999998,-0.14264939999999998,9,4,7,8,-1,False,True,3,results/transfer_v2/embedding_transfer_summary_v2.csv
mHSC-L,hHep,mlp,f1,cl_scratch_v5,0.551185,0.1977872,0.27960039999999997,0.2070062,-0.3441788,0.08181319999999997,6,9,6,5,-1,False,False,3,results/transfer_v2/embedding_transfer_summary_v2.csv
mHSC-L,hHep,mlp,f1,cl_v6_fair,0.506367,0.614009,0.2979334,0.0892704,-0.41709660000000004,-0.3160756,8,3,5,9,1,False,False,2,results/transfer_v2/embedding_transfer_summary_v2.csv
mHSC-L,hHep,mlp,f1,minus,0.5432472,0.6146508,0.2280372,0.134411,-0.40883620000000004,-0.38661360000000006,7,2,8,8,1,False,True,6,results/transfer_v2/embedding_transfer_summary_v2.csv
mHSC-L,hHep,mlp,f1,scGPT_human,0.614111,0.5994808,0.3799786,0.2827082,-0.33140279999999994,-0.21950220000000004,3,4,3,2,-1,False,False,1,results/transfer_v2/embedding_transfer_summary_v2.csv
mHSC-L,hHep,mlp,f1,v4_bias_rec_best,0.6361808,0.7216986,0.5949042,0.4535036,-0.18267719999999998,-0.12679439999999997,2,1,2,1,-1,False,False,1,results/transfer_v2/embedding_transfer_summary_v2.csv
mHSC-L,hHep,mlp,f1,v4_plain_best,0.583413,0.519499,0.3674864,0.1846114,-0.3988016,-0.15201260000000005,5,6,4,6,1,False,False,2,results/transfer_v2/embedding_transfer_summary_v2.csv
mHSC-L,mDC,lr,f1,baseline,0.5582431999999999,0.6188876,0.5493216,0.5701428,0.01189960000000001,-0.06956600000000002,4,2,2,3,-1,False,False,1,results/transfer_v2/embedding_transfer_summary_v2.csv
mHSC-L,mDC,lr,f1,scconcept_encoded,0.5376624,0.4233424,0.4918626,0.5519402,0.014277800000000007,0.06852019999999998,6,9,9,5,-1,False,False,1,results/transfer_v2/embedding_transfer_summary_v2.csv
mHSC-L,mDC,mlp,f1,baseline,0.5522118,0.6373846,0.5781442,0.5287916,-0.023420200000000002,-0.05924039999999997,4,1,4,5,1,False,False,3,results/transfer_v2/embedding_transfer_summary_v2.csv
mHSC-L,mDC,mlp,f1,cl_v6_fair,0.6210844,0.4405796,0.6103614,0.5494746,-0.07160979999999995,0.16978180000000004,2,6,1,3,1,False,False,5,results/transfer_v2/embedding_transfer_summary_v2.csv
mHSC-L,mHSC-E,lr,f1,minus,0.4339866,0.4339866,0.4339866,0.4414694,0.007482800000000012,0.0,7,7,7,6,-1,False,False,1,results/transfer_v2/embedding_transfer_summary_v2.csv
mHSC-L,mHSC-E,lr,f1,scconcept,0.4009642,0.4009642,0.4009642,0.3819782,-0.018986000000000003,0.0,8,8,8,7,-1,False,False,1,results/transfer_v2/embedding_transfer_summary_v2.csv
mHSC-L,mHSC-E,lr,f1,scconcept_encoded,0.489635,0.489635,0.489635,0.4879976,-0.001637400000000011,0.0,4,4,4,5,1,False,False,1,results/transfer_v2/embedding_transfer_summary_v2.csv
mHSC-L,mHSC-E,lr,f1,v4_type_pe_best,0.3579576,0.3579576,0.3579576,0.3751278,0.017170200000000024,0.0,9,9,9,8,-1,False,False,1,results/transfer_v2/embedding_transfer_summary_v2.csv
hESC,hHep,lr,precision_at_k,minus,0.647,0.55,0.547,0.557,-0.08999999999999997,-0.0030000000000000027,4,7,7,5,1,False,False,1,results/transfer_v2/embedding_transfer_summary_v2.csv
hESC,hHep,lr,precision_at_k,v4_plain_best,0.636,0.707,0.596,0.571,-0.06500000000000006,-0.11099999999999999,5,2,1,4,-1,False,False,1,results/transfer_v2/embedding_transfer_summary_v2.csv
hESC,hHep,mlp,precision_at_k,cl_v6_fair,0.616,0.682,0.496,0.493,-0.123,-0.18600000000000005,7,3,7,8,1,False,True,4,results/transfer_v2/embedding_transfer_summary_v2.csv
hESC,hHep,mlp,precision_at_k,scconcept_encoded,0.412,0.474,0.481,0.465,0.05300000000000005,0.007000000000000006,10,10,9,9,-1,False,False,1,results/transfer_v2/embedding_transfer_summary_v2.csv
hESC,hHep,mlp,precision_at_k,v4_plain_best,0.669,0.765,0.579,0.5640000000000001,-0.10499999999999998,-0.18600000000000005,4,1,3,3,-1,False,False,2,results/transfer_v2/embedding_transfer_summary_v2.csv
hESC,mDC,lr,precision_at_k,minus,0.416,0.406,0.552,0.526316,0.11031600000000003,0.14600000000000002,10,8,5,9,-1,False,False,3,results/transfer_v2/embedding_transfer_summary_v2.csv
hESC,mDC,lr,precision_at_k,scconcept_encoded,0.53,0.578,0.71,0.670807,0.14080700000000002,0.132,5,2,1,4,-1,False,False,1,results/transfer_v2/embedding_transfer_summary_v2.csv
hESC,mDC,mlp,precision_at_k,cl_v6_fair,0.649,0.35400000000000004,0.433,0.741259,0.09225899999999998,0.07899999999999996,1,9,8,2,1,True,False,1,results/transfer_v2/embedding_transfer_summary_v2.csv
hESC,mDC,mlp,precision_at_k,scGPT_human,0.533,0.488,0.619,0.592391,0.05939099999999997,0.131,5,4,2,6,1,False,False,2,results/transfer_v2/embedding_transfer_summary_v2.csv
hESC,mESC,mlp,precision_at_k,baseline,0.535,0.625,0.903,0.898,0.363,0.278,7,1,5,8,1,False,False,4,results/transfer_v2/embedding_transfer_summary_v2.csv
hESC,mESC,mlp,precision_at_k,scconcept,0.545,0.491,0.899,0.91,0.365,0.40800000000000003,4,7,7,3,-1,False,False,1,results/transfer_v2/embedding_transfer_summary_v2.csv
hESC,mESC,mlp,precision_at_k,scconcept_encoded,0.545,0.61,0.895,0.904,0.359,0.28500000000000003,5,3,9,6,1,False,False,6,results/transfer_v2/embedding_transfer_summary_v2.csv
hESC,mESC,lr,precision_at_k,baseline,0.545,,0.922,0.905,0.36,,5,,2,6,1,False,False,2,results/transfer_v2/embedding_transfer_summary_v2.csv
hESC,mESC,lr,precision_at_k,scconcept_encoded,0.536,,0.922,0.88,0.344,,10,,3,9,-1,False,False,3,results/transfer_v2/embedding_transfer_summary_v2.csv
hESC,mESC,lr,precision_at_k,v4_bias_rec_best,0.548,,0.906,0.909,0.361,,4,,8,5,1,False,False,8,results/transfer_v2/embedding_transfer_summary_v2.csv
hESC,mESC,lr,precision_at_k,v4_type_pe_best,0.545,,0.9099999999999999,0.893,0.348,,6,,6,7,1,False,False,6,results/transfer_v2/embedding_transfer_summary_v2.csv
hESC,mHSC-E,lr,precision_at_k,v4_plain_best,0.585,0.497,0.596,0.566667,-0.018332999999999933,0.09899999999999998,5,9,1,6,1,False,False,8,results/transfer_v2/embedding_transfer_summary_v2.csv
hESC,mHSC-E,mlp,precision_at_k,cl_scratch_v5,0.608,0.652,0.487,0.607843,-0.00015699999999996272,-0.16500000000000004,5,2,8,4,-1,False,True,6,results/transfer_v2/embedding_transfer_summary_v2.csv
hESC,mHSC-GM,lr,precision_at_k,baseline,0.655,0.6900000000000001,0.554,0.237113,-0.417887,-0.136,8,2,3,9,1,False,False,1,results/transfer_v2/embedding_transfer_summary_v2.csv
hESC,mHSC-GM,lr,precision_at_k,scGPT_human,0.743,0.589,0.567,0.445455,-0.297545,-0.02200000000000002,2,7,2,3,1,False,False,5,results/transfer_v2/embedding_transfer_summary_v2.csv
hESC,mHSC-GM,mlp,precision_at_k,scGPT_human,0.774,0.524,0.533,0.445455,-0.32854500000000003,0.009000000000000008,4,7,8,3,-1,False,False,1,results/transfer_v2/embedding_transfer_summary_v2.csv
hESC,mHSC-L,lr,precision_at_k,baseline,0.651,0.566,0.551,0.420561,-0.230439,-0.014999999999999902,6,7,9,7,1,False,False,2,results/transfer_v2/embedding_transfer_summary_v2.csv
hESC,mHSC-L,mlp,precision_at_k,baseline,0.686,0.547,0.581,0.420561,-0.26543900000000004,0.03399999999999992,6,7,4,7,1,False,False,3,results/transfer_v2/embedding_transfer_summary_v2.csv
hHep,hESC,lr,precision_at_k,cl_scratch_v5,0.685,0.67,0.639,0.634,-0.051000000000000045,-0.031000000000000028,2,2,2,1,-1,False,False,1,results/transfer_v2/embedding_transfer_summary_v2.csv
hHep,hESC,lr,precision_at_k,scGPT_human,0.659,0.716,0.55,0.544,-0.11499999999999999,-0.16599999999999993,6,1,7,5,-1,False,True,6,results/transfer_v2/embedding_transfer_summary_v2.csv
hHep,hESC,lr,precision_at_k,v4_bias_rec_best,0.599,0.649,0.53,0.541,-0.05799999999999994,-0.119,7,3,8,6,-1,False,True,5,results/transfer_v2/embedding_transfer_summary_v2.csv
hHep,hESC,mlp,precision_at_k,cl_v6_fair,0.667,0.678,0.598,0.576,-0.09100000000000008,-0.08000000000000007,6,4,3,5,-1,False,True,1,results/transfer_v2/embedding_transfer_summary_v2.csv
hHep,hESC,mlp,precision_at_k,scconcept,0.51,0.5640000000000001,0.393,0.393,-0.11699999999999999,-0.17100000000000004,10,10,10,9,-1,False,False,1,results/transfer_v2/embedding_transfer_summary_v2.csv
hHep,hESC,mlp,precision_at_k,scconcept_encoded,0.515,0.602,0.398,0.385,-0.13,-0.20399999999999996,9,8,9,10,1,False,False,1,results/transfer_v2/embedding_transfer_summary_v2.csv
hHep,mDC,lr,precision_at_k,scconcept,0.543,0.533,0.764,0.757,0.21399999999999997,0.23099999999999998,5,4,5,6,1,False,False,1,results/transfer_v2/embedding_transfer_summary_v2.csv
hHep,mDC,lr,precision_at_k,v4_type_pe_best,0.499,0.506,0.758,0.756,0.257,0.252,8,5,7,7,-1,False,False,2,results/transfer_v2/embedding_transfer_summary_v2.csv
hHep,mDC,mlp,precision_at_k,cl_v6_fair,0.622,0.473,0.806,0.806,0.18400000000000005,0.3330000000000001,2,9,1,1,-1,False,False,8,results/transfer_v2/embedding_transfer_summary_v2.csv
hHep,mDC,mlp,precision_at_k,scconcept_encoded,0.524,0.649,0.751,0.751,0.22699999999999998,0.10199999999999998,7,2,9,8,1,False,True,7,results/transfer_v2/embedding_transfer_summary_v2.csv
hHep,mESC,lr,precision_at_k,cl_v6_fair,0.547,0.54,0.929,0.93,0.383,0.389,4,3,2,3,-1,False,False,1,results/transfer_v2/embedding_transfer_summary_v2.csv
hHep,mESC,lr,precision_at_k,scconcept_encoded,0.549,,0.941,0.953,0.4039999999999999,,2,,1,1,-1,False,False,1,results/transfer_v2/embedding_transfer_summary_v2.csv
hHep,mESC,mlp,precision_at_k,cl_scratch_v5,0.544,,0.93,0.93,0.386,,2,,3,3,1,False,False,3,results/transfer_v2/embedding_transfer_summary_v2.csv
hHep,mESC,mlp,precision_at_k,scGPT_human,0.516,0.429,0.92,0.914,0.398,0.49100000000000005,10,8,6,9,-1,False,False,2,results/transfer_v2/embedding_transfer_summary_v2.csv
hHep,mESC,mlp,precision_at_k,v4_type_pe_best,0.533,0.499,0.918,0.919,0.386,0.41900000000000004,6,7,7,5,-1,False,False,1,results/transfer_v2/embedding_transfer_summary_v2.csv
hHep,mHSC-E,lr,precision_at_k,scGPT_human,0.76,0.617,0.796,0.610169,-0.14983100000000005,0.17900000000000005,1,5,5,2,1,True,False,1,results/transfer_v2/embedding_transfer_summary_v2.csv
hHep,mHSC-E,lr,precision_at_k,v4_type_pe_best,0.759,0.606,0.761,0.597403,-0.161597,0.15500000000000003,2,6,6,3,1,False,False,1,results/transfer_v2/embedding_transfer_summary_v2.csv
hHep,mHSC-E,mlp,precision_at_k,scGPT_human,0.845,0.626,0.798,0.610169,-0.234831,0.17200000000000004,1,6,2,2,1,True,False,4,results/transfer_v2/embedding_transfer_summary_v2.csv
hHep,mHSC-GM,mlp,precision_at_k,cl_v6_fair,0.825,0.77,0.273,0.193548,-0.6314519999999999,-0.497,5,2,2,6,1,False,False,1,results/transfer_v2/embedding_transfer_summary_v2.csv
hHep,mHSC-GM,mlp,precision_at_k,minus,0.814,0.653,0.241,0.181102,-0.632898,-0.41200000000000003,7,5,8,8,1,False,False,3,results/transfer_v2/embedding_transfer_summary_v2.csv
hHep,mHSC-L,lr,precision_at_k,scconcept_encoded,0.519,0.602,0.33,0.305344,-0.213656,-0.27199999999999996,9,5,9,8,-1,False,True,4,results/transfer_v2/embedding_transfer_summary_v2.csv
hHep,mHSC-L,mlp,precision_at_k,cl_scratch_v5,0.737,0.595,0.384,0.34507,-0.39193,-0.21099999999999997,2,3,6,3,1,False,False,3,results/transfer_v2/embedding_transfer_summary_v2.csv
hHep,mHSC-L,mlp,precision_at_k,scconcept_encoded,0.577,0.58,0.365,0.305344,-0.27165599999999995,-0.21499999999999997,9,6,9,8,-1,False,True,3,results/transfer_v2/embedding_transfer_summary_v2.csv
mDC,hESC,lr,precision_at_k,scGPT_human,0.41300000000000003,0.455621,0.237113,0.237113,-0.17588700000000004,-0.218508,4,8,5,5,1,False,False,3,results/transfer_v2/embedding_transfer_summary_v2.csv
mDC,hESC,lr,precision_at_k,v4_bias_rec_best,0.376,0.572917,0.237113,0.237113,-0.138887,-0.335804,7,1,8,8,1,False,False,7,results/transfer_v2/embedding_transfer_summary_v2.csv
mDC,hESC,lr,precision_at_k,v4_plain_best,0.303,0.533333,0.237113,0.237113,-0.065887,-0.29621999999999993,10,3,9,9,-1,False,False,6,results/transfer_v2/embedding_transfer_summary_v2.csv
mDC,hHep,lr,precision_at_k,v4_bias_rec_best,0.322,0.559,0.325,0.31,-0.01200000000000001,-0.23400000000000004,9,3,9,10,1,False,False,6,results/transfer_v2/embedding_transfer_summary_v2.csv
mDC,hHep,mlp,precision_at_k,minus,0.501,0.40900000000000003,0.353,0.358,-0.14300000000000002,-0.05600000000000005,5,10,7,6,1,False,False,3,results/transfer_v2/embedding_transfer_summary_v2.csv
mDC,mHSC-GM,lr,precision_at_k,baseline,0.43,0.46799999999999997,0.34199999999999997,0.353293,-0.07670699999999997,-0.126,5,7,2,6,1,False,False,5,results/transfer_v2/embedding_transfer_summary_v2.csv
mDC,mHSC-GM,lr,precision_at_k,scconcept_encoded,0.488,0.618,0.335,0.381443,-0.10655700000000001,-0.283,4,1,3,3,-1,False,True,2,results/transfer_v2/embedding_transfer_summary_v2.csv
mDC,mHSC-GM,mlp,precision_at_k,minus,0.412,0.572,0.361,0.304124,-0.10787599999999997,-0.21099999999999997,7,3,4,8,1,False,True,1,results/transfer_v2/embedding_transfer_summary_v2.csv
mDC,mHSC-GM,mlp,precision_at_k,scconcept_encoded,0.535,0.61,0.351,0.381443,-0.15355700000000005,-0.259,2,1,6,3,1,False,True,5,results/transfer_v2/embedding_transfer_summary_v2.csv
mDC,mHSC-GM,mlp,precision_at_k,v4_bias_rec_best,0.392,0.459,0.335,0.277778,-0.11422199999999999,-0.124,9,8,10,10,1,False,False,2,results/transfer_v2/embedding_transfer_summary_v2.csv
mDC,mHSC-GM,mlp,precision_at_k,v4_plain_best,0.415,0.435,0.345,0.34104,-0.07395999999999997,-0.09000000000000002,6,10,8,7,1,False,False,2,results/transfer_v2/embedding_transfer_summary_v2.csv
mDC,mHSC-L,mlp,precision_at_k,scGPT_human,0.425,0.555,0.373,0.370787,-0.05421300000000001,-0.18200000000000005,5,4,4,6,1,False,False,1,results/transfer_v2/embedding_transfer_summary_v2.csv
mDC,mHSC-L,mlp,precision_at_k,v4_type_pe_best,0.395,0.48,0.357,0.356725,-0.038275,-0.123,8,8,6,7,-1,False,False,2,results/transfer_v2/embedding_transfer_summary_v2.csv
mESC,hESC,mlp,precision_at_k,scconcept,0.519,0.5579999999999999,0.3825,0.4,-0.119,-0.17549999999999993,3,2,3,2,-1,False,True,1,results/transfer_v2/embedding_transfer_summary_v2.csv
mESC,hESC,lr,precision_at_k,minus,0.495,,0.34600000000000003,0.376,-0.119,,6,,7,5,-1,False,False,7,results/transfer_v2/embedding_transfer_summary_v2.csv
mESC,hESC,lr,precision_at_k,scconcept_encoded,0.498,,0.345,0.378,-0.12,,5,,8,4,-1,False,False,8,results/transfer_v2/embedding_transfer_summary_v2.csv
mESC,hESC,lr,precision_at_k,v4_plain_best,0.452,,0.343,0.314,-0.138,,10,,9,9,-1,False,False,9,results/transfer_v2/embedding_transfer_summary_v2.csv
mESC,hESC,lr,precision_at_k,v4_type_pe_best,0.554,0.612,0.373,0.39,-0.16400000000000003,-0.239,1,1,3,2,1,True,False,2,results/transfer_v2/embedding_transfer_summary_v2.csv
mESC,hHep,lr,precision_at_k,baseline,0.46399999999999997,,0.345,0.384,-0.07999999999999996,,8,,10,7,-1,False,False,10,results/transfer_v2/embedding_transfer_summary_v2.csv
mESC,hHep,lr,precision_at_k,v4_bias_rec_best,0.352,0.466,0.368,0.356,0.0040000000000000036,-0.09800000000000003,10,7,9,9,-1,False,False,2,results/transfer_v2/embedding_transfer_summary_v2.csv
mESC,hHep,lr,precision_at_k,v4_plain_best,0.471,,0.398,0.41,-0.061,,7,,5,6,-1,False,False,5,results/transfer_v2/embedding_transfer_summary_v2.csv
mESC,mDC,mlp,precision_at_k,scconcept_encoded,0.535,0.455,0.889,0.950617,0.415617,0.434,2,9,6,3,1,False,False,3,results/transfer_v2/embedding_transfer_summary_v2.csv
mESC,mHSC-E,mlp,precision_at_k,minus,0.492,0.503,0.5409999999999999,0.559524,0.06752400000000003,0.03799999999999992,4,5,2,3,-1,False,False,3,results/transfer_v2/embedding_transfer_summary_v2.csv
mESC,mHSC-E,mlp,precision_at_k,v4_type_pe_best,0.493,0.472,0.57,0.638889,0.14588900000000005,0.09799999999999998,3,7,1,2,-1,False,False,6,results/transfer_v2/embedding_transfer_summary_v2.csv
mESC,mHSC-GM,mlp,precision_at_k,cl_scratch_v5,0.518,0.501,0.221,0.183673,-0.33432700000000004,-0.28,6,6,9,7,1,False,False,3,results/transfer_v2/embedding_transfer_summary_v2.csv
mESC,mHSC-L,mlp,precision_at_k,cl_scratch_v5,0.519,0.475,0.323,0.421053,-0.097947,-0.15199999999999997,3,7,8,2,-1,False,False,1,results/transfer_v2/embedding_transfer_summary_v2.csv
mHSC-E,hESC,lr,precision_at_k,minus,0.672,0.45,0.368932,0.368932,-0.30306800000000006,-0.08106800000000003,5,6,4,4,-1,False,False,2,results/transfer_v2/embedding_transfer_summary_v2.csv
mHSC-E,hESC,lr,precision_at_k,scGPT_human,0.677,0.655172,0.368932,0.368932,-0.30806800000000006,-0.28624,4,1,5,5,1,False,False,4,results/transfer_v2/embedding_transfer_summary_v2.csv
mHSC-E,hHep,lr,precision_at_k,cl_scratch_v5,0.87,0.322917,0.529412,0.529412,-0.340588,0.20649499999999998,1,10,2,2,1,True,False,8,results/transfer_v2/embedding_transfer_summary_v2.csv
mHSC-E,hHep,mlp,precision_at_k,cl_v6_fair,0.9,0.532258,0.529412,0.529412,-0.37058800000000003,-0.002846000000000015,4,6,3,3,-1,False,False,3,results/transfer_v2/embedding_transfer_summary_v2.csv
mHSC-E,mDC,lr,precision_at_k,baseline,0.5589999999999999,0.512195,0.496,0.46799999999999997,-0.09099999999999997,-0.01619499999999996,7,5,8,8,1,False,False,3,results/transfer_v2/embedding_transfer_summary_v2.csv
mHSC-E,mDC,mlp,precision_at_k,scconcept,0.518,0.60241,0.459,0.464,-0.05399999999999999,-0.14340999999999998,8,2,9,7,-1,False,True,7,results/transfer_v2/embedding_transfer_summary_v2.csv
mHSC-E,mHSC-GM,lr,precision_at_k,baseline,0.765,0.765,0.765,0.775,0.010000000000000009,0.0,3,3,3,2,-1,False,False,1,results/transfer_v2/embedding_transfer_summary_v2.csv
mHSC-E,mHSC-GM,lr,precision_at_k,scGPT_human,0.767,0.767,0.767,0.771,0.0040000000000000036,0.0,2,2,2,3,1,False,False,1,results/transfer_v2/embedding_transfer_summary_v2.csv
mHSC-E,mHSC-GM,lr,precision_at_k,scconcept,0.613,0.613,0.613,0.632,0.019000000000000017,0.0,9,9,9,8,-1,False,False,1,results/transfer_v2/embedding_transfer_summary_v2.csv
mHSC-E,mHSC-GM,lr,precision_at_k,v4_type_pe_best,0.632,0.632,0.632,0.631,-0.0010000000000000009,0.0,8,8,8,9,1,False,False,1,results/transfer_v2/embedding_transfer_summary_v2.csv
mHSC-E,mHSC-GM,mlp,precision_at_k,v4_bias_rec_best,0.752,0.752,0.752,0.757,0.0050000000000000044,0.0,6,6,6,5,-1,False,False,1,results/transfer_v2/embedding_transfer_summary_v2.csv
mHSC-E,mHSC-L,mlp,precision_at_k,baseline,0.713,0.713,0.713,0.71,-0.0030000000000000027,0.0,2,2,2,1,-1,False,False,1,results/transfer_v2/embedding_transfer_summary_v2.csv
mHSC-E,mHSC-L,mlp,precision_at_k,cl_scratch_v5,0.621,0.621,0.621,0.636,0.015000000000000013,0.0,6,6,6,5,-1,False,False,1,results/transfer_v2/embedding_transfer_summary_v2.csv
mHSC-E,mHSC-L,mlp,precision_at_k,cl_v6_fair,0.635,0.635,0.635,0.635,0.0,0.0,5,5,5,6,1,False,False,1,results/transfer_v2/embedding_transfer_summary_v2.csv
mHSC-E,mHSC-L,mlp,precision_at_k,minus,0.716,0.716,0.716,0.705,-0.01100000000000001,0.0,1,1,1,2,1,True,False,1,results/transfer_v2/embedding_transfer_summary_v2.csv
mHSC-E,mHSC-L,mlp,precision_at_k,v4_bias_rec_best,0.612,0.612,0.612,0.608,-0.0040000000000000036,0.0,7,7,7,8,1,False,False,1,results/transfer_v2/embedding_transfer_summary_v2.csv
mHSC-E,mHSC-L,mlp,precision_at_k,v4_type_pe_best,0.603,0.603,0.603,0.61,0.007000000000000006,0.0,8,8,8,7,-1,False,False,1,results/transfer_v2/embedding_transfer_summary_v2.csv
mHSC-GM,hESC,lr,precision_at_k,cl_scratch_v5,0.715,0.641026,0.368932,0.368932,-0.346068,-0.272094,4,3,2,3,-1,False,False,1,results/transfer_v2/embedding_transfer_summary_v2.csv
mHSC-GM,hESC,lr,precision_at_k,cl_v6_fair,0.733,0.666667,0.368932,0.368932,-0.364068,-0.297735,3,2,3,4,1,False,False,1,results/transfer_v2/embedding_transfer_summary_v2.csv
mHSC-GM,hESC,mlp,precision_at_k,cl_scratch_v5,0.772,0.641026,0.368932,0.368932,-0.40306800000000004,-0.272094,2,3,2,3,1,False,False,1,results/transfer_v2/embedding_transfer_summary_v2.csv
mHSC-GM,hESC,mlp,precision_at_k,cl_v6_fair,0.77,0.666667,0.368932,0.368932,-0.40106800000000004,-0.297735,3,2,3,4,1,False,False,1,results/transfer_v2/embedding_transfer_summary_v2.csv
mHSC-GM,hHep,lr,precision_at_k,baseline,0.781,0.636364,0.529412,0.529412,-0.25158800000000003,-0.10695200000000005,2,2,1,1,-1,False,False,1,results/transfer_v2/embedding_transfer_summary_v2.csv
mHSC-GM,hHep,lr,precision_at_k,minus,0.751,0.557895,0.529412,0.529412,-0.221588,-0.028483000000000036,3,6,4,4,1,False,False,2,results/transfer_v2/embedding_transfer_summary_v2.csv
mHSC-GM,hHep,mlp,precision_at_k,minus,0.787,0.557895,0.529412,0.529412,-0.25758800000000004,-0.028483000000000036,5,6,4,4,-1,False,False,2,results/transfer_v2/embedding_transfer_summary_v2.csv
mHSC-GM,mDC,lr,precision_at_k,scconcept,0.525,0.283465,0.46900000000000003,0.478,-0.04700000000000004,0.185535,7,10,7,6,-1,False,False,3,results/transfer_v2/embedding_transfer_summary_v2.csv
mHSC-GM,mDC,mlp,precision_at_k,baseline,0.59,0.666667,0.501,0.479,-0.11099999999999999,-0.165667,8,2,1,7,-1,False,False,1,results/transfer_v2/embedding_transfer_summary_v2.csv
mHSC-GM,mESC,mlp,precision_at_k,v4_plain_best,0.529,,0.875,0.875,0.346,,8,,6,7,-1,False,False,6,results/transfer_v2/embedding_transfer_summary_v2.csv
mHSC-GM,mHSC-E,lr,precision_at_k,baseline,0.813,0.813,0.813,0.783,-0.029999999999999916,0.0,3,3,3,4,1,False,False,1,results/transfer_v2/embedding_transfer_summary_v2.csv
mHSC-GM,mHSC-E,lr,precision_at_k,cl_scratch_v5,0.784,0.784,0.784,0.78,-0.0040000000000000036,0.0,4,4,4,5,1,False,False,1,results/transfer_v2/embedding_transfer_summary_v2.csv
mHSC-GM,mHSC-E,mlp,precision_at_k,baseline,0.816,0.816,0.816,0.8170000000000001,0.001000000000000112,0.0,2,2,2,1,-1,False,False,1,results/transfer_v2/embedding_transfer_summary_v2.csv
mHSC-GM,mHSC-E,mlp,precision_at_k,cl_scratch_v5,0.758,0.758,0.758,0.763,0.0050000000000000044,0.0,5,5,5,4,-1,False,False,1,results/transfer_v2/embedding_transfer_summary_v2.csv
mHSC-GM,mHSC-E,mlp,precision_at_k,cl_v6_fair,0.721,0.721,0.721,0.718,-0.0030000000000000027,0.0,8,8,8,7,-1,False,False,1,results/transfer_v2/embedding_transfer_summary_v2.csv
mHSC-GM,mHSC-E,mlp,precision_at_k,minus,0.842,0.842,0.842,0.805,-0.03699999999999992,0.0,1,1,1,2,1,True,False,1,results/transfer_v2/embedding_transfer_summary_v2.csv
mHSC-GM,mHSC-E,mlp,precision_at_k,v4_bias_rec_best,0.723,0.723,0.723,0.702,-0.02100000000000002,0.0,7,7,7,8,1,False,False,1,results/transfer_v2/embedding_transfer_summary_v2.csv
mHSC-GM,mHSC-E,mlp,precision_at_k,v4_type_pe_best,0.769,0.769,0.769,0.762,-0.007000000000000006,0.0,4,4,4,5,1,False,False,1,results/transfer_v2/embedding_transfer_summary_v2.csv
mHSC-L,hESC,lr,precision_at_k,minus,0.58,0.533333,0.368932,0.368932,-0.21106799999999998,-0.16440099999999996,6,3,4,5,-1,False,False,1,results/transfer_v2/embedding_transfer_summary_v2.csv
mHSC-L,hESC,lr,precision_at_k,scGPT_human,0.539,0.533333,0.368932,0.368932,-0.17006800000000005,-0.16440099999999996,7,4,5,6,-1,False,False,1,results/transfer_v2/embedding_transfer_summary_v2.csv
mHSC-L,hESC,lr,precision_at_k,scconcept,0.521,0.315789,0.368932,0.368932,-0.15206800000000004,0.053142999999999996,8,10,6,7,-1,False,False,4,results/transfer_v2/embedding_transfer_summary_v2.csv
mHSC-L,hESC,mlp,precision_at_k,baseline,0.834,0.493333,0.368932,0.368932,-0.465068,-0.12440100000000004,1,5,1,2,1,True,False,4,results/transfer_v2/embedding_transfer_summary_v2.csv
mHSC-L,hHep,lr,precision_at_k,baseline,0.6890000000000001,0.348315,0.529412,0.529412,-0.15958800000000006,0.181097,2,10,1,1,-1,False,False,9,results/transfer_v2/embedding_transfer_summary_v2.csv
mHSC-L,hHep,mlp,precision_at_k,scGPT_human,0.74,0.516129,0.529412,0.529412,-0.210588,0.013283000000000045,4,3,5,5,1,False,False,2,results/transfer_v2/embedding_transfer_summary_v2.csv
mHSC-L,mDC,lr,precision_at_k,v4_plain_best,0.598,0.37931,0.46599999999999997,0.469,-0.129,0.08668999999999999,5,10,5,4,-1,False,False,5,results/transfer_v2/embedding_transfer_summary_v2.csv
mHSC-L,mDC,mlp,precision_at_k,cl_v6_fair,0.685,0.444444,0.504,0.485,-0.20000000000000007,0.059556,2,8,4,3,1,False,False,4,results/transfer_v2/embedding_transfer_summary_v2.csv
mHSC-L,mDC,mlp,precision_at_k,scconcept,0.559,0.848485,0.464,0.461,-0.09800000000000003,-0.384485,8,1,9,9,1,False,True,8,results/transfer_v2/embedding_transfer_summary_v2.csv
mHSC-L,mDC,mlp,precision_at_k,scconcept_encoded,0.63,0.421053,0.46,0.481,-0.14900000000000002,0.03894700000000001,3,9,10,4,1,False,False,1,results/transfer_v2/embedding_transfer_summary_v2.csv
mHSC-L,mESC,mlp,precision_at_k,v4_bias_rec_best,0.541,0.31746,0.875,0.875,0.33399999999999996,0.5575399999999999,6,8,4,5,-1,False,False,4,results/transfer_v2/embedding_transfer_summary_v2.csv
mHSC-L,mHSC-E,lr,precision_at_k,minus,0.616,0.616,0.616,0.642,0.026000000000000023,0.0,5,5,5,4,-1,False,False,1,results/transfer_v2/embedding_transfer_summary_v2.csv
mHSC-L,mHSC-E,mlp,precision_at_k,cl_v6_fair,0.565,0.565,0.565,0.549,-0.015999999999999903,0.0,4,4,4,5,1,False,False,1,results/transfer_v2/embedding_transfer_summary_v2.csv
mHSC-L,mHSC-E,mlp,precision_at_k,minus,0.64,0.64,0.64,0.583,-0.05700000000000005,0.0,1,1,1,2,1,True,False,1,results/transfer_v2/embedding_transfer_summary_v2.csv
mHSC-L,mHSC-E,mlp,precision_at_k,scGPT_human,0.611,0.611,0.611,0.597,-0.014000000000000012,0.0,2,2,2,1,-1,False,False,1,results/transfer_v2/embedding_transfer_summary_v2.csv
mHSC-L,mHSC-E,mlp,precision_at_k,v4_type_pe_best,0.5800000000000001,0.5800000000000001,0.5800000000000001,0.561,-0.019000000000000017,0.0,3,3,3,4,1,False,False,1,results/transfer_v2/embedding_transfer_summary_v2.csv
hESC,hHep,lr,auprc,baseline,0.6151896,0.5759844,0.5590394,0.5617868,-0.05340279999999997,-0.016944999999999988,2,5,3,2,0,False,False,2,results/transfer_v2/embedding_transfer_summary_v2.csv
hESC,hHep,lr,auprc,minus,0.5690042,0.5263894,0.517969,0.5242022000000001,-0.0448019999999999,-0.008420399999999995,6,7,7,6,0,False,False,0,results/transfer_v2/embedding_transfer_summary_v2.csv
hESC,hHep,lr,auprc,v4_type_pe_best,0.639324,0.710221,0.591403,0.5778588,-0.0614652,-0.11881799999999998,1,1,1,1,0,False,False,0,results/transfer_v2/embedding_transfer_summary_v2.csv
hESC,hHep,mlp,auprc,baseline,0.642017,0.6093424,0.540721,0.5465894,-0.09542759999999995,-0.06862139999999994,2,5,2,2,0,False,False,3,results/transfer_v2/embedding_transfer_summary_v2.csv
hESC,hHep,mlp,auprc,v4_type_pe_best,0.672503,0.7282846,0.5657636,0.5568978,-0.11560519999999996,-0.16252099999999992,1,1,1,1,0,False,False,0,results/transfer_v2/embedding_transfer_summary_v2.csv
hESC,mDC,lr,auprc,scGPT_human,0.5553038,0.4607464,0.6597454,0.6721516,0.11684779999999995,0.19899900000000004,3,7,2,3,0,False,False,5,results/transfer_v2/embedding_transfer_summary_v2.csv
hESC,mDC,lr,auprc,scconcept_encoded,0.5242342,0.6182782,0.7154936000000001,0.6659728,0.14173860000000005,0.09721540000000006,4,2,1,4,0,False,False,1,results/transfer_v2/embedding_transfer_summary_v2.csv
hESC,mESC,lr,auprc,minus,0.518749,,0.897854,0.8973724,0.37862339999999994,,4,,5,4,0,False,False,5,results/transfer_v2/embedding_transfer_summary_v2.csv
hESC,mHSC-E,lr,auprc,baseline,0.5299878,0.5452484,0.5933834,0.526242,-0.0037458000000000213,0.04813500000000004,7,6,2,7,0,False,False,4,results/transfer_v2/embedding_transfer_summary_v2.csv
hESC,mHSC-E,lr,auprc,v4_plain_best,0.552683,0.4926024,0.6098562,0.6440542,0.09137119999999999,0.11725379999999996,4,9,1,4,0,False,False,8,results/transfer_v2/embedding_transfer_summary_v2.csv
hESC,mHSC-E,mlp,auprc,scGPT_human,0.5902762,0.5370512,0.5408862,0.6443968,0.05412059999999996,0.003835000000000033,2,5,4,2,0,False,True,1,results/transfer_v2/embedding_transfer_summary_v2.csv
hESC,mHSC-E,mlp,auprc,v4_bias_rec_best,0.5207152,0.3770194,0.5411162,0.5321546,0.011439399999999988,0.16409680000000004,8,10,3,8,0,False,False,7,results/transfer_v2/embedding_transfer_summary_v2.csv
hESC,mHSC-GM,lr,auprc,minus,0.6537312,0.5122376,0.525073,0.504123,-0.14960819999999997,0.012835400000000052,6,9,7,6,0,False,False,2,results/transfer_v2/embedding_transfer_summary_v2.csv
hESC,mHSC-GM,mlp,auprc,v4_plain_best,0.7169814,0.527766,0.5838896,0.5654768,-0.1515046,0.05612360000000005,4,9,3,4,0,False,False,6,results/transfer_v2/embedding_transfer_summary_v2.csv
hESC,mHSC-L,mlp,auprc,baseline,0.63017,0.5673262,0.5796326,0.5997146,-0.03045540000000002,0.01230640000000005,6,7,5,6,0,False,False,2,results/transfer_v2/embedding_transfer_summary_v2.csv
hESC,mHSC-L,mlp,auprc,scGPT_human,0.6712584,0.614148,0.5724476,0.6204192,-0.050839200000000084,-0.04170040000000008,2,5,7,2,0,False,True,2,results/transfer_v2/embedding_transfer_summary_v2.csv
hESC,mHSC-L,mlp,auprc,v4_plain_best,0.6253340000000001,0.6830238,0.6022573999999999,0.5854134,-0.039920600000000084,-0.08076640000000002,8,1,1,8,0,False,False,0,results/transfer_v2/embedding_transfer_summary_v2.csv
hHep,hESC,lr,auprc,cl_scratch_v5,0.6622994,0.7436442,0.5946936,0.5970101999999999,-0.06528920000000005,-0.14895059999999993,1,1,2,1,0,False,False,1,results/transfer_v2/embedding_transfer_summary_v2.csv
hHep,hESC,lr,auprc,cl_v6_fair,0.6581125999999999,0.614475,0.604797,0.5717446,-0.08636799999999989,-0.009677999999999964,3,6,1,3,0,False,False,5,results/transfer_v2/embedding_transfer_summary_v2.csv
hHep,hESC,lr,auprc,scconcept,0.524241,0.6375462,0.4159272,0.4217778,-0.10246319999999998,-0.22161899999999995,9,3,9,9,0,False,True,6,results/transfer_v2/embedding_transfer_summary_v2.csv
hHep,hESC,lr,auprc,scconcept_encoded,0.48205,0.6172404,0.3697512,0.365743,-0.116307,-0.24748920000000002,10,5,10,10,0,False,True,5,results/transfer_v2/embedding_transfer_summary_v2.csv
hHep,hESC,lr,auprc,v4_bias_rec_best,0.5849652,0.6354848,0.4935906,0.5050594,-0.07990579999999992,-0.14189419999999997,7,4,8,7,0,False,True,4,results/transfer_v2/embedding_transfer_summary_v2.csv
hHep,hESC,mlp,auprc,v4_bias_rec_best,0.6325372,0.6818296,0.5084164,0.5181074,-0.11442980000000003,-0.17341320000000005,8,4,8,8,0,False,False,4,results/transfer_v2/embedding_transfer_summary_v2.csv
hHep,hESC,mlp,auprc,v4_type_pe_best,0.6751322,0.6150844,0.5400214,0.5640288,-0.11110339999999996,-0.07506299999999999,2,8,6,2,0,False,False,2,results/transfer_v2/embedding_transfer_summary_v2.csv
hHep,mDC,lr,auprc,baseline,0.5319724,0.4637316,0.818416,0.8148546,0.2828822,0.3546844,6,9,6,6,0,False,False,3,results/transfer_v2/embedding_transfer_summary_v2.csv
hHep,mDC,mlp,auprc,v4_plain_best,0.5443796,0.4509278,0.8381502000000001,0.8389318,0.29455220000000004,0.3872224000000001,5,10,6,5,0,False,False,4,results/transfer_v2/embedding_transfer_summary_v2.csv
hHep,mHSC-E,lr,auprc,scconcept,0.5213637999999999,0.487231,0.459391,0.4787588,-0.04260499999999995,-0.02784000000000003,10,10,10,10,0,False,False,0,results/transfer_v2/embedding_transfer_summary_v2.csv
hHep,mHSC-E,lr,auprc,scconcept_encoded,0.587063,0.5628502,0.5012014,0.5014888,-0.08557420000000004,-0.06164879999999995,9,9,9,9,0,False,False,0,results/transfer_v2/embedding_transfer_summary_v2.csv
hHep,mHSC-E,mlp,auprc,scconcept,0.533004,0.5328298,0.492124,0.492,-0.04100400000000004,-0.040705800000000014,10,10,10,10,0,False,False,0,results/transfer_v2/embedding_transfer_summary_v2.csv
hHep,mHSC-E,mlp,auprc,scconcept_encoded,0.5748322,0.5440728,0.554137,0.5418952,-0.032936999999999994,0.010064199999999968,9,9,9,9,0,False,False,0,results/transfer_v2/embedding_transfer_summary_v2.csv
hHep,mHSC-GM,lr,auprc,minus,0.6763656,0.7356532,0.3769188,0.51232,-0.1640456,-0.3587344,4,3,6,4,0,False,False,3,results/transfer_v2/embedding_transfer_summary_v2.csv
hHep,mHSC-GM,mlp,auprc,scconcept_encoded,0.6014578,0.5430738,0.3712546,0.3046116,-0.29684620000000006,-0.17181920000000006,9,8,6,9,0,False,False,2,results/transfer_v2/embedding_transfer_summary_v2.csv
hHep,mHSC-L,lr,auprc,scconcept,0.51852,0.3605814,0.280966,0.32476299999999997,-0.193757,-0.0796154,10,10,10,10,0,False,False,0,results/transfer_v2/embedding_transfer_summary_v2.csv
hHep,mHSC-L,lr,auprc,scconcept_encoded,0.5279618,0.5671418,0.3252226,0.333022,-0.19493980000000005,-0.24191920000000006,9,7,9,9,0,False,True,2,results/transfer_v2/embedding_transfer_summary_v2.csv
hHep,mHSC-L,lr,auprc,v4_plain_best,0.6297476,0.6929666,0.438433,0.48667299999999997,-0.1430746,-0.25453359999999997,4,1,6,4,0,False,True,5,results/transfer_v2/embedding_transfer_summary_v2.csv
hHep,mHSC-L,mlp,auprc,cl_v6_fair,0.6463176,0.5354746,0.4017622,0.4025816,-0.24373600000000006,-0.1337124,7,9,6,7,0,False,False,3,results/transfer_v2/embedding_transfer_summary_v2.csv
hHep,mHSC-L,mlp,auprc,scconcept,0.522646,0.3793676,0.3076334,0.3344354,-0.18821060000000006,-0.07173420000000003,10,10,10,10,0,False,False,0,results/transfer_v2/embedding_transfer_summary_v2.csv
hHep,mHSC-L,mlp,auprc,scconcept_encoded,0.554713,0.5842202,0.3472494,0.337201,-0.21751200000000004,-0.23697079999999998,9,5,9,9,0,False,True,4,results/transfer_v2/embedding_transfer_summary_v2.csv
mDC,hHep,lr,auprc,v4_bias_rec_best,0.4254182,0.4841388,0.2855152,0.2803826,-0.14503560000000004,-0.19862359999999996,10,6,10,10,0,False,False,4,results/transfer_v2/embedding_transfer_summary_v2.csv
mDC,mESC,lr,auprc,baseline,0.5132436,0.474518,,,,,9,2,,,,False,False,2,results/transfer_v2/embedding_transfer_summary_v2.csv
mDC,mESC,lr,auprc,cl_scratch_v5,0.514062,,,,,,4,,,,,False,False,0,results/transfer_v2/embedding_transfer_summary_v2.csv
mDC,mESC,lr,auprc,cl_v6_fair,0.513764,0.4976452,,,,,6,1,,,,False,False,1,results/transfer_v2/embedding_transfer_summary_v2.csv
mDC,mESC,lr,auprc,minus,0.5141696,,,,,,3,,,,,False,False,0,results/transfer_v2/embedding_transfer_summary_v2.csv
mDC,mESC,lr,auprc,scGPT_human,0.5158818,,,,,,1,,,,,False,False,0,results/transfer_v2/embedding_transfer_summary_v2.csv
mDC,mESC,lr,auprc,scconcept,0.5134586,,,,,,8,,,,,False,False,0,results/transfer_v2/embedding_transfer_summary_v2.csv
mDC,mESC,lr,auprc,scconcept_encoded,0.5128864,,,,,,10,,,,,False,False,0,results/transfer_v2/embedding_transfer_summary_v2.csv
mDC,mESC,lr,auprc,v4_bias_rec_best,0.5144972,,,,,,2,,,,,False,False,0,results/transfer_v2/embedding_transfer_summary_v2.csv
mDC,mESC,lr,auprc,v4_plain_best,0.5134836,,,,,,7,,,,,False,False,0,results/transfer_v2/embedding_transfer_summary_v2.csv
mDC,mESC,lr,auprc,v4_type_pe_best,0.5140281999999999,0.4419156,,,,,5,3,,,,False,False,3,results/transfer_v2/embedding_transfer_summary_v2.csv
mDC,mESC,mlp,auprc,cl_scratch_v5,0.513396,0.43480874999999997,,,,,6,7,,,,False,False,7,results/transfer_v2/embedding_transfer_summary_v2.csv
mDC,mESC,mlp,auprc,cl_v6_fair,0.513466,0.5009819999999999,,,,,5,2,,,,False,False,2,results/transfer_v2/embedding_transfer_summary_v2.csv
mDC,mESC,mlp,auprc,minus,0.5126564,0.50006,0.8953869999999999,0.890528,0.3778716,0.395327,7,3,5,7,0,False,True,2,results/transfer_v2/embedding_transfer_summary_v2.csv
mDC,mESC,mlp,auprc,scconcept_encoded,0.5159632,0.4046632,0.8928288,,,0.4881656,1,8,7,,,False,False,1,results/transfer_v2/embedding_transfer_summary_v2.csv
mDC,mHSC-GM,lr,auprc,scconcept,0.5394338,0.6058754,0.38457420000000003,0.4543774,-0.08505639999999998,-0.22130119999999992,1,3,1,1,0,False,False,2,results/transfer_v2/embedding_transfer_summary_v2.csv
mDC,mHSC-GM,mlp,auprc,v4_bias_rec_best,0.443201,0.4657888,0.3781922,0.2882016,-0.1549994,-0.08759660000000002,10,7,9,10,0,False,True,2,results/transfer_v2/embedding_transfer_summary_v2.csv
mDC,mHSC-L,mlp,auprc,v4_type_pe_best,0.4563806,0.4280062,0.3804586,0.3702692,-0.0861114,-0.04754760000000002,8,9,7,8,0,False,False,2,results/transfer_v2/embedding_transfer_summary_v2.csv
mESC,hESC,mlp,auprc,baseline,0.4970998,0.5792266,0.3773255,0.371287,-0.1258128,-0.20190110000000006,3,1,3,3,0,False,False,2,results/transfer_v2/embedding_transfer_summary_v2.csv
mESC,hESC,mlp,auprc,cl_scratch_v5,0.49355140000000003,0.502123,,,,,7,9,,,,False,False,9,results/transfer_v2/embedding_transfer_summary_v2.csv
mESC,hESC,mlp,auprc,cl_v6_fair,0.497974,0.5685022,,,,,2,5,,,,False,False,5,results/transfer_v2/embedding_transfer_summary_v2.csv
mESC,hESC,mlp,auprc,minus,0.49328099999999997,0.5476610000000001,,,,,8,7,,,,False,False,7,results/transfer_v2/embedding_transfer_summary_v2.csv
mESC,hESC,mlp,auprc,scGPT_human,0.4893618,0.525243,,,,,10,8,,,,False,False,8,results/transfer_v2/embedding_transfer_summary_v2.csv
mESC,hESC,mlp,auprc,v4_bias_rec_best,0.4965388,0.563948,,,,,4,6,,,,False,False,6,results/transfer_v2/embedding_transfer_summary_v2.csv
mESC,hESC,mlp,auprc,v4_plain_best,0.4953538,0.4449434,,,,,5,10,,,,False,False,10,results/transfer_v2/embedding_transfer_summary_v2.csv
mESC,hESC,mlp,auprc,v4_type_pe_best,0.5069214,0.5762076,,,,,1,2,,,,False,False,2,results/transfer_v2/embedding_transfer_summary_v2.csv
mESC,hHep,mlp,auprc,cl_scratch_v5,0.519886,0.4754373333333333,,,,,2,10,,,,False,False,10,results/transfer_v2/embedding_transfer_summary_v2.csv
mESC,hHep,mlp,auprc,cl_v6_fair,0.5052606,0.479099,,,,,8,9,,,,False,False,9,results/transfer_v2/embedding_transfer_summary_v2.csv
mESC,hHep,mlp,auprc,minus,0.519481,0.5856648,,,,,4,6,,,,False,False,6,results/transfer_v2/embedding_transfer_summary_v2.csv
mESC,hHep,mlp,auprc,scGPT_human,0.5205846,0.6238618,0.400354,0.42069,-0.09989459999999994,-0.22350780000000003,1,1,2,1,0,False,True,1,results/transfer_v2/embedding_transfer_summary_v2.csv
mESC,hHep,mlp,auprc,scconcept_encoded,0.5147425999999999,0.5708132,,,,,6,7,,,,False,False,7,results/transfer_v2/embedding_transfer_summary_v2.csv
mESC,hHep,mlp,auprc,v4_bias_rec_best,0.498948,0.5508862,,,,,10,8,,,,False,False,8,results/transfer_v2/embedding_transfer_summary_v2.csv
mESC,hHep,mlp,auprc,v4_plain_best,0.5197454,0.6167586,,,,,3,3,,,,False,False,3,results/transfer_v2/embedding_transfer_summary_v2.csv
mESC,hHep,mlp,auprc,v4_type_pe_best,0.511953,0.602055,,,,,7,4,,,,False,False,4,results/transfer_v2/embedding_transfer_summary_v2.csv
mESC,hHep,lr,auprc,scconcept_encoded,0.5200772,0.5806178,0.4210362,0.4442092,-0.07586799999999999,-0.15958159999999993,4,2,2,4,0,False,False,0,results/transfer_v2/embedding_transfer_summary_v2.csv
mESC,mDC,mlp,auprc,scconcept_encoded,0.5282008,0.464416,0.8925358,0.9584136,0.43021279999999995,0.4281198,2,9,6,2,0,False,False,3,results/transfer_v2/embedding_transfer_summary_v2.csv
mESC,mDC,lr,auprc,baseline,0.5597622,,,,,,2,,,,,False,False,0,results/transfer_v2/embedding_transfer_summary_v2.csv
mESC,mDC,lr,auprc,cl_scratch_v5,0.5344262,,,,,,5,,,,,False,False,0,results/transfer_v2/embedding_transfer_summary_v2.csv
mESC,mDC,lr,auprc,cl_v6_fair,0.4806874,0.5174335999999999,,,,,8,3,,,,False,False,3,results/transfer_v2/embedding_transfer_summary_v2.csv
mESC,mDC,lr,auprc,minus,0.5624308,,,,,,1,,,,,False,False,0,results/transfer_v2/embedding_transfer_summary_v2.csv
mESC,mDC,lr,auprc,scGPT_human,0.5404158,0.6206646,,,,,4,1,,,,False,False,1,results/transfer_v2/embedding_transfer_summary_v2.csv
mESC,mDC,lr,auprc,scconcept,0.5335656,0.5739078,,,,,6,2,,,,False,False,2,results/transfer_v2/embedding_transfer_summary_v2.csv
mESC,mDC,lr,auprc,scconcept_encoded,0.4674354,0.4459242,,,,,10,6,,,,False,False,6,results/transfer_v2/embedding_transfer_summary_v2.csv
mESC,mDC,lr,auprc,v4_bias_rec_best,0.48356520000000003,,,,,,7,,,,,False,False,0,results/transfer_v2/embedding_transfer_summary_v2.csv
mESC,mDC,lr,auprc,v4_plain_best,0.5458082,0.49081400000000003,,,,,3,4,,,,False,False,4,results/transfer_v2/embedding_transfer_summary_v2.csv
mESC,mDC,lr,auprc,v4_type_pe_best,0.4688942,0.4554306,,,,,9,5,,,,False,False,5,results/transfer_v2/embedding_transfer_summary_v2.csv
mESC,mHSC-E,mlp,auprc,scconcept_encoded,0.4950748,0.4044144,0.5122344,0.3368684,-0.15820639999999997,0.10781999999999997,10,10,4,10,0,False,False,6,results/transfer_v2/embedding_transfer_summary_v2.csv
mESC,mHSC-E,lr,auprc,baseline,0.4659262,,,,,,10,,,,,False,False,0,results/transfer_v2/embedding_transfer_summary_v2.csv
mESC,mHSC-E,lr,auprc,cl_scratch_v5,0.5094696,,,,,,2,,,,,False,False,0,results/transfer_v2/embedding_transfer_summary_v2.csv
mESC,mHSC-E,lr,auprc,cl_v6_fair,0.4936078,,,,,,5,,,,,False,False,0,results/transfer_v2/embedding_transfer_summary_v2.csv
mESC,mHSC-E,lr,auprc,minus,0.49148339999999996,,,,,,7,,,,,False,False,0,results/transfer_v2/embedding_transfer_summary_v2.csv
mESC,mHSC-E,lr,auprc,scGPT_human,0.5131476,,,,,,1,,,,,False,False,0,results/transfer_v2/embedding_transfer_summary_v2.csv
mESC,mHSC-E,lr,auprc,scconcept,0.4855176,,,,,,8,,,,,False,False,0,results/transfer_v2/embedding_transfer_summary_v2.csv
mESC,mHSC-E,lr,auprc,scconcept_encoded,0.5034196,,,,,,3,,,,,False,False,0,results/transfer_v2/embedding_transfer_summary_v2.csv
mESC,mHSC-E,lr,auprc,v4_bias_rec_best,0.4959906,,,,,,4,,,,,False,False,0,results/transfer_v2/embedding_transfer_summary_v2.csv
mESC,mHSC-E,lr,auprc,v4_plain_best,0.4781878,,,,,,9,,,,,False,False,0,results/transfer_v2/embedding_transfer_summary_v2.csv
mESC,mHSC-E,lr,auprc,v4_type_pe_best,0.4920216,,,,,,6,,,,,False,False,0,results/transfer_v2/embedding_transfer_summary_v2.csv
mESC,mHSC-GM,mlp,auprc,cl_scratch_v5,0.513939,0.5027694,0.2646582,0.2658892,-0.24804980000000004,-0.23811120000000002,6,5,2,6,0,False,False,3,results/transfer_v2/embedding_transfer_summary_v2.csv
mESC,mHSC-GM,mlp,auprc,cl_v6_fair,0.522834,0.5524302,0.2561832,0.4008054,-0.12202860000000004,-0.296247,2,2,4,2,0,False,False,2,results/transfer_v2/embedding_transfer_summary_v2.csv
mESC,mHSC-GM,mlp,auprc,scGPT_human,0.5105546,0.4990574,0.24365799999999999,0.1870052,-0.3235494,-0.2553994,10,8,8,10,0,False,False,0,results/transfer_v2/embedding_transfer_summary_v2.csv
mESC,mHSC-GM,lr,auprc,baseline,0.5019591999999999,,,,,,6,,,,,False,False,0,results/transfer_v2/embedding_transfer_summary_v2.csv
mESC,mHSC-GM,lr,auprc,cl_scratch_v5,0.4980748,0.4990792,,,,,7,2,,,,False,False,2,results/transfer_v2/embedding_transfer_summary_v2.csv
mESC,mHSC-GM,lr,auprc,cl_v6_fair,0.5739728000000001,0.5388732,,,,,1,1,,,,False,False,1,results/transfer_v2/embedding_transfer_summary_v2.csv
mESC,mHSC-GM,lr,auprc,minus,0.5090936,,,,,,5,,,,,False,False,0,results/transfer_v2/embedding_transfer_summary_v2.csv
mESC,mHSC-GM,lr,auprc,scGPT_human,0.4754168,,,,,,9,,,,,False,False,0,results/transfer_v2/embedding_transfer_summary_v2.csv
mESC,mHSC-GM,lr,auprc,scconcept,0.5239358,,,,,,3,,,,,False,False,0,results/transfer_v2/embedding_transfer_summary_v2.csv
mESC,mHSC-GM,lr,auprc,scconcept_encoded,0.4609336,0.482242,,,,,10,3,,,,False,False,3,results/transfer_v2/embedding_transfer_summary_v2.csv
mESC,mHSC-GM,lr,auprc,v4_bias_rec_best,0.516647,,,,,,4,,,,,False,False,0,results/transfer_v2/embedding_transfer_summary_v2.csv
mESC,mHSC-GM,lr,auprc,v4_plain_best,0.5281282,,,,,,2,,,,,False,False,0,results/transfer_v2/embedding_transfer_summary_v2.csv
mESC,mHSC-GM,lr,auprc,v4_type_pe_best,0.4938882,0.481385,,,,,8,4,,,,False,False,4,results/transfer_v2/embedding_transfer_summary_v2.csv
mESC,mHSC-L,mlp,auprc,cl_v6_fair,0.5116836,0.51134,0.34995360000000003,0.3595492,-0.1521344,-0.16138639999999999,5,5,5,5,0,False,False,0,results/transfer_v2/embedding_transfer_summary_v2.csv
mESC,mHSC-L,mlp,auprc,scGPT_human,0.5062684,0.5632578,0.3436064,0.3166722,-0.18959619999999994,-0.21965140000000005,8,3,7,8,0,False,False,4,results/transfer_v2/embedding_transfer_summary_v2.csv
mESC,mHSC-L,lr,auprc,baseline,0.4866664,,,,,,8,,,,,False,False,0,results/transfer_v2/embedding_transfer_summary_v2.csv
mESC,mHSC-L,lr,auprc,cl_scratch_v5,0.5029766,,,,,,7,,,,,False,False,0,results/transfer_v2/embedding_transfer_summary_v2.csv
mESC,mHSC-L,lr,auprc,cl_v6_fair,0.5324872,,,,,,1,,,,,False,False,0,results/transfer_v2/embedding_transfer_summary_v2.csv
mESC,mHSC-L,lr,auprc,minus,0.5054862,,,,,,4,,,,,False,False,0,results/transfer_v2/embedding_transfer_summary_v2.csv
mESC,mHSC-L,lr,auprc,scGPT_human,0.4846144,,,,,,10,,,,,False,False,0,results/transfer_v2/embedding_transfer_summary_v2.csv
mESC,mHSC-L,lr,auprc,scconcept,0.504741,0.5198218,,,,,6,1,,,,False,False,1,results/transfer_v2/embedding_transfer_summary_v2.csv
mESC,mHSC-L,lr,auprc,scconcept_encoded,0.5267322,,,,,,2,,,,,False,False,0,results/transfer_v2/embedding_transfer_summary_v2.csv
mESC,mHSC-L,lr,auprc,v4_bias_rec_best,0.5226592,,,,,,3,,,,,False,False,0,results/transfer_v2/embedding_transfer_summary_v2.csv
mESC,mHSC-L,lr,auprc,v4_plain_best,0.5048663999999999,,,,,,5,,,,,False,False,0,results/transfer_v2/embedding_transfer_summary_v2.csv
mESC,mHSC-L,lr,auprc,v4_type_pe_best,0.4865032,,,,,,9,,,,,False,False,0,results/transfer_v2/embedding_transfer_summary_v2.csv
mHSC-E,hESC,lr,auprc,baseline,0.6315552,0.5728196,0.336747,0.3897434,-0.24181179999999997,-0.23607259999999997,4,7,7,4,0,False,False,0,results/transfer_v2/embedding_transfer_summary_v2.csv
mHSC-E,hESC,lr,auprc,cl_scratch_v5,0.5783436,0.5106876,0.3518194,0.3233356,-0.25500799999999996,-0.15886820000000001,7,9,6,7,0,False,False,3,results/transfer_v2/embedding_transfer_summary_v2.csv
mHSC-E,hESC,lr,auprc,minus,0.6394592,0.6268952,0.3542024,0.409517,-0.22994219999999999,-0.2726928,2,4,3,2,0,False,False,1,results/transfer_v2/embedding_transfer_summary_v2.csv
mHSC-E,hESC,lr,auprc,scconcept_encoded,0.4924418,0.4218536,0.282561,0.313142,-0.1792998,-0.1392926,9,10,10,9,0,False,False,0,results/transfer_v2/embedding_transfer_summary_v2.csv
mHSC-E,hESC,mlp,auprc,cl_scratch_v5,0.5855353999999999,0.528572,0.32885759999999997,0.3301016,-0.25543379999999993,-0.19971440000000007,7,9,7,7,0,False,False,2,results/transfer_v2/embedding_transfer_summary_v2.csv
mHSC-E,hHep,lr,auprc,baseline,0.6836482,0.7532478,0.9273782,0.8992782,0.21563,0.17413040000000002,8,5,4,8,0,False,False,1,results/transfer_v2/embedding_transfer_summary_v2.csv
mHSC-E,hHep,lr,auprc,scGPT_human,0.7299876,0.6488244,0.9367426,0.9391188,0.20913120000000007,0.2879182,4,7,3,4,0,False,False,4,results/transfer_v2/embedding_transfer_summary_v2.csv
mHSC-E,hHep,mlp,auprc,scconcept,0.5537012,0.5493766,0.6316648,0.6298814,0.07618020000000003,0.08228820000000003,9,10,10,9,0,False,False,0,results/transfer_v2/embedding_transfer_summary_v2.csv
mHSC-E,hHep,mlp,auprc,scconcept_encoded,0.523956,0.6085792,0.6398754,0.6218262,0.09787020000000002,0.031296199999999996,10,9,9,10,0,False,False,0,results/transfer_v2/embedding_transfer_summary_v2.csv
mHSC-E,mDC,lr,auprc,scconcept_encoded,0.4405886,0.393034,0.4262314,0.4194556,-0.021133000000000013,0.03319739999999999,10,9,10,10,0,False,False,1,results/transfer_v2/embedding_transfer_summary_v2.csv
mHSC-E,mDC,lr,auprc,v4_bias_rec_best,0.6128412,0.2645234,0.5913452,0.5565212,-0.056319999999999926,0.3268218,4,10,7,4,0,False,False,3,results/transfer_v2/embedding_transfer_summary_v2.csv
mHSC-E,mDC,mlp,auprc,scconcept_encoded,0.44512619999999997,0.3701908,0.4064494,0.4024796,-0.04264659999999998,0.03625860000000003,10,8,10,10,0,False,False,2,results/transfer_v2/embedding_transfer_summary_v2.csv
mHSC-E,mESC,mlp,auprc,baseline,0.5218818,0.7546726666666667,0.875,0.875,0.35311820000000005,0.12032733333333334,1,1,1,1,0,False,False,0,results/transfer_v2/embedding_transfer_summary_v2.csv
mHSC-E,mESC,mlp,auprc,cl_scratch_v5,0.513466,,,,,,7,,,,,False,False,0,results/transfer_v2/embedding_transfer_summary_v2.csv
mHSC-E,mESC,mlp,auprc,cl_v6_fair,0.514774,,,,,,6,,,,,False,False,0,results/transfer_v2/embedding_transfer_summary_v2.csv
mHSC-E,mESC,mlp,auprc,scGPT_human,0.516159,,0.875,0.875,0.35884099999999997,,3,,2,3,0,False,False,2,results/transfer_v2/embedding_transfer_summary_v2.csv
mHSC-E,mESC,mlp,auprc,scconcept_encoded,0.5158412,0.2850666,,,,,4,4,,,,False,False,4,results/transfer_v2/embedding_transfer_summary_v2.csv
mHSC-E,mESC,lr,auprc,baseline,0.520829,,,,,,1,,,,,False,False,0,results/transfer_v2/embedding_transfer_summary_v2.csv
mHSC-E,mESC,lr,auprc,cl_scratch_v5,0.5141462,,,,,,7,,,,,False,False,0,results/transfer_v2/embedding_transfer_summary_v2.csv
mHSC-E,mESC,lr,auprc,cl_v6_fair,0.5130384,,,,,,10,,,,,False,False,0,results/transfer_v2/embedding_transfer_summary_v2.csv
mHSC-E,mESC,lr,auprc,minus,0.5145184,,,,,,6,,,,,False,False,0,results/transfer_v2/embedding_transfer_summary_v2.csv
mHSC-E,mESC,lr,auprc,scGPT_human,0.5169857999999999,,,,,,2,,,,,False,False,0,results/transfer_v2/embedding_transfer_summary_v2.csv
mHSC-E,mESC,lr,auprc,scconcept,0.5164004,,,,,,3,,,,,False,False,0,results/transfer_v2/embedding_transfer_summary_v2.csv
mHSC-E,mESC,lr,auprc,scconcept_encoded,0.5162132,0.283547,,,,,4,1,,,,False,False,1,results/transfer_v2/embedding_transfer_summary_v2.csv
mHSC-E,mESC,lr,auprc,v4_bias_rec_best,0.5133808,,,,,,8,,,,,False,False,0,results/transfer_v2/embedding_transfer_summary_v2.csv
mHSC-E,mESC,lr,auprc,v4_plain_best,0.515312,,,,,,5,,,,,False,False,0,results/transfer_v2/embedding_transfer_summary_v2.csv
mHSC-E,mESC,lr,auprc,v4_type_pe_best,0.5131789999999999,,,,,,9,,,,,False,False,0,results/transfer_v2/embedding_transfer_summary_v2.csv
mHSC-E,mHSC-GM,lr,auprc,baseline,0.6822038,0.6822038,0.6822038,0.6803388,-0.0018650000000000055,0.0,2,2,2,2,0,False,False,0,results/transfer_v2/embedding_transfer_summary_v2.csv
mHSC-E,mHSC-GM,lr,auprc,cl_v6_fair,0.6319346,0.6319346,0.6319346,0.6309122,-0.0010223999999999789,0.0,6,6,6,6,0,False,False,0,results/transfer_v2/embedding_transfer_summary_v2.csv
mHSC-E,mHSC-GM,lr,auprc,scGPT_human,0.6842816,0.6842816,0.6842816,0.6880457999999999,0.0037641999999998843,0.0,1,1,1,1,0,False,False,0,results/transfer_v2/embedding_transfer_summary_v2.csv
mHSC-E,mHSC-GM,lr,auprc,scconcept_encoded,0.495018,0.495018,0.495018,0.5022698,0.007251799999999975,0.0,10,10,10,10,0,False,False,0,results/transfer_v2/embedding_transfer_summary_v2.csv
mHSC-E,mHSC-GM,lr,auprc,v4_bias_rec_best,0.6190584,0.6190584,0.6190584,0.6134838,-0.005574599999999985,0.0,7,7,7,7,0,False,False,0,results/transfer_v2/embedding_transfer_summary_v2.csv
mHSC-E,mHSC-GM,lr,auprc,v4_plain_best,0.6746452,0.6746452,0.6746452,0.674426,-0.00021919999999997497,0.0,3,3,3,3,0,False,False,0,results/transfer_v2/embedding_transfer_summary_v2.csv
mHSC-E,mHSC-GM,mlp,auprc,baseline,0.7269146,0.7269146,0.7269146,0.7264416,-0.0004729999999999457,0.0,2,2,2,2,0,False,False,0,results/transfer_v2/embedding_transfer_summary_v2.csv
mHSC-E,mHSC-GM,mlp,auprc,cl_scratch_v5,0.6954122,0.6954122,0.6954122,0.696096,0.0006838000000000122,0.0,3,3,3,3,0,False,False,0,results/transfer_v2/embedding_transfer_summary_v2.csv
mHSC-E,mHSC-GM,mlp,auprc,scGPT_human,0.6878624,0.6878624,0.6878624,0.6898254,0.001963000000000048,0.0,4,4,4,4,0,False,False,0,results/transfer_v2/embedding_transfer_summary_v2.csv
mHSC-E,mHSC-GM,mlp,auprc,scconcept,0.5949512,0.5949512,0.5949512,0.6069846,0.012033399999999972,0.0,9,9,9,9,0,False,False,0,results/transfer_v2/embedding_transfer_summary_v2.csv
mHSC-E,mHSC-GM,mlp,auprc,scconcept_encoded,0.5412904000000001,0.5412904000000001,0.5412904000000001,0.549294,0.008003599999999889,0.0,10,10,10,10,0,False,False,0,results/transfer_v2/embedding_transfer_summary_v2.csv
mHSC-E,mHSC-GM,mlp,auprc,v4_plain_best,0.7287026,0.7287026,0.7287026,0.7284368,-0.0002657999999999827,0.0,1,1,1,1,0,False,False,0,results/transfer_v2/embedding_transfer_summary_v2.csv
mHSC-E,mHSC-L,lr,auprc,baseline,0.635266,0.635266,0.635266,0.6337958,-0.001470199999999977,0.0,2,2,2,2,0,False,False,0,results/transfer_v2/embedding_transfer_summary_v2.csv
mHSC-E,mHSC-L,lr,auprc,cl_scratch_v5,0.5632024,0.5632024,0.5632024,0.5731925999999999,0.009990199999999949,0.0,6,6,6,6,0,False,False,0,results/transfer_v2/embedding_transfer_summary_v2.csv
mHSC-E,mHSC-L,lr,auprc,cl_v6_fair,0.5896016,0.5896016,0.5896016,0.5910442,0.0014426000000000716,0.0,5,5,5,5,0,False,False,0,results/transfer_v2/embedding_transfer_summary_v2.csv
mHSC-E,mHSC-L,lr,auprc,minus,0.6566948,0.6566948,0.6566948,0.6521154,-0.004579400000000011,0.0,1,1,1,1,0,False,False,0,results/transfer_v2/embedding_transfer_summary_v2.csv
mHSC-E,mHSC-L,lr,auprc,scGPT_human,0.6161624,0.6161624,0.6161624,0.6191254,0.002963000000000049,0.0,3,3,3,3,0,False,False,0,results/transfer_v2/embedding_transfer_summary_v2.csv
mHSC-E,mHSC-L,lr,auprc,scconcept,0.520925,0.520925,0.520925,0.5183534,-0.002571600000000007,0.0,9,9,9,9,0,False,False,0,results/transfer_v2/embedding_transfer_summary_v2.csv
mHSC-E,mHSC-L,lr,auprc,scconcept_encoded,0.5048516000000001,0.5048516000000001,0.5048516000000001,0.5082192,0.003367599999999915,0.0,10,10,10,10,0,False,False,0,results/transfer_v2/embedding_transfer_summary_v2.csv
mHSC-E,mHSC-L,lr,auprc,v4_bias_rec_best,0.5551126,0.5551126,0.5551126,0.5541024,-0.0010101999999999611,0.0,8,8,8,8,0,False,False,0,results/transfer_v2/embedding_transfer_summary_v2.csv
mHSC-E,mHSC-L,lr,auprc,v4_plain_best,0.6033448,0.6033448,0.6033448,0.5981992,-0.005145599999999972,0.0,4,4,4,4,0,False,False,0,results/transfer_v2/embedding_transfer_summary_v2.csv
mHSC-E,mHSC-L,lr,auprc,v4_type_pe_best,0.5592036,0.5592036,0.5592036,0.5669078,0.007704199999999939,0.0,7,7,7,7,0,False,False,0,results/transfer_v2/embedding_transfer_summary_v2.csv
mHSC-E,mHSC-L,mlp,auprc,baseline,0.635948,0.635948,0.635948,0.634746,-0.0012019999999999254,0.0,2,2,2,2,0,False,False,0,results/transfer_v2/embedding_transfer_summary_v2.csv
mHSC-E,mHSC-L,mlp,auprc,cl_v6_fair,0.596185,0.596185,0.596185,0.5974856000000001,0.0013006000000000961,0.0,6,6,6,6,0,False,False,0,results/transfer_v2/embedding_transfer_summary_v2.csv
mHSC-E,mHSC-L,mlp,auprc,minus,0.653338,0.653338,0.653338,0.6474262,-0.005911800000000023,0.0,1,1,1,1,0,False,False,0,results/transfer_v2/embedding_transfer_summary_v2.csv
mHSC-E,mHSC-L,mlp,auprc,scGPT_human,0.6140114,0.6140114,0.6140114,0.6168744,0.00286300000000006,0.0,4,4,4,4,0,False,False,0,results/transfer_v2/embedding_transfer_summary_v2.csv
mHSC-E,mHSC-L,mlp,auprc,scconcept,0.5290312,0.5290312,0.5290312,0.5248442,-0.004187000000000052,0.0,9,9,9,9,0,False,False,0,results/transfer_v2/embedding_transfer_summary_v2.csv
mHSC-E,mHSC-L,mlp,auprc,scconcept_encoded,0.4859732,0.4859732,0.4859732,0.492234,0.006260800000000011,0.0,10,10,10,10,0,False,False,0,results/transfer_v2/embedding_transfer_summary_v2.csv
mHSC-E,mHSC-L,mlp,auprc,v4_plain_best,0.6324482,0.6324482,0.6324482,0.6256322,-0.006816000000000044,0.0,3,3,3,3,0,False,False,0,results/transfer_v2/embedding_transfer_summary_v2.csv
mHSC-E,mHSC-L,mlp,auprc,v4_type_pe_best,0.6007358,0.6007358,0.6007358,0.6070678,0.006332000000000004,0.0,5,5,5,5,0,False,False,0,results/transfer_v2/embedding_transfer_summary_v2.csv
mHSC-GM,hESC,lr,auprc,cl_v6_fair,0.6683814,0.7061876,0.5804164,0.577951,-0.09043040000000002,-0.12577119999999997,3,5,1,3,0,False,False,4,results/transfer_v2/embedding_transfer_summary_v2.csv
mHSC-GM,hESC,mlp,auprc,cl_scratch_v5,0.7061982,0.863659,0.5759468,0.5620398,-0.14415840000000002,-0.2877122,4,1,2,4,0,False,False,1,results/transfer_v2/embedding_transfer_summary_v2.csv
mHSC-GM,hESC,mlp,auprc,cl_v6_fair,0.7218572,0.7418816,0.6070512,0.5995782000000001,-0.12227899999999992,-0.13483040000000002,2,5,1,2,0,False,False,4,results/transfer_v2/embedding_transfer_summary_v2.csv
mHSC-GM,hESC,mlp,auprc,minus,0.6683228,0.800949,0.469426,0.4569682,-0.2113546,-0.331523,8,4,7,8,0,False,False,3,results/transfer_v2/embedding_transfer_summary_v2.csv
mHSC-GM,hHep,mlp,auprc,cl_scratch_v5,0.6892328,0.7721654,0.7681528,0.6768176,-0.01241519999999996,-0.004012600000000033,7,6,4,7,0,False,False,2,results/transfer_v2/embedding_transfer_summary_v2.csv
mHSC-GM,hHep,mlp,auprc,cl_v6_fair,0.6582808,0.7301352,0.7653362,0.6496984,-0.00858239999999999,0.03520100000000004,8,8,5,8,0,False,False,3,results/transfer_v2/embedding_transfer_summary_v2.csv
mHSC-GM,hHep,mlp,auprc,scconcept,0.545085,0.7521486000000001,0.5851544,0.5390024,-0.006082600000000049,-0.1669942000000001,10,7,10,10,0,False,False,3,results/transfer_v2/embedding_transfer_summary_v2.csv
mHSC-GM,mDC,mlp,auprc,cl_v6_fair,0.5515632,0.3963098,0.615919,0.5456152,-0.005948000000000064,0.2196092,7,8,3,7,0,False,False,5,results/transfer_v2/embedding_transfer_summary_v2.csv
mHSC-GM,mDC,mlp,auprc,scconcept,0.5141424,0.3059702,0.5190628,0.4776942,-0.036448199999999986,0.21309260000000002,9,10,9,9,0,False,False,1,results/transfer_v2/embedding_transfer_summary_v2.csv
mHSC-GM,mESC,mlp,auprc,cl_scratch_v5,0.518692,,,,,,1,,,,,False,False,0,results/transfer_v2/embedding_transfer_summary_v2.csv
mHSC-GM,mESC,mlp,auprc,cl_v6_fair,0.518692,0.589005,,,,,2,2,,,,False,False,2,results/transfer_v2/embedding_transfer_summary_v2.csv
mHSC-GM,mESC,mlp,auprc,v4_plain_best,0.514902,,0.875,0.875,0.36009800000000003,,7,,6,7,0,False,False,6,results/transfer_v2/embedding_transfer_summary_v2.csv
mHSC-GM,mESC,lr,auprc,baseline,0.5146996,,,,,,9,,,,,False,False,0,results/transfer_v2/embedding_transfer_summary_v2.csv
mHSC-GM,mESC,lr,auprc,cl_scratch_v5,0.5200656,,,,,,3,,,,,False,False,0,results/transfer_v2/embedding_transfer_summary_v2.csv
mHSC-GM,mESC,lr,auprc,cl_v6_fair,0.520276,0.554577,,,,,2,1,,,,False,False,1,results/transfer_v2/embedding_transfer_summary_v2.csv
mHSC-GM,mESC,lr,auprc,minus,0.5169296,,,,,,8,,,,,False,False,0,results/transfer_v2/embedding_transfer_summary_v2.csv
mHSC-GM,mESC,lr,auprc,scGPT_human,0.5136446,,,,,,10,,,,,False,False,0,results/transfer_v2/embedding_transfer_summary_v2.csv
mHSC-GM,mESC,lr,auprc,scconcept,0.5209408,,,,,,1,,,,,False,False,0,results/transfer_v2/embedding_transfer_summary_v2.csv
mHSC-GM,mESC,lr,auprc,scconcept_encoded,0.519561,,,,,,4,,,,,False,False,0,results/transfer_v2/embedding_transfer_summary_v2.csv
mHSC-GM,mESC,lr,auprc,v4_bias_rec_best,0.5172438,,,,,,7,,,,,False,False,0,results/transfer_v2/embedding_transfer_summary_v2.csv
mHSC-GM,mESC,lr,auprc,v4_plain_best,0.517437,,,,,,6,,,,,False,False,0,results/transfer_v2/embedding_transfer_summary_v2.csv
mHSC-GM,mESC,lr,auprc,v4_type_pe_best,0.5177882,,,,,,5,,,,,False,False,0,results/transfer_v2/embedding_transfer_summary_v2.csv
mHSC-GM,mHSC-E,lr,auprc,baseline,0.752751,0.752751,0.752751,0.744081,-0.008669999999999956,0.0,2,2,2,2,0,False,False,0,results/transfer_v2/embedding_transfer_summary_v2.csv
mHSC-GM,mHSC-E,lr,auprc,scGPT_human,0.7785698,0.7785698,0.7785698,0.7597636,-0.018806199999999995,0.0,1,1,1,1,0,False,False,0,results/transfer_v2/embedding_transfer_summary_v2.csv
mHSC-GM,mHSC-E,lr,auprc,scconcept,0.560323,0.560323,0.560323,0.5617482,0.0014252000000000153,0.0,10,10,10,10,0,False,False,0,results/transfer_v2/embedding_transfer_summary_v2.csv
mHSC-GM,mHSC-E,lr,auprc,scconcept_encoded,0.6125456,0.6125456,0.6125456,0.6179332,0.005387599999999937,0.0,9,9,9,9,0,False,False,0,results/transfer_v2/embedding_transfer_summary_v2.csv
mHSC-GM,mHSC-E,lr,auprc,v4_bias_rec_best,0.6768546,0.6768546,0.6768546,0.6689312,-0.007923400000000025,0.0,7,7,7,7,0,False,False,0,results/transfer_v2/embedding_transfer_summary_v2.csv
mHSC-GM,mHSC-E,mlp,auprc,baseline,0.7672095999999999,0.7672095999999999,0.7672095999999999,0.7640408,-0.0031687999999999716,0.0,1,1,1,1,0,False,False,0,results/transfer_v2/embedding_transfer_summary_v2.csv
mHSC-GM,mHSC-E,mlp,auprc,cl_scratch_v5,0.7241776,0.7241776,0.7241776,0.7284967999999999,0.0043191999999999675,0.0,4,4,4,4,0,False,False,0,results/transfer_v2/embedding_transfer_summary_v2.csv
mHSC-GM,mHSC-E,mlp,auprc,cl_v6_fair,0.6878086,0.6878086,0.6878086,0.6820514,-0.005757200000000018,0.0,7,7,7,7,0,False,False,0,results/transfer_v2/embedding_transfer_summary_v2.csv
mHSC-GM,mHSC-E,mlp,auprc,minus,0.7583552,0.7583552,0.7583552,0.7504682,-0.007886999999999977,0.0,3,3,3,3,0,False,False,0,results/transfer_v2/embedding_transfer_summary_v2.csv
mHSC-GM,mHSC-E,mlp,auprc,scGPT_human,0.7626102,0.7626102,0.7626102,0.7506492,-0.011961,0.0,2,2,2,2,0,False,False,0,results/transfer_v2/embedding_transfer_summary_v2.csv
mHSC-GM,mHSC-E,mlp,auprc,scconcept,0.5777952,0.5777952,0.5777952,0.5776169999999999,-0.00017820000000001723,0.0,9,9,9,9,0,False,False,0,results/transfer_v2/embedding_transfer_summary_v2.csv
mHSC-GM,mHSC-E,mlp,auprc,scconcept_encoded,0.5677554,0.5677554,0.5677554,0.5594874,-0.008268000000000053,0.0,10,10,10,10,0,False,False,0,results/transfer_v2/embedding_transfer_summary_v2.csv
mHSC-GM,mHSC-E,mlp,auprc,v4_bias_rec_best,0.6862772,0.6862772,0.6862772,0.6780200000000001,-0.008257199999999965,0.0,8,8,8,8,0,False,False,0,results/transfer_v2/embedding_transfer_summary_v2.csv
mHSC-GM,mHSC-L,lr,auprc,baseline,0.7458596,0.7458596,0.7458596,0.7458596,0.0,0.0,9,9,9,9,0,False,False,0,results/transfer_v2/embedding_transfer_summary_v2.csv
mHSC-GM,mHSC-L,lr,auprc,cl_scratch_v5,0.7679196,0.7679196,0.7679196,0.7679196,0.0,0.0,7,7,7,7,0,False,False,0,results/transfer_v2/embedding_transfer_summary_v2.csv
mHSC-GM,mHSC-L,lr,auprc,cl_v6_fair,0.7886141999999999,0.7886141999999999,0.7886141999999999,0.7886141999999999,0.0,0.0,2,2,2,2,0,False,False,0,results/transfer_v2/embedding_transfer_summary_v2.csv
mHSC-GM,mHSC-L,lr,auprc,minus,0.7868306,0.7868306,0.7868306,0.7868306,0.0,0.0,3,3,3,3,0,False,False,0,results/transfer_v2/embedding_transfer_summary_v2.csv
mHSC-GM,mHSC-L,lr,auprc,scGPT_human,0.7931812,0.7931812,0.7931812,0.7931812,0.0,0.0,1,1,1,1,0,False,False,0,results/transfer_v2/embedding_transfer_summary_v2.csv
mHSC-GM,mHSC-L,lr,auprc,scconcept,0.7571696,0.7571696,0.7571696,0.7571696,0.0,0.0,8,8,8,8,0,False,False,0,results/transfer_v2/embedding_transfer_summary_v2.csv
mHSC-GM,mHSC-L,lr,auprc,scconcept_encoded,0.6757106,0.6757106,0.6757106,0.6757106,0.0,0.0,10,10,10,10,0,False,False,0,results/transfer_v2/embedding_transfer_summary_v2.csv
mHSC-GM,mHSC-L,lr,auprc,v4_bias_rec_best,0.7743598,0.7743598,0.7743598,0.7743598,0.0,0.0,4,4,4,4,0,False,False,0,results/transfer_v2/embedding_transfer_summary_v2.csv
mHSC-GM,mHSC-L,lr,auprc,v4_plain_best,0.7739192,0.7739192,0.7739192,0.7739192,0.0,0.0,5,5,5,5,0,False,False,0,results/transfer_v2/embedding_transfer_summary_v2.csv
mHSC-GM,mHSC-L,lr,auprc,v4_type_pe_best,0.7739074,0.7739074,0.7739074,0.7739074,0.0,0.0,6,6,6,6,0,False,False,0,results/transfer_v2/embedding_transfer_summary_v2.csv
mHSC-GM,mHSC-L,mlp,auprc,baseline,0.8080976,0.8080976,0.8080976,0.8080976,0.0,0.0,8,8,8,8,0,False,False,0,results/transfer_v2/embedding_transfer_summary_v2.csv
mHSC-GM,mHSC-L,mlp,auprc,cl_scratch_v5,0.809122,0.809122,0.809122,0.809122,0.0,0.0,7,7,7,7,0,False,False,0,results/transfer_v2/embedding_transfer_summary_v2.csv
mHSC-GM,mHSC-L,mlp,auprc,cl_v6_fair,0.8230708,0.8230708,0.8230708,0.8230708,0.0,0.0,3,3,3,3,0,False,False,0,results/transfer_v2/embedding_transfer_summary_v2.csv
mHSC-GM,mHSC-L,mlp,auprc,minus,0.81859,0.81859,0.81859,0.81859,0.0,0.0,5,5,5,5,0,False,False,0,results/transfer_v2/embedding_transfer_summary_v2.csv
mHSC-GM,mHSC-L,mlp,auprc,scGPT_human,0.82272,0.82272,0.82272,0.82272,0.0,0.0,4,4,4,4,0,False,False,0,results/transfer_v2/embedding_transfer_summary_v2.csv
mHSC-GM,mHSC-L,mlp,auprc,scconcept,0.7968252,0.7968252,0.7968252,0.7968252,0.0,0.0,9,9,9,9,0,False,False,0,results/transfer_v2/embedding_transfer_summary_v2.csv
mHSC-GM,mHSC-L,mlp,auprc,scconcept_encoded,0.761072,0.761072,0.761072,0.761072,0.0,0.0,10,10,10,10,0,False,False,0,results/transfer_v2/embedding_transfer_summary_v2.csv
mHSC-GM,mHSC-L,mlp,auprc,v4_bias_rec_best,0.826482,0.826482,0.826482,0.826482,0.0,0.0,1,1,1,1,0,False,False,0,results/transfer_v2/embedding_transfer_summary_v2.csv
mHSC-GM,mHSC-L,mlp,auprc,v4_plain_best,0.8117648,0.8117648,0.8117648,0.8117648,0.0,0.0,6,6,6,6,0,False,False,0,results/transfer_v2/embedding_transfer_summary_v2.csv
mHSC-GM,mHSC-L,mlp,auprc,v4_type_pe_best,0.825128,0.825128,0.825128,0.825128,0.0,0.0,2,2,2,2,0,False,False,0,results/transfer_v2/embedding_transfer_summary_v2.csv
mHSC-L,hESC,lr,auprc,cl_scratch_v5,0.5994268,0.7209902,0.5121352,0.4869974,-0.11242940000000001,-0.208855,5,2,2,5,0,False,False,0,results/transfer_v2/embedding_transfer_summary_v2.csv
mHSC-L,hESC,mlp,auprc,baseline,0.7549676,0.7002632,0.5424042,0.5793596,-0.175608,-0.15785899999999997,1,5,3,1,0,False,False,2,results/transfer_v2/embedding_transfer_summary_v2.csv
mHSC-L,hESC,mlp,auprc,scGPT_human,0.6552404,0.7677461999999999,0.411916,0.4279568,-0.22728359999999992,-0.35583019999999993,8,2,9,8,0,False,True,7,results/transfer_v2/embedding_transfer_summary_v2.csv
mHSC-L,hESC,mlp,auprc,v4_bias_rec_best,0.7336426,0.7078338,0.5540024,0.5593344,-0.17430820000000002,-0.15383139999999995,2,4,2,2,0,False,False,2,results/transfer_v2/embedding_transfer_summary_v2.csv
mHSC-L,hHep,lr,auprc,minus,0.5123308,0.579062,0.5345164,0.5675164,0.05518560000000006,-0.04454559999999996,8,6,8,8,0,False,True,2,results/transfer_v2/embedding_transfer_summary_v2.csv
mHSC-L,hHep,mlp,auprc,cl_v6_fair,0.5872154,0.7527505999999999,0.5809748,0.5153112,-0.07190420000000008,-0.17177579999999992,8,2,6,8,0,False,False,4,results/transfer_v2/embedding_transfer_summary_v2.csv
mHSC-L,mDC,mlp,auprc,cl_v6_fair,0.6101326,0.3863106,0.6328668000000001,0.5943284,-0.015804200000000046,0.24655620000000006,2,10,3,2,0,False,False,7,results/transfer_v2/embedding_transfer_summary_v2.csv
mHSC-L,mESC,mlp,auprc,baseline,0.5196102,0.5300815,,,,,4,2,,,,False,False,2,results/transfer_v2/embedding_transfer_summary_v2.csv
mHSC-L,mESC,mlp,auprc,cl_scratch_v5,0.5201026,,,,,,3,,,,,False,False,0,results/transfer_v2/embedding_transfer_summary_v2.csv
mHSC-L,mESC,mlp,auprc,cl_v6_fair,0.5204864,0.566917,,,,,1,1,,,,False,False,1,results/transfer_v2/embedding_transfer_summary_v2.csv
mHSC-L,mESC,mlp,auprc,v4_plain_best,0.5173835999999999,0.34810775,0.875,0.875,0.35761640000000006,0.52689225,6,6,5,6,0,False,False,1,results/transfer_v2/embedding_transfer_summary_v2.csv
mHSC-L,mESC,lr,auprc,baseline,0.5185862,,,,,,6,,,,,False,False,0,results/transfer_v2/embedding_transfer_summary_v2.csv
mHSC-L,mESC,lr,auprc,cl_scratch_v5,0.519268,,,,,,5,,,,,False,False,0,results/transfer_v2/embedding_transfer_summary_v2.csv
mHSC-L,mESC,lr,auprc,cl_v6_fair,0.5200656,0.5733104,,,,,2,1,,,,False,False,1,results/transfer_v2/embedding_transfer_summary_v2.csv
mHSC-L,mESC,lr,auprc,minus,0.5203396,,,,,,1,,,,,False,False,0,results/transfer_v2/embedding_transfer_summary_v2.csv
mHSC-L,mESC,lr,auprc,scGPT_human,0.5136267999999999,,,,,,10,,,,,False,False,0,results/transfer_v2/embedding_transfer_summary_v2.csv
mHSC-L,mESC,lr,auprc,scconcept,0.517251,,,,,,8,,,,,False,False,0,results/transfer_v2/embedding_transfer_summary_v2.csv
mHSC-L,mESC,lr,auprc,scconcept_encoded,0.519687,0.4753328,,,,,3,2,,,,False,False,2,results/transfer_v2/embedding_transfer_summary_v2.csv
mHSC-L,mESC,lr,auprc,v4_bias_rec_best,0.5151396,,,,,,9,,,,,False,False,0,results/transfer_v2/embedding_transfer_summary_v2.csv
mHSC-L,mESC,lr,auprc,v4_plain_best,0.5179468,,,,,,7,,,,,False,False,0,results/transfer_v2/embedding_transfer_summary_v2.csv
mHSC-L,mESC,lr,auprc,v4_type_pe_best,0.5195892,,,,,,4,,,,,False,False,0,results/transfer_v2/embedding_transfer_summary_v2.csv
mHSC-L,mHSC-E,lr,auprc,baseline,0.666772,0.666772,0.666772,0.658973,-0.007799,0.0,1,1,1,1,0,False,False,0,results/transfer_v2/embedding_transfer_summary_v2.csv
mHSC-L,mHSC-E,lr,auprc,cl_scratch_v5,0.6079238,0.6079238,0.6079238,0.604421,-0.003502800000000028,0.0,3,3,3,3,0,False,False,0,results/transfer_v2/embedding_transfer_summary_v2.csv
mHSC-L,mHSC-E,lr,auprc,scGPT_human,0.6193412,0.6193412,0.6193412,0.6337032,0.014361999999999986,0.0,2,2,2,2,0,False,False,0,results/transfer_v2/embedding_transfer_summary_v2.csv
mHSC-L,mHSC-E,lr,auprc,scconcept,0.4892908,0.4892908,0.4892908,0.4800334,-0.009257400000000027,0.0,10,10,10,10,0,False,False,0,results/transfer_v2/embedding_transfer_summary_v2.csv
mHSC-L,mHSC-E,lr,auprc,scconcept_encoded,0.552125,0.552125,0.552125,0.5580036,0.005878600000000067,0.0,5,5,5,5,0,False,False,0,results/transfer_v2/embedding_transfer_summary_v2.csv
mHSC-L,mHSC-E,mlp,auprc,baseline,0.578245,0.578245,0.578245,0.5780694000000001,-0.00017559999999994247,0.0,4,4,4,4,0,False,False,0,results/transfer_v2/embedding_transfer_summary_v2.csv
mHSC-L,mHSC-E,mlp,auprc,scconcept,0.4533134,0.4533134,0.4533134,0.449833,-0.0034803999999999946,0.0,10,10,10,10,0,False,False,0,results/transfer_v2/embedding_transfer_summary_v2.csv
mHSC-L,mHSC-E,mlp,auprc,scconcept_encoded,0.47810159999999996,0.47810159999999996,0.47810159999999996,0.4843892,0.00628760000000006,0.0,9,9,9,9,0,False,False,0,results/transfer_v2/embedding_transfer_summary_v2.csv
mHSC-L,mHSC-E,mlp,auprc,v4_bias_rec_best,0.5730424,0.5730424,0.5730424,0.5683698,-0.004672599999999916,0.0,6,6,6,6,0,False,False,0,results/transfer_v2/embedding_transfer_summary_v2.csv
mHSC-L,mHSC-E,mlp,auprc,v4_type_pe_best,0.5898092,0.5898092,0.5898092,0.5854161999999999,-0.004393000000000091,0.0,3,3,3,3,0,False,False,0,results/transfer_v2/embedding_transfer_summary_v2.csv
mHSC-L,mHSC-GM,lr,auprc,baseline,0.7749204,0.7749204,0.7749204,0.7749204,0.0,0.0,5,5,5,5,0,False,False,0,results/transfer_v2/embedding_transfer_summary_v2.csv
mHSC-L,mHSC-GM,lr,auprc,cl_scratch_v5,0.7796558,0.7796558,0.7796558,0.7796558,0.0,0.0,4,4,4,4,0,False,False,0,results/transfer_v2/embedding_transfer_summary_v2.csv
mHSC-L,mHSC-GM,lr,auprc,cl_v6_fair,0.783271,0.783271,0.783271,0.783271,0.0,0.0,2,2,2,2,0,False,False,0,results/transfer_v2/embedding_transfer_summary_v2.csv
mHSC-L,mHSC-GM,lr,auprc,minus,0.7247094,0.7247094,0.7247094,0.7247094,0.0,0.0,8,8,8,8,0,False,False,0,results/transfer_v2/embedding_transfer_summary_v2.csv
mHSC-L,mHSC-GM,lr,auprc,scGPT_human,0.7411682,0.7411682,0.7411682,0.7411682,0.0,0.0,7,7,7,7,0,False,False,0,results/transfer_v2/embedding_transfer_summary_v2.csv
mHSC-L,mHSC-GM,lr,auprc,scconcept,0.6692794,0.6692794,0.6692794,0.6692794,0.0,0.0,10,10,10,10,0,False,False,0,results/transfer_v2/embedding_transfer_summary_v2.csv
mHSC-L,mHSC-GM,lr,auprc,scconcept_encoded,0.6763234,0.6763234,0.6763234,0.6763234,0.0,0.0,9,9,9,9,0,False,False,0,results/transfer_v2/embedding_transfer_summary_v2.csv
mHSC-L,mHSC-GM,lr,auprc,v4_bias_rec_best,0.7442422,0.7442422,0.7442422,0.7442422,0.0,0.0,6,6,6,6,0,False,False,0,results/transfer_v2/embedding_transfer_summary_v2.csv
mHSC-L,mHSC-GM,lr,auprc,v4_plain_best,0.8093276,0.8093276,0.8093276,0.8093276,0.0,0.0,1,1,1,1,0,False,False,0,results/transfer_v2/embedding_transfer_summary_v2.csv
mHSC-L,mHSC-GM,lr,auprc,v4_type_pe_best,0.7822294,0.7822294,0.7822294,0.7822294,0.0,0.0,3,3,3,3,0,False,False,0,results/transfer_v2/embedding_transfer_summary_v2.csv
mHSC-L,mHSC-GM,mlp,auprc,baseline,0.8487142,0.8487142,0.8487142,0.8487142,0.0,0.0,4,4,4,4,0,False,False,0,results/transfer_v2/embedding_transfer_summary_v2.csv
mHSC-L,mHSC-GM,mlp,auprc,cl_scratch_v5,0.8436315999999999,0.8436315999999999,0.8436315999999999,0.8436315999999999,0.0,0.0,6,6,6,6,0,False,False,0,results/transfer_v2/embedding_transfer_summary_v2.csv
mHSC-L,mHSC-GM,mlp,auprc,cl_v6_fair,0.8517218,0.8517218,0.8517218,0.8517218,0.0,0.0,3,3,3,3,0,False,False,0,results/transfer_v2/embedding_transfer_summary_v2.csv
mHSC-L,mHSC-GM,mlp,auprc,minus,0.8270301999999999,0.8270301999999999,0.8270301999999999,0.8270301999999999,0.0,0.0,8,8,8,8,0,False,False,0,results/transfer_v2/embedding_transfer_summary_v2.csv
mHSC-L,mHSC-GM,mlp,auprc,scGPT_human,0.846159,0.846159,0.846159,0.846159,0.0,0.0,5,5,5,5,0,False,False,0,results/transfer_v2/embedding_transfer_summary_v2.csv
mHSC-L,mHSC-GM,mlp,auprc,scconcept,0.7593728,0.7593728,0.7593728,0.7593728,0.0,0.0,10,10,10,10,0,False,False,0,results/transfer_v2/embedding_transfer_summary_v2.csv
mHSC-L,mHSC-GM,mlp,auprc,scconcept_encoded,0.7615726,0.7615726,0.7615726,0.7615726,0.0,0.0,9,9,9,9,0,False,False,0,results/transfer_v2/embedding_transfer_summary_v2.csv
mHSC-L,mHSC-GM,mlp,auprc,v4_bias_rec_best,0.8414606,0.8414606,0.8414606,0.8414606,0.0,0.0,7,7,7,7,0,False,False,0,results/transfer_v2/embedding_transfer_summary_v2.csv
mHSC-L,mHSC-GM,mlp,auprc,v4_plain_best,0.8520378,0.8520378,0.8520378,0.8520378,0.0,0.0,2,2,2,2,0,False,False,0,results/transfer_v2/embedding_transfer_summary_v2.csv
mHSC-L,mHSC-GM,mlp,auprc,v4_type_pe_best,0.856714,0.856714,0.856714,0.856714,0.0,0.0,1,1,1,1,0,False,False,0,results/transfer_v2/embedding_transfer_summary_v2.csv
hESC,hHep,lr,auroc,baseline,0.5948138,0.5443848,0.536481,0.54733,-0.047483799999999965,-0.007903800000000016,2,7,4,2,0,False,False,3,results/transfer_v2/embedding_transfer_summary_v2.csv
hESC,hHep,lr,auroc,scconcept_encoded,0.4794994,0.458658,0.4609842,0.473949,-0.005550400000000011,0.0023262000000000005,9,10,10,9,0,False,False,0,results/transfer_v2/embedding_transfer_summary_v2.csv
hESC,hHep,lr,auroc,v4_type_pe_best,0.6239984,0.6871046,0.574247,0.5653236,-0.058674799999999916,-0.1128576,1,1,1,1,0,False,False,0,results/transfer_v2/embedding_transfer_summary_v2.csv
hESC,hHep,mlp,auroc,baseline,0.6356786,0.5692642,0.5232526,0.5345078,-0.1011708,-0.04601160000000004,2,7,3,2,0,False,False,4,results/transfer_v2/embedding_transfer_summary_v2.csv
hESC,hHep,mlp,auroc,v4_plain_best,0.61104,0.6700688,0.5270874,0.5174792,-0.0935608,-0.14298140000000004,3,2,2,3,0,False,False,0,results/transfer_v2/embedding_transfer_summary_v2.csv
hESC,hHep,mlp,auroc,v4_type_pe_best,0.6679109999999999,0.7023782000000001,0.5550498,0.5666684,-0.10124259999999996,-0.14732840000000003,1,1,1,1,0,False,False,0,results/transfer_v2/embedding_transfer_summary_v2.csv
hESC,mDC,lr,auroc,v4_bias_rec_best,0.4218156,0.5250648,0.3871464,0.29118940000000004,-0.13062619999999997,-0.1379184,9,4,8,9,0,False,True,4,results/transfer_v2/embedding_transfer_summary_v2.csv
hESC,mDC,mlp,auroc,v4_type_pe_best,0.4969876,0.3709626,0.389859,0.3338422,-0.1631454,0.018896400000000035,6,9,5,6,0,False,False,4,results/transfer_v2/embedding_transfer_summary_v2.csv
hESC,mESC,mlp,auroc,scGPT_human,0.5,0.493243,0.5105540000000001,0.5063322,0.00633220000000001,0.017311000000000076,6,9,3,6,0,False,False,6,results/transfer_v2/embedding_transfer_summary_v2.csv
hESC,mESC,mlp,auroc,v4_type_pe_best,0.5017068,0.508085,0.5022428,0.5150396,0.013332800000000034,-0.00584220000000002,1,4,9,1,0,False,False,5,results/transfer_v2/embedding_transfer_summary_v2.csv
hESC,mHSC-E,lr,auroc,scconcept,0.4690096,0.4962224,0.4042504,0.2740422,-0.1949674,-0.091972,10,7,10,10,0,False,True,3,results/transfer_v2/embedding_transfer_summary_v2.csv
hESC,mHSC-E,mlp,auroc,scconcept,0.4697944,0.4883098,0.447649,0.3713602,-0.09843420000000003,-0.0406608,9,8,9,9,0,False,True,1,results/transfer_v2/embedding_transfer_summary_v2.csv
hESC,mHSC-E,mlp,auroc,scconcept_encoded,0.4343698,0.5562042,0.4210484,0.254689,-0.17968079999999997,-0.13515580000000005,10,5,10,10,0,False,True,5,results/transfer_v2/embedding_transfer_summary_v2.csv
hESC,mHSC-E,mlp,auroc,v4_plain_best,0.5570056,0.46212,0.5123736,0.4328054,-0.12420019999999998,0.05025360000000001,5,10,3,5,0,False,False,7,results/transfer_v2/embedding_transfer_summary_v2.csv
hESC,mHSC-GM,lr,auroc,cl_scratch_v5,0.6997260000000001,0.5939952000000001,0.6246662,0.7590658,0.05933979999999994,0.030670999999999893,2,7,8,2,0,False,False,1,results/transfer_v2/embedding_transfer_summary_v2.csv
hESC,mHSC-GM,lr,auroc,scconcept,0.5609272,0.5171228,0.525983,0.4642512,-0.09667599999999998,0.008860199999999985,10,10,10,10,0,False,False,0,results/transfer_v2/embedding_transfer_summary_v2.csv
hESC,mHSC-GM,mlp,auroc,cl_scratch_v5,0.7436708,0.6308128000000001,0.6574186,0.7532052,0.009534400000000054,0.026605799999999902,2,5,5,2,0,False,False,0,results/transfer_v2/embedding_transfer_summary_v2.csv
hESC,mHSC-L,mlp,auroc,v4_type_pe_best,0.6822222,0.5690122,0.6235876,0.692078,0.00985579999999997,0.05457540000000005,2,8,2,2,0,False,False,6,results/transfer_v2/embedding_transfer_summary_v2.csv
hHep,hESC,lr,auroc,cl_scratch_v5,0.6853576,0.7238936,0.7004206,0.7042246,0.018866999999999967,-0.023473000000000077,1,1,2,1,0,False,False,1,results/transfer_v2/embedding_transfer_summary_v2.csv
hHep,hESC,lr,auroc,cl_v6_fair,0.6816424,0.6191772,0.7118654,0.698758,0.01711560000000001,0.0926882,2,4,1,2,0,False,False,3,results/transfer_v2/embedding_transfer_summary_v2.csv
hHep,hESC,lr,auroc,scconcept,0.5353713999999999,0.5255856,0.5265822,0.5234574,-0.01191399999999998,0.0009966000000000141,9,10,9,9,0,False,False,1,results/transfer_v2/embedding_transfer_summary_v2.csv
hHep,hESC,lr,auroc,scconcept_encoded,0.4943468,0.5304599999999999,0.463371,0.450936,-0.04341079999999997,-0.06708899999999995,10,9,10,10,0,False,False,1,results/transfer_v2/embedding_transfer_summary_v2.csv
hHep,hESC,lr,auroc,v4_bias_rec_best,0.582252,0.6115572,0.5951556,0.6144136,0.03216160000000001,-0.016401600000000016,8,6,8,8,0,False,False,2,results/transfer_v2/embedding_transfer_summary_v2.csv
hHep,hESC,mlp,auroc,scconcept,0.5205324,0.5224174,0.5167574,0.5125500000000001,-0.007982399999999945,-0.005659999999999998,9,10,9,9,0,False,False,1,results/transfer_v2/embedding_transfer_summary_v2.csv
hHep,hESC,mlp,auroc,scconcept_encoded,0.5056306,0.564879,0.4882512,0.4737212,-0.03190940000000003,-0.07662780000000002,10,9,10,10,0,False,False,1,results/transfer_v2/embedding_transfer_summary_v2.csv
hHep,hESC,mlp,auroc,v4_bias_rec_best,0.6611332,0.6794794,0.6373378000000001,0.6537078000000001,-0.007425399999999915,-0.04214159999999989,8,5,8,8,0,False,False,3,results/transfer_v2/embedding_transfer_summary_v2.csv
hHep,mDC,lr,auroc,baseline,0.4997894,0.4754796,0.620864,0.6178473999999999,0.11805799999999994,0.14538439999999997,6,8,6,6,0,False,False,2,results/transfer_v2/embedding_transfer_summary_v2.csv
hHep,mDC,mlp,auroc,scconcept_encoded,0.4677056,0.5973024,0.5528674,0.5504914,0.08278579999999996,-0.044435,10,2,10,10,0,False,True,8,results/transfer_v2/embedding_transfer_summary_v2.csv
hHep,mESC,lr,auroc,minus,0.4965674,,0.493113,0.4944904,-0.0020769999999999955,,5,,7,5,0,False,False,7,results/transfer_v2/embedding_transfer_summary_v2.csv
hHep,mESC,mlp,auroc,scconcept,0.499408,0.4869642,0.5057849999999999,0.5071624,0.007754399999999995,0.018820799999999915,1,6,2,1,0,False,False,4,results/transfer_v2/embedding_transfer_summary_v2.csv
hHep,mESC,mlp,auroc,scconcept_encoded,0.49778,0.479256,0.505923,0.5055096,0.007729600000000003,0.026666999999999996,2,9,1,2,0,False,False,8,results/transfer_v2/embedding_transfer_summary_v2.csv
hHep,mHSC-E,lr,auroc,cl_scratch_v5,0.6430762,0.661505,0.8178502,0.8372868,0.1942106,0.15634519999999996,4,7,4,4,0,False,False,3,results/transfer_v2/embedding_transfer_summary_v2.csv
hHep,mHSC-E,lr,auroc,scconcept,0.4999962,0.413295,0.4450512,0.3985978,-0.1013984,0.03175619999999996,10,10,10,10,0,False,False,0,results/transfer_v2/embedding_transfer_summary_v2.csv
hHep,mHSC-E,lr,auroc,scconcept_encoded,0.5824222,0.5191652,0.4924342,0.5419282,-0.04049400000000003,-0.026731000000000005,9,9,9,9,0,False,False,0,results/transfer_v2/embedding_transfer_summary_v2.csv
hHep,mHSC-E,mlp,auroc,scconcept,0.5067648,0.4888166,0.48239119999999996,0.40864659999999997,-0.09811820000000004,-0.0064254000000000255,10,10,10,10,0,False,False,0,results/transfer_v2/embedding_transfer_summary_v2.csv
hHep,mHSC-E,mlp,auroc,scconcept_encoded,0.569414,0.508631,0.5513456,0.5693514,-6.260000000002375e-05,0.042714599999999936,9,9,9,9,0,False,False,0,results/transfer_v2/embedding_transfer_summary_v2.csv
hHep,mHSC-GM,lr,auroc,cl_scratch_v5,0.6769584,0.7131878,0.6963388,0.7096408,0.0326824,-0.016849000000000003,4,5,4,4,0,False,True,1,results/transfer_v2/embedding_transfer_summary_v2.csv
hHep,mHSC-GM,lr,auroc,scconcept,0.5238334,0.47259579999999995,0.4898988,0.5169934,-0.006839999999999957,0.01730300000000007,10,10,10,10,0,False,False,0,results/transfer_v2/embedding_transfer_summary_v2.csv
hHep,mHSC-GM,mlp,auroc,baseline,0.7438614,0.7263262,0.6691114,0.625702,-0.11815940000000003,-0.05721480000000001,6,2,6,6,0,False,False,4,results/transfer_v2/embedding_transfer_summary_v2.csv
hHep,mHSC-L,lr,auroc,scconcept,0.5174396,0.403149,0.4449862,0.4913834,-0.026056199999999974,0.04183720000000002,10,10,10,10,0,False,False,0,results/transfer_v2/embedding_transfer_summary_v2.csv
hHep,mHSC-L,lr,auroc,scconcept_encoded,0.5287586000000001,0.5489362,0.5191842,0.5617032,0.03294459999999988,-0.029752,9,9,9,9,0,False,False,0,results/transfer_v2/embedding_transfer_summary_v2.csv
hHep,mHSC-L,mlp,auroc,baseline,0.6449458,0.600256,0.5841786,0.5922566,-0.05268919999999999,-0.01607740000000002,8,4,8,8,0,False,False,4,results/transfer_v2/embedding_transfer_summary_v2.csv
hHep,mHSC-L,mlp,auroc,scGPT_human,0.6663352,0.592483,0.6003984,0.6215307999999999,-0.04480440000000008,0.007915400000000017,4,5,7,4,0,False,False,2,results/transfer_v2/embedding_transfer_summary_v2.csv
hHep,mHSC-L,mlp,auroc,scconcept,0.5176752,0.4463206,0.4584376,0.48645120000000003,-0.031223999999999974,0.012116999999999989,10,10,10,10,0,False,False,0,results/transfer_v2/embedding_transfer_summary_v2.csv
mDC,hESC,mlp,auroc,baseline,0.385159,0.374968,0.4692126,0.5001176,0.11495860000000008,0.09424459999999996,6,8,5,6,0,False,False,3,results/transfer_v2/embedding_transfer_summary_v2.csv
mDC,hESC,mlp,auroc,cl_scratch_v5,0.3759344,0.4456884,0.4077556,0.465335,0.0894006,-0.03793279999999999,8,5,8,8,0,False,True,3,results/transfer_v2/embedding_transfer_summary_v2.csv
mDC,hESC,mlp,auroc,minus,0.4239518,0.4947736,0.411516,0.5028204,0.07886859999999996,-0.08325759999999999,4,2,7,4,0,False,True,5,results/transfer_v2/embedding_transfer_summary_v2.csv
mDC,hESC,mlp,auroc,v4_bias_rec_best,0.3582112,0.2874278,0.4481786,0.4015278,0.04331659999999998,0.16075079999999997,10,10,6,10,0,False,False,4,results/transfer_v2/embedding_transfer_summary_v2.csv
mDC,hESC,mlp,auroc,v4_type_pe_best,0.3844474,0.3885256,0.3975326,0.49185300000000004,0.10740560000000005,0.009006999999999987,7,7,9,7,0,False,True,2,results/transfer_v2/embedding_transfer_summary_v2.csv
mDC,hHep,lr,auroc,scGPT_human,0.4394048,0.3745134,0.7092922,0.6727714,0.23336660000000004,0.33477880000000004,6,9,5,6,0,False,False,4,results/transfer_v2/embedding_transfer_summary_v2.csv
mDC,hHep,lr,auroc,v4_bias_rec_best,0.3674698,0.328325,0.4246236,0.4125,0.045030199999999965,0.09629860000000001,10,10,10,10,0,False,False,0,results/transfer_v2/embedding_transfer_summary_v2.csv
mDC,mESC,lr,auroc,baseline,0.4951538,0.4924244,,,,,9,1,,,,False,False,1,results/transfer_v2/embedding_transfer_summary_v2.csv
mDC,mESC,lr,auroc,cl_scratch_v5,0.4964062,,,,,,5,,,,,False,False,0,results/transfer_v2/embedding_transfer_summary_v2.csv
mDC,mESC,lr,auroc,cl_v6_fair,0.4959776,0.4857142,,,,,6,3,,,,False,False,3,results/transfer_v2/embedding_transfer_summary_v2.csv
mDC,mESC,lr,auroc,minus,0.4968628,,,,,,2,,,,,False,False,0,results/transfer_v2/embedding_transfer_summary_v2.csv
mDC,mESC,lr,auroc,scGPT_human,0.4987714,,,,,,1,,,,,False,False,0,results/transfer_v2/embedding_transfer_summary_v2.csv
mDC,mESC,lr,auroc,scconcept,0.4954208,,,,,,8,,,,,False,False,0,results/transfer_v2/embedding_transfer_summary_v2.csv
mDC,mESC,lr,auroc,scconcept_encoded,0.494239,,,,,,10,,,,,False,False,0,results/transfer_v2/embedding_transfer_summary_v2.csv
mDC,mESC,lr,auroc,v4_bias_rec_best,0.4968382,,,,,,3,,,,,False,False,0,results/transfer_v2/embedding_transfer_summary_v2.csv
mDC,mESC,lr,auroc,v4_plain_best,0.4956772,,,,,,7,,,,,False,False,0,results/transfer_v2/embedding_transfer_summary_v2.csv
mDC,mESC,lr,auroc,v4_type_pe_best,0.4966064,0.488,,,,,4,2,,,,False,False,2,results/transfer_v2/embedding_transfer_summary_v2.csv
mDC,mESC,mlp,auroc,cl_scratch_v5,0.49540880000000004,0.50128025,,,,,6,3,,,,False,False,3,results/transfer_v2/embedding_transfer_summary_v2.csv
mDC,mESC,mlp,auroc,cl_v6_fair,0.495549,0.4928568,,,,,5,5,,,,False,False,5,results/transfer_v2/embedding_transfer_summary_v2.csv
mDC,mESC,mlp,auroc,minus,0.49395880000000003,0.492308,0.5,0.474265,-0.01969380000000004,0.007691999999999977,7,6,6,7,0,False,True,0,results/transfer_v2/embedding_transfer_summary_v2.csv
mDC,mESC,mlp,auroc,scconcept_encoded,0.500491,0.5014448,0.4882354,,,-0.013209400000000038,1,2,7,,,False,True,5,results/transfer_v2/embedding_transfer_summary_v2.csv
mDC,mESC,mlp,auroc,v4_plain_best,0.497129,0.508578,0.5367646666666667,0.5,0.0028710000000000124,0.028186666666666693,3,1,1,3,0,False,False,0,results/transfer_v2/embedding_transfer_summary_v2.csv
mDC,mHSC-E,lr,auroc,cl_scratch_v5,0.6063604,0.5396826,0.5737466,0.6112136,0.004853200000000002,0.03406399999999998,2,4,3,2,0,False,False,1,results/transfer_v2/embedding_transfer_summary_v2.csv
mDC,mHSC-E,mlp,auroc,cl_v6_fair,0.5642582,0.5718452,0.6364879999999999,0.6712586,0.1070004,0.06464279999999989,1,1,2,1,0,False,False,1,results/transfer_v2/embedding_transfer_summary_v2.csv
mDC,mHSC-GM,lr,auroc,cl_scratch_v5,0.4936492,0.47013499999999997,0.449927,0.44378059999999997,-0.04986860000000004,-0.020207999999999948,4,4,4,4,0,False,True,0,results/transfer_v2/embedding_transfer_summary_v2.csv
mDC,mHSC-GM,lr,auroc,scconcept,0.5373704,0.522625,0.5165494,0.5534696,0.01609919999999998,-0.006075599999999959,1,2,1,1,0,False,False,1,results/transfer_v2/embedding_transfer_summary_v2.csv
mDC,mHSC-GM,mlp,auroc,v4_plain_best,0.3862482,0.4629994,0.4794556,0.4436218,0.057373600000000025,0.016456199999999976,8,6,9,8,0,False,True,3,results/transfer_v2/embedding_transfer_summary_v2.csv
mDC,mHSC-L,lr,auroc,scGPT_human,0.43218,0.466475,0.4361306,0.4244182,-0.007761799999999985,-0.030344399999999994,7,2,9,7,0,False,True,7,results/transfer_v2/embedding_transfer_summary_v2.csv
mDC,mHSC-L,mlp,auroc,v4_bias_rec_best,0.3878636,0.5018082,0.4586784,0.4447662,0.056902600000000025,-0.04312980000000005,9,3,9,9,0,False,False,6,results/transfer_v2/embedding_transfer_summary_v2.csv
mESC,hESC,mlp,auroc,cl_scratch_v5,0.473144,0.49026179999999997,,,,,8,8,,,,False,False,8,results/transfer_v2/embedding_transfer_summary_v2.csv
mESC,hESC,mlp,auroc,cl_v6_fair,0.483631,0.543932,,,,,3,3,,,,False,False,3,results/transfer_v2/embedding_transfer_summary_v2.csv
mESC,hESC,mlp,auroc,minus,0.4813506,0.540901,,,,,4,4,,,,False,False,4,results/transfer_v2/embedding_transfer_summary_v2.csv
mESC,hESC,mlp,auroc,scGPT_human,0.4649216,0.500929,,,,,10,7,,,,False,False,7,results/transfer_v2/embedding_transfer_summary_v2.csv
mESC,hESC,mlp,auroc,v4_bias_rec_best,0.4799642,0.5307518,,,,,5,5,,,,False,False,5,results/transfer_v2/embedding_transfer_summary_v2.csv
mESC,hESC,mlp,auroc,v4_plain_best,0.4798462,0.4890796,,,,,6,9,,,,False,False,9,results/transfer_v2/embedding_transfer_summary_v2.csv
mESC,hESC,mlp,auroc,v4_type_pe_best,0.500063,0.4749132,,,,,1,10,,,,False,False,10,results/transfer_v2/embedding_transfer_summary_v2.csv
mESC,hESC,lr,auroc,cl_v6_fair,0.5193018,,0.5135148,0.5175022,-0.0017996000000000123,,1,,1,1,0,False,False,1,results/transfer_v2/embedding_transfer_summary_v2.csv
mESC,hESC,lr,auroc,v4_bias_rec_best,0.44248339999999997,,0.3952114,0.3858708,-0.05661259999999996,,10,,10,10,0,False,False,10,results/transfer_v2/embedding_transfer_summary_v2.csv
mESC,hHep,mlp,auroc,cl_scratch_v5,0.5057066,0.49749,,,,,3,6,,,,False,False,6,results/transfer_v2/embedding_transfer_summary_v2.csv
mESC,hHep,mlp,auroc,cl_v6_fair,0.4754138,0.4674496,,,,,8,10,,,,False,False,10,results/transfer_v2/embedding_transfer_summary_v2.csv
mESC,hHep,mlp,auroc,minus,0.5044008,0.518844,,,,,5,3,,,,False,False,3,results/transfer_v2/embedding_transfer_summary_v2.csv
mESC,hHep,mlp,auroc,scconcept_encoded,0.49620960000000003,0.4906932,,,,,6,8,,,,False,False,8,results/transfer_v2/embedding_transfer_summary_v2.csv
mESC,hHep,mlp,auroc,v4_bias_rec_best,0.4611162,0.4907114,,,,,10,7,,,,False,False,7,results/transfer_v2/embedding_transfer_summary_v2.csv
mESC,hHep,mlp,auroc,v4_plain_best,0.5060564,0.5306334,,,,,2,2,,,,False,False,2,results/transfer_v2/embedding_transfer_summary_v2.csv
mESC,hHep,mlp,auroc,v4_type_pe_best,0.489597,0.4887318,,,,,7,9,,,,False,False,9,results/transfer_v2/embedding_transfer_summary_v2.csv
mESC,hHep,lr,auroc,baseline,0.4372004,,0.4305028,0.4573502,0.020149799999999995,,7,,10,7,0,False,False,10,results/transfer_v2/embedding_transfer_summary_v2.csv
mESC,hHep,lr,auroc,cl_scratch_v5,0.518445,0.505198,0.543652,0.5544892,0.03604419999999997,0.03845399999999999,2,2,1,2,0,False,False,1,results/transfer_v2/embedding_transfer_summary_v2.csv
mESC,mDC,lr,auroc,baseline,0.5284966,,,,,,3,,,,,False,False,0,results/transfer_v2/embedding_transfer_summary_v2.csv
mESC,mDC,lr,auroc,cl_scratch_v5,0.49999740000000004,,,,,,6,,,,,False,False,0,results/transfer_v2/embedding_transfer_summary_v2.csv
mESC,mDC,lr,auroc,cl_v6_fair,0.412975,0.4659432,,,,,9,5,,,,False,False,5,results/transfer_v2/embedding_transfer_summary_v2.csv
mESC,mDC,lr,auroc,minus,0.5429948,,,,,,1,,,,,False,False,0,results/transfer_v2/embedding_transfer_summary_v2.csv
mESC,mDC,lr,auroc,scGPT_human,0.5362832,0.5182374,,,,,2,3,,,,False,False,3,results/transfer_v2/embedding_transfer_summary_v2.csv
mESC,mDC,lr,auroc,scconcept,0.5013254,0.5268334,,,,,5,1,,,,False,False,1,results/transfer_v2/embedding_transfer_summary_v2.csv
mESC,mDC,lr,auroc,scconcept_encoded,0.4353592,0.477862,,,,,7,4,,,,False,False,4,results/transfer_v2/embedding_transfer_summary_v2.csv
mESC,mDC,lr,auroc,v4_bias_rec_best,0.430765,,,,,,8,,,,,False,False,0,results/transfer_v2/embedding_transfer_summary_v2.csv
mESC,mDC,lr,auroc,v4_plain_best,0.5257018,0.5251732,,,,,4,2,,,,False,False,2,results/transfer_v2/embedding_transfer_summary_v2.csv
mESC,mDC,lr,auroc,v4_type_pe_best,0.3991342,0.4156606,,,,,10,6,,,,False,False,6,results/transfer_v2/embedding_transfer_summary_v2.csv
mESC,mHSC-E,mlp,auroc,minus,0.5010169999999999,0.5299914,0.5546176,0.6047152,0.10369820000000007,0.024626200000000043,1,5,2,1,0,False,False,3,results/transfer_v2/embedding_transfer_summary_v2.csv
mESC,mHSC-E,lr,auroc,baseline,0.44317,,,,,,10,,,,,False,False,0,results/transfer_v2/embedding_transfer_summary_v2.csv
mESC,mHSC-E,lr,auroc,cl_scratch_v5,0.5240042,,,,,,1,,,,,False,False,0,results/transfer_v2/embedding_transfer_summary_v2.csv
mESC,mHSC-E,lr,auroc,cl_v6_fair,0.4964388,,,,,,4,,,,,False,False,0,results/transfer_v2/embedding_transfer_summary_v2.csv
mESC,mHSC-E,lr,auroc,minus,0.481937,,,,,,8,,,,,False,False,0,results/transfer_v2/embedding_transfer_summary_v2.csv
mESC,mHSC-E,lr,auroc,scGPT_human,0.5165816,,,,,,3,,,,,False,False,0,results/transfer_v2/embedding_transfer_summary_v2.csv
mESC,mHSC-E,lr,auroc,scconcept,0.4844456,,,,,,7,,,,,False,False,0,results/transfer_v2/embedding_transfer_summary_v2.csv
mESC,mHSC-E,lr,auroc,scconcept_encoded,0.5220779999999999,,,,,,2,,,,,False,False,0,results/transfer_v2/embedding_transfer_summary_v2.csv
mESC,mHSC-E,lr,auroc,v4_bias_rec_best,0.478459,,,,,,9,,,,,False,False,0,results/transfer_v2/embedding_transfer_summary_v2.csv
mESC,mHSC-E,lr,auroc,v4_plain_best,0.4882184,,,,,,6,,,,,False,False,0,results/transfer_v2/embedding_transfer_summary_v2.csv
mESC,mHSC-E,lr,auroc,v4_type_pe_best,0.4893014,,,,,,5,,,,,False,False,0,results/transfer_v2/embedding_transfer_summary_v2.csv
mESC,mHSC-GM,mlp,auroc,scconcept_encoded,0.5198106,0.5056074,0.5306648,0.587857,0.06804639999999995,0.025057400000000007,1,6,2,1,0,False,False,4,results/transfer_v2/embedding_transfer_summary_v2.csv
mESC,mHSC-GM,lr,auroc,baseline,0.4708788,,,,,,7,,,,,False,False,0,results/transfer_v2/embedding_transfer_summary_v2.csv
mESC,mHSC-GM,lr,auroc,cl_scratch_v5,0.4844736,0.5042522,,,,,6,1,,,,False,False,1,results/transfer_v2/embedding_transfer_summary_v2.csv
mESC,mHSC-GM,lr,auroc,cl_v6_fair,0.5552162,0.4901704,,,,,1,2,,,,False,False,2,results/transfer_v2/embedding_transfer_summary_v2.csv
mESC,mHSC-GM,lr,auroc,minus,0.4964902,,,,,,5,,,,,False,False,0,results/transfer_v2/embedding_transfer_summary_v2.csv
mESC,mHSC-GM,lr,auroc,scGPT_human,0.4544088,,,,,,9,,,,,False,False,0,results/transfer_v2/embedding_transfer_summary_v2.csv
mESC,mHSC-GM,lr,auroc,scconcept,0.5183222,,,,,,2,,,,,False,False,0,results/transfer_v2/embedding_transfer_summary_v2.csv
mESC,mHSC-GM,lr,auroc,scconcept_encoded,0.429747,0.4391112,,,,,10,4,,,,False,False,4,results/transfer_v2/embedding_transfer_summary_v2.csv
mESC,mHSC-GM,lr,auroc,v4_bias_rec_best,0.5067342,,,,,,4,,,,,False,False,0,results/transfer_v2/embedding_transfer_summary_v2.csv
mESC,mHSC-GM,lr,auroc,v4_plain_best,0.5078,,,,,,3,,,,,False,False,0,results/transfer_v2/embedding_transfer_summary_v2.csv
mESC,mHSC-GM,lr,auroc,v4_type_pe_best,0.4690514,0.48254379999999997,,,,,8,3,,,,False,False,3,results/transfer_v2/embedding_transfer_summary_v2.csv
mESC,mHSC-L,mlp,auroc,scGPT_human,0.4944976,0.5014162,0.4974912,0.46761379999999997,-0.026883800000000013,-0.003924999999999956,8,5,7,8,0,False,False,2,results/transfer_v2/embedding_transfer_summary_v2.csv
mESC,mHSC-L,lr,auroc,baseline,0.4679896,,,,,,10,,,,,False,False,0,results/transfer_v2/embedding_transfer_summary_v2.csv
mESC,mHSC-L,lr,auroc,cl_scratch_v5,0.5042454000000001,,,,,,4,,,,,False,False,0,results/transfer_v2/embedding_transfer_summary_v2.csv
mESC,mHSC-L,lr,auroc,cl_v6_fair,0.5085368,,,,,,3,,,,,False,False,0,results/transfer_v2/embedding_transfer_summary_v2.csv
mESC,mHSC-L,lr,auroc,minus,0.5002614,,,,,,5,,,,,False,False,0,results/transfer_v2/embedding_transfer_summary_v2.csv
mESC,mHSC-L,lr,auroc,scGPT_human,0.4816756,,,,,,8,,,,,False,False,0,results/transfer_v2/embedding_transfer_summary_v2.csv
mESC,mHSC-L,lr,auroc,scconcept,0.5001652,0.5060472,,,,,6,1,,,,False,False,1,results/transfer_v2/embedding_transfer_summary_v2.csv
mESC,mHSC-L,lr,auroc,scconcept_encoded,0.5175025999999999,,,,,,1,,,,,False,False,0,results/transfer_v2/embedding_transfer_summary_v2.csv
mESC,mHSC-L,lr,auroc,v4_bias_rec_best,0.5141316,,,,,,2,,,,,False,False,0,results/transfer_v2/embedding_transfer_summary_v2.csv
mESC,mHSC-L,lr,auroc,v4_plain_best,0.4841128,,,,,,7,,,,,False,False,0,results/transfer_v2/embedding_transfer_summary_v2.csv
mESC,mHSC-L,lr,auroc,v4_type_pe_best,0.4708804,,,,,,9,,,,,False,False,0,results/transfer_v2/embedding_transfer_summary_v2.csv
mHSC-E,hESC,lr,auroc,baseline,0.6189954,0.6470832,0.4199192,0.4965182,-0.12247719999999995,-0.22716399999999998,4,3,7,4,0,False,False,4,results/transfer_v2/embedding_transfer_summary_v2.csv
mHSC-E,hESC,lr,auroc,cl_scratch_v5,0.5567598,0.5685454,0.4566802,0.4040552,-0.15270460000000002,-0.1118652,8,7,4,8,0,False,False,3,results/transfer_v2/embedding_transfer_summary_v2.csv
mHSC-E,hESC,lr,auroc,scconcept,0.4526534,0.316214,0.3362754,0.3821052,-0.0705482,0.020061400000000007,10,10,9,10,0,False,False,1,results/transfer_v2/embedding_transfer_summary_v2.csv
mHSC-E,hESC,mlp,auroc,v4_bias_rec_best,0.6591616,0.6129572,0.5358702,0.5046151999999999,-0.15454640000000008,-0.07708700000000002,2,6,1,2,0,False,False,5,results/transfer_v2/embedding_transfer_summary_v2.csv
mHSC-E,hHep,lr,auroc,minus,0.7219024,0.8196426,0.9341566,0.9116254,0.18972299999999997,0.114514,3,1,1,3,0,False,False,0,results/transfer_v2/embedding_transfer_summary_v2.csv
mHSC-E,hHep,lr,auroc,scconcept,0.5233548,0.698234,0.6221536,0.6414266,0.11807179999999995,-0.07608040000000005,9,6,10,9,0,False,True,4,results/transfer_v2/embedding_transfer_summary_v2.csv
mHSC-E,hHep,lr,auroc,scconcept_encoded,0.5209702,0.5788042,0.645816,0.6260974,0.10512719999999998,0.06701179999999995,10,10,9,10,0,False,False,1,results/transfer_v2/embedding_transfer_summary_v2.csv
mHSC-E,mDC,lr,auroc,scconcept_encoded,0.39345559999999996,0.4162454,0.40528559999999997,0.4044574,0.011001800000000062,-0.01095980000000002,10,7,10,10,0,False,False,3,results/transfer_v2/embedding_transfer_summary_v2.csv
mHSC-E,mDC,lr,auroc,v4_bias_rec_best,0.586924,0.2444078,0.6370844,0.61853,0.03160600000000002,0.3926766,4,10,5,4,0,False,False,5,results/transfer_v2/embedding_transfer_summary_v2.csv
mHSC-E,mDC,lr,auroc,v4_type_pe_best,0.5820446,0.4971834,0.7244244,0.6136036,0.031559000000000004,0.22724099999999997,5,4,1,5,0,False,False,3,results/transfer_v2/embedding_transfer_summary_v2.csv
mHSC-E,mDC,mlp,auroc,cl_scratch_v5,0.5626768,0.4553142,0.6476372,0.6247534,0.06207660000000004,0.19232300000000002,3,5,2,3,0,False,False,3,results/transfer_v2/embedding_transfer_summary_v2.csv
mHSC-E,mDC,mlp,auroc,cl_v6_fair,0.5795692,0.4628574,0.6356718,0.676239,0.09666980000000003,0.17281440000000003,2,3,3,2,0,False,False,0,results/transfer_v2/embedding_transfer_summary_v2.csv
mHSC-E,mDC,mlp,auroc,scconcept_encoded,0.392516,0.3973948,0.3645112,0.3941176,0.0016016000000000363,-0.03288360000000001,10,6,10,10,0,False,False,4,results/transfer_v2/embedding_transfer_summary_v2.csv
mHSC-E,mDC,mlp,auroc,v4_bias_rec_best,0.5936156,0.3672698,0.655864,0.6855986,0.09198299999999993,0.2885942,1,7,1,1,0,False,False,6,results/transfer_v2/embedding_transfer_summary_v2.csv
mHSC-E,mESC,mlp,auroc,baseline,0.5075108,0.525,0.5,0.5,-0.00751080000000004,-0.025000000000000022,1,1,1,1,0,False,False,0,results/transfer_v2/embedding_transfer_summary_v2.csv
mHSC-E,mESC,mlp,auroc,cl_scratch_v5,0.495549,,,,,,7,,,,,False,False,0,results/transfer_v2/embedding_transfer_summary_v2.csv
mHSC-E,mESC,mlp,auroc,cl_v6_fair,0.49732940000000003,,,,,,5,,,,,False,False,0,results/transfer_v2/embedding_transfer_summary_v2.csv
mHSC-E,mESC,mlp,auroc,scGPT_human,0.4996676,,0.5,0.5,0.00033240000000001046,,3,,2,3,0,False,False,2,results/transfer_v2/embedding_transfer_summary_v2.csv
mHSC-E,mESC,mlp,auroc,scconcept_encoded,0.4961256,0.44375,,,,,6,4,,,,False,False,4,results/transfer_v2/embedding_transfer_summary_v2.csv
mHSC-E,mESC,lr,auroc,baseline,0.5049743999999999,,,,,,1,,,,,False,False,0,results/transfer_v2/embedding_transfer_summary_v2.csv
mHSC-E,mESC,lr,auroc,cl_scratch_v5,0.496406,,,,,,6,,,,,False,False,0,results/transfer_v2/embedding_transfer_summary_v2.csv
mHSC-E,mESC,lr,auroc,cl_v6_fair,0.4946914,,,,,,10,,,,,False,False,0,results/transfer_v2/embedding_transfer_summary_v2.csv
mHSC-E,mESC,lr,auroc,minus,0.4962758,,,,,,7,,,,,False,False,0,results/transfer_v2/embedding_transfer_summary_v2.csv
mHSC-E,mESC,lr,auroc,scGPT_human,0.49920960000000003,,,,,,2,,,,,False,False,0,results/transfer_v2/embedding_transfer_summary_v2.csv
mHSC-E,mESC,lr,auroc,scconcept,0.4984582,,,,,,3,,,,,False,False,0,results/transfer_v2/embedding_transfer_summary_v2.csv
mHSC-E,mESC,lr,auroc,scconcept_encoded,0.4984582,0.458333,,,,,4,1,,,,False,False,1,results/transfer_v2/embedding_transfer_summary_v2.csv
mHSC-E,mESC,lr,auroc,v4_bias_rec_best,0.4952888,,,,,,8,,,,,False,False,0,results/transfer_v2/embedding_transfer_summary_v2.csv
mHSC-E,mESC,lr,auroc,v4_plain_best,0.497034,,,,,,5,,,,,False,False,0,results/transfer_v2/embedding_transfer_summary_v2.csv
mHSC-E,mESC,lr,auroc,v4_type_pe_best,0.4948906,,,,,,9,,,,,False,False,0,results/transfer_v2/embedding_transfer_summary_v2.csv
mHSC-E,mHSC-GM,lr,auroc,baseline,0.6776586,0.6776586,0.6776586,0.6770674,-0.0005912000000000139,0.0,2,2,2,2,0,False,False,0,results/transfer_v2/embedding_transfer_summary_v2.csv
mHSC-E,mHSC-GM,lr,auroc,cl_scratch_v5,0.632879,0.632879,0.632879,0.6358666,0.002987599999999979,0.0,5,5,5,5,0,False,False,0,results/transfer_v2/embedding_transfer_summary_v2.csv
mHSC-E,mHSC-GM,lr,auroc,cl_v6_fair,0.6157536,0.6157536,0.6157536,0.6163138,0.0005602000000000107,0.0,7,7,7,7,0,False,False,0,results/transfer_v2/embedding_transfer_summary_v2.csv
mHSC-E,mHSC-GM,lr,auroc,minus,0.6498636,0.6498636,0.6498636,0.6429608,-0.006902799999999987,0.0,3,3,3,3,0,False,False,0,results/transfer_v2/embedding_transfer_summary_v2.csv
mHSC-E,mHSC-GM,lr,auroc,scGPT_human,0.6896132,0.6896132,0.6896132,0.6925782,0.0029649999999999954,0.0,1,1,1,1,0,False,False,0,results/transfer_v2/embedding_transfer_summary_v2.csv
mHSC-E,mHSC-GM,lr,auroc,scconcept,0.5933136,0.5933136,0.5933136,0.5968484000000001,0.00353480000000006,0.0,8,8,8,8,0,False,False,0,results/transfer_v2/embedding_transfer_summary_v2.csv
mHSC-E,mHSC-GM,lr,auroc,scconcept_encoded,0.4884766,0.4884766,0.4884766,0.4888498,0.00037320000000001796,0.0,10,10,10,10,0,False,False,0,results/transfer_v2/embedding_transfer_summary_v2.csv
mHSC-E,mHSC-GM,lr,auroc,v4_bias_rec_best,0.6190446000000001,0.6190446000000001,0.6190446000000001,0.6182076,-0.0008370000000000877,0.0,6,6,6,6,0,False,False,0,results/transfer_v2/embedding_transfer_summary_v2.csv
mHSC-E,mHSC-GM,lr,auroc,v4_plain_best,0.6462872,0.6462872,0.6462872,0.6409824,-0.005304799999999998,0.0,4,4,4,4,0,False,False,0,results/transfer_v2/embedding_transfer_summary_v2.csv
mHSC-E,mHSC-GM,lr,auroc,v4_type_pe_best,0.5907704,0.5907704,0.5907704,0.592693,0.0019225999999999965,0.0,9,9,9,9,0,False,False,0,results/transfer_v2/embedding_transfer_summary_v2.csv
mHSC-E,mHSC-GM,mlp,auroc,baseline,0.7211144,0.7211144,0.7211144,0.7206802,-0.0004342000000000512,0.0,1,1,1,1,0,False,False,0,results/transfer_v2/embedding_transfer_summary_v2.csv
mHSC-E,mHSC-GM,mlp,auroc,cl_scratch_v5,0.6834948,0.6834948,0.6834948,0.6836636,0.00016880000000008,0.0,6,6,6,6,0,False,False,0,results/transfer_v2/embedding_transfer_summary_v2.csv
mHSC-E,mHSC-GM,mlp,auroc,cl_v6_fair,0.6707538,0.6707538,0.6707538,0.6727476,0.0019938000000000455,0.0,8,8,8,8,0,False,False,0,results/transfer_v2/embedding_transfer_summary_v2.csv
mHSC-E,mHSC-GM,mlp,auroc,scconcept,0.5884956,0.5884956,0.5884956,0.5909601999999999,0.002464599999999928,0.0,9,9,9,9,0,False,False,0,results/transfer_v2/embedding_transfer_summary_v2.csv
mHSC-E,mHSC-GM,mlp,auroc,scconcept_encoded,0.528613,0.528613,0.528613,0.5318018,0.0031887999999999916,0.0,10,10,10,10,0,False,False,0,results/transfer_v2/embedding_transfer_summary_v2.csv
mHSC-E,mHSC-GM,mlp,auroc,v4_bias_rec_best,0.6808276,0.6808276,0.6808276,0.6788957999999999,-0.001931800000000039,0.0,7,7,7,7,0,False,False,0,results/transfer_v2/embedding_transfer_summary_v2.csv
mHSC-E,mHSC-L,lr,auroc,baseline,0.6298518,0.6298518,0.6298518,0.6288442,-0.0010075999999999974,0.0,2,2,2,2,0,False,False,0,results/transfer_v2/embedding_transfer_summary_v2.csv
mHSC-E,mHSC-L,lr,auroc,cl_scratch_v5,0.5692912,0.5692912,0.5692912,0.5797892,0.010498000000000007,0.0,6,6,6,6,0,False,False,0,results/transfer_v2/embedding_transfer_summary_v2.csv
mHSC-E,mHSC-L,lr,auroc,cl_v6_fair,0.5906004,0.5906004,0.5906004,0.5896172,-0.000983200000000073,0.0,5,5,5,5,0,False,False,0,results/transfer_v2/embedding_transfer_summary_v2.csv
mHSC-E,mHSC-L,lr,auroc,minus,0.653734,0.653734,0.653734,0.6603292,0.006595199999999912,0.0,1,1,1,1,0,False,False,0,results/transfer_v2/embedding_transfer_summary_v2.csv
mHSC-E,mHSC-L,lr,auroc,scGPT_human,0.6191212,0.6191212,0.6191212,0.6166952,-0.0024260000000000392,0.0,3,3,3,3,0,False,False,0,results/transfer_v2/embedding_transfer_summary_v2.csv
mHSC-E,mHSC-L,lr,auroc,scconcept,0.5143594,0.5143594,0.5143594,0.5130738,-0.0012855999999999979,0.0,9,9,9,9,0,False,False,0,results/transfer_v2/embedding_transfer_summary_v2.csv
mHSC-E,mHSC-L,lr,auroc,scconcept_encoded,0.4961674,0.4961674,0.4961674,0.4885578,-0.007609599999999994,0.0,10,10,10,10,0,False,False,0,results/transfer_v2/embedding_transfer_summary_v2.csv
mHSC-E,mHSC-L,lr,auroc,v4_bias_rec_best,0.545858,0.545858,0.545858,0.5388692,-0.006988799999999906,0.0,8,8,8,8,0,False,False,0,results/transfer_v2/embedding_transfer_summary_v2.csv
mHSC-E,mHSC-L,lr,auroc,v4_plain_best,0.5974786,0.5974786,0.5974786,0.601707,0.004228400000000021,0.0,4,4,4,4,0,False,False,0,results/transfer_v2/embedding_transfer_summary_v2.csv
mHSC-E,mHSC-L,lr,auroc,v4_type_pe_best,0.5481422,0.5481422,0.5481422,0.5527984,0.004656199999999999,0.0,7,7,7,7,0,False,False,0,results/transfer_v2/embedding_transfer_summary_v2.csv
mHSC-E,mHSC-L,mlp,auroc,baseline,0.6284420000000001,0.6284420000000001,0.6284420000000001,0.6269568,-0.0014852000000000753,0.0,2,2,2,2,0,False,False,0,results/transfer_v2/embedding_transfer_summary_v2.csv
mHSC-E,mHSC-L,mlp,auroc,cl_scratch_v5,0.5854544,0.5854544,0.5854544,0.5931448,0.007690399999999986,0.0,7,7,7,7,0,False,False,0,results/transfer_v2/embedding_transfer_summary_v2.csv
mHSC-E,mHSC-L,mlp,auroc,cl_v6_fair,0.6010818,0.6010818,0.6010818,0.5987562000000001,-0.0023255999999999277,0.0,6,6,6,6,0,False,False,0,results/transfer_v2/embedding_transfer_summary_v2.csv
mHSC-E,mHSC-L,mlp,auroc,minus,0.645707,0.645707,0.645707,0.6504928,0.004785799999999951,0.0,1,1,1,1,0,False,False,0,results/transfer_v2/embedding_transfer_summary_v2.csv
mHSC-E,mHSC-L,mlp,auroc,scGPT_human,0.6154116000000001,0.6154116000000001,0.6154116000000001,0.6119365999999999,-0.003475000000000117,0.0,4,4,4,4,0,False,False,0,results/transfer_v2/embedding_transfer_summary_v2.csv
mHSC-E,mHSC-L,mlp,auroc,scconcept,0.5164018,0.5164018,0.5164018,0.5128042,-0.0035975999999999786,0.0,9,9,9,9,0,False,False,0,results/transfer_v2/embedding_transfer_summary_v2.csv
mHSC-E,mHSC-L,mlp,auroc,scconcept_encoded,0.4756618,0.4756618,0.4756618,0.4737908,-0.0018710000000000115,0.0,10,10,10,10,0,False,False,0,results/transfer_v2/embedding_transfer_summary_v2.csv
mHSC-E,mHSC-L,mlp,auroc,v4_bias_rec_best,0.5832162,0.5832162,0.5832162,0.5728158,-0.010400399999999976,0.0,8,8,8,8,0,False,False,0,results/transfer_v2/embedding_transfer_summary_v2.csv
mHSC-E,mHSC-L,mlp,auroc,v4_plain_best,0.6177578,0.6177578,0.6177578,0.6192962,0.0015383999999999398,0.0,3,3,3,3,0,False,False,0,results/transfer_v2/embedding_transfer_summary_v2.csv
mHSC-E,mHSC-L,mlp,auroc,v4_type_pe_best,0.6043594,0.6043594,0.6043594,0.6073592,0.002999799999999997,0.0,5,5,5,5,0,False,False,0,results/transfer_v2/embedding_transfer_summary_v2.csv
mHSC-GM,hESC,mlp,auroc,cl_v6_fair,0.7396628,0.5392856,0.6544938,0.6666394,-0.07302339999999996,0.11520819999999998,3,9,2,3,0,False,False,7,results/transfer_v2/embedding_transfer_summary_v2.csv
mHSC-GM,hHep,lr,auroc,scconcept,0.5178578,0.6411766,0.5457476,0.446605,-0.07125280000000006,-0.09542899999999999,10,8,10,10,0,False,False,2,results/transfer_v2/embedding_transfer_summary_v2.csv
mHSC-GM,hHep,lr,auroc,v4_bias_rec_best,0.71183,0.8036983999999999,0.7918724,0.7727406,0.06091060000000004,-0.011825999999999892,4,2,5,4,0,False,False,3,results/transfer_v2/embedding_transfer_summary_v2.csv
mHSC-GM,hHep,lr,auroc,v4_type_pe_best,0.72449,0.7986951999999999,0.764472,0.7729422,0.048452200000000056,-0.0342231999999999,3,3,7,3,0,False,False,4,results/transfer_v2/embedding_transfer_summary_v2.csv
mHSC-GM,hHep,mlp,auroc,cl_scratch_v5,0.7482306,0.7286716,0.7968106,0.7067213999999999,-0.041509200000000024,0.06813900000000006,6,6,4,6,0,False,False,2,results/transfer_v2/embedding_transfer_summary_v2.csv
mHSC-GM,hHep,mlp,auroc,scconcept,0.5248108,0.6959748,0.5359054,0.4666322,-0.058178600000000025,-0.16006940000000003,10,8,10,10,0,False,False,2,results/transfer_v2/embedding_transfer_summary_v2.csv
mHSC-GM,mDC,lr,auroc,scconcept,0.4824932,0.4462456,0.524802,0.53147,0.04897679999999999,0.07855639999999997,7,4,9,7,0,False,True,5,results/transfer_v2/embedding_transfer_summary_v2.csv
mHSC-GM,mDC,mlp,auroc,scconcept,0.472231,0.4724054,0.5285714,0.5213068,0.04907579999999995,0.05616600000000005,9,5,8,9,0,False,True,3,results/transfer_v2/embedding_transfer_summary_v2.csv
mHSC-GM,mESC,mlp,auroc,cl_scratch_v5,0.5026706,,,,,,1,,,,,False,False,0,results/transfer_v2/embedding_transfer_summary_v2.csv
mHSC-GM,mESC,mlp,auroc,cl_v6_fair,0.5026706,0.5086956,,,,,2,4,,,,False,False,4,results/transfer_v2/embedding_transfer_summary_v2.csv
mHSC-GM,mESC,lr,auroc,baseline,0.4962788,,,,,,9,,,,,False,False,0,results/transfer_v2/embedding_transfer_summary_v2.csv
mHSC-GM,mESC,lr,auroc,cl_scratch_v5,0.5040226,,,,,,3,,,,,False,False,0,results/transfer_v2/embedding_transfer_summary_v2.csv
mHSC-GM,mESC,lr,auroc,cl_v6_fair,0.5044512,0.456522,,,,,1,1,,,,False,False,1,results/transfer_v2/embedding_transfer_summary_v2.csv
mHSC-GM,mESC,lr,auroc,minus,0.49920960000000003,,,,,,8,,,,,False,False,0,results/transfer_v2/embedding_transfer_summary_v2.csv
mHSC-GM,mESC,lr,auroc,scGPT_human,0.495816,,,,,,10,,,,,False,False,0,results/transfer_v2/embedding_transfer_summary_v2.csv
mHSC-GM,mESC,lr,auroc,scconcept,0.504451,,,,,,2,,,,,False,False,0,results/transfer_v2/embedding_transfer_summary_v2.csv
mHSC-GM,mESC,lr,auroc,scconcept_encoded,0.5028094,,,,,,4,,,,,False,False,0,results/transfer_v2/embedding_transfer_summary_v2.csv
mHSC-GM,mESC,lr,auroc,v4_bias_rec_best,0.499356,,,,,,7,,,,,False,False,0,results/transfer_v2/embedding_transfer_summary_v2.csv
mHSC-GM,mESC,lr,auroc,v4_plain_best,0.5006659999999999,,,,,,6,,,,,False,False,0,results/transfer_v2/embedding_transfer_summary_v2.csv
mHSC-GM,mESC,lr,auroc,v4_type_pe_best,0.5009008,,,,,,5,,,,,False,False,0,results/transfer_v2/embedding_transfer_summary_v2.csv
mHSC-GM,mHSC-E,lr,auroc,baseline,0.764976,0.764976,0.764976,0.7649544,-2.159999999995499e-05,0.0,2,2,2,2,0,False,False,0,results/transfer_v2/embedding_transfer_summary_v2.csv
mHSC-GM,mHSC-E,lr,auroc,cl_scratch_v5,0.7021784,0.7021784,0.7021784,0.6982656,-0.0039127999999999385,0.0,5,5,5,5,0,False,False,0,results/transfer_v2/embedding_transfer_summary_v2.csv
mHSC-GM,mHSC-E,lr,auroc,cl_v6_fair,0.6555048,0.6555048,0.6555048,0.6296578,-0.025846999999999953,0.0,8,8,8,8,0,False,False,0,results/transfer_v2/embedding_transfer_summary_v2.csv
mHSC-GM,mHSC-E,lr,auroc,scGPT_human,0.8075194,0.8075194,0.8075194,0.7956422000000001,-0.011877199999999921,0.0,1,1,1,1,0,False,False,0,results/transfer_v2/embedding_transfer_summary_v2.csv
mHSC-GM,mHSC-E,lr,auroc,scconcept,0.6227318,0.6227318,0.6227318,0.6196922,-0.00303959999999992,0.0,9,9,9,9,0,False,False,0,results/transfer_v2/embedding_transfer_summary_v2.csv
mHSC-GM,mHSC-E,lr,auroc,scconcept_encoded,0.565274,0.565274,0.565274,0.5688118,0.0035377999999999243,0.0,10,10,10,10,0,False,False,0,results/transfer_v2/embedding_transfer_summary_v2.csv
mHSC-GM,mHSC-E,lr,auroc,v4_bias_rec_best,0.674117,0.674117,0.674117,0.6617282,-0.012388799999999978,0.0,7,7,7,7,0,False,False,0,results/transfer_v2/embedding_transfer_summary_v2.csv
mHSC-GM,mHSC-E,lr,auroc,v4_type_pe_best,0.6861792,0.6861792,0.6861792,0.6961272,0.009947999999999957,0.0,6,6,6,6,0,False,False,0,results/transfer_v2/embedding_transfer_summary_v2.csv
mHSC-GM,mHSC-E,mlp,auroc,baseline,0.811788,0.811788,0.811788,0.8055942,-0.006193799999999916,0.0,2,2,2,2,0,False,False,0,results/transfer_v2/embedding_transfer_summary_v2.csv
mHSC-GM,mHSC-E,mlp,auroc,cl_scratch_v5,0.7566286,0.7566286,0.7566286,0.756814,0.00018540000000000223,0.0,6,6,6,6,0,False,False,0,results/transfer_v2/embedding_transfer_summary_v2.csv
mHSC-GM,mHSC-E,mlp,auroc,cl_v6_fair,0.713479,0.713479,0.713479,0.703581,-0.009897999999999962,0.0,8,8,8,8,0,False,False,0,results/transfer_v2/embedding_transfer_summary_v2.csv
mHSC-GM,mHSC-E,mlp,auroc,scGPT_human,0.8204506,0.8204506,0.8204506,0.8143448,-0.00610580000000005,0.0,1,1,1,1,0,False,False,0,results/transfer_v2/embedding_transfer_summary_v2.csv
mHSC-GM,mHSC-E,mlp,auroc,scconcept,0.6543764,0.6543764,0.6543764,0.6503794,-0.003996999999999917,0.0,9,9,9,9,0,False,False,0,results/transfer_v2/embedding_transfer_summary_v2.csv
mHSC-GM,mHSC-E,mlp,auroc,scconcept_encoded,0.595026,0.595026,0.595026,0.5882136,-0.006812400000000052,0.0,10,10,10,10,0,False,False,0,results/transfer_v2/embedding_transfer_summary_v2.csv
mHSC-GM,mHSC-E,mlp,auroc,v4_bias_rec_best,0.7245484,0.7245484,0.7245484,0.7140446,-0.010503799999999952,0.0,7,7,7,7,0,False,False,0,results/transfer_v2/embedding_transfer_summary_v2.csv
mHSC-GM,mHSC-E,mlp,auroc,v4_type_pe_best,0.778316,0.778316,0.778316,0.7738904,-0.0044256000000000295,0.0,5,5,5,5,0,False,False,0,results/transfer_v2/embedding_transfer_summary_v2.csv
mHSC-GM,mHSC-L,lr,auroc,baseline,0.7534386,0.7534386,0.7534386,0.7534386,0.0,0.0,8,8,8,8,0,False,False,0,results/transfer_v2/embedding_transfer_summary_v2.csv
mHSC-GM,mHSC-L,lr,auroc,cl_scratch_v5,0.7705308,0.7705308,0.7705308,0.7705308,0.0,0.0,5,5,5,5,0,False,False,0,results/transfer_v2/embedding_transfer_summary_v2.csv
mHSC-GM,mHSC-L,lr,auroc,cl_v6_fair,0.7863636,0.7863636,0.7863636,0.7863636,0.0,0.0,1,1,1,1,0,False,False,0,results/transfer_v2/embedding_transfer_summary_v2.csv
mHSC-GM,mHSC-L,lr,auroc,minus,0.7795632,0.7795632,0.7795632,0.7795632,0.0,0.0,4,4,4,4,0,False,False,0,results/transfer_v2/embedding_transfer_summary_v2.csv
mHSC-GM,mHSC-L,lr,auroc,scGPT_human,0.7842612,0.7842612,0.7842612,0.7842612,0.0,0.0,2,2,2,2,0,False,False,0,results/transfer_v2/embedding_transfer_summary_v2.csv
mHSC-GM,mHSC-L,lr,auroc,scconcept,0.749183,0.749183,0.749183,0.749183,0.0,0.0,9,9,9,9,0,False,False,0,results/transfer_v2/embedding_transfer_summary_v2.csv
mHSC-GM,mHSC-L,lr,auroc,scconcept_encoded,0.6852427999999999,0.6852427999999999,0.6852427999999999,0.6852427999999999,0.0,0.0,10,10,10,10,0,False,False,0,results/transfer_v2/embedding_transfer_summary_v2.csv
mHSC-GM,mHSC-L,lr,auroc,v4_bias_rec_best,0.7828666,0.7828666,0.7828666,0.7828666,0.0,0.0,3,3,3,3,0,False,False,0,results/transfer_v2/embedding_transfer_summary_v2.csv
mHSC-GM,mHSC-L,lr,auroc,v4_plain_best,0.7602714,0.7602714,0.7602714,0.7602714,0.0,0.0,7,7,7,7,0,False,False,0,results/transfer_v2/embedding_transfer_summary_v2.csv
mHSC-GM,mHSC-L,lr,auroc,v4_type_pe_best,0.7676822,0.7676822,0.7676822,0.7676822,0.0,0.0,6,6,6,6,0,False,False,0,results/transfer_v2/embedding_transfer_summary_v2.csv
mHSC-GM,mHSC-L,mlp,auroc,baseline,0.799635,0.799635,0.799635,0.799635,0.0,0.0,7,7,7,7,0,False,False,0,results/transfer_v2/embedding_transfer_summary_v2.csv
mHSC-GM,mHSC-L,mlp,auroc,cl_scratch_v5,0.803642,0.803642,0.803642,0.803642,0.0,0.0,6,6,6,6,0,False,False,0,results/transfer_v2/embedding_transfer_summary_v2.csv
mHSC-GM,mHSC-L,mlp,auroc,cl_v6_fair,0.8187222,0.8187222,0.8187222,0.8187222,0.0,0.0,2,2,2,2,0,False,False,0,results/transfer_v2/embedding_transfer_summary_v2.csv
mHSC-GM,mHSC-L,mlp,auroc,minus,0.8072112,0.8072112,0.8072112,0.8072112,0.0,0.0,5,5,5,5,0,False,False,0,results/transfer_v2/embedding_transfer_summary_v2.csv
mHSC-GM,mHSC-L,mlp,auroc,scGPT_human,0.8128672,0.8128672,0.8128672,0.8128672,0.0,0.0,3,3,3,3,0,False,False,0,results/transfer_v2/embedding_transfer_summary_v2.csv
mHSC-GM,mHSC-L,mlp,auroc,scconcept,0.7791444000000001,0.7791444000000001,0.7791444000000001,0.7791444000000001,0.0,0.0,9,9,9,9,0,False,False,0,results/transfer_v2/embedding_transfer_summary_v2.csv
mHSC-GM,mHSC-L,mlp,auroc,scconcept_encoded,0.7484718,0.7484718,0.7484718,0.7484718,0.0,0.0,10,10,10,10,0,False,False,0,results/transfer_v2/embedding_transfer_summary_v2.csv
mHSC-GM,mHSC-L,mlp,auroc,v4_bias_rec_best,0.8228162,0.8228162,0.8228162,0.8228162,0.0,0.0,1,1,1,1,0,False,False,0,results/transfer_v2/embedding_transfer_summary_v2.csv
mHSC-GM,mHSC-L,mlp,auroc,v4_plain_best,0.7995793999999999,0.7995793999999999,0.7995793999999999,0.7995793999999999,0.0,0.0,8,8,8,8,0,False,False,0,results/transfer_v2/embedding_transfer_summary_v2.csv
mHSC-GM,mHSC-L,mlp,auroc,v4_type_pe_best,0.810124,0.810124,0.810124,0.810124,0.0,0.0,4,4,4,4,0,False,False,0,results/transfer_v2/embedding_transfer_summary_v2.csv
mHSC-L,hESC,lr,auroc,scGPT_human,0.5605162,0.5955358,0.5023482,0.5812958,0.02077960000000001,-0.09318759999999993,7,5,8,7,0,False,True,3,results/transfer_v2/embedding_transfer_summary_v2.csv
mHSC-L,hESC,mlp,auroc,baseline,0.7577912,0.7345662,0.6927124,0.6634818,-0.09430939999999999,-0.04185379999999994,1,2,1,1,0,False,False,1,results/transfer_v2/embedding_transfer_summary_v2.csv
mHSC-L,hESC,mlp,auroc,v4_bias_rec_best,0.7458592,0.8364288,0.662672,0.6607286,-0.08513060000000006,-0.17375679999999993,2,1,3,2,0,False,True,2,results/transfer_v2/embedding_transfer_summary_v2.csv
mHSC-L,hHep,lr,auroc,v4_type_pe_best,0.6352358,0.5760336,0.713306,0.7523318,0.11709599999999998,0.13727239999999996,1,6,1,1,0,False,False,5,results/transfer_v2/embedding_transfer_summary_v2.csv
mHSC-L,mDC,mlp,auroc,cl_v6_fair,0.5957892,0.3839942,0.646316,0.5956886,-0.00010060000000000624,0.2623218,2,9,3,2,0,False,False,6,results/transfer_v2/embedding_transfer_summary_v2.csv
mHSC-L,mESC,mlp,auroc,baseline,0.503784,0.4410775,,,,,4,7,,,,False,False,7,results/transfer_v2/embedding_transfer_summary_v2.csv
mHSC-L,mESC,mlp,auroc,cl_scratch_v5,0.5044428,,,,,,3,,,,,False,False,0,results/transfer_v2/embedding_transfer_summary_v2.csv
mHSC-L,mESC,mlp,auroc,cl_v6_fair,0.5048798,0.526316,,,,,2,2,,,,False,False,2,results/transfer_v2/embedding_transfer_summary_v2.csv
mHSC-L,mESC,mlp,auroc,minus,0.5058469999999999,0.3125,0.5,0.5,-0.005846999999999936,0.1875,1,8,1,1,0,False,False,7,results/transfer_v2/embedding_transfer_summary_v2.csv
mHSC-L,mESC,mlp,auroc,v4_plain_best,0.5008902,0.4916665,0.5,0.5,-0.0008901999999999521,0.008333499999999994,6,4,5,6,0,False,False,1,results/transfer_v2/embedding_transfer_summary_v2.csv
mHSC-L,mESC,lr,auroc,baseline,0.5015172,,,,,,7,,,,,False,False,0,results/transfer_v2/embedding_transfer_summary_v2.csv
mHSC-L,mESC,lr,auroc,cl_scratch_v5,0.5030994,,,,,,4,,,,,False,False,0,results/transfer_v2/embedding_transfer_summary_v2.csv
mHSC-L,mESC,lr,auroc,cl_v6_fair,0.5040226,0.5263158,,,,,1,1,,,,False,False,1,results/transfer_v2/embedding_transfer_summary_v2.csv
mHSC-L,mESC,lr,auroc,minus,0.5033014,,,,,,3,,,,,False,False,0,results/transfer_v2/embedding_transfer_summary_v2.csv
mHSC-L,mESC,lr,auroc,scGPT_human,0.4959404,,,,,,10,,,,,False,False,0,results/transfer_v2/embedding_transfer_summary_v2.csv
mHSC-L,mESC,lr,auroc,scconcept,0.4989502,,,,,,8,,,,,False,False,0,results/transfer_v2/embedding_transfer_summary_v2.csv
mHSC-L,mESC,lr,auroc,scconcept_encoded,0.5035997999999999,0.4920636,,,,,2,2,,,,False,False,2,results/transfer_v2/embedding_transfer_summary_v2.csv
mHSC-L,mESC,lr,auroc,v4_bias_rec_best,0.4977246,,,,,,9,,,,,False,False,0,results/transfer_v2/embedding_transfer_summary_v2.csv
mHSC-L,mESC,lr,auroc,v4_plain_best,0.5015524,,,,,,6,,,,,False,False,0,results/transfer_v2/embedding_transfer_summary_v2.csv
mHSC-L,mESC,lr,auroc,v4_type_pe_best,0.5022754,,,,,,5,,,,,False,False,0,results/transfer_v2/embedding_transfer_summary_v2.csv
mHSC-L,mHSC-E,lr,auroc,baseline,0.655971,0.655971,0.655971,0.6471348,-0.00883619999999996,0.0,1,1,1,1,0,False,False,0,results/transfer_v2/embedding_transfer_summary_v2.csv
mHSC-L,mHSC-E,lr,auroc,cl_scratch_v5,0.5717806,0.5717806,0.5717806,0.562785,-0.008995599999999992,0.0,3,3,3,3,0,False,False,0,results/transfer_v2/embedding_transfer_summary_v2.csv
mHSC-L,mHSC-E,lr,auroc,scGPT_human,0.6223414,0.6223414,0.6223414,0.6387054,0.016363999999999934,0.0,2,2,2,2,0,False,False,0,results/transfer_v2/embedding_transfer_summary_v2.csv
mHSC-L,mHSC-E,lr,auroc,scconcept,0.4883934,0.4883934,0.4883934,0.4847604,-0.0036329999999999973,0.0,7,7,7,7,0,False,False,0,results/transfer_v2/embedding_transfer_summary_v2.csv
mHSC-L,mHSC-E,lr,auroc,scconcept_encoded,0.5210506,0.5210506,0.5210506,0.5269664000000001,0.005915800000000027,0.0,5,5,5,5,0,False,False,0,results/transfer_v2/embedding_transfer_summary_v2.csv
mHSC-L,mHSC-E,lr,auroc,v4_type_pe_best,0.4754462,0.4754462,0.4754462,0.4598648,-0.015581399999999967,0.0,8,8,8,8,0,False,False,0,results/transfer_v2/embedding_transfer_summary_v2.csv
mHSC-L,mHSC-E,mlp,auroc,minus,0.6739434,0.6739434,0.6739434,0.6467834,-0.027159999999999962,0.0,2,2,2,2,0,False,False,0,results/transfer_v2/embedding_transfer_summary_v2.csv
mHSC-L,mHSC-E,mlp,auroc,scGPT_human,0.6970649999999999,0.6970649999999999,0.6970649999999999,0.6885698,-0.008495199999999925,0.0,1,1,1,1,0,False,False,0,results/transfer_v2/embedding_transfer_summary_v2.csv
mHSC-L,mHSC-E,mlp,auroc,scconcept,0.466812,0.466812,0.466812,0.4624652,-0.004346799999999984,0.0,10,10,10,10,0,False,False,0,results/transfer_v2/embedding_transfer_summary_v2.csv
mHSC-L,mHSC-E,mlp,auroc,scconcept_encoded,0.4761136,0.4761136,0.4761136,0.4842798,0.008166199999999957,0.0,9,9,9,9,0,False,False,0,results/transfer_v2/embedding_transfer_summary_v2.csv
mHSC-L,mHSC-E,mlp,auroc,v4_type_pe_best,0.6358478,0.6358478,0.6358478,0.6345898,-0.0012579999999999814,0.0,3,3,3,3,0,False,False,0,results/transfer_v2/embedding_transfer_summary_v2.csv
mHSC-L,mHSC-GM,lr,auroc,baseline,0.7649002,0.7649002,0.7649002,0.7649002,0.0,0.0,5,5,5,5,0,False,False,0,results/transfer_v2/embedding_transfer_summary_v2.csv
mHSC-L,mHSC-GM,lr,auroc,cl_scratch_v5,0.7767486,0.7767486,0.7767486,0.7767486,0.0,0.0,3,3,3,3,0,False,False,0,results/transfer_v2/embedding_transfer_summary_v2.csv
mHSC-L,mHSC-GM,lr,auroc,cl_v6_fair,0.7687772,0.7687772,0.7687772,0.7687772,0.0,0.0,4,4,4,4,0,False,False,0,results/transfer_v2/embedding_transfer_summary_v2.csv
mHSC-L,mHSC-GM,lr,auroc,minus,0.6890312,0.6890312,0.6890312,0.6890312,0.0,0.0,8,8,8,8,0,False,False,0,results/transfer_v2/embedding_transfer_summary_v2.csv
mHSC-L,mHSC-GM,lr,auroc,scGPT_human,0.7434256,0.7434256,0.7434256,0.7434256,0.0,0.0,6,6,6,6,0,False,False,0,results/transfer_v2/embedding_transfer_summary_v2.csv
mHSC-L,mHSC-GM,lr,auroc,scconcept,0.6843899999999999,0.6843899999999999,0.6843899999999999,0.6843899999999999,0.0,0.0,9,9,9,9,0,False,False,0,results/transfer_v2/embedding_transfer_summary_v2.csv
mHSC-L,mHSC-GM,lr,auroc,scconcept_encoded,0.6791174,0.6791174,0.6791174,0.6791174,0.0,0.0,10,10,10,10,0,False,False,0,results/transfer_v2/embedding_transfer_summary_v2.csv
mHSC-L,mHSC-GM,lr,auroc,v4_bias_rec_best,0.7281694,0.7281694,0.7281694,0.7281694,0.0,0.0,7,7,7,7,0,False,False,0,results/transfer_v2/embedding_transfer_summary_v2.csv
mHSC-L,mHSC-GM,lr,auroc,v4_plain_best,0.7995954,0.7995954,0.7995954,0.7995954,0.0,0.0,1,1,1,1,0,False,False,0,results/transfer_v2/embedding_transfer_summary_v2.csv
mHSC-L,mHSC-GM,lr,auroc,v4_type_pe_best,0.7809806,0.7809806,0.7809806,0.7809806,0.0,0.0,2,2,2,2,0,False,False,0,results/transfer_v2/embedding_transfer_summary_v2.csv
mHSC-L,mHSC-GM,mlp,auroc,baseline,0.8502914,0.8502914,0.8502914,0.8502914,0.0,0.0,5,5,5,5,0,False,False,0,results/transfer_v2/embedding_transfer_summary_v2.csv
mHSC-L,mHSC-GM,mlp,auroc,cl_scratch_v5,0.8498327999999999,0.8498327999999999,0.8498327999999999,0.8498327999999999,0.0,0.0,6,6,6,6,0,False,False,0,results/transfer_v2/embedding_transfer_summary_v2.csv
mHSC-L,mHSC-GM,mlp,auroc,cl_v6_fair,0.8595954,0.8595954,0.8595954,0.8595954,0.0,0.0,1,1,1,1,0,False,False,0,results/transfer_v2/embedding_transfer_summary_v2.csv
mHSC-L,mHSC-GM,mlp,auroc,minus,0.8340948,0.8340948,0.8340948,0.8340948,0.0,0.0,8,8,8,8,0,False,False,0,results/transfer_v2/embedding_transfer_summary_v2.csv
mHSC-L,mHSC-GM,mlp,auroc,scGPT_human,0.8523002,0.8523002,0.8523002,0.8523002,0.0,0.0,4,4,4,4,0,False,False,0,results/transfer_v2/embedding_transfer_summary_v2.csv
mHSC-L,mHSC-GM,mlp,auroc,scconcept,0.7579056000000001,0.7579056000000001,0.7579056000000001,0.7579056000000001,0.0,0.0,9,9,9,9,0,False,False,0,results/transfer_v2/embedding_transfer_summary_v2.csv
mHSC-L,mHSC-GM,mlp,auroc,scconcept_encoded,0.750393,0.750393,0.750393,0.750393,0.0,0.0,10,10,10,10,0,False,False,0,results/transfer_v2/embedding_transfer_summary_v2.csv
mHSC-L,mHSC-GM,mlp,auroc,v4_bias_rec_best,0.8424414,0.8424414,0.8424414,0.8424414,0.0,0.0,7,7,7,7,0,False,False,0,results/transfer_v2/embedding_transfer_summary_v2.csv
mHSC-L,mHSC-GM,mlp,auroc,v4_plain_best,0.8534492,0.8534492,0.8534492,0.8534492,0.0,0.0,3,3,3,3,0,False,False,0,results/transfer_v2/embedding_transfer_summary_v2.csv
mHSC-L,mHSC-GM,mlp,auroc,v4_type_pe_best,0.858593,0.858593,0.858593,0.858593,0.0,0.0,2,2,2,2,0,False,False,0,results/transfer_v2/embedding_transfer_summary_v2.csv
hESC,hHep,lr,balanced_accuracy,baseline,0.5705244,0.5314852,0.5437134,0.5472058,-0.023318600000000078,0.012228200000000022,2,7,3,2,0,False,False,4,results/transfer_v2/embedding_transfer_summary_v2.csv
hESC,hHep,lr,balanced_accuracy,v4_type_pe_best,0.580253,0.619405,0.5555198,0.5505338,-0.029719200000000057,-0.06388519999999998,1,1,1,1,0,False,False,0,results/transfer_v2/embedding_transfer_summary_v2.csv
hESC,hHep,mlp,balanced_accuracy,baseline,0.5853766,0.5563734,0.5271068,0.5374232,-0.047953400000000035,-0.02926660000000003,3,6,4,3,0,False,False,2,results/transfer_v2/embedding_transfer_summary_v2.csv
hESC,hHep,mlp,balanced_accuracy,cl_v6_fair,0.5469032,0.5832778,0.5117876,0.5076038,-0.039299399999999984,-0.07149019999999995,7,4,7,7,0,False,True,3,results/transfer_v2/embedding_transfer_summary_v2.csv
hESC,hHep,mlp,balanced_accuracy,scconcept_encoded,0.45549239999999996,0.4628738,0.4902884,0.48334720000000003,0.02785480000000007,0.02741460000000001,10,10,10,10,0,False,False,0,results/transfer_v2/embedding_transfer_summary_v2.csv
hESC,mDC,lr,balanced_accuracy,v4_bias_rec_best,0.4397262,0.513791,0.43103,0.36616160000000003,-0.07356459999999998,-0.08276099999999997,10,4,10,10,0,False,True,6,results/transfer_v2/embedding_transfer_summary_v2.csv
hESC,mDC,mlp,balanced_accuracy,v4_bias_rec_best,0.4029082,0.43356459999999997,0.4188806,0.36982339999999997,-0.033084800000000025,-0.014683999999999975,10,8,10,10,0,False,False,2,results/transfer_v2/embedding_transfer_summary_v2.csv
hESC,mESC,mlp,balanced_accuracy,v4_bias_rec_best,0.4995548,0.5,0.506596,0.506596,0.007041200000000025,0.006596000000000046,3,6,5,3,0,False,False,1,results/transfer_v2/embedding_transfer_summary_v2.csv
hESC,mESC,lr,balanced_accuracy,cl_scratch_v5,0.5,0.5,0.5058046,0.506596,0.006596000000000046,0.005804600000000049,1,1,6,1,0,False,False,5,results/transfer_v2/embedding_transfer_summary_v2.csv
hESC,mESC,lr,balanced_accuracy,v4_bias_rec_best,0.5,,0.506596,0.506596,0.006596000000000046,,3,,3,3,0,False,False,3,results/transfer_v2/embedding_transfer_summary_v2.csv
hESC,mESC,lr,balanced_accuracy,v4_plain_best,0.5,0.49663840000000004,0.506596,0.506596,0.006596000000000046,0.009957600000000011,4,2,4,4,0,False,False,2,results/transfer_v2/embedding_transfer_summary_v2.csv
hESC,mHSC-E,lr,balanced_accuracy,scGPT_human,0.5580288,0.4826418,0.523322,0.549123,-0.008905799999999964,0.040680199999999944,2,10,7,2,0,False,False,3,results/transfer_v2/embedding_transfer_summary_v2.csv
hESC,mHSC-E,lr,balanced_accuracy,scconcept_encoded,0.4937152,0.5180202,0.4772222,0.4498032,-0.04391200000000001,-0.040798000000000056,9,6,10,9,0,False,True,4,results/transfer_v2/embedding_transfer_summary_v2.csv
hESC,mHSC-E,mlp,balanced_accuracy,cl_scratch_v5,0.5610588,0.5181131999999999,0.5048844,0.5081452,-0.052913600000000005,-0.01322879999999993,3,5,5,3,0,False,True,0,results/transfer_v2/embedding_transfer_summary_v2.csv
hESC,mHSC-E,mlp,balanced_accuracy,scconcept_encoded,0.464819,0.5304692,0.4705938,0.4093774,-0.05544159999999998,-0.05987539999999997,10,4,10,10,0,False,True,6,results/transfer_v2/embedding_transfer_summary_v2.csv
hESC,mHSC-E,mlp,balanced_accuracy,v4_plain_best,0.5372192,0.4650454,0.5199802,0.4864252,-0.050794000000000006,0.054934800000000006,6,10,1,6,0,False,False,9,results/transfer_v2/embedding_transfer_summary_v2.csv
hESC,mHSC-GM,lr,balanced_accuracy,minus,0.611838,0.5283538,0.5814814,0.5973684,-0.014469599999999971,0.05312760000000005,4,9,7,4,0,False,False,2,results/transfer_v2/embedding_transfer_summary_v2.csv
hESC,mHSC-GM,lr,balanced_accuracy,scconcept,0.5188306,0.5292478,0.5050124,0.4927538,-0.02607680000000001,-0.024235400000000018,10,8,10,10,0,False,False,2,results/transfer_v2/embedding_transfer_summary_v2.csv
hESC,mHSC-GM,lr,balanced_accuracy,v4_type_pe_best,0.6094742,0.6123394,0.6088364,0.5838234,-0.025650799999999974,-0.003502999999999923,6,4,3,6,0,False,False,1,results/transfer_v2/embedding_transfer_summary_v2.csv
hESC,mHSC-GM,mlp,balanced_accuracy,scconcept,0.52683,0.5041476,0.510226,0.48282600000000003,-0.04400399999999999,0.006078399999999928,10,9,10,10,0,False,False,1,results/transfer_v2/embedding_transfer_summary_v2.csv
hESC,mHSC-GM,mlp,balanced_accuracy,v4_bias_rec_best,0.6386756,0.6344304,0.6111384,0.598603,-0.040072600000000014,-0.02329199999999998,6,2,5,6,0,False,False,3,results/transfer_v2/embedding_transfer_summary_v2.csv
hESC,mHSC-L,lr,balanced_accuracy,scconcept,0.5190014,0.5135462,0.503173,0.5166792,-0.002322199999999941,-0.010373199999999971,10,9,10,10,0,False,False,1,results/transfer_v2/embedding_transfer_summary_v2.csv
hHep,hESC,lr,balanced_accuracy,cl_scratch_v5,0.5706094,0.598422,0.5919556,0.5960260000000001,0.02541660000000001,-0.006466399999999983,1,1,2,1,0,False,False,1,results/transfer_v2/embedding_transfer_summary_v2.csv
hHep,hESC,lr,balanced_accuracy,cl_v6_fair,0.5656136,0.5412669999999999,0.592384,0.5811614,0.0155478,0.05111700000000008,3,5,1,3,0,False,False,4,results/transfer_v2/embedding_transfer_summary_v2.csv
hHep,hESC,lr,balanced_accuracy,scconcept,0.5008202,0.5062228,0.5057512,0.5030924,0.0022721999999999465,-0.00047160000000001645,9,9,9,9,0,False,False,0,results/transfer_v2/embedding_transfer_summary_v2.csv
hHep,hESC,lr,balanced_accuracy,scconcept_encoded,0.4686186,0.5320296,0.4606482,0.4509682,-0.01765040000000001,-0.07138139999999998,10,6,10,10,0,False,False,4,results/transfer_v2/embedding_transfer_summary_v2.csv
hHep,hESC,mlp,balanced_accuracy,scconcept,0.497178,0.5189526,0.5020126,0.5011448000000001,0.003966800000000048,-0.016939999999999955,9,9,10,9,0,False,False,1,results/transfer_v2/embedding_transfer_summary_v2.csv
hHep,hESC,mlp,balanced_accuracy,scconcept_encoded,0.496289,0.5546016,0.506552,0.4949368,-0.00135219999999997,-0.048049600000000026,10,4,9,10,0,False,False,5,results/transfer_v2/embedding_transfer_summary_v2.csv
hHep,mDC,mlp,balanced_accuracy,cl_v6_fair,0.5303654,0.5028318,0.5424264,0.542491,0.012125599999999959,0.039594599999999924,2,9,2,2,0,False,False,7,results/transfer_v2/embedding_transfer_summary_v2.csv
hHep,mDC,mlp,balanced_accuracy,scconcept_encoded,0.4946584,0.5755024,0.5112866,0.5105158000000001,0.015857400000000077,-0.06421579999999993,9,2,9,9,0,False,True,7,results/transfer_v2/embedding_transfer_summary_v2.csv
hHep,mDC,mlp,balanced_accuracy,v4_type_pe_best,0.4932648,0.5093722,0.5102755999999999,0.5104568,0.01719200000000004,0.0009033999999998876,10,6,10,10,0,False,True,4,results/transfer_v2/embedding_transfer_summary_v2.csv
hHep,mHSC-E,lr,balanced_accuracy,cl_v6_fair,0.5998876,0.6971122,0.763087,0.769354,0.16946640000000002,0.0659748,3,1,2,3,0,False,False,1,results/transfer_v2/embedding_transfer_summary_v2.csv
hHep,mHSC-E,lr,balanced_accuracy,scconcept,0.5052804,0.471014,0.4781418,0.4281596,-0.07712079999999999,0.0071278000000000175,10,10,10,10,0,False,False,0,results/transfer_v2/embedding_transfer_summary_v2.csv
hHep,mHSC-E,lr,balanced_accuracy,scconcept_encoded,0.5492324,0.5133474,0.5202958,0.5564862,0.007253800000000088,0.006948399999999966,9,9,9,9,0,False,False,0,results/transfer_v2/embedding_transfer_summary_v2.csv
hHep,mHSC-E,lr,balanced_accuracy,v4_plain_best,0.6049202,0.6282022,0.7648048000000001,0.8195156,0.2145954,0.13660260000000002,1,5,1,1,0,False,False,4,results/transfer_v2/embedding_transfer_summary_v2.csv
hHep,mHSC-E,lr,balanced_accuracy,v4_type_pe_best,0.5985576,0.6705368,0.7183541999999999,0.750596,0.15203840000000002,0.0478173999999999,5,3,6,5,0,False,False,3,results/transfer_v2/embedding_transfer_summary_v2.csv
hHep,mHSC-E,mlp,balanced_accuracy,cl_v6_fair,0.6221639999999999,0.7050592,0.72917,0.7328774,0.11071340000000007,0.024110799999999988,5,1,3,5,0,False,False,2,results/transfer_v2/embedding_transfer_summary_v2.csv
hHep,mHSC-E,mlp,balanced_accuracy,scconcept,0.5126128,0.4877056,0.5184572000000001,0.44763379999999997,-0.06497900000000001,0.030751600000000046,10,10,10,10,0,False,False,0,results/transfer_v2/embedding_transfer_summary_v2.csv
hHep,mHSC-E,mlp,balanced_accuracy,scconcept_encoded,0.5465274,0.500903,0.5647512,0.5825908,0.03606339999999997,0.06384820000000002,9,9,9,9,0,False,False,0,results/transfer_v2/embedding_transfer_summary_v2.csv
hHep,mHSC-E,mlp,balanced_accuracy,v4_plain_best,0.6325094,0.6231126,0.7311282,0.8152237999999999,0.18271439999999994,0.10801559999999999,1,5,2,1,0,False,False,3,results/transfer_v2/embedding_transfer_summary_v2.csv
hHep,mHSC-GM,lr,balanced_accuracy,scconcept,0.5129284000000001,0.49324819999999997,0.47282060000000004,0.4852942,-0.027634200000000053,-0.020427599999999935,10,10,10,10,0,False,False,0,results/transfer_v2/embedding_transfer_summary_v2.csv
hHep,mHSC-L,lr,balanced_accuracy,scconcept,0.502387,0.4656922,0.45877840000000003,0.46428579999999997,-0.03810120000000006,-0.00691379999999997,10,10,10,10,0,False,False,0,results/transfer_v2/embedding_transfer_summary_v2.csv
hHep,mHSC-L,mlp,balanced_accuracy,v4_type_pe_best,0.5648453999999999,0.5609464,0.5163548,0.513976,-0.050869399999999954,-0.044591599999999953,2,2,1,2,0,False,False,1,results/transfer_v2/embedding_transfer_summary_v2.csv
mDC,hESC,lr,balanced_accuracy,scconcept,0.484243,0.46316999999999997,0.537368,0.5078144,0.02357140000000002,0.07419799999999999,3,2,1,3,0,False,False,1,results/transfer_v2/embedding_transfer_summary_v2.csv
mDC,hESC,mlp,balanced_accuracy,baseline,0.4506238,0.457596,0.466569,0.4933608,0.04273699999999997,0.008973000000000009,6,7,5,6,0,False,False,2,results/transfer_v2/embedding_transfer_summary_v2.csv
mDC,hESC,mlp,balanced_accuracy,scGPT_human,0.4854416,0.48107,0.542362,0.5141012,0.028659600000000063,0.06129200000000001,3,3,1,3,0,False,False,2,results/transfer_v2/embedding_transfer_summary_v2.csv
mDC,hESC,mlp,balanced_accuracy,v4_bias_rec_best,0.4328588,0.435876,0.4512924,0.422738,-0.010120799999999985,0.015416399999999997,10,8,6,10,0,False,False,2,results/transfer_v2/embedding_transfer_summary_v2.csv
mDC,mESC,lr,balanced_accuracy,baseline,0.5,0.5,,,,,2,1,,,,False,False,1,results/transfer_v2/embedding_transfer_summary_v2.csv
mDC,mESC,lr,balanced_accuracy,cl_scratch_v5,0.5,,,,,,3,,,,,False,False,0,results/transfer_v2/embedding_transfer_summary_v2.csv
mDC,mESC,lr,balanced_accuracy,cl_v6_fair,0.5,0.5,,,,,4,2,,,,False,False,2,results/transfer_v2/embedding_transfer_summary_v2.csv
mDC,mESC,lr,balanced_accuracy,minus,0.5,,,,,,5,,,,,False,False,0,results/transfer_v2/embedding_transfer_summary_v2.csv
mDC,mESC,lr,balanced_accuracy,scGPT_human,0.5004452,,,,,,1,,,,,False,False,0,results/transfer_v2/embedding_transfer_summary_v2.csv
mDC,mESC,lr,balanced_accuracy,scconcept,0.5,,,,,,6,,,,,False,False,0,results/transfer_v2/embedding_transfer_summary_v2.csv
mDC,mESC,lr,balanced_accuracy,scconcept_encoded,0.5,,,,,,7,,,,,False,False,0,results/transfer_v2/embedding_transfer_summary_v2.csv
mDC,mESC,lr,balanced_accuracy,v4_bias_rec_best,0.5,,,,,,8,,,,,False,False,0,results/transfer_v2/embedding_transfer_summary_v2.csv
mDC,mESC,lr,balanced_accuracy,v4_plain_best,0.5,,,,,,9,,,,,False,False,0,results/transfer_v2/embedding_transfer_summary_v2.csv
mDC,mESC,lr,balanced_accuracy,v4_type_pe_best,0.5,0.5,,,,,10,3,,,,False,False,3,results/transfer_v2/embedding_transfer_summary_v2.csv
mDC,mESC,mlp,balanced_accuracy,baseline,0.5,0.5,0.5,0.5,0.0,0.0,1,1,1,1,0,False,False,0,results/transfer_v2/embedding_transfer_summary_v2.csv
mDC,mESC,mlp,balanced_accuracy,cl_scratch_v5,0.5,0.5,,,,,2,2,,,,False,False,2,results/transfer_v2/embedding_transfer_summary_v2.csv
mDC,mESC,mlp,balanced_accuracy,cl_v6_fair,0.5,0.5,,,,,3,3,,,,False,False,3,results/transfer_v2/embedding_transfer_summary_v2.csv
mDC,mESC,mlp,balanced_accuracy,scconcept_encoded,0.5,0.5,0.5,,,0.0,7,6,5,,,False,False,1,results/transfer_v2/embedding_transfer_summary_v2.csv
mDC,mHSC-E,lr,balanced_accuracy,baseline,0.4484528,0.5352124,0.5142102,0.5073598,0.05890700000000004,-0.021002200000000082,8,2,6,8,0,False,False,4,results/transfer_v2/embedding_transfer_summary_v2.csv
mDC,mHSC-E,lr,balanced_accuracy,cl_scratch_v5,0.5740024,0.5093099999999999,0.5347824,0.5600196000000001,-0.013982799999999962,0.02547240000000006,2,4,3,2,0,False,False,1,results/transfer_v2/embedding_transfer_summary_v2.csv
mDC,mHSC-E,lr,balanced_accuracy,scconcept,0.447613,0.4793594,0.5014684,0.5003122,0.0526992,0.022109000000000045,9,5,7,9,0,False,False,2,results/transfer_v2/embedding_transfer_summary_v2.csv
mDC,mHSC-E,mlp,balanced_accuracy,cl_v6_fair,0.5076596,0.5310186,0.5632508,0.6033622,0.09570259999999997,0.032232200000000044,1,2,2,1,0,False,False,0,results/transfer_v2/embedding_transfer_summary_v2.csv
mDC,mHSC-E,mlp,balanced_accuracy,scconcept_encoded,0.44251440000000003,0.436232,0.4247336,0.3918302,-0.05068420000000001,-0.01149840000000002,10,10,10,10,0,False,False,0,results/transfer_v2/embedding_transfer_summary_v2.csv
mDC,mHSC-GM,lr,balanced_accuracy,cl_scratch_v5,0.4967218,0.490163,0.4587246,0.4759072,-0.020814600000000016,-0.03143840000000003,4,4,6,4,0,False,True,2,results/transfer_v2/embedding_transfer_summary_v2.csv
mDC,mHSC-GM,lr,balanced_accuracy,v4_type_pe_best,0.4530474,0.47422000000000003,0.4432608,0.44151440000000003,-0.01153299999999996,-0.03095920000000002,8,5,7,8,0,False,True,2,results/transfer_v2/embedding_transfer_summary_v2.csv
mDC,mHSC-L,lr,balanced_accuracy,v4_bias_rec_best,0.4474776,0.4487178,0.43566699999999997,0.4310102,-0.016467399999999965,-0.013050800000000029,9,7,10,9,0,False,False,3,results/transfer_v2/embedding_transfer_summary_v2.csv
mDC,mHSC-L,mlp,balanced_accuracy,scGPT_human,0.490369,0.4968072,0.5110288000000001,0.5095236,0.019154599999999966,0.014221600000000056,3,4,2,3,0,False,False,2,results/transfer_v2/embedding_transfer_summary_v2.csv
mDC,mHSC-L,mlp,balanced_accuracy,v4_type_pe_best,0.47020460000000003,0.4817242,0.4930428,0.4926974,0.02249279999999998,0.011318600000000012,7,6,6,7,0,False,False,0,results/transfer_v2/embedding_transfer_summary_v2.csv
mESC,hESC,mlp,balanced_accuracy,cl_scratch_v5,0.459569,0.5009176,,,,,9,3,,,,False,False,3,results/transfer_v2/embedding_transfer_summary_v2.csv
mESC,hESC,mlp,balanced_accuracy,cl_v6_fair,0.4711492,0.5,,,,,3,5,,,,False,False,5,results/transfer_v2/embedding_transfer_summary_v2.csv
mESC,hESC,mlp,balanced_accuracy,minus,0.4669166,0.5,,,,,6,6,,,,False,False,6,results/transfer_v2/embedding_transfer_summary_v2.csv
mESC,hESC,mlp,balanced_accuracy,scGPT_human,0.458177,0.5,,,,,10,7,,,,False,False,7,results/transfer_v2/embedding_transfer_summary_v2.csv
mESC,hESC,mlp,balanced_accuracy,v4_bias_rec_best,0.4669502,0.502033,,,,,5,2,,,,False,False,2,results/transfer_v2/embedding_transfer_summary_v2.csv
mESC,hESC,mlp,balanced_accuracy,v4_plain_best,0.4705068,0.5,,,,,4,8,,,,False,False,8,results/transfer_v2/embedding_transfer_summary_v2.csv
mESC,hESC,mlp,balanced_accuracy,v4_type_pe_best,0.48531240000000003,0.5051286,,,,,1,1,,,,False,False,1,results/transfer_v2/embedding_transfer_summary_v2.csv
mESC,hESC,lr,balanced_accuracy,minus,0.4806168,,0.4699008,0.4885296,0.007912799999999998,,7,,7,7,0,False,False,7,results/transfer_v2/embedding_transfer_summary_v2.csv
mESC,hHep,mlp,balanced_accuracy,cl_scratch_v5,0.506491,0.4974713333333333,,,,,3,7,,,,False,False,7,results/transfer_v2/embedding_transfer_summary_v2.csv
mESC,hHep,mlp,balanced_accuracy,cl_v6_fair,0.4754964,0.4978734,,,,,8,6,,,,False,False,6,results/transfer_v2/embedding_transfer_summary_v2.csv
mESC,hHep,mlp,balanced_accuracy,minus,0.504227,0.5191996,,,,,5,1,,,,False,False,1,results/transfer_v2/embedding_transfer_summary_v2.csv
mESC,hHep,mlp,balanced_accuracy,scconcept_encoded,0.4955436,0.4915682,,,,,6,8,,,,False,False,8,results/transfer_v2/embedding_transfer_summary_v2.csv
mESC,hHep,mlp,balanced_accuracy,v4_bias_rec_best,0.4610256,0.4904214,,,,,10,9,,,,False,False,9,results/transfer_v2/embedding_transfer_summary_v2.csv
mESC,hHep,mlp,balanced_accuracy,v4_plain_best,0.5065784,0.5046424,,,,,2,3,,,,False,False,3,results/transfer_v2/embedding_transfer_summary_v2.csv
mESC,hHep,mlp,balanced_accuracy,v4_type_pe_best,0.4908602,0.4885274,,,,,7,10,,,,False,False,10,results/transfer_v2/embedding_transfer_summary_v2.csv
mESC,hHep,lr,balanced_accuracy,scconcept_encoded,0.5007275999999999,0.4904582,0.5234224000000001,0.5207422,0.020014600000000105,0.032964200000000055,4,3,3,4,0,False,False,0,results/transfer_v2/embedding_transfer_summary_v2.csv
mESC,mDC,lr,balanced_accuracy,baseline,0.5361148,,,,,,3,,,,,False,False,0,results/transfer_v2/embedding_transfer_summary_v2.csv
mESC,mDC,lr,balanced_accuracy,cl_scratch_v5,0.4880496,,,,,,6,,,,,False,False,0,results/transfer_v2/embedding_transfer_summary_v2.csv
mESC,mDC,lr,balanced_accuracy,cl_v6_fair,0.4458046,0.474675,,,,,9,5,,,,False,False,5,results/transfer_v2/embedding_transfer_summary_v2.csv
mESC,mDC,lr,balanced_accuracy,minus,0.5379532,,,,,,1,,,,,False,False,0,results/transfer_v2/embedding_transfer_summary_v2.csv
mESC,mDC,lr,balanced_accuracy,scGPT_human,0.5363054,0.5347342,,,,,2,1,,,,False,False,1,results/transfer_v2/embedding_transfer_summary_v2.csv
mESC,mDC,lr,balanced_accuracy,scconcept,0.4991524,0.5021671999999999,,,,,5,3,,,,False,False,3,results/transfer_v2/embedding_transfer_summary_v2.csv
mESC,mDC,lr,balanced_accuracy,scconcept_encoded,0.4555476,0.4884852,,,,,7,4,,,,False,False,4,results/transfer_v2/embedding_transfer_summary_v2.csv
mESC,mDC,lr,balanced_accuracy,v4_bias_rec_best,0.4468326,,,,,,8,,,,,False,False,0,results/transfer_v2/embedding_transfer_summary_v2.csv
mESC,mDC,lr,balanced_accuracy,v4_plain_best,0.5189062,0.5030164,,,,,4,2,,,,False,False,2,results/transfer_v2/embedding_transfer_summary_v2.csv
mESC,mDC,lr,balanced_accuracy,v4_type_pe_best,0.435388,0.4620368,,,,,10,6,,,,False,False,6,results/transfer_v2/embedding_transfer_summary_v2.csv
mESC,mHSC-E,mlp,balanced_accuracy,baseline,0.4939742,0.4938458,0.4924802,0.5023256,0.008351400000000064,-0.0013656000000000224,3,7,9,3,0,False,False,2,results/transfer_v2/embedding_transfer_summary_v2.csv
mESC,mHSC-E,mlp,balanced_accuracy,cl_scratch_v5,0.4928806,0.5098574,0.4986238,0.4941176,0.0012369999999999881,-0.01123360000000001,6,4,6,6,0,False,False,2,results/transfer_v2/embedding_transfer_summary_v2.csv
mESC,mHSC-E,mlp,balanced_accuracy,scGPT_human,0.49342980000000003,0.4962638,0.4990862,0.4974358,0.004005999999999954,0.0028224000000000027,4,6,5,4,0,False,False,1,results/transfer_v2/embedding_transfer_summary_v2.csv
mESC,mHSC-E,mlp,balanced_accuracy,v4_bias_rec_best,0.4890674,0.5173552,0.4902954,0.49312839999999997,0.004060999999999981,-0.027059800000000023,8,2,10,8,0,False,True,8,results/transfer_v2/embedding_transfer_summary_v2.csv
mESC,mHSC-E,lr,balanced_accuracy,baseline,0.4631282,,,,,,10,,,,,False,False,0,results/transfer_v2/embedding_transfer_summary_v2.csv
mESC,mHSC-E,lr,balanced_accuracy,cl_scratch_v5,0.5027074,,,,,,5,,,,,False,False,0,results/transfer_v2/embedding_transfer_summary_v2.csv
mESC,mHSC-E,lr,balanced_accuracy,cl_v6_fair,0.4946566,,,,,,7,,,,,False,False,0,results/transfer_v2/embedding_transfer_summary_v2.csv
mESC,mHSC-E,lr,balanced_accuracy,minus,0.5073006,,,,,,3,,,,,False,False,0,results/transfer_v2/embedding_transfer_summary_v2.csv
mESC,mHSC-E,lr,balanced_accuracy,scGPT_human,0.509288,,,,,,2,,,,,False,False,0,results/transfer_v2/embedding_transfer_summary_v2.csv
mESC,mHSC-E,lr,balanced_accuracy,scconcept,0.4959632,,,,,,6,,,,,False,False,0,results/transfer_v2/embedding_transfer_summary_v2.csv
mESC,mHSC-E,lr,balanced_accuracy,scconcept_encoded,0.5145392,,,,,,1,,,,,False,False,0,results/transfer_v2/embedding_transfer_summary_v2.csv
mESC,mHSC-E,lr,balanced_accuracy,v4_bias_rec_best,0.4818278,,,,,,9,,,,,False,False,0,results/transfer_v2/embedding_transfer_summary_v2.csv
mESC,mHSC-E,lr,balanced_accuracy,v4_plain_best,0.5067538,,,,,,4,,,,,False,False,0,results/transfer_v2/embedding_transfer_summary_v2.csv
mESC,mHSC-E,lr,balanced_accuracy,v4_type_pe_best,0.48605339999999997,,,,,,8,,,,,False,False,0,results/transfer_v2/embedding_transfer_summary_v2.csv
mESC,mHSC-GM,mlp,balanced_accuracy,v4_bias_rec_best,0.5005054,0.4945914,0.49619,0.4977272,-0.0027782000000000084,0.0015986000000000056,8,9,7,8,0,False,False,2,results/transfer_v2/embedding_transfer_summary_v2.csv
mESC,mHSC-GM,lr,balanced_accuracy,baseline,0.4730902,,,,,,8,,,,,False,False,0,results/transfer_v2/embedding_transfer_summary_v2.csv
mESC,mHSC-GM,lr,balanced_accuracy,cl_scratch_v5,0.4848492,0.5076276,,,,,6,1,,,,False,False,1,results/transfer_v2/embedding_transfer_summary_v2.csv
mESC,mHSC-GM,lr,balanced_accuracy,cl_v6_fair,0.555554,0.4781674,,,,,1,3,,,,False,False,3,results/transfer_v2/embedding_transfer_summary_v2.csv
mESC,mHSC-GM,lr,balanced_accuracy,minus,0.5043282,,,,,,4,,,,,False,False,0,results/transfer_v2/embedding_transfer_summary_v2.csv
mESC,mHSC-GM,lr,balanced_accuracy,scGPT_human,0.4512528,,,,,,9,,,,,False,False,0,results/transfer_v2/embedding_transfer_summary_v2.csv
mESC,mHSC-GM,lr,balanced_accuracy,scconcept,0.496169,,,,,,5,,,,,False,False,0,results/transfer_v2/embedding_transfer_summary_v2.csv
mESC,mHSC-GM,lr,balanced_accuracy,scconcept_encoded,0.435408,0.4541378,,,,,10,4,,,,False,False,4,results/transfer_v2/embedding_transfer_summary_v2.csv
mESC,mHSC-GM,lr,balanced_accuracy,v4_bias_rec_best,0.513444,,,,,,2,,,,,False,False,0,results/transfer_v2/embedding_transfer_summary_v2.csv
mESC,mHSC-GM,lr,balanced_accuracy,v4_plain_best,0.506705,,,,,,3,,,,,False,False,0,results/transfer_v2/embedding_transfer_summary_v2.csv
mESC,mHSC-GM,lr,balanced_accuracy,v4_type_pe_best,0.48270799999999997,0.5010798,,,,,7,2,,,,False,False,2,results/transfer_v2/embedding_transfer_summary_v2.csv
mESC,mHSC-L,mlp,balanced_accuracy,scGPT_human,0.494543,0.4989178,0.4975212,0.490909,-0.003634000000000026,-0.0013966000000000256,8,6,6,8,0,False,False,0,results/transfer_v2/embedding_transfer_summary_v2.csv
mESC,mHSC-L,lr,balanced_accuracy,baseline,0.4712802,,,,,,10,,,,,False,False,0,results/transfer_v2/embedding_transfer_summary_v2.csv
mESC,mHSC-L,lr,balanced_accuracy,cl_scratch_v5,0.5142534,,,,,,4,,,,,False,False,0,results/transfer_v2/embedding_transfer_summary_v2.csv
mESC,mHSC-L,lr,balanced_accuracy,cl_v6_fair,0.5117958,,,,,,5,,,,,False,False,0,results/transfer_v2/embedding_transfer_summary_v2.csv
mESC,mHSC-L,lr,balanced_accuracy,minus,0.5099426,,,,,,6,,,,,False,False,0,results/transfer_v2/embedding_transfer_summary_v2.csv
mESC,mHSC-L,lr,balanced_accuracy,scGPT_human,0.4852866,,,,,,7,,,,,False,False,0,results/transfer_v2/embedding_transfer_summary_v2.csv
mESC,mHSC-L,lr,balanced_accuracy,scconcept,0.5146254,0.5144482,,,,,2,1,,,,False,False,1,results/transfer_v2/embedding_transfer_summary_v2.csv
mESC,mHSC-L,lr,balanced_accuracy,scconcept_encoded,0.5146078,,,,,,3,,,,,False,False,0,results/transfer_v2/embedding_transfer_summary_v2.csv
mESC,mHSC-L,lr,balanced_accuracy,v4_bias_rec_best,0.5153022,,,,,,1,,,,,False,False,0,results/transfer_v2/embedding_transfer_summary_v2.csv
mESC,mHSC-L,lr,balanced_accuracy,v4_plain_best,0.4786778,,,,,,8,,,,,False,False,0,results/transfer_v2/embedding_transfer_summary_v2.csv
mESC,mHSC-L,lr,balanced_accuracy,v4_type_pe_best,0.4730018,,,,,,9,,,,,False,False,0,results/transfer_v2/embedding_transfer_summary_v2.csv
mHSC-E,hESC,lr,balanced_accuracy,scconcept_encoded,0.5128982,0.5091506,0.3661132,0.4402834,-0.07261479999999998,-0.14303739999999998,9,8,10,9,0,False,False,2,results/transfer_v2/embedding_transfer_summary_v2.csv
mHSC-E,hHep,lr,balanced_accuracy,minus,0.6653658,0.6826785999999999,0.7729938000000001,0.7927468,0.12738099999999997,0.09031520000000015,3,2,3,3,0,False,False,1,results/transfer_v2/embedding_transfer_summary_v2.csv
mHSC-E,hHep,lr,balanced_accuracy,scconcept,0.5121020000000001,0.5514946000000001,0.5675926,0.5617284,0.04962639999999996,0.016097999999999946,10,10,10,10,0,False,False,0,results/transfer_v2/embedding_transfer_summary_v2.csv
mHSC-E,hHep,lr,balanced_accuracy,scconcept_encoded,0.5145332,0.551629,0.5962961999999999,0.6055556,0.09102239999999995,0.04466719999999991,9,9,9,9,0,False,False,0,results/transfer_v2/embedding_transfer_summary_v2.csv
mHSC-E,mDC,lr,balanced_accuracy,cl_v6_fair,0.5647086,0.5116451999999999,0.580989,0.5888198,0.0241112,0.06934380000000007,2,3,7,2,0,False,True,4,results/transfer_v2/embedding_transfer_summary_v2.csv
mHSC-E,mDC,lr,balanced_accuracy,scconcept_encoded,0.4226416,0.44341,0.42022299999999996,0.419827,-0.0028146000000000004,-0.02318700000000007,10,7,10,10,0,False,False,3,results/transfer_v2/embedding_transfer_summary_v2.csv
mHSC-E,mDC,lr,balanced_accuracy,v4_bias_rec_best,0.544561,0.426809,0.5896056,0.5550174,0.010456400000000032,0.16279659999999996,4,8,5,4,0,False,False,3,results/transfer_v2/embedding_transfer_summary_v2.csv
mHSC-E,mDC,mlp,balanced_accuracy,scconcept,0.4874244,0.378,0.5000854,0.511253,0.023828599999999978,0.12208540000000001,8,10,9,8,0,False,False,1,results/transfer_v2/embedding_transfer_summary_v2.csv
mHSC-E,mDC,mlp,balanced_accuracy,scconcept_encoded,0.4196218,0.4322606,0.3780354,0.4476066,0.027984800000000032,-0.05422519999999997,10,9,10,10,0,False,False,1,results/transfer_v2/embedding_transfer_summary_v2.csv
mHSC-E,mESC,mlp,balanced_accuracy,baseline,0.5,0.5,0.5,0.5,0.0,0.0,1,1,1,1,0,False,False,0,results/transfer_v2/embedding_transfer_summary_v2.csv
mHSC-E,mESC,mlp,balanced_accuracy,cl_scratch_v5,0.495549,,,,,,9,,,,,False,False,0,results/transfer_v2/embedding_transfer_summary_v2.csv
mHSC-E,mESC,mlp,balanced_accuracy,cl_v6_fair,0.496884,,,,,,5,,,,,False,False,0,results/transfer_v2/embedding_transfer_summary_v2.csv
mHSC-E,mESC,mlp,balanced_accuracy,scconcept_encoded,0.5,0.5,,,,,2,4,,,,False,False,4,results/transfer_v2/embedding_transfer_summary_v2.csv
mHSC-E,mESC,lr,balanced_accuracy,baseline,0.5,,,,,,1,,,,,False,False,0,results/transfer_v2/embedding_transfer_summary_v2.csv
mHSC-E,mESC,lr,balanced_accuracy,cl_scratch_v5,0.495994,,,,,,7,,,,,False,False,0,results/transfer_v2/embedding_transfer_summary_v2.csv
mHSC-E,mESC,lr,balanced_accuracy,cl_v6_fair,0.495994,,,,,,8,,,,,False,False,0,results/transfer_v2/embedding_transfer_summary_v2.csv
mHSC-E,mESC,lr,balanced_accuracy,minus,0.496439,,,,,,6,,,,,False,False,0,results/transfer_v2/embedding_transfer_summary_v2.csv
mHSC-E,mESC,lr,balanced_accuracy,scGPT_human,0.497774,,,,,,3,,,,,False,False,0,results/transfer_v2/embedding_transfer_summary_v2.csv
mHSC-E,mESC,lr,balanced_accuracy,scconcept,0.497774,,,,,,4,,,,,False,False,0,results/transfer_v2/embedding_transfer_summary_v2.csv
mHSC-E,mESC,lr,balanced_accuracy,scconcept_encoded,0.497329,0.5,,,,,5,1,,,,False,False,1,results/transfer_v2/embedding_transfer_summary_v2.csv
mHSC-E,mESC,lr,balanced_accuracy,v4_bias_rec_best,0.495549,,,,,,9,,,,,False,False,0,results/transfer_v2/embedding_transfer_summary_v2.csv
mHSC-E,mESC,lr,balanced_accuracy,v4_plain_best,0.4982192,,,,,,2,,,,,False,False,0,results/transfer_v2/embedding_transfer_summary_v2.csv
mHSC-E,mESC,lr,balanced_accuracy,v4_type_pe_best,0.495549,,,,,,10,,,,,False,False,0,results/transfer_v2/embedding_transfer_summary_v2.csv
mHSC-E,mHSC-GM,lr,balanced_accuracy,baseline,0.626186,0.626186,0.626186,0.6239156,-0.0022704000000000057,0.0,1,1,1,1,0,False,False,0,results/transfer_v2/embedding_transfer_summary_v2.csv
mHSC-E,mHSC-GM,lr,balanced_accuracy,cl_scratch_v5,0.5832582000000001,0.5832582000000001,0.5832582000000001,0.5870372,0.003778999999999977,0.0,5,5,5,5,0,False,False,0,results/transfer_v2/embedding_transfer_summary_v2.csv
mHSC-E,mHSC-GM,lr,balanced_accuracy,scGPT_human,0.6048272,0.6048272,0.6048272,0.6068148,0.0019875999999999783,0.0,2,2,2,2,0,False,False,0,results/transfer_v2/embedding_transfer_summary_v2.csv
mHSC-E,mHSC-GM,lr,balanced_accuracy,scconcept,0.5595876,0.5595876,0.5595876,0.5623572,0.0027696000000000387,0.0,8,8,8,8,0,False,False,0,results/transfer_v2/embedding_transfer_summary_v2.csv
mHSC-E,mHSC-GM,lr,balanced_accuracy,scconcept_encoded,0.479111,0.479111,0.479111,0.479211,9.999999999998899e-05,0.0,10,10,10,10,0,False,False,0,results/transfer_v2/embedding_transfer_summary_v2.csv
mHSC-E,mHSC-GM,lr,balanced_accuracy,v4_type_pe_best,0.543026,0.543026,0.543026,0.546318,0.0032919999999999616,0.0,9,9,9,9,0,False,False,0,results/transfer_v2/embedding_transfer_summary_v2.csv
mHSC-E,mHSC-GM,mlp,balanced_accuracy,baseline,0.6338524,0.6338524,0.6338524,0.6300026,-0.0038498000000000143,0.0,1,1,1,1,0,False,False,0,results/transfer_v2/embedding_transfer_summary_v2.csv
mHSC-E,mHSC-GM,mlp,balanced_accuracy,cl_scratch_v5,0.5900082,0.5900082,0.5900082,0.5921646,0.0021564000000000583,0.0,6,6,6,6,0,False,False,0,results/transfer_v2/embedding_transfer_summary_v2.csv
mHSC-E,mHSC-GM,mlp,balanced_accuracy,cl_v6_fair,0.5934868,0.5934868,0.5934868,0.5948753999999999,0.001388599999999962,0.0,5,5,5,5,0,False,False,0,results/transfer_v2/embedding_transfer_summary_v2.csv
mHSC-E,mHSC-GM,mlp,balanced_accuracy,minus,0.6006194,0.6006194,0.6006194,0.5979504,-0.0026690000000000325,0.0,4,4,4,4,0,False,False,0,results/transfer_v2/embedding_transfer_summary_v2.csv
mHSC-E,mHSC-GM,mlp,balanced_accuracy,scGPT_human,0.5835772,0.5835772,0.5835772,0.5850564,0.0014792000000000138,0.0,7,7,7,7,0,False,False,0,results/transfer_v2/embedding_transfer_summary_v2.csv
mHSC-E,mHSC-GM,mlp,balanced_accuracy,scconcept,0.5540772,0.5540772,0.5540772,0.5558598,0.0017825999999999675,0.0,9,9,9,9,0,False,False,0,results/transfer_v2/embedding_transfer_summary_v2.csv
mHSC-E,mHSC-GM,mlp,balanced_accuracy,scconcept_encoded,0.511559,0.511559,0.511559,0.514355,0.0027960000000000207,0.0,10,10,10,10,0,False,False,0,results/transfer_v2/embedding_transfer_summary_v2.csv
mHSC-E,mHSC-GM,mlp,balanced_accuracy,v4_bias_rec_best,0.6084526,0.6084526,0.6084526,0.6088996,0.0004469999999999752,0.0,3,3,3,3,0,False,False,0,results/transfer_v2/embedding_transfer_summary_v2.csv
mHSC-E,mHSC-GM,mlp,balanced_accuracy,v4_plain_best,0.6266966,0.6266966,0.6266966,0.6257876,-0.0009090000000000487,0.0,2,2,2,2,0,False,False,0,results/transfer_v2/embedding_transfer_summary_v2.csv
mHSC-E,mHSC-GM,mlp,balanced_accuracy,v4_type_pe_best,0.5803372,0.5803372,0.5803372,0.5830368,0.002699600000000024,0.0,8,8,8,8,0,False,False,0,results/transfer_v2/embedding_transfer_summary_v2.csv
mHSC-E,mHSC-L,lr,balanced_accuracy,baseline,0.5872384,0.5872384,0.5872384,0.586043,-0.0011954000000000686,0.0,2,2,2,2,0,False,False,0,results/transfer_v2/embedding_transfer_summary_v2.csv
mHSC-E,mHSC-L,lr,balanced_accuracy,cl_scratch_v5,0.5455546,0.5455546,0.5455546,0.5526058,0.007051200000000035,0.0,6,6,6,6,0,False,False,0,results/transfer_v2/embedding_transfer_summary_v2.csv
mHSC-E,mHSC-L,lr,balanced_accuracy,cl_v6_fair,0.554649,0.554649,0.554649,0.553172,-0.0014769999999999506,0.0,5,5,5,5,0,False,False,0,results/transfer_v2/embedding_transfer_summary_v2.csv
mHSC-E,mHSC-L,lr,balanced_accuracy,minus,0.6035942,0.6035942,0.6035942,0.609047,0.005452800000000035,0.0,1,1,1,1,0,False,False,0,results/transfer_v2/embedding_transfer_summary_v2.csv
mHSC-E,mHSC-L,lr,balanced_accuracy,scGPT_human,0.5708432,0.5708432,0.5708432,0.567416,-0.0034271999999999636,0.0,3,3,3,3,0,False,False,0,results/transfer_v2/embedding_transfer_summary_v2.csv
mHSC-E,mHSC-L,lr,balanced_accuracy,scconcept,0.5036993999999999,0.5036993999999999,0.5036993999999999,0.5015492,-0.00215019999999988,0.0,9,9,9,9,0,False,False,0,results/transfer_v2/embedding_transfer_summary_v2.csv
mHSC-E,mHSC-L,lr,balanced_accuracy,scconcept_encoded,0.4914184,0.4914184,0.4914184,0.48676600000000003,-0.0046523999999999455,0.0,10,10,10,10,0,False,False,0,results/transfer_v2/embedding_transfer_summary_v2.csv
mHSC-E,mHSC-L,lr,balanced_accuracy,v4_plain_best,0.5593864,0.5593864,0.5593864,0.5627668,0.003380400000000061,0.0,4,4,4,4,0,False,False,0,results/transfer_v2/embedding_transfer_summary_v2.csv
mHSC-E,mHSC-L,mlp,balanced_accuracy,cl_v6_fair,0.5567006,0.5567006,0.5567006,0.5548848,-0.001815800000000034,0.0,4,4,4,4,0,False,False,0,results/transfer_v2/embedding_transfer_summary_v2.csv
mHSC-E,mHSC-L,mlp,balanced_accuracy,scGPT_human,0.5560756,0.5560756,0.5560756,0.5534,-0.0026756,0.0,5,5,5,5,0,False,False,0,results/transfer_v2/embedding_transfer_summary_v2.csv
mHSC-E,mHSC-L,mlp,balanced_accuracy,scconcept,0.5102408,0.5102408,0.5102408,0.5064778,-0.003763000000000072,0.0,9,9,9,9,0,False,False,0,results/transfer_v2/embedding_transfer_summary_v2.csv
mHSC-E,mHSC-L,mlp,balanced_accuracy,scconcept_encoded,0.48236260000000003,0.48236260000000003,0.48236260000000003,0.4806788,-0.001683800000000013,0.0,10,10,10,10,0,False,False,0,results/transfer_v2/embedding_transfer_summary_v2.csv
mHSC-E,mHSC-L,mlp,balanced_accuracy,v4_plain_best,0.5669074,0.5669074,0.5669074,0.5673594000000001,0.000452000000000119,0.0,3,3,3,3,0,False,False,0,results/transfer_v2/embedding_transfer_summary_v2.csv
mHSC-E,mHSC-L,mlp,balanced_accuracy,v4_type_pe_best,0.5390844,0.5390844,0.5390844,0.5414306,0.002346199999999965,0.0,8,8,8,8,0,False,False,0,results/transfer_v2/embedding_transfer_summary_v2.csv
mHSC-GM,hHep,lr,balanced_accuracy,scconcept,0.5087566,0.6142414,0.5171296,0.5083333999999999,-0.00042320000000006797,-0.09711180000000008,10,7,10,10,0,False,False,3,results/transfer_v2/embedding_transfer_summary_v2.csv
mHSC-GM,mESC,mlp,balanced_accuracy,cl_scratch_v5,0.4999998,,,,,,2,,,,,False,False,0,results/transfer_v2/embedding_transfer_summary_v2.csv
mHSC-GM,mESC,mlp,balanced_accuracy,cl_v6_fair,0.4999998,0.4913044,,,,,3,8,,,,False,False,8,results/transfer_v2/embedding_transfer_summary_v2.csv
mHSC-GM,mESC,lr,balanced_accuracy,baseline,0.496439,,,,,,9,,,,,False,False,0,results/transfer_v2/embedding_transfer_summary_v2.csv
mHSC-GM,mESC,lr,balanced_accuracy,cl_scratch_v5,0.5,,,,,,1,,,,,False,False,0,results/transfer_v2/embedding_transfer_summary_v2.csv
mHSC-GM,mESC,lr,balanced_accuracy,cl_v6_fair,0.5,0.4652176,,,,,2,1,,,,False,False,1,results/transfer_v2/embedding_transfer_summary_v2.csv
mHSC-GM,mESC,lr,balanced_accuracy,minus,0.497774,,,,,,6,,,,,False,False,0,results/transfer_v2/embedding_transfer_summary_v2.csv
mHSC-GM,mESC,lr,balanced_accuracy,scGPT_human,0.495549,,,,,,10,,,,,False,False,0,results/transfer_v2/embedding_transfer_summary_v2.csv
mHSC-GM,mESC,lr,balanced_accuracy,scconcept,0.5,,,,,,3,,,,,False,False,0,results/transfer_v2/embedding_transfer_summary_v2.csv
mHSC-GM,mESC,lr,balanced_accuracy,scconcept_encoded,0.4991096,,,,,,4,,,,,False,False,0,results/transfer_v2/embedding_transfer_summary_v2.csv
mHSC-GM,mESC,lr,balanced_accuracy,v4_bias_rec_best,0.497774,,,,,,7,,,,,False,False,0,results/transfer_v2/embedding_transfer_summary_v2.csv
mHSC-GM,mESC,lr,balanced_accuracy,v4_plain_best,0.497774,,,,,,8,,,,,False,False,0,results/transfer_v2/embedding_transfer_summary_v2.csv
mHSC-GM,mESC,lr,balanced_accuracy,v4_type_pe_best,0.4982192,,,,,,5,,,,,False,False,0,results/transfer_v2/embedding_transfer_summary_v2.csv
mHSC-GM,mHSC-E,lr,balanced_accuracy,baseline,0.673898,0.673898,0.673898,0.6779336,0.004035600000000028,0.0,2,2,2,2,0,False,False,0,results/transfer_v2/embedding_transfer_summary_v2.csv
mHSC-GM,mHSC-E,lr,balanced_accuracy,scGPT_human,0.7216862,0.7216862,0.7216862,0.7044346,-0.017251600000000034,0.0,1,1,1,1,0,False,False,0,results/transfer_v2/embedding_transfer_summary_v2.csv
mHSC-GM,mHSC-E,lr,balanced_accuracy,scconcept,0.5301104,0.5301104,0.5301104,0.5322658,0.0021554000000000295,0.0,10,10,10,10,0,False,False,0,results/transfer_v2/embedding_transfer_summary_v2.csv
mHSC-GM,mHSC-E,lr,balanced_accuracy,scconcept_encoded,0.5728875999999999,0.5728875999999999,0.5728875999999999,0.5703698,-0.0025177999999999034,0.0,9,9,9,9,0,False,False,0,results/transfer_v2/embedding_transfer_summary_v2.csv
mHSC-GM,mHSC-E,mlp,balanced_accuracy,baseline,0.6935932,0.6935932,0.6935932,0.6795056,-0.014087599999999978,0.0,2,2,2,2,0,False,False,0,results/transfer_v2/embedding_transfer_summary_v2.csv
mHSC-GM,mHSC-E,mlp,balanced_accuracy,cl_scratch_v5,0.635589,0.635589,0.635589,0.6292356,-0.0063533999999999535,0.0,6,6,6,6,0,False,False,0,results/transfer_v2/embedding_transfer_summary_v2.csv
mHSC-GM,mHSC-E,mlp,balanced_accuracy,cl_v6_fair,0.6177808,0.6177808,0.6177808,0.6047268,-0.01305400000000001,0.0,7,7,7,7,0,False,False,0,results/transfer_v2/embedding_transfer_summary_v2.csv
mHSC-GM,mHSC-E,mlp,balanced_accuracy,minus,0.681585,0.681585,0.681585,0.6760992,-0.005485799999999985,0.0,3,3,3,3,0,False,False,0,results/transfer_v2/embedding_transfer_summary_v2.csv
mHSC-GM,mHSC-E,mlp,balanced_accuracy,scGPT_human,0.7042062,0.7042062,0.7042062,0.689756,-0.014450199999999969,0.0,1,1,1,1,0,False,False,0,results/transfer_v2/embedding_transfer_summary_v2.csv
mHSC-GM,mHSC-E,mlp,balanced_accuracy,scconcept,0.5163034,0.5163034,0.5163034,0.5212024,0.004898999999999987,0.0,10,10,10,10,0,False,False,0,results/transfer_v2/embedding_transfer_summary_v2.csv
mHSC-GM,mHSC-E,mlp,balanced_accuracy,scconcept_encoded,0.5445136,0.5445136,0.5445136,0.5445494000000001,3.580000000003025e-05,0.0,9,9,9,9,0,False,False,0,results/transfer_v2/embedding_transfer_summary_v2.csv
mHSC-GM,mHSC-E,mlp,balanced_accuracy,v4_bias_rec_best,0.611864,0.611864,0.611864,0.6003052,-0.01155879999999998,0.0,8,8,8,8,0,False,False,0,results/transfer_v2/embedding_transfer_summary_v2.csv
mHSC-GM,mHSC-L,lr,balanced_accuracy,baseline,0.672227,0.672227,0.672227,0.672227,0.0,0.0,8,8,8,8,0,False,False,0,results/transfer_v2/embedding_transfer_summary_v2.csv
mHSC-GM,mHSC-L,lr,balanced_accuracy,cl_scratch_v5,0.7025904000000001,0.7025904000000001,0.7025904000000001,0.7025904000000001,0.0,0.0,4,4,4,4,0,False,False,0,results/transfer_v2/embedding_transfer_summary_v2.csv
mHSC-GM,mHSC-L,lr,balanced_accuracy,cl_v6_fair,0.7108974,0.7108974,0.7108974,0.7108974,0.0,0.0,1,1,1,1,0,False,False,0,results/transfer_v2/embedding_transfer_summary_v2.csv
mHSC-GM,mHSC-L,lr,balanced_accuracy,minus,0.703776,0.703776,0.703776,0.703776,0.0,0.0,3,3,3,3,0,False,False,0,results/transfer_v2/embedding_transfer_summary_v2.csv
mHSC-GM,mHSC-L,lr,balanced_accuracy,scGPT_human,0.6951338,0.6951338,0.6951338,0.6951338,0.0,0.0,5,5,5,5,0,False,False,0,results/transfer_v2/embedding_transfer_summary_v2.csv
mHSC-GM,mHSC-L,lr,balanced_accuracy,scconcept,0.6717314,0.6717314,0.6717314,0.6717314,0.0,0.0,9,9,9,9,0,False,False,0,results/transfer_v2/embedding_transfer_summary_v2.csv
mHSC-GM,mHSC-L,lr,balanced_accuracy,scconcept_encoded,0.6318064,0.6318064,0.6318064,0.6318064,0.0,0.0,10,10,10,10,0,False,False,0,results/transfer_v2/embedding_transfer_summary_v2.csv
mHSC-GM,mHSC-L,lr,balanced_accuracy,v4_bias_rec_best,0.7064703999999999,0.7064703999999999,0.7064703999999999,0.7064703999999999,0.0,0.0,2,2,2,2,0,False,False,0,results/transfer_v2/embedding_transfer_summary_v2.csv
mHSC-GM,mHSC-L,lr,balanced_accuracy,v4_plain_best,0.685101,0.685101,0.685101,0.685101,0.0,0.0,7,7,7,7,0,False,False,0,results/transfer_v2/embedding_transfer_summary_v2.csv
mHSC-GM,mHSC-L,lr,balanced_accuracy,v4_type_pe_best,0.69075,0.69075,0.69075,0.69075,0.0,0.0,6,6,6,6,0,False,False,0,results/transfer_v2/embedding_transfer_summary_v2.csv
mHSC-GM,mHSC-L,mlp,balanced_accuracy,baseline,0.7008806,0.7008806,0.7008806,0.7008806,0.0,0.0,8,8,8,8,0,False,False,0,results/transfer_v2/embedding_transfer_summary_v2.csv
mHSC-GM,mHSC-L,mlp,balanced_accuracy,cl_scratch_v5,0.7075984,0.7075984,0.7075984,0.7075984,0.0,0.0,6,6,6,6,0,False,False,0,results/transfer_v2/embedding_transfer_summary_v2.csv
mHSC-GM,mHSC-L,mlp,balanced_accuracy,cl_v6_fair,0.7183778000000001,0.7183778000000001,0.7183778000000001,0.7183778000000001,0.0,0.0,3,3,3,3,0,False,False,0,results/transfer_v2/embedding_transfer_summary_v2.csv
mHSC-GM,mHSC-L,mlp,balanced_accuracy,minus,0.7185226,0.7185226,0.7185226,0.7185226,0.0,0.0,2,2,2,2,0,False,False,0,results/transfer_v2/embedding_transfer_summary_v2.csv
mHSC-GM,mHSC-L,mlp,balanced_accuracy,scGPT_human,0.710157,0.710157,0.710157,0.710157,0.0,0.0,5,5,5,5,0,False,False,0,results/transfer_v2/embedding_transfer_summary_v2.csv
mHSC-GM,mHSC-L,mlp,balanced_accuracy,scconcept,0.69061,0.69061,0.69061,0.69061,0.0,0.0,9,9,9,9,0,False,False,0,results/transfer_v2/embedding_transfer_summary_v2.csv
mHSC-GM,mHSC-L,mlp,balanced_accuracy,scconcept_encoded,0.6641056,0.6641056,0.6641056,0.6641056,0.0,0.0,10,10,10,10,0,False,False,0,results/transfer_v2/embedding_transfer_summary_v2.csv
mHSC-GM,mHSC-L,mlp,balanced_accuracy,v4_bias_rec_best,0.7256206,0.7256206,0.7256206,0.7256206,0.0,0.0,1,1,1,1,0,False,False,0,results/transfer_v2/embedding_transfer_summary_v2.csv
mHSC-GM,mHSC-L,mlp,balanced_accuracy,v4_plain_best,0.7069068,0.7069068,0.7069068,0.7069068,0.0,0.0,7,7,7,7,0,False,False,0,results/transfer_v2/embedding_transfer_summary_v2.csv
mHSC-GM,mHSC-L,mlp,balanced_accuracy,v4_type_pe_best,0.7160658,0.7160658,0.7160658,0.7160658,0.0,0.0,4,4,4,4,0,False,False,0,results/transfer_v2/embedding_transfer_summary_v2.csv
mHSC-L,hESC,lr,balanced_accuracy,cl_scratch_v5,0.5832876,0.6743078,0.5911336,0.5698786,-0.013409000000000004,-0.08317419999999998,4,1,3,4,0,False,True,2,results/transfer_v2/embedding_transfer_summary_v2.csv
mHSC-L,hHep,lr,balanced_accuracy,minus,0.4867882,0.4887234,0.4978394,0.5373456,0.050557399999999975,0.009116000000000013,8,9,8,8,0,False,False,1,results/transfer_v2/embedding_transfer_summary_v2.csv
mHSC-L,hHep,lr,balanced_accuracy,scconcept,0.4747636,0.46580879999999997,0.4683642,0.489043,0.014279399999999998,0.002555400000000041,10,10,9,10,0,False,False,1,results/transfer_v2/embedding_transfer_summary_v2.csv
mHSC-L,hHep,lr,balanced_accuracy,scconcept_encoded,0.4992738,0.652143,0.5365742,0.55,0.050726200000000055,-0.11556880000000003,7,2,7,7,0,False,True,5,results/transfer_v2/embedding_transfer_summary_v2.csv
mHSC-L,hHep,lr,balanced_accuracy,v4_type_pe_best,0.6008596,0.5629514,0.6586420000000001,0.6720678,0.07120819999999994,0.09569060000000007,1,6,1,1,0,False,False,5,results/transfer_v2/embedding_transfer_summary_v2.csv
mHSC-L,hHep,mlp,balanced_accuracy,cl_v6_fair,0.5610888,0.611757,0.5070988,0.468827,-0.09226180000000006,-0.10465820000000003,8,4,6,8,0,False,False,2,results/transfer_v2/embedding_transfer_summary_v2.csv
mHSC-L,hHep,mlp,balanced_accuracy,minus,0.5773728,0.5894222,0.47777780000000003,0.469753,-0.10761980000000004,-0.11164439999999998,7,7,10,7,0,False,True,3,results/transfer_v2/embedding_transfer_summary_v2.csv
mHSC-L,mDC,mlp,balanced_accuracy,minus,0.4575412,0.341955,0.5289432,0.502661,0.04511980000000004,0.18698819999999994,9,10,9,9,0,False,False,1,results/transfer_v2/embedding_transfer_summary_v2.csv
mHSC-L,mDC,mlp,balanced_accuracy,scGPT_human,0.47979700000000003,0.5187808,0.599245,0.523219,0.04342199999999996,0.08046419999999999,7,4,2,7,0,False,False,2,results/transfer_v2/embedding_transfer_summary_v2.csv
mHSC-L,mDC,mlp,balanced_accuracy,v4_plain_best,0.475981,0.5304714,0.5573864,0.5061686,0.03018759999999998,0.02691499999999991,8,3,6,8,0,False,False,3,results/transfer_v2/embedding_transfer_summary_v2.csv
mHSC-L,mESC,mlp,balanced_accuracy,baseline,0.4995548,0.5,,,,,5,1,,,,False,False,1,results/transfer_v2/embedding_transfer_summary_v2.csv
mHSC-L,mESC,mlp,balanced_accuracy,cl_scratch_v5,0.5,,,,,,1,,,,,False,False,0,results/transfer_v2/embedding_transfer_summary_v2.csv
mHSC-L,mESC,mlp,balanced_accuracy,cl_v6_fair,0.5,0.5,,,,,2,2,,,,False,False,2,results/transfer_v2/embedding_transfer_summary_v2.csv
mHSC-L,mESC,mlp,balanced_accuracy,v4_plain_best,0.4995548,0.5,0.5,0.5,0.00044519999999997895,0.0,6,6,5,6,0,False,False,1,results/transfer_v2/embedding_transfer_summary_v2.csv
mHSC-L,mESC,lr,balanced_accuracy,baseline,0.4991096,,,,,,5,,,,,False,False,0,results/transfer_v2/embedding_transfer_summary_v2.csv
mHSC-L,mESC,lr,balanced_accuracy,cl_scratch_v5,0.4991098,,,,,,4,,,,,False,False,0,results/transfer_v2/embedding_transfer_summary_v2.csv
mHSC-L,mESC,lr,balanced_accuracy,cl_v6_fair,0.5,0.5,,,,,1,1,,,,False,False,1,results/transfer_v2/embedding_transfer_summary_v2.csv
mHSC-L,mESC,lr,balanced_accuracy,minus,0.5,,,,,,2,,,,,False,False,0,results/transfer_v2/embedding_transfer_summary_v2.csv
mHSC-L,mESC,lr,balanced_accuracy,scGPT_human,0.495549,,,,,,10,,,,,False,False,0,results/transfer_v2/embedding_transfer_summary_v2.csv
mHSC-L,mESC,lr,balanced_accuracy,scconcept,0.497774,,,,,,8,,,,,False,False,0,results/transfer_v2/embedding_transfer_summary_v2.csv
mHSC-L,mESC,lr,balanced_accuracy,scconcept_encoded,0.5,0.5,,,,,3,2,,,,False,False,2,results/transfer_v2/embedding_transfer_summary_v2.csv
mHSC-L,mESC,lr,balanced_accuracy,v4_bias_rec_best,0.496439,,,,,,9,,,,,False,False,0,results/transfer_v2/embedding_transfer_summary_v2.csv
mHSC-L,mESC,lr,balanced_accuracy,v4_plain_best,0.4986644,,,,,,7,,,,,False,False,0,results/transfer_v2/embedding_transfer_summary_v2.csv
mHSC-L,mESC,lr,balanced_accuracy,v4_type_pe_best,0.4991096,,,,,,6,,,,,False,False,0,results/transfer_v2/embedding_transfer_summary_v2.csv
mHSC-L,mHSC-E,lr,balanced_accuracy,baseline,0.623908,0.623908,0.623908,0.6080184000000001,-0.015889599999999948,0.0,1,1,1,1,0,False,False,0,results/transfer_v2/embedding_transfer_summary_v2.csv
mHSC-L,mHSC-E,lr,balanced_accuracy,cl_scratch_v5,0.5639216,0.5639216,0.5639216,0.5532036,-0.010718000000000005,0.0,3,3,3,3,0,False,False,0,results/transfer_v2/embedding_transfer_summary_v2.csv
mHSC-L,mHSC-E,lr,balanced_accuracy,scGPT_human,0.587202,0.587202,0.587202,0.5972956,0.010093600000000036,0.0,2,2,2,2,0,False,False,0,results/transfer_v2/embedding_transfer_summary_v2.csv
mHSC-L,mHSC-E,lr,balanced_accuracy,scconcept,0.4838988,0.4838988,0.4838988,0.4809812,-0.00291760000000002,0.0,10,10,10,10,0,False,False,0,results/transfer_v2/embedding_transfer_summary_v2.csv
mHSC-L,mHSC-E,lr,balanced_accuracy,v4_bias_rec_best,0.4914648,0.4914648,0.4914648,0.4868214,-0.004643399999999964,0.0,8,8,8,8,0,False,False,0,results/transfer_v2/embedding_transfer_summary_v2.csv
mHSC-L,mHSC-E,lr,balanced_accuracy,v4_type_pe_best,0.4858356,0.4858356,0.4858356,0.4853716,-0.00046399999999996444,0.0,9,9,9,9,0,False,False,0,results/transfer_v2/embedding_transfer_summary_v2.csv
mHSC-L,mHSC-E,mlp,balanced_accuracy,baseline,0.555892,0.555892,0.555892,0.5558878,-4.2000000000097515e-06,0.0,4,4,4,4,0,False,False,0,results/transfer_v2/embedding_transfer_summary_v2.csv
mHSC-L,mHSC-E,mlp,balanced_accuracy,minus,0.6050752,0.6050752,0.6050752,0.5788658,-0.02620940000000005,0.0,2,2,2,2,0,False,False,0,results/transfer_v2/embedding_transfer_summary_v2.csv
mHSC-L,mHSC-E,mlp,balanced_accuracy,scGPT_human,0.6245702,0.6245702,0.6245702,0.6204881999999999,-0.00408200000000003,0.0,1,1,1,1,0,False,False,0,results/transfer_v2/embedding_transfer_summary_v2.csv
mHSC-L,mHSC-E,mlp,balanced_accuracy,scconcept,0.4552462,0.4552462,0.4552462,0.44273819999999997,-0.012508000000000019,0.0,10,10,10,10,0,False,False,0,results/transfer_v2/embedding_transfer_summary_v2.csv
mHSC-L,mHSC-E,mlp,balanced_accuracy,scconcept_encoded,0.4756244,0.4756244,0.4756244,0.4886726,0.01304820000000001,0.0,9,9,9,9,0,False,False,0,results/transfer_v2/embedding_transfer_summary_v2.csv
mHSC-L,mHSC-E,mlp,balanced_accuracy,v4_type_pe_best,0.567201,0.567201,0.567201,0.5617382,-0.00546279999999999,0.0,3,3,3,3,0,False,False,0,results/transfer_v2/embedding_transfer_summary_v2.csv
mHSC-L,mHSC-GM,lr,balanced_accuracy,baseline,0.7126664,0.7126664,0.7126664,0.7126664,0.0,0.0,3,3,3,3,0,False,False,0,results/transfer_v2/embedding_transfer_summary_v2.csv
mHSC-L,mHSC-GM,lr,balanced_accuracy,cl_scratch_v5,0.7093311999999999,0.7093311999999999,0.7093311999999999,0.7093311999999999,0.0,0.0,5,5,5,5,0,False,False,0,results/transfer_v2/embedding_transfer_summary_v2.csv
mHSC-L,mHSC-GM,lr,balanced_accuracy,cl_v6_fair,0.7104868,0.7104868,0.7104868,0.7104868,0.0,0.0,4,4,4,4,0,False,False,0,results/transfer_v2/embedding_transfer_summary_v2.csv
mHSC-L,mHSC-GM,lr,balanced_accuracy,minus,0.6601712000000001,0.6601712000000001,0.6601712000000001,0.6601712000000001,0.0,0.0,8,8,8,8,0,False,False,0,results/transfer_v2/embedding_transfer_summary_v2.csv
mHSC-L,mHSC-GM,lr,balanced_accuracy,scGPT_human,0.6704348,0.6704348,0.6704348,0.6704348,0.0,0.0,7,7,7,7,0,False,False,0,results/transfer_v2/embedding_transfer_summary_v2.csv
mHSC-L,mHSC-GM,lr,balanced_accuracy,scconcept,0.6266006,0.6266006,0.6266006,0.6266006,0.0,0.0,10,10,10,10,0,False,False,0,results/transfer_v2/embedding_transfer_summary_v2.csv
mHSC-L,mHSC-GM,lr,balanced_accuracy,scconcept_encoded,0.6468112,0.6468112,0.6468112,0.6468112,0.0,0.0,9,9,9,9,0,False,False,0,results/transfer_v2/embedding_transfer_summary_v2.csv
mHSC-L,mHSC-GM,lr,balanced_accuracy,v4_bias_rec_best,0.6798176,0.6798176,0.6798176,0.6798176,0.0,0.0,6,6,6,6,0,False,False,0,results/transfer_v2/embedding_transfer_summary_v2.csv
mHSC-L,mHSC-GM,lr,balanced_accuracy,v4_plain_best,0.7350654,0.7350654,0.7350654,0.7350654,0.0,0.0,1,1,1,1,0,False,False,0,results/transfer_v2/embedding_transfer_summary_v2.csv
mHSC-L,mHSC-GM,lr,balanced_accuracy,v4_type_pe_best,0.715661,0.715661,0.715661,0.715661,0.0,0.0,2,2,2,2,0,False,False,0,results/transfer_v2/embedding_transfer_summary_v2.csv
mHSC-L,mHSC-GM,mlp,balanced_accuracy,baseline,0.7602336,0.7602336,0.7602336,0.7602336,0.0,0.0,5,5,5,5,0,False,False,0,results/transfer_v2/embedding_transfer_summary_v2.csv
mHSC-L,mHSC-GM,mlp,balanced_accuracy,cl_scratch_v5,0.770283,0.770283,0.770283,0.770283,0.0,0.0,2,2,2,2,0,False,False,0,results/transfer_v2/embedding_transfer_summary_v2.csv
mHSC-L,mHSC-GM,mlp,balanced_accuracy,cl_v6_fair,0.7678462,0.7678462,0.7678462,0.7678462,0.0,0.0,4,4,4,4,0,False,False,0,results/transfer_v2/embedding_transfer_summary_v2.csv
mHSC-L,mHSC-GM,mlp,balanced_accuracy,minus,0.7413198,0.7413198,0.7413198,0.7413198,0.0,0.0,8,8,8,8,0,False,False,0,results/transfer_v2/embedding_transfer_summary_v2.csv
mHSC-L,mHSC-GM,mlp,balanced_accuracy,scGPT_human,0.75234,0.75234,0.75234,0.75234,0.0,0.0,7,7,7,7,0,False,False,0,results/transfer_v2/embedding_transfer_summary_v2.csv
mHSC-L,mHSC-GM,mlp,balanced_accuracy,scconcept,0.66279,0.66279,0.66279,0.66279,0.0,0.0,10,10,10,10,0,False,False,0,results/transfer_v2/embedding_transfer_summary_v2.csv
mHSC-L,mHSC-GM,mlp,balanced_accuracy,scconcept_encoded,0.6760066,0.6760066,0.6760066,0.6760066,0.0,0.0,9,9,9,9,0,False,False,0,results/transfer_v2/embedding_transfer_summary_v2.csv
mHSC-L,mHSC-GM,mlp,balanced_accuracy,v4_bias_rec_best,0.7598064,0.7598064,0.7598064,0.7598064,0.0,0.0,6,6,6,6,0,False,False,0,results/transfer_v2/embedding_transfer_summary_v2.csv
mHSC-L,mHSC-GM,mlp,balanced_accuracy,v4_plain_best,0.7702218000000001,0.7702218000000001,0.7702218000000001,0.7702218000000001,0.0,0.0,3,3,3,3,0,False,False,0,results/transfer_v2/embedding_transfer_summary_v2.csv
mHSC-L,mHSC-GM,mlp,balanced_accuracy,v4_type_pe_best,0.7782994,0.7782994,0.7782994,0.7782994,0.0,0.0,1,1,1,1,0,False,False,0,results/transfer_v2/embedding_transfer_summary_v2.csv
hESC,hHep,lr,f1,v4_type_pe_best,0.46957160000000003,0.5177124,0.3918704,0.3802474,-0.08932420000000002,-0.12584199999999995,4,3,4,4,0,False,False,1,results/transfer_v2/embedding_transfer_summary_v2.csv
hESC,hHep,mlp,f1,scconcept,0.2344086,0.2463832,0.1377786,0.1438816,-0.090527,-0.1086046,10,10,10,10,0,False,False,0,results/transfer_v2/embedding_transfer_summary_v2.csv
hESC,mDC,lr,f1,baseline,0.57108,0.4974516,0.253819,0.2629724,-0.30810760000000004,-0.24363259999999998,2,3,3,2,0,False,False,0,results/transfer_v2/embedding_transfer_summary_v2.csv
hESC,mDC,lr,f1,scconcept,0.3106104,0.49430959999999996,0.0009050000000000001,0.0,-0.3106104,-0.49340459999999997,10,4,10,10,0,False,False,6,results/transfer_v2/embedding_transfer_summary_v2.csv
hESC,mESC,mlp,f1,v4_bias_rec_best,0.6800638,0.627249,0.026042,0.026042,-0.6540218,-0.6012069999999999,3,9,5,3,0,False,False,4,results/transfer_v2/embedding_transfer_summary_v2.csv
hESC,mESC,lr,f1,cl_scratch_v5,0.680464,0.621176,0.0229334,0.026042,-0.654422,-0.5982426,1,4,6,1,0,False,False,2,results/transfer_v2/embedding_transfer_summary_v2.csv
hESC,mESC,lr,f1,v4_bias_rec_best,0.680464,,0.026042,0.026042,-0.654422,,3,,3,3,0,False,False,3,results/transfer_v2/embedding_transfer_summary_v2.csv
hESC,mESC,lr,f1,v4_plain_best,0.680464,0.6581278,0.026042,0.026042,-0.654422,-0.6320858,4,1,4,4,0,False,False,3,results/transfer_v2/embedding_transfer_summary_v2.csv
hESC,mHSC-E,lr,f1,scconcept,0.2952262,0.099004,0.0620198,0.0064516,-0.2887746,-0.036984199999999995,10,10,10,10,0,False,False,0,results/transfer_v2/embedding_transfer_summary_v2.csv
hESC,mHSC-E,mlp,f1,cl_scratch_v5,0.45902160000000003,0.3170746,0.2569692,0.3662104,-0.09281120000000004,-0.060105399999999976,2,8,5,2,0,False,True,3,results/transfer_v2/embedding_transfer_summary_v2.csv
hESC,mHSC-E,mlp,f1,scconcept,0.2577824,0.1109082,0.0686038,0.0193548,-0.23842760000000002,-0.04230439999999999,10,10,10,10,0,False,False,0,results/transfer_v2/embedding_transfer_summary_v2.csv
hESC,mHSC-E,mlp,f1,v4_type_pe_best,0.41404799999999997,0.6809482,0.2608356,0.2091316,-0.20491639999999997,-0.4201126,5,1,3,5,0,False,False,2,results/transfer_v2/embedding_transfer_summary_v2.csv
hESC,mHSC-GM,lr,f1,cl_scratch_v5,0.6081518,0.469255,0.4929422,0.5426846,-0.06546720000000006,0.02368720000000002,2,7,5,2,0,False,False,2,results/transfer_v2/embedding_transfer_summary_v2.csv
hESC,mHSC-GM,lr,f1,scconcept,0.354122,0.5915872,0.0978002,0.0,-0.354122,-0.493787,10,4,10,10,0,False,False,6,results/transfer_v2/embedding_transfer_summary_v2.csv
hESC,mHSC-GM,lr,f1,v4_plain_best,0.5408858,0.5576673999999999,0.5307014,0.4441344,-0.09675139999999999,-0.026965999999999934,6,5,1,6,0,False,False,4,results/transfer_v2/embedding_transfer_summary_v2.csv
hESC,mHSC-GM,mlp,f1,scconcept,0.3409848,0.4870102,0.1156806,0.00625,-0.3347348,-0.37132960000000004,10,5,10,10,0,False,False,5,results/transfer_v2/embedding_transfer_summary_v2.csv
hESC,mHSC-GM,mlp,f1,v4_bias_rec_best,0.5962864,0.5374914,0.4936402,0.46650379999999997,-0.12978260000000003,-0.04385119999999998,5,2,6,5,0,False,False,4,results/transfer_v2/embedding_transfer_summary_v2.csv
hESC,mHSC-GM,mlp,f1,v4_plain_best,0.587847,0.0678242,0.489218,0.4075972,-0.18024980000000002,0.4213938,7,10,7,7,0,False,False,3,results/transfer_v2/embedding_transfer_summary_v2.csv
hESC,mHSC-L,lr,f1,scconcept,0.3046074,0.5505554,0.045385999999999996,0.1015302,-0.20307719999999996,-0.5051694,10,4,10,10,0,False,False,6,results/transfer_v2/embedding_transfer_summary_v2.csv
hESC,mHSC-L,mlp,f1,cl_scratch_v5,0.5599204,0.3667634,0.46494779999999997,0.5143266,-0.04559380000000002,0.09818439999999995,2,8,2,2,0,False,False,6,results/transfer_v2/embedding_transfer_summary_v2.csv
hESC,mHSC-L,mlp,f1,scconcept,0.2705762,0.5240858,0.052607600000000004,0.1316854,-0.13889079999999998,-0.47147820000000007,10,3,10,10,0,False,False,7,results/transfer_v2/embedding_transfer_summary_v2.csv
hHep,hESC,lr,f1,cl_scratch_v5,0.39775119999999997,0.4164182,0.38450259999999997,0.394543,-0.0032081999999999944,-0.031915600000000044,2,3,2,2,0,False,False,1,results/transfer_v2/embedding_transfer_summary_v2.csv
hHep,hESC,lr,f1,v4_type_pe_best,0.4029518,0.4771248,0.3961238,0.3992314,-0.0037204000000000126,-0.08100099999999999,1,1,1,1,0,False,False,0,results/transfer_v2/embedding_transfer_summary_v2.csv
hHep,hESC,mlp,f1,scGPT_human,0.2296822,0.1756554,0.11173960000000001,0.116201,-0.1134812,-0.06391579999999998,10,9,10,10,0,False,False,1,results/transfer_v2/embedding_transfer_summary_v2.csv
hHep,hESC,mlp,f1,v4_bias_rec_best,0.2527436,0.2000588,0.218728,0.2264318,-0.026311800000000024,0.018669199999999997,6,8,6,6,0,False,False,2,results/transfer_v2/embedding_transfer_summary_v2.csv
hHep,mDC,mlp,f1,baseline,0.308458,0.1629006,0.2223882,0.2276944,-0.08076360000000002,0.0594876,5,8,5,5,0,False,False,3,results/transfer_v2/embedding_transfer_summary_v2.csv
hHep,mDC,mlp,f1,scconcept,0.342953,0.4921848,0.2551702,0.25585579999999997,-0.08709720000000004,-0.23701459999999996,2,4,2,2,0,False,False,2,results/transfer_v2/embedding_transfer_summary_v2.csv
hHep,mESC,lr,f1,cl_scratch_v5,0.1410104,,0.19170020000000002,0.5751006000000001,0.4340902000000001,,1,,1,1,0,False,False,1,results/transfer_v2/embedding_transfer_summary_v2.csv
hHep,mESC,mlp,f1,cl_v6_fair,0.0,0.711538,0.7668008000000001,0.5751006000000001,0.5751006000000001,0.055262800000000056,4,2,2,4,0,False,False,0,results/transfer_v2/embedding_transfer_summary_v2.csv
hHep,mHSC-E,lr,f1,cl_v6_fair,0.4666276,0.6371178,0.7142731999999999,0.7107858,0.24415820000000005,0.07715539999999999,4,3,2,4,0,False,False,1,results/transfer_v2/embedding_transfer_summary_v2.csv
hHep,mHSC-E,lr,f1,scconcept,0.4148806,0.243949,0.3385922,0.2343296,-0.180551,0.09464320000000001,10,9,10,10,0,False,False,1,results/transfer_v2/embedding_transfer_summary_v2.csv
hHep,mHSC-E,lr,f1,scconcept_encoded,0.433589,0.392811,0.3548524,0.4050064,-0.028582600000000014,-0.03795860000000001,9,7,9,9,0,False,False,2,results/transfer_v2/embedding_transfer_summary_v2.csv
hHep,mHSC-E,lr,f1,v4_plain_best,0.5045218,0.5657796,0.7214992,0.776163,0.2716412,0.15571959999999996,1,5,1,1,0,False,False,4,results/transfer_v2/embedding_transfer_summary_v2.csv
hHep,mHSC-E,mlp,f1,baseline,0.49432960000000004,0.6343774,0.6173254,0.6617742,0.16744459999999994,-0.017051999999999956,4,3,7,4,0,False,False,4,results/transfer_v2/embedding_transfer_summary_v2.csv
hHep,mHSC-E,mlp,f1,v4_plain_best,0.5213968,0.4757298,0.6600778,0.7701096,0.24871279999999996,0.18434800000000007,1,6,4,1,0,False,False,2,results/transfer_v2/embedding_transfer_summary_v2.csv
hHep,mHSC-GM,lr,f1,scGPT_human,0.38483660000000003,0.0667676,0.14236880000000002,0.08559,-0.29924660000000003,0.07560120000000002,8,9,9,8,0,False,False,0,results/transfer_v2/embedding_transfer_summary_v2.csv
hHep,mHSC-L,lr,f1,cl_v6_fair,0.3961482,0.6067284,0.0734726,0.17184460000000001,-0.2243036,-0.5332558,3,2,8,3,0,False,True,6,results/transfer_v2/embedding_transfer_summary_v2.csv
hHep,mHSC-L,lr,f1,scGPT_human,0.2546162,0.2822448,0.0163166,0.0370274,-0.21758880000000003,-0.2659282,10,9,10,10,0,False,False,1,results/transfer_v2/embedding_transfer_summary_v2.csv
hHep,mHSC-L,mlp,f1,cl_scratch_v5,0.26046,0.3037692,0.0709972,0.0365284,-0.2239316,-0.23277200000000003,8,6,5,8,0,False,False,1,results/transfer_v2/embedding_transfer_summary_v2.csv
hHep,mHSC-L,mlp,f1,v4_plain_best,0.2770276,0.2847206,0.0327656,0.041844,-0.2351836,-0.251955,6,7,7,6,0,False,False,0,results/transfer_v2/embedding_transfer_summary_v2.csv
mDC,hHep,mlp,f1,cl_v6_fair,0.2487484,0.196445,0.5364948,0.5201404,0.27139199999999997,0.34004980000000007,4,6,3,4,0,False,False,3,results/transfer_v2/embedding_transfer_summary_v2.csv
mDC,hHep,mlp,f1,v4_bias_rec_best,0.1386992,0.071723,0.5075151999999999,0.4991488,0.36044960000000004,0.43579219999999996,8,10,7,8,0,False,False,3,results/transfer_v2/embedding_transfer_summary_v2.csv
mDC,mESC,lr,f1,baseline,0.0,0.0,,,,,2,1,,,,False,False,1,results/transfer_v2/embedding_transfer_summary_v2.csv
mDC,mESC,lr,f1,cl_scratch_v5,0.0,,,,,,3,,,,,False,False,0,results/transfer_v2/embedding_transfer_summary_v2.csv
mDC,mESC,lr,f1,cl_v6_fair,0.0,0.0,,,,,4,2,,,,False,False,2,results/transfer_v2/embedding_transfer_summary_v2.csv
mDC,mESC,lr,f1,minus,0.0,,,,,,5,,,,,False,False,0,results/transfer_v2/embedding_transfer_summary_v2.csv
mDC,mESC,lr,f1,scGPT_human,0.0017725999999999998,,,,,,1,,,,,False,False,0,results/transfer_v2/embedding_transfer_summary_v2.csv
mDC,mESC,lr,f1,scconcept,0.0,,,,,,6,,,,,False,False,0,results/transfer_v2/embedding_transfer_summary_v2.csv
mDC,mESC,lr,f1,scconcept_encoded,0.0,,,,,,7,,,,,False,False,0,results/transfer_v2/embedding_transfer_summary_v2.csv
mDC,mESC,lr,f1,v4_bias_rec_best,0.0,,,,,,8,,,,,False,False,0,results/transfer_v2/embedding_transfer_summary_v2.csv
mDC,mESC,lr,f1,v4_plain_best,0.0,,,,,,9,,,,,False,False,0,results/transfer_v2/embedding_transfer_summary_v2.csv
mDC,mESC,lr,f1,v4_type_pe_best,0.0,0.0,,,,,10,3,,,,False,False,3,results/transfer_v2/embedding_transfer_summary_v2.csv
mDC,mESC,mlp,f1,cl_scratch_v5,0.0,0.0,,,,,2,2,,,,False,False,2,results/transfer_v2/embedding_transfer_summary_v2.csv
mDC,mESC,mlp,f1,cl_v6_fair,0.0,0.0,,,,,3,3,,,,False,False,3,results/transfer_v2/embedding_transfer_summary_v2.csv
mDC,mESC,mlp,f1,scconcept_encoded,0.0,0.0,0.5666664,,,0.5666664,7,6,3,,,False,False,3,results/transfer_v2/embedding_transfer_summary_v2.csv
mDC,mHSC-E,mlp,f1,cl_v6_fair,0.2680732,0.282793,0.3492344,0.4169928,0.14891959999999999,0.06644139999999998,2,3,2,2,0,False,False,1,results/transfer_v2/embedding_transfer_summary_v2.csv
mDC,mHSC-GM,lr,f1,scconcept,0.4734208,0.2680524,0.3876862,0.4410206,-0.03240019999999999,0.11963379999999996,1,6,2,1,0,False,False,4,results/transfer_v2/embedding_transfer_summary_v2.csv
mDC,mHSC-GM,lr,f1,v4_bias_rec_best,0.3307664,0.2280262,0.2896656,0.2808048,-0.049961599999999995,0.06163940000000001,8,7,9,8,0,False,True,2,results/transfer_v2/embedding_transfer_summary_v2.csv
mDC,mHSC-GM,lr,f1,v4_plain_best,0.3340208,0.394388,0.3097456,0.3060254,-0.027995400000000004,-0.0846424,7,3,7,7,0,False,True,4,results/transfer_v2/embedding_transfer_summary_v2.csv
mDC,mHSC-GM,mlp,f1,cl_v6_fair,0.2692508,0.38960680000000003,0.3308012,0.3763732,0.1071224,-0.05880560000000001,3,2,4,3,0,False,False,2,results/transfer_v2/embedding_transfer_summary_v2.csv
mDC,mHSC-L,lr,f1,v4_plain_best,0.378659,0.190342,0.31888679999999997,0.3401222,-0.03853680000000004,0.12854479999999996,4,7,7,4,0,False,False,0,results/transfer_v2/embedding_transfer_summary_v2.csv
mESC,hESC,mlp,f1,cl_scratch_v5,0.4558306,0.0036528,,,,,9,8,,,,False,False,8,results/transfer_v2/embedding_transfer_summary_v2.csv
mESC,hESC,mlp,f1,cl_v6_fair,0.5451798,0.0,,,,,5,9,,,,False,False,9,results/transfer_v2/embedding_transfer_summary_v2.csv
mESC,hESC,mlp,f1,minus,0.4864968,0.0,,,,,8,10,,,,False,False,10,results/transfer_v2/embedding_transfer_summary_v2.csv
mESC,hESC,mlp,f1,scGPT_human,0.5874672,0.674157,,,,,1,3,,,,False,False,3,results/transfer_v2/embedding_transfer_summary_v2.csv
mESC,hESC,mlp,f1,scconcept_encoded,0.5833798,0.157275,0.550544,0.55481,-0.02856979999999998,0.39326900000000004,2,7,1,2,0,False,False,6,results/transfer_v2/embedding_transfer_summary_v2.csv
mESC,hESC,mlp,f1,v4_bias_rec_best,0.4087432,0.6774914,,,,,10,2,,,,False,False,2,results/transfer_v2/embedding_transfer_summary_v2.csv
mESC,hESC,mlp,f1,v4_plain_best,0.558473,0.612174,,,,,4,5,,,,False,False,5,results/transfer_v2/embedding_transfer_summary_v2.csv
mESC,hESC,mlp,f1,v4_type_pe_best,0.4866458,0.7161084,,,,,7,1,,,,False,False,1,results/transfer_v2/embedding_transfer_summary_v2.csv
mESC,hHep,mlp,f1,cl_scratch_v5,0.5148816,0.6389983333333333,,,,,8,5,,,,False,False,5,results/transfer_v2/embedding_transfer_summary_v2.csv
mESC,hHep,mlp,f1,cl_v6_fair,0.5669892,0.6606172,,,,,5,4,,,,False,False,4,results/transfer_v2/embedding_transfer_summary_v2.csv
mESC,hHep,mlp,f1,minus,0.5271129999999999,0.4843966,,,,,6,8,,,,False,False,8,results/transfer_v2/embedding_transfer_summary_v2.csv
mESC,hHep,mlp,f1,scGPT_human,0.6461068,0.5377706,0.571063,0.592233,-0.05387379999999997,0.0332924,1,7,2,1,0,False,True,5,results/transfer_v2/embedding_transfer_summary_v2.csv
mESC,hHep,mlp,f1,scconcept_encoded,0.617801,0.6275262,,,,,3,6,,,,False,False,6,results/transfer_v2/embedding_transfer_summary_v2.csv
mESC,hHep,mlp,f1,v4_bias_rec_best,0.3768634,0.6919706,,,,,10,3,,,,False,False,3,results/transfer_v2/embedding_transfer_summary_v2.csv
mESC,hHep,mlp,f1,v4_plain_best,0.613731,0.03794,,,,,4,9,,,,False,False,9,results/transfer_v2/embedding_transfer_summary_v2.csv
mESC,hHep,mlp,f1,v4_type_pe_best,0.49427740000000003,0.724421,,,,,9,1,,,,False,False,1,results/transfer_v2/embedding_transfer_summary_v2.csv
mESC,mDC,lr,f1,baseline,0.5352486,,,,,,4,,,,,False,False,0,results/transfer_v2/embedding_transfer_summary_v2.csv
mESC,mDC,lr,f1,cl_scratch_v5,0.4757846,,,,,,7,,,,,False,False,0,results/transfer_v2/embedding_transfer_summary_v2.csv
mESC,mDC,lr,f1,cl_v6_fair,0.397016,0.4608772,,,,,9,5,,,,False,False,5,results/transfer_v2/embedding_transfer_summary_v2.csv
mESC,mDC,lr,f1,minus,0.57293,,,,,,2,,,,,False,False,0,results/transfer_v2/embedding_transfer_summary_v2.csv
mESC,mDC,lr,f1,scGPT_human,0.5907986,0.5942826,,,,,1,1,,,,False,False,1,results/transfer_v2/embedding_transfer_summary_v2.csv
mESC,mDC,lr,f1,scconcept,0.5191012,0.546285,,,,,5,2,,,,False,False,2,results/transfer_v2/embedding_transfer_summary_v2.csv
mESC,mDC,lr,f1,scconcept_encoded,0.3315272,0.307463,,,,,10,6,,,,False,False,6,results/transfer_v2/embedding_transfer_summary_v2.csv
mESC,mDC,lr,f1,v4_bias_rec_best,0.4540996,,,,,,8,,,,,False,False,0,results/transfer_v2/embedding_transfer_summary_v2.csv
mESC,mDC,lr,f1,v4_plain_best,0.5581898,0.522261,,,,,3,3,,,,False,False,3,results/transfer_v2/embedding_transfer_summary_v2.csv
mESC,mDC,lr,f1,v4_type_pe_best,0.4841802,0.510006,,,,,6,4,,,,False,False,4,results/transfer_v2/embedding_transfer_summary_v2.csv
mESC,mHSC-E,mlp,f1,cl_scratch_v5,0.4940918,0.3682052,0.6470876,0.493984,-0.00010780000000004675,0.2788824,8,6,4,8,0,False,False,2,results/transfer_v2/embedding_transfer_summary_v2.csv
mESC,mHSC-E,lr,f1,baseline,0.4702294,,,,,,10,,,,,False,False,0,results/transfer_v2/embedding_transfer_summary_v2.csv
mESC,mHSC-E,lr,f1,cl_scratch_v5,0.523737,,,,,,2,,,,,False,False,0,results/transfer_v2/embedding_transfer_summary_v2.csv
mESC,mHSC-E,lr,f1,cl_v6_fair,0.5010056,,,,,,5,,,,,False,False,0,results/transfer_v2/embedding_transfer_summary_v2.csv
mESC,mHSC-E,lr,f1,minus,0.527997,,,,,,1,,,,,False,False,0,results/transfer_v2/embedding_transfer_summary_v2.csv
mESC,mHSC-E,lr,f1,scGPT_human,0.4974564,,,,,,7,,,,,False,False,0,results/transfer_v2/embedding_transfer_summary_v2.csv
mESC,mHSC-E,lr,f1,scconcept,0.507386,,,,,,4,,,,,False,False,0,results/transfer_v2/embedding_transfer_summary_v2.csv
mESC,mHSC-E,lr,f1,scconcept_encoded,0.4873094,,,,,,9,,,,,False,False,0,results/transfer_v2/embedding_transfer_summary_v2.csv
mESC,mHSC-E,lr,f1,v4_bias_rec_best,0.4976752,,,,,,6,,,,,False,False,0,results/transfer_v2/embedding_transfer_summary_v2.csv
mESC,mHSC-E,lr,f1,v4_plain_best,0.5230592000000001,,,,,,3,,,,,False,False,0,results/transfer_v2/embedding_transfer_summary_v2.csv
mESC,mHSC-E,lr,f1,v4_type_pe_best,0.4950004,,,,,,8,,,,,False,False,0,results/transfer_v2/embedding_transfer_summary_v2.csv
mESC,mHSC-GM,lr,f1,baseline,0.4900258,,,,,,7,,,,,False,False,0,results/transfer_v2/embedding_transfer_summary_v2.csv
mESC,mHSC-GM,lr,f1,cl_scratch_v5,0.5169608,0.5282262,,,,,4,1,,,,False,False,1,results/transfer_v2/embedding_transfer_summary_v2.csv
mESC,mHSC-GM,lr,f1,cl_v6_fair,0.56012,0.4426174,,,,,1,3,,,,False,False,3,results/transfer_v2/embedding_transfer_summary_v2.csv
mESC,mHSC-GM,lr,f1,minus,0.5318372,,,,,,2,,,,,False,False,0,results/transfer_v2/embedding_transfer_summary_v2.csv
mESC,mHSC-GM,lr,f1,scGPT_human,0.4576272,,,,,,9,,,,,False,False,0,results/transfer_v2/embedding_transfer_summary_v2.csv
mESC,mHSC-GM,lr,f1,scconcept,0.5132264,,,,,,5,,,,,False,False,0,results/transfer_v2/embedding_transfer_summary_v2.csv
mESC,mHSC-GM,lr,f1,scconcept_encoded,0.3509736,0.39537279999999997,,,,,10,4,,,,False,False,4,results/transfer_v2/embedding_transfer_summary_v2.csv
mESC,mHSC-GM,lr,f1,v4_bias_rec_best,0.5304302,,,,,,3,,,,,False,False,0,results/transfer_v2/embedding_transfer_summary_v2.csv
mESC,mHSC-GM,lr,f1,v4_plain_best,0.5119342,,,,,,6,,,,,False,False,0,results/transfer_v2/embedding_transfer_summary_v2.csv
mESC,mHSC-GM,lr,f1,v4_type_pe_best,0.4872996,0.5242318,,,,,8,2,,,,False,False,2,results/transfer_v2/embedding_transfer_summary_v2.csv
mESC,mHSC-L,lr,f1,baseline,0.4680016,,,,,,9,,,,,False,False,0,results/transfer_v2/embedding_transfer_summary_v2.csv
mESC,mHSC-L,lr,f1,cl_scratch_v5,0.549963,,,,,,1,,,,,False,False,0,results/transfer_v2/embedding_transfer_summary_v2.csv
mESC,mHSC-L,lr,f1,cl_v6_fair,0.5220312,,,,,,4,,,,,False,False,0,results/transfer_v2/embedding_transfer_summary_v2.csv
mESC,mHSC-L,lr,f1,minus,0.5282684,,,,,,2,,,,,False,False,0,results/transfer_v2/embedding_transfer_summary_v2.csv
mESC,mHSC-L,lr,f1,scGPT_human,0.496769,,,,,,6,,,,,False,False,0,results/transfer_v2/embedding_transfer_summary_v2.csv
mESC,mHSC-L,lr,f1,scconcept,0.5268094,0.5250306,,,,,3,1,,,,False,False,1,results/transfer_v2/embedding_transfer_summary_v2.csv
mESC,mHSC-L,lr,f1,scconcept_encoded,0.4669348,,,,,,10,,,,,False,False,0,results/transfer_v2/embedding_transfer_summary_v2.csv
mESC,mHSC-L,lr,f1,v4_bias_rec_best,0.5139546,,,,,,5,,,,,False,False,0,results/transfer_v2/embedding_transfer_summary_v2.csv
mESC,mHSC-L,lr,f1,v4_plain_best,0.49102239999999997,,,,,,7,,,,,False,False,0,results/transfer_v2/embedding_transfer_summary_v2.csv
mESC,mHSC-L,lr,f1,v4_type_pe_best,0.4815382,,,,,,8,,,,,False,False,0,results/transfer_v2/embedding_transfer_summary_v2.csv
mHSC-E,hESC,lr,f1,baseline,0.6376892000000001,0.6711866,0.3705,0.4999562,-0.13773300000000005,-0.30068659999999997,1,2,3,1,0,False,False,1,results/transfer_v2/embedding_transfer_summary_v2.csv
mHSC-E,hESC,lr,f1,v4_type_pe_best,0.5338016,0.6974888,0.36307280000000003,0.3371766,-0.196625,-0.334416,7,1,4,7,0,False,True,3,results/transfer_v2/embedding_transfer_summary_v2.csv
mHSC-E,hESC,mlp,f1,v4_plain_best,0.5901958,0.5301818,0.36315,0.3894044,-0.20079140000000006,-0.16703180000000006,3,8,3,3,0,False,False,5,results/transfer_v2/embedding_transfer_summary_v2.csv
mHSC-E,hESC,mlp,f1,v4_type_pe_best,0.540325,0.6270778,0.2743002,0.2810598,-0.25926520000000003,-0.3527776,7,3,5,7,0,False,False,2,results/transfer_v2/embedding_transfer_summary_v2.csv
mHSC-E,hHep,lr,f1,scconcept,0.5347978,0.6051304,0.6905068,0.6952504,0.16045260000000006,0.08537640000000002,9,7,9,9,0,False,False,2,results/transfer_v2/embedding_transfer_summary_v2.csv
mHSC-E,hHep,lr,f1,scconcept_encoded,0.5144366,0.4938694,0.6745396,0.643126,0.12868939999999995,0.1806702,10,10,10,10,0,False,False,0,results/transfer_v2/embedding_transfer_summary_v2.csv
mHSC-E,hHep,mlp,f1,scconcept,0.510257,0.5897252,0.6648594,0.6325976,0.12234060000000002,0.07513420000000004,9,9,10,9,0,False,False,1,results/transfer_v2/embedding_transfer_summary_v2.csv
mHSC-E,hHep,mlp,f1,scconcept_encoded,0.4979636,0.3779724,0.6862106,0.6129592,0.11499560000000003,0.3082382,10,10,9,10,0,False,False,1,results/transfer_v2/embedding_transfer_summary_v2.csv
mHSC-E,mDC,mlp,f1,cl_scratch_v5,0.3694988,0.553818,0.501538,0.3093884,-0.06011040000000001,-0.05227999999999999,7,1,2,7,0,False,True,1,results/transfer_v2/embedding_transfer_summary_v2.csv
mHSC-E,mDC,mlp,f1,v4_plain_best,0.4197362,0.3716754,0.4208736,0.3710586,-0.04867759999999999,0.049198200000000025,5,5,7,5,0,False,False,2,results/transfer_v2/embedding_transfer_summary_v2.csv
mHSC-E,mDC,mlp,f1,v4_type_pe_best,0.4539586,0.0606012,0.4903618,0.3773856,-0.076573,0.4297606,3,10,5,3,0,False,False,5,results/transfer_v2/embedding_transfer_summary_v2.csv
mHSC-E,mESC,mlp,f1,baseline,0.680464,0.284553,0.933333,0.933333,0.252869,0.6487799999999999,1,3,1,1,0,False,False,2,results/transfer_v2/embedding_transfer_summary_v2.csv
mHSC-E,mESC,mlp,f1,cl_scratch_v5,0.676456,,,,,,9,,,,,False,False,0,results/transfer_v2/embedding_transfer_summary_v2.csv
mHSC-E,mESC,mlp,f1,cl_v6_fair,0.6776602,,,,,,5,,,,,False,False,0,results/transfer_v2/embedding_transfer_summary_v2.csv
mHSC-E,mESC,mlp,f1,scconcept_encoded,0.680464,0.0,,,,,2,4,,,,False,False,4,results/transfer_v2/embedding_transfer_summary_v2.csv
mHSC-E,mESC,mlp,f1,v4_plain_best,0.6772587999999999,,,0.0,-0.6772587999999999,,7,,,7,0,False,False,0,results/transfer_v2/embedding_transfer_summary_v2.csv
mHSC-E,mESC,lr,f1,baseline,0.680464,,,,,,1,,,,,False,False,0,results/transfer_v2/embedding_transfer_summary_v2.csv
mHSC-E,mESC,lr,f1,cl_scratch_v5,0.6768573999999999,,,,,,7,,,,,False,False,0,results/transfer_v2/embedding_transfer_summary_v2.csv
mHSC-E,mESC,lr,f1,cl_v6_fair,0.6768573999999999,,,,,,8,,,,,False,False,0,results/transfer_v2/embedding_transfer_summary_v2.csv
mHSC-E,mESC,lr,f1,minus,0.6772587999999999,,,,,,6,,,,,False,False,0,results/transfer_v2/embedding_transfer_summary_v2.csv
mHSC-E,mESC,lr,f1,scGPT_human,0.678463,,,,,,3,,,,,False,False,0,results/transfer_v2/embedding_transfer_summary_v2.csv
mHSC-E,mESC,lr,f1,scconcept,0.678463,,,,,,4,,,,,False,False,0,results/transfer_v2/embedding_transfer_summary_v2.csv
mHSC-E,mESC,lr,f1,scconcept_encoded,0.6780616,0.0,,,,,5,1,,,,False,False,1,results/transfer_v2/embedding_transfer_summary_v2.csv
mHSC-E,mESC,lr,f1,v4_bias_rec_best,0.676456,,,,,,9,,,,,False,False,0,results/transfer_v2/embedding_transfer_summary_v2.csv
mHSC-E,mESC,lr,f1,v4_plain_best,0.6788632,,,,,,2,,,,,False,False,0,results/transfer_v2/embedding_transfer_summary_v2.csv
mHSC-E,mESC,lr,f1,v4_type_pe_best,0.676456,,,,,,10,,,,,False,False,0,results/transfer_v2/embedding_transfer_summary_v2.csv
mHSC-E,mHSC-GM,lr,f1,baseline,0.5558982,0.5558982,0.5558982,0.5462562,-0.00964200000000004,0.0,1,1,1,1,0,False,False,0,results/transfer_v2/embedding_transfer_summary_v2.csv
mHSC-E,mHSC-GM,lr,f1,cl_v6_fair,0.46041,0.46041,0.46041,0.4593176,-0.0010923999999999934,0.0,8,8,8,8,0,False,False,0,results/transfer_v2/embedding_transfer_summary_v2.csv
mHSC-E,mHSC-GM,lr,f1,scconcept,0.5205304000000001,0.5205304000000001,0.5205304000000001,0.5263474,0.005816999999999961,0.0,2,2,2,2,0,False,False,0,results/transfer_v2/embedding_transfer_summary_v2.csv
mHSC-E,mHSC-GM,lr,f1,scconcept_encoded,0.4359914,0.4359914,0.4359914,0.4365996,0.0006082000000000032,0.0,9,9,9,9,0,False,False,0,results/transfer_v2/embedding_transfer_summary_v2.csv
mHSC-E,mHSC-GM,lr,f1,v4_plain_best,0.4956696,0.4956696,0.4956696,0.494013,-0.001656600000000008,0.0,5,5,5,5,0,False,False,0,results/transfer_v2/embedding_transfer_summary_v2.csv
mHSC-E,mHSC-GM,lr,f1,v4_type_pe_best,0.3911784,0.3911784,0.3911784,0.3953576,0.004179199999999994,0.0,10,10,10,10,0,False,False,0,results/transfer_v2/embedding_transfer_summary_v2.csv
mHSC-E,mHSC-GM,mlp,f1,baseline,0.5214006,0.5214006,0.5214006,0.5068054,-0.01459520000000003,0.0,1,1,1,1,0,False,False,0,results/transfer_v2/embedding_transfer_summary_v2.csv
mHSC-E,mHSC-GM,mlp,f1,cl_scratch_v5,0.4245276,0.4245276,0.4245276,0.4314082,0.0068806000000000145,0.0,8,8,8,8,0,False,False,0,results/transfer_v2/embedding_transfer_summary_v2.csv
mHSC-E,mHSC-GM,mlp,f1,cl_v6_fair,0.4453512,0.4453512,0.4453512,0.4440366,-0.001314599999999999,0.0,7,7,7,7,0,False,False,0,results/transfer_v2/embedding_transfer_summary_v2.csv
mHSC-E,mHSC-GM,mlp,f1,minus,0.4742932,0.4742932,0.4742932,0.4656902,-0.008603000000000027,0.0,6,6,6,6,0,False,False,0,results/transfer_v2/embedding_transfer_summary_v2.csv
mHSC-E,mHSC-GM,mlp,f1,scGPT_human,0.4158096,0.4158096,0.4158096,0.421302,0.005492400000000008,0.0,10,10,10,10,0,False,False,0,results/transfer_v2/embedding_transfer_summary_v2.csv
mHSC-E,mHSC-GM,mlp,f1,scconcept,0.4807062,0.4807062,0.4807062,0.48573,0.005023800000000023,0.0,4,4,4,4,0,False,False,0,results/transfer_v2/embedding_transfer_summary_v2.csv
mHSC-E,mHSC-GM,mlp,f1,scconcept_encoded,0.47461939999999997,0.47461939999999997,0.47461939999999997,0.4796544,0.005035000000000012,0.0,5,5,5,5,0,False,False,0,results/transfer_v2/embedding_transfer_summary_v2.csv
mHSC-E,mHSC-GM,mlp,f1,v4_bias_rec_best,0.4925942,0.4925942,0.4925942,0.49019039999999997,-0.0024038000000000115,0.0,3,3,3,3,0,False,False,0,results/transfer_v2/embedding_transfer_summary_v2.csv
mHSC-E,mHSC-GM,mlp,f1,v4_plain_best,0.494591,0.494591,0.494591,0.4929152,-0.001675800000000005,0.0,2,2,2,2,0,False,False,0,results/transfer_v2/embedding_transfer_summary_v2.csv
mHSC-E,mHSC-GM,mlp,f1,v4_type_pe_best,0.4166748,0.4166748,0.4166748,0.4226022,0.005927399999999972,0.0,9,9,9,9,0,False,False,0,results/transfer_v2/embedding_transfer_summary_v2.csv
mHSC-E,mHSC-L,lr,f1,baseline,0.5036586,0.5036586,0.5036586,0.5033558,-0.00030279999999993645,0.0,2,2,2,2,0,False,False,0,results/transfer_v2/embedding_transfer_summary_v2.csv
mHSC-E,mHSC-L,lr,f1,cl_v6_fair,0.4746212,0.4746212,0.4746212,0.4734192,-0.0012020000000000364,0.0,3,3,3,3,0,False,False,0,results/transfer_v2/embedding_transfer_summary_v2.csv
mHSC-E,mHSC-L,lr,f1,minus,0.5042378,0.5042378,0.5042378,0.5108954,0.006657600000000041,0.0,1,1,1,1,0,False,False,0,results/transfer_v2/embedding_transfer_summary_v2.csv
mHSC-E,mHSC-L,lr,f1,scGPT_human,0.4577402,0.4577402,0.4577402,0.4549854,-0.0027548000000000017,0.0,4,4,4,4,0,False,False,0,results/transfer_v2/embedding_transfer_summary_v2.csv
mHSC-E,mHSC-L,lr,f1,v4_plain_best,0.4482396,0.4482396,0.4482396,0.454044,0.005804399999999987,0.0,5,5,5,5,0,False,False,0,results/transfer_v2/embedding_transfer_summary_v2.csv
mHSC-E,mHSC-L,lr,f1,v4_type_pe_best,0.3876378,0.3876378,0.3876378,0.3902314,0.002593600000000029,0.0,10,10,10,10,0,False,False,0,results/transfer_v2/embedding_transfer_summary_v2.csv
mHSC-E,mHSC-L,mlp,f1,baseline,0.4318822,0.4318822,0.4318822,0.4365774,0.0046952000000000105,0.0,1,1,1,1,0,False,False,0,results/transfer_v2/embedding_transfer_summary_v2.csv
mHSC-E,mHSC-L,mlp,f1,cl_scratch_v5,0.367713,0.367713,0.367713,0.3762778,0.008564799999999984,0.0,8,8,8,8,0,False,False,0,results/transfer_v2/embedding_transfer_summary_v2.csv
mHSC-E,mHSC-L,mlp,f1,minus,0.427691,0.427691,0.427691,0.4302534,0.0025624000000000202,0.0,2,2,2,2,0,False,False,0,results/transfer_v2/embedding_transfer_summary_v2.csv
mHSC-E,mHSC-L,mlp,f1,scGPT_human,0.3560668,0.3560668,0.3560668,0.3541514,-0.0019154000000000115,0.0,10,10,10,10,0,False,False,0,results/transfer_v2/embedding_transfer_summary_v2.csv
mHSC-E,mHSC-L,mlp,f1,scconcept,0.4168578,0.4168578,0.4168578,0.4120754,-0.00478240000000002,0.0,3,3,3,3,0,False,False,0,results/transfer_v2/embedding_transfer_summary_v2.csv
mHSC-E,mHSC-L,mlp,f1,scconcept_encoded,0.4028466,0.4028466,0.4028466,0.40513140000000003,0.0022848000000000313,0.0,7,7,7,7,0,False,False,0,results/transfer_v2/embedding_transfer_summary_v2.csv
mHSC-E,mHSC-L,mlp,f1,v4_plain_best,0.408119,0.408119,0.408119,0.4086596,0.0005406000000000022,0.0,6,6,6,6,0,False,False,0,results/transfer_v2/embedding_transfer_summary_v2.csv
mHSC-E,mHSC-L,mlp,f1,v4_type_pe_best,0.361539,0.361539,0.361539,0.3622464,0.0007074000000000247,0.0,9,9,9,9,0,False,False,0,results/transfer_v2/embedding_transfer_summary_v2.csv
mHSC-GM,hESC,lr,f1,cl_scratch_v5,0.5861696,0.6404636,0.3444172,0.30262300000000003,-0.2835465999999999,-0.29604640000000004,4,1,4,4,0,False,True,3,results/transfer_v2/embedding_transfer_summary_v2.csv
mHSC-GM,hESC,mlp,f1,cl_v6_fair,0.6181214,0.4439318,0.3606176,0.3874302,-0.23069120000000004,-0.0833142,2,7,2,2,0,False,False,5,results/transfer_v2/embedding_transfer_summary_v2.csv
mHSC-GM,hHep,lr,f1,scconcept,0.3442882,0.4857064,0.1092716,0.0431454,-0.3011428,-0.37643479999999996,10,9,10,10,0,False,False,1,results/transfer_v2/embedding_transfer_summary_v2.csv
mHSC-GM,hHep,mlp,f1,cl_v6_fair,0.6281356,0.6513368,0.294313,0.1107714,-0.5173642,-0.35702380000000006,6,6,5,6,0,False,False,1,results/transfer_v2/embedding_transfer_summary_v2.csv
mHSC-GM,mDC,mlp,f1,minus,0.512843,0.369366,0.42181,0.4455458,-0.06729720000000006,0.05244399999999999,6,5,9,6,0,False,True,4,results/transfer_v2/embedding_transfer_summary_v2.csv
mHSC-GM,mDC,mlp,f1,scGPT_human,0.3962486,0.2862258,0.5046172,0.3327596,-0.06348900000000002,0.2183914,9,7,7,9,0,False,True,0,results/transfer_v2/embedding_transfer_summary_v2.csv
mHSC-GM,mDC,mlp,f1,scconcept,0.37586780000000003,0.2593442,0.2544452,0.1194022,-0.2564656,-0.004899000000000042,10,9,10,10,0,False,True,1,results/transfer_v2/embedding_transfer_summary_v2.csv
mHSC-GM,mDC,mlp,f1,v4_type_pe_best,0.5333544,0.35604759999999996,0.5404996,0.47134,-0.062014400000000025,0.184452,4,6,5,4,0,False,False,1,results/transfer_v2/embedding_transfer_summary_v2.csv
mHSC-GM,mESC,mlp,f1,cl_scratch_v5,0.5471002,,,,,,1,,,,,False,False,0,results/transfer_v2/embedding_transfer_summary_v2.csv
mHSC-GM,mESC,mlp,f1,cl_v6_fair,0.5471002,0.5994736,,,,,2,1,,,,False,False,1,results/transfer_v2/embedding_transfer_summary_v2.csv
mHSC-GM,mESC,lr,f1,baseline,0.6772587999999999,,,,,,9,,,,,False,False,0,results/transfer_v2/embedding_transfer_summary_v2.csv
mHSC-GM,mESC,lr,f1,cl_scratch_v5,0.680464,,,,,,1,,,,,False,False,0,results/transfer_v2/embedding_transfer_summary_v2.csv
mHSC-GM,mESC,lr,f1,cl_v6_fair,0.680464,0.5508200000000001,,,,,2,1,,,,False,False,1,results/transfer_v2/embedding_transfer_summary_v2.csv
mHSC-GM,mESC,lr,f1,minus,0.678463,,,,,,6,,,,,False,False,0,results/transfer_v2/embedding_transfer_summary_v2.csv
mHSC-GM,mESC,lr,f1,scGPT_human,0.676456,,,,,,10,,,,,False,False,0,results/transfer_v2/embedding_transfer_summary_v2.csv
mHSC-GM,mESC,lr,f1,scconcept,0.680464,,,,,,3,,,,,False,False,0,results/transfer_v2/embedding_transfer_summary_v2.csv
mHSC-GM,mESC,lr,f1,scconcept_encoded,0.6796636,,,,,,4,,,,,False,False,0,results/transfer_v2/embedding_transfer_summary_v2.csv
mHSC-GM,mESC,lr,f1,v4_bias_rec_best,0.678463,,,,,,7,,,,,False,False,0,results/transfer_v2/embedding_transfer_summary_v2.csv
mHSC-GM,mESC,lr,f1,v4_plain_best,0.678463,,,,,,8,,,,,False,False,0,results/transfer_v2/embedding_transfer_summary_v2.csv
mHSC-GM,mESC,lr,f1,v4_type_pe_best,0.6788632,,,,,,5,,,,,False,False,0,results/transfer_v2/embedding_transfer_summary_v2.csv
mHSC-GM,mHSC-E,lr,f1,baseline,0.6149232,0.6149232,0.6149232,0.6262694,0.011346199999999973,0.0,2,2,2,2,0,False,False,0,results/transfer_v2/embedding_transfer_summary_v2.csv
mHSC-GM,mHSC-E,lr,f1,scGPT_human,0.7011196,0.7011196,0.7011196,0.6721196,-0.028999999999999915,0.0,1,1,1,1,0,False,False,0,results/transfer_v2/embedding_transfer_summary_v2.csv
mHSC-GM,mHSC-E,lr,f1,scconcept,0.3917666,0.3917666,0.3917666,0.3932428,0.001476199999999983,0.0,10,10,10,10,0,False,False,0,results/transfer_v2/embedding_transfer_summary_v2.csv
mHSC-GM,mHSC-E,lr,f1,v4_type_pe_best,0.50671,0.50671,0.50671,0.513475,0.006765000000000021,0.0,7,7,7,7,0,False,False,0,results/transfer_v2/embedding_transfer_summary_v2.csv
mHSC-GM,mHSC-E,mlp,f1,baseline,0.6304662,0.6304662,0.6304662,0.604171,-0.026295199999999963,0.0,2,2,2,2,0,False,False,0,results/transfer_v2/embedding_transfer_summary_v2.csv
mHSC-GM,mHSC-E,mlp,f1,cl_scratch_v5,0.522276,0.522276,0.522276,0.5084184,-0.013857599999999914,0.0,6,6,6,6,0,False,False,0,results/transfer_v2/embedding_transfer_summary_v2.csv
mHSC-GM,mHSC-E,mlp,f1,cl_v6_fair,0.5061284,0.5061284,0.5061284,0.4753616,-0.03076680000000004,0.0,7,7,7,7,0,False,False,0,results/transfer_v2/embedding_transfer_summary_v2.csv
mHSC-GM,mHSC-E,mlp,f1,minus,0.6110186,0.6110186,0.6110186,0.6026988,-0.008319799999999988,0.0,3,3,3,3,0,False,False,0,results/transfer_v2/embedding_transfer_summary_v2.csv
mHSC-GM,mHSC-E,mlp,f1,scGPT_human,0.649869,0.649869,0.649869,0.626839,-0.023029999999999995,0.0,1,1,1,1,0,False,False,0,results/transfer_v2/embedding_transfer_summary_v2.csv
mHSC-GM,mHSC-E,mlp,f1,scconcept,0.3181538,0.3181538,0.3181538,0.3241634,0.006009600000000004,0.0,10,10,10,10,0,False,False,0,results/transfer_v2/embedding_transfer_summary_v2.csv
mHSC-GM,mHSC-E,mlp,f1,scconcept_encoded,0.3516262,0.3516262,0.3516262,0.3469618,-0.004664400000000013,0.0,9,9,9,9,0,False,False,0,results/transfer_v2/embedding_transfer_summary_v2.csv
mHSC-GM,mHSC-E,mlp,f1,v4_bias_rec_best,0.4773532,0.4773532,0.4773532,0.4523904,-0.02496279999999995,0.0,8,8,8,8,0,False,False,0,results/transfer_v2/embedding_transfer_summary_v2.csv
mHSC-GM,mHSC-E,mlp,f1,v4_plain_best,0.5454308,0.5454308,0.5454308,0.559725,0.014294200000000035,0.0,4,4,4,4,0,False,False,0,results/transfer_v2/embedding_transfer_summary_v2.csv
mHSC-GM,mHSC-E,mlp,f1,v4_type_pe_best,0.5439832,0.5439832,0.5439832,0.5285598,-0.015423399999999976,0.0,5,5,5,5,0,False,False,0,results/transfer_v2/embedding_transfer_summary_v2.csv
mHSC-GM,mHSC-L,lr,f1,baseline,0.6081181999999999,0.6081181999999999,0.6081181999999999,0.6081181999999999,0.0,0.0,9,9,9,9,0,False,False,0,results/transfer_v2/embedding_transfer_summary_v2.csv
mHSC-GM,mHSC-L,lr,f1,cl_scratch_v5,0.65988,0.65988,0.65988,0.65988,0.0,0.0,3,3,3,3,0,False,False,0,results/transfer_v2/embedding_transfer_summary_v2.csv
mHSC-GM,mHSC-L,lr,f1,cl_v6_fair,0.6684712,0.6684712,0.6684712,0.6684712,0.0,0.0,1,1,1,1,0,False,False,0,results/transfer_v2/embedding_transfer_summary_v2.csv
mHSC-GM,mHSC-L,lr,f1,minus,0.658737,0.658737,0.658737,0.658737,0.0,0.0,4,4,4,4,0,False,False,0,results/transfer_v2/embedding_transfer_summary_v2.csv
mHSC-GM,mHSC-L,lr,f1,scGPT_human,0.6400750000000001,0.6400750000000001,0.6400750000000001,0.6400750000000001,0.0,0.0,5,5,5,5,0,False,False,0,results/transfer_v2/embedding_transfer_summary_v2.csv
mHSC-GM,mHSC-L,lr,f1,scconcept,0.6161292,0.6161292,0.6161292,0.6161292,0.0,0.0,8,8,8,8,0,False,False,0,results/transfer_v2/embedding_transfer_summary_v2.csv
mHSC-GM,mHSC-L,lr,f1,scconcept_encoded,0.5649184,0.5649184,0.5649184,0.5649184,0.0,0.0,10,10,10,10,0,False,False,0,results/transfer_v2/embedding_transfer_summary_v2.csv
mHSC-GM,mHSC-L,lr,f1,v4_bias_rec_best,0.6663732,0.6663732,0.6663732,0.6663732,0.0,0.0,2,2,2,2,0,False,False,0,results/transfer_v2/embedding_transfer_summary_v2.csv
mHSC-GM,mHSC-L,lr,f1,v4_plain_best,0.626713,0.626713,0.626713,0.626713,0.0,0.0,7,7,7,7,0,False,False,0,results/transfer_v2/embedding_transfer_summary_v2.csv
mHSC-GM,mHSC-L,lr,f1,v4_type_pe_best,0.6336484,0.6336484,0.6336484,0.6336484,0.0,0.0,6,6,6,6,0,False,False,0,results/transfer_v2/embedding_transfer_summary_v2.csv
mHSC-GM,mHSC-L,mlp,f1,baseline,0.6481306,0.6481306,0.6481306,0.6481306,0.0,0.0,7,7,7,7,0,False,False,0,results/transfer_v2/embedding_transfer_summary_v2.csv
mHSC-GM,mHSC-L,mlp,f1,cl_scratch_v5,0.6563078,0.6563078,0.6563078,0.6563078,0.0,0.0,5,5,5,5,0,False,False,0,results/transfer_v2/embedding_transfer_summary_v2.csv
mHSC-GM,mHSC-L,mlp,f1,cl_v6_fair,0.6773444,0.6773444,0.6773444,0.6773444,0.0,0.0,2,2,2,2,0,False,False,0,results/transfer_v2/embedding_transfer_summary_v2.csv
mHSC-GM,mHSC-L,mlp,f1,minus,0.6680322,0.6680322,0.6680322,0.6680322,0.0,0.0,3,3,3,3,0,False,False,0,results/transfer_v2/embedding_transfer_summary_v2.csv
mHSC-GM,mHSC-L,mlp,f1,scGPT_human,0.6494956,0.6494956,0.6494956,0.6494956,0.0,0.0,6,6,6,6,0,False,False,0,results/transfer_v2/embedding_transfer_summary_v2.csv
mHSC-GM,mHSC-L,mlp,f1,scconcept,0.6254834,0.6254834,0.6254834,0.6254834,0.0,0.0,9,9,9,9,0,False,False,0,results/transfer_v2/embedding_transfer_summary_v2.csv
mHSC-GM,mHSC-L,mlp,f1,scconcept_encoded,0.5862934,0.5862934,0.5862934,0.5862934,0.0,0.0,10,10,10,10,0,False,False,0,results/transfer_v2/embedding_transfer_summary_v2.csv
mHSC-GM,mHSC-L,mlp,f1,v4_bias_rec_best,0.6782086,0.6782086,0.6782086,0.6782086,0.0,0.0,1,1,1,1,0,False,False,0,results/transfer_v2/embedding_transfer_summary_v2.csv
mHSC-GM,mHSC-L,mlp,f1,v4_plain_best,0.6434912,0.6434912,0.6434912,0.6434912,0.0,0.0,8,8,8,8,0,False,False,0,results/transfer_v2/embedding_transfer_summary_v2.csv
mHSC-GM,mHSC-L,mlp,f1,v4_type_pe_best,0.658131,0.658131,0.658131,0.658131,0.0,0.0,4,4,4,4,0,False,False,0,results/transfer_v2/embedding_transfer_summary_v2.csv
mHSC-L,hESC,lr,f1,cl_scratch_v5,0.5578458,0.6628532,0.4777528,0.4334388,-0.12440699999999993,-0.18510040000000005,3,1,3,3,0,False,True,2,results/transfer_v2/embedding_transfer_summary_v2.csv
mHSC-L,hESC,lr,f1,scconcept,0.4547882,0.22506,0.2963706,0.23718,-0.21760819999999997,0.07131059999999997,10,10,9,10,0,False,False,1,results/transfer_v2/embedding_transfer_summary_v2.csv
mHSC-L,hESC,lr,f1,v4_type_pe_best,0.5496603999999999,0.5030826,0.4027262,0.3608516,-0.18880879999999994,-0.10035640000000007,6,6,6,6,0,False,False,0,results/transfer_v2/embedding_transfer_summary_v2.csv
mHSC-L,hESC,mlp,f1,cl_scratch_v5,0.6072808,0.6637682,0.412853,0.3215854,-0.28569539999999993,-0.2509152,5,2,3,5,0,False,False,1,results/transfer_v2/embedding_transfer_summary_v2.csv
mHSC-L,hESC,mlp,f1,scconcept,0.337123,0.0553372,0.1425248,0.081512,-0.25561100000000003,0.0871876,10,10,10,10,0,False,False,0,results/transfer_v2/embedding_transfer_summary_v2.csv
mHSC-L,hHep,lr,f1,cl_v6_fair,0.41329319999999997,0.6398788,0.5945074,0.4104024,-0.002890799999999971,-0.04537139999999995,7,2,3,7,0,False,True,1,results/transfer_v2/embedding_transfer_summary_v2.csv
mHSC-L,hHep,lr,f1,minus,0.4615732,0.4924774,0.3150636,0.4236708,-0.0379024,-0.1774138,6,8,8,6,0,False,True,0,results/transfer_v2/embedding_transfer_summary_v2.csv
mHSC-L,hHep,lr,f1,scconcept,0.3608758,0.3815816,0.224057,0.1452742,-0.21560160000000003,-0.15752460000000001,10,9,10,10,0,False,True,1,results/transfer_v2/embedding_transfer_summary_v2.csv
mHSC-L,hHep,mlp,f1,scconcept,0.2547302,0.1896582,0.0582972,0.0499864,-0.20474380000000003,-0.131361,10,10,10,10,0,False,False,0,results/transfer_v2/embedding_transfer_summary_v2.csv
mHSC-L,mDC,lr,f1,scconcept,0.45451220000000003,0.2816154,0.405992,0.1674558,-0.28705640000000004,0.1243766,10,10,10,10,0,False,False,0,results/transfer_v2/embedding_transfer_summary_v2.csv
mHSC-L,mDC,mlp,f1,scconcept,0.367383,0.1194896,0.339068,0.042885,-0.324498,0.21957839999999998,10,10,10,10,0,False,False,0,results/transfer_v2/embedding_transfer_summary_v2.csv
mHSC-L,mESC,mlp,f1,baseline,0.6800638,0.710526,,,,,5,1,,,,False,False,1,results/transfer_v2/embedding_transfer_summary_v2.csv
mHSC-L,mESC,mlp,f1,cl_scratch_v5,0.680464,,,,,,1,,,,,False,False,0,results/transfer_v2/embedding_transfer_summary_v2.csv
mHSC-L,mESC,mlp,f1,cl_v6_fair,0.680464,0.703704,,,,,2,2,,,,False,False,2,results/transfer_v2/embedding_transfer_summary_v2.csv
mHSC-L,mESC,mlp,f1,v4_plain_best,0.6800638,0.516129,0.0,0.0,-0.6800638,-0.516129,6,6,5,6,0,False,False,1,results/transfer_v2/embedding_transfer_summary_v2.csv
mHSC-L,mESC,lr,f1,baseline,0.6796636,,,,,,4,,,,,False,False,0,results/transfer_v2/embedding_transfer_summary_v2.csv
mHSC-L,mESC,lr,f1,cl_scratch_v5,0.6796624,,,,,,6,,,,,False,False,0,results/transfer_v2/embedding_transfer_summary_v2.csv
mHSC-L,mESC,lr,f1,cl_v6_fair,0.680464,0.703704,,,,,1,1,,,,False,False,1,results/transfer_v2/embedding_transfer_summary_v2.csv
mHSC-L,mESC,lr,f1,minus,0.680464,,,,,,2,,,,,False,False,0,results/transfer_v2/embedding_transfer_summary_v2.csv
mHSC-L,mESC,lr,f1,scGPT_human,0.676456,,,,,,10,,,,,False,False,0,results/transfer_v2/embedding_transfer_summary_v2.csv
mHSC-L,mESC,lr,f1,scconcept,0.678463,,,,,,8,,,,,False,False,0,results/transfer_v2/embedding_transfer_summary_v2.csv
mHSC-L,mESC,lr,f1,scconcept_encoded,0.680464,0.3951128,,,,,3,2,,,,False,False,2,results/transfer_v2/embedding_transfer_summary_v2.csv
mHSC-L,mESC,lr,f1,v4_bias_rec_best,0.6772587999999999,,,,,,9,,,,,False,False,0,results/transfer_v2/embedding_transfer_summary_v2.csv
mHSC-L,mESC,lr,f1,v4_plain_best,0.6792634,,,,,,7,,,,,False,False,0,results/transfer_v2/embedding_transfer_summary_v2.csv
mHSC-L,mESC,lr,f1,v4_type_pe_best,0.6796636,,,,,,5,,,,,False,False,0,results/transfer_v2/embedding_transfer_summary_v2.csv
mHSC-L,mHSC-E,lr,f1,baseline,0.6052029999999999,0.6052029999999999,0.6052029999999999,0.5856216,-0.01958139999999997,0.0,1,1,1,1,0,False,False,0,results/transfer_v2/embedding_transfer_summary_v2.csv
mHSC-L,mHSC-E,lr,f1,cl_scratch_v5,0.5075018,0.5075018,0.5075018,0.4958188,-0.011682999999999999,0.0,3,3,3,3,0,False,False,0,results/transfer_v2/embedding_transfer_summary_v2.csv
mHSC-L,mHSC-E,lr,f1,scGPT_human,0.5653007999999999,0.5653007999999999,0.5653007999999999,0.5746114,0.009310600000000058,0.0,2,2,2,2,0,False,False,0,results/transfer_v2/embedding_transfer_summary_v2.csv
mHSC-L,mHSC-E,lr,f1,v4_bias_rec_best,0.3519582,0.3519582,0.3519582,0.351992,3.380000000002825e-05,0.0,10,10,10,10,0,False,False,0,results/transfer_v2/embedding_transfer_summary_v2.csv
mHSC-L,mHSC-E,mlp,f1,baseline,0.4639962,0.4639962,0.4639962,0.4646188,0.0006225999999999732,0.0,3,3,3,3,0,False,False,0,results/transfer_v2/embedding_transfer_summary_v2.csv
mHSC-L,mHSC-E,mlp,f1,cl_scratch_v5,0.3998838,0.3998838,0.3998838,0.414307,0.01442319999999997,0.0,7,7,7,7,0,False,False,0,results/transfer_v2/embedding_transfer_summary_v2.csv
mHSC-L,mHSC-E,mlp,f1,minus,0.5536474,0.5536474,0.5536474,0.5165512,-0.037096200000000024,0.0,2,2,2,2,0,False,False,0,results/transfer_v2/embedding_transfer_summary_v2.csv
mHSC-L,mHSC-E,mlp,f1,scGPT_human,0.5820354,0.5820354,0.5820354,0.5837524,0.0017169999999999686,0.0,1,1,1,1,0,False,False,0,results/transfer_v2/embedding_transfer_summary_v2.csv
mHSC-L,mHSC-E,mlp,f1,scconcept,0.2761132,0.2761132,0.2761132,0.2561136,-0.019999600000000006,0.0,10,10,10,10,0,False,False,0,results/transfer_v2/embedding_transfer_summary_v2.csv
mHSC-L,mHSC-E,mlp,f1,scconcept_encoded,0.3592936,0.3592936,0.3592936,0.3708128,0.011519200000000007,0.0,9,9,9,9,0,False,False,0,results/transfer_v2/embedding_transfer_summary_v2.csv
mHSC-L,mHSC-E,mlp,f1,v4_plain_best,0.3966012,0.3966012,0.3966012,0.3878926,-0.00870860000000001,0.0,8,8,8,8,0,False,False,0,results/transfer_v2/embedding_transfer_summary_v2.csv
mHSC-L,mHSC-E,mlp,f1,v4_type_pe_best,0.461937,0.461937,0.461937,0.4494742,-0.012462799999999996,0.0,5,5,5,5,0,False,False,0,results/transfer_v2/embedding_transfer_summary_v2.csv
mHSC-L,mHSC-GM,lr,f1,baseline,0.7055996,0.7055996,0.7055996,0.7055996,0.0,0.0,4,4,4,4,0,False,False,0,results/transfer_v2/embedding_transfer_summary_v2.csv
mHSC-L,mHSC-GM,lr,f1,cl_scratch_v5,0.7035148,0.7035148,0.7035148,0.7035148,0.0,0.0,5,5,5,5,0,False,False,0,results/transfer_v2/embedding_transfer_summary_v2.csv
mHSC-L,mHSC-GM,lr,f1,cl_v6_fair,0.706009,0.706009,0.706009,0.706009,0.0,0.0,3,3,3,3,0,False,False,0,results/transfer_v2/embedding_transfer_summary_v2.csv
mHSC-L,mHSC-GM,lr,f1,minus,0.6240186,0.6240186,0.6240186,0.6240186,0.0,0.0,8,8,8,8,0,False,False,0,results/transfer_v2/embedding_transfer_summary_v2.csv
mHSC-L,mHSC-GM,lr,f1,scGPT_human,0.6528849999999999,0.6528849999999999,0.6528849999999999,0.6528849999999999,0.0,0.0,7,7,7,7,0,False,False,0,results/transfer_v2/embedding_transfer_summary_v2.csv
mHSC-L,mHSC-GM,lr,f1,scconcept,0.585299,0.585299,0.585299,0.585299,0.0,0.0,10,10,10,10,0,False,False,0,results/transfer_v2/embedding_transfer_summary_v2.csv
mHSC-L,mHSC-GM,lr,f1,scconcept_encoded,0.6236398,0.6236398,0.6236398,0.6236398,0.0,0.0,9,9,9,9,0,False,False,0,results/transfer_v2/embedding_transfer_summary_v2.csv
mHSC-L,mHSC-GM,lr,f1,v4_bias_rec_best,0.6619794,0.6619794,0.6619794,0.6619794,0.0,0.0,6,6,6,6,0,False,False,0,results/transfer_v2/embedding_transfer_summary_v2.csv
mHSC-L,mHSC-GM,lr,f1,v4_plain_best,0.7317548,0.7317548,0.7317548,0.7317548,0.0,0.0,1,1,1,1,0,False,False,0,results/transfer_v2/embedding_transfer_summary_v2.csv
mHSC-L,mHSC-GM,lr,f1,v4_type_pe_best,0.7172558,0.7172558,0.7172558,0.7172558,0.0,0.0,2,2,2,2,0,False,False,0,results/transfer_v2/embedding_transfer_summary_v2.csv
mHSC-L,mHSC-GM,mlp,f1,baseline,0.757987,0.757987,0.757987,0.757987,0.0,0.0,5,5,5,5,0,False,False,0,results/transfer_v2/embedding_transfer_summary_v2.csv
mHSC-L,mHSC-GM,mlp,f1,cl_scratch_v5,0.766992,0.766992,0.766992,0.766992,0.0,0.0,2,2,2,2,0,False,False,0,results/transfer_v2/embedding_transfer_summary_v2.csv
mHSC-L,mHSC-GM,mlp,f1,cl_v6_fair,0.762613,0.762613,0.762613,0.762613,0.0,0.0,4,4,4,4,0,False,False,0,results/transfer_v2/embedding_transfer_summary_v2.csv
mHSC-L,mHSC-GM,mlp,f1,minus,0.7289804,0.7289804,0.7289804,0.7289804,0.0,0.0,8,8,8,8,0,False,False,0,results/transfer_v2/embedding_transfer_summary_v2.csv
mHSC-L,mHSC-GM,mlp,f1,scGPT_human,0.737073,0.737073,0.737073,0.737073,0.0,0.0,7,7,7,7,0,False,False,0,results/transfer_v2/embedding_transfer_summary_v2.csv
mHSC-L,mHSC-GM,mlp,f1,scconcept,0.6035348,0.6035348,0.6035348,0.6035348,0.0,0.0,10,10,10,10,0,False,False,0,results/transfer_v2/embedding_transfer_summary_v2.csv
mHSC-L,mHSC-GM,mlp,f1,scconcept_encoded,0.6555894,0.6555894,0.6555894,0.6555894,0.0,0.0,9,9,9,9,0,False,False,0,results/transfer_v2/embedding_transfer_summary_v2.csv
mHSC-L,mHSC-GM,mlp,f1,v4_bias_rec_best,0.7553896,0.7553896,0.7553896,0.7553896,0.0,0.0,6,6,6,6,0,False,False,0,results/transfer_v2/embedding_transfer_summary_v2.csv
mHSC-L,mHSC-GM,mlp,f1,v4_plain_best,0.7627102,0.7627102,0.7627102,0.7627102,0.0,0.0,3,3,3,3,0,False,False,0,results/transfer_v2/embedding_transfer_summary_v2.csv
mHSC-L,mHSC-GM,mlp,f1,v4_type_pe_best,0.7745664,0.7745664,0.7745664,0.7745664,0.0,0.0,1,1,1,1,0,False,False,0,results/transfer_v2/embedding_transfer_summary_v2.csv
hESC,hHep,lr,precision_at_k,baseline,0.7,0.574,0.577,0.584,-0.11599999999999999,0.0030000000000000027,2,5,4,2,0,False,False,1,results/transfer_v2/embedding_transfer_summary_v2.csv
hESC,hHep,lr,precision_at_k,cl_v6_fair,0.627,0.69,0.5529999999999999,0.553,-0.07399999999999995,-0.137,6,3,6,6,0,False,True,3,results/transfer_v2/embedding_transfer_summary_v2.csv
hESC,hHep,lr,precision_at_k,scconcept_encoded,0.489,0.491,0.453,0.45999999999999996,-0.029000000000000026,-0.03799999999999998,9,10,10,9,0,False,False,0,results/transfer_v2/embedding_transfer_summary_v2.csv
hESC,hHep,lr,precision_at_k,v4_type_pe_best,0.701,0.72,0.594,0.599,-0.10199999999999998,-0.126,1,1,2,1,0,False,False,1,results/transfer_v2/embedding_transfer_summary_v2.csv
hESC,hHep,mlp,precision_at_k,v4_type_pe_best,0.729,0.763,0.597,0.586,-0.14300000000000002,-0.16600000000000004,1,2,1,1,0,False,False,1,results/transfer_v2/embedding_transfer_summary_v2.csv
hESC,mDC,lr,precision_at_k,baseline,0.665,0.5509999999999999,0.548,0.772727,0.10772700000000002,-0.0029999999999998916,1,4,6,1,0,False,False,2,results/transfer_v2/embedding_transfer_summary_v2.csv
hESC,mDC,lr,precision_at_k,cl_v6_fair,0.655,0.403,0.515,0.741259,0.08625899999999997,0.11199999999999999,2,9,7,2,0,False,False,2,results/transfer_v2/embedding_transfer_summary_v2.csv
hESC,mDC,lr,precision_at_k,v4_bias_rec_best,0.482,0.445,0.501,0.578947,0.096947,0.055999999999999994,7,7,8,7,0,False,False,1,results/transfer_v2/embedding_transfer_summary_v2.csv
hESC,mDC,mlp,precision_at_k,minus,0.33699999999999997,0.461,0.483,0.526316,0.18931600000000004,0.021999999999999964,9,5,5,9,0,False,False,0,results/transfer_v2/embedding_transfer_summary_v2.csv
hESC,mESC,mlp,precision_at_k,v4_type_pe_best,0.534,0.62,0.913,0.898,0.364,0.29300000000000004,9,2,3,9,0,False,False,1,results/transfer_v2/embedding_transfer_summary_v2.csv
hESC,mHSC-E,lr,precision_at_k,cl_scratch_v5,0.591,0.635,0.535,0.607843,0.016843000000000052,-0.09999999999999998,4,2,7,4,0,False,True,5,results/transfer_v2/embedding_transfer_summary_v2.csv
hESC,mHSC-GM,mlp,precision_at_k,minus,0.743,0.5,0.521,0.333333,-0.409667,0.02100000000000002,7,9,9,7,0,False,False,0,results/transfer_v2/embedding_transfer_summary_v2.csv
hESC,mHSC-GM,mlp,precision_at_k,v4_plain_best,0.797,0.519,0.563,0.44697,-0.35003000000000006,0.04399999999999993,2,8,3,2,0,False,False,5,results/transfer_v2/embedding_transfer_summary_v2.csv
hESC,mHSC-L,lr,precision_at_k,scGPT_human,0.694,0.648,0.572,0.5,-0.19399999999999995,-0.07600000000000007,3,1,4,3,0,False,False,3,results/transfer_v2/embedding_transfer_summary_v2.csv
hESC,mHSC-L,lr,precision_at_k,v4_plain_best,0.571,0.636,0.578,0.398148,-0.17285199999999995,-0.05800000000000005,9,3,3,9,0,False,False,0,results/transfer_v2/embedding_transfer_summary_v2.csv
hHep,hESC,lr,precision_at_k,cl_v6_fair,0.679,0.563,0.651,0.603,-0.07600000000000007,0.08800000000000008,3,8,1,3,0,False,False,7,results/transfer_v2/embedding_transfer_summary_v2.csv
hHep,hESC,lr,precision_at_k,scconcept,0.5,0.569,0.413,0.418,-0.08200000000000002,-0.15599999999999997,9,6,9,9,0,False,True,3,results/transfer_v2/embedding_transfer_summary_v2.csv
hHep,hESC,lr,precision_at_k,scconcept_encoded,0.39,0.582,0.329,0.315,-0.07500000000000001,-0.25299999999999995,10,5,10,10,0,False,True,5,results/transfer_v2/embedding_transfer_summary_v2.csv
hHep,hESC,mlp,precision_at_k,v4_type_pe_best,0.695,0.64,0.568,0.591,-0.10399999999999998,-0.07200000000000006,2,5,7,2,0,False,True,2,results/transfer_v2/embedding_transfer_summary_v2.csv
hHep,mESC,lr,precision_at_k,v4_plain_best,0.537,0.529,0.909,0.907,0.37,0.38,10,4,9,10,0,False,False,5,results/transfer_v2/embedding_transfer_summary_v2.csv
hHep,mHSC-L,lr,precision_at_k,cl_scratch_v5,0.706,0.649,0.404,0.34507,-0.36093,-0.245,3,3,1,3,0,False,False,2,results/transfer_v2/embedding_transfer_summary_v2.csv
mDC,hESC,mlp,precision_at_k,minus,0.39,0.455556,0.237113,0.237113,-0.15288700000000002,-0.21844300000000003,4,9,4,4,0,False,False,5,results/transfer_v2/embedding_transfer_summary_v2.csv
mDC,hHep,mlp,precision_at_k,scGPT_human,0.454,0.535,0.362,0.358,-0.09600000000000003,-0.17300000000000004,7,6,6,7,0,False,False,0,results/transfer_v2/embedding_transfer_summary_v2.csv
mDC,hHep,mlp,precision_at_k,v4_plain_best,0.509,0.547,0.374,0.37,-0.139,-0.17300000000000004,4,5,3,4,0,False,False,2,results/transfer_v2/embedding_transfer_summary_v2.csv
mDC,mESC,lr,precision_at_k,baseline,0.547,0.478261,,,,,2,2,,,,False,False,2,results/transfer_v2/embedding_transfer_summary_v2.csv
mDC,mESC,lr,precision_at_k,cl_scratch_v5,0.547,,,,,,3,,,,,False,False,0,results/transfer_v2/embedding_transfer_summary_v2.csv
mDC,mESC,lr,precision_at_k,cl_v6_fair,0.546,0.504505,,,,,4,1,,,,False,False,1,results/transfer_v2/embedding_transfer_summary_v2.csv
mDC,mESC,lr,precision_at_k,minus,0.539,,,,,,10,,,,,False,False,0,results/transfer_v2/embedding_transfer_summary_v2.csv
mDC,mESC,lr,precision_at_k,scGPT_human,0.54,,,,,,8,,,,,False,False,0,results/transfer_v2/embedding_transfer_summary_v2.csv
mDC,mESC,lr,precision_at_k,scconcept,0.54,,,,,,9,,,,,False,False,0,results/transfer_v2/embedding_transfer_summary_v2.csv
mDC,mESC,lr,precision_at_k,scconcept_encoded,0.546,,,,,,5,,,,,False,False,0,results/transfer_v2/embedding_transfer_summary_v2.csv
mDC,mESC,lr,precision_at_k,v4_bias_rec_best,0.548,,,,,,1,,,,,False,False,0,results/transfer_v2/embedding_transfer_summary_v2.csv
mDC,mESC,lr,precision_at_k,v4_plain_best,0.543,,,,,,6,,,,,False,False,0,results/transfer_v2/embedding_transfer_summary_v2.csv
mDC,mESC,lr,precision_at_k,v4_type_pe_best,0.542,0.442478,,,,,7,3,,,,False,False,3,results/transfer_v2/embedding_transfer_summary_v2.csv
mDC,mESC,mlp,precision_at_k,cl_scratch_v5,0.544,0.430894,,,,,4,7,,,,False,False,7,results/transfer_v2/embedding_transfer_summary_v2.csv
mDC,mESC,mlp,precision_at_k,cl_v6_fair,0.545,0.504505,,,,,3,2,,,,False,False,2,results/transfer_v2/embedding_transfer_summary_v2.csv
mDC,mESC,mlp,precision_at_k,scconcept_encoded,0.5599999999999999,0.401575,0.894737,,,0.493162,1,8,5,,,False,False,3,results/transfer_v2/embedding_transfer_summary_v2.csv
mDC,mESC,mlp,precision_at_k,v4_bias_rec_best,0.544,0.358696,0.894737,0.894737,0.35073699999999997,0.536041,5,9,6,5,0,False,False,3,results/transfer_v2/embedding_transfer_summary_v2.csv
mDC,mHSC-E,mlp,precision_at_k,scconcept_encoded,0.33,0.564,0.313,0.288,-0.04200000000000004,-0.25099999999999995,10,3,10,10,0,False,True,7,results/transfer_v2/embedding_transfer_summary_v2.csv
mDC,mHSC-L,lr,precision_at_k,v4_type_pe_best,0.422,0.479,0.35,0.356725,-0.06527499999999997,-0.129,7,6,4,7,0,False,False,2,results/transfer_v2/embedding_transfer_summary_v2.csv
mESC,hESC,mlp,precision_at_k,cl_scratch_v5,0.528,0.47000000000000003,,,,,1,9,,,,False,False,9,results/transfer_v2/embedding_transfer_summary_v2.csv
mESC,hESC,mlp,precision_at_k,cl_v6_fair,0.514,0.53,,,,,4,7,,,,False,False,7,results/transfer_v2/embedding_transfer_summary_v2.csv
mESC,hESC,mlp,precision_at_k,minus,0.489,0.532,,,,,10,6,,,,False,False,6,results/transfer_v2/embedding_transfer_summary_v2.csv
mESC,hESC,mlp,precision_at_k,scGPT_human,0.501,0.52,,,,,9,8,,,,False,False,8,results/transfer_v2/embedding_transfer_summary_v2.csv
mESC,hESC,mlp,precision_at_k,v4_bias_rec_best,0.509,0.548,,,,,6,4,,,,False,False,4,results/transfer_v2/embedding_transfer_summary_v2.csv
mESC,hESC,mlp,precision_at_k,v4_plain_best,0.507,0.428,,,,,7,10,,,,False,False,10,results/transfer_v2/embedding_transfer_summary_v2.csv
mESC,hESC,mlp,precision_at_k,v4_type_pe_best,0.526,0.58,,,,,2,1,,,,False,False,1,results/transfer_v2/embedding_transfer_summary_v2.csv
mESC,hHep,mlp,precision_at_k,cl_scratch_v5,0.516,0.45666666666666667,,,,,2,10,,,,False,False,10,results/transfer_v2/embedding_transfer_summary_v2.csv
mESC,hHep,mlp,precision_at_k,cl_v6_fair,0.498,0.46699999999999997,,,,,8,9,,,,False,False,9,results/transfer_v2/embedding_transfer_summary_v2.csv
mESC,hHep,mlp,precision_at_k,minus,0.509,0.601,,,,,3,4,,,,False,False,4,results/transfer_v2/embedding_transfer_summary_v2.csv
mESC,hHep,mlp,precision_at_k,scconcept_encoded,0.502,0.5640000000000001,,,,,5,7,,,,False,False,7,results/transfer_v2/embedding_transfer_summary_v2.csv
mESC,hHep,mlp,precision_at_k,v4_bias_rec_best,0.48000000000000004,0.526,,,,,9,8,,,,False,False,8,results/transfer_v2/embedding_transfer_summary_v2.csv
mESC,hHep,mlp,precision_at_k,v4_plain_best,0.502,0.597,,,,,6,5,,,,False,False,5,results/transfer_v2/embedding_transfer_summary_v2.csv
mESC,hHep,mlp,precision_at_k,v4_type_pe_best,0.499,0.604,,,,,7,3,,,,False,False,3,results/transfer_v2/embedding_transfer_summary_v2.csv
mESC,hHep,lr,precision_at_k,cl_scratch_v5,0.559,0.498,0.456,0.462,-0.09700000000000003,-0.04199999999999998,2,6,1,2,0,False,False,5,results/transfer_v2/embedding_transfer_summary_v2.csv
mESC,mDC,lr,precision_at_k,baseline,0.631,,,,,,1,,,,,False,False,0,results/transfer_v2/embedding_transfer_summary_v2.csv
mESC,mDC,lr,precision_at_k,cl_scratch_v5,0.592,,,,,,3,,,,,False,False,0,results/transfer_v2/embedding_transfer_summary_v2.csv
mESC,mDC,lr,precision_at_k,cl_v6_fair,0.509,0.519,,,,,7,4,,,,False,False,4,results/transfer_v2/embedding_transfer_summary_v2.csv
mESC,mDC,lr,precision_at_k,minus,0.592,,,,,,4,,,,,False,False,0,results/transfer_v2/embedding_transfer_summary_v2.csv
mESC,mDC,lr,precision_at_k,scGPT_human,0.604,0.64,,,,,2,1,,,,False,False,1,results/transfer_v2/embedding_transfer_summary_v2.csv
mESC,mDC,lr,precision_at_k,scconcept,0.5640000000000001,0.611,,,,,6,2,,,,False,False,2,results/transfer_v2/embedding_transfer_summary_v2.csv
mESC,mDC,lr,precision_at_k,scconcept_encoded,0.435,0.423,,,,,10,5,,,,False,False,5,results/transfer_v2/embedding_transfer_summary_v2.csv
mESC,mDC,lr,precision_at_k,v4_bias_rec_best,0.498,,,,,,8,,,,,False,False,0,results/transfer_v2/embedding_transfer_summary_v2.csv
mESC,mDC,lr,precision_at_k,v4_plain_best,0.575,0.528,,,,,5,3,,,,False,False,3,results/transfer_v2/embedding_transfer_summary_v2.csv
mESC,mDC,lr,precision_at_k,v4_type_pe_best,0.442,0.403,,,,,9,6,,,,False,False,6,results/transfer_v2/embedding_transfer_summary_v2.csv
mESC,mHSC-E,mlp,precision_at_k,scGPT_human,0.48,0.383,0.44,0.493671,0.013671000000000044,0.056999999999999995,6,9,9,6,0,False,False,0,results/transfer_v2/embedding_transfer_summary_v2.csv
mESC,mHSC-E,mlp,precision_at_k,scconcept_encoded,0.471,0.378,0.502,0.33871,-0.13228999999999996,0.124,8,10,4,8,0,False,False,6,results/transfer_v2/embedding_transfer_summary_v2.csv
mESC,mHSC-E,mlp,precision_at_k,v4_bias_rec_best,0.47500000000000003,0.618,0.486,0.390625,-0.08437500000000003,-0.132,7,1,5,7,0,False,True,4,results/transfer_v2/embedding_transfer_summary_v2.csv
mESC,mHSC-E,lr,precision_at_k,baseline,0.445,,,,,,9,,,,,False,False,0,results/transfer_v2/embedding_transfer_summary_v2.csv
mESC,mHSC-E,lr,precision_at_k,cl_scratch_v5,0.514,,,,,,2,,,,,False,False,0,results/transfer_v2/embedding_transfer_summary_v2.csv
mESC,mHSC-E,lr,precision_at_k,cl_v6_fair,0.475,,,,,,4,,,,,False,False,0,results/transfer_v2/embedding_transfer_summary_v2.csv
mESC,mHSC-E,lr,precision_at_k,minus,0.46799999999999997,,,,,,6,,,,,False,False,0,results/transfer_v2/embedding_transfer_summary_v2.csv
mESC,mHSC-E,lr,precision_at_k,scGPT_human,0.468,,,,,,5,,,,,False,False,0,results/transfer_v2/embedding_transfer_summary_v2.csv
mESC,mHSC-E,lr,precision_at_k,scconcept,0.452,,,,,,8,,,,,False,False,0,results/transfer_v2/embedding_transfer_summary_v2.csv
mESC,mHSC-E,lr,precision_at_k,scconcept_encoded,0.46199999999999997,,,,,,7,,,,,False,False,0,results/transfer_v2/embedding_transfer_summary_v2.csv
mESC,mHSC-E,lr,precision_at_k,v4_bias_rec_best,0.516,,,,,,1,,,,,False,False,0,results/transfer_v2/embedding_transfer_summary_v2.csv
mESC,mHSC-E,lr,precision_at_k,v4_plain_best,0.413,,,,,,10,,,,,False,False,0,results/transfer_v2/embedding_transfer_summary_v2.csv
mESC,mHSC-E,lr,precision_at_k,v4_type_pe_best,0.501,,,,,,3,,,,,False,False,0,results/transfer_v2/embedding_transfer_summary_v2.csv
mESC,mHSC-GM,lr,precision_at_k,baseline,0.521,,,,,,5,,,,,False,False,0,results/transfer_v2/embedding_transfer_summary_v2.csv
mESC,mHSC-GM,lr,precision_at_k,cl_scratch_v5,0.463,0.491,,,,,8,2,,,,False,False,2,results/transfer_v2/embedding_transfer_summary_v2.csv
mESC,mHSC-GM,lr,precision_at_k,cl_v6_fair,0.647,0.532,,,,,1,1,,,,False,False,1,results/transfer_v2/embedding_transfer_summary_v2.csv
mESC,mHSC-GM,lr,precision_at_k,minus,0.494,,,,,,6,,,,,False,False,0,results/transfer_v2/embedding_transfer_summary_v2.csv
mESC,mHSC-GM,lr,precision_at_k,scGPT_human,0.445,,,,,,9,,,,,False,False,0,results/transfer_v2/embedding_transfer_summary_v2.csv
mESC,mHSC-GM,lr,precision_at_k,scconcept,0.531,,,,,,3,,,,,False,False,0,results/transfer_v2/embedding_transfer_summary_v2.csv
mESC,mHSC-GM,lr,precision_at_k,scconcept_encoded,0.42,0.451,,,,,10,4,,,,False,False,4,results/transfer_v2/embedding_transfer_summary_v2.csv
mESC,mHSC-GM,lr,precision_at_k,v4_bias_rec_best,0.526,,,,,,4,,,,,False,False,0,results/transfer_v2/embedding_transfer_summary_v2.csv
mESC,mHSC-GM,lr,precision_at_k,v4_plain_best,0.557,,,,,,2,,,,,False,False,0,results/transfer_v2/embedding_transfer_summary_v2.csv
mESC,mHSC-GM,lr,precision_at_k,v4_type_pe_best,0.492,0.455,,,,,7,3,,,,False,False,3,results/transfer_v2/embedding_transfer_summary_v2.csv
mESC,mHSC-L,mlp,precision_at_k,scGPT_human,0.496,0.567,0.329,0.255814,-0.240186,-0.23799999999999993,8,2,6,8,0,False,True,4,results/transfer_v2/embedding_transfer_summary_v2.csv
mESC,mHSC-L,mlp,precision_at_k,v4_plain_best,0.514,0.591,0.341,0.283019,-0.230981,-0.24999999999999994,6,1,3,6,0,False,True,2,results/transfer_v2/embedding_transfer_summary_v2.csv
mESC,mHSC-L,lr,precision_at_k,baseline,0.479,,,,,,9,,,,,False,False,0,results/transfer_v2/embedding_transfer_summary_v2.csv
mESC,mHSC-L,lr,precision_at_k,cl_scratch_v5,0.481,,,,,,8,,,,,False,False,0,results/transfer_v2/embedding_transfer_summary_v2.csv
mESC,mHSC-L,lr,precision_at_k,cl_v6_fair,0.571,,,,,,1,,,,,False,False,0,results/transfer_v2/embedding_transfer_summary_v2.csv
mESC,mHSC-L,lr,precision_at_k,minus,0.495,,,,,,5,,,,,False,False,0,results/transfer_v2/embedding_transfer_summary_v2.csv
mESC,mHSC-L,lr,precision_at_k,scGPT_human,0.439,,,,,,10,,,,,False,False,0,results/transfer_v2/embedding_transfer_summary_v2.csv
mESC,mHSC-L,lr,precision_at_k,scconcept,0.492,0.52,,,,,6,1,,,,False,False,1,results/transfer_v2/embedding_transfer_summary_v2.csv
mESC,mHSC-L,lr,precision_at_k,scconcept_encoded,0.534,,,,,,3,,,,,False,False,0,results/transfer_v2/embedding_transfer_summary_v2.csv
mESC,mHSC-L,lr,precision_at_k,v4_bias_rec_best,0.537,,,,,,2,,,,,False,False,0,results/transfer_v2/embedding_transfer_summary_v2.csv
mESC,mHSC-L,lr,precision_at_k,v4_plain_best,0.525,,,,,,4,,,,,False,False,0,results/transfer_v2/embedding_transfer_summary_v2.csv
mESC,mHSC-L,lr,precision_at_k,v4_type_pe_best,0.483,,,,,,7,,,,,False,False,0,results/transfer_v2/embedding_transfer_summary_v2.csv
mHSC-E,hESC,lr,precision_at_k,baseline,0.69,0.454545,0.368932,0.368932,-0.32106799999999996,-0.085613,2,5,1,2,0,False,False,4,results/transfer_v2/embedding_transfer_summary_v2.csv
mHSC-E,hHep,lr,precision_at_k,cl_v6_fair,0.833,0.532258,0.529412,0.529412,-0.30358799999999997,-0.002846000000000015,3,6,3,3,0,False,False,3,results/transfer_v2/embedding_transfer_summary_v2.csv
mHSC-E,hHep,lr,precision_at_k,minus,0.816,0.686275,0.529412,0.529412,-0.28658799999999995,-0.15686299999999997,4,1,4,4,0,False,False,3,results/transfer_v2/embedding_transfer_summary_v2.csv
mHSC-E,hHep,mlp,precision_at_k,cl_scratch_v5,0.905,0.322917,0.529412,0.529412,-0.37558800000000003,0.20649499999999998,2,10,2,2,0,False,False,8,results/transfer_v2/embedding_transfer_summary_v2.csv
mHSC-E,mDC,lr,precision_at_k,scconcept_encoded,0.367,0.436893,0.434,0.43,0.063,-0.002892999999999979,10,7,10,10,0,False,False,3,results/transfer_v2/embedding_transfer_summary_v2.csv
mHSC-E,mDC,mlp,precision_at_k,scconcept_encoded,0.355,0.436893,0.42,0.411,0.055999999999999994,-0.01689299999999999,10,7,10,10,0,False,False,3,results/transfer_v2/embedding_transfer_summary_v2.csv
mHSC-E,mDC,mlp,precision_at_k,v4_bias_rec_best,0.646,0.372549,0.516,0.532,-0.11399999999999999,0.143451,1,9,2,1,0,False,False,7,results/transfer_v2/embedding_transfer_summary_v2.csv
mHSC-E,mESC,mlp,precision_at_k,baseline,0.553,0.744681,0.875,0.875,0.32199999999999995,0.13031899999999996,1,1,1,1,0,False,False,0,results/transfer_v2/embedding_transfer_summary_v2.csv
mHSC-E,mESC,mlp,precision_at_k,cl_scratch_v5,0.545,,,,,,3,,,,,False,False,0,results/transfer_v2/embedding_transfer_summary_v2.csv
mHSC-E,mESC,mlp,precision_at_k,cl_v6_fair,0.553,,,,,,2,,,,,False,False,0,results/transfer_v2/embedding_transfer_summary_v2.csv
mHSC-E,mESC,mlp,precision_at_k,scconcept_encoded,0.518,0.3,,,,,9,4,,,,False,False,4,results/transfer_v2/embedding_transfer_summary_v2.csv
mHSC-E,mESC,lr,precision_at_k,baseline,0.55,,,,,,1,,,,,False,False,0,results/transfer_v2/embedding_transfer_summary_v2.csv
mHSC-E,mESC,lr,precision_at_k,cl_scratch_v5,0.548,,,,,,2,,,,,False,False,0,results/transfer_v2/embedding_transfer_summary_v2.csv
mHSC-E,mESC,lr,precision_at_k,cl_v6_fair,0.545,,,,,,8,,,,,False,False,0,results/transfer_v2/embedding_transfer_summary_v2.csv
mHSC-E,mESC,lr,precision_at_k,minus,0.547,,,,,,4,,,,,False,False,0,results/transfer_v2/embedding_transfer_summary_v2.csv
mHSC-E,mESC,lr,precision_at_k,scGPT_human,0.548,,,,,,3,,,,,False,False,0,results/transfer_v2/embedding_transfer_summary_v2.csv
mHSC-E,mESC,lr,precision_at_k,scconcept,0.546,,,,,,6,,,,,False,False,0,results/transfer_v2/embedding_transfer_summary_v2.csv
mHSC-E,mESC,lr,precision_at_k,scconcept_encoded,0.541,0.3,,,,,10,1,,,,False,False,1,results/transfer_v2/embedding_transfer_summary_v2.csv
mHSC-E,mESC,lr,precision_at_k,v4_bias_rec_best,0.547,,,,,,5,,,,,False,False,0,results/transfer_v2/embedding_transfer_summary_v2.csv
mHSC-E,mESC,lr,precision_at_k,v4_plain_best,0.546,,,,,,7,,,,,False,False,0,results/transfer_v2/embedding_transfer_summary_v2.csv
mHSC-E,mESC,lr,precision_at_k,v4_type_pe_best,0.542,,,,,,9,,,,,False,False,0,results/transfer_v2/embedding_transfer_summary_v2.csv
mHSC-E,mHSC-GM,lr,precision_at_k,cl_scratch_v5,0.729,0.729,0.729,0.732,0.0030000000000000027,0.0,5,5,5,5,0,False,False,0,results/transfer_v2/embedding_transfer_summary_v2.csv
mHSC-E,mHSC-GM,lr,precision_at_k,scconcept_encoded,0.475,0.475,0.475,0.484,0.009000000000000008,0.0,10,10,10,10,0,False,False,0,results/transfer_v2/embedding_transfer_summary_v2.csv
mHSC-E,mHSC-GM,lr,precision_at_k,v4_bias_rec_best,0.671,0.671,0.671,0.679,0.008000000000000007,0.0,7,7,7,7,0,False,False,0,results/transfer_v2/embedding_transfer_summary_v2.csv
mHSC-E,mHSC-GM,lr,precision_at_k,v4_plain_best,0.791,0.791,0.791,0.793,0.0020000000000000018,0.0,1,1,1,1,0,False,False,0,results/transfer_v2/embedding_transfer_summary_v2.csv
mHSC-E,mHSC-GM,mlp,precision_at_k,baseline,0.822,0.822,0.822,0.812,-0.009999999999999898,0.0,2,2,2,2,0,False,False,0,results/transfer_v2/embedding_transfer_summary_v2.csv
mHSC-E,mHSC-GM,mlp,precision_at_k,cl_scratch_v5,0.786,0.786,0.786,0.78,-0.006000000000000005,0.0,3,3,3,3,0,False,False,0,results/transfer_v2/embedding_transfer_summary_v2.csv
mHSC-E,mHSC-GM,mlp,precision_at_k,cl_v6_fair,0.773,0.773,0.773,0.767,-0.006000000000000005,0.0,4,4,4,4,0,False,False,0,results/transfer_v2/embedding_transfer_summary_v2.csv
mHSC-E,mHSC-GM,mlp,precision_at_k,scconcept,0.637,0.637,0.637,0.643,0.006000000000000005,0.0,9,9,9,9,0,False,False,0,results/transfer_v2/embedding_transfer_summary_v2.csv
mHSC-E,mHSC-GM,mlp,precision_at_k,scconcept_encoded,0.5619999999999999,0.5619999999999999,0.5619999999999999,0.567,0.0050000000000000044,0.0,10,10,10,10,0,False,False,0,results/transfer_v2/embedding_transfer_summary_v2.csv
mHSC-E,mHSC-GM,mlp,precision_at_k,v4_plain_best,0.844,0.844,0.844,0.842,-0.0020000000000000018,0.0,1,1,1,1,0,False,False,0,results/transfer_v2/embedding_transfer_summary_v2.csv
mHSC-E,mHSC-GM,mlp,precision_at_k,v4_type_pe_best,0.736,0.736,0.736,0.726,-0.010000000000000009,0.0,7,7,7,7,0,False,False,0,results/transfer_v2/embedding_transfer_summary_v2.csv
mHSC-E,mHSC-L,lr,precision_at_k,baseline,0.704,0.704,0.704,0.701,-0.0030000000000000027,0.0,2,2,2,2,0,False,False,0,results/transfer_v2/embedding_transfer_summary_v2.csv
mHSC-E,mHSC-L,lr,precision_at_k,cl_scratch_v5,0.573,0.573,0.573,0.584,0.01100000000000001,0.0,6,6,6,6,0,False,False,0,results/transfer_v2/embedding_transfer_summary_v2.csv
mHSC-E,mHSC-L,lr,precision_at_k,cl_v6_fair,0.616,0.616,0.616,0.619,0.0030000000000000027,0.0,5,5,5,5,0,False,False,0,results/transfer_v2/embedding_transfer_summary_v2.csv
mHSC-E,mHSC-L,lr,precision_at_k,minus,0.716,0.716,0.716,0.712,-0.0040000000000000036,0.0,1,1,1,1,0,False,False,0,results/transfer_v2/embedding_transfer_summary_v2.csv
mHSC-E,mHSC-L,lr,precision_at_k,scGPT_human,0.669,0.669,0.669,0.663,-0.006000000000000005,0.0,3,3,3,3,0,False,False,0,results/transfer_v2/embedding_transfer_summary_v2.csv
mHSC-E,mHSC-L,lr,precision_at_k,scconcept,0.533,0.533,0.533,0.529,-0.0040000000000000036,0.0,9,9,9,9,0,False,False,0,results/transfer_v2/embedding_transfer_summary_v2.csv
mHSC-E,mHSC-L,lr,precision_at_k,scconcept_encoded,0.501,0.501,0.501,0.504,0.0030000000000000027,0.0,10,10,10,10,0,False,False,0,results/transfer_v2/embedding_transfer_summary_v2.csv
mHSC-E,mHSC-L,lr,precision_at_k,v4_bias_rec_best,0.553,0.553,0.553,0.549,-0.0040000000000000036,0.0,8,8,8,8,0,False,False,0,results/transfer_v2/embedding_transfer_summary_v2.csv
mHSC-E,mHSC-L,lr,precision_at_k,v4_plain_best,0.652,0.652,0.652,0.651,-0.0010000000000000009,0.0,4,4,4,4,0,False,False,0,results/transfer_v2/embedding_transfer_summary_v2.csv
mHSC-E,mHSC-L,lr,precision_at_k,v4_type_pe_best,0.554,0.554,0.554,0.567,0.0129999999999999,0.0,7,7,7,7,0,False,False,0,results/transfer_v2/embedding_transfer_summary_v2.csv
mHSC-E,mHSC-L,mlp,precision_at_k,scGPT_human,0.67,0.67,0.67,0.667,-0.0030000000000000027,0.0,4,4,4,4,0,False,False,0,results/transfer_v2/embedding_transfer_summary_v2.csv
mHSC-E,mHSC-L,mlp,precision_at_k,scconcept,0.552,0.552,0.552,0.545,-0.007000000000000006,0.0,9,9,9,9,0,False,False,0,results/transfer_v2/embedding_transfer_summary_v2.csv
mHSC-E,mHSC-L,mlp,precision_at_k,scconcept_encoded,0.46,0.46,0.46,0.462,0.0020000000000000018,0.0,10,10,10,10,0,False,False,0,results/transfer_v2/embedding_transfer_summary_v2.csv
mHSC-E,mHSC-L,mlp,precision_at_k,v4_plain_best,0.684,0.684,0.684,0.677,-0.007000000000000006,0.0,3,3,3,3,0,False,False,0,results/transfer_v2/embedding_transfer_summary_v2.csv
mHSC-GM,mDC,lr,precision_at_k,v4_bias_rec_best,0.691,0.602941,0.487,0.497,-0.19399999999999995,-0.11594099999999996,3,3,2,3,0,False,False,1,results/transfer_v2/embedding_transfer_summary_v2.csv
mHSC-GM,mDC,mlp,precision_at_k,v4_bias_rec_best,0.704,0.602941,0.493,0.504,-0.19999999999999996,-0.10994099999999996,2,3,3,2,0,False,False,0,results/transfer_v2/embedding_transfer_summary_v2.csv
mHSC-GM,mESC,mlp,precision_at_k,cl_scratch_v5,0.559,,,,,,1,,,,,False,False,0,results/transfer_v2/embedding_transfer_summary_v2.csv
mHSC-GM,mESC,mlp,precision_at_k,cl_v6_fair,0.559,0.575,,,,,2,2,,,,False,False,2,results/transfer_v2/embedding_transfer_summary_v2.csv
mHSC-GM,mESC,mlp,precision_at_k,scconcept,0.535,0.352941,0.875,0.875,0.33999999999999997,0.522059,4,6,3,4,0,False,False,3,results/transfer_v2/embedding_transfer_summary_v2.csv
mHSC-GM,mESC,lr,precision_at_k,baseline,0.542,,,,,,9,,,,,False,False,0,results/transfer_v2/embedding_transfer_summary_v2.csv
mHSC-GM,mESC,lr,precision_at_k,cl_scratch_v5,0.56,,,,,,1,,,,,False,False,0,results/transfer_v2/embedding_transfer_summary_v2.csv
mHSC-GM,mESC,lr,precision_at_k,cl_v6_fair,0.558,0.575,,,,,2,1,,,,False,False,1,results/transfer_v2/embedding_transfer_summary_v2.csv
mHSC-GM,mESC,lr,precision_at_k,minus,0.557,,,,,,3,,,,,False,False,0,results/transfer_v2/embedding_transfer_summary_v2.csv
mHSC-GM,mESC,lr,precision_at_k,scGPT_human,0.54,,,,,,10,,,,,False,False,0,results/transfer_v2/embedding_transfer_summary_v2.csv
mHSC-GM,mESC,lr,precision_at_k,scconcept,0.554,,,,,,5,,,,,False,False,0,results/transfer_v2/embedding_transfer_summary_v2.csv
mHSC-GM,mESC,lr,precision_at_k,scconcept_encoded,0.548,,,,,,8,,,,,False,False,0,results/transfer_v2/embedding_transfer_summary_v2.csv
mHSC-GM,mESC,lr,precision_at_k,v4_bias_rec_best,0.554,,,,,,6,,,,,False,False,0,results/transfer_v2/embedding_transfer_summary_v2.csv
mHSC-GM,mESC,lr,precision_at_k,v4_plain_best,0.551,,,,,,7,,,,,False,False,0,results/transfer_v2/embedding_transfer_summary_v2.csv
mHSC-GM,mESC,lr,precision_at_k,v4_type_pe_best,0.557,,,,,,4,,,,,False,False,0,results/transfer_v2/embedding_transfer_summary_v2.csv
mHSC-GM,mHSC-E,lr,precision_at_k,minus,0.844,0.844,0.844,0.824,-0.020000000000000018,0.0,1,1,1,1,0,False,False,0,results/transfer_v2/embedding_transfer_summary_v2.csv
mHSC-GM,mHSC-E,lr,precision_at_k,scGPT_human,0.836,0.836,0.836,0.809,-0.026999999999999913,0.0,2,2,2,2,0,False,False,0,results/transfer_v2/embedding_transfer_summary_v2.csv
mHSC-GM,mHSC-E,lr,precision_at_k,scconcept,0.526,0.526,0.526,0.524,-0.0020000000000000018,0.0,10,10,10,10,0,False,False,0,results/transfer_v2/embedding_transfer_summary_v2.csv
mHSC-GM,mHSC-E,lr,precision_at_k,scconcept_encoded,0.6930000000000001,0.6930000000000001,0.6930000000000001,0.703,0.009999999999999898,0.0,9,9,9,9,0,False,False,0,results/transfer_v2/embedding_transfer_summary_v2.csv
mHSC-GM,mHSC-E,lr,precision_at_k,v4_bias_rec_best,0.746,0.746,0.746,0.744,-0.0020000000000000018,0.0,7,7,7,7,0,False,False,0,results/transfer_v2/embedding_transfer_summary_v2.csv
mHSC-GM,mHSC-E,mlp,precision_at_k,scGPT_human,0.791,0.791,0.791,0.774,-0.017000000000000015,0.0,3,3,3,3,0,False,False,0,results/transfer_v2/embedding_transfer_summary_v2.csv
mHSC-GM,mHSC-E,mlp,precision_at_k,scconcept,0.506,0.506,0.506,0.523,0.017000000000000015,0.0,10,10,10,10,0,False,False,0,results/transfer_v2/embedding_transfer_summary_v2.csv
mHSC-GM,mHSC-E,mlp,precision_at_k,scconcept_encoded,0.597,0.597,0.597,0.598,0.0010000000000000009,0.0,9,9,9,9,0,False,False,0,results/transfer_v2/embedding_transfer_summary_v2.csv
mHSC-GM,mHSC-E,mlp,precision_at_k,v4_plain_best,0.739,0.739,0.739,0.747,0.008000000000000007,0.0,6,6,6,6,0,False,False,0,results/transfer_v2/embedding_transfer_summary_v2.csv
mHSC-GM,mHSC-L,lr,precision_at_k,baseline,0.852,0.852,0.852,0.852,0.0,0.0,7,7,7,7,0,False,False,0,results/transfer_v2/embedding_transfer_summary_v2.csv
mHSC-GM,mHSC-L,lr,precision_at_k,cl_scratch_v5,0.849,0.849,0.849,0.849,0.0,0.0,8,8,8,8,0,False,False,0,results/transfer_v2/embedding_transfer_summary_v2.csv
mHSC-GM,mHSC-L,lr,precision_at_k,cl_v6_fair,0.866,0.866,0.866,0.866,0.0,0.0,5,5,5,5,0,False,False,0,results/transfer_v2/embedding_transfer_summary_v2.csv
mHSC-GM,mHSC-L,lr,precision_at_k,minus,0.883,0.883,0.883,0.883,0.0,0.0,2,2,2,2,0,False,False,0,results/transfer_v2/embedding_transfer_summary_v2.csv
mHSC-GM,mHSC-L,lr,precision_at_k,scGPT_human,0.886,0.886,0.886,0.886,0.0,0.0,1,1,1,1,0,False,False,0,results/transfer_v2/embedding_transfer_summary_v2.csv
mHSC-GM,mHSC-L,lr,precision_at_k,scconcept,0.876,0.876,0.876,0.876,0.0,0.0,3,3,3,3,0,False,False,0,results/transfer_v2/embedding_transfer_summary_v2.csv
mHSC-GM,mHSC-L,lr,precision_at_k,scconcept_encoded,0.75,0.75,0.75,0.75,0.0,0.0,10,10,10,10,0,False,False,0,results/transfer_v2/embedding_transfer_summary_v2.csv
mHSC-GM,mHSC-L,lr,precision_at_k,v4_bias_rec_best,0.846,0.846,0.846,0.846,0.0,0.0,9,9,9,9,0,False,False,0,results/transfer_v2/embedding_transfer_summary_v2.csv
mHSC-GM,mHSC-L,lr,precision_at_k,v4_plain_best,0.876,0.876,0.876,0.876,0.0,0.0,4,4,4,4,0,False,False,0,results/transfer_v2/embedding_transfer_summary_v2.csv
mHSC-GM,mHSC-L,lr,precision_at_k,v4_type_pe_best,0.863,0.863,0.863,0.863,0.0,0.0,6,6,6,6,0,False,False,0,results/transfer_v2/embedding_transfer_summary_v2.csv
mHSC-GM,mHSC-L,mlp,precision_at_k,baseline,0.91,0.91,0.91,0.91,0.0,0.0,7,7,7,7,0,False,False,0,results/transfer_v2/embedding_transfer_summary_v2.csv
mHSC-GM,mHSC-L,mlp,precision_at_k,cl_scratch_v5,0.906,0.906,0.906,0.906,0.0,0.0,8,8,8,8,0,False,False,0,results/transfer_v2/embedding_transfer_summary_v2.csv
mHSC-GM,mHSC-L,mlp,precision_at_k,cl_v6_fair,0.914,0.914,0.914,0.914,0.0,0.0,5,5,5,5,0,False,False,0,results/transfer_v2/embedding_transfer_summary_v2.csv
mHSC-GM,mHSC-L,mlp,precision_at_k,minus,0.913,0.913,0.913,0.913,0.0,0.0,6,6,6,6,0,False,False,0,results/transfer_v2/embedding_transfer_summary_v2.csv
mHSC-GM,mHSC-L,mlp,precision_at_k,scGPT_human,0.918,0.918,0.918,0.918,0.0,0.0,3,3,3,3,0,False,False,0,results/transfer_v2/embedding_transfer_summary_v2.csv
mHSC-GM,mHSC-L,mlp,precision_at_k,scconcept,0.901,0.901,0.901,0.901,0.0,0.0,9,9,9,9,0,False,False,0,results/transfer_v2/embedding_transfer_summary_v2.csv
mHSC-GM,mHSC-L,mlp,precision_at_k,scconcept_encoded,0.872,0.872,0.872,0.872,0.0,0.0,10,10,10,10,0,False,False,0,results/transfer_v2/embedding_transfer_summary_v2.csv
mHSC-GM,mHSC-L,mlp,precision_at_k,v4_bias_rec_best,0.916,0.916,0.916,0.916,0.0,0.0,4,4,4,4,0,False,False,0,results/transfer_v2/embedding_transfer_summary_v2.csv
mHSC-GM,mHSC-L,mlp,precision_at_k,v4_plain_best,0.929,0.929,0.929,0.929,0.0,0.0,1,1,1,1,0,False,False,0,results/transfer_v2/embedding_transfer_summary_v2.csv
mHSC-GM,mHSC-L,mlp,precision_at_k,v4_type_pe_best,0.925,0.925,0.925,0.925,0.0,0.0,2,2,2,2,0,False,False,0,results/transfer_v2/embedding_transfer_summary_v2.csv
mHSC-L,hESC,lr,precision_at_k,baseline,0.671,0.493333,0.368932,0.368932,-0.30206800000000006,-0.12440100000000004,2,5,1,2,0,False,False,4,results/transfer_v2/embedding_transfer_summary_v2.csv
mHSC-L,hESC,lr,precision_at_k,cl_scratch_v5,0.655,0.490196,0.368932,0.368932,-0.28606800000000004,-0.12126400000000004,3,7,2,3,0,False,False,5,results/transfer_v2/embedding_transfer_summary_v2.csv
mHSC-L,hESC,mlp,precision_at_k,cl_scratch_v5,0.774,0.490196,0.368932,0.368932,-0.40506800000000004,-0.12126400000000004,3,7,2,3,0,False,False,5,results/transfer_v2/embedding_transfer_summary_v2.csv
mHSC-L,hESC,mlp,precision_at_k,cl_v6_fair,0.771,0.444444,0.368932,0.368932,-0.40206800000000004,-0.07551200000000002,4,8,3,4,0,False,False,5,results/transfer_v2/embedding_transfer_summary_v2.csv
mHSC-L,hHep,lr,precision_at_k,scconcept_encoded,0.515,0.363636,0.529412,0.529412,0.01441199999999998,0.16577599999999998,7,9,7,7,0,False,False,2,results/transfer_v2/embedding_transfer_summary_v2.csv
mHSC-L,mDC,lr,precision_at_k,minus,0.579,0.520548,0.451,0.46699999999999997,-0.11199999999999999,-0.069548,6,5,10,6,0,False,True,5,results/transfer_v2/embedding_transfer_summary_v2.csv
mHSC-L,mDC,lr,precision_at_k,scconcept_encoded,0.578,0.421053,0.463,0.459,-0.11899999999999994,0.04194700000000001,7,9,7,7,0,False,False,2,results/transfer_v2/embedding_transfer_summary_v2.csv
mHSC-L,mDC,mlp,precision_at_k,v4_type_pe_best,0.594,0.5,0.514,0.475,-0.119,0.014000000000000012,5,7,2,5,0,False,False,5,results/transfer_v2/embedding_transfer_summary_v2.csv
mHSC-L,mESC,mlp,precision_at_k,baseline,0.535,0.55102,,,,,7,1,,,,False,False,1,results/transfer_v2/embedding_transfer_summary_v2.csv
mHSC-L,mESC,mlp,precision_at_k,cl_scratch_v5,0.555,,,,,,3,,,,,False,False,0,results/transfer_v2/embedding_transfer_summary_v2.csv
mHSC-L,mESC,mlp,precision_at_k,cl_v6_fair,0.556,0.542857,,,,,2,2,,,,False,False,2,results/transfer_v2/embedding_transfer_summary_v2.csv
mHSC-L,mESC,mlp,precision_at_k,minus,0.5650000000000001,0.410256,0.875,0.875,0.30999999999999994,0.464744,1,6,1,1,0,False,False,5,results/transfer_v2/embedding_transfer_summary_v2.csv
mHSC-L,mESC,lr,precision_at_k,baseline,0.549,,,,,,4,,,,,False,False,0,results/transfer_v2/embedding_transfer_summary_v2.csv
mHSC-L,mESC,lr,precision_at_k,cl_scratch_v5,0.557,,,,,,2,,,,,False,False,0,results/transfer_v2/embedding_transfer_summary_v2.csv
mHSC-L,mESC,lr,precision_at_k,cl_v6_fair,0.56,0.542857,,,,,1,1,,,,False,False,1,results/transfer_v2/embedding_transfer_summary_v2.csv
mHSC-L,mESC,lr,precision_at_k,minus,0.546,,,,,,6,,,,,False,False,0,results/transfer_v2/embedding_transfer_summary_v2.csv
mHSC-L,mESC,lr,precision_at_k,scGPT_human,0.545,,,,,,8,,,,,False,False,0,results/transfer_v2/embedding_transfer_summary_v2.csv
mHSC-L,mESC,lr,precision_at_k,scconcept,0.551,,,,,,3,,,,,False,False,0,results/transfer_v2/embedding_transfer_summary_v2.csv
mHSC-L,mESC,lr,precision_at_k,scconcept_encoded,0.546,0.461538,,,,,7,2,,,,False,False,2,results/transfer_v2/embedding_transfer_summary_v2.csv
mHSC-L,mESC,lr,precision_at_k,v4_bias_rec_best,0.537,,,,,,9,,,,,False,False,0,results/transfer_v2/embedding_transfer_summary_v2.csv
mHSC-L,mESC,lr,precision_at_k,v4_plain_best,0.537,,,,,,10,,,,,False,False,0,results/transfer_v2/embedding_transfer_summary_v2.csv
mHSC-L,mESC,lr,precision_at_k,v4_type_pe_best,0.548,,,,,,5,,,,,False,False,0,results/transfer_v2/embedding_transfer_summary_v2.csv
mHSC-L,mHSC-E,lr,precision_at_k,baseline,0.727,0.727,0.727,0.742,0.015000000000000013,0.0,1,1,1,1,0,False,False,0,results/transfer_v2/embedding_transfer_summary_v2.csv
mHSC-L,mHSC-E,lr,precision_at_k,cl_scratch_v5,0.711,0.711,0.711,0.71,-0.0010000000000000009,0.0,2,2,2,2,0,False,False,0,results/transfer_v2/embedding_transfer_summary_v2.csv
mHSC-L,mHSC-E,lr,precision_at_k,scGPT_human,0.673,0.673,0.673,0.69,0.016999999999999904,0.0,3,3,3,3,0,False,False,0,results/transfer_v2/embedding_transfer_summary_v2.csv
mHSC-L,mHSC-E,lr,precision_at_k,scconcept,0.452,0.452,0.452,0.413,-0.039000000000000035,0.0,10,10,10,10,0,False,False,0,results/transfer_v2/embedding_transfer_summary_v2.csv
mHSC-L,mHSC-E,lr,precision_at_k,scconcept_encoded,0.607,0.607,0.607,0.622,0.015000000000000013,0.0,6,6,6,6,0,False,False,0,results/transfer_v2/embedding_transfer_summary_v2.csv
mHSC-L,mHSC-E,lr,precision_at_k,v4_bias_rec_best,0.523,0.523,0.523,0.513,-0.010000000000000009,0.0,8,8,8,8,0,False,False,0,results/transfer_v2/embedding_transfer_summary_v2.csv
mHSC-L,mHSC-E,lr,precision_at_k,v4_type_pe_best,0.502,0.502,0.502,0.483,-0.019000000000000017,0.0,9,9,9,9,0,False,False,0,results/transfer_v2/embedding_transfer_summary_v2.csv
mHSC-L,mHSC-E,mlp,precision_at_k,baseline,0.551,0.551,0.551,0.543,-0.008000000000000007,0.0,6,6,6,6,0,False,False,0,results/transfer_v2/embedding_transfer_summary_v2.csv
mHSC-L,mHSC-E,mlp,precision_at_k,scconcept,0.323,0.323,0.323,0.339,0.016000000000000014,0.0,10,10,10,10,0,False,False,0,results/transfer_v2/embedding_transfer_summary_v2.csv
mHSC-L,mHSC-E,mlp,precision_at_k,scconcept_encoded,0.437,0.437,0.437,0.435,-0.0020000000000000018,0.0,9,9,9,9,0,False,False,0,results/transfer_v2/embedding_transfer_summary_v2.csv
mHSC-L,mHSC-E,mlp,precision_at_k,v4_plain_best,0.533,0.533,0.533,0.512,-0.02100000000000002,0.0,8,8,8,8,0,False,False,0,results/transfer_v2/embedding_transfer_summary_v2.csv
mHSC-L,mHSC-GM,lr,precision_at_k,baseline,0.863,0.863,0.863,0.863,0.0,0.0,5,5,5,5,0,False,False,0,results/transfer_v2/embedding_transfer_summary_v2.csv
mHSC-L,mHSC-GM,lr,precision_at_k,cl_scratch_v5,0.867,0.867,0.867,0.867,0.0,0.0,4,4,4,4,0,False,False,0,results/transfer_v2/embedding_transfer_summary_v2.csv
mHSC-L,mHSC-GM,lr,precision_at_k,cl_v6_fair,0.883,0.883,0.883,0.883,0.0,0.0,2,2,2,2,0,False,False,0,results/transfer_v2/embedding_transfer_summary_v2.csv
mHSC-L,mHSC-GM,lr,precision_at_k,minus,0.863,0.863,0.863,0.863,0.0,0.0,6,6,6,6,0,False,False,0,results/transfer_v2/embedding_transfer_summary_v2.csv
mHSC-L,mHSC-GM,lr,precision_at_k,scGPT_human,0.816,0.816,0.816,0.816,0.0,0.0,8,8,8,8,0,False,False,0,results/transfer_v2/embedding_transfer_summary_v2.csv
mHSC-L,mHSC-GM,lr,precision_at_k,scconcept,0.732,0.732,0.732,0.732,0.0,0.0,10,10,10,10,0,False,False,0,results/transfer_v2/embedding_transfer_summary_v2.csv
mHSC-L,mHSC-GM,lr,precision_at_k,scconcept_encoded,0.757,0.757,0.757,0.757,0.0,0.0,9,9,9,9,0,False,False,0,results/transfer_v2/embedding_transfer_summary_v2.csv
mHSC-L,mHSC-GM,lr,precision_at_k,v4_bias_rec_best,0.84,0.84,0.84,0.84,0.0,0.0,7,7,7,7,0,False,False,0,results/transfer_v2/embedding_transfer_summary_v2.csv
mHSC-L,mHSC-GM,lr,precision_at_k,v4_plain_best,0.914,0.914,0.914,0.914,0.0,0.0,1,1,1,1,0,False,False,0,results/transfer_v2/embedding_transfer_summary_v2.csv
mHSC-L,mHSC-GM,lr,precision_at_k,v4_type_pe_best,0.868,0.868,0.868,0.868,0.0,0.0,3,3,3,3,0,False,False,0,results/transfer_v2/embedding_transfer_summary_v2.csv
mHSC-L,mHSC-GM,mlp,precision_at_k,baseline,0.934,0.934,0.934,0.934,0.0,0.0,1,1,1,1,0,False,False,0,results/transfer_v2/embedding_transfer_summary_v2.csv
mHSC-L,mHSC-GM,mlp,precision_at_k,cl_scratch_v5,0.912,0.912,0.912,0.912,0.0,0.0,6,6,6,6,0,False,False,0,results/transfer_v2/embedding_transfer_summary_v2.csv
mHSC-L,mHSC-GM,mlp,precision_at_k,cl_v6_fair,0.928,0.928,0.928,0.928,0.0,0.0,4,4,4,4,0,False,False,0,results/transfer_v2/embedding_transfer_summary_v2.csv
mHSC-L,mHSC-GM,mlp,precision_at_k,minus,0.904,0.904,0.904,0.904,0.0,0.0,8,8,8,8,0,False,False,0,results/transfer_v2/embedding_transfer_summary_v2.csv
mHSC-L,mHSC-GM,mlp,precision_at_k,scGPT_human,0.906,0.906,0.906,0.906,0.0,0.0,7,7,7,7,0,False,False,0,results/transfer_v2/embedding_transfer_summary_v2.csv
mHSC-L,mHSC-GM,mlp,precision_at_k,scconcept,0.848,0.848,0.848,0.848,0.0,0.0,10,10,10,10,0,False,False,0,results/transfer_v2/embedding_transfer_summary_v2.csv
mHSC-L,mHSC-GM,mlp,precision_at_k,scconcept_encoded,0.855,0.855,0.855,0.855,0.0,0.0,9,9,9,9,0,False,False,0,results/transfer_v2/embedding_transfer_summary_v2.csv
mHSC-L,mHSC-GM,mlp,precision_at_k,v4_bias_rec_best,0.916,0.916,0.916,0.916,0.0,0.0,5,5,5,5,0,False,False,0,results/transfer_v2/embedding_transfer_summary_v2.csv
mHSC-L,mHSC-GM,mlp,precision_at_k,v4_plain_best,0.93,0.93,0.93,0.93,0.0,0.0,2,2,2,2,0,False,False,0,results/transfer_v2/embedding_transfer_summary_v2.csv
mHSC-L,mHSC-GM,mlp,precision_at_k,v4_type_pe_best,0.929,0.929,0.929,0.929,0.0,0.0,3,3,3,3,0,False,False,0,results/transfer_v2/embedding_transfer_summary_v2.csv
