dataset,adata_path,embedding,embedding_path,gene_list_path,pooling,correction_method,seed,batch_key,label_key,n_cells,n_genes_original,n_genes_overlap,n_hvg,n_batches,n_labels,NMI_label,ARI_label,ASW_label,AvgBIO,ASW_batch,GraphConn,AvgBATCH,Overall,batch_predictability_accuracy,label_predictability_accuracy,status,error_message
PBMC_10K,data/batch-correction/PBMC_10K_scvi_like.h5ad,minus,/root/autodl-tmp/projects/comparison-SC-embedding/scbenchmark/save_pretrain/minus/best_model.pt,/root/autodl-tmp/projects/comparison-SC-embedding/scbenchmark/vocab.json,weighted,none,0,batch,celltype,11990,3346,3256,2000,2,9,0.6007624208358032,0.43989010906889386,0.25008368492126465,0.43024540494198726,0.9988737981766462,0.921353331643561,0.9601135649101036,0.6421926689292339,0.6697247706422018,0.7414512093411176,OK,
PBMC_10K,data/batch-correction/PBMC_10K_scvi_like.h5ad,minus,/root/autodl-tmp/projects/comparison-SC-embedding/scbenchmark/save_pretrain/minus/best_model.pt,/root/autodl-tmp/projects/comparison-SC-embedding/scbenchmark/vocab.json,weighted,none,1,batch,celltype,11990,3346,3256,2000,2,9,0.6009740926341811,0.4404033821741722,0.25008368492126465,0.43048705324320596,0.9988737981766462,0.921353331643561,0.9601135649101036,0.642337657909965,0.6697247706422018,0.7347789824854045,OK,
PBMC_10K,data/batch-correction/PBMC_10K_scvi_like.h5ad,minus,/root/autodl-tmp/projects/comparison-SC-embedding/scbenchmark/save_pretrain/minus/best_model.pt,/root/autodl-tmp/projects/comparison-SC-embedding/scbenchmark/vocab.json,weighted,none,2,batch,celltype,11990,3346,3256,2000,2,9,0.600954023030818,0.44037751970132966,0.25008368492126465,0.43047174255113746,0.9988737981766462,0.921353331643561,0.9601135649101036,0.6423284714947239,0.6697247706422018,0.7422852376980817,OK,
PBMC_10K,data/batch-correction/PBMC_10K_scvi_like.h5ad,minus,/root/autodl-tmp/projects/comparison-SC-embedding/scbenchmark/save_pretrain/minus/best_model.pt,/root/autodl-tmp/projects/comparison-SC-embedding/scbenchmark/vocab.json,weighted,none,3,batch,celltype,11990,3346,3256,2000,2,9,0.6009538055845449,0.44035476389103395,0.25008368492126465,0.4304640847989478,0.9988737981766462,0.921353331643561,0.9601135649101036,0.6423238768434101,0.6697247706422018,0.7431192660550459,OK,
PBMC_10K,data/batch-correction/PBMC_10K_scvi_like.h5ad,minus,/root/autodl-tmp/projects/comparison-SC-embedding/scbenchmark/save_pretrain/minus/best_model.pt,/root/autodl-tmp/projects/comparison-SC-embedding/scbenchmark/vocab.json,weighted,none,4,batch,celltype,11990,3346,3256,2000,2,9,0.6007331299482415,0.4402047646447719,0.25008368492126465,0.43034052650475935,0.9988737981766462,0.921353331643561,0.9601135649101036,0.6422497418668971,0.6697247706422018,0.7420072282457604,OK,
PBMC_10K,data/batch-correction/PBMC_10K_scvi_like.h5ad,minus,/root/autodl-tmp/projects/comparison-SC-embedding/scbenchmark/save_pretrain/minus/best_model.pt,/root/autodl-tmp/projects/comparison-SC-embedding/scbenchmark/vocab.json,weighted,linear_residual,0,batch,celltype,11990,3346,3256,2000,2,9,0.6033874961675376,0.4413574756552689,0.2507991375621444,0.4318480364616503,0.998963052569712,0.9242219815030523,0.9615925170363822,0.6437458286915431,0.6697247706422018,0.7428412566027245,OK,
PBMC_10K,data/batch-correction/PBMC_10K_scvi_like.h5ad,minus,/root/autodl-tmp/projects/comparison-SC-embedding/scbenchmark/save_pretrain/minus/best_model.pt,/root/autodl-tmp/projects/comparison-SC-embedding/scbenchmark/vocab.json,weighted,linear_residual,1,batch,celltype,11990,3346,3256,2000,2,9,0.6031128258601034,0.4419234440156115,0.2507991375621444,0.4319451358126198,0.998963052569712,0.9242219815030523,0.9615925170363822,0.6438040883021248,0.6697247706422018,0.7356130108423686,OK,
PBMC_10K,data/batch-correction/PBMC_10K_scvi_like.h5ad,minus,/root/autodl-tmp/projects/comparison-SC-embedding/scbenchmark/save_pretrain/minus/best_model.pt,/root/autodl-tmp/projects/comparison-SC-embedding/scbenchmark/vocab.json,weighted,linear_residual,2,batch,celltype,11990,3346,3256,2000,2,9,0.6025161424243832,0.4403692697066656,0.2507991375621444,0.43122818323106443,0.998963052569712,0.9242219815030523,0.9615925170363822,0.6433739167531916,0.6697247706422018,0.741729218793439,OK,
PBMC_10K,data/batch-correction/PBMC_10K_scvi_like.h5ad,minus,/root/autodl-tmp/projects/comparison-SC-embedding/scbenchmark/save_pretrain/minus/best_model.pt,/root/autodl-tmp/projects/comparison-SC-embedding/scbenchmark/vocab.json,weighted,linear_residual,3,batch,celltype,11990,3346,3256,2000,2,9,0.601196135429253,0.4396519709700131,0.2507991375621444,0.43054908132047015,0.998963052569712,0.9242219815030523,0.9615925170363822,0.642966455606835,0.6697247706422018,0.7420072282457604,OK,
PBMC_10K,data/batch-correction/PBMC_10K_scvi_like.h5ad,minus,/root/autodl-tmp/projects/comparison-SC-embedding/scbenchmark/save_pretrain/minus/best_model.pt,/root/autodl-tmp/projects/comparison-SC-embedding/scbenchmark/vocab.json,weighted,linear_residual,4,batch,celltype,11990,3346,3256,2000,2,9,0.603590854372971,0.4419324570736323,0.2507991375621444,0.4321074830029159,0.998963052569712,0.9242219815030523,0.9615925170363822,0.6439014966163024,0.6697247706422018,0.7433972755073672,OK,
PBMC_10K,data/batch-correction/PBMC_10K_scvi_like.h5ad,minus,/root/autodl-tmp/projects/comparison-SC-embedding/scbenchmark/save_pretrain/minus/best_model.pt,/root/autodl-tmp/projects/comparison-SC-embedding/scbenchmark/vocab.json,weighted,harmony_optional,0,batch,celltype,11990,3346,3256,2000,2,9,,,,,,,,,,,SKIPPED,harmonypy unavailable
PBMC_10K,data/batch-correction/PBMC_10K_scvi_like.h5ad,minus,/root/autodl-tmp/projects/comparison-SC-embedding/scbenchmark/save_pretrain/minus/best_model.pt,/root/autodl-tmp/projects/comparison-SC-embedding/scbenchmark/vocab.json,weighted,harmony_optional,1,batch,celltype,11990,3346,3256,2000,2,9,,,,,,,,,,,SKIPPED,harmonypy unavailable
PBMC_10K,data/batch-correction/PBMC_10K_scvi_like.h5ad,minus,/root/autodl-tmp/projects/comparison-SC-embedding/scbenchmark/save_pretrain/minus/best_model.pt,/root/autodl-tmp/projects/comparison-SC-embedding/scbenchmark/vocab.json,weighted,harmony_optional,2,batch,celltype,11990,3346,3256,2000,2,9,,,,,,,,,,,SKIPPED,harmonypy unavailable
PBMC_10K,data/batch-correction/PBMC_10K_scvi_like.h5ad,minus,/root/autodl-tmp/projects/comparison-SC-embedding/scbenchmark/save_pretrain/minus/best_model.pt,/root/autodl-tmp/projects/comparison-SC-embedding/scbenchmark/vocab.json,weighted,harmony_optional,3,batch,celltype,11990,3346,3256,2000,2,9,,,,,,,,,,,SKIPPED,harmonypy unavailable
PBMC_10K,data/batch-correction/PBMC_10K_scvi_like.h5ad,minus,/root/autodl-tmp/projects/comparison-SC-embedding/scbenchmark/save_pretrain/minus/best_model.pt,/root/autodl-tmp/projects/comparison-SC-embedding/scbenchmark/vocab.json,weighted,harmony_optional,4,batch,celltype,11990,3346,3256,2000,2,9,,,,,,,,,,,SKIPPED,harmonypy unavailable
PBMC_10K,data/batch-correction/PBMC_10K_scvi_like.h5ad,baseline,/root/autodl-tmp/projects/comparison-SC-embedding/scbenchmark/save_pretrain/baseline/best_model.pt,/root/autodl-tmp/projects/comparison-SC-embedding/scbenchmark/vocab.json,weighted,none,0,batch,celltype,11990,3346,3256,2000,2,9,0.5838716204530056,0.4248225430604987,0.23402512073516846,0.41423976141622426,0.9984735203906894,0.9212167673747279,0.9598451438827087,0.6324819144028181,0.6697247706422018,0.7625799277175423,OK,
PBMC_10K,data/batch-correction/PBMC_10K_scvi_like.h5ad,baseline,/root/autodl-tmp/projects/comparison-SC-embedding/scbenchmark/save_pretrain/baseline/best_model.pt,/root/autodl-tmp/projects/comparison-SC-embedding/scbenchmark/vocab.json,weighted,none,1,batch,celltype,11990,3346,3256,2000,2,9,0.5858625417124796,0.42747638407341765,0.23402512073516846,0.41578801550702194,0.9984735203906894,0.9212167673747279,0.9598451438827087,0.6334108668572966,0.6697247706422018,0.7614678899082569,OK,
PBMC_10K,data/batch-correction/PBMC_10K_scvi_like.h5ad,baseline,/root/autodl-tmp/projects/comparison-SC-embedding/scbenchmark/save_pretrain/baseline/best_model.pt,/root/autodl-tmp/projects/comparison-SC-embedding/scbenchmark/vocab.json,weighted,none,2,batch,celltype,11990,3346,3256,2000,2,9,0.5860140826965048,0.4276315479879574,0.23402512073516846,0.4158902504732102,0.9984735203906894,0.9212167673747279,0.9598451438827087,0.6334722078370096,0.6697247706422018,0.76007784264665,OK,
PBMC_10K,data/batch-correction/PBMC_10K_scvi_like.h5ad,baseline,/root/autodl-tmp/projects/comparison-SC-embedding/scbenchmark/save_pretrain/baseline/best_model.pt,/root/autodl-tmp/projects/comparison-SC-embedding/scbenchmark/vocab.json,weighted,none,3,batch,celltype,11990,3346,3256,2000,2,9,0.5830541779664206,0.423192094084359,0.23402512073516846,0.41342379759531606,0.9984735203906894,0.9212167673747279,0.9598451438827087,0.6319923361102732,0.6697247706422018,0.7614678899082569,OK,
PBMC_10K,data/batch-correction/PBMC_10K_scvi_like.h5ad,baseline,/root/autodl-tmp/projects/comparison-SC-embedding/scbenchmark/save_pretrain/baseline/best_model.pt,/root/autodl-tmp/projects/comparison-SC-embedding/scbenchmark/vocab.json,weighted,none,4,batch,celltype,11990,3346,3256,2000,2,9,0.5860140826965046,0.4276315479879574,0.23402512073516846,0.4158902504732101,0.9984735203906894,0.9212167673747279,0.9598451438827087,0.6334722078370096,0.6697247706422018,0.7603558520989714,OK,
PBMC_10K,data/batch-correction/PBMC_10K_scvi_like.h5ad,baseline,/root/autodl-tmp/projects/comparison-SC-embedding/scbenchmark/save_pretrain/baseline/best_model.pt,/root/autodl-tmp/projects/comparison-SC-embedding/scbenchmark/vocab.json,weighted,linear_residual,0,batch,celltype,11990,3346,3256,2000,2,9,0.5847309671195041,0.4229263696507364,0.23478833441094055,0.4141485570603937,0.9986016842496385,0.9208471680393632,0.9597244261445008,0.6323789046940366,0.6697247706422018,0.7609118710036141,OK,
PBMC_10K,data/batch-correction/PBMC_10K_scvi_like.h5ad,baseline,/root/autodl-tmp/projects/comparison-SC-embedding/scbenchmark/save_pretrain/baseline/best_model.pt,/root/autodl-tmp/projects/comparison-SC-embedding/scbenchmark/vocab.json,weighted,linear_residual,1,batch,celltype,11990,3346,3256,2000,2,9,0.5850150635468224,0.4233473487787771,0.23478833441094055,0.4143835822455133,0.9986016842496385,0.9208471680393632,0.9597244261445008,0.6325199198051084,0.6697247706422018,0.7617458993605782,OK,
PBMC_10K,data/batch-correction/PBMC_10K_scvi_like.h5ad,baseline,/root/autodl-tmp/projects/comparison-SC-embedding/scbenchmark/save_pretrain/baseline/best_model.pt,/root/autodl-tmp/projects/comparison-SC-embedding/scbenchmark/vocab.json,weighted,linear_residual,2,batch,celltype,11990,3346,3256,2000,2,9,0.5854002777885995,0.42377644767192707,0.23478833441094055,0.4146550199571557,0.9986016842496385,0.9208471680393632,0.9597244261445008,0.6326827824320937,0.6697247706422018,0.7606338615512928,OK,
PBMC_10K,data/batch-correction/PBMC_10K_scvi_like.h5ad,baseline,/root/autodl-tmp/projects/comparison-SC-embedding/scbenchmark/save_pretrain/baseline/best_model.pt,/root/autodl-tmp/projects/comparison-SC-embedding/scbenchmark/vocab.json,weighted,linear_residual,3,batch,celltype,11990,3346,3256,2000,2,9,0.5849508965547006,0.4231527382529757,0.23478833441094055,0.4142973230728723,0.9986016842496385,0.9208471680393632,0.9597244261445008,0.6324681643015237,0.6697247706422018,0.762301918265221,OK,
PBMC_10K,data/batch-correction/PBMC_10K_scvi_like.h5ad,baseline,/root/autodl-tmp/projects/comparison-SC-embedding/scbenchmark/save_pretrain/baseline/best_model.pt,/root/autodl-tmp/projects/comparison-SC-embedding/scbenchmark/vocab.json,weighted,linear_residual,4,batch,celltype,11990,3346,3256,2000,2,9,0.5855026144444474,0.42389378854930965,0.23478833441094055,0.4147282458015658,0.9986016842496385,0.9208471680393632,0.9597244261445008,0.6327267179387399,0.6697247706422018,0.76007784264665,OK,
PBMC_10K,data/batch-correction/PBMC_10K_scvi_like.h5ad,baseline,/root/autodl-tmp/projects/comparison-SC-embedding/scbenchmark/save_pretrain/baseline/best_model.pt,/root/autodl-tmp/projects/comparison-SC-embedding/scbenchmark/vocab.json,weighted,harmony_optional,0,batch,celltype,11990,3346,3256,2000,2,9,,,,,,,,,,,SKIPPED,harmonypy unavailable
PBMC_10K,data/batch-correction/PBMC_10K_scvi_like.h5ad,baseline,/root/autodl-tmp/projects/comparison-SC-embedding/scbenchmark/save_pretrain/baseline/best_model.pt,/root/autodl-tmp/projects/comparison-SC-embedding/scbenchmark/vocab.json,weighted,harmony_optional,1,batch,celltype,11990,3346,3256,2000,2,9,,,,,,,,,,,SKIPPED,harmonypy unavailable
PBMC_10K,data/batch-correction/PBMC_10K_scvi_like.h5ad,baseline,/root/autodl-tmp/projects/comparison-SC-embedding/scbenchmark/save_pretrain/baseline/best_model.pt,/root/autodl-tmp/projects/comparison-SC-embedding/scbenchmark/vocab.json,weighted,harmony_optional,2,batch,celltype,11990,3346,3256,2000,2,9,,,,,,,,,,,SKIPPED,harmonypy unavailable
PBMC_10K,data/batch-correction/PBMC_10K_scvi_like.h5ad,baseline,/root/autodl-tmp/projects/comparison-SC-embedding/scbenchmark/save_pretrain/baseline/best_model.pt,/root/autodl-tmp/projects/comparison-SC-embedding/scbenchmark/vocab.json,weighted,harmony_optional,3,batch,celltype,11990,3346,3256,2000,2,9,,,,,,,,,,,SKIPPED,harmonypy unavailable
PBMC_10K,data/batch-correction/PBMC_10K_scvi_like.h5ad,baseline,/root/autodl-tmp/projects/comparison-SC-embedding/scbenchmark/save_pretrain/baseline/best_model.pt,/root/autodl-tmp/projects/comparison-SC-embedding/scbenchmark/vocab.json,weighted,harmony_optional,4,batch,celltype,11990,3346,3256,2000,2,9,,,,,,,,,,,SKIPPED,harmonypy unavailable
PBMC_10K,data/batch-correction/PBMC_10K_scvi_like.h5ad,scGPT_human,/root/autodl-tmp/projects/comparison-SC-embedding/scbenchmark/save_pretrain/scGPT_human/best_model.pt,/root/autodl-tmp/projects/comparison-SC-embedding/scbenchmark/vocab.json,weighted,none,0,batch,celltype,11990,3346,3256,2000,2,9,0.5979153063576549,0.4388651536542496,0.2344921976327896,0.42375755254823133,0.9986257009441033,0.935093353594831,0.9668595272694671,0.6409983424367256,0.6697247706422018,0.8418126216291354,OK,
PBMC_10K,data/batch-correction/PBMC_10K_scvi_like.h5ad,scGPT_human,/root/autodl-tmp/projects/comparison-SC-embedding/scbenchmark/save_pretrain/scGPT_human/best_model.pt,/root/autodl-tmp/projects/comparison-SC-embedding/scbenchmark/vocab.json,weighted,none,1,batch,celltype,11990,3346,3256,2000,2,9,0.5982093973429956,0.4400718264273446,0.2344921976327896,0.4242578071343766,0.9986257009441033,0.935093353594831,0.9668595272694671,0.6412984951884129,0.6697247706422018,0.8373644703919934,OK,
PBMC_10K,data/batch-correction/PBMC_10K_scvi_like.h5ad,scGPT_human,/root/autodl-tmp/projects/comparison-SC-embedding/scbenchmark/save_pretrain/scGPT_human/best_model.pt,/root/autodl-tmp/projects/comparison-SC-embedding/scbenchmark/vocab.json,weighted,none,2,batch,celltype,11990,3346,3256,2000,2,9,0.5986282757057237,0.4396873149275274,0.2344921976327896,0.4242692627553469,0.9986257009441033,0.935093353594831,0.9668595272694671,0.641305368560995,0.6697247706422018,0.8395885460105643,OK,
PBMC_10K,data/batch-correction/PBMC_10K_scvi_like.h5ad,scGPT_human,/root/autodl-tmp/projects/comparison-SC-embedding/scbenchmark/save_pretrain/scGPT_human/best_model.pt,/root/autodl-tmp/projects/comparison-SC-embedding/scbenchmark/vocab.json,weighted,none,3,batch,celltype,11990,3346,3256,2000,2,9,0.5988721247536241,0.4398010409844854,0.2344921976327896,0.4243884544569663,0.9986257009441033,0.935093353594831,0.9668595272694671,0.6413768835819667,0.6697247706422018,0.8401445649152072,OK,
PBMC_10K,data/batch-correction/PBMC_10K_scvi_like.h5ad,scGPT_human,/root/autodl-tmp/projects/comparison-SC-embedding/scbenchmark/save_pretrain/scGPT_human/best_model.pt,/root/autodl-tmp/projects/comparison-SC-embedding/scbenchmark/vocab.json,weighted,none,4,batch,celltype,11990,3346,3256,2000,2,9,0.5972521343831598,0.4368729865733376,0.2344921976327896,0.42287243952976233,0.9986257009441033,0.935093353594831,0.9668595272694671,0.6404672746256442,0.6697247706422018,0.8301362246316375,OK,
PBMC_10K,data/batch-correction/PBMC_10K_scvi_like.h5ad,scGPT_human,/root/autodl-tmp/projects/comparison-SC-embedding/scbenchmark/save_pretrain/scGPT_human/best_model.pt,/root/autodl-tmp/projects/comparison-SC-embedding/scbenchmark/vocab.json,weighted,linear_residual,0,batch,celltype,11990,3346,3256,2000,2,9,0.6017019452811173,0.44184518373727405,0.23516940910367853,0.4262388460406899,0.9987393303489597,0.9335029659424965,0.9661211481457281,0.6421917668827053,0.6697247706422018,0.8398665554628857,OK,
PBMC_10K,data/batch-correction/PBMC_10K_scvi_like.h5ad,scGPT_human,/root/autodl-tmp/projects/comparison-SC-embedding/scbenchmark/save_pretrain/scGPT_human/best_model.pt,/root/autodl-tmp/projects/comparison-SC-embedding/scbenchmark/vocab.json,weighted,linear_residual,1,batch,celltype,11990,3346,3256,2000,2,9,0.6017981797939178,0.44187569337189503,0.23516940910367853,0.42628109408983045,0.9987393303489597,0.9335029659424965,0.9661211481457281,0.6422171157121895,0.6697247706422018,0.8381984987489575,OK,
PBMC_10K,data/batch-correction/PBMC_10K_scvi_like.h5ad,scGPT_human,/root/autodl-tmp/projects/comparison-SC-embedding/scbenchmark/save_pretrain/scGPT_human/best_model.pt,/root/autodl-tmp/projects/comparison-SC-embedding/scbenchmark/vocab.json,weighted,linear_residual,2,batch,celltype,11990,3346,3256,2000,2,9,0.6012912904260681,0.4414213397885738,0.23516940910367853,0.42596067977277347,0.9987393303489597,0.9335029659424965,0.9661211481457281,0.6420248671219554,0.6697247706422018,0.8387545176536002,OK,
PBMC_10K,data/batch-correction/PBMC_10K_scvi_like.h5ad,scGPT_human,/root/autodl-tmp/projects/comparison-SC-embedding/scbenchmark/save_pretrain/scGPT_human/best_model.pt,/root/autodl-tmp/projects/comparison-SC-embedding/scbenchmark/vocab.json,weighted,linear_residual,3,batch,celltype,11990,3346,3256,2000,2,9,0.6012793015045801,0.4414215474827477,0.23516940910367853,0.42595675269700206,0.9987393303489597,0.9335029659424965,0.9661211481457281,0.6420225108764925,0.6697247706422018,0.8404225743675285,OK,
PBMC_10K,data/batch-correction/PBMC_10K_scvi_like.h5ad,scGPT_human,/root/autodl-tmp/projects/comparison-SC-embedding/scbenchmark/save_pretrain/scGPT_human/best_model.pt,/root/autodl-tmp/projects/comparison-SC-embedding/scbenchmark/vocab.json,weighted,linear_residual,4,batch,celltype,11990,3346,3256,2000,2,9,0.6004325372988163,0.44084361239738956,0.23516940910367853,0.4254818529332948,0.9987393303489597,0.9335029659424965,0.9661211481457281,0.6417375710182682,0.6697247706422018,0.8298582151793161,OK,
PBMC_10K,data/batch-correction/PBMC_10K_scvi_like.h5ad,scGPT_human,/root/autodl-tmp/projects/comparison-SC-embedding/scbenchmark/save_pretrain/scGPT_human/best_model.pt,/root/autodl-tmp/projects/comparison-SC-embedding/scbenchmark/vocab.json,weighted,harmony_optional,0,batch,celltype,11990,3346,3256,2000,2,9,,,,,,,,,,,SKIPPED,harmonypy unavailable
PBMC_10K,data/batch-correction/PBMC_10K_scvi_like.h5ad,scGPT_human,/root/autodl-tmp/projects/comparison-SC-embedding/scbenchmark/save_pretrain/scGPT_human/best_model.pt,/root/autodl-tmp/projects/comparison-SC-embedding/scbenchmark/vocab.json,weighted,harmony_optional,1,batch,celltype,11990,3346,3256,2000,2,9,,,,,,,,,,,SKIPPED,harmonypy unavailable
PBMC_10K,data/batch-correction/PBMC_10K_scvi_like.h5ad,scGPT_human,/root/autodl-tmp/projects/comparison-SC-embedding/scbenchmark/save_pretrain/scGPT_human/best_model.pt,/root/autodl-tmp/projects/comparison-SC-embedding/scbenchmark/vocab.json,weighted,harmony_optional,2,batch,celltype,11990,3346,3256,2000,2,9,,,,,,,,,,,SKIPPED,harmonypy unavailable
PBMC_10K,data/batch-correction/PBMC_10K_scvi_like.h5ad,scGPT_human,/root/autodl-tmp/projects/comparison-SC-embedding/scbenchmark/save_pretrain/scGPT_human/best_model.pt,/root/autodl-tmp/projects/comparison-SC-embedding/scbenchmark/vocab.json,weighted,harmony_optional,3,batch,celltype,11990,3346,3256,2000,2,9,,,,,,,,,,,SKIPPED,harmonypy unavailable
PBMC_10K,data/batch-correction/PBMC_10K_scvi_like.h5ad,scGPT_human,/root/autodl-tmp/projects/comparison-SC-embedding/scbenchmark/save_pretrain/scGPT_human/best_model.pt,/root/autodl-tmp/projects/comparison-SC-embedding/scbenchmark/vocab.json,weighted,harmony_optional,4,batch,celltype,11990,3346,3256,2000,2,9,,,,,,,,,,,SKIPPED,harmonypy unavailable
PBMC_10K,data/batch-correction/PBMC_10K_scvi_like.h5ad,v4_bias_rec_best,/root/autodl-tmp/projects/comparison-SC-embedding/scbenchmark/save_pretrain/v4_bias_rec_best/best_model.pt,/root/autodl-tmp/projects/comparison-SC-embedding/scbenchmark/vocab.json,weighted,none,0,batch,celltype,11990,3346,3256,2000,2,9,0.568613188710321,0.41664464880951707,0.21755045652389526,0.40093609801457775,0.9986046244157478,0.9172674898294013,0.9579360571225746,0.6237360816577765,0.6697247706422018,0.8320822907978871,OK,
PBMC_10K,data/batch-correction/PBMC_10K_scvi_like.h5ad,v4_bias_rec_best,/root/autodl-tmp/projects/comparison-SC-embedding/scbenchmark/save_pretrain/v4_bias_rec_best/best_model.pt,/root/autodl-tmp/projects/comparison-SC-embedding/scbenchmark/vocab.json,weighted,none,1,batch,celltype,11990,3346,3256,2000,2,9,0.5684814450046174,0.41671872597872484,0.21755045652389526,0.4009168758357458,0.9986046244157478,0.9172674898294013,0.9579360571225746,0.6237245483504773,0.6697247706422018,0.827634139560745,OK,
PBMC_10K,data/batch-correction/PBMC_10K_scvi_like.h5ad,v4_bias_rec_best,/root/autodl-tmp/projects/comparison-SC-embedding/scbenchmark/save_pretrain/v4_bias_rec_best/best_model.pt,/root/autodl-tmp/projects/comparison-SC-embedding/scbenchmark/vocab.json,weighted,none,2,batch,celltype,11990,3346,3256,2000,2,9,0.5686032929630817,0.4166483100924213,0.21755045652389526,0.40093401985979943,0.9986046244157478,0.9172674898294013,0.9579360571225746,0.6237348347649095,0.6697247706422018,0.8315262718932444,OK,
PBMC_10K,data/batch-correction/PBMC_10K_scvi_like.h5ad,v4_bias_rec_best,/root/autodl-tmp/projects/comparison-SC-embedding/scbenchmark/save_pretrain/v4_bias_rec_best/best_model.pt,/root/autodl-tmp/projects/comparison-SC-embedding/scbenchmark/vocab.json,weighted,none,3,batch,celltype,11990,3346,3256,2000,2,9,0.5683554047783379,0.41669167802542245,0.21755045652389526,0.40086584644255185,0.9986046244157478,0.9172674898294013,0.9579360571225746,0.623693930714561,0.6697247706422018,0.8315262718932444,OK,
PBMC_10K,data/batch-correction/PBMC_10K_scvi_like.h5ad,v4_bias_rec_best,/root/autodl-tmp/projects/comparison-SC-embedding/scbenchmark/save_pretrain/v4_bias_rec_best/best_model.pt,/root/autodl-tmp/projects/comparison-SC-embedding/scbenchmark/vocab.json,weighted,none,4,batch,celltype,11990,3346,3256,2000,2,9,0.5685947735882265,0.41689427582772487,0.21755045652389526,0.40101316864661557,0.9986046244157478,0.9172674898294013,0.9579360571225746,0.6237823240369992,0.6697247706422018,0.8209619127050319,OK,
PBMC_10K,data/batch-correction/PBMC_10K_scvi_like.h5ad,v4_bias_rec_best,/root/autodl-tmp/projects/comparison-SC-embedding/scbenchmark/save_pretrain/v4_bias_rec_best/best_model.pt,/root/autodl-tmp/projects/comparison-SC-embedding/scbenchmark/vocab.json,weighted,linear_residual,0,batch,celltype,11990,3346,3256,2000,2,9,0.5674312349302835,0.41487225509211034,0.21838408163055403,0.40022919055098266,0.9986623680509671,0.9172678110460409,0.957965089548504,0.6233235501499912,0.6697247706422018,0.831248262440923,OK,
PBMC_10K,data/batch-correction/PBMC_10K_scvi_like.h5ad,v4_bias_rec_best,/root/autodl-tmp/projects/comparison-SC-embedding/scbenchmark/save_pretrain/v4_bias_rec_best/best_model.pt,/root/autodl-tmp/projects/comparison-SC-embedding/scbenchmark/vocab.json,weighted,linear_residual,1,batch,celltype,11990,3346,3256,2000,2,9,0.5668634753816778,0.41678429936719386,0.21838408163055403,0.4006772854598086,0.9986623680509671,0.9172678110460409,0.957965089548504,0.6235924070952867,0.6697247706422018,0.8293021962746734,OK,
PBMC_10K,data/batch-correction/PBMC_10K_scvi_like.h5ad,v4_bias_rec_best,/root/autodl-tmp/projects/comparison-SC-embedding/scbenchmark/save_pretrain/v4_bias_rec_best/best_model.pt,/root/autodl-tmp/projects/comparison-SC-embedding/scbenchmark/vocab.json,weighted,linear_residual,2,batch,celltype,11990,3346,3256,2000,2,9,0.5672467302849523,0.4135898186827538,0.21838408163055403,0.3997402101994201,0.9986623680509671,0.9172678110460409,0.957965089548504,0.6230301619390537,0.6697247706422018,0.8301362246316375,OK,
PBMC_10K,data/batch-correction/PBMC_10K_scvi_like.h5ad,v4_bias_rec_best,/root/autodl-tmp/projects/comparison-SC-embedding/scbenchmark/save_pretrain/v4_bias_rec_best/best_model.pt,/root/autodl-tmp/projects/comparison-SC-embedding/scbenchmark/vocab.json,weighted,linear_residual,3,batch,celltype,11990,3346,3256,2000,2,9,0.567025307027681,0.4168446178826034,0.21838408163055403,0.4007513355136128,0.9986623680509671,0.9172678110460409,0.957965089548504,0.6236368371275693,0.6697247706422018,0.831248262440923,OK,
PBMC_10K,data/batch-correction/PBMC_10K_scvi_like.h5ad,v4_bias_rec_best,/root/autodl-tmp/projects/comparison-SC-embedding/scbenchmark/save_pretrain/v4_bias_rec_best/best_model.pt,/root/autodl-tmp/projects/comparison-SC-embedding/scbenchmark/vocab.json,weighted,linear_residual,4,batch,celltype,11990,3346,3256,2000,2,9,0.5670253070276808,0.4168446178826034,0.21838408163055403,0.40075133551361275,0.9986623680509671,0.9172678110460409,0.957965089548504,0.6236368371275693,0.6697247706422018,0.8212399221573533,OK,
PBMC_10K,data/batch-correction/PBMC_10K_scvi_like.h5ad,v4_bias_rec_best,/root/autodl-tmp/projects/comparison-SC-embedding/scbenchmark/save_pretrain/v4_bias_rec_best/best_model.pt,/root/autodl-tmp/projects/comparison-SC-embedding/scbenchmark/vocab.json,weighted,harmony_optional,0,batch,celltype,11990,3346,3256,2000,2,9,,,,,,,,,,,SKIPPED,harmonypy unavailable
PBMC_10K,data/batch-correction/PBMC_10K_scvi_like.h5ad,v4_bias_rec_best,/root/autodl-tmp/projects/comparison-SC-embedding/scbenchmark/save_pretrain/v4_bias_rec_best/best_model.pt,/root/autodl-tmp/projects/comparison-SC-embedding/scbenchmark/vocab.json,weighted,harmony_optional,1,batch,celltype,11990,3346,3256,2000,2,9,,,,,,,,,,,SKIPPED,harmonypy unavailable
PBMC_10K,data/batch-correction/PBMC_10K_scvi_like.h5ad,v4_bias_rec_best,/root/autodl-tmp/projects/comparison-SC-embedding/scbenchmark/save_pretrain/v4_bias_rec_best/best_model.pt,/root/autodl-tmp/projects/comparison-SC-embedding/scbenchmark/vocab.json,weighted,harmony_optional,2,batch,celltype,11990,3346,3256,2000,2,9,,,,,,,,,,,SKIPPED,harmonypy unavailable
PBMC_10K,data/batch-correction/PBMC_10K_scvi_like.h5ad,v4_bias_rec_best,/root/autodl-tmp/projects/comparison-SC-embedding/scbenchmark/save_pretrain/v4_bias_rec_best/best_model.pt,/root/autodl-tmp/projects/comparison-SC-embedding/scbenchmark/vocab.json,weighted,harmony_optional,3,batch,celltype,11990,3346,3256,2000,2,9,,,,,,,,,,,SKIPPED,harmonypy unavailable
PBMC_10K,data/batch-correction/PBMC_10K_scvi_like.h5ad,v4_bias_rec_best,/root/autodl-tmp/projects/comparison-SC-embedding/scbenchmark/save_pretrain/v4_bias_rec_best/best_model.pt,/root/autodl-tmp/projects/comparison-SC-embedding/scbenchmark/vocab.json,weighted,harmony_optional,4,batch,celltype,11990,3346,3256,2000,2,9,,,,,,,,,,,SKIPPED,harmonypy unavailable
PBMC_10K,data/batch-correction/PBMC_10K_scvi_like.h5ad,v4_plain_best,/root/autodl-tmp/projects/comparison-SC-embedding/scbenchmark/save_pretrain/v4_plain_best/best_model.pt,/root/autodl-tmp/projects/comparison-SC-embedding/scbenchmark/vocab.json,weighted,none,0,batch,celltype,11990,3346,3256,2000,2,9,0.6069011770911434,0.44687742910070516,0.256630003452301,0.4368028698813832,0.9990080565912649,0.9210370969880892,0.9600225767896771,0.6460907526447008,0.6697247706422018,0.8254100639421741,OK,
PBMC_10K,data/batch-correction/PBMC_10K_scvi_like.h5ad,v4_plain_best,/root/autodl-tmp/projects/comparison-SC-embedding/scbenchmark/save_pretrain/v4_plain_best/best_model.pt,/root/autodl-tmp/projects/comparison-SC-embedding/scbenchmark/vocab.json,weighted,none,1,batch,celltype,11990,3346,3256,2000,2,9,0.6081808341673726,0.4530776568487257,0.256630003452301,0.43929616482279976,0.9990080565912649,0.9210370969880892,0.9600225767896771,0.6475867296095507,0.6697247706422018,0.8215179316096747,OK,
PBMC_10K,data/batch-correction/PBMC_10K_scvi_like.h5ad,v4_plain_best,/root/autodl-tmp/projects/comparison-SC-embedding/scbenchmark/save_pretrain/v4_plain_best/best_model.pt,/root/autodl-tmp/projects/comparison-SC-embedding/scbenchmark/vocab.json,weighted,none,2,batch,celltype,11990,3346,3256,2000,2,9,0.6065148166630981,0.4515644340255855,0.256630003452301,0.43823641804699487,0.9990080565912649,0.9210370969880892,0.9600225767896771,0.6469508815440678,0.6697247706422018,0.8245760355852099,OK,
PBMC_10K,data/batch-correction/PBMC_10K_scvi_like.h5ad,v4_plain_best,/root/autodl-tmp/projects/comparison-SC-embedding/scbenchmark/save_pretrain/v4_plain_best/best_model.pt,/root/autodl-tmp/projects/comparison-SC-embedding/scbenchmark/vocab.json,weighted,none,3,batch,celltype,11990,3346,3256,2000,2,9,0.6076403312413123,0.4494344630131445,0.256630003452301,0.43790159923558597,0.9990080565912649,0.9210370969880892,0.9600225767896771,0.6467499902572225,0.6697247706422018,0.8220739505143175,OK,
PBMC_10K,data/batch-correction/PBMC_10K_scvi_like.h5ad,v4_plain_best,/root/autodl-tmp/projects/comparison-SC-embedding/scbenchmark/save_pretrain/v4_plain_best/best_model.pt,/root/autodl-tmp/projects/comparison-SC-embedding/scbenchmark/vocab.json,weighted,none,4,batch,celltype,11990,3346,3256,2000,2,9,0.6067642070227456,0.4466578666306974,0.256630003452301,0.43668402570191467,0.9990080565912649,0.9210370969880892,0.9600225767896771,0.6460194461370197,0.6697247706422018,0.8131776480400333,OK,
PBMC_10K,data/batch-correction/PBMC_10K_scvi_like.h5ad,v4_plain_best,/root/autodl-tmp/projects/comparison-SC-embedding/scbenchmark/save_pretrain/v4_plain_best/best_model.pt,/root/autodl-tmp/projects/comparison-SC-embedding/scbenchmark/vocab.json,weighted,linear_residual,0,batch,celltype,11990,3346,3256,2000,2,9,0.6080878777433315,0.44541397818351974,0.2572811326574385,0.43692766286142987,0.999054366057757,0.9212770777896251,0.960165721923691,0.6462228864863343,0.6697247706422018,0.8242980261328885,OK,
PBMC_10K,data/batch-correction/PBMC_10K_scvi_like.h5ad,v4_plain_best,/root/autodl-tmp/projects/comparison-SC-embedding/scbenchmark/save_pretrain/v4_plain_best/best_model.pt,/root/autodl-tmp/projects/comparison-SC-embedding/scbenchmark/vocab.json,weighted,linear_residual,1,batch,celltype,11990,3346,3256,2000,2,9,0.6086255673219385,0.45370853058071653,0.2572811326574385,0.43987174352003117,0.999054366057757,0.9212770777896251,0.960165721923691,0.6479893348814951,0.6697247706422018,0.8226299694189603,OK,
PBMC_10K,data/batch-correction/PBMC_10K_scvi_like.h5ad,v4_plain_best,/root/autodl-tmp/projects/comparison-SC-embedding/scbenchmark/save_pretrain/v4_plain_best/best_model.pt,/root/autodl-tmp/projects/comparison-SC-embedding/scbenchmark/vocab.json,weighted,linear_residual,2,batch,celltype,11990,3346,3256,2000,2,9,0.6084280783504815,0.45342871302307547,0.2572811326574385,0.43971264134366517,0.999054366057757,0.9212770777896251,0.960165721923691,0.6478938735756755,0.6697247706422018,0.823185988323603,OK,
PBMC_10K,data/batch-correction/PBMC_10K_scvi_like.h5ad,v4_plain_best,/root/autodl-tmp/projects/comparison-SC-embedding/scbenchmark/save_pretrain/v4_plain_best/best_model.pt,/root/autodl-tmp/projects/comparison-SC-embedding/scbenchmark/vocab.json,weighted,linear_residual,3,batch,celltype,11990,3346,3256,2000,2,9,0.6080878777433315,0.44541397818351974,0.2572811326574385,0.43692766286142987,0.999054366057757,0.9212770777896251,0.960165721923691,0.6462228864863343,0.6697247706422018,0.8220739505143175,OK,
PBMC_10K,data/batch-correction/PBMC_10K_scvi_like.h5ad,v4_plain_best,/root/autodl-tmp/projects/comparison-SC-embedding/scbenchmark/save_pretrain/v4_plain_best/best_model.pt,/root/autodl-tmp/projects/comparison-SC-embedding/scbenchmark/vocab.json,weighted,linear_residual,4,batch,celltype,11990,3346,3256,2000,2,9,0.6085214168977405,0.45340999898396167,0.2572811326574385,0.4397375161797135,0.999054366057757,0.9212770777896251,0.960165721923691,0.6479087984773044,0.6697247706422018,0.812899638587712,OK,
PBMC_10K,data/batch-correction/PBMC_10K_scvi_like.h5ad,v4_plain_best,/root/autodl-tmp/projects/comparison-SC-embedding/scbenchmark/save_pretrain/v4_plain_best/best_model.pt,/root/autodl-tmp/projects/comparison-SC-embedding/scbenchmark/vocab.json,weighted,harmony_optional,0,batch,celltype,11990,3346,3256,2000,2,9,,,,,,,,,,,SKIPPED,harmonypy unavailable
PBMC_10K,data/batch-correction/PBMC_10K_scvi_like.h5ad,v4_plain_best,/root/autodl-tmp/projects/comparison-SC-embedding/scbenchmark/save_pretrain/v4_plain_best/best_model.pt,/root/autodl-tmp/projects/comparison-SC-embedding/scbenchmark/vocab.json,weighted,harmony_optional,1,batch,celltype,11990,3346,3256,2000,2,9,,,,,,,,,,,SKIPPED,harmonypy unavailable
PBMC_10K,data/batch-correction/PBMC_10K_scvi_like.h5ad,v4_plain_best,/root/autodl-tmp/projects/comparison-SC-embedding/scbenchmark/save_pretrain/v4_plain_best/best_model.pt,/root/autodl-tmp/projects/comparison-SC-embedding/scbenchmark/vocab.json,weighted,harmony_optional,2,batch,celltype,11990,3346,3256,2000,2,9,,,,,,,,,,,SKIPPED,harmonypy unavailable
PBMC_10K,data/batch-correction/PBMC_10K_scvi_like.h5ad,v4_plain_best,/root/autodl-tmp/projects/comparison-SC-embedding/scbenchmark/save_pretrain/v4_plain_best/best_model.pt,/root/autodl-tmp/projects/comparison-SC-embedding/scbenchmark/vocab.json,weighted,harmony_optional,3,batch,celltype,11990,3346,3256,2000,2,9,,,,,,,,,,,SKIPPED,harmonypy unavailable
PBMC_10K,data/batch-correction/PBMC_10K_scvi_like.h5ad,v4_plain_best,/root/autodl-tmp/projects/comparison-SC-embedding/scbenchmark/save_pretrain/v4_plain_best/best_model.pt,/root/autodl-tmp/projects/comparison-SC-embedding/scbenchmark/vocab.json,weighted,harmony_optional,4,batch,celltype,11990,3346,3256,2000,2,9,,,,,,,,,,,SKIPPED,harmonypy unavailable
PBMC_10K,data/batch-correction/PBMC_10K_scvi_like.h5ad,v4_type_pe_best,/root/autodl-tmp/projects/comparison-SC-embedding/scbenchmark/save_pretrain/v4_type_pe_best/best_model.pt,/root/autodl-tmp/projects/comparison-SC-embedding/scbenchmark/vocab.json,weighted,none,0,batch,celltype,11990,3346,3256,2000,2,9,0.5906955083636338,0.4317383616420169,0.243635892868042,0.42202325429123094,0.9986918541835621,0.9204439406290478,0.9595678974063049,0.6370411115372605,0.6697247706422018,0.8279121490130664,OK,
PBMC_10K,data/batch-correction/PBMC_10K_scvi_like.h5ad,v4_type_pe_best,/root/autodl-tmp/projects/comparison-SC-embedding/scbenchmark/save_pretrain/v4_type_pe_best/best_model.pt,/root/autodl-tmp/projects/comparison-SC-embedding/scbenchmark/vocab.json,weighted,none,1,batch,celltype,11990,3346,3256,2000,2,9,0.5915103657701865,0.43473718376860315,0.243635892868042,0.4232944808022772,0.9986918541835621,0.9204439406290478,0.9595678974063049,0.6378038474438883,0.6697247706422018,0.8223519599666389,OK,
PBMC_10K,data/batch-correction/PBMC_10K_scvi_like.h5ad,v4_type_pe_best,/root/autodl-tmp/projects/comparison-SC-embedding/scbenchmark/save_pretrain/v4_type_pe_best/best_model.pt,/root/autodl-tmp/projects/comparison-SC-embedding/scbenchmark/vocab.json,weighted,none,2,batch,celltype,11990,3346,3256,2000,2,9,0.590790023728423,0.43171582352719406,0.243635892868042,0.42204724670788635,0.9986918541835621,0.9204439406290478,0.9595678974063049,0.6370555069872538,0.6697247706422018,0.8279121490130664,OK,
PBMC_10K,data/batch-correction/PBMC_10K_scvi_like.h5ad,v4_type_pe_best,/root/autodl-tmp/projects/comparison-SC-embedding/scbenchmark/save_pretrain/v4_type_pe_best/best_model.pt,/root/autodl-tmp/projects/comparison-SC-embedding/scbenchmark/vocab.json,weighted,none,3,batch,celltype,11990,3346,3256,2000,2,9,0.590790023728423,0.43171582352719406,0.243635892868042,0.42204724670788635,0.9986918541835621,0.9204439406290478,0.9595678974063049,0.6370555069872538,0.6697247706422018,0.8248540450375312,OK,
PBMC_10K,data/batch-correction/PBMC_10K_scvi_like.h5ad,v4_type_pe_best,/root/autodl-tmp/projects/comparison-SC-embedding/scbenchmark/save_pretrain/v4_type_pe_best/best_model.pt,/root/autodl-tmp/projects/comparison-SC-embedding/scbenchmark/vocab.json,weighted,none,4,batch,celltype,11990,3346,3256,2000,2,9,0.5907992381497319,0.43169739812644886,0.243635892868042,0.42204417638140757,0.9986918541835621,0.9204439406290478,0.9595678974063049,0.6370536647913665,0.6697247706422018,0.8165137614678899,OK,
PBMC_10K,data/batch-correction/PBMC_10K_scvi_like.h5ad,v4_type_pe_best,/root/autodl-tmp/projects/comparison-SC-embedding/scbenchmark/save_pretrain/v4_type_pe_best/best_model.pt,/root/autodl-tmp/projects/comparison-SC-embedding/scbenchmark/vocab.json,weighted,linear_residual,0,batch,celltype,11990,3346,3256,2000,2,9,0.592285936703753,0.43475127768090394,0.24436993805491827,0.42380238414652505,0.9987820081895649,0.9210004773026951,0.9598912427461299,0.638237927586367,0.6697247706422018,0.8279121490130664,OK,
PBMC_10K,data/batch-correction/PBMC_10K_scvi_like.h5ad,v4_type_pe_best,/root/autodl-tmp/projects/comparison-SC-embedding/scbenchmark/save_pretrain/v4_type_pe_best/best_model.pt,/root/autodl-tmp/projects/comparison-SC-embedding/scbenchmark/vocab.json,weighted,linear_residual,1,batch,celltype,11990,3346,3256,2000,2,9,0.5925275814465233,0.4352088508963919,0.24436993805491827,0.42403545679927784,0.9987820081895649,0.9210004773026951,0.9598912427461299,0.6383777711780187,0.6697247706422018,0.8254100639421741,OK,
PBMC_10K,data/batch-correction/PBMC_10K_scvi_like.h5ad,v4_type_pe_best,/root/autodl-tmp/projects/comparison-SC-embedding/scbenchmark/save_pretrain/v4_type_pe_best/best_model.pt,/root/autodl-tmp/projects/comparison-SC-embedding/scbenchmark/vocab.json,weighted,linear_residual,2,batch,celltype,11990,3346,3256,2000,2,9,0.5921919447774032,0.43573790338311996,0.24436993805491827,0.4240999287384805,0.9987820081895649,0.9210004773026951,0.9598912427461299,0.6384164543415403,0.6697247706422018,0.8265221017514596,OK,
PBMC_10K,data/batch-correction/PBMC_10K_scvi_like.h5ad,v4_type_pe_best,/root/autodl-tmp/projects/comparison-SC-embedding/scbenchmark/save_pretrain/v4_type_pe_best/best_model.pt,/root/autodl-tmp/projects/comparison-SC-embedding/scbenchmark/vocab.json,weighted,linear_residual,3,batch,celltype,11990,3346,3256,2000,2,9,0.5925920052206027,0.43579659326473336,0.24436993805491827,0.4242528455134181,0.9987820081895649,0.9210004773026951,0.9598912427461299,0.6385082044065028,0.6697247706422018,0.8256880733944955,OK,
PBMC_10K,data/batch-correction/PBMC_10K_scvi_like.h5ad,v4_type_pe_best,/root/autodl-tmp/projects/comparison-SC-embedding/scbenchmark/save_pretrain/v4_type_pe_best/best_model.pt,/root/autodl-tmp/projects/comparison-SC-embedding/scbenchmark/vocab.json,weighted,linear_residual,4,batch,celltype,11990,3346,3256,2000,2,9,0.592401563222953,0.43599021247050057,0.24436993805491827,0.4242539045827906,0.9987820081895649,0.9210004773026951,0.9598912427461299,0.6385088398481263,0.6697247706422018,0.8159577425632472,OK,
PBMC_10K,data/batch-correction/PBMC_10K_scvi_like.h5ad,v4_type_pe_best,/root/autodl-tmp/projects/comparison-SC-embedding/scbenchmark/save_pretrain/v4_type_pe_best/best_model.pt,/root/autodl-tmp/projects/comparison-SC-embedding/scbenchmark/vocab.json,weighted,harmony_optional,0,batch,celltype,11990,3346,3256,2000,2,9,,,,,,,,,,,SKIPPED,harmonypy unavailable
PBMC_10K,data/batch-correction/PBMC_10K_scvi_like.h5ad,v4_type_pe_best,/root/autodl-tmp/projects/comparison-SC-embedding/scbenchmark/save_pretrain/v4_type_pe_best/best_model.pt,/root/autodl-tmp/projects/comparison-SC-embedding/scbenchmark/vocab.json,weighted,harmony_optional,1,batch,celltype,11990,3346,3256,2000,2,9,,,,,,,,,,,SKIPPED,harmonypy unavailable
PBMC_10K,data/batch-correction/PBMC_10K_scvi_like.h5ad,v4_type_pe_best,/root/autodl-tmp/projects/comparison-SC-embedding/scbenchmark/save_pretrain/v4_type_pe_best/best_model.pt,/root/autodl-tmp/projects/comparison-SC-embedding/scbenchmark/vocab.json,weighted,harmony_optional,2,batch,celltype,11990,3346,3256,2000,2,9,,,,,,,,,,,SKIPPED,harmonypy unavailable
PBMC_10K,data/batch-correction/PBMC_10K_scvi_like.h5ad,v4_type_pe_best,/root/autodl-tmp/projects/comparison-SC-embedding/scbenchmark/save_pretrain/v4_type_pe_best/best_model.pt,/root/autodl-tmp/projects/comparison-SC-embedding/scbenchmark/vocab.json,weighted,harmony_optional,3,batch,celltype,11990,3346,3256,2000,2,9,,,,,,,,,,,SKIPPED,harmonypy unavailable
PBMC_10K,data/batch-correction/PBMC_10K_scvi_like.h5ad,v4_type_pe_best,/root/autodl-tmp/projects/comparison-SC-embedding/scbenchmark/save_pretrain/v4_type_pe_best/best_model.pt,/root/autodl-tmp/projects/comparison-SC-embedding/scbenchmark/vocab.json,weighted,harmony_optional,4,batch,celltype,11990,3346,3256,2000,2,9,,,,,,,,,,,SKIPPED,harmonypy unavailable
PBMC_10K,data/batch-correction/PBMC_10K_scvi_like.h5ad,scconcept,/root/autodl-tmp/projects/comparison-SC-embedding/scbenchmark/save_pretrain/scconcept/best_model.pt,/root/autodl-tmp/projects/comparison-SC-embedding/scbenchmark/vocab.json,weighted,none,0,batch,celltype,11990,3346,3256,2000,2,9,0.6455462771642617,0.5294788270164181,0.15226048231124878,0.4424285288306429,0.9996600229933392,0.9661797915097488,0.982919907251544,0.6586250801990033,0.6761189880455936,0.9505143174867946,OK,
PBMC_10K,data/batch-correction/PBMC_10K_scvi_like.h5ad,scconcept,/root/autodl-tmp/projects/comparison-SC-embedding/scbenchmark/save_pretrain/scconcept/best_model.pt,/root/autodl-tmp/projects/comparison-SC-embedding/scbenchmark/vocab.json,weighted,none,1,batch,celltype,11990,3346,3256,2000,2,9,0.6674606690914423,0.6418510529047513,0.15226048231124878,0.4871907347691475,0.9996600229933392,0.9661797915097488,0.982919907251544,0.6854824037621061,0.6788990825688074,0.9519043647484015,OK,
PBMC_10K,data/batch-correction/PBMC_10K_scvi_like.h5ad,scconcept,/root/autodl-tmp/projects/comparison-SC-embedding/scbenchmark/save_pretrain/scconcept/best_model.pt,/root/autodl-tmp/projects/comparison-SC-embedding/scbenchmark/vocab.json,weighted,none,2,batch,celltype,11990,3346,3256,2000,2,9,0.6459219146351703,0.5326099118184566,0.15226048231124878,0.44359743625495857,0.9996600229933392,0.9661797915097488,0.982919907251544,0.6593264246535928,0.6811231581873783,0.9482902418682235,OK,
PBMC_10K,data/batch-correction/PBMC_10K_scvi_like.h5ad,scconcept,/root/autodl-tmp/projects/comparison-SC-embedding/scbenchmark/save_pretrain/scconcept/best_model.pt,/root/autodl-tmp/projects/comparison-SC-embedding/scbenchmark/vocab.json,weighted,none,3,batch,celltype,11990,3346,3256,2000,2,9,0.6453584582197984,0.5298470753062898,0.15226048231124878,0.442488671945779,0.9996600229933392,0.9661797915097488,0.982919907251544,0.658661166068085,0.6694467611898804,0.9510703363914373,OK,
PBMC_10K,data/batch-correction/PBMC_10K_scvi_like.h5ad,scconcept,/root/autodl-tmp/projects/comparison-SC-embedding/scbenchmark/save_pretrain/scconcept/best_model.pt,/root/autodl-tmp/projects/comparison-SC-embedding/scbenchmark/vocab.json,weighted,none,4,batch,celltype,11990,3346,3256,2000,2,9,0.6455462771642616,0.5294788270164181,0.15226048231124878,0.4424285288306429,0.9996600229933392,0.9661797915097488,0.982919907251544,0.6586250801990033,0.6800111203780929,0.9544064498192939,OK,
PBMC_10K,data/batch-correction/PBMC_10K_scvi_like.h5ad,scconcept,/root/autodl-tmp/projects/comparison-SC-embedding/scbenchmark/save_pretrain/scconcept/best_model.pt,/root/autodl-tmp/projects/comparison-SC-embedding/scbenchmark/vocab.json,weighted,linear_residual,0,batch,celltype,11990,3346,3256,2000,2,9,0.6456241909422353,0.5308395966131124,0.1524517019735402,0.4429718298429626,0.9997939040339342,0.9646807723964267,0.9822373382151804,0.6586780331918498,0.6697247706422018,0.9502363080344731,OK,
PBMC_10K,data/batch-correction/PBMC_10K_scvi_like.h5ad,scconcept,/root/autodl-tmp/projects/comparison-SC-embedding/scbenchmark/save_pretrain/scconcept/best_model.pt,/root/autodl-tmp/projects/comparison-SC-embedding/scbenchmark/vocab.json,weighted,linear_residual,1,batch,celltype,11990,3346,3256,2000,2,9,0.6456743549161993,0.5308533941817624,0.1524517019735402,0.4429931503571673,0.9997939040339342,0.9646807723964267,0.9822373382151804,0.6586908255003726,0.6697247706422018,0.9519043647484015,OK,
PBMC_10K,data/batch-correction/PBMC_10K_scvi_like.h5ad,scconcept,/root/autodl-tmp/projects/comparison-SC-embedding/scbenchmark/save_pretrain/scconcept/best_model.pt,/root/autodl-tmp/projects/comparison-SC-embedding/scbenchmark/vocab.json,weighted,linear_residual,2,batch,celltype,11990,3346,3256,2000,2,9,0.6457806086616896,0.5308635661859673,0.1524517019735402,0.44303195894039904,0.9997939040339342,0.9646807723964267,0.9822373382151804,0.6587141106503116,0.6697247706422018,0.9474562135112594,OK,
PBMC_10K,data/batch-correction/PBMC_10K_scvi_like.h5ad,scconcept,/root/autodl-tmp/projects/comparison-SC-embedding/scbenchmark/save_pretrain/scconcept/best_model.pt,/root/autodl-tmp/projects/comparison-SC-embedding/scbenchmark/vocab.json,weighted,linear_residual,3,batch,celltype,11990,3346,3256,2000,2,9,0.6456420371240915,0.5307519393234641,0.1524517019735402,0.44294855947369866,0.9997939040339342,0.9646807723964267,0.9822373382151804,0.6586640709702913,0.6697247706422018,0.9519043647484015,OK,
PBMC_10K,data/batch-correction/PBMC_10K_scvi_like.h5ad,scconcept,/root/autodl-tmp/projects/comparison-SC-embedding/scbenchmark/save_pretrain/scconcept/best_model.pt,/root/autodl-tmp/projects/comparison-SC-embedding/scbenchmark/vocab.json,weighted,linear_residual,4,batch,celltype,11990,3346,3256,2000,2,9,0.6455973511587235,0.5314468951773773,0.1524517019735402,0.4431653161032137,0.9997939040339342,0.9646807723964267,0.9822373382151804,0.6587941249480005,0.6697247706422018,0.9546844592716153,OK,
PBMC_10K,data/batch-correction/PBMC_10K_scvi_like.h5ad,scconcept,/root/autodl-tmp/projects/comparison-SC-embedding/scbenchmark/save_pretrain/scconcept/best_model.pt,/root/autodl-tmp/projects/comparison-SC-embedding/scbenchmark/vocab.json,weighted,harmony_optional,0,batch,celltype,11990,3346,3256,2000,2,9,,,,,,,,,,,SKIPPED,harmonypy unavailable
PBMC_10K,data/batch-correction/PBMC_10K_scvi_like.h5ad,scconcept,/root/autodl-tmp/projects/comparison-SC-embedding/scbenchmark/save_pretrain/scconcept/best_model.pt,/root/autodl-tmp/projects/comparison-SC-embedding/scbenchmark/vocab.json,weighted,harmony_optional,1,batch,celltype,11990,3346,3256,2000,2,9,,,,,,,,,,,SKIPPED,harmonypy unavailable
PBMC_10K,data/batch-correction/PBMC_10K_scvi_like.h5ad,scconcept,/root/autodl-tmp/projects/comparison-SC-embedding/scbenchmark/save_pretrain/scconcept/best_model.pt,/root/autodl-tmp/projects/comparison-SC-embedding/scbenchmark/vocab.json,weighted,harmony_optional,2,batch,celltype,11990,3346,3256,2000,2,9,,,,,,,,,,,SKIPPED,harmonypy unavailable
PBMC_10K,data/batch-correction/PBMC_10K_scvi_like.h5ad,scconcept,/root/autodl-tmp/projects/comparison-SC-embedding/scbenchmark/save_pretrain/scconcept/best_model.pt,/root/autodl-tmp/projects/comparison-SC-embedding/scbenchmark/vocab.json,weighted,harmony_optional,3,batch,celltype,11990,3346,3256,2000,2,9,,,,,,,,,,,SKIPPED,harmonypy unavailable
PBMC_10K,data/batch-correction/PBMC_10K_scvi_like.h5ad,scconcept,/root/autodl-tmp/projects/comparison-SC-embedding/scbenchmark/save_pretrain/scconcept/best_model.pt,/root/autodl-tmp/projects/comparison-SC-embedding/scbenchmark/vocab.json,weighted,harmony_optional,4,batch,celltype,11990,3346,3256,2000,2,9,,,,,,,,,,,SKIPPED,harmonypy unavailable
PBMC_10K,data/batch-correction/PBMC_10K_scvi_like.h5ad,scconcept_encoded,/root/autodl-tmp/projects/comparison-SC-embedding/scbenchmark/save_pretrain/scconcept_encoded/best_model.pt,/root/autodl-tmp/projects/comparison-SC-embedding/scbenchmark/vocab.json,weighted,none,0,batch,celltype,11990,3346,3256,2000,2,9,0.536825411906539,0.408826257238495,0.16096138954162598,0.36887101956222,0.9986029929714277,0.9480831576940203,0.973343075332724,0.6106598418704217,0.6700027800945232,0.9190992493744787,OK,
PBMC_10K,data/batch-correction/PBMC_10K_scvi_like.h5ad,scconcept_encoded,/root/autodl-tmp/projects/comparison-SC-embedding/scbenchmark/save_pretrain/scconcept_encoded/best_model.pt,/root/autodl-tmp/projects/comparison-SC-embedding/scbenchmark/vocab.json,weighted,none,1,batch,celltype,11990,3346,3256,2000,2,9,0.5368225556004753,0.4089621911454683,0.16096138954162598,0.36891537876252317,0.9986029929714277,0.9480831576940203,0.973343075332724,0.6106864573906036,0.6736169029747011,0.918543230469836,OK,
PBMC_10K,data/batch-correction/PBMC_10K_scvi_like.h5ad,scconcept_encoded,/root/autodl-tmp/projects/comparison-SC-embedding/scbenchmark/save_pretrain/scconcept_encoded/best_model.pt,/root/autodl-tmp/projects/comparison-SC-embedding/scbenchmark/vocab.json,weighted,none,2,batch,celltype,11990,3346,3256,2000,2,9,0.5368254119065391,0.408826257238495,0.16096138954162598,0.36887101956222,0.9986029929714277,0.9480831576940203,0.973343075332724,0.6106598418704217,0.6716708368084515,0.9232693911592994,OK,
PBMC_10K,data/batch-correction/PBMC_10K_scvi_like.h5ad,scconcept_encoded,/root/autodl-tmp/projects/comparison-SC-embedding/scbenchmark/save_pretrain/scconcept_encoded/best_model.pt,/root/autodl-tmp/projects/comparison-SC-embedding/scbenchmark/vocab.json,weighted,none,3,batch,celltype,11990,3346,3256,2000,2,9,0.5368190962774524,0.4091679825953357,0.16096138954162598,0.36898282280480466,0.9986029929714277,0.9480831576940203,0.973343075332724,0.6107269238159724,0.6722268557130943,0.918543230469836,OK,
PBMC_10K,data/batch-correction/PBMC_10K_scvi_like.h5ad,scconcept_encoded,/root/autodl-tmp/projects/comparison-SC-embedding/scbenchmark/save_pretrain/scconcept_encoded/best_model.pt,/root/autodl-tmp/projects/comparison-SC-embedding/scbenchmark/vocab.json,weighted,none,4,batch,celltype,11990,3346,3256,2000,2,9,0.5368225556004753,0.4089621911454683,0.16096138954162598,0.36891537876252317,0.9986029929714277,0.9480831576940203,0.973343075332724,0.6106864573906036,0.6716708368084515,0.9202112871837642,OK,
PBMC_10K,data/batch-correction/PBMC_10K_scvi_like.h5ad,scconcept_encoded,/root/autodl-tmp/projects/comparison-SC-embedding/scbenchmark/save_pretrain/scconcept_encoded/best_model.pt,/root/autodl-tmp/projects/comparison-SC-embedding/scbenchmark/vocab.json,weighted,linear_residual,0,batch,celltype,11990,3346,3256,2000,2,9,0.5368787524346432,0.4088648103819817,0.16110248479667957,0.36894868253776814,0.9988377151887223,0.9461186497932732,0.9724781824909978,0.61036048251906,0.6697247706422018,0.918543230469836,OK,
PBMC_10K,data/batch-correction/PBMC_10K_scvi_like.h5ad,scconcept_encoded,/root/autodl-tmp/projects/comparison-SC-embedding/scbenchmark/save_pretrain/scconcept_encoded/best_model.pt,/root/autodl-tmp/projects/comparison-SC-embedding/scbenchmark/vocab.json,weighted,linear_residual,1,batch,celltype,11990,3346,3256,2000,2,9,0.5368787524346432,0.4088648103819817,0.16110248479667957,0.36894868253776814,0.9988377151887223,0.9461186497932732,0.9724781824909978,0.61036048251906,0.6697247706422018,0.9193772588268001,OK,
PBMC_10K,data/batch-correction/PBMC_10K_scvi_like.h5ad,scconcept_encoded,/root/autodl-tmp/projects/comparison-SC-embedding/scbenchmark/save_pretrain/scconcept_encoded/best_model.pt,/root/autodl-tmp/projects/comparison-SC-embedding/scbenchmark/vocab.json,weighted,linear_residual,2,batch,celltype,11990,3346,3256,2000,2,9,0.5367759680006662,0.40865183852915743,0.16110248479667957,0.3688434304421677,0.9988377151887223,0.9461186497932732,0.9724781824909978,0.6102973312616997,0.6697247706422018,0.9224353628023353,OK,
PBMC_10K,data/batch-correction/PBMC_10K_scvi_like.h5ad,scconcept_encoded,/root/autodl-tmp/projects/comparison-SC-embedding/scbenchmark/save_pretrain/scconcept_encoded/best_model.pt,/root/autodl-tmp/projects/comparison-SC-embedding/scbenchmark/vocab.json,weighted,linear_residual,3,batch,celltype,11990,3346,3256,2000,2,9,0.5368787524346433,0.4088648103819817,0.16110248479667957,0.3689486825377682,0.9988377151887223,0.9461186497932732,0.9724781824909978,0.61036048251906,0.6697247706422018,0.9152071170419794,OK,
PBMC_10K,data/batch-correction/PBMC_10K_scvi_like.h5ad,scconcept_encoded,/root/autodl-tmp/projects/comparison-SC-embedding/scbenchmark/save_pretrain/scconcept_encoded/best_model.pt,/root/autodl-tmp/projects/comparison-SC-embedding/scbenchmark/vocab.json,weighted,linear_residual,4,batch,celltype,11990,3346,3256,2000,2,9,0.5367542479159267,0.40883936801284615,0.16110248479667957,0.36889870024181753,0.9988377151887223,0.9461186497932732,0.9724781824909978,0.6103304931414897,0.6697247706422018,0.9199332777314428,OK,
PBMC_10K,data/batch-correction/PBMC_10K_scvi_like.h5ad,scconcept_encoded,/root/autodl-tmp/projects/comparison-SC-embedding/scbenchmark/save_pretrain/scconcept_encoded/best_model.pt,/root/autodl-tmp/projects/comparison-SC-embedding/scbenchmark/vocab.json,weighted,harmony_optional,0,batch,celltype,11990,3346,3256,2000,2,9,,,,,,,,,,,SKIPPED,harmonypy unavailable
PBMC_10K,data/batch-correction/PBMC_10K_scvi_like.h5ad,scconcept_encoded,/root/autodl-tmp/projects/comparison-SC-embedding/scbenchmark/save_pretrain/scconcept_encoded/best_model.pt,/root/autodl-tmp/projects/comparison-SC-embedding/scbenchmark/vocab.json,weighted,harmony_optional,1,batch,celltype,11990,3346,3256,2000,2,9,,,,,,,,,,,SKIPPED,harmonypy unavailable
PBMC_10K,data/batch-correction/PBMC_10K_scvi_like.h5ad,scconcept_encoded,/root/autodl-tmp/projects/comparison-SC-embedding/scbenchmark/save_pretrain/scconcept_encoded/best_model.pt,/root/autodl-tmp/projects/comparison-SC-embedding/scbenchmark/vocab.json,weighted,harmony_optional,2,batch,celltype,11990,3346,3256,2000,2,9,,,,,,,,,,,SKIPPED,harmonypy unavailable
PBMC_10K,data/batch-correction/PBMC_10K_scvi_like.h5ad,scconcept_encoded,/root/autodl-tmp/projects/comparison-SC-embedding/scbenchmark/save_pretrain/scconcept_encoded/best_model.pt,/root/autodl-tmp/projects/comparison-SC-embedding/scbenchmark/vocab.json,weighted,harmony_optional,3,batch,celltype,11990,3346,3256,2000,2,9,,,,,,,,,,,SKIPPED,harmonypy unavailable
PBMC_10K,data/batch-correction/PBMC_10K_scvi_like.h5ad,scconcept_encoded,/root/autodl-tmp/projects/comparison-SC-embedding/scbenchmark/save_pretrain/scconcept_encoded/best_model.pt,/root/autodl-tmp/projects/comparison-SC-embedding/scbenchmark/vocab.json,weighted,harmony_optional,4,batch,celltype,11990,3346,3256,2000,2,9,,,,,,,,,,,SKIPPED,harmonypy unavailable
PBMC_10K,data/batch-correction/PBMC_10K_scvi_like.h5ad,cl_scratch_v5,/root/autodl-tmp/projects/comparison-SC-embedding/scbenchmark/save_pretrain/cl_scratch_v5/best_model.pt,/root/autodl-tmp/projects/comparison-SC-embedding/scbenchmark/vocab.json,weighted,none,0,batch,celltype,11990,3346,3256,2000,2,9,0.5987351535765579,0.440276054785442,0.24692191183567047,0.4286443733992235,0.9986626110039651,0.9207704338466071,0.9597165224252862,0.6410732330096486,0.6697247706422018,0.8265221017514596,OK,
PBMC_10K,data/batch-correction/PBMC_10K_scvi_like.h5ad,cl_scratch_v5,/root/autodl-tmp/projects/comparison-SC-embedding/scbenchmark/save_pretrain/cl_scratch_v5/best_model.pt,/root/autodl-tmp/projects/comparison-SC-embedding/scbenchmark/vocab.json,weighted,none,1,batch,celltype,11990,3346,3256,2000,2,9,0.5992571864267339,0.4426050742242727,0.24692191183567047,0.4295947241622257,0.9986626110039651,0.9207704338466071,0.9597165224252862,0.64164344346745,0.6697247706422018,0.8237420072282458,OK,
PBMC_10K,data/batch-correction/PBMC_10K_scvi_like.h5ad,cl_scratch_v5,/root/autodl-tmp/projects/comparison-SC-embedding/scbenchmark/save_pretrain/cl_scratch_v5/best_model.pt,/root/autodl-tmp/projects/comparison-SC-embedding/scbenchmark/vocab.json,weighted,none,2,batch,celltype,11990,3346,3256,2000,2,9,0.595000662343733,0.4392762847719295,0.24692191183567047,0.427066286317111,0.9986626110039651,0.9207704338466071,0.9597165224252862,0.6401263807603811,0.6697247706422018,0.8279121490130664,OK,
PBMC_10K,data/batch-correction/PBMC_10K_scvi_like.h5ad,cl_scratch_v5,/root/autodl-tmp/projects/comparison-SC-embedding/scbenchmark/save_pretrain/cl_scratch_v5/best_model.pt,/root/autodl-tmp/projects/comparison-SC-embedding/scbenchmark/vocab.json,weighted,none,3,batch,celltype,11990,3346,3256,2000,2,9,0.599298138467147,0.44311575433013123,0.24692191183567047,0.4297786015443162,0.9986626110039651,0.9207704338466071,0.9597165224252862,0.6417537698967042,0.6697247706422018,0.8237420072282458,OK,
PBMC_10K,data/batch-correction/PBMC_10K_scvi_like.h5ad,cl_scratch_v5,/root/autodl-tmp/projects/comparison-SC-embedding/scbenchmark/save_pretrain/cl_scratch_v5/best_model.pt,/root/autodl-tmp/projects/comparison-SC-embedding/scbenchmark/vocab.json,weighted,none,4,batch,celltype,11990,3346,3256,2000,2,9,0.5992981384671469,0.44311575433013123,0.24692191183567047,0.4297786015443162,0.9986626110039651,0.9207704338466071,0.9597165224252862,0.6417537698967042,0.6697247706422018,0.8142896858493188,OK,
PBMC_10K,data/batch-correction/PBMC_10K_scvi_like.h5ad,cl_scratch_v5,/root/autodl-tmp/projects/comparison-SC-embedding/scbenchmark/save_pretrain/cl_scratch_v5/best_model.pt,/root/autodl-tmp/projects/comparison-SC-embedding/scbenchmark/vocab.json,weighted,linear_residual,0,batch,celltype,11990,3346,3256,2000,2,9,0.6004975240012652,0.44095131792992315,0.24763798560422506,0.4296956091784711,0.9987542391251492,0.9207205411159778,0.9597373901205635,0.6417123215553081,0.6697247706422018,0.8265221017514596,OK,
PBMC_10K,data/batch-correction/PBMC_10K_scvi_like.h5ad,cl_scratch_v5,/root/autodl-tmp/projects/comparison-SC-embedding/scbenchmark/save_pretrain/cl_scratch_v5/best_model.pt,/root/autodl-tmp/projects/comparison-SC-embedding/scbenchmark/vocab.json,weighted,linear_residual,1,batch,celltype,11990,3346,3256,2000,2,9,0.6270197357077496,0.5269541837453505,0.24763798560422506,0.46720396835244166,0.9987542391251492,0.9207205411159778,0.9597373901205635,0.6642173370596904,0.6697247706422018,0.8248540450375312,OK,
PBMC_10K,data/batch-correction/PBMC_10K_scvi_like.h5ad,cl_scratch_v5,/root/autodl-tmp/projects/comparison-SC-embedding/scbenchmark/save_pretrain/cl_scratch_v5/best_model.pt,/root/autodl-tmp/projects/comparison-SC-embedding/scbenchmark/vocab.json,weighted,linear_residual,2,batch,celltype,11990,3346,3256,2000,2,9,0.6001476964022331,0.44067861436954314,0.24763798560422506,0.42948809879200045,0.9987542391251492,0.9207205411159778,0.9597373901205635,0.6415878153234257,0.6697247706422018,0.8268001112037809,OK,
PBMC_10K,data/batch-correction/PBMC_10K_scvi_like.h5ad,cl_scratch_v5,/root/autodl-tmp/projects/comparison-SC-embedding/scbenchmark/save_pretrain/cl_scratch_v5/best_model.pt,/root/autodl-tmp/projects/comparison-SC-embedding/scbenchmark/vocab.json,weighted,linear_residual,3,batch,celltype,11990,3346,3256,2000,2,9,0.6000751695578095,0.4404690853788533,0.24763798560422506,0.42939408018029596,0.9987542391251492,0.9207205411159778,0.9597373901205635,0.641531404156403,0.6697247706422018,0.8240200166805671,OK,
PBMC_10K,data/batch-correction/PBMC_10K_scvi_like.h5ad,cl_scratch_v5,/root/autodl-tmp/projects/comparison-SC-embedding/scbenchmark/save_pretrain/cl_scratch_v5/best_model.pt,/root/autodl-tmp/projects/comparison-SC-embedding/scbenchmark/vocab.json,weighted,linear_residual,4,batch,celltype,11990,3346,3256,2000,2,9,0.5994875636555487,0.43990267676605294,0.24763798560422506,0.42900940867527554,0.9987542391251492,0.9207205411159778,0.9597373901205635,0.6413006012533907,0.6697247706422018,0.8131776480400333,OK,
PBMC_10K,data/batch-correction/PBMC_10K_scvi_like.h5ad,cl_scratch_v5,/root/autodl-tmp/projects/comparison-SC-embedding/scbenchmark/save_pretrain/cl_scratch_v5/best_model.pt,/root/autodl-tmp/projects/comparison-SC-embedding/scbenchmark/vocab.json,weighted,harmony_optional,0,batch,celltype,11990,3346,3256,2000,2,9,,,,,,,,,,,SKIPPED,harmonypy unavailable
PBMC_10K,data/batch-correction/PBMC_10K_scvi_like.h5ad,cl_scratch_v5,/root/autodl-tmp/projects/comparison-SC-embedding/scbenchmark/save_pretrain/cl_scratch_v5/best_model.pt,/root/autodl-tmp/projects/comparison-SC-embedding/scbenchmark/vocab.json,weighted,harmony_optional,1,batch,celltype,11990,3346,3256,2000,2,9,,,,,,,,,,,SKIPPED,harmonypy unavailable
PBMC_10K,data/batch-correction/PBMC_10K_scvi_like.h5ad,cl_scratch_v5,/root/autodl-tmp/projects/comparison-SC-embedding/scbenchmark/save_pretrain/cl_scratch_v5/best_model.pt,/root/autodl-tmp/projects/comparison-SC-embedding/scbenchmark/vocab.json,weighted,harmony_optional,2,batch,celltype,11990,3346,3256,2000,2,9,,,,,,,,,,,SKIPPED,harmonypy unavailable
PBMC_10K,data/batch-correction/PBMC_10K_scvi_like.h5ad,cl_scratch_v5,/root/autodl-tmp/projects/comparison-SC-embedding/scbenchmark/save_pretrain/cl_scratch_v5/best_model.pt,/root/autodl-tmp/projects/comparison-SC-embedding/scbenchmark/vocab.json,weighted,harmony_optional,3,batch,celltype,11990,3346,3256,2000,2,9,,,,,,,,,,,SKIPPED,harmonypy unavailable
PBMC_10K,data/batch-correction/PBMC_10K_scvi_like.h5ad,cl_scratch_v5,/root/autodl-tmp/projects/comparison-SC-embedding/scbenchmark/save_pretrain/cl_scratch_v5/best_model.pt,/root/autodl-tmp/projects/comparison-SC-embedding/scbenchmark/vocab.json,weighted,harmony_optional,4,batch,celltype,11990,3346,3256,2000,2,9,,,,,,,,,,,SKIPPED,harmonypy unavailable
Immune_Human,data/batch-correction/Immune_Human_openproblems.h5ad,minus,/root/autodl-tmp/projects/comparison-SC-embedding/scbenchmark/save_pretrain/minus/best_model.pt,/root/autodl-tmp/projects/comparison-SC-embedding/scbenchmark/vocab.json,weighted,none,0,batch,cell_type,33506,12303,12077,2000,10,16,0.5653329575991982,0.30788651643470205,0.017597489058971405,0.2969389876976239,0.9926879294216633,0.942003221538395,0.9673455754800291,0.5651016228105861,0.5056705133306805,0.6302228412256268,OK,
Immune_Human,data/batch-correction/Immune_Human_openproblems.h5ad,minus,/root/autodl-tmp/projects/comparison-SC-embedding/scbenchmark/save_pretrain/minus/best_model.pt,/root/autodl-tmp/projects/comparison-SC-embedding/scbenchmark/vocab.json,weighted,none,1,batch,cell_type,33506,12303,12077,2000,10,16,0.5706867725597666,0.31973197190216157,0.017597489058971405,0.30267207784029987,0.9926879294216633,0.942003221538395,0.9673455754800291,0.5685414768961916,0.5091524074810982,0.6273378432152805,OK,
Immune_Human,data/batch-correction/Immune_Human_openproblems.h5ad,minus,/root/autodl-tmp/projects/comparison-SC-embedding/scbenchmark/save_pretrain/minus/best_model.pt,/root/autodl-tmp/projects/comparison-SC-embedding/scbenchmark/vocab.json,weighted,none,2,batch,cell_type,33506,12303,12077,2000,10,16,0.5706067763514819,0.3193501729183177,0.017597489058971405,0.3025181461095903,0.9926879294216633,0.942003221538395,0.9673455754800291,0.5684491178577659,0.5061679267807402,0.6309192200557103,OK,
Immune_Human,data/batch-correction/Immune_Human_openproblems.h5ad,minus,/root/autodl-tmp/projects/comparison-SC-embedding/scbenchmark/save_pretrain/minus/best_model.pt,/root/autodl-tmp/projects/comparison-SC-embedding/scbenchmark/vocab.json,weighted,none,3,batch,cell_type,33506,12303,12077,2000,10,16,0.5707659566004775,0.3196564666686217,0.017597489058971405,0.30267330410935683,0.9926879294216633,0.942003221538395,0.9673455754800291,0.5685422126576258,0.5099482690011938,0.626641464385197,OK,
Immune_Human,data/batch-correction/Immune_Human_openproblems.h5ad,minus,/root/autodl-tmp/projects/comparison-SC-embedding/scbenchmark/save_pretrain/minus/best_model.pt,/root/autodl-tmp/projects/comparison-SC-embedding/scbenchmark/vocab.json,weighted,none,4,batch,cell_type,33506,12303,12077,2000,10,16,0.5707504385084468,0.31967644102407433,0.017597489058971405,0.3026747895304975,0.9926879294216633,0.942003221538395,0.9673455754800291,0.5685431039103102,0.5082570632709908,0.6287306008754476,OK,
Immune_Human,data/batch-correction/Immune_Human_openproblems.h5ad,minus,/root/autodl-tmp/projects/comparison-SC-embedding/scbenchmark/save_pretrain/minus/best_model.pt,/root/autodl-tmp/projects/comparison-SC-embedding/scbenchmark/vocab.json,weighted,linear_residual,0,batch,cell_type,33506,12303,12077,2000,10,16,0.5429191894379036,0.30727747641474934,0.06304909802724544,0.3044152546266328,1.0,0.9874627792931464,0.9937313896465731,0.580141708634609,0.32013529645841626,0.5713290887385595,OK,
Immune_Human,data/batch-correction/Immune_Human_openproblems.h5ad,minus,/root/autodl-tmp/projects/comparison-SC-embedding/scbenchmark/save_pretrain/minus/best_model.pt,/root/autodl-tmp/projects/comparison-SC-embedding/scbenchmark/vocab.json,weighted,linear_residual,1,batch,cell_type,33506,12303,12077,2000,10,16,0.5446177381642588,0.3070105018622867,0.06304909802724544,0.30489244601793036,1.0,0.9874627792931464,0.9937313896465731,0.5804280234693875,0.32013529645841626,0.5706327099084759,OK,
Immune_Human,data/batch-correction/Immune_Human_openproblems.h5ad,minus,/root/autodl-tmp/projects/comparison-SC-embedding/scbenchmark/save_pretrain/minus/best_model.pt,/root/autodl-tmp/projects/comparison-SC-embedding/scbenchmark/vocab.json,weighted,linear_residual,2,batch,cell_type,33506,12303,12077,2000,10,16,0.5500599994815631,0.3322103372078361,0.06304909802724544,0.31510647823888155,1.0,0.9874627792931464,0.9937313896465731,0.5865564428019583,0.32013529645841626,0.5697373656983685,OK,
Immune_Human,data/batch-correction/Immune_Human_openproblems.h5ad,minus,/root/autodl-tmp/projects/comparison-SC-embedding/scbenchmark/save_pretrain/minus/best_model.pt,/root/autodl-tmp/projects/comparison-SC-embedding/scbenchmark/vocab.json,weighted,linear_residual,3,batch,cell_type,33506,12303,12077,2000,10,16,0.5490526832165946,0.3358899449050106,0.06304909802724544,0.31599724204961693,1.0,0.9874627792931464,0.9937313896465731,0.5870909010883995,0.32013529645841626,0.5700358137684043,OK,
Immune_Human,data/batch-correction/Immune_Human_openproblems.h5ad,minus,/root/autodl-tmp/projects/comparison-SC-embedding/scbenchmark/save_pretrain/minus/best_model.pt,/root/autodl-tmp/projects/comparison-SC-embedding/scbenchmark/vocab.json,weighted,linear_residual,4,batch,cell_type,33506,12303,12077,2000,10,16,0.5402051820545614,0.31069316933532864,0.06304909802724544,0.30464914980571184,1.0,0.9874627792931464,0.9937313896465731,0.5802820457420564,0.32013529645841626,0.5734182252288101,OK,
Immune_Human,data/batch-correction/Immune_Human_openproblems.h5ad,minus,/root/autodl-tmp/projects/comparison-SC-embedding/scbenchmark/save_pretrain/minus/best_model.pt,/root/autodl-tmp/projects/comparison-SC-embedding/scbenchmark/vocab.json,weighted,harmony_optional,0,batch,cell_type,33506,12303,12077,2000,10,16,,,,,,,,,,,SKIPPED,harmonypy unavailable
Immune_Human,data/batch-correction/Immune_Human_openproblems.h5ad,minus,/root/autodl-tmp/projects/comparison-SC-embedding/scbenchmark/save_pretrain/minus/best_model.pt,/root/autodl-tmp/projects/comparison-SC-embedding/scbenchmark/vocab.json,weighted,harmony_optional,1,batch,cell_type,33506,12303,12077,2000,10,16,,,,,,,,,,,SKIPPED,harmonypy unavailable
Immune_Human,data/batch-correction/Immune_Human_openproblems.h5ad,minus,/root/autodl-tmp/projects/comparison-SC-embedding/scbenchmark/save_pretrain/minus/best_model.pt,/root/autodl-tmp/projects/comparison-SC-embedding/scbenchmark/vocab.json,weighted,harmony_optional,2,batch,cell_type,33506,12303,12077,2000,10,16,,,,,,,,,,,SKIPPED,harmonypy unavailable
Immune_Human,data/batch-correction/Immune_Human_openproblems.h5ad,minus,/root/autodl-tmp/projects/comparison-SC-embedding/scbenchmark/save_pretrain/minus/best_model.pt,/root/autodl-tmp/projects/comparison-SC-embedding/scbenchmark/vocab.json,weighted,harmony_optional,3,batch,cell_type,33506,12303,12077,2000,10,16,,,,,,,,,,,SKIPPED,harmonypy unavailable
Immune_Human,data/batch-correction/Immune_Human_openproblems.h5ad,minus,/root/autodl-tmp/projects/comparison-SC-embedding/scbenchmark/save_pretrain/minus/best_model.pt,/root/autodl-tmp/projects/comparison-SC-embedding/scbenchmark/vocab.json,weighted,harmony_optional,4,batch,cell_type,33506,12303,12077,2000,10,16,,,,,,,,,,,SKIPPED,harmonypy unavailable
Immune_Human,data/batch-correction/Immune_Human_openproblems.h5ad,baseline,/root/autodl-tmp/projects/comparison-SC-embedding/scbenchmark/save_pretrain/baseline/best_model.pt,/root/autodl-tmp/projects/comparison-SC-embedding/scbenchmark/vocab.json,weighted,none,0,batch,cell_type,33506,12303,12077,2000,10,16,0.5066650817387993,0.2702961664986596,-0.0005130259087309241,0.258816074109576,0.9617349170148373,0.9410041034770604,0.9513695102459488,0.5358374485641252,0.5169120573020295,0.5958018304814963,OK,
Immune_Human,data/batch-correction/Immune_Human_openproblems.h5ad,baseline,/root/autodl-tmp/projects/comparison-SC-embedding/scbenchmark/save_pretrain/baseline/best_model.pt,/root/autodl-tmp/projects/comparison-SC-embedding/scbenchmark/vocab.json,weighted,none,1,batch,cell_type,33506,12303,12077,2000,10,16,0.5096357968707989,0.2714818052482981,-0.0005130259087309241,0.26020152540345537,0.9617349170148373,0.9410041034770604,0.9513695102459488,0.5366687193404528,0.5184042976522085,0.5963987266215679,OK,
Immune_Human,data/batch-correction/Immune_Human_openproblems.h5ad,baseline,/root/autodl-tmp/projects/comparison-SC-embedding/scbenchmark/save_pretrain/baseline/best_model.pt,/root/autodl-tmp/projects/comparison-SC-embedding/scbenchmark/vocab.json,weighted,none,2,batch,cell_type,33506,12303,12077,2000,10,16,0.5047065478110039,0.2591272677045266,-0.0005130259087309241,0.2544402632022665,0.9617349170148373,0.9410041034770604,0.9513695102459488,0.5332119620197394,0.5161161957819339,0.5975925189017111,OK,
Immune_Human,data/batch-correction/Immune_Human_openproblems.h5ad,baseline,/root/autodl-tmp/projects/comparison-SC-embedding/scbenchmark/save_pretrain/baseline/best_model.pt,/root/autodl-tmp/projects/comparison-SC-embedding/scbenchmark/vocab.json,weighted,none,3,batch,cell_type,33506,12303,12077,2000,10,16,0.5036424319253271,0.2609225998242907,-0.0005130259087309241,0.2546840019469623,0.9617349170148373,0.9410041034770604,0.9513695102459488,0.533358205266557,0.5184042976522085,0.5950059689614007,OK,
Immune_Human,data/batch-correction/Immune_Human_openproblems.h5ad,baseline,/root/autodl-tmp/projects/comparison-SC-embedding/scbenchmark/save_pretrain/baseline/best_model.pt,/root/autodl-tmp/projects/comparison-SC-embedding/scbenchmark/vocab.json,weighted,none,4,batch,cell_type,33506,12303,12077,2000,10,16,0.5040711609010525,0.26394536765430654,-0.0005130259087309241,0.2558345008822094,0.9617349170148373,0.9410041034770604,0.9513695102459488,0.5340485046277053,0.5179068842021488,0.5950059689614007,OK,
Immune_Human,data/batch-correction/Immune_Human_openproblems.h5ad,baseline,/root/autodl-tmp/projects/comparison-SC-embedding/scbenchmark/save_pretrain/baseline/best_model.pt,/root/autodl-tmp/projects/comparison-SC-embedding/scbenchmark/vocab.json,weighted,linear_residual,0,batch,cell_type,33506,12303,12077,2000,10,16,0.5042940958754542,0.31539531878818783,0.043381660184762055,0.2876903582828014,1.0,0.9580761269441385,0.9790380634720692,0.5642294403585085,0.32013529645841626,0.5546159968165539,OK,
Immune_Human,data/batch-correction/Immune_Human_openproblems.h5ad,baseline,/root/autodl-tmp/projects/comparison-SC-embedding/scbenchmark/save_pretrain/baseline/best_model.pt,/root/autodl-tmp/projects/comparison-SC-embedding/scbenchmark/vocab.json,weighted,linear_residual,1,batch,cell_type,33506,12303,12077,2000,10,16,0.5024363549639298,0.29595810456762917,0.043381660184762055,0.28059203990544035,1.0,0.9580761269441385,0.9790380634720692,0.559970449332092,0.32013529645841626,0.5521289295662555,OK,
Immune_Human,data/batch-correction/Immune_Human_openproblems.h5ad,baseline,/root/autodl-tmp/projects/comparison-SC-embedding/scbenchmark/save_pretrain/baseline/best_model.pt,/root/autodl-tmp/projects/comparison-SC-embedding/scbenchmark/vocab.json,weighted,linear_residual,2,batch,cell_type,33506,12303,12077,2000,10,16,0.5051527219277039,0.2842817684049103,0.043381660184762055,0.2776053835057921,1.0,0.9580761269441385,0.9790380634720692,0.5581784554923029,0.32013529645841626,0.5532232391563868,OK,
Immune_Human,data/batch-correction/Immune_Human_openproblems.h5ad,baseline,/root/autodl-tmp/projects/comparison-SC-embedding/scbenchmark/save_pretrain/baseline/best_model.pt,/root/autodl-tmp/projects/comparison-SC-embedding/scbenchmark/vocab.json,weighted,linear_residual,3,batch,cell_type,33506,12303,12077,2000,10,16,0.5092330869364403,0.2980697765580957,0.043381660184762055,0.28356150789309936,1.0,0.9580761269441385,0.9790380634720692,0.5617521301246873,0.32013529645841626,0.5537206526064464,OK,
Immune_Human,data/batch-correction/Immune_Human_openproblems.h5ad,baseline,/root/autodl-tmp/projects/comparison-SC-embedding/scbenchmark/save_pretrain/baseline/best_model.pt,/root/autodl-tmp/projects/comparison-SC-embedding/scbenchmark/vocab.json,weighted,linear_residual,4,batch,cell_type,33506,12303,12077,2000,10,16,0.5033424560989938,0.294288299307692,0.043381660184762055,0.2803374718638159,1.0,0.9580761269441385,0.9790380634720692,0.5598177085071172,0.32013529645841626,0.5543175487465181,OK,
Immune_Human,data/batch-correction/Immune_Human_openproblems.h5ad,baseline,/root/autodl-tmp/projects/comparison-SC-embedding/scbenchmark/save_pretrain/baseline/best_model.pt,/root/autodl-tmp/projects/comparison-SC-embedding/scbenchmark/vocab.json,weighted,harmony_optional,0,batch,cell_type,33506,12303,12077,2000,10,16,,,,,,,,,,,SKIPPED,harmonypy unavailable
Immune_Human,data/batch-correction/Immune_Human_openproblems.h5ad,baseline,/root/autodl-tmp/projects/comparison-SC-embedding/scbenchmark/save_pretrain/baseline/best_model.pt,/root/autodl-tmp/projects/comparison-SC-embedding/scbenchmark/vocab.json,weighted,harmony_optional,1,batch,cell_type,33506,12303,12077,2000,10,16,,,,,,,,,,,SKIPPED,harmonypy unavailable
Immune_Human,data/batch-correction/Immune_Human_openproblems.h5ad,baseline,/root/autodl-tmp/projects/comparison-SC-embedding/scbenchmark/save_pretrain/baseline/best_model.pt,/root/autodl-tmp/projects/comparison-SC-embedding/scbenchmark/vocab.json,weighted,harmony_optional,2,batch,cell_type,33506,12303,12077,2000,10,16,,,,,,,,,,,SKIPPED,harmonypy unavailable
Immune_Human,data/batch-correction/Immune_Human_openproblems.h5ad,baseline,/root/autodl-tmp/projects/comparison-SC-embedding/scbenchmark/save_pretrain/baseline/best_model.pt,/root/autodl-tmp/projects/comparison-SC-embedding/scbenchmark/vocab.json,weighted,harmony_optional,3,batch,cell_type,33506,12303,12077,2000,10,16,,,,,,,,,,,SKIPPED,harmonypy unavailable
Immune_Human,data/batch-correction/Immune_Human_openproblems.h5ad,baseline,/root/autodl-tmp/projects/comparison-SC-embedding/scbenchmark/save_pretrain/baseline/best_model.pt,/root/autodl-tmp/projects/comparison-SC-embedding/scbenchmark/vocab.json,weighted,harmony_optional,4,batch,cell_type,33506,12303,12077,2000,10,16,,,,,,,,,,,SKIPPED,harmonypy unavailable
Immune_Human,data/batch-correction/Immune_Human_openproblems.h5ad,scGPT_human,/root/autodl-tmp/projects/comparison-SC-embedding/scbenchmark/save_pretrain/scGPT_human/best_model.pt,/root/autodl-tmp/projects/comparison-SC-embedding/scbenchmark/vocab.json,weighted,none,0,batch,cell_type,33506,12303,12077,2000,10,16,0.5542073069357963,0.3163480835565506,0.005705294199287891,0.29208689489721157,0.9742738585919142,0.9542805748936002,0.9642772167427571,0.5609630236354298,0.6152009550338241,0.7224432948666932,OK,
Immune_Human,data/batch-correction/Immune_Human_openproblems.h5ad,scGPT_human,/root/autodl-tmp/projects/comparison-SC-embedding/scbenchmark/save_pretrain/scGPT_human/best_model.pt,/root/autodl-tmp/projects/comparison-SC-embedding/scbenchmark/vocab.json,weighted,none,1,batch,cell_type,33506,12303,12077,2000,10,16,0.5494736296234777,0.3051303795698663,0.005705294199287891,0.286769767797544,0.9742738585919142,0.9542805748936002,0.9642772167427571,0.5577727473756292,0.6196776760843613,0.72124950258655,OK,
Immune_Human,data/batch-correction/Immune_Human_openproblems.h5ad,scGPT_human,/root/autodl-tmp/projects/comparison-SC-embedding/scbenchmark/save_pretrain/scGPT_human/best_model.pt,/root/autodl-tmp/projects/comparison-SC-embedding/scbenchmark/vocab.json,weighted,none,2,batch,cell_type,33506,12303,12077,2000,10,16,0.5401790063719082,0.2882428636871485,0.005705294199287891,0.27804238808611487,0.9742738585919142,0.9542805748936002,0.9642772167427571,0.5525363195487718,0.6170911261440509,0.7233386390768006,OK,
Immune_Human,data/batch-correction/Immune_Human_openproblems.h5ad,scGPT_human,/root/autodl-tmp/projects/comparison-SC-embedding/scbenchmark/save_pretrain/scGPT_human/best_model.pt,/root/autodl-tmp/projects/comparison-SC-embedding/scbenchmark/vocab.json,weighted,none,3,batch,cell_type,33506,12303,12077,2000,10,16,0.5084810138221164,0.26727320204241656,0.005705294199287891,0.26048650335460694,0.9742738585919142,0.9542805748936002,0.9642772167427571,0.5420027887098671,0.6131118185435734,0.7198567449263829,OK,
Immune_Human,data/batch-correction/Immune_Human_openproblems.h5ad,scGPT_human,/root/autodl-tmp/projects/comparison-SC-embedding/scbenchmark/save_pretrain/scGPT_human/best_model.pt,/root/autodl-tmp/projects/comparison-SC-embedding/scbenchmark/vocab.json,weighted,none,4,batch,cell_type,33506,12303,12077,2000,10,16,0.5482761456269314,0.29554218356479334,0.005705294199287891,0.2831745411303375,0.9742738585919142,0.9542805748936002,0.9642772167427571,0.5556156113753054,0.6113211301233585,0.7230401910067649,OK,
Immune_Human,data/batch-correction/Immune_Human_openproblems.h5ad,scGPT_human,/root/autodl-tmp/projects/comparison-SC-embedding/scbenchmark/save_pretrain/scGPT_human/best_model.pt,/root/autodl-tmp/projects/comparison-SC-embedding/scbenchmark/vocab.json,weighted,linear_residual,0,batch,cell_type,33506,12303,12077,2000,10,16,0.5155704211208917,0.3067613064972464,0.0478843896579574,0.29007203909203183,1.0,0.9831307804096727,0.9915653902048364,0.5706693795371537,0.32013529645841626,0.7073219259848786,OK,
Immune_Human,data/batch-correction/Immune_Human_openproblems.h5ad,scGPT_human,/root/autodl-tmp/projects/comparison-SC-embedding/scbenchmark/save_pretrain/scGPT_human/best_model.pt,/root/autodl-tmp/projects/comparison-SC-embedding/scbenchmark/vocab.json,weighted,linear_residual,1,batch,cell_type,33506,12303,12077,2000,10,16,0.5279331103352857,0.32696744544933637,0.0478843896579574,0.3009283151475265,1.0,0.9831307804096727,0.9915653902048364,0.5771831451704504,0.32013529645841626,0.7048348587345802,OK,
Immune_Human,data/batch-correction/Immune_Human_openproblems.h5ad,scGPT_human,/root/autodl-tmp/projects/comparison-SC-embedding/scbenchmark/save_pretrain/scGPT_human/best_model.pt,/root/autodl-tmp/projects/comparison-SC-embedding/scbenchmark/vocab.json,weighted,linear_residual,2,batch,cell_type,33506,12303,12077,2000,10,16,0.5222813919274689,0.31412033722132504,0.0478843896579574,0.29476203960225045,1.0,0.9831307804096727,0.9915653902048364,0.5734833798432848,0.32013529645841626,0.7068245125348189,OK,
Immune_Human,data/batch-correction/Immune_Human_openproblems.h5ad,scGPT_human,/root/autodl-tmp/projects/comparison-SC-embedding/scbenchmark/save_pretrain/scGPT_human/best_model.pt,/root/autodl-tmp/projects/comparison-SC-embedding/scbenchmark/vocab.json,weighted,linear_residual,3,batch,cell_type,33506,12303,12077,2000,10,16,0.5171582049188987,0.3071543502956316,0.0478843896579574,0.2907323149574959,1.0,0.9831307804096727,0.9915653902048364,0.5710655450564321,0.32013529645841626,0.705033824114604,OK,
Immune_Human,data/batch-correction/Immune_Human_openproblems.h5ad,scGPT_human,/root/autodl-tmp/projects/comparison-SC-embedding/scbenchmark/save_pretrain/scGPT_human/best_model.pt,/root/autodl-tmp/projects/comparison-SC-embedding/scbenchmark/vocab.json,weighted,linear_residual,4,batch,cell_type,33506,12303,12077,2000,10,16,0.5226094902390113,0.2995205640425345,0.0478843896579574,0.290004814646501,1.0,0.9831307804096727,0.9915653902048364,0.5706290448698352,0.32013529645841626,0.7095105451651412,OK,
Immune_Human,data/batch-correction/Immune_Human_openproblems.h5ad,scGPT_human,/root/autodl-tmp/projects/comparison-SC-embedding/scbenchmark/save_pretrain/scGPT_human/best_model.pt,/root/autodl-tmp/projects/comparison-SC-embedding/scbenchmark/vocab.json,weighted,harmony_optional,0,batch,cell_type,33506,12303,12077,2000,10,16,,,,,,,,,,,SKIPPED,harmonypy unavailable
Immune_Human,data/batch-correction/Immune_Human_openproblems.h5ad,scGPT_human,/root/autodl-tmp/projects/comparison-SC-embedding/scbenchmark/save_pretrain/scGPT_human/best_model.pt,/root/autodl-tmp/projects/comparison-SC-embedding/scbenchmark/vocab.json,weighted,harmony_optional,1,batch,cell_type,33506,12303,12077,2000,10,16,,,,,,,,,,,SKIPPED,harmonypy unavailable
Immune_Human,data/batch-correction/Immune_Human_openproblems.h5ad,scGPT_human,/root/autodl-tmp/projects/comparison-SC-embedding/scbenchmark/save_pretrain/scGPT_human/best_model.pt,/root/autodl-tmp/projects/comparison-SC-embedding/scbenchmark/vocab.json,weighted,harmony_optional,2,batch,cell_type,33506,12303,12077,2000,10,16,,,,,,,,,,,SKIPPED,harmonypy unavailable
Immune_Human,data/batch-correction/Immune_Human_openproblems.h5ad,scGPT_human,/root/autodl-tmp/projects/comparison-SC-embedding/scbenchmark/save_pretrain/scGPT_human/best_model.pt,/root/autodl-tmp/projects/comparison-SC-embedding/scbenchmark/vocab.json,weighted,harmony_optional,3,batch,cell_type,33506,12303,12077,2000,10,16,,,,,,,,,,,SKIPPED,harmonypy unavailable
Immune_Human,data/batch-correction/Immune_Human_openproblems.h5ad,scGPT_human,/root/autodl-tmp/projects/comparison-SC-embedding/scbenchmark/save_pretrain/scGPT_human/best_model.pt,/root/autodl-tmp/projects/comparison-SC-embedding/scbenchmark/vocab.json,weighted,harmony_optional,4,batch,cell_type,33506,12303,12077,2000,10,16,,,,,,,,,,,SKIPPED,harmonypy unavailable
Immune_Human,data/batch-correction/Immune_Human_openproblems.h5ad,v4_bias_rec_best,/root/autodl-tmp/projects/comparison-SC-embedding/scbenchmark/save_pretrain/v4_bias_rec_best/best_model.pt,/root/autodl-tmp/projects/comparison-SC-embedding/scbenchmark/vocab.json,weighted,none,0,batch,cell_type,33506,12303,12077,2000,10,16,0.4698488526525804,0.2415102273442865,-0.015163588337600231,0.23206516388642226,0.9781380575150251,0.9294979717719523,0.9538180146434887,0.5207663041892489,0.5968961400716275,0.6953840031834461,OK,
Immune_Human,data/batch-correction/Immune_Human_openproblems.h5ad,v4_bias_rec_best,/root/autodl-tmp/projects/comparison-SC-embedding/scbenchmark/save_pretrain/v4_bias_rec_best/best_model.pt,/root/autodl-tmp/projects/comparison-SC-embedding/scbenchmark/vocab.json,weighted,none,1,batch,cell_type,33506,12303,12077,2000,10,16,0.4779704259744673,0.25874970318088064,-0.015163588337600231,0.24051884693924927,0.9781380575150251,0.9294979717719523,0.9538180146434887,0.5258385140209451,0.6008754476721051,0.6903103859928372,OK,
Immune_Human,data/batch-correction/Immune_Human_openproblems.h5ad,v4_bias_rec_best,/root/autodl-tmp/projects/comparison-SC-embedding/scbenchmark/save_pretrain/v4_bias_rec_best/best_model.pt,/root/autodl-tmp/projects/comparison-SC-embedding/scbenchmark/vocab.json,weighted,none,2,batch,cell_type,33506,12303,12077,2000,10,16,0.47004084123857554,0.2418573115706024,-0.015163588337600231,0.23224485482385923,0.9781380575150251,0.9294979717719523,0.9538180146434887,0.5208741187517111,0.5973935535216872,0.6921010744130521,OK,
Immune_Human,data/batch-correction/Immune_Human_openproblems.h5ad,v4_bias_rec_best,/root/autodl-tmp/projects/comparison-SC-embedding/scbenchmark/save_pretrain/v4_bias_rec_best/best_model.pt,/root/autodl-tmp/projects/comparison-SC-embedding/scbenchmark/vocab.json,weighted,none,3,batch,cell_type,33506,12303,12077,2000,10,16,0.46573470056509436,0.23656338427554766,-0.015163588337600231,0.2290448321676806,0.9781380575150251,0.9294979717719523,0.9538180146434887,0.5189541051580039,0.5990847592518902,0.6903103859928372,OK,
Immune_Human,data/batch-correction/Immune_Human_openproblems.h5ad,v4_bias_rec_best,/root/autodl-tmp/projects/comparison-SC-embedding/scbenchmark/save_pretrain/v4_bias_rec_best/best_model.pt,/root/autodl-tmp/projects/comparison-SC-embedding/scbenchmark/vocab.json,weighted,none,4,batch,cell_type,33506,12303,12077,2000,10,16,0.4699046826393285,0.2418938549041903,-0.015163588337600231,0.23221164973530617,0.9781380575150251,0.9294979717719523,0.9538180146434887,0.5208541956985793,0.5934142459212097,0.6911062475129327,OK,
Immune_Human,data/batch-correction/Immune_Human_openproblems.h5ad,v4_bias_rec_best,/root/autodl-tmp/projects/comparison-SC-embedding/scbenchmark/save_pretrain/v4_bias_rec_best/best_model.pt,/root/autodl-tmp/projects/comparison-SC-embedding/scbenchmark/vocab.json,weighted,linear_residual,0,batch,cell_type,33506,12303,12077,2000,10,16,0.46227352306976427,0.2667012885251221,0.02647253702606067,0.25181578287364903,1.0,0.9556194857553536,0.9778097428776769,0.5422133668752602,0.32013529645841626,0.6588738559490649,OK,
Immune_Human,data/batch-correction/Immune_Human_openproblems.h5ad,v4_bias_rec_best,/root/autodl-tmp/projects/comparison-SC-embedding/scbenchmark/save_pretrain/v4_bias_rec_best/best_model.pt,/root/autodl-tmp/projects/comparison-SC-embedding/scbenchmark/vocab.json,weighted,linear_residual,1,batch,cell_type,33506,12303,12077,2000,10,16,0.46253835918075226,0.2671244806673151,0.02647253702606067,0.2520451256247093,1.0,0.9556194857553536,0.9778097428776769,0.5423509725258964,0.32013529645841626,0.6541981695185037,OK,
Immune_Human,data/batch-correction/Immune_Human_openproblems.h5ad,v4_bias_rec_best,/root/autodl-tmp/projects/comparison-SC-embedding/scbenchmark/save_pretrain/v4_bias_rec_best/best_model.pt,/root/autodl-tmp/projects/comparison-SC-embedding/scbenchmark/vocab.json,weighted,linear_residual,2,batch,cell_type,33506,12303,12077,2000,10,16,0.4733927068052528,0.27104985469409226,0.02647253702606067,0.2569716995084686,1.0,0.9556194857553536,0.9778097428776769,0.545306916856152,0.32013529645841626,0.6584759251890171,OK,
Immune_Human,data/batch-correction/Immune_Human_openproblems.h5ad,v4_bias_rec_best,/root/autodl-tmp/projects/comparison-SC-embedding/scbenchmark/save_pretrain/v4_bias_rec_best/best_model.pt,/root/autodl-tmp/projects/comparison-SC-embedding/scbenchmark/vocab.json,weighted,linear_residual,3,batch,cell_type,33506,12303,12077,2000,10,16,0.4664867162482919,0.26862603350558517,0.02647253702606067,0.25386176225997925,1.0,0.9556194857553536,0.9778097428776769,0.5434409545070583,0.32013529645841626,0.6566852367688022,OK,
Immune_Human,data/batch-correction/Immune_Human_openproblems.h5ad,v4_bias_rec_best,/root/autodl-tmp/projects/comparison-SC-embedding/scbenchmark/save_pretrain/v4_bias_rec_best/best_model.pt,/root/autodl-tmp/projects/comparison-SC-embedding/scbenchmark/vocab.json,weighted,linear_residual,4,batch,cell_type,33506,12303,12077,2000,10,16,0.4725920964175182,0.2759673707631867,0.02647253702606067,0.2583440014022552,1.0,0.9556194857553536,0.9778097428776769,0.5461302979924239,0.32013529645841626,0.6601671309192201,OK,
Immune_Human,data/batch-correction/Immune_Human_openproblems.h5ad,v4_bias_rec_best,/root/autodl-tmp/projects/comparison-SC-embedding/scbenchmark/save_pretrain/v4_bias_rec_best/best_model.pt,/root/autodl-tmp/projects/comparison-SC-embedding/scbenchmark/vocab.json,weighted,harmony_optional,0,batch,cell_type,33506,12303,12077,2000,10,16,,,,,,,,,,,SKIPPED,harmonypy unavailable
Immune_Human,data/batch-correction/Immune_Human_openproblems.h5ad,v4_bias_rec_best,/root/autodl-tmp/projects/comparison-SC-embedding/scbenchmark/save_pretrain/v4_bias_rec_best/best_model.pt,/root/autodl-tmp/projects/comparison-SC-embedding/scbenchmark/vocab.json,weighted,harmony_optional,1,batch,cell_type,33506,12303,12077,2000,10,16,,,,,,,,,,,SKIPPED,harmonypy unavailable
Immune_Human,data/batch-correction/Immune_Human_openproblems.h5ad,v4_bias_rec_best,/root/autodl-tmp/projects/comparison-SC-embedding/scbenchmark/save_pretrain/v4_bias_rec_best/best_model.pt,/root/autodl-tmp/projects/comparison-SC-embedding/scbenchmark/vocab.json,weighted,harmony_optional,2,batch,cell_type,33506,12303,12077,2000,10,16,,,,,,,,,,,SKIPPED,harmonypy unavailable
Immune_Human,data/batch-correction/Immune_Human_openproblems.h5ad,v4_bias_rec_best,/root/autodl-tmp/projects/comparison-SC-embedding/scbenchmark/save_pretrain/v4_bias_rec_best/best_model.pt,/root/autodl-tmp/projects/comparison-SC-embedding/scbenchmark/vocab.json,weighted,harmony_optional,3,batch,cell_type,33506,12303,12077,2000,10,16,,,,,,,,,,,SKIPPED,harmonypy unavailable
Immune_Human,data/batch-correction/Immune_Human_openproblems.h5ad,v4_bias_rec_best,/root/autodl-tmp/projects/comparison-SC-embedding/scbenchmark/save_pretrain/v4_bias_rec_best/best_model.pt,/root/autodl-tmp/projects/comparison-SC-embedding/scbenchmark/vocab.json,weighted,harmony_optional,4,batch,cell_type,33506,12303,12077,2000,10,16,,,,,,,,,,,SKIPPED,harmonypy unavailable
Immune_Human,data/batch-correction/Immune_Human_openproblems.h5ad,v4_plain_best,/root/autodl-tmp/projects/comparison-SC-embedding/scbenchmark/save_pretrain/v4_plain_best/best_model.pt,/root/autodl-tmp/projects/comparison-SC-embedding/scbenchmark/vocab.json,weighted,none,0,batch,cell_type,33506,12303,12077,2000,10,16,0.5578027881579285,0.3118290099524941,0.014934169128537178,0.29485532241298656,0.9673358835279942,0.9297564572323853,0.9485461703801897,0.5563316615998679,0.5931157978511739,0.7057302029446876,OK,
Immune_Human,data/batch-correction/Immune_Human_openproblems.h5ad,v4_plain_best,/root/autodl-tmp/projects/comparison-SC-embedding/scbenchmark/save_pretrain/v4_plain_best/best_model.pt,/root/autodl-tmp/projects/comparison-SC-embedding/scbenchmark/vocab.json,weighted,none,1,batch,cell_type,33506,12303,12077,2000,10,16,0.5528444568140585,0.30857837462280474,0.014934169128537178,0.2921190001884668,0.9673358835279942,0.9297564572323853,0.9485461703801897,0.554689868265156,0.5939116593712694,0.702049343414246,OK,
Immune_Human,data/batch-correction/Immune_Human_openproblems.h5ad,v4_plain_best,/root/autodl-tmp/projects/comparison-SC-embedding/scbenchmark/save_pretrain/v4_plain_best/best_model.pt,/root/autodl-tmp/projects/comparison-SC-embedding/scbenchmark/vocab.json,weighted,none,2,batch,cell_type,33506,12303,12077,2000,10,16,0.5195085902173416,0.2780822018693886,0.014934169128537178,0.27084165373842245,0.9673358835279942,0.9297564572323853,0.9485461703801897,0.5419234603951294,0.5943095901313171,0.7055312375646637,OK,
Immune_Human,data/batch-correction/Immune_Human_openproblems.h5ad,v4_plain_best,/root/autodl-tmp/projects/comparison-SC-embedding/scbenchmark/save_pretrain/v4_plain_best/best_model.pt,/root/autodl-tmp/projects/comparison-SC-embedding/scbenchmark/vocab.json,weighted,none,3,batch,cell_type,33506,12303,12077,2000,10,16,0.5577782924751208,0.31217471431029736,0.014934169128537178,0.29496239197131846,0.9673358835279942,0.9297564572323853,0.9485461703801897,0.556395903334867,0.5933147632311978,0.7004576203740549,OK,
Immune_Human,data/batch-correction/Immune_Human_openproblems.h5ad,v4_plain_best,/root/autodl-tmp/projects/comparison-SC-embedding/scbenchmark/save_pretrain/v4_plain_best/best_model.pt,/root/autodl-tmp/projects/comparison-SC-embedding/scbenchmark/vocab.json,weighted,none,4,batch,cell_type,33506,12303,12077,2000,10,16,0.5507363753998736,0.2989422389557182,0.014934169128537178,0.2882042611613764,0.9673358835279942,0.9297564572323853,0.9485461703801897,0.5523410248489018,0.5901313171508158,0.705232789494628,OK,
Immune_Human,data/batch-correction/Immune_Human_openproblems.h5ad,v4_plain_best,/root/autodl-tmp/projects/comparison-SC-embedding/scbenchmark/save_pretrain/v4_plain_best/best_model.pt,/root/autodl-tmp/projects/comparison-SC-embedding/scbenchmark/vocab.json,weighted,linear_residual,0,batch,cell_type,33506,12303,12077,2000,10,16,0.5225959517794255,0.30109194864270095,0.052513022783960465,0.29206697440202894,1.0,0.9717430631483852,0.9858715315741926,0.5695887972708944,0.32013529645841626,0.6874253879824911,OK,
Immune_Human,data/batch-correction/Immune_Human_openproblems.h5ad,v4_plain_best,/root/autodl-tmp/projects/comparison-SC-embedding/scbenchmark/save_pretrain/v4_plain_best/best_model.pt,/root/autodl-tmp/projects/comparison-SC-embedding/scbenchmark/vocab.json,weighted,linear_residual,1,batch,cell_type,33506,12303,12077,2000,10,16,0.5177437676400479,0.29421716268070675,0.052513022783960465,0.28815798436823836,1.0,0.9717430631483852,0.9858715315741926,0.5672434032506201,0.32013529645841626,0.6830481496219658,OK,
Immune_Human,data/batch-correction/Immune_Human_openproblems.h5ad,v4_plain_best,/root/autodl-tmp/projects/comparison-SC-embedding/scbenchmark/save_pretrain/v4_plain_best/best_model.pt,/root/autodl-tmp/projects/comparison-SC-embedding/scbenchmark/vocab.json,weighted,linear_residual,2,batch,cell_type,33506,12303,12077,2000,10,16,0.5273304333803418,0.3252326154545858,0.052513022783960465,0.3016920238729627,1.0,0.9717430631483852,0.9858715315741926,0.5753638269534547,0.32013529645841626,0.6853362514922403,OK,
Immune_Human,data/batch-correction/Immune_Human_openproblems.h5ad,v4_plain_best,/root/autodl-tmp/projects/comparison-SC-embedding/scbenchmark/save_pretrain/v4_plain_best/best_model.pt,/root/autodl-tmp/projects/comparison-SC-embedding/scbenchmark/vocab.json,weighted,linear_residual,3,batch,cell_type,33506,12303,12077,2000,10,16,0.5145686850162016,0.2898047715142417,0.052513022783960465,0.28562882643813453,1.0,0.9717430631483852,0.9858715315741926,0.5657259084925578,0.32013529645841626,0.6848388380421807,OK,
Immune_Human,data/batch-correction/Immune_Human_openproblems.h5ad,v4_plain_best,/root/autodl-tmp/projects/comparison-SC-embedding/scbenchmark/save_pretrain/v4_plain_best/best_model.pt,/root/autodl-tmp/projects/comparison-SC-embedding/scbenchmark/vocab.json,weighted,linear_residual,4,batch,cell_type,33506,12303,12077,2000,10,16,0.5281041927636408,0.3270309624751808,0.052513022783960465,0.3025493926742607,1.0,0.9717430631483852,0.9858715315741926,0.5758782482342335,0.32013529645841626,0.6881217668125746,OK,
Immune_Human,data/batch-correction/Immune_Human_openproblems.h5ad,v4_plain_best,/root/autodl-tmp/projects/comparison-SC-embedding/scbenchmark/save_pretrain/v4_plain_best/best_model.pt,/root/autodl-tmp/projects/comparison-SC-embedding/scbenchmark/vocab.json,weighted,harmony_optional,0,batch,cell_type,33506,12303,12077,2000,10,16,,,,,,,,,,,SKIPPED,harmonypy unavailable
Immune_Human,data/batch-correction/Immune_Human_openproblems.h5ad,v4_plain_best,/root/autodl-tmp/projects/comparison-SC-embedding/scbenchmark/save_pretrain/v4_plain_best/best_model.pt,/root/autodl-tmp/projects/comparison-SC-embedding/scbenchmark/vocab.json,weighted,harmony_optional,1,batch,cell_type,33506,12303,12077,2000,10,16,,,,,,,,,,,SKIPPED,harmonypy unavailable
Immune_Human,data/batch-correction/Immune_Human_openproblems.h5ad,v4_plain_best,/root/autodl-tmp/projects/comparison-SC-embedding/scbenchmark/save_pretrain/v4_plain_best/best_model.pt,/root/autodl-tmp/projects/comparison-SC-embedding/scbenchmark/vocab.json,weighted,harmony_optional,2,batch,cell_type,33506,12303,12077,2000,10,16,,,,,,,,,,,SKIPPED,harmonypy unavailable
Immune_Human,data/batch-correction/Immune_Human_openproblems.h5ad,v4_plain_best,/root/autodl-tmp/projects/comparison-SC-embedding/scbenchmark/save_pretrain/v4_plain_best/best_model.pt,/root/autodl-tmp/projects/comparison-SC-embedding/scbenchmark/vocab.json,weighted,harmony_optional,3,batch,cell_type,33506,12303,12077,2000,10,16,,,,,,,,,,,SKIPPED,harmonypy unavailable
Immune_Human,data/batch-correction/Immune_Human_openproblems.h5ad,v4_plain_best,/root/autodl-tmp/projects/comparison-SC-embedding/scbenchmark/save_pretrain/v4_plain_best/best_model.pt,/root/autodl-tmp/projects/comparison-SC-embedding/scbenchmark/vocab.json,weighted,harmony_optional,4,batch,cell_type,33506,12303,12077,2000,10,16,,,,,,,,,,,SKIPPED,harmonypy unavailable
Immune_Human,data/batch-correction/Immune_Human_openproblems.h5ad,v4_type_pe_best,/root/autodl-tmp/projects/comparison-SC-embedding/scbenchmark/save_pretrain/v4_type_pe_best/best_model.pt,/root/autodl-tmp/projects/comparison-SC-embedding/scbenchmark/vocab.json,weighted,none,0,batch,cell_type,33506,12303,12077,2000,10,16,0.5121637941685896,0.2733505228517363,0.003075938206166029,0.2628634184088306,0.964651882648468,0.9114994921115585,0.9380756873800132,0.5329483259973037,0.5952049343414246,0.7060286510147235,OK,
Immune_Human,data/batch-correction/Immune_Human_openproblems.h5ad,v4_type_pe_best,/root/autodl-tmp/projects/comparison-SC-embedding/scbenchmark/save_pretrain/v4_type_pe_best/best_model.pt,/root/autodl-tmp/projects/comparison-SC-embedding/scbenchmark/vocab.json,weighted,none,1,batch,cell_type,33506,12303,12077,2000,10,16,0.5527451780050574,0.31328776513797024,0.003075938206166029,0.2897029604497312,0.964651882648468,0.9114994921115585,0.9380756873800132,0.5490520512218441,0.5965976920015917,0.7033426183844012,OK,
Immune_Human,data/batch-correction/Immune_Human_openproblems.h5ad,v4_type_pe_best,/root/autodl-tmp/projects/comparison-SC-embedding/scbenchmark/save_pretrain/v4_type_pe_best/best_model.pt,/root/autodl-tmp/projects/comparison-SC-embedding/scbenchmark/vocab.json,weighted,none,2,batch,cell_type,33506,12303,12077,2000,10,16,0.5479637228960405,0.3102232060396899,0.003075938206166029,0.2870876223806321,0.964651882648468,0.9114994921115585,0.9380756873800132,0.5474828483803846,0.5980899323517708,0.7049343414245921,OK,
Immune_Human,data/batch-correction/Immune_Human_openproblems.h5ad,v4_type_pe_best,/root/autodl-tmp/projects/comparison-SC-embedding/scbenchmark/save_pretrain/v4_type_pe_best/best_model.pt,/root/autodl-tmp/projects/comparison-SC-embedding/scbenchmark/vocab.json,weighted,none,3,batch,cell_type,33506,12303,12077,2000,10,16,0.544926475478414,0.29639384091857945,0.003075938206166029,0.28146541820105314,0.964651882648468,0.9114994921115585,0.9380756873800132,0.5441095258726372,0.5953044170314366,0.7022483087942698,OK,
Immune_Human,data/batch-correction/Immune_Human_openproblems.h5ad,v4_type_pe_best,/root/autodl-tmp/projects/comparison-SC-embedding/scbenchmark/save_pretrain/v4_type_pe_best/best_model.pt,/root/autodl-tmp/projects/comparison-SC-embedding/scbenchmark/vocab.json,weighted,none,4,batch,cell_type,33506,12303,12077,2000,10,16,0.545553966725797,0.29718687958233836,0.003075938206166029,0.2819389281714338,0.964651882648468,0.9114994921115585,0.9380756873800132,0.5443936318548657,0.591424592120971,0.7069239952248308,OK,
Immune_Human,data/batch-correction/Immune_Human_openproblems.h5ad,v4_type_pe_best,/root/autodl-tmp/projects/comparison-SC-embedding/scbenchmark/save_pretrain/v4_type_pe_best/best_model.pt,/root/autodl-tmp/projects/comparison-SC-embedding/scbenchmark/vocab.json,weighted,linear_residual,0,batch,cell_type,33506,12303,12077,2000,10,16,0.5069870691719992,0.2966472190681726,0.043570358043576264,0.28240154876124934,1.0,0.9730009900930028,0.9865004950465014,0.5640411272753502,0.32013529645841626,0.6894150417827298,OK,
Immune_Human,data/batch-correction/Immune_Human_openproblems.h5ad,v4_type_pe_best,/root/autodl-tmp/projects/comparison-SC-embedding/scbenchmark/save_pretrain/v4_type_pe_best/best_model.pt,/root/autodl-tmp/projects/comparison-SC-embedding/scbenchmark/vocab.json,weighted,linear_residual,1,batch,cell_type,33506,12303,12077,2000,10,16,0.5195856404910982,0.3208926942900852,0.043570358043576264,0.2946828976082532,1.0,0.9730009900930028,0.9865004950465014,0.5714099365835525,0.32013529645841626,0.6825507361719061,OK,
Immune_Human,data/batch-correction/Immune_Human_openproblems.h5ad,v4_type_pe_best,/root/autodl-tmp/projects/comparison-SC-embedding/scbenchmark/save_pretrain/v4_type_pe_best/best_model.pt,/root/autodl-tmp/projects/comparison-SC-embedding/scbenchmark/vocab.json,weighted,linear_residual,2,batch,cell_type,33506,12303,12077,2000,10,16,0.5097993700300757,0.3029170293194261,0.043570358043576264,0.285428919131026,1.0,0.9730009900930028,0.9865004950465014,0.5658575494972162,0.32013529645841626,0.6861321130123359,OK,
Immune_Human,data/batch-correction/Immune_Human_openproblems.h5ad,v4_type_pe_best,/root/autodl-tmp/projects/comparison-SC-embedding/scbenchmark/save_pretrain/v4_type_pe_best/best_model.pt,/root/autodl-tmp/projects/comparison-SC-embedding/scbenchmark/vocab.json,weighted,linear_residual,3,batch,cell_type,33506,12303,12077,2000,10,16,0.5043255103297828,0.29763449133066266,0.043570358043576264,0.2818434532346739,1.0,0.9730009900930028,0.9865004950465014,0.5637062699594049,0.32013529645841626,0.6871269399124552,OK,
Immune_Human,data/batch-correction/Immune_Human_openproblems.h5ad,v4_type_pe_best,/root/autodl-tmp/projects/comparison-SC-embedding/scbenchmark/save_pretrain/v4_type_pe_best/best_model.pt,/root/autodl-tmp/projects/comparison-SC-embedding/scbenchmark/vocab.json,weighted,linear_residual,4,batch,cell_type,33506,12303,12077,2000,10,16,0.518166979190813,0.3202939775854842,0.043570358043576264,0.29401043827329115,1.0,0.9730009900930028,0.9865004950465014,0.5710064609825752,0.32013529645841626,0.6912057302029447,OK,
Immune_Human,data/batch-correction/Immune_Human_openproblems.h5ad,v4_type_pe_best,/root/autodl-tmp/projects/comparison-SC-embedding/scbenchmark/save_pretrain/v4_type_pe_best/best_model.pt,/root/autodl-tmp/projects/comparison-SC-embedding/scbenchmark/vocab.json,weighted,harmony_optional,0,batch,cell_type,33506,12303,12077,2000,10,16,,,,,,,,,,,SKIPPED,harmonypy unavailable
Immune_Human,data/batch-correction/Immune_Human_openproblems.h5ad,v4_type_pe_best,/root/autodl-tmp/projects/comparison-SC-embedding/scbenchmark/save_pretrain/v4_type_pe_best/best_model.pt,/root/autodl-tmp/projects/comparison-SC-embedding/scbenchmark/vocab.json,weighted,harmony_optional,1,batch,cell_type,33506,12303,12077,2000,10,16,,,,,,,,,,,SKIPPED,harmonypy unavailable
Immune_Human,data/batch-correction/Immune_Human_openproblems.h5ad,v4_type_pe_best,/root/autodl-tmp/projects/comparison-SC-embedding/scbenchmark/save_pretrain/v4_type_pe_best/best_model.pt,/root/autodl-tmp/projects/comparison-SC-embedding/scbenchmark/vocab.json,weighted,harmony_optional,2,batch,cell_type,33506,12303,12077,2000,10,16,,,,,,,,,,,SKIPPED,harmonypy unavailable
Immune_Human,data/batch-correction/Immune_Human_openproblems.h5ad,v4_type_pe_best,/root/autodl-tmp/projects/comparison-SC-embedding/scbenchmark/save_pretrain/v4_type_pe_best/best_model.pt,/root/autodl-tmp/projects/comparison-SC-embedding/scbenchmark/vocab.json,weighted,harmony_optional,3,batch,cell_type,33506,12303,12077,2000,10,16,,,,,,,,,,,SKIPPED,harmonypy unavailable
Immune_Human,data/batch-correction/Immune_Human_openproblems.h5ad,v4_type_pe_best,/root/autodl-tmp/projects/comparison-SC-embedding/scbenchmark/save_pretrain/v4_type_pe_best/best_model.pt,/root/autodl-tmp/projects/comparison-SC-embedding/scbenchmark/vocab.json,weighted,harmony_optional,4,batch,cell_type,33506,12303,12077,2000,10,16,,,,,,,,,,,SKIPPED,harmonypy unavailable
Immune_Human,data/batch-correction/Immune_Human_openproblems.h5ad,scconcept,/root/autodl-tmp/projects/comparison-SC-embedding/scbenchmark/save_pretrain/scconcept/best_model.pt,/root/autodl-tmp/projects/comparison-SC-embedding/scbenchmark/vocab.json,weighted,none,0,batch,cell_type,33506,12303,12077,2000,10,16,0.5325150217864623,0.30075287347551943,-0.06530358642339706,0.25598810294619484,1.0,0.9556154158178877,0.9778077079089438,0.5447159449312944,0.8328690807799443,0.8664942300039793,OK,
Immune_Human,data/batch-correction/Immune_Human_openproblems.h5ad,scconcept,/root/autodl-tmp/projects/comparison-SC-embedding/scbenchmark/save_pretrain/scconcept/best_model.pt,/root/autodl-tmp/projects/comparison-SC-embedding/scbenchmark/vocab.json,weighted,none,1,batch,cell_type,33506,12303,12077,2000,10,16,0.5385263638532197,0.3010174038566799,-0.06530358642339706,0.2580800604288342,1.0,0.9556154158178877,0.9778077079089438,0.5459711194208781,0.8335654596100278,0.8691802626343016,OK,
Immune_Human,data/batch-correction/Immune_Human_openproblems.h5ad,scconcept,/root/autodl-tmp/projects/comparison-SC-embedding/scbenchmark/save_pretrain/scconcept/best_model.pt,/root/autodl-tmp/projects/comparison-SC-embedding/scbenchmark/vocab.json,weighted,none,2,batch,cell_type,33506,12303,12077,2000,10,16,0.5322603185420439,0.307438796308644,-0.06530358642339706,0.25813184280909696,1.0,0.9556154158178877,0.9778077079089438,0.5460021888490357,0.8305809789096698,0.8722642260246717,OK,
Immune_Human,data/batch-correction/Immune_Human_openproblems.h5ad,scconcept,/root/autodl-tmp/projects/comparison-SC-embedding/scbenchmark/save_pretrain/scconcept/best_model.pt,/root/autodl-tmp/projects/comparison-SC-embedding/scbenchmark/vocab.json,weighted,none,3,batch,cell_type,33506,12303,12077,2000,10,16,0.53867269352712,0.30110681601281447,-0.06530358642339706,0.25815864103884584,1.0,0.9556154158178877,0.9778077079089438,0.546018267786885,0.8352566653402308,0.868682849184242,OK,
Immune_Human,data/batch-correction/Immune_Human_openproblems.h5ad,scconcept,/root/autodl-tmp/projects/comparison-SC-embedding/scbenchmark/save_pretrain/scconcept/best_model.pt,/root/autodl-tmp/projects/comparison-SC-embedding/scbenchmark/vocab.json,weighted,none,4,batch,cell_type,33506,12303,12077,2000,10,16,0.5334551884495773,0.30249109993823836,-0.06530358642339706,0.25688090065480623,1.0,0.9556154158178877,0.9778077079089438,0.5452516235564613,0.8364504576203741,0.8675885395941106,OK,
Immune_Human,data/batch-correction/Immune_Human_openproblems.h5ad,scconcept,/root/autodl-tmp/projects/comparison-SC-embedding/scbenchmark/save_pretrain/scconcept/best_model.pt,/root/autodl-tmp/projects/comparison-SC-embedding/scbenchmark/vocab.json,weighted,linear_residual,0,batch,cell_type,33506,12303,12077,2000,10,16,0.5224376017778922,0.3135738688794235,-0.06395417934771151,0.2573524304365347,1.0,0.8994496347939204,0.9497248173969601,0.5343013852207049,0.32013529645841626,0.8469956227616394,OK,
Immune_Human,data/batch-correction/Immune_Human_openproblems.h5ad,scconcept,/root/autodl-tmp/projects/comparison-SC-embedding/scbenchmark/save_pretrain/scconcept/best_model.pt,/root/autodl-tmp/projects/comparison-SC-embedding/scbenchmark/vocab.json,weighted,linear_residual,1,batch,cell_type,33506,12303,12077,2000,10,16,0.5116525761615488,0.30912860858468044,-0.06395417934771151,0.25227566846617255,1.0,0.8994496347939204,0.9497248173969601,0.5312553280384876,0.32013529645841626,0.8498806207719857,OK,
Immune_Human,data/batch-correction/Immune_Human_openproblems.h5ad,scconcept,/root/autodl-tmp/projects/comparison-SC-embedding/scbenchmark/save_pretrain/scconcept/best_model.pt,/root/autodl-tmp/projects/comparison-SC-embedding/scbenchmark/vocab.json,weighted,linear_residual,2,batch,cell_type,33506,12303,12077,2000,10,16,0.5085318013974838,0.2895803099469702,-0.06395417934771151,0.24471931066558084,1.0,0.8994496347939204,0.9497248173969601,0.5267215133581326,0.32013529645841626,0.8469956227616394,OK,
Immune_Human,data/batch-correction/Immune_Human_openproblems.h5ad,scconcept,/root/autodl-tmp/projects/comparison-SC-embedding/scbenchmark/save_pretrain/scconcept/best_model.pt,/root/autodl-tmp/projects/comparison-SC-embedding/scbenchmark/vocab.json,weighted,linear_residual,3,batch,cell_type,33506,12303,12077,2000,10,16,0.5271121599845069,0.33915835167583885,-0.06395417934771151,0.26743877743754474,1.0,0.8994496347939204,0.9497248173969601,0.5403531934213109,0.32013529645841626,0.8489852765618783,OK,
Immune_Human,data/batch-correction/Immune_Human_openproblems.h5ad,scconcept,/root/autodl-tmp/projects/comparison-SC-embedding/scbenchmark/save_pretrain/scconcept/best_model.pt,/root/autodl-tmp/projects/comparison-SC-embedding/scbenchmark/vocab.json,weighted,linear_residual,4,batch,cell_type,33506,12303,12077,2000,10,16,0.5104875429814782,0.3204957687264132,-0.06395417934771151,0.25567637745339333,1.0,0.8994496347939204,0.9497248173969601,0.53329575343082,0.32013529645841626,0.8486868284918424,OK,
Immune_Human,data/batch-correction/Immune_Human_openproblems.h5ad,scconcept,/root/autodl-tmp/projects/comparison-SC-embedding/scbenchmark/save_pretrain/scconcept/best_model.pt,/root/autodl-tmp/projects/comparison-SC-embedding/scbenchmark/vocab.json,weighted,harmony_optional,0,batch,cell_type,33506,12303,12077,2000,10,16,,,,,,,,,,,SKIPPED,harmonypy unavailable
Immune_Human,data/batch-correction/Immune_Human_openproblems.h5ad,scconcept,/root/autodl-tmp/projects/comparison-SC-embedding/scbenchmark/save_pretrain/scconcept/best_model.pt,/root/autodl-tmp/projects/comparison-SC-embedding/scbenchmark/vocab.json,weighted,harmony_optional,1,batch,cell_type,33506,12303,12077,2000,10,16,,,,,,,,,,,SKIPPED,harmonypy unavailable
Immune_Human,data/batch-correction/Immune_Human_openproblems.h5ad,scconcept,/root/autodl-tmp/projects/comparison-SC-embedding/scbenchmark/save_pretrain/scconcept/best_model.pt,/root/autodl-tmp/projects/comparison-SC-embedding/scbenchmark/vocab.json,weighted,harmony_optional,2,batch,cell_type,33506,12303,12077,2000,10,16,,,,,,,,,,,SKIPPED,harmonypy unavailable
Immune_Human,data/batch-correction/Immune_Human_openproblems.h5ad,scconcept,/root/autodl-tmp/projects/comparison-SC-embedding/scbenchmark/save_pretrain/scconcept/best_model.pt,/root/autodl-tmp/projects/comparison-SC-embedding/scbenchmark/vocab.json,weighted,harmony_optional,3,batch,cell_type,33506,12303,12077,2000,10,16,,,,,,,,,,,SKIPPED,harmonypy unavailable
Immune_Human,data/batch-correction/Immune_Human_openproblems.h5ad,scconcept,/root/autodl-tmp/projects/comparison-SC-embedding/scbenchmark/save_pretrain/scconcept/best_model.pt,/root/autodl-tmp/projects/comparison-SC-embedding/scbenchmark/vocab.json,weighted,harmony_optional,4,batch,cell_type,33506,12303,12077,2000,10,16,,,,,,,,,,,SKIPPED,harmonypy unavailable
Immune_Human,data/batch-correction/Immune_Human_openproblems.h5ad,scconcept_encoded,/root/autodl-tmp/projects/comparison-SC-embedding/scbenchmark/save_pretrain/scconcept_encoded/best_model.pt,/root/autodl-tmp/projects/comparison-SC-embedding/scbenchmark/vocab.json,weighted,none,0,batch,cell_type,33506,12303,12077,2000,10,16,0.18114788470658486,0.07667029256593236,-0.24559272825717926,0.004075149671779317,1.0,0.8806384990482761,0.940319249524138,0.3785727896127228,0.6247512932749701,0.7358734580183048,OK,
Immune_Human,data/batch-correction/Immune_Human_openproblems.h5ad,scconcept_encoded,/root/autodl-tmp/projects/comparison-SC-embedding/scbenchmark/save_pretrain/scconcept_encoded/best_model.pt,/root/autodl-tmp/projects/comparison-SC-embedding/scbenchmark/vocab.json,weighted,none,1,batch,cell_type,33506,12303,12077,2000,10,16,0.18107713472405687,0.07652448970142915,-0.24559272825717926,0.0040029653894355826,1.0,0.8806384990482761,0.940319249524138,0.3785294790433166,0.6287306008754476,0.7397532829287704,OK,
Immune_Human,data/batch-correction/Immune_Human_openproblems.h5ad,scconcept_encoded,/root/autodl-tmp/projects/comparison-SC-embedding/scbenchmark/save_pretrain/scconcept_encoded/best_model.pt,/root/autodl-tmp/projects/comparison-SC-embedding/scbenchmark/vocab.json,weighted,none,2,batch,cell_type,33506,12303,12077,2000,10,16,0.18232463358846904,0.07792556773002085,-0.24559272825717926,0.0048858243537702,1.0,0.8806384990482761,0.940319249524138,0.3790591944219173,0.6317150815758058,0.7393553521687226,OK,
Immune_Human,data/batch-correction/Immune_Human_openproblems.h5ad,scconcept_encoded,/root/autodl-tmp/projects/comparison-SC-embedding/scbenchmark/save_pretrain/scconcept_encoded/best_model.pt,/root/autodl-tmp/projects/comparison-SC-embedding/scbenchmark/vocab.json,weighted,none,3,batch,cell_type,33506,12303,12077,2000,10,16,0.18521153888193206,0.07873580265599055,-0.24559272825717926,0.006118204426914446,1.0,0.8806384990482761,0.940319249524138,0.37979862246580387,0.6302228412256268,0.7290091524074811,OK,
Immune_Human,data/batch-correction/Immune_Human_openproblems.h5ad,scconcept_encoded,/root/autodl-tmp/projects/comparison-SC-embedding/scbenchmark/save_pretrain/scconcept_encoded/best_model.pt,/root/autodl-tmp/projects/comparison-SC-embedding/scbenchmark/vocab.json,weighted,none,4,batch,cell_type,33506,12303,12077,2000,10,16,0.18108048988920109,0.07646050073697191,-0.24559272825717926,0.003982754122997904,1.0,0.8806384990482761,0.940319249524138,0.37851735228345396,0.6290290489454835,0.7369677676084362,OK,
Immune_Human,data/batch-correction/Immune_Human_openproblems.h5ad,scconcept_encoded,/root/autodl-tmp/projects/comparison-SC-embedding/scbenchmark/save_pretrain/scconcept_encoded/best_model.pt,/root/autodl-tmp/projects/comparison-SC-embedding/scbenchmark/vocab.json,weighted,linear_residual,0,batch,cell_type,33506,12303,12077,2000,10,16,0.19808546944235444,0.0844912361730648,-0.08728277747256225,0.06509797604761901,1.0,0.849106470463731,0.9245532352318655,0.4088800797213176,0.32013529645841626,0.7034421010744131,OK,
Immune_Human,data/batch-correction/Immune_Human_openproblems.h5ad,scconcept_encoded,/root/autodl-tmp/projects/comparison-SC-embedding/scbenchmark/save_pretrain/scconcept_encoded/best_model.pt,/root/autodl-tmp/projects/comparison-SC-embedding/scbenchmark/vocab.json,weighted,linear_residual,1,batch,cell_type,33506,12303,12077,2000,10,16,0.198061415751,0.08413285195276682,-0.08728277747256225,0.06497049674373485,1.0,0.849106470463731,0.9245532352318655,0.40880359213898715,0.32013529645841626,0.7021488261042579,OK,
Immune_Human,data/batch-correction/Immune_Human_openproblems.h5ad,scconcept_encoded,/root/autodl-tmp/projects/comparison-SC-embedding/scbenchmark/save_pretrain/scconcept_encoded/best_model.pt,/root/autodl-tmp/projects/comparison-SC-embedding/scbenchmark/vocab.json,weighted,linear_residual,2,batch,cell_type,33506,12303,12077,2000,10,16,0.19788361038781527,0.08405904367275979,-0.08728277747256225,0.0648866255293376,1.0,0.849106470463731,0.9245532352318655,0.4087532694103488,0.32013529645841626,0.7092120970951055,OK,
Immune_Human,data/batch-correction/Immune_Human_openproblems.h5ad,scconcept_encoded,/root/autodl-tmp/projects/comparison-SC-embedding/scbenchmark/save_pretrain/scconcept_encoded/best_model.pt,/root/autodl-tmp/projects/comparison-SC-embedding/scbenchmark/vocab.json,weighted,linear_residual,3,batch,cell_type,33506,12303,12077,2000,10,16,0.19683162547572983,0.08126501521533261,-0.08728277747256225,0.06360462107283339,1.0,0.849106470463731,0.9245532352318655,0.40798406673644627,0.32013529645841626,0.703541583764425,OK,
Immune_Human,data/batch-correction/Immune_Human_openproblems.h5ad,scconcept_encoded,/root/autodl-tmp/projects/comparison-SC-embedding/scbenchmark/save_pretrain/scconcept_encoded/best_model.pt,/root/autodl-tmp/projects/comparison-SC-embedding/scbenchmark/vocab.json,weighted,linear_residual,4,batch,cell_type,33506,12303,12077,2000,10,16,0.19743586530516513,0.08433824824003161,-0.08728277747256225,0.06483044535754484,1.0,0.849106470463731,0.9245532352318655,0.4087195613072731,0.32013529645841626,0.7077198567449264,OK,
Immune_Human,data/batch-correction/Immune_Human_openproblems.h5ad,scconcept_encoded,/root/autodl-tmp/projects/comparison-SC-embedding/scbenchmark/save_pretrain/scconcept_encoded/best_model.pt,/root/autodl-tmp/projects/comparison-SC-embedding/scbenchmark/vocab.json,weighted,harmony_optional,0,batch,cell_type,33506,12303,12077,2000,10,16,,,,,,,,,,,SKIPPED,harmonypy unavailable
Immune_Human,data/batch-correction/Immune_Human_openproblems.h5ad,scconcept_encoded,/root/autodl-tmp/projects/comparison-SC-embedding/scbenchmark/save_pretrain/scconcept_encoded/best_model.pt,/root/autodl-tmp/projects/comparison-SC-embedding/scbenchmark/vocab.json,weighted,harmony_optional,1,batch,cell_type,33506,12303,12077,2000,10,16,,,,,,,,,,,SKIPPED,harmonypy unavailable
Immune_Human,data/batch-correction/Immune_Human_openproblems.h5ad,scconcept_encoded,/root/autodl-tmp/projects/comparison-SC-embedding/scbenchmark/save_pretrain/scconcept_encoded/best_model.pt,/root/autodl-tmp/projects/comparison-SC-embedding/scbenchmark/vocab.json,weighted,harmony_optional,2,batch,cell_type,33506,12303,12077,2000,10,16,,,,,,,,,,,SKIPPED,harmonypy unavailable
Immune_Human,data/batch-correction/Immune_Human_openproblems.h5ad,scconcept_encoded,/root/autodl-tmp/projects/comparison-SC-embedding/scbenchmark/save_pretrain/scconcept_encoded/best_model.pt,/root/autodl-tmp/projects/comparison-SC-embedding/scbenchmark/vocab.json,weighted,harmony_optional,3,batch,cell_type,33506,12303,12077,2000,10,16,,,,,,,,,,,SKIPPED,harmonypy unavailable
Immune_Human,data/batch-correction/Immune_Human_openproblems.h5ad,scconcept_encoded,/root/autodl-tmp/projects/comparison-SC-embedding/scbenchmark/save_pretrain/scconcept_encoded/best_model.pt,/root/autodl-tmp/projects/comparison-SC-embedding/scbenchmark/vocab.json,weighted,harmony_optional,4,batch,cell_type,33506,12303,12077,2000,10,16,,,,,,,,,,,SKIPPED,harmonypy unavailable
Immune_Human,data/batch-correction/Immune_Human_openproblems.h5ad,cl_scratch_v5,/root/autodl-tmp/projects/comparison-SC-embedding/scbenchmark/save_pretrain/cl_scratch_v5/best_model.pt,/root/autodl-tmp/projects/comparison-SC-embedding/scbenchmark/vocab.json,weighted,none,0,batch,cell_type,33506,12303,12077,2000,10,16,0.5387309601434698,0.28717316041289304,0.004327143542468548,0.2767437546996105,0.9564851596951485,0.9002875051992917,0.9283863324472201,0.5374007857986544,0.5968961400716275,0.7070234779148428,OK,
Immune_Human,data/batch-correction/Immune_Human_openproblems.h5ad,cl_scratch_v5,/root/autodl-tmp/projects/comparison-SC-embedding/scbenchmark/save_pretrain/cl_scratch_v5/best_model.pt,/root/autodl-tmp/projects/comparison-SC-embedding/scbenchmark/vocab.json,weighted,none,1,batch,cell_type,33506,12303,12077,2000,10,16,0.5449176714682588,0.2952529044435497,0.004327143542468548,0.28149923981809233,0.9564851596951485,0.9002875051992917,0.9283863324472201,0.5402540768697435,0.6000795861520095,0.702049343414246,OK,
Immune_Human,data/batch-correction/Immune_Human_openproblems.h5ad,cl_scratch_v5,/root/autodl-tmp/projects/comparison-SC-embedding/scbenchmark/save_pretrain/cl_scratch_v5/best_model.pt,/root/autodl-tmp/projects/comparison-SC-embedding/scbenchmark/vocab.json,weighted,none,2,batch,cell_type,33506,12303,12077,2000,10,16,0.5469570072235267,0.296071862394036,0.004327143542468548,0.2824520043866771,0.9564851596951485,0.9002875051992917,0.9283863324472201,0.5408257356108943,0.6020692399522483,0.7068245125348189,OK,
Immune_Human,data/batch-correction/Immune_Human_openproblems.h5ad,cl_scratch_v5,/root/autodl-tmp/projects/comparison-SC-embedding/scbenchmark/save_pretrain/cl_scratch_v5/best_model.pt,/root/autodl-tmp/projects/comparison-SC-embedding/scbenchmark/vocab.json,weighted,none,3,batch,cell_type,33506,12303,12077,2000,10,16,0.5124005793436482,0.2726515126555266,0.004327143542468548,0.26312641184721447,0.9564851596951485,0.9002875051992917,0.9283863324472201,0.5292303800872168,0.6002785515320335,0.7032431356943891,OK,
Immune_Human,data/batch-correction/Immune_Human_openproblems.h5ad,cl_scratch_v5,/root/autodl-tmp/projects/comparison-SC-embedding/scbenchmark/save_pretrain/cl_scratch_v5/best_model.pt,/root/autodl-tmp/projects/comparison-SC-embedding/scbenchmark/vocab.json,weighted,none,4,batch,cell_type,33506,12303,12077,2000,10,16,0.5525284568809282,0.3085034636366003,0.004327143542468548,0.28845302135333234,0.9564851596951485,0.9002875051992917,0.9283863324472201,0.5444263457908876,0.5947075208913649,0.7069239952248308,OK,
Immune_Human,data/batch-correction/Immune_Human_openproblems.h5ad,cl_scratch_v5,/root/autodl-tmp/projects/comparison-SC-embedding/scbenchmark/save_pretrain/cl_scratch_v5/best_model.pt,/root/autodl-tmp/projects/comparison-SC-embedding/scbenchmark/vocab.json,weighted,linear_residual,0,batch,cell_type,33506,12303,12077,2000,10,16,0.5104412841906322,0.2865011588532207,0.04479525828825135,0.2805792337773681,1.0,0.9740262310073785,0.9870131155036892,0.5631527864678966,0.32013529645841626,0.6881217668125746,OK,
Immune_Human,data/batch-correction/Immune_Human_openproblems.h5ad,cl_scratch_v5,/root/autodl-tmp/projects/comparison-SC-embedding/scbenchmark/save_pretrain/cl_scratch_v5/best_model.pt,/root/autodl-tmp/projects/comparison-SC-embedding/scbenchmark/vocab.json,weighted,linear_residual,1,batch,cell_type,33506,12303,12077,2000,10,16,0.5154710449157686,0.29678003716011336,0.04479525828825135,0.2856821134547111,1.0,0.9740262310073785,0.9870131155036892,0.5662145142743024,0.32013529645841626,0.6846398726621568,OK,
Immune_Human,data/batch-correction/Immune_Human_openproblems.h5ad,cl_scratch_v5,/root/autodl-tmp/projects/comparison-SC-embedding/scbenchmark/save_pretrain/cl_scratch_v5/best_model.pt,/root/autodl-tmp/projects/comparison-SC-embedding/scbenchmark/vocab.json,weighted,linear_residual,2,batch,cell_type,33506,12303,12077,2000,10,16,0.506443582322273,0.29731117603454843,0.04479525828825135,0.2828500055483576,1.0,0.9740262310073785,0.9870131155036892,0.5645152495304903,0.32013529645841626,0.6872264226024671,OK,
Immune_Human,data/batch-correction/Immune_Human_openproblems.h5ad,cl_scratch_v5,/root/autodl-tmp/projects/comparison-SC-embedding/scbenchmark/save_pretrain/cl_scratch_v5/best_model.pt,/root/autodl-tmp/projects/comparison-SC-embedding/scbenchmark/vocab.json,weighted,linear_residual,3,batch,cell_type,33506,12303,12077,2000,10,16,0.5148241670556598,0.32612841895197797,0.04479525828825135,0.29524928143196305,1.0,0.9740262310073785,0.9870131155036892,0.5719548150606535,0.32013529645841626,0.6878233187425388,OK,
Immune_Human,data/batch-correction/Immune_Human_openproblems.h5ad,cl_scratch_v5,/root/autodl-tmp/projects/comparison-SC-embedding/scbenchmark/save_pretrain/cl_scratch_v5/best_model.pt,/root/autodl-tmp/projects/comparison-SC-embedding/scbenchmark/vocab.json,weighted,linear_residual,4,batch,cell_type,33506,12303,12077,2000,10,16,0.5103975768774554,0.3034110538404272,0.04479525828825135,0.286201296335378,1.0,0.9740262310073785,0.9870131155036892,0.5665260240027026,0.32013529645841626,0.6893155590927179,OK,
Immune_Human,data/batch-correction/Immune_Human_openproblems.h5ad,cl_scratch_v5,/root/autodl-tmp/projects/comparison-SC-embedding/scbenchmark/save_pretrain/cl_scratch_v5/best_model.pt,/root/autodl-tmp/projects/comparison-SC-embedding/scbenchmark/vocab.json,weighted,harmony_optional,0,batch,cell_type,33506,12303,12077,2000,10,16,,,,,,,,,,,SKIPPED,harmonypy unavailable
Immune_Human,data/batch-correction/Immune_Human_openproblems.h5ad,cl_scratch_v5,/root/autodl-tmp/projects/comparison-SC-embedding/scbenchmark/save_pretrain/cl_scratch_v5/best_model.pt,/root/autodl-tmp/projects/comparison-SC-embedding/scbenchmark/vocab.json,weighted,harmony_optional,1,batch,cell_type,33506,12303,12077,2000,10,16,,,,,,,,,,,SKIPPED,harmonypy unavailable
Immune_Human,data/batch-correction/Immune_Human_openproblems.h5ad,cl_scratch_v5,/root/autodl-tmp/projects/comparison-SC-embedding/scbenchmark/save_pretrain/cl_scratch_v5/best_model.pt,/root/autodl-tmp/projects/comparison-SC-embedding/scbenchmark/vocab.json,weighted,harmony_optional,2,batch,cell_type,33506,12303,12077,2000,10,16,,,,,,,,,,,SKIPPED,harmonypy unavailable
Immune_Human,data/batch-correction/Immune_Human_openproblems.h5ad,cl_scratch_v5,/root/autodl-tmp/projects/comparison-SC-embedding/scbenchmark/save_pretrain/cl_scratch_v5/best_model.pt,/root/autodl-tmp/projects/comparison-SC-embedding/scbenchmark/vocab.json,weighted,harmony_optional,3,batch,cell_type,33506,12303,12077,2000,10,16,,,,,,,,,,,SKIPPED,harmonypy unavailable
Immune_Human,data/batch-correction/Immune_Human_openproblems.h5ad,cl_scratch_v5,/root/autodl-tmp/projects/comparison-SC-embedding/scbenchmark/save_pretrain/cl_scratch_v5/best_model.pt,/root/autodl-tmp/projects/comparison-SC-embedding/scbenchmark/vocab.json,weighted,harmony_optional,4,batch,cell_type,33506,12303,12077,2000,10,16,,,,,,,,,,,SKIPPED,harmonypy unavailable
