train_dataset,test_dataset,protocol,embedding,clf,n,mean_auroc,std_auroc,mean_auprc,std_auprc,mean_f1,std_f1,mean_balanced_accuracy,std_balanced_accuracy,mean_precision_at_k,std_precision_at_k,mean_recall_at_k,std_recall_at_k,mean_calibration_brier,std_calibration_brier
hESC,hHep,coverage_matched,baseline,lr,5,0.5443848,0.02876430741318135,0.5759844,0.021687291012018994,0.4597126,0.03374001917960334,0.5314852,0.02007018590247735,0.574,0.03199999999999999,0.3679484,0.020512793750242814,0.42358439999999997,0.02073265286064474
hESC,hHep,coverage_matched,baseline,mlp,5,0.5692642,0.010439500915273705,0.6093424,0.0148936432561009,0.5060714,0.01794597346036152,0.5563734,0.009278328806417662,0.606,0.021540659228538036,0.3884618,0.01380826821002547,0.37397620000000004,0.016365637481014907
hESC,hHep,coverage_matched,cl_scratch_v5,lr,5,0.5072172,0.022488293046827704,0.508779,0.017734163808874662,0.3620726,0.03230629381776869,0.5147656,0.011856559882191807,0.529,0.021540659228538036,0.31117659999999997,0.012670949255679307,0.4398148,0.011929536745406328
hESC,hHep,coverage_matched,cl_scratch_v5,mlp,5,0.5613606,0.02019960777440986,0.571033,0.0226621477975941,0.3893056,0.023721078867538894,0.5490496,0.015122814071461698,0.586,0.02653299832284319,0.3447058,0.015607704602535254,0.3674442,0.015192375079624648
hESC,hHep,coverage_matched,cl_v6_fair,lr,5,0.5941512,0.011357575927987466,0.627809,0.008562125390345565,0.4994184,0.013185130239781488,0.5924288,0.007817410144031105,0.69,0.021679483388678773,0.345,0.010839741694339386,0.3813888,0.00908121241685272
hESC,hHep,coverage_matched,cl_v6_fair,mlp,5,0.5980496,0.01861341466362365,0.6239956,0.020048572104765957,0.45923959999999997,0.023058610943419804,0.5832778,0.012000484280228034,0.682,0.019131126469708975,0.341,0.009565563234854487,0.36479,0.0075091133431317925
hESC,hHep,coverage_matched,minus,lr,5,0.554015,0.02224502560124396,0.5263894,0.017351676156498554,0.4662326,0.03112298025960882,0.5504346,0.009152261198195783,0.55,0.02645751311064588,0.37037000000000003,0.017816489328708943,0.3999792,0.0070627348640593885
hESC,hHep,coverage_matched,minus,mlp,5,0.5881096,0.01061808578982107,0.550293,0.010414740342418533,0.5285508,0.007095306882721824,0.593116,0.0054119986326679696,0.605,0.01581138830084191,0.407407,0.010647388881786918,0.3532882,0.0045590974282197555
hESC,hHep,coverage_matched,scGPT_human,lr,5,0.5062438,0.009338622133912497,0.500259,0.01588362822531426,0.4311698,0.018237835698349737,0.5320942,0.009978690342925754,0.531,0.01685229954635273,0.3575754,0.011348338514513917,0.4237258,0.008891638665622884
hESC,hHep,coverage_matched,scGPT_human,mlp,5,0.5400032,0.013670113304578003,0.5375776,0.02849513981436133,0.425355,0.05033329144015916,0.556345,0.01755396376890416,0.585,0.013784048752090234,0.393939,0.009282178429657563,0.372313,0.017182186997003607
hESC,hHep,coverage_matched,scconcept,lr,5,0.547859,0.011628083298635253,0.5406272,0.01479595849412941,0.262227,0.044406207070633724,0.5102852,0.02011036880218759,0.551,0.021071307505705475,0.3319274,0.012693355641436989,0.436172,0.013289226779613616
hESC,hHep,coverage_matched,scconcept,mlp,5,0.5743764,0.013886934054714912,0.5556434,0.014887532872843662,0.2463832,0.0542095984135651,0.5214232,0.017099405432938298,0.574,0.03261901286060017,0.345783,0.01965007349604577,0.4011574,0.02385131835853103
hESC,hHep,coverage_matched,scconcept_encoded,lr,5,0.458658,0.009483223080788519,0.5095,0.012315863575080719,0.3927274,0.019151174508107847,0.475221,0.006518812652623169,0.491,0.013190905958272908,0.2797718,0.007516178215023906,0.48668880000000003,0.007348231879847
hESC,hHep,coverage_matched,scconcept_encoded,mlp,5,0.4509164,0.011928614196125223,0.4951686,0.009263269414197141,0.3662958,0.012468712321647335,0.4628738,0.00850276259576851,0.474,0.012409673645990847,0.2700852,0.007071032043485591,0.4692308,0.004451335233387847
hESC,hHep,coverage_matched,v4_bias_rec_best,lr,5,0.5928416,0.013601336487272154,0.5948572,0.008455658730104936,0.5665104,0.016936731061217236,0.574118,0.013168156499677551,0.616,0.014282856857085711,0.3666664,0.008501492471325258,0.3971892,0.013532905961396464
hESC,hHep,coverage_matched,v4_bias_rec_best,mlp,5,0.5977402,0.011898926143144164,0.6278992,0.010370971900453694,0.5644006,0.009129400212500267,0.5745262,0.007852202631109317,0.677,0.025416530054277648,0.4029762,0.015129075416561315,0.3748124,0.012186595432687521
hESC,hHep,coverage_matched,v4_plain_best,lr,5,0.626088,0.011983802985697012,0.6601572,0.01220656138967892,0.5370104,0.015118354918442684,0.6019905999999999,0.007649607012128135,0.707,0.012884098726725099,0.33990380000000003,0.0061943331650792036,0.3761382,0.00824606644164355
hESC,hHep,coverage_matched,v4_plain_best,mlp,5,0.6700688,0.016635477467148326,0.7089766,0.020685701502245447,0.5594504,0.02866771054409474,0.6328116,0.015654358812803568,0.765,0.02073644135332774,0.3677884,0.009969309416403938,0.3272098,0.007719501626400507
hESC,hHep,coverage_matched,v4_type_pe_best,lr,5,0.6871046,0.00878809710005531,0.710221,0.010195501302044949,0.5177124,0.021760446361230715,0.619405,0.010032820281456249,0.72,0.014832396974191338,0.396694,0.008172043954849979,0.3498944,0.007330009347879434
hESC,hHep,coverage_matched,v4_type_pe_best,mlp,5,0.7023782000000001,0.014807004523535474,0.7282846,0.007650553747278709,0.5051172,0.0302734606769692,0.6283554,0.010384568331904797,0.763,0.016309506430300102,0.4203858,0.008985839068222833,0.3206664,0.008946548331060424
hESC,hHep,native,baseline,lr,5,0.5948138,0.015732668882297088,0.6151896,0.015105618419647693,0.4718736,0.03052391380933971,0.5705244,0.013959474984396793,0.7,0.031304951684997036,0.2074074,0.009275529410227756,0.4100056,0.012778914830297606
hESC,hHep,native,baseline,mlp,5,0.6356786,0.016349915004060408,0.642017,0.013237299226050585,0.5019522,0.0235013111242756,0.5853766,0.009304388891270611,0.707,0.02461706725018232,0.2094814,0.007294175144593114,0.3657662,0.008220051128794759
hESC,hHep,native,cl_scratch_v5,lr,5,0.4972428,0.01118495195161784,0.5253122,0.010091023761739955,0.36124639999999997,0.017005453591127765,0.5187158,0.00963648469930815,0.555,0.020736441353327698,0.1644444,0.006143870005135195,0.4610242,0.007180528933163635
hESC,hHep,native,cl_scratch_v5,mlp,5,0.5565824,0.01141363441853645,0.5681930000000001,0.00700317982062433,0.3749572,0.03748356323190206,0.54681,0.006295950285699516,0.61,0.01449137674618945,0.1807408,0.004293656921553006,0.408101,0.011672476206872295
hESC,hHep,native,cl_v6_fair,lr,5,0.5383814,0.011794643675838606,0.5774048,0.014960104042418966,0.45442099999999996,0.025192203921054628,0.5506142,0.012713862409197299,0.627,0.026570660511172867,0.1857778,0.007872871659058086,0.431176,0.010803964327967756
hESC,hHep,native,cl_v6_fair,mlp,5,0.5656358,0.014228885794748647,0.5745306,0.006011918050007009,0.4076848,0.04146166828481458,0.5469032,0.007556962178018338,0.616,0.019849433241279225,0.1825186,0.0058813467709360545,0.4079836,0.012900214953247863
hESC,hHep,native,minus,lr,5,0.5103398,0.017002324304635514,0.5690042,0.012401596758482365,0.4108634,0.025873087829634878,0.5346938,0.010530927146267802,0.647,0.015362291495737231,0.191704,0.004551794898718527,0.45202180000000003,0.011492196054714689
hESC,hHep,native,minus,mlp,5,0.5591240000000001,0.006216887517078005,0.5967296,0.009467288684729095,0.454953,0.02099059453183734,0.5678096,0.007565341885202544,0.652,0.020149441679609904,0.1931852,0.005970170396228237,0.4023638,0.008468908935630381
hESC,hHep,native,scGPT_human,lr,5,0.5353988000000001,0.019259799598126657,0.5563626,0.0135235842674936,0.39730519999999997,0.016145308165532186,0.5288484,0.011482095881850132,0.585,0.019748417658131515,0.1733332,0.005851506793980501,0.4480446,0.010983134354090367
hESC,hHep,native,scGPT_human,mlp,5,0.5718333999999999,0.011752954481320837,0.5848618,0.015593513130786168,0.4135048,0.03327381899572094,0.5557442,0.009980739700042289,0.631,0.03397057550292605,0.1869628,0.010065216587833563,0.3989808,0.012317779562892013
hESC,hHep,native,scconcept,lr,5,0.4734372,0.010160989428200389,0.4987098,0.005495257424361466,0.27915239999999997,0.005609172331101973,0.4865236,0.005487820317758228,0.469,0.0185472369909914,0.1389632,0.005495546320430752,0.4924074,0.004082117813096528
hESC,hHep,native,scconcept,mlp,5,0.5112246,0.010472688911640589,0.5209106,0.00803975695155021,0.2344086,0.03930865238900972,0.4891602,0.009254587584544222,0.475,0.027018512172212593,0.1407408,0.008005585160373977,0.4547194,0.011539039259834407
hESC,hHep,native,scconcept_encoded,lr,5,0.4794994,0.012592597739942292,0.4932866,0.010202530776233915,0.3590616,0.016795094112269808,0.4880508,0.010883200069832392,0.489,0.019339079605813717,0.144889,0.005730365782391213,0.486543,0.008558382908003122
hESC,hHep,native,scconcept_encoded,mlp,5,0.4372256,0.01147112271052838,0.4658268,0.007637253417296044,0.335557,0.03427294820700432,0.45549239999999996,0.006649946604296906,0.412,0.01805547008526778,0.122074,0.005349514557415468,0.4772704,0.01271706198144838
hESC,hHep,native,v4_bias_rec_best,lr,5,0.5653696,0.015426122164691965,0.606082,0.010858554323665736,0.5036664,0.011365093287782546,0.5595096,0.01053481638378194,0.665,0.008366600265340763,0.1970372,0.002478904144980204,0.4189072,0.011777883110304664
hESC,hHep,native,v4_bias_rec_best,mlp,5,0.5977496,0.007630787000041356,0.621827,0.006164368288803003,0.5144512,0.008015447970013887,0.5802778000000001,0.0053444180375416235,0.695,0.00836660026534071,0.2059258,0.0024789041449801946,0.3854444,0.006327798372261866
hESC,hHep,native,v4_plain_best,lr,5,0.5582952,0.013935147669113536,0.5765009999999999,0.01359420242603443,0.4713702,0.014744829241466318,0.5591864,0.007875518994961512,0.636,0.019339079605813735,0.18844460000000002,0.005730179634182506,0.418196,0.007373885081827631
hESC,hHep,native,v4_plain_best,mlp,5,0.61104,0.010799059199763643,0.6137896,0.010288968784091041,0.5180006,0.01939405264095154,0.5928213999999999,0.01192469626615287,0.669,0.021771541057077223,0.1982222,0.006450769826927634,0.365965,0.01020789655119995
hESC,hHep,native,v4_type_pe_best,lr,5,0.6239984,0.02273433458537988,0.639324,0.014824499128132449,0.46957160000000003,0.025944601423803,0.580253,0.013096691857106501,0.701,0.025377155080899032,0.2077034,0.007519188004033417,0.400181,0.012679400017350989
hESC,hHep,native,v4_type_pe_best,mlp,5,0.6679109999999999,0.003758042735254609,0.672503,0.0101843509169706,0.5133582,0.021380091172864553,0.6079658,0.010479884243635551,0.729,0.014966629547095779,0.2159998,0.0044347860557190305,0.352704,0.010426283076916735
hESC,hHep,strict,baseline,lr,5,0.536481,0.00947611777047967,0.5590394,0.00944579649579639,0.3893948,0.009967457417014625,0.5437134,0.005099104415483165,0.577,0.006000000000000005,0.3187844,0.0033148666700185668,0.4156152,0.004725430283053586
hESC,hHep,strict,baseline,mlp,5,0.5232526,0.01906572222183047,0.540721,0.016261900442445205,0.3301088,0.030399651276947236,0.5271068,0.011931140890962623,0.56,0.0134164078649987,0.3093926,0.00741241627541249,0.42242219999999997,0.014816713703112449
hESC,hHep,strict,cl_scratch_v5,lr,5,0.5198872,0.008471232977554097,0.5342704,0.009041953452656097,0.3527568,0.015877319791450944,0.5373076,0.007576709169553748,0.578,0.008124038404635967,0.319337,0.004488408136522345,0.4179576,0.004854693753472007
hESC,hHep,strict,cl_scratch_v5,mlp,5,0.4768528,0.01321066842215033,0.5021152,0.01643244178325303,0.256874,0.04340091325767236,0.5149886,0.01924812486035976,0.529,0.01593737745050924,0.2922652,0.008805288102044135,0.4408954,0.020202276451924916
hESC,hHep,strict,cl_v6_fair,lr,5,0.5170608,0.010346266464768814,0.5296379999999999,0.011010190770372708,0.3778556,0.023204228895612966,0.5352572,0.007565910583664055,0.5529999999999999,0.025416530054277648,0.305525,0.014042200069789647,0.4258524,0.009258583468328176
hESC,hHep,strict,cl_v6_fair,mlp,5,0.4642546,0.00710881398265561,0.4892604,0.011897940840330298,0.2591914,0.028326775394315534,0.5117876,0.01237815806329842,0.496,0.02009975124224178,0.27403320000000003,0.011104804102729588,0.4493294,0.0137779605834826
hESC,hHep,strict,minus,lr,5,0.4893994,0.015989266832472336,0.517969,0.009971340130594265,0.4138618,0.01170106136040658,0.5301998,0.006521891609034917,0.547,0.008124038404635967,0.30220980000000003,0.004488334274538826,0.43720760000000003,0.005360051402738594
hESC,hHep,strict,minus,mlp,5,0.5097176,0.005408595995265327,0.5317116,0.0061621443215815665,0.3856512,0.016557424369750273,0.5409844,0.00752512247342195,0.58,0.01702938636592639,0.320442,0.00940867725028338,0.4184952,0.007039772990658146
hESC,hHep,strict,scGPT_human,lr,5,0.4631956,0.010293252655987803,0.4749024,0.010097057880392682,0.2421234,0.017157594686901773,0.48932180000000003,0.007159322213729459,0.469,0.008602325267042611,0.259116,0.004752668471501033,0.4640342,0.005425996955399084
hESC,hHep,strict,scGPT_human,mlp,5,0.4555518,0.016938023478552625,0.4728552,0.01244281851350408,0.2114514,0.03311532583925455,0.491426,0.010180371407763076,0.467,0.024617067250182343,0.258011,0.013600401567600872,0.4626102,0.014440356206132876
hESC,hHep,strict,scconcept,lr,5,0.4946176,0.006184499869835897,0.4885666,0.0033231741814115116,0.2023178,0.018595345142266115,0.48649380000000003,0.006908260950485295,0.46399999999999997,0.01772004514666934,0.2563534,0.009790008919301358,0.4654862,0.0024017177519433885
hESC,hHep,strict,scconcept,mlp,5,0.5131122,0.012671632892409733,0.4997766,0.007497469695837407,0.1377786,0.012227110690592447,0.4963962,0.0064946800198316165,0.492,0.025416530054277672,0.2718234,0.014042325969724535,0.4675458,0.003103626163055084
hESC,hHep,strict,scconcept_encoded,lr,5,0.4609842,0.008167717340848656,0.478495,0.0071850815165869835,0.28616980000000003,0.025903691014216478,0.4823242,0.00922157108957037,0.453,0.007483314773547889,0.2502764,0.004134504691011964,0.474823,0.005105101409374754
hESC,hHep,strict,scconcept_encoded,mlp,5,0.4829288,0.004261020084439871,0.471322,0.006205637856014476,0.301062,0.026333661279814465,0.4902884,0.00811923823027753,0.481,0.011135528725660033,0.26574580000000003,0.006152038374392683,0.4558458,0.017514778735684893
hESC,hHep,strict,v4_bias_rec_best,lr,5,0.5590347999999999,0.014933230506491244,0.5391908,0.011601702933621439,0.424452,0.020274603039270585,0.5357248,0.010932462986902822,0.557,0.011224972160321783,0.30773480000000003,0.006201921844073825,0.428473,0.009286313541982092
hESC,hHep,strict,v4_bias_rec_best,mlp,5,0.5031318,0.007901969106494914,0.4998068,0.003862587340112841,0.3488298,0.01341608520247245,0.5174422,0.009052115054505224,0.524,0.016552945357246864,0.2895028,0.009145429818220686,0.4385922,0.007004760250001417
hESC,hHep,strict,v4_plain_best,lr,5,0.552892,0.010873095290670445,0.5632124000000001,0.011203645988694912,0.4534544,0.015889395905445875,0.5509184,0.011372242744507328,0.596,0.024779023386727723,0.3292816,0.013690063354126593,0.4055462,0.00870731477322372
hESC,hHep,strict,v4_plain_best,mlp,5,0.5270874,0.013038144938602258,0.5365986,0.013566951206516513,0.376217,0.03358972509563006,0.5403182,0.015907630387961606,0.579,0.022671568097509247,0.3198894,0.012525706153347199,0.4111612,0.011984765252602994
hESC,hHep,strict,v4_type_pe_best,lr,5,0.574247,0.012708539601386161,0.591403,0.008921164228955777,0.3918704,0.018031186734100466,0.5555198,0.0019985773340054,0.594,0.013928388277184131,0.3281768,0.0076953483715813675,0.4043112,0.004021217497226437
hESC,hHep,strict,v4_type_pe_best,mlp,5,0.5550498,0.0051862194862924765,0.5657636,0.00635172759491464,0.3431496,0.010519157201981532,0.5422682,0.0025787675661059404,0.597,0.013266499161421611,0.3298342,0.007329409127617308,0.407963,0.012854576756937588
hESC,hHep,topology_matched,baseline,lr,5,0.54733,0.0167689448207095,0.5617868,0.014103237917584756,0.3708736,0.03658047073835983,0.5472058,0.012072112414983563,0.584,0.028178005607210718,0.3226518,0.015567986117671092,0.418174,0.012028376698457697
hESC,hHep,topology_matched,baseline,mlp,5,0.5345078,0.016680459662731118,0.5465894,0.017101388816116638,0.3410378,0.03382602117542056,0.5374232,0.018863697998006662,0.56,0.01643167672515495,0.3093922,0.009078440535686735,0.4181694,0.015419299550887514
hESC,hHep,topology_matched,cl_scratch_v5,lr,5,0.5221015999999999,0.013766549452931178,0.5337834,0.016549742796792957,0.33383219999999997,0.02201949197779096,0.532774,0.012930784647499183,0.5740000000000001,0.03023243291566192,0.317127,0.01670295610962322,0.4230572,0.011488167763398999
hESC,hHep,topology_matched,cl_scratch_v5,mlp,5,0.4800022,0.010052952887584825,0.506776,0.012553155220899653,0.2549824,0.03397676258032835,0.514699,0.01110566966913747,0.528,0.021587033144922923,0.2917128,0.011926724636713971,0.4318512,0.009853951926004103
hESC,hHep,topology_matched,cl_v6_fair,lr,5,0.5096522,0.008076784171933783,0.5246046,0.01274814715321409,0.3682458,0.024189352214559194,0.5364574,0.006870786406227467,0.553,0.015033296378372871,0.305525,0.008305829735794011,0.4278416,0.007927066710959359
hESC,hHep,topology_matched,cl_v6_fair,mlp,5,0.4622618,0.009398056126667885,0.4874362,0.007424014181020949,0.244198,0.02643801950222444,0.5076038,0.007350605536960874,0.493,0.012884098726725137,0.2723756,0.007118169613039571,0.4529018,0.010076032620034548
hESC,hHep,topology_matched,minus,lr,5,0.4981824,0.016109769788547584,0.5242022000000001,0.011689201878657074,0.4094702,0.01355445171742479,0.5344054,0.0023494787166518528,0.557,0.00244948974278318,0.30773480000000003,0.001353098133913421,0.432407,0.005963721053168065
hESC,hHep,topology_matched,minus,mlp,5,0.507614,0.008383205162704797,0.5269438,0.009479378722258139,0.3888188,0.01877218213634207,0.5429048,0.0068933323842681705,0.569,0.015937377450509195,0.3143646,0.008805187711798083,0.4220412,0.008843022139517685
hESC,hHep,topology_matched,scGPT_human,lr,5,0.4564776,0.013564324260352962,0.4663468,0.006893731976223029,0.2169896,0.016423731885293308,0.4847614,0.005235910640948706,0.453,0.013999999999999999,0.2502764,0.007735057145231694,0.471736,0.004292293792367894
hESC,hHep,topology_matched,scGPT_human,mlp,5,0.4411708,0.01912829892489136,0.4626664,0.01463089862722039,0.1871082,0.02957912097679713,0.4874246,0.010389654770010413,0.456,0.028178005607210746,0.2519336,0.015568007407500814,0.4724684,0.01678436286071056
hESC,hHep,topology_matched,scconcept,lr,5,0.513034,0.006752192917860102,0.502189,0.006303476469377847,0.2232284,0.003590235903112777,0.4963716,0.0037790457313983455,0.488,0.01860107523773828,0.2696132,0.010276900532748186,0.4539634,0.003936325017068585
hESC,hHep,topology_matched,scconcept,mlp,5,0.5124786,0.012539566078616914,0.5017174,0.005708385782338132,0.1438816,0.01738497627953516,0.4991386,0.004866687357946875,0.496,0.02353720459187965,0.274033,0.013004008135955617,0.4591568,0.009400324513547397
hESC,hHep,topology_matched,scconcept_encoded,lr,5,0.473949,0.007934391948977576,0.478287,0.008883852745290178,0.3051016,0.015347682152038456,0.4836304,0.012488631399797173,0.45999999999999996,0.018708286933869698,0.2541436,0.01033616817974631,0.471534,0.008204785335400318
hESC,hHep,topology_matched,scconcept_encoded,mlp,5,0.4767084,0.012183361188112255,0.4643986,0.009484637106394743,0.3038006,0.014849470113105041,0.48334720000000003,0.007807490823561692,0.465,0.012247448713915879,0.256906,0.006766552120541167,0.4646856,0.012747426275134912
hESC,hHep,topology_matched,v4_bias_rec_best,lr,5,0.5303354,0.012003244238121647,0.5158728,0.006889553378848313,0.3998256,0.019107479306282128,0.5265012,0.006314076984009598,0.544,0.013928388277184131,0.3005524,0.007695176062963077,0.4375694,0.009419875256074258
hESC,hHep,topology_matched,v4_bias_rec_best,mlp,5,0.498301,0.007356505366000888,0.5013618,0.0026175475086423795,0.354777,0.004006635196770486,0.5204672,0.005288685258171465,0.533,0.014000000000000012,0.2944752,0.007734671431935548,0.4371002,0.00500853425265317
hESC,hHep,topology_matched,v4_plain_best,lr,5,0.5331438000000001,0.01449676103686611,0.5404,0.011850887747337767,0.42267920000000003,0.03409269494422521,0.537046,0.01268903104259738,0.571,0.027999999999999983,0.3154698,0.015469614286077071,0.41705180000000003,0.01191329271696117
hESC,hHep,topology_matched,v4_plain_best,mlp,5,0.5174792,0.01606597490848283,0.5290066,0.014129338676668468,0.37855679999999997,0.03535272514757525,0.5358094,0.013636293258800208,0.5640000000000001,0.022449944320643626,0.3116022,0.012403291343832891,0.41844739999999997,0.012347570297026045
hESC,hHep,topology_matched,v4_type_pe_best,lr,5,0.5653236,0.01776051441372126,0.5778588,0.0244653736811846,0.3802474,0.02401831097808503,0.5505338,0.015051964727569617,0.599,0.022891046284519215,0.330939,0.012646866220530673,0.40871799999999997,0.01563286521402906
hESC,hHep,topology_matched,v4_type_pe_best,mlp,5,0.5666684,0.013267867750320675,0.5568978,0.0069139885276155826,0.3508162,0.014103956868907402,0.5423686,0.00509495839433454,0.586,0.011575836902790236,0.3237568,0.006395494395275472,0.4161762,0.004234634879183804
hESC,mDC,coverage_matched,baseline,lr,5,0.4676224,0.012479607663704805,0.5765814,0.009629127989594892,0.4974516,0.016541538907852562,0.4783168,0.016172781398386623,0.5509999999999999,0.017435595774162656,0.3250736,0.010286221494795838,0.4391934,0.00821301076585195
hESC,mDC,coverage_matched,baseline,mlp,5,0.4577372,0.03906816875360298,0.5614106,0.032794151933538414,0.4797832,0.06955461440163405,0.4711366,0.0255076153773731,0.546,0.041880783182743846,0.3221238,0.02470835360277978,0.3919286,0.061317798576269844
hESC,mDC,coverage_matched,cl_scratch_v5,lr,5,0.582145,0.03224244387139412,0.6239134,0.03698683765125104,0.5612212,0.025680616405374695,0.5426150000000001,0.01689454031336752,0.5690000000000001,0.045978255730290594,0.3755776,0.030348641502380296,0.3858962,0.011058895485535602
hESC,mDC,coverage_matched,cl_scratch_v5,mlp,5,0.4734772,0.021963590502465685,0.4687326,0.017489679157720418,0.4776108,0.04996995407802573,0.4932984,0.022122118511571184,0.454,0.020832666655999654,0.29967,0.013750952039768014,0.3802116,0.021028680572969857
hESC,mDC,coverage_matched,cl_v6_fair,lr,5,0.4677666,0.04267896844395374,0.4338394,0.028812392587912586,0.3773188,0.07978245393167598,0.46782460000000003,0.03490522685558713,0.403,0.03249615361854385,0.283803,0.022884800728868063,0.4421134,0.02811889942085215
hESC,mDC,coverage_matched,cl_v6_fair,mlp,5,0.4184934,0.026589212298223492,0.3994484,0.013593898110549466,0.2959544,0.06364806556871937,0.4336096,0.020984646612225814,0.35400000000000004,0.027640549922170504,0.2492956,0.019465444845674605,0.3908602,0.045098366229387954
hESC,mDC,coverage_matched,minus,lr,5,0.3719166,0.024758499814003264,0.467396,0.01314484852708468,0.2834292,0.08802757322203084,0.417451,0.016433941438376856,0.406,0.03440930106817049,0.2423878,0.020542736355218114,0.48728859999999996,0.022492907838694384
hESC,mDC,coverage_matched,minus,mlp,5,0.4050512,0.047153196911344196,0.4810712,0.02476420072120236,0.2727644,0.0842788354940907,0.4440534,0.018463363470397266,0.461,0.04127953488110058,0.275224,0.02464443950265456,0.4087004,0.02351436608203588
hESC,mDC,coverage_matched,scGPT_human,lr,5,0.4888014,0.03517166604868187,0.4607464,0.026469316860092927,0.4441034,0.05752792414332364,0.5001521999999999,0.028308157272418834,0.47300000000000003,0.03641428291206626,0.3974792,0.03060003687840914,0.3739966,0.018623037427874103
hESC,mDC,coverage_matched,scGPT_human,mlp,5,0.5083192,0.05584653380255571,0.4956892,0.05255119356741578,0.4800554,0.09282111879222314,0.5053082,0.03491338337314217,0.488,0.050457903246171464,0.410084,0.0424015240905324,0.33095399999999997,0.02856271991250132
hESC,mDC,coverage_matched,scconcept,lr,5,0.5408518,0.03055946345994966,0.5763716,0.03196713786750386,0.49430959999999996,0.039457631604545136,0.5315004,0.027807215715349838,0.581,0.029563490998188967,0.4556862,0.023186970715468633,0.3508468,0.026932067625045065
hESC,mDC,coverage_matched,scconcept,mlp,5,0.46667580000000003,0.0328541845821807,0.5326602,0.024148202131007605,0.1934408,0.054795914232358606,0.4985318,0.016941717237635635,0.515,0.027928480087537906,0.4039216,0.021904700797773978,0.3769258,0.011385888905131633
hESC,mDC,coverage_matched,scconcept_encoded,lr,5,0.6284822,0.02329132523838006,0.6182782,0.0350894242551798,0.6530412,0.012868750776979103,0.5758616,0.018078286451984324,0.578,0.02336664289109584,0.477686,0.01931150324547522,0.3707642,0.022405383847638044
hESC,mDC,coverage_matched,scconcept_encoded,mlp,5,0.6220392,0.014599072674659836,0.5765682,0.02332415002009722,0.63829,0.0276595201187584,0.5796568,0.011221015861320223,0.576,0.02745906043549195,0.4760332,0.022693303782393617,0.30851660000000003,0.017826539794362797
hESC,mDC,coverage_matched,v4_bias_rec_best,lr,5,0.5250648,0.06494712401453971,0.4530098,0.07188184650494173,0.4747596,0.053581734378797395,0.513791,0.04305427468208006,0.445,0.06300793600809347,0.3771186,0.05339641659737102,0.4154836,0.03388597291859863
hESC,mDC,coverage_matched,v4_bias_rec_best,mlp,5,0.40279339999999997,0.034551703139498055,0.34567980000000004,0.0132587491627227,0.307767,0.039551985214398525,0.43356459999999997,0.020099267913036033,0.321,0.020099751242241785,0.272034,0.01703369339867311,0.416036,0.02346549526432373
hESC,mDC,coverage_matched,v4_plain_best,lr,5,0.3969668,0.052650476698316795,0.4316004,0.03330762595322578,0.4273336,0.09694075697579424,0.4411878,0.0392047516273219,0.396,0.07262231062146123,0.23225780000000001,0.04259363511793752,0.4567194,0.02897441861780837
hESC,mDC,coverage_matched,v4_plain_best,mlp,5,0.36265060000000005,0.06074005012378571,0.4222326,0.031518441120080794,0.3498168,0.08521640726151274,0.406632,0.036315428032724605,0.372,0.06493073232299171,0.21818200000000001,0.038082629158187074,0.37429260000000003,0.03741268139334576
hESC,mDC,coverage_matched,v4_type_pe_best,lr,5,0.423938,0.04131616396520858,0.4936854,0.024488666493706856,0.3912044,0.03150524839197431,0.4479938,0.02208675442340952,0.477,0.03091924966748062,0.33591519999999997,0.021774060084421554,0.460124,0.02132209129518021
hESC,mDC,coverage_matched,v4_type_pe_best,mlp,5,0.3709626,0.019078579282535695,0.460196,0.01239518440363031,0.2679196,0.04575342793103048,0.4224168,0.018193422475169436,0.426,0.029223278392404902,0.3,0.02057975809381636,0.4737446,0.031699947170933905
hESC,mDC,native,baseline,lr,5,0.5723154,0.02720651415084261,0.5969376,0.03180331574285928,0.57108,0.02027845239657107,0.5436798,0.019120854388860343,0.665,0.06308724118235003,0.1973296,0.018720267013052988,0.41082219999999997,0.018411498770062155
hESC,mDC,native,baseline,mlp,5,0.5173058,0.03140635933947138,0.5387296,0.030246488362122313,0.4937988,0.03727817060640182,0.510634,0.020758383414900113,0.586,0.054899908925243227,0.1738872,0.01629069733805155,0.406009,0.02906923765082256
hESC,mDC,native,cl_scratch_v5,lr,5,0.4853674,0.011788947019984453,0.5185346,0.01569566475941686,0.4597246,0.017971354913862227,0.4797274,0.012169621187202162,0.546,0.029051678092667874,0.1620178,0.008620885833834012,0.48101540000000004,0.009808256228300727
hESC,mDC,native,cl_scratch_v5,mlp,5,0.5027986,0.02998411670601619,0.527187,0.022355554316545137,0.4745844,0.035752796224071764,0.4979652,0.021530853837226242,0.5579999999999999,0.04142463035441595,0.16557860000000002,0.012292136243956947,0.411219,0.02544189015776933
hESC,mDC,native,cl_v6_fair,lr,5,0.580149,0.00799381043057691,0.6079538,0.009011983963589792,0.571414,0.008418928482889,0.5441634,0.009338719047064209,0.655,0.02509980079602225,0.194362,0.007447947556206341,0.41137999999999997,0.008959062049120987
hESC,mDC,native,cl_v6_fair,mlp,5,0.5711142,0.019124677392311728,0.5857074,0.01958685038080396,0.553513,0.028084366754477473,0.5400168,0.014490348420931767,0.649,0.02596150997149436,0.1925816,0.00770365823748691,0.3715638,0.017125856269395695
hESC,mDC,native,minus,lr,5,0.4183772,0.03641923736378893,0.4587302,0.021394402065961077,0.3575096,0.05065615907903006,0.4463994,0.021091040245563995,0.416,0.04305810028322198,0.12344240000000001,0.012777005871486483,0.5201604,0.026400110208860877
hESC,mDC,native,minus,mlp,5,0.3657888,0.02452165563252205,0.4246988,0.011706968068633295,0.257368,0.034121938989453704,0.4156494,0.008648830316291333,0.33699999999999997,0.028213471959331767,0.1,0.008372276918497143,0.5247868,0.012355848095537606
hESC,mDC,native,scGPT_human,lr,5,0.542969,0.012982937602869398,0.5553038,0.011391770036302526,0.4284064,0.02958534973665175,0.5267618000000001,0.009434269603949205,0.588,0.023790754506740633,0.1744806,0.0070596415943020826,0.43168460000000003,0.00805362930857883
hESC,mDC,native,scGPT_human,mlp,5,0.5047606,0.03482850644859751,0.5283564000000001,0.034196880235483465,0.4677718,0.01856003418531335,0.5089736,0.023055943429840395,0.533,0.04833218389437828,0.1581602,0.014341942454214485,0.3875158,0.012022656917670084
hESC,mDC,native,scconcept,lr,5,0.4642412,0.007320089272679674,0.486219,0.006281987806419237,0.3106104,0.012150247151395737,0.4633926,0.0035035961867772355,0.456,0.017720045146669347,0.1353118,0.0052582371722850185,0.4935112,0.004731455395541628
hESC,mDC,native,scconcept,mlp,5,0.4275992,0.009532684058543014,0.468115,0.0017419447752440324,0.2981394,0.024983265507935493,0.462374,0.00865041127345978,0.421,0.01019803902718558,0.1249258,0.003025895464156019,0.4550854,0.0111591538496429
hESC,mDC,native,scconcept_encoded,lr,5,0.5214226000000001,0.014803006027155409,0.5242342,0.014174984774594996,0.430527,0.024437089360232724,0.498079,0.012966042295164694,0.53,0.03507135583350036,0.1572702,0.010406868835533573,0.4539402,0.014506603508747308
hESC,mDC,native,scconcept_encoded,mlp,5,0.5817854,0.024633915211350388,0.5843446,0.025616891033847185,0.5296646,0.057140411022672914,0.5465476,0.02342514922556524,0.621,0.06763135367564369,0.1842728,0.020068653461555418,0.3642576,0.014118406405823564
hESC,mDC,native,v4_bias_rec_best,lr,5,0.4218156,0.03295874855391206,0.4780272,0.03174410349907523,0.4123186,0.030100943557303965,0.4397262,0.02170190172680727,0.482,0.07284229540589725,0.1430268,0.021614810342910715,0.52352,0.02202439223225013
hESC,mDC,native,v4_bias_rec_best,mlp,5,0.3695902,0.03587796858463423,0.426106,0.016946215801765308,0.3665044,0.05662139898165709,0.4029082,0.027527314161755773,0.335,0.04159326868617084,0.0994066,0.01234223748920754,0.5187102,0.02743860627218519
hESC,mDC,native,v4_plain_best,lr,5,0.4582426,0.03108013548619117,0.4822996,0.022659125707758458,0.407327,0.04143624376315982,0.4765484,0.02762820594682179,0.463,0.04905099387372289,0.1373888,0.014555334024336236,0.484399,0.023809535224359163
hESC,mDC,native,v4_plain_best,mlp,5,0.4131176,0.021609578946383948,0.4432916,0.011824137509349257,0.3445686,0.031612216003311135,0.4346294,0.014771975177341719,0.359,0.0356931365951495,0.106528,0.010591588077337597,0.4811166,0.015506073256630752
hESC,mDC,native,v4_type_pe_best,lr,5,0.4630112,0.03233595869863765,0.500987,0.027161480740195296,0.4021242,0.04619449163439293,0.47630520000000004,0.023538936062617626,0.502,0.048435524153249324,0.1489616,0.014372380854959272,0.4841932,0.022990985410808292
hESC,mDC,native,v4_type_pe_best,mlp,5,0.4969876,0.026871766727180398,0.5093878,0.017892594025462043,0.4243574,0.03097255784464693,0.4941734,0.018144534842205243,0.508,0.0423792402008342,0.1507416,0.012575383550413087,0.4275956,0.012356606016216593
hESC,mDC,strict,baseline,lr,5,0.4319678,0.0517029462464181,0.578173,0.02778893903696219,0.253819,0.10414758483421495,0.4732366,0.005815904352721097,0.548,0.05409251334519407,0.2485262,0.024531609237063916,0.528694,0.043959223737459245
hESC,mDC,strict,baseline,mlp,5,0.3930192,0.08082695020449553,0.5415544,0.033978153155226086,0.1400662,0.0678604844615775,0.455866,0.01410507423589114,0.48400000000000004,0.05462600113499066,0.2195012,0.024773828798956368,0.5051251999999999,0.04596104659556828
hESC,mDC,strict,cl_scratch_v5,lr,5,0.343128,0.019723455244961535,0.5116476,0.008650841452714303,0.0599504,0.027718939089366318,0.4356548,0.013160419923391493,0.426,0.02034698994937581,0.193197,0.009227654826660991,0.6175430000000001,0.008370636797759196
hESC,mDC,strict,cl_scratch_v5,mlp,5,0.3190986,0.052468471510422325,0.5041434,0.022697560349958335,0.057350200000000004,0.03882565798747009,0.4284342,0.01534683240802479,0.421,0.057393379409126984,0.1909298,0.026028563144361232,0.554089,0.034454082260306974
hESC,mDC,strict,cl_v6_fair,lr,5,0.4046288,0.018000118115168027,0.5454534,0.009282795841770957,0.1118412,0.02625349345439574,0.4467896,0.007453213443877744,0.515,0.015165750888103114,0.23356,0.006877799909854903,0.588921,0.006902436236576189
hESC,mDC,strict,cl_v6_fair,mlp,5,0.3272084,0.04596001745256413,0.5066462,0.01888641983436776,0.0743696,0.03571130369840899,0.423875,0.012349790459760831,0.433,0.0471805044483418,0.196372,0.02139705820901556,0.561145,0.04582940379712571
hESC,mDC,strict,minus,lr,5,0.4356454,0.02160255478039577,0.5812994,0.020355048441111575,0.1879978,0.04426821595411316,0.4769184,0.022460036621519568,0.552,0.03140063693621516,0.2503402,0.014240653810833264,0.5539336,0.017477353650939276
hESC,mDC,strict,minus,mlp,5,0.3679454,0.024749293320012196,0.5327303999999999,0.012823589912345133,0.1071038,0.026416277477343396,0.4493376,0.011464699116854308,0.483,0.017492855684535905,0.2190476,0.00793330732040553,0.545735,0.028703825201530187
hESC,mDC,strict,scGPT_human,lr,5,0.5409886,0.03121404624588104,0.6597454,0.0268372926473592,0.1213278,0.05468358325640338,0.5076976,0.007408048531158535,0.661,0.047053161424074355,0.2997734,0.021339259036808205,0.5199674,0.02995230903018998
hESC,mDC,strict,scGPT_human,mlp,5,0.518756,0.056237019515618006,0.6326296,0.03911150565038375,0.1402156,0.04120474136601272,0.4953992,0.01513837475292509,0.619,0.06351377803280166,0.2807256,0.028804735864784464,0.4415612,0.05143402868685284
hESC,mDC,strict,scconcept,lr,5,0.4887354,0.01579867930682814,0.6037664,0.007006161962158735,0.0009050000000000001,0.0018100000000000002,0.49872299999999997,0.002386002179378715,0.593,0.02204540768504862,0.2689344,0.009997855482052143,0.6122462,0.003411737234899548
hESC,mDC,strict,scconcept,mlp,5,0.490605,0.010141960934651643,0.6155822,0.008846001433416127,0.0009029999999999999,0.001806,0.497971,0.0009701125707875335,0.608,0.01029563014098701,0.2757368,0.0046692236785144565,0.5772878,0.01736997703395143
hESC,mDC,strict,scconcept_encoded,lr,5,0.6049442,0.006499951489049754,0.7154936000000001,0.008690403456687151,0.6184736000000001,0.028739403421783112,0.5475416,0.01059240810392046,0.71,0.007071067811865481,0.3219954,0.00320701210474797,0.3716254,0.007748652027288359
hESC,mDC,strict,scconcept_encoded,mlp,5,0.6063876,0.017705739799285417,0.693446,0.021818265073098753,0.6086882,0.022798300510345048,0.5550722,0.006113373386273749,0.683,0.037229020937972555,0.3097504,0.016883892840219034,0.3208108,0.027875230893393506
hESC,mDC,strict,v4_bias_rec_best,lr,5,0.3871464,0.061235827256925335,0.5452372,0.034792916827423366,0.3038806,0.07041080616382688,0.43103,0.04080767344997752,0.501,0.061024585209569424,0.227211,0.02767571453820117,0.5466527999999999,0.0392267764538459
hESC,mDC,strict,v4_bias_rec_best,mlp,5,0.287721,0.05197191046709752,0.49868439999999997,0.024689793718052792,0.141156,0.03675409394339629,0.4188806,0.03647924727622542,0.418,0.05182663407939975,0.1895692,0.023504254554441842,0.5480976000000001,0.032598044705779504
hESC,mDC,strict,v4_plain_best,lr,5,0.37539100000000003,0.04510854246814011,0.5337064,0.02026103313851494,0.11381039999999999,0.04192946072441189,0.442135,0.020620593919671668,0.473,0.03919183588453086,0.2145124,0.017774053815604367,0.5864134,0.013100247793076296
hESC,mDC,strict,v4_plain_best,mlp,5,0.368988,0.03191825344219198,0.5312744,0.018149920843904533,0.107135,0.05829030412341319,0.446336,0.020362648148018466,0.476,0.05122499389946281,0.2158732,0.02323125313365597,0.5011528000000001,0.045680668074799445
hESC,mDC,strict,v4_type_pe_best,lr,5,0.459407,0.05870825325625011,0.5775638,0.034721896482767176,0.2354366,0.10750439714653537,0.4623704,0.03426070056843553,0.563,0.06454455825241971,0.25532879999999997,0.02927197352007547,0.54238,0.04839867701910869
hESC,mDC,strict,v4_type_pe_best,mlp,5,0.389859,0.04597778963369161,0.5338634,0.020602832063578075,0.143835,0.09005159169720434,0.4290428,0.021129048330675006,0.47300000000000003,0.04833218389437829,0.2145128,0.021919381965739816,0.5061594,0.04132391100851904
hESC,mDC,topology_matched,baseline,lr,5,0.3279712,0.018704654163068612,0.6884560000000001,0.01456197836833991,0.2629724,0.0940162976458869,0.3959666,0.03865706199182757,0.772727,0.0,1.0,0.0,0.6374746,0.04871213851433746
hESC,mDC,topology_matched,baseline,mlp,5,0.2797598,0.05262290740504557,0.6514022,0.01559361294120127,0.1454962,0.06993119944745693,0.3759666,0.035938733075054276,0.772727,0.0,1.0,0.0,0.6005372,0.06329471756600233
hESC,mDC,topology_matched,cl_scratch_v5,lr,5,0.2783328,0.017940920148086053,0.374468,0.006634311298092678,0.0433874,0.033294232002555636,0.4214378,0.015839255530485017,0.502825,0.0,1.0,0.0,0.53951,0.012372423707584552
hESC,mDC,topology_matched,cl_scratch_v5,mlp,5,0.3092312,0.06159555987049717,0.38904859999999997,0.026812524167634803,0.044315,0.033378665755239526,0.4282558,0.024506763755339056,0.502825,0.0,1.0,0.0,0.4740304,0.027419525835433417
hESC,mDC,topology_matched,cl_v6_fair,lr,5,0.3938552,0.04060449911721605,0.6525112,0.016716688444784737,0.1135606,0.09579179770022066,0.386257,0.02878744141461688,0.741259,0.0,1.0,0.0,0.6957552,0.043477339787066076
hESC,mDC,topology_matched,cl_v6_fair,mlp,5,0.3261854,0.047982407507752255,0.6320832,0.016500423635773726,0.0784184,0.0729318160602079,0.393855,0.018038039682848023,0.741259,0.0,1.0,0.0,0.6325268,0.06742223386213185
hESC,mDC,topology_matched,minus,lr,5,0.3235764,0.06631248437089354,0.4403938,0.03898943537113613,0.20116,0.039186592355038984,0.4395832,0.042289046900586436,0.526316,0.0,1.0,0.0,0.5253952000000001,0.03474559190113188
hESC,mDC,topology_matched,minus,mlp,5,0.338125,0.06011263550036715,0.4266368,0.0301682274679836,0.0300124,0.02057518502079629,0.444861,0.02081741466176818,0.526316,0.0,1.0,0.0,0.4765002,0.026941900017630523
hESC,mDC,topology_matched,scGPT_human,lr,5,0.5899447999999999,0.022305608795995684,0.6721516,0.02208632622778174,0.09766419999999999,0.06186258650072756,0.5199386,0.012434746810450127,0.592391,0.0,1.0,0.0,0.5083596,0.02487179368360876
hESC,mDC,topology_matched,scGPT_human,mlp,5,0.5786424,0.05134079145319051,0.6494228,0.06321282972751655,0.1221274,0.04776244137227493,0.5072784,0.023658167406627253,0.592391,0.0,1.0,0.0,0.418047,0.053759198111579
hESC,mDC,topology_matched,scconcept,lr,5,0.4834526,0.03588028772236922,0.6777574,0.022026007342230702,0.0,0.0,0.5,0.0,0.691275,0.0,1.0,0.0,0.6799073999999999,0.0045249642473725645
hESC,mDC,topology_matched,scconcept,mlp,5,0.49544119999999997,0.046900383505468254,0.6999628,0.026375358275481306,0.0,0.0,0.5,0.0,0.691275,0.0,1.0,0.0,0.644044,0.01912783580021533
hESC,mDC,topology_matched,scconcept_encoded,lr,5,0.4654088,0.02176974200490211,0.6659728,0.024195920403241523,0.522949,0.03238467434451054,0.43436420000000003,0.02022131869488238,0.670807,0.0,1.0,0.0,0.4643856,0.007234279801058292
hESC,mDC,topology_matched,scconcept_encoded,mlp,5,0.4517122,0.04794981564260701,0.6419606,0.03219331128417825,0.49914159999999996,0.019099931315059722,0.43752599999999997,0.017515615159051666,0.670807,0.0,1.0,0.0,0.4016702,0.029638269864484326
hESC,mDC,topology_matched,v4_bias_rec_best,lr,5,0.29118940000000004,0.060175539397997926,0.4548398,0.024569172907527845,0.2447944,0.06972064213301539,0.36616160000000003,0.04586300842552743,0.578947,0.0,1.0,0.0,0.5866514,0.03561567814656911
hESC,mDC,topology_matched,v4_bias_rec_best,mlp,5,0.2320144,0.07721631468957839,0.4312592,0.02694440946393147,0.096117,0.04510145748864442,0.36982339999999997,0.04145276899122664,0.578947,0.0,1.0,0.0,0.5559458,0.04563376133697507
hESC,mDC,topology_matched,v4_plain_best,lr,5,0.438066,0.05206982411723704,0.6243708,0.02995156522387437,0.126031,0.03302175094085715,0.5009656,0.015165388496177748,0.639785,0.0,1.0,0.0,0.56473,0.01767582200634528
hESC,mDC,topology_matched,v4_plain_best,mlp,5,0.4625362,0.04807648162417878,0.6100864,0.03411169084404937,0.0924448,0.08361260500044236,0.4739998,0.014146662410618282,0.639785,0.0,1.0,0.0,0.4854192,0.048242490235890605
hESC,mDC,topology_matched,v4_type_pe_best,lr,5,0.39694619999999997,0.06925678540446414,0.5065888000000001,0.038132657507181436,0.201009,0.08688064852888704,0.4384944,0.03529096320929765,0.578947,0.0,1.0,0.0,0.5323888,0.040851049765703695
hESC,mDC,topology_matched,v4_type_pe_best,mlp,5,0.3338422,0.06572855327603065,0.4698924,0.02654594890826093,0.0991062,0.10339144612471576,0.4090908,0.02646775970421373,0.578947,0.0,1.0,0.0,0.4962666,0.05184650272718499
hESC,mESC,coverage_matched,baseline,mlp,1,0.520387,0.0,0.61578,0.0,0.754438,0.0,0.5,0.0,0.625,0.0,0.490196,0.0,0.320769,0.0
hESC,mESC,coverage_matched,cl_scratch_v5,lr,5,0.5083336,0.003711466858265085,0.46059920000000004,0.0029403674872369306,0.621176,0.0,0.5,0.0,0.461,0.007348469228349514,0.6984848,0.011133910676846685,0.512189,0.019702472788967366
hESC,mESC,coverage_matched,cl_scratch_v5,mlp,5,0.5068184,0.0060608000000000216,0.45939640000000004,0.00480580056182111,0.621176,0.0,0.5,0.0,0.46,0.006324555320336747,0.6969696,0.009582491880507929,0.4886836,0.01618091603834592
hESC,mESC,coverage_matched,cl_v6_fair,mlp,1,0.518818,0.0,0.471676,0.0,0.632124,0.0,0.5,0.0,0.495,0.0,0.811475,0.0,0.469716,0.0
hESC,mESC,coverage_matched,minus,mlp,3,0.49889533333333336,0.0029583898022779486,0.5048303333333334,0.001474759264723849,0.671429,0.0,0.5,0.0,0.5133333333333333,0.004714045207910321,0.7281323333333334,0.006686873127420786,0.39803533333333335,0.0071428596669836685
hESC,mESC,coverage_matched,scGPT_human,lr,5,0.493243,0.0,0.491628,0.0,0.65618,0.0,0.493243,0.0,0.515,0.0,0.695946,0.0,0.4747268,0.010715043432483131
hESC,mESC,coverage_matched,scGPT_human,mlp,5,0.493243,0.0,0.49161920000000003,4.399999999993298e-06,0.65618,0.0,0.493243,0.0,0.515,0.0,0.695946,0.0,0.4709524,0.009828811130548787
hESC,mESC,coverage_matched,scconcept,lr,5,0.4927926,0.003875068546490516,0.4944582,0.003222171032083799,0.655639,0.0,0.490991,0.0,0.483,0.0040000000000000036,0.4351348,0.003603650005203058,0.3603894,0.02994445694014169
hESC,mESC,coverage_matched,scconcept,mlp,5,0.4958678,0.009753600000000006,0.4947064,0.005090799999999995,0.655639,0.0,0.490991,0.0,0.491,0.02200000000000002,0.442342,0.019820000000000015,0.35679099999999997,0.04781899993517221
hESC,mESC,coverage_matched,scconcept_encoded,mlp,3,0.485294,0.020884553526470208,0.6116246666666667,0.009322570687435014,0.764045,0.0,0.5,0.0,0.61,0.0177951304200522,0.598039,0.017446345863819185,0.2945993333333333,0.04013849284941106
hESC,mESC,coverage_matched,v4_bias_rec_best,mlp,2,0.509582,0.009384000000000003,0.4618865,0.004859499999999989,0.627249,0.0,0.5,0.0,0.445,0.0050000000000000044,0.729508,0.00819700000000001,0.4263715,0.008226499999999998
hESC,mESC,coverage_matched,v4_plain_best,lr,5,0.5,0.002657578145605513,0.4963958,0.002077507776158729,0.6581278,0.0014915999999999929,0.49663840000000004,0.0016807999999999934,0.491,0.0020000000000000018,0.8252098,0.0033616000000000314,0.409265,0.012416765118177922
hESC,mESC,coverage_matched,v4_plain_best,mlp,5,0.4967558,0.006488399999999994,0.4944532,0.0030056000000000084,0.657382,0.0,0.495798,0.0,0.488,0.0040000000000000036,0.8201678,0.006722399999999995,0.4062946,0.024446529476389894
hESC,mESC,coverage_matched,v4_type_pe_best,mlp,1,0.508085,0.0,0.599817,0.0,0.746781,0.0,0.5,0.0,0.62,0.0,0.712644,0.0,0.336617,0.0
hESC,mESC,native,baseline,lr,5,0.4993416,0.0008329440797556484,0.5168246,0.00014025348480518088,0.6788632,0.0008003999999999678,0.4982192,0.0008904000000000023,0.545,0.012649110640673493,0.1617212,0.003753307362846797,0.4067076,0.012486453469260191
hESC,mESC,native,baseline,mlp,5,0.5000082,1.6399999999983095e-05,0.5167404,8.800000000031005e-06,0.6788632,0.0008003999999999678,0.4982192,0.0008904000000000023,0.535,0.0,0.158754,0.0,0.4095078,0.014033892181429917
hESC,mESC,native,cl_scratch_v5,lr,5,0.5048798,0.0008576000000000139,0.5204864,0.0009808000000000039,0.680464,0.0,0.5,0.0,0.556,0.0020000000000000018,0.1649848,0.0005935999999999942,0.4069298,0.012067038301091128
hESC,mESC,native,cl_scratch_v5,mlp,5,0.5008902,0.0017803999999999932,0.517388,0.0013040000000000163,0.6800638,0.0008003999999999678,0.4995548,0.0008904000000000023,0.563,0.003999999999999959,0.1670624,0.0011871999999999994,0.4008114,0.011712024156395846
hESC,mESC,native,cl_v6_fair,lr,5,0.5017804,0.0021805357690255767,0.51804,0.001597067312294652,0.6800638,0.0008003999999999678,0.4995548,0.0008904000000000023,0.5609999999999999,0.004898979485566306,0.1664688,0.0014540171113160937,0.406258,0.011882562955860994
hESC,mESC,native,cl_v6_fair,mlp,5,0.4995714,0.0008572000000000024,0.516524,0.00042399999999997995,0.6800638,0.0008003999999999678,0.4995548,0.0008904000000000023,0.565,0.0,0.167656,0.0,0.4014624,0.019856689579081405
hESC,mESC,native,minus,lr,5,0.5024426,0.0018751586172908018,0.518749,0.001684989732906412,0.680464,0.0,0.5,0.0,0.544,0.0073484692283495405,0.1614242,0.0021804813597001917,0.408084,0.012033082281776353
hESC,mESC,native,minus,mlp,5,0.5016232,0.00315944928112479,0.5178661999999999,0.001499676951879984,0.6796636,0.0009802857950617883,0.4991096,0.0010905128334870737,0.551,0.015297058540778325,0.1635016,0.004539199471272442,0.4018628,0.005063306603396636
hESC,mESC,native,scGPT_human,lr,5,0.5005272,0.0014669443615897475,0.5173642,0.00048078286159141276,0.678463,0.0,0.497774,0.0,0.544,0.0073484692283495405,0.1614242,0.0021804813597001917,0.4098324,0.011739757145699393
hESC,mESC,native,scGPT_human,mlp,5,0.5,0.0,0.516736,0.0,0.678463,0.0,0.497774,0.0,0.535,0.0,0.158754,0.0,0.3912692,0.02880060222564799
hESC,mESC,native,scconcept,lr,5,0.4951538,0.0014787029992530687,0.5133142,0.0006914704332073555,0.676456,0.0,0.495549,0.0,0.542,0.006000000000000005,0.1608308,0.0017804000000000042,0.4135092,0.012195232616067631
hESC,mESC,native,scconcept,mlp,5,0.495549,0.0,0.5134654,4.89897948570723e-07,0.676456,0.0,0.495549,0.0,0.545,0.0,0.161721,0.0,0.4037174,0.004866215145264327
hESC,mESC,native,scconcept_encoded,lr,5,0.495681,0.0017869965864544964,0.513589,0.0008433948067186289,0.6772587999999999,0.0009832251827532129,0.496439,0.001090022935538503,0.536,0.0073484692283495405,0.1590504,0.00218053576902559,0.4024058,0.012716709549250551
hESC,mESC,native,scconcept_encoded,mlp,5,0.495549,0.0,0.513465,0.0,0.676456,0.0,0.495549,0.0,0.545,0.0,0.161721,0.0,0.4034826,0.013876335893887837
hESC,mESC,native,v4_bias_rec_best,lr,5,0.5023752,0.0028950940848269336,0.5200504,0.0017798635453315026,0.680464,0.0,0.5,0.0,0.548,0.00509901951359279,0.16261119999999998,0.0015131144570058154,0.40298819999999996,0.012048897433375385
hESC,mESC,native,v4_bias_rec_best,mlp,5,0.5015882,0.0031763999999999903,0.5175562,0.0016404000000000084,0.6800638,0.0008003999999999678,0.4995548,0.0008904000000000023,0.544,0.01799999999999997,0.1614246,0.005341200000000002,0.4054664,0.017233082702755188
hESC,mESC,native,v4_plain_best,lr,5,0.5040557999999999,0.001478702999253045,0.5205312,0.00044275202992194045,0.680464,0.0,0.5,0.0,0.55,0.0054772255750516665,0.1632046,0.0016252754351186178,0.4058454,0.011844665881315518
hESC,mESC,native,v4_plain_best,mlp,5,0.498382,0.0032155392082821696,0.5161272,0.001439000542042991,0.6796636,0.0009802857950617883,0.4991096,0.0010905128334870737,0.533,0.012884098726725137,0.1581604,0.0038233795835621643,0.4052316,0.006541303466435428
hESC,mESC,native,v4_type_pe_best,lr,5,0.4993416,0.0008329440797556484,0.5168246,0.00014025348480518088,0.678463,0.0,0.497774,0.0,0.545,0.012649110640673493,0.1617212,0.003753307362846797,0.4081666,0.012298108238261683
hESC,mESC,native,v4_type_pe_best,mlp,5,0.5017068,0.0034678522690564694,0.517735,0.0017401604523721635,0.678463,0.0,0.497774,0.0,0.534,0.030066592756745808,0.1584572,0.008921868938737003,0.39940559999999997,0.012748212009532942
hESC,mESC,strict,baseline,lr,5,0.5076518,0.0021108500088826638,0.8975854,0.0004169842203249376,0.0136076,0.0062172,0.5034304,0.0015828000000000398,0.922,0.028565713714171413,0.4865436,0.015074463195749302,0.8155786,0.03636607638775457
hESC,mESC,strict,baseline,mlp,5,0.510818,0.01696475337869669,0.8985588,0.0032614638063299156,0.0198248,0.007614483814415787,0.5050132,0.0019385261824386559,0.903,0.0248193472919817,0.47651699999999997,0.013097322672974048,0.5516426,0.05907372316893527
hESC,mESC,strict,cl_scratch_v5,lr,5,0.5071242,0.0025851914745333546,0.8974884,0.0005065544788075511,0.0229334,0.0062172,0.5058046,0.0015828000000000398,0.892,0.02204540768504862,0.47071219999999997,0.011633606584374434,0.784516,0.05596830247202428
hESC,mESC,strict,cl_scratch_v5,mlp,5,0.507124,0.0019745260697190026,0.8974759999999999,0.0003990197990075233,0.026042,0.0,0.506596,0.0,0.896,0.021540659228538036,0.4728232,0.011367005874899513,0.7213498,0.06953663965536444
hESC,mESC,strict,cl_v6_fair,lr,5,0.5137200000000001,0.008725082463793676,0.8989389999999999,0.0019424453660270584,0.026042,0.0,0.506596,0.0,0.924,0.00489897948556636,0.4875988,0.002585191474533382,0.8326664,0.019067825503711746
hESC,mESC,strict,cl_v6_fair,mlp,5,0.506596,0.011264033025519779,0.8974994,0.0022832586012100997,0.026042,0.0,0.506596,0.0,0.91,0.025298221281347056,0.480211,0.013349871370166822,0.7264104,0.10853274962259087
hESC,mESC,strict,minus,lr,5,0.508971,0.0015385138283421052,0.897854,0.000315978480279917,0.026042,0.0,0.506596,0.0,0.92,0.027748873851023224,0.485488,0.014643332994916158,0.8824062,0.0011682548352136284
hESC,mESC,strict,minus,mlp,5,0.5029024,0.016316366195939604,0.8970802,0.002920646325729976,0.026042,0.0,0.506596,0.0,0.899,0.02497999199359358,0.4744062,0.013182077884764602,0.7547618,0.07129995954388753
hESC,mESC,strict,scGPT_human,lr,5,0.5100382,0.0045722502731149655,0.898268,0.0008871757435818685,0.0198248,0.007614483814415787,0.5050132,0.0019385261824386559,0.908,0.035298725189445594,0.4791558,0.0186272902634817,0.7850598000000001,0.051738666555681545
hESC,mESC,strict,scGPT_human,mlp,5,0.5105540000000001,0.007273987627154719,0.8982066,0.0015733092003798951,0.026042,0.0,0.506596,0.0,0.9339999999999999,0.009695359714832626,0.492876,0.005116055668188134,0.7654394,0.0968840389467739
hESC,mESC,strict,scconcept,lr,5,0.5092346,0.0036370300851106714,0.8984636,0.0007358167163091873,0.0,0.0,0.5,0.0,0.921,0.030561413579872264,0.486016,0.016127395375571344,0.8938969999999999,0.0008252187588754741
hESC,mESC,strict,scconcept,mlp,5,0.5017152,0.016549180540437622,0.8968384,0.0029280205327149,0.0,0.0,0.5,0.0,0.899,0.023958297101421902,0.4744064,0.012643152337925864,0.8935552,0.0017047661892470602
hESC,mESC,strict,scconcept_encoded,lr,5,0.5149196,0.0036041818267118506,0.8994938,0.0006673824690535268,0.0,0.0,0.5,0.0,0.922,0.026000000000000023,0.4865438,0.013720400000000011,0.8907646,0.0012324800363494764
hESC,mESC,strict,scconcept_encoded,mlp,5,0.5047494,0.013417466863756358,0.8972712,0.0024687982015547502,0.009424199999999999,0.007694827077979075,0.5023748,0.0019390160803871722,0.895,0.029154759474226494,0.4722954,0.015385240974388412,0.8262758,0.022881266122310638
hESC,mESC,strict,v4_bias_rec_best,lr,5,0.507388,0.002841695761336861,0.8975434,0.0005605296067113629,0.026042,0.0,0.506596,0.0,0.906,0.03352610922848045,0.4781002,0.01769214542558365,0.8763974,0.003665681633748332
hESC,mESC,strict,v4_bias_rec_best,mlp,5,0.5137202000000001,0.009858329846378635,0.8989064,0.002109140166039234,0.026042,0.0,0.506596,0.0,0.915,0.02738612787525829,0.4828496,0.014451842257650062,0.69218,0.14702566208931012
hESC,mESC,strict,v4_plain_best,lr,5,0.5055412,0.0021108500088827054,0.8971854,0.0004092615789443183,0.026042,0.0,0.506596,0.0,0.878,0.028565713714171423,0.46332439999999997,0.015074463195749302,0.8284898,0.039476693799759884
hESC,mESC,strict,v4_plain_best,mlp,5,0.505409,0.019373019072927194,0.8976186,0.0035661027242635496,0.026042,0.0,0.506596,0.0,0.894,0.017720045146669364,0.4717678,0.009351149991311236,0.6390776,0.1402478521541061
hESC,mESC,strict,v4_type_pe_best,lr,5,0.5058046,0.0010552000000000172,0.8972076,0.00019395009667435816,0.026042,0.0,0.506596,0.0,0.9099999999999999,0.03674234614174765,0.4802108,0.019389181007974526,0.8388135999999999,0.01602537750694193
hESC,mESC,strict,v4_type_pe_best,mlp,5,0.5022428,0.015074228648922616,0.8969658,0.002665326576613083,0.026042,0.0,0.506596,0.0,0.913,0.020396078054371127,0.4817942,0.010763020196952156,0.593873,0.18691945268804958
hESC,mESC,topology_matched,baseline,lr,5,0.5047492,0.0053816424779057955,0.8970174,0.0010599578482184946,0.010499,0.0,0.502639,0.0,0.905,0.03701351104664351,0.4775724,0.019532353986143097,0.6466934,0.13774337678683504
hESC,mESC,topology_matched,baseline,mlp,5,0.498417,0.013229509091421338,0.8961476,0.0022129849163516732,0.0198248,0.007614483814415787,0.5050132,0.0019385261824386559,0.898,0.028390139133156772,0.4738786,0.014981687763399684,0.3511014,0.09492333337931197
hESC,mESC,topology_matched,cl_scratch_v5,lr,5,0.505805,0.002841695761336886,0.8972332,0.0005531764275527115,0.026042,0.0,0.506596,0.0,0.883,0.02204540768504862,0.4659628,0.011633606584374434,0.8732314,0.007241615554556847
hESC,mESC,topology_matched,cl_scratch_v5,mlp,5,0.5071238,0.0017895620022787483,0.8974694,0.0003660041529819138,0.023975,0.004134,0.5060684000000001,0.0010552000000000118,0.908,0.019390719429665335,0.47915559999999996,0.010232482643034384,0.6978896,0.08999930333641479
hESC,mESC,topology_matched,cl_v6_fair,lr,5,0.510158,0.007123999999999997,0.898146,0.0015859999999999984,0.026042,0.0,0.506596,0.0,0.922,0.0040000000000000036,0.48654339999999996,0.0021108000000000125,0.7587134,0.1071462871528454
hESC,mESC,topology_matched,cl_v6_fair,mlp,5,0.503034,0.007124000000000019,0.8967064,0.0012931999999999722,0.026042,0.0,0.506596,0.0,0.908,0.02400000000000002,0.47915559999999996,0.012664799999999986,0.6182156,0.14061558927601167
hESC,mESC,topology_matched,minus,lr,5,0.5065962,0.002502942780009165,0.8973724,0.0004910444379076011,0.0198248,0.007614483814415787,0.5050132,0.0019385261824386559,0.9229999999999999,0.029257477676655572,0.487071,0.015439369209912691,0.8783828,0.006626210965551891
hESC,mESC,topology_matched,minus,mlp,5,0.5110818,0.007060249468680266,0.8983164,0.0015284225332021309,0.026042,0.0,0.506596,0.0,0.933,0.009273618495495678,0.4923484,0.004893537517992475,0.6659558,0.10844140341659178
hESC,mESC,topology_matched,scGPT_human,lr,5,0.5077834,0.0009695080401935589,0.8981354,0.0006388269249178935,0.008399199999999999,0.0041996,0.5021112,0.0010555999999999788,0.937,0.002449489742783126,0.4944592,0.001292350788292392,0.8448752,0.019206895016113334
hESC,mESC,topology_matched,scGPT_human,mlp,5,0.5063322,0.01210287130229849,0.897563,0.0022222038610352516,0.0167162,0.007614483814415787,0.5042217999999999,0.0019385261824386559,0.9249999999999999,0.01999999999999997,0.48812659999999997,0.010553950001776582,0.8122904,0.05092453257360346
hESC,mESC,topology_matched,scconcept,lr,5,0.5104338,0.005555447935135361,0.8980592,0.0009849914517395884,0.0,0.0,0.5,0.0,0.922,0.03108054053584011,0.4865436,0.01640128489600738,0.8941906,0.0012056371925251502
hESC,mESC,topology_matched,scconcept,mlp,5,0.494195,0.010171090069407529,0.8954802,0.0015386946935633322,0.0,0.0,0.5,0.0,0.91,0.024494897427831747,0.480211,0.012925957372666826,0.8849804,0.014713515794669889
hESC,mESC,topology_matched,scconcept_encoded,lr,5,0.5063322,0.006926988130493663,0.8973676,0.001258377622178661,0.0,0.0,0.5,0.0,0.88,0.030331501776206186,0.46438,0.016005933487304006,0.8899426,0.0013748603710923106
hESC,mESC,topology_matched,scconcept_encoded,mlp,5,0.5094988,0.007933097110208601,0.8980125999999999,0.0016920261936506746,0.0031414,0.006282799999999999,0.5007916,0.0015832000000000068,0.904,0.03292415526630866,0.4770448,0.01737444121000731,0.8083518,0.03112131624080191
hESC,mESC,topology_matched,v4_bias_rec_best,lr,5,0.5063324,0.0017501829161547645,0.8973173999999999,0.0003431772719746961,0.026042,0.0,0.506596,0.0,0.909,0.035972211497209895,0.4796832,0.01898285291941125,0.7822546,0.04235275889289859
hESC,mESC,topology_matched,v4_bias_rec_best,mlp,5,0.505541,0.014243163103749122,0.8974176,0.0026300748734589216,0.026042,0.0,0.506596,0.0,0.894,0.0285306852353742,0.4717676,0.015055845889221903,0.355043,0.10242150968619824
hESC,mESC,topology_matched,v4_plain_best,lr,5,0.5047496,0.0019744191652230595,0.8970266,0.0003755404638650754,0.026042,0.0,0.506596,0.0,0.878,0.028565713714171423,0.46332439999999997,0.015074463195749302,0.7430534,0.08873024363225877
hESC,mESC,topology_matched,v4_plain_best,mlp,5,0.5113456000000001,0.016736542278499484,0.8986166,0.0031995031864337792,0.026042,0.0,0.506596,0.0,0.901,0.024979991993593614,0.4754618,0.013182077884764602,0.6345,0.15929890332453642
hESC,mESC,topology_matched,v4_type_pe_best,lr,5,0.5060688,0.0025851914745333546,0.8972816,0.0005065544788075511,0.026042,0.0,0.506596,0.0,0.893,0.034292856398964525,0.47124,0.018096830219682135,0.8214082,0.04582817289135583
hESC,mESC,topology_matched,v4_type_pe_best,mlp,5,0.5150396,0.011428368082976703,0.899147,0.0023964142379814114,0.0229334,0.0062172,0.5058046,0.0015828000000000398,0.898,0.029086079144497966,0.4738784,0.015348950877503,0.5004948,0.2283197696454689
hESC,mHSC-E,coverage_matched,baseline,lr,5,0.4851966,0.05027276624813874,0.5452484,0.03745791738257747,0.16557660000000002,0.061219754176572785,0.5053378,0.014579517912468856,0.524,0.025573423705088867,0.3895912,0.019013613727011477,0.4711186,0.03085736530943625
hESC,mHSC-E,coverage_matched,baseline,mlp,5,0.46634939999999997,0.019089806605620714,0.5020496,0.011357557811431104,0.2210978,0.07144727359780778,0.4701598,0.012865354505803572,0.5,0.022803508501982758,0.3717474,0.016954364719446155,0.3942106,0.055794878103998045
hESC,mHSC-E,coverage_matched,cl_scratch_v5,lr,5,0.5551458,0.014754613832967655,0.6111298000000001,0.01250814101935215,0.5164453999999999,0.05395922875875822,0.5377768,0.01382033580489275,0.635,0.007745966692414841,0.4535714,0.005532944012006615,0.3807608,0.022313462522880658
hESC,mHSC-E,coverage_matched,cl_scratch_v5,mlp,5,0.5855572,0.05343460524940743,0.6375296,0.03597719365709339,0.3170746,0.043641198341017165,0.5181131999999999,0.023218444766176724,0.652,0.04675467891024384,0.4657144,0.03339623405475534,0.3438872,0.036191812816713125
hESC,mHSC-E,coverage_matched,cl_v6_fair,lr,5,0.6403878,0.023805012467125488,0.5494498,0.024970427568626045,0.5832384,0.02955153111160234,0.5972076,0.015402118290676756,0.529,0.008000000000000007,0.6045716,0.009143200000000018,0.30869219999999997,0.012289989021964168
hESC,mHSC-E,coverage_matched,cl_v6_fair,mlp,5,0.612618,0.049296814903196345,0.5270192,0.048654098427162326,0.5866106,0.03179871769490082,0.5825804,0.038131601443422224,0.525,0.039999999999999994,0.6000002,0.04571422500010255,0.2630786,0.01712495963907653
hESC,mHSC-E,coverage_matched,minus,lr,5,0.6447382,0.025775506632460202,0.6004834,0.025183440675173835,0.6141616,0.01030692653704296,0.6051068,0.017156498330370334,0.611,0.03382306905057551,0.5554548,0.030748161807821958,0.3094934,0.017454663395207605
hESC,mHSC-E,coverage_matched,minus,mlp,5,0.6280442,0.030761920774880096,0.5934854,0.03887563177930361,0.5695788,0.027673398912312904,0.5930252,0.022147506021220523,0.588,0.02599999999999998,0.5345454000000001,0.023636415384740567,0.272814,0.01118359291104606
hESC,mHSC-E,coverage_matched,scGPT_human,lr,5,0.4653,0.04015572821902249,0.5080192,0.0295374579908292,0.43277140000000003,0.065136785967992,0.4826418,0.03838853857286053,0.51,0.033015148038438344,0.426778,0.02762768166169575,0.392576,0.027025973188767875
hESC,mHSC-E,coverage_matched,scGPT_human,mlp,5,0.5099544,0.07972255697504943,0.5370512,0.059976785453706986,0.4244502,0.18597078582551615,0.5176628,0.06381499349024487,0.555,0.05899152481501051,0.4644352,0.04936522677107842,0.320862,0.05617078948350288
hESC,mHSC-E,coverage_matched,scconcept,lr,5,0.4962224,0.029145264278094992,0.5346172,0.020755770565315097,0.099004,0.10980136282032203,0.49970180000000003,0.0064983145630232424,0.526,0.017146428199482262,0.3896294,0.012701105882560002,0.433179,0.05605006438176499
hESC,mHSC-E,coverage_matched,scconcept,mlp,5,0.4883098,0.04507607610429286,0.520767,0.03445501937889455,0.1109082,0.07973439129610259,0.48656320000000003,0.02101978282856416,0.524,0.03215587038162705,0.388148,0.023819134451108843,0.3683712,0.03829216788535222
hESC,mHSC-E,coverage_matched,scconcept_encoded,lr,5,0.5267326,0.04312756090297711,0.562671,0.04081405989607013,0.5070056000000001,0.050061888472569635,0.5180202,0.043631388038429385,0.5790000000000001,0.052287665849605494,0.41505380000000003,0.03748202885330516,0.4135746,0.03572365257137069
hESC,mHSC-E,coverage_matched,scconcept_encoded,mlp,5,0.5562042,0.04669984189437906,0.5940676,0.03229931972410564,0.4808946,0.052789500124930146,0.5304692,0.02636755360969234,0.601,0.032,0.4308244,0.022939050002997063,0.3528976,0.042057843395019674
hESC,mHSC-E,coverage_matched,v4_bias_rec_best,lr,5,0.5634254,0.04431846101389353,0.4284394,0.0384533911097578,0.3762422,0.013317314164650458,0.5443768,0.019501688936089598,0.399,0.03878143885933064,0.4508474,0.04382061238549731,0.3261084,0.02543365422899352
hESC,mHSC-E,coverage_matched,v4_bias_rec_best,mlp,5,0.5213442,0.013214320117206184,0.3770194,0.010849406298964021,0.3271474,0.010681209624382432,0.511808,0.006314669999295315,0.366,0.01019803902718558,0.41355939999999997,0.011523352647558785,0.2849708,0.010293065479243774
hESC,mHSC-E,coverage_matched,v4_plain_best,lr,5,0.48219819999999997,0.0312848363550139,0.4926024,0.023047054905996123,0.5255644,0.042861441173157024,0.4905554,0.03596103955449563,0.497,0.03059411708155671,0.5372975999999999,0.03307481622382804,0.395611,0.018546860683145268
hESC,mHSC-E,coverage_matched,v4_plain_best,mlp,5,0.46212,0.030301175020120908,0.4790836,0.019500666312718642,0.4005778,0.04525893312220251,0.4650454,0.028150392903829955,0.479,0.014628738838327788,0.5178378,0.015814815109889854,0.3263898,0.018588111731964615
hESC,mHSC-E,coverage_matched,v4_type_pe_best,lr,5,0.6726466,0.016168919983721847,0.7614834,0.018658967266169918,0.704661,0.023347809019263446,0.6207876,0.012658262038684465,0.758,0.018055470085267804,0.5414286,0.012896989053263535,0.27239220000000003,0.014742309634517926
hESC,mHSC-E,coverage_matched,v4_type_pe_best,mlp,5,0.6816912,0.025309814913586394,0.772806,0.02513495235722559,0.6809482,0.015893624072564432,0.6258418,0.017561719567286114,0.761,0.02177154105707726,0.5435714,0.01555115456292553,0.2684378,0.023636864846252343
hESC,mHSC-E,native,baseline,lr,5,0.5247164,0.01905778823053714,0.5299878,0.017886089571507818,0.3799194,0.026799912556573754,0.5246396,0.01265339236094417,0.567,0.019131126469708958,0.1723402,0.005815162023538122,0.44430939999999997,0.011771856193481119
hESC,mHSC-E,native,baseline,mlp,5,0.5345022,0.015610249432984731,0.5419438,0.006642309610368966,0.4236726,0.010162111544359276,0.5316730000000001,0.005616644585515428,0.58,0.025099800796022254,0.1762918,0.007629024692580309,0.4062682,0.005956248430010284
hESC,mHSC-E,native,cl_scratch_v5,lr,5,0.5232266,0.011393354880806608,0.5404986,0.013419799381510894,0.43631960000000003,0.02002874243281389,0.5377416,0.011562875673464645,0.591,0.02199999999999998,0.1796354,0.006686981818428997,0.4279022,0.010840420405131897
hESC,mHSC-E,native,cl_scratch_v5,mlp,5,0.5381096,0.004273336008319506,0.5517954,0.004144395569923328,0.45902160000000003,0.019717156170198587,0.5610588,0.0076922790225004145,0.608,0.016309506430300102,0.1848024,0.004957341932931395,0.381699,0.00687884644399045
hESC,mHSC-E,native,cl_v6_fair,lr,5,0.5543986,0.01896068128100886,0.5809896,0.02650485908357181,0.4173276,0.021545785366052457,0.5588316,0.015604309515002577,0.646,0.05083306010855532,0.1963524,0.015450606325966627,0.4116068,0.013031916841355297
hESC,mHSC-E,native,cl_v6_fair,mlp,5,0.584906,0.009124492994133983,0.5998734,0.01119339023888653,0.4710944,0.037307263006551426,0.579057,0.012289598138263101,0.684,0.014282856857085663,0.2079028,0.004341274347469877,0.3639982,0.00870759894345164
hESC,mHSC-E,native,minus,lr,5,0.5657372,0.010068727295939656,0.5652688,0.003864344001250415,0.481382,0.01621361939851803,0.5577178,0.006266445001753382,0.61,0.02097617696340305,0.1854106,0.006375756664114464,0.4154294,0.0032553930392504034
hESC,mHSC-E,native,minus,mlp,5,0.5624454,0.006887614844051609,0.5745458,0.006811478647107382,0.4529752,0.016561357050676725,0.5718150000000001,0.008615888044769397,0.626,0.02267156809750929,0.1902734,0.006890992253659845,0.3874396,0.005934608010644002
hESC,mHSC-E,native,scGPT_human,lr,5,0.5683584,0.016622424090366617,0.599938,0.012341614853818753,0.3842514,0.015566073334017154,0.5580288,0.00595245164281071,0.676,0.017435595774162666,0.2054712,0.005299262567565414,0.405907,0.006989175602315327
hESC,mHSC-E,native,scGPT_human,mlp,5,0.5609912,0.008670500202410471,0.5902762,0.01317334844904665,0.3672976,0.012585045690818912,0.5499636,0.007365400752165503,0.655,0.03577708763999664,0.1990882,0.010874529643161584,0.3903372,0.005149917878956914
hESC,mHSC-E,native,scconcept,lr,5,0.4690096,0.01025650959342408,0.4890924,0.00810245606220731,0.2952262,0.011541417770794015,0.491439,0.005311729661795692,0.496,0.013564659966250548,0.1507598,0.004122934168768643,0.47316600000000003,0.00456585974379416
hESC,mHSC-E,native,scconcept,mlp,5,0.4697944,0.01883254446536633,0.4825582,0.016142683276332972,0.2577824,0.02650625165956137,0.4978658,0.013105376872108653,0.502,0.04154515615568199,0.15258339999999998,0.012627590040858942,0.4332402,0.01763709707860112
hESC,mHSC-E,native,scconcept_encoded,lr,5,0.487217,0.004740308597549325,0.5032668,0.006063752085961279,0.36044160000000003,0.00509276964332768,0.4937152,0.005207275003300678,0.5,0.019235384061671343,0.1519758,0.005846828931993826,0.47515040000000003,0.0032180317959895795
hESC,mHSC-E,native,scconcept_encoded,mlp,5,0.4343698,0.014932515680889125,0.4527238,0.012391648322963333,0.3380838,0.03155745557804051,0.464819,0.011960011103673781,0.388,0.034871191548325395,0.1179332,0.010599247792178457,0.4701824,0.015263238301225593
hESC,mHSC-E,native,v4_bias_rec_best,lr,5,0.4812608,0.020959208548034434,0.4964262,0.017358093690264472,0.360005,0.019525859192363347,0.5005222,0.014001733626947769,0.506,0.03597221149720988,0.1537996,0.010933839867128108,0.4680362,0.012003509593448074
hESC,mHSC-E,native,v4_bias_rec_best,mlp,5,0.5097076,0.013767642348637619,0.5207152,0.009029062728766468,0.3506746,0.02785300874663274,0.5115758,0.008756759912204976,0.5589999999999999,0.02817800560721071,0.1699086,0.00856492838498957,0.4318228,0.011592778569437107
hESC,mHSC-E,native,v4_plain_best,lr,5,0.5302558,0.030741751227931043,0.552683,0.020464987710721912,0.3801984,0.024249011267266137,0.5305178,0.016400960708446318,0.585,0.033763886032268244,0.1778116,0.010262622015839813,0.4424218,0.012888319353585245
hESC,mHSC-E,native,v4_plain_best,mlp,5,0.5570056,0.00867171137896092,0.5604808,0.00842127748978741,0.3741238,0.02507759058920933,0.5372192,0.008472361049908115,0.611,0.023323807579381222,0.1857146,0.007089254166694831,0.40356040000000004,0.006177755534172586
hESC,mHSC-E,native,v4_type_pe_best,lr,5,0.5660532,0.017425890168367316,0.5504122,0.013703356601942468,0.424661,0.027218401084560417,0.5425008,0.014000055819888738,0.58,0.030495901363953807,0.1762918,0.009269180037090655,0.4310288,0.013469083924306059
hESC,mHSC-E,native,v4_type_pe_best,mlp,5,0.5672394000000001,0.009021246002631789,0.554569,0.003971405695720346,0.41404799999999997,0.01845329618252521,0.5405886,0.005541913914885347,0.59,0.020248456731316568,0.1793314,0.006154543121954703,0.4001518,0.006986891594979839
hESC,mHSC-E,strict,baseline,lr,5,0.5473194,0.03808536015636455,0.5933834,0.02928265792307794,0.3216138,0.04285646137701992,0.5374958,0.015806112227869307,0.5469999999999999,0.03325657829663176,0.397818,0.02418667347114935,0.4098336,0.019100281407351042
hESC,mHSC-E,strict,baseline,mlp,5,0.5113974,0.01259444176770054,0.5488632,0.009976838846047376,0.2605618,0.02961397529815948,0.517412,0.01128226533990403,0.53,0.017888543819998333,0.38545440000000003,0.013009890708226566,0.3948534,0.03097842653589753
hESC,mHSC-E,strict,cl_scratch_v5,lr,5,0.4966426,0.02744602923994654,0.5485722,0.031180411237826878,0.2867958,0.06575112699079765,0.523601,0.021029013338718504,0.535,0.02774887385102321,0.3890908,0.020181107277847766,0.4247498,0.02080082545862062
hESC,mHSC-E,strict,cl_scratch_v5,mlp,5,0.4693994,0.020127605645977868,0.5065342,0.010986169712870817,0.2569692,0.043923061620975375,0.5048844,0.009504415660102404,0.487,0.029257477676655586,0.3541816,0.021278348287402396,0.3823428,0.016688816931106888
hESC,mHSC-E,strict,cl_v6_fair,lr,5,0.5188144,0.02012573627572418,0.5493203999999999,0.024693367227658518,0.314873,0.055616127948644546,0.5254334,0.016887121159037115,0.551,0.027092434368288124,0.4007272,0.019703500718400265,0.420581,0.016157673557786724
hESC,mHSC-E,strict,cl_v6_fair,mlp,5,0.4999248,0.025275854781985123,0.5244172,0.0113360495129476,0.26840759999999997,0.05921027541432314,0.506837,0.00816804444160289,0.519,0.024779023386727755,0.37745460000000003,0.018020992720713253,0.3820288,0.023840436131916696
hESC,mHSC-E,strict,minus,lr,5,0.544897,0.021840916995401093,0.5627628,0.023207568070782454,0.2647842,0.053979582237731326,0.5251178,0.016068530777890062,0.556,0.02634387974463896,0.4043638,0.019159220468484606,0.428878,0.01775207033559748
hESC,mHSC-E,strict,minus,mlp,5,0.4822046,0.0496055792571763,0.512836,0.03270914736277913,0.19962660000000002,0.043377211964809356,0.4948156,0.01455533408204703,0.513,0.03443835071544514,0.373091,0.025046437535106665,0.40907519999999997,0.022494261485098806
hESC,mHSC-E,strict,scGPT_human,lr,5,0.5179708,0.035325970590487664,0.5602706000000001,0.03034172251932969,0.2032608,0.05398306648348165,0.523322,0.0095769302806275,0.54,0.03492849839314594,0.3927272,0.025402695245977353,0.4302998,0.01926055989217345
hESC,mHSC-E,strict,scGPT_human,mlp,5,0.5066914,0.030248983874503955,0.5408862,0.024697639056395652,0.1185706,0.021839928567648752,0.501937,0.010154164465873078,0.539,0.03307567081708245,0.392,0.02405493162742309,0.4115838,0.02739472878785261
hESC,mHSC-E,strict,scconcept,lr,5,0.4042504,0.014972584153712422,0.4662062,0.01440658499992278,0.0620198,0.01943523854651648,0.4949376,0.005112484429316155,0.428,0.01029563014098701,0.3112728,0.0074877009929617214,0.4794594,0.00952093055536064
hESC,mHSC-E,strict,scconcept,mlp,5,0.447649,0.02949041071941861,0.491779,0.02334906429816836,0.0686038,0.019581039026568537,0.4971446,0.009355372501402599,0.46199999999999997,0.033406586176980134,0.33600019999999997,0.02429573604894489,0.4544774,0.029926626195413336
hESC,mHSC-E,strict,scconcept_encoded,lr,5,0.41680079999999997,0.007903543139630471,0.46929319999999997,0.004203325274113334,0.18436539999999998,0.020855145068783384,0.4772222,0.009963579585671,0.447,0.013638181696985868,0.32509079999999996,0.009918653606210876,0.4929358,0.0052978766086046155
hESC,mHSC-E,strict,scconcept_encoded,mlp,5,0.4210484,0.013037488693763066,0.4636752,0.006069442228079932,0.1533134,0.022336093710405142,0.4705938,0.0034861941655622195,0.438,0.02227105745132009,0.3185454,0.016197335973548256,0.4922892,0.010132102158979644
hESC,mHSC-E,strict,v4_bias_rec_best,lr,5,0.567986,0.014385611158376256,0.583599,0.015564257425267692,0.3338932,0.051573456821896284,0.5421718,0.018115179440458217,0.563,0.018867962264113174,0.4094544,0.013722085958045874,0.4092018,0.015404593099462256
hESC,mHSC-E,strict,v4_bias_rec_best,mlp,5,0.5206338,0.017427968962561293,0.5411162,0.014513084777537806,0.2682312,0.0468674867531853,0.5124372,0.016546679901418303,0.526,0.02177154105707726,0.3825456,0.01583399168371639,0.41459999999999997,0.021676795999409137
hESC,mHSC-E,strict,v4_plain_best,lr,5,0.5639476,0.03613485741828793,0.6098562,0.027619334013694125,0.3172424,0.029178225426505975,0.5530784,0.013166535301285613,0.596,0.03652396473549934,0.43345459999999997,0.026562625582573714,0.3923456,0.018722888971523598
hESC,mHSC-E,strict,v4_plain_best,mlp,5,0.5123736,0.03872610372139185,0.5484964,0.03900169004850943,0.2089972,0.07616520458949742,0.5199802,0.016057584418585527,0.526,0.042118879377305365,0.38254540000000004,0.03063183586793322,0.4044148,0.014537968983320894
hESC,mHSC-E,strict,v4_type_pe_best,lr,5,0.5150394,0.0449869302380147,0.5211024,0.03384357825998899,0.2795218,0.0543062687482762,0.5041966,0.025297728250576166,0.517,0.060216276869298375,0.376,0.04379354116761969,0.4369312,0.028460563096326833
hESC,mHSC-E,strict,v4_type_pe_best,mlp,5,0.518786,0.026037273536221123,0.5249612,0.020274067676714514,0.2608356,0.04184427999428357,0.4988948,0.02276307025337311,0.519,0.019339079605813735,0.37745460000000003,0.014064971320269376,0.3940496,0.02665286970365481
hESC,mHSC-E,topology_matched,baseline,lr,5,0.520608,0.0624547395255156,0.526242,0.05661828027413054,0.242586,0.06910362756614156,0.5325448,0.02403213010450798,0.435294,0.0,1.0,0.0,0.3570002,0.02598386742884899
hESC,mHSC-E,topology_matched,baseline,mlp,5,0.4025898,0.03194101989229523,0.4414012,0.03079498228867812,0.18889720000000002,0.03793664695989881,0.5073761999999999,0.025673758045132375,0.435294,0.0,1.0,0.0,0.36643560000000003,0.01031298058952891
hESC,mHSC-E,topology_matched,cl_scratch_v5,lr,5,0.5386292,0.0363021713422214,0.6782882,0.03444151753567199,0.447204,0.09411767024740891,0.5459678,0.02983966964562443,0.607843,0.0,1.0,0.0,0.4146224,0.029486363123315148
hESC,mHSC-E,topology_matched,cl_scratch_v5,mlp,5,0.4931452,0.03179996687042299,0.6346652,0.03129338296445431,0.3662104,0.04386513942346474,0.5081452,0.023670926727950473,0.607843,0.0,1.0,0.0,0.389328,0.02703682381493803
hESC,mHSC-E,topology_matched,cl_v6_fair,lr,5,0.498413,0.02516158970335538,0.584353,0.040853744019367436,0.436856,0.04385400186071963,0.5490196,0.03020801019994532,0.552632,0.0,1.0,0.0,0.4052428,0.01851976141746972
hESC,mHSC-E,topology_matched,cl_v6_fair,mlp,5,0.4478058,0.04030830130084868,0.5404002,0.03198290217850782,0.284285,0.048798248673492375,0.5046686,0.020871871450351548,0.552632,0.0,1.0,0.0,0.4046798,0.03655669624241229
hESC,mHSC-E,topology_matched,minus,lr,5,0.4765604,0.035741721321727066,0.7111912,0.015533012385239367,0.2178718,0.03696140621459092,0.469271,0.028431034550293798,0.731481,0.0,1.0,0.0,0.6290538,0.014412603420617662
hESC,mHSC-E,topology_matched,minus,mlp,5,0.4129198,0.020365053689101825,0.6863774,0.01487718022476035,0.1572506,0.036256044575215314,0.462811,0.012220376868165734,0.731481,0.0,1.0,0.0,0.581493,0.03784387231243653
hESC,mHSC-E,topology_matched,scGPT_human,lr,5,0.5239766,0.03127168105874705,0.6545274,0.024791449474365165,0.2299458,0.0037388187118393406,0.549123,0.012405481369136792,0.568182,0.0,1.0,0.0,0.4574096,0.010286310059491705
hESC,mHSC-E,topology_matched,scGPT_human,mlp,5,0.5207016,0.04172028361648565,0.6443968,0.02314461564511278,0.145448,0.032072299705509115,0.5294738,0.012757417534908862,0.568182,0.0,1.0,0.0,0.4452978,0.02485906887556329
hESC,mHSC-E,topology_matched,scconcept,lr,5,0.2740422,0.018443052495723162,0.4898362,0.013217783435962336,0.0064516,0.0129032,0.4600572,0.003448399999999996,0.617021,0.0,1.0,0.0,0.6065332,0.005201743300087002
hESC,mHSC-E,topology_matched,scconcept,mlp,5,0.3713602,0.027808677828332663,0.5413794,0.033384672498618276,0.0193548,0.0387096,0.4690612,0.02908871217087481,0.617021,0.0,1.0,0.0,0.567895,0.05160551403483934
hESC,mHSC-E,topology_matched,scconcept_encoded,lr,5,0.2973996,0.011609376772247507,0.5717396,0.011735138390321614,0.3191456,0.020715348363954684,0.4498032,0.03100688601843144,0.635135,0.0,1.0,0.0,0.558064,0.01844208260473854
hESC,mHSC-E,topology_matched,scconcept_encoded,mlp,5,0.254689,0.056758189572959424,0.5465814,0.03697120896914248,0.2174464,0.04310244402629623,0.4093774,0.0691305852560211,0.635135,0.0,1.0,0.0,0.5719548,0.0154403927851593
hESC,mHSC-E,topology_matched,v4_bias_rec_best,lr,5,0.5737496,0.020914814793346847,0.5076942,0.019893673380248302,0.4015972,0.040798748575906096,0.5711522,0.014926874212640771,0.379032,0.0,1.0,0.0,0.321803,0.014224424754625401
hESC,mHSC-E,topology_matched,v4_bias_rec_best,mlp,5,0.6091738,0.024962939261232837,0.5321546,0.030977483846174474,0.3953378,0.042105211617565814,0.5804642,0.019983315414615267,0.379032,0.0,1.0,0.0,0.2754116,0.011463287322578983
hESC,mHSC-E,topology_matched,v4_plain_best,lr,5,0.5544682,0.04440357170048371,0.6440542,0.039774740820777185,0.198791,0.040926604017435884,0.534276,0.019149256100433776,0.566667,0.0,1.0,0.0,0.4662558,0.02134512862833111
hESC,mHSC-E,topology_matched,v4_plain_best,mlp,5,0.4328054,0.06681169347531912,0.5348876,0.04938220260215213,0.0692912,0.04872766923791862,0.4864252,0.018321109621417583,0.566667,0.0,1.0,0.0,0.4762774,0.017408940146947483
hESC,mHSC-E,topology_matched,v4_type_pe_best,lr,5,0.4274276,0.05351391377426996,0.396756,0.0297404329020275,0.1936964,0.04754674535906743,0.4490486,0.02246884703406029,0.445312,0.0,1.0,0.0,0.44958739999999997,0.027140879209045534
hESC,mHSC-E,topology_matched,v4_type_pe_best,mlp,5,0.4265878,0.0400486660422042,0.41035,0.03364132226295514,0.2091316,0.06298858785716664,0.4722758,0.03620816068457496,0.445312,0.0,1.0,0.0,0.3899356,0.031269143656966376
hESC,mHSC-GM,coverage_matched,baseline,lr,5,0.7148556,0.03477158565035536,0.6896566,0.036912803933594626,0.6375578000000001,0.028717018859206127,0.6579112,0.027958347264457548,0.6900000000000001,0.039370039370059035,0.5632652,0.032138652139752207,0.2706498,0.02221283752607938
hESC,mHSC-GM,coverage_matched,baseline,mlp,5,0.7128314,0.01834264774344205,0.710989,0.014968253498655095,0.6538028,0.020601331892865598,0.652073,0.019479454458480074,0.673,0.028740215726399808,0.5493878,0.02346146620652681,0.225001,0.006575340964543201
hESC,mHSC-GM,coverage_matched,cl_scratch_v5,lr,5,0.5939952000000001,0.017801800205597188,0.6396482,0.011822995244860742,0.469255,0.07499630283687324,0.5701232,0.010388798956568555,0.642,0.011661903789690611,0.4337838,0.007879536798568813,0.3470858,0.024948758601581765
hESC,mHSC-GM,coverage_matched,cl_scratch_v5,mlp,5,0.6308128000000001,0.027710344879845878,0.6656678,0.017450575318882746,0.4123222,0.050367473069035336,0.581457,0.01397358310527405,0.671,0.027276363393971714,0.4533784,0.018429934840904893,0.32584,0.025591135011952863
hESC,mHSC-GM,coverage_matched,cl_v6_fair,lr,5,0.6516426,0.018680916953939933,0.6166842,0.01943290286498648,0.5375942,0.04021284287090382,0.5944752,0.02216945619901403,0.62,0.025884358211089593,0.510288,0.021303715375492603,0.3088874,0.01596057400722167
hESC,mHSC-GM,coverage_matched,cl_v6_fair,mlp,5,0.6510832,0.03308877087714199,0.6258314,0.02903637901391975,0.3432064,0.0826798459350282,0.5556968,0.012028986963165253,0.632,0.027856776554368263,0.5201646,0.022927448149325284,0.2957554,0.024030725994859174
hESC,mHSC-GM,coverage_matched,minus,lr,5,0.5383674,0.025909556697095392,0.5122376,0.023756115301959632,0.45321,0.04561484044913455,0.5283538,0.015568106196965647,0.499,0.020832666655999678,0.5976046,0.024949499198180344,0.37029,0.013533506182804217
hESC,mHSC-GM,coverage_matched,minus,mlp,5,0.5584754000000001,0.012581248628017806,0.5298773999999999,0.01830488094033938,0.5331870000000001,0.027956812665252104,0.5378376,0.02305190743170724,0.5,0.010000000000000009,0.598802,0.011976000000000032,0.328721,0.014693888974672433
hESC,mHSC-GM,coverage_matched,scGPT_human,lr,5,0.6196202,0.012550069233275167,0.5976056,0.008343176028347945,0.284443,0.15781174544754265,0.557578,0.03467564975598871,0.589,0.025377155080899036,0.5609524,0.02416887937493173,0.3476074,0.04193463438543373
hESC,mHSC-GM,coverage_matched,scGPT_human,mlp,5,0.559643,0.024373757658596673,0.5375452,0.021677812420998564,0.08609,0.012503768871824203,0.5082472,0.006956918553497635,0.524,0.025377155080899026,0.4990476,0.024168650823742723,0.35603,0.023310470540081348
hESC,mHSC-GM,coverage_matched,scconcept,lr,5,0.5171228,0.011488749547274484,0.4616464,0.011852723967088741,0.5915872,0.004714006805256016,0.5292478,0.01026034772120321,0.451,0.015620499351813305,0.462564,0.01602080665884212,0.3497594,0.01011946655906327
hESC,mHSC-GM,coverage_matched,scconcept,mlp,5,0.5166548,0.02859763981450215,0.4724234,0.032262780553448896,0.4870102,0.04870307478753266,0.5041476,0.015419398569334669,0.468,0.030099833886584826,0.48,0.030871532498403756,0.2989016,0.01031871605578911
hESC,mHSC-GM,coverage_matched,scconcept_encoded,lr,5,0.5208312,0.02254785043768032,0.5299465999999999,0.01353472199345079,0.6024142,0.023758418334560917,0.518807,0.01708253806669253,0.532,0.016309506430300102,0.35585300000000003,0.010909404328376506,0.3733292,0.013527014665475885
hESC,mHSC-GM,coverage_matched,scconcept_encoded,mlp,5,0.5887662,0.034120198073282065,0.5948354,0.033747357292682925,0.4612576,0.10159821332011701,0.544707,0.02382589489609991,0.607,0.04696807426326953,0.40602,0.031416872485974794,0.2923256,0.015949503322674346
hESC,mHSC-GM,coverage_matched,v4_bias_rec_best,lr,5,0.7703749999999999,0.0367643170043998,0.7841012,0.03654523623894092,0.5928028000000001,0.08039287165762894,0.648978,0.0393371015759931,0.771,0.03136877428271624,0.531724,0.021633742967873144,0.289584,0.04184706590909332
hESC,mHSC-GM,coverage_matched,v4_bias_rec_best,mlp,5,0.772007,0.018058734285658025,0.7796004,0.02150849026407943,0.5374914,0.08563902573616775,0.6344304,0.03489376602546652,0.78,0.020000000000000018,0.5379312,0.01379315000135938,0.2748582,0.04010619776244066
hESC,mHSC-GM,coverage_matched,v4_plain_best,lr,5,0.6897294,0.040471833329366255,0.5956462,0.0377198700390126,0.5576673999999999,0.06948974778944013,0.6159932,0.050101979894610925,0.609,0.0442040722106007,0.597059,0.04333725162028622,0.2752454,0.02745739078353951
hESC,mHSC-GM,coverage_matched,v4_plain_best,mlp,5,0.5744396,0.04326751000277227,0.527766,0.02714314181519891,0.0678242,0.043162300260296604,0.50341,0.005178942169980286,0.519,0.029223278392404906,0.5088236,0.02865050213591378,0.3441656,0.021718447620398654
hESC,mHSC-GM,coverage_matched,v4_type_pe_best,lr,5,0.701695,0.013367048859041417,0.6258252,0.02145037304477478,0.4626862,0.06787991192510491,0.6123394,0.023195714342093433,0.612,0.02731300056749535,0.5773588,0.025767084735375093,0.27875320000000003,0.02236351213383086
hESC,mHSC-GM,coverage_matched,v4_type_pe_best,mlp,5,0.6743598,0.03948325691429218,0.5954578,0.04089180154211842,0.5006786,0.057664277536790494,0.5956454,0.024756369981077594,0.579,0.031048349392520033,0.5462266,0.029291012816903383,0.23316979999999998,0.01306753331581749
hESC,mHSC-GM,native,baseline,lr,5,0.6367664,0.01682002536977875,0.6193604,0.017120199912384202,0.4681586,0.01426751996108643,0.5692756,0.01238428497088144,0.655,0.027928480087537882,0.1955226,0.008336722919708916,0.40077820000000003,0.010721011433628835
hESC,mHSC-GM,native,baseline,mlp,5,0.713855,0.009589842292759556,0.6999848,0.007609685628197787,0.5944534,0.007378319066020377,0.6361792000000001,0.002404700846259258,0.764,0.01685229954635273,0.2280596,0.005030506360198744,0.293801,0.007293725550087563
hESC,mHSC-GM,native,cl_scratch_v5,lr,5,0.6997260000000001,0.0174764037948315,0.6896082,0.01873042155852345,0.6081518,0.014211042106756293,0.6363632,0.013266768911833822,0.765,0.03563705936241092,0.2283582,0.010637802524957864,0.3293438,0.012848305808938384
hESC,mHSC-GM,native,cl_scratch_v5,mlp,5,0.7436708,0.0029085933644977056,0.7254798,0.004479238301318636,0.6341928,0.009063417796835794,0.662996,0.004371374703683041,0.809,0.02177154105707722,0.2414926,0.006499062227737169,0.2699698,0.007433093982992551
hESC,mHSC-GM,native,cl_v6_fair,lr,5,0.7163808,0.015343414227609169,0.6885674,0.018601177883134156,0.6109074,0.014879230902166973,0.647121,0.012725753777281721,0.74,0.02408318915758461,0.2208956,0.007188831966321091,0.3206784,0.010997126362827705
hESC,mHSC-GM,native,cl_v6_fair,mlp,5,0.7610798,0.005296851419475529,0.7286816,0.005287370219683876,0.655512,0.01604516535284072,0.680094,0.004851649904929235,0.779,0.013928388277184131,0.2325372,0.004157710062041367,0.2620042,0.005960943395134713
hESC,mHSC-GM,native,minus,lr,5,0.6659868,0.01102653104833972,0.6537312,0.011331945877032762,0.5880491999999999,0.007838771342500047,0.611838,0.004920273935463374,0.704,0.014966629547095742,0.210149,0.004467538919808088,0.3528128,0.0077814373325241154
hESC,mHSC-GM,native,minus,mlp,5,0.7068369999999999,0.008646922203882728,0.6822197999999999,0.010057745520741712,0.5982066,0.0246209171851903,0.6339704,0.009338942265588773,0.743,0.011224972160321834,0.2217912,0.0033506007461349325,0.3031908,0.00885683206118306
hESC,mHSC-GM,native,scGPT_human,lr,5,0.6686012,0.02052024849167279,0.6719974,0.024076266060998733,0.5198012,0.025530521274740942,0.6029844,0.020235985170976984,0.743,0.03529872518944558,0.221791,0.010536782791725376,0.3534742,0.016563741103989775
hESC,mHSC-GM,native,scGPT_human,mlp,5,0.7248862,0.007188151428566321,0.7174092,0.007177704073030601,0.5709567999999999,0.023402094670349483,0.6425866,0.006928989958139653,0.774,0.013928388277184131,0.2310448,0.004157394154996608,0.2865448,0.010279502388734587
hESC,mHSC-GM,native,scconcept,lr,5,0.5609272,0.01020177222643203,0.550692,0.010932834033314512,0.354122,0.010525651903801501,0.5188306,0.005542434576970674,0.544,0.024166091947189113,0.1623878,0.007213942594725849,0.4456048,0.006586361040817604
hESC,mHSC-GM,native,scconcept,mlp,5,0.5940628,0.014871672527325245,0.5707252,0.010451291104930531,0.3409848,0.020570247119565684,0.52683,0.004998160421595135,0.571,0.027276363393971687,0.1704476,0.008142119124650543,0.3878872,0.015156428199282316
hESC,mHSC-GM,native,scconcept_encoded,lr,5,0.5743984,0.007686164000332005,0.569779,0.005475774940590607,0.4951938,0.0113100177789427,0.5376156,0.007515453641663953,0.607,0.008717797887081356,0.1811942,0.0026025609233983364,0.4172108,0.009071166637208247
hESC,mHSC-GM,native,scconcept_encoded,mlp,5,0.5888802,0.01585134831362937,0.5888042,0.019327302299079408,0.5378522,0.0324127999864251,0.559123,0.011410878265935516,0.631,0.029393876913398162,0.1883582,0.008774439683535357,0.359197,0.00472159176549604
hESC,mHSC-GM,native,v4_bias_rec_best,lr,5,0.6735918,0.015254906363527774,0.6531108,0.01431816979086361,0.5790974,0.015477462887695756,0.6261404,0.012410887069021317,0.7,0.02509980079602225,0.208955,0.007492529586194504,0.3473082,0.012107750466540024
hESC,mHSC-GM,native,v4_bias_rec_best,mlp,5,0.7039922,0.006440942117423485,0.6737934,0.007484318608931593,0.5962864,0.013469187601336627,0.6386756,0.007087514898749757,0.72,0.016733200530681527,0.2149254,0.004994800600624606,0.309813,0.0057976599417351145
hESC,mHSC-GM,native,v4_plain_best,lr,5,0.6695662,0.012011086885040824,0.6643762,0.010397891140034126,0.5408858,0.018651474905754768,0.6105546,0.004126707869476612,0.722,0.028213471959331795,0.2155224,0.008421834802464362,0.3603158,0.0066631679972817565
hESC,mHSC-GM,native,v4_plain_best,mlp,5,0.7223024,0.008759472828886469,0.7169814,0.009003150883996091,0.587847,0.007909691068556355,0.6521468,0.004356171227121373,0.797,0.024207436873820383,0.2379104,0.007226052106094999,0.2955182,0.004937536446447774
hESC,mHSC-GM,native,v4_type_pe_best,lr,5,0.6711302,0.00872576255464241,0.66613,0.008388009489741912,0.5658618,0.020245352310098236,0.6094742,0.009519012835373224,0.702,0.018055470085267766,0.2095522,0.005389701824776575,0.358265,0.008073413677001803
hESC,mHSC-GM,native,v4_type_pe_best,mlp,5,0.7410636,0.005677929608580933,0.7157922,0.006716038516863949,0.6142466,0.019820352949430537,0.6547258,0.008874886171664419,0.759,0.014628738838327807,0.226567,0.00436695198050082,0.2807608,0.009171979380700756
hESC,mHSC-GM,strict,baseline,lr,5,0.6696234,0.021421588480782638,0.5647472,0.01841622490522962,0.5047632,0.02336094822904242,0.6153156,0.014314183659573465,0.554,0.022226110770892843,0.5251184,0.021067221559569742,0.276501,0.009427503614425188
hESC,mHSC-GM,strict,baseline,mlp,5,0.6918876,0.025864948316979112,0.596047,0.02557075861995494,0.4946948,0.05408484223661931,0.6219448,0.022958306064690407,0.595,0.029495762407505278,0.5639808000000001,0.02795801609127513,0.2452726,0.02383478079278263
hESC,mHSC-GM,strict,cl_scratch_v5,lr,5,0.6246662,0.01002376610660883,0.5286316,0.009394945036560886,0.4929422,0.013650100532963129,0.5890826,0.004098967021092002,0.517,0.013638181696985868,0.4900472,0.012927060507323373,0.305189,0.006382900939228183
hESC,mHSC-GM,strict,cl_scratch_v5,mlp,5,0.6574186,0.02012877294422091,0.5736091999999999,0.010081085544721874,0.5160748,0.07565986673633518,0.6145532,0.025630824468986575,0.5509999999999999,0.023958297101421847,0.522275,0.02270912651776814,0.2450418,0.00618018179020649
hESC,mHSC-GM,strict,cl_v6_fair,lr,5,0.6497122,0.014021897708940825,0.5594076,0.014541853714021469,0.5299208,0.018330724758175813,0.598629,0.013533081378607002,0.524,0.01593737745050924,0.4966824,0.015106588319008362,0.3061558,0.0068827437958999945
hESC,mHSC-GM,strict,cl_v6_fair,mlp,5,0.6805812,0.020530812184616557,0.595536,0.01494598431686583,0.5582621999999999,0.032819025039753986,0.6289254,0.012668088026217706,0.565,0.016124515496597065,0.535545,0.015283870085812685,0.2467166,0.02266423994401754
hESC,mHSC-GM,strict,minus,lr,5,0.6395788,0.02021589912321488,0.525073,0.0196902702977892,0.4138064,0.04401365047618751,0.5814814,0.01999442667945243,0.542,0.03414674215792775,0.513744,0.032366689475446825,0.2999792,0.014024015536215002
hESC,mHSC-GM,strict,minus,mlp,5,0.6465504,0.02628550074546801,0.5434224,0.03661806597077458,0.418876,0.06825460256715295,0.5810688,0.026607117253847724,0.521,0.031527765540868925,0.49383900000000003,0.029883944639220585,0.268314,0.026602266324507014
hESC,mHSC-GM,strict,scGPT_human,lr,5,0.681646,0.007466864830703712,0.5800782,0.00973883227907742,0.4349824,0.026813095581077553,0.5984212,0.014071801965633264,0.567,0.013999999999999969,0.5374405999999999,0.013270271430532238,0.272811,0.004160195764624538
hESC,mHSC-GM,strict,scGPT_human,mlp,5,0.6451642,0.02832242097279114,0.531362,0.030494464573099185,0.3134582,0.041807301067636506,0.5546367999999999,0.01422725043569557,0.533,0.03749666651850535,0.5052132,0.035541970093960755,0.272496,0.017573523642115715
hESC,mHSC-GM,strict,scconcept,lr,5,0.525983,0.008767534499504393,0.4341548,0.008520115595459971,0.0978002,0.024068680690058603,0.5050124,0.008414184466720478,0.431,0.01019803902718558,0.40853079999999997,0.009666583913668767,0.3680406,0.007047752481465282
hESC,mHSC-GM,strict,scconcept,mlp,5,0.5560186,0.019449685659156578,0.4570508,0.010855719255765598,0.1156806,0.009678498842279204,0.510226,0.007374179683191898,0.45,0.020493901531919188,0.4265402,0.01942558372250368,0.34464680000000003,0.02231805046503839
hESC,mHSC-GM,strict,scconcept_encoded,lr,5,0.6301838,0.012336708773412804,0.510636,0.017662736786806285,0.4743004,0.015509560646259444,0.5793954,0.010393841649746266,0.516,0.01019803902718558,0.4890996,0.009666407411236097,0.3316904,0.008474871293417976
hESC,mHSC-GM,strict,scconcept_encoded,mlp,5,0.651722,0.015459001339025759,0.5253826,0.027464856159099032,0.5128614,0.03771674430594455,0.6030628,0.026651999545249883,0.536,0.029899832775452093,0.508057,0.0283410949612043,0.3026794,0.029907373877356737
hESC,mHSC-GM,strict,v4_bias_rec_best,lr,5,0.6098492,0.014543429243476255,0.5208268,0.017207057684566523,0.4454934,0.01241497197097117,0.5668338,0.009928995788094606,0.493,0.0040000000000000036,0.4672986,0.0037915500049452116,0.3271766,0.005974338209375157
hESC,mHSC-GM,strict,v4_bias_rec_best,mlp,5,0.651827,0.023136139176621478,0.5577724,0.021405470969824526,0.4936402,0.03699335999554513,0.6111384,0.018045818912978143,0.547,0.025806975801127865,0.5184836,0.024461634128569585,0.2765168,0.02438692773926228
hESC,mHSC-GM,strict,v4_plain_best,lr,5,0.6845856,0.011214640673690806,0.5750484,0.014077650409070393,0.5307014,0.026125864644830396,0.6321396,0.015352320470860418,0.583,0.011661903789690611,0.5526064,0.01105400990772128,0.273383,0.004910499404337604
hESC,mHSC-GM,strict,v4_plain_best,mlp,5,0.67511,0.027361083633511314,0.5838896,0.025354119370232537,0.489218,0.055989259691480116,0.6185976,0.020987753387154123,0.563,0.019899748742132364,0.5336493999999999,0.018862238155637843,0.2524584,0.014209069858368641
hESC,mHSC-GM,strict,v4_type_pe_best,lr,5,0.6719516,0.004540390053728881,0.5582172,0.007898004669535197,0.5158514,0.014926425688690523,0.6088364,0.005625156125833317,0.552,0.009273618495495711,0.5232228,0.008790247309376446,0.2872398,0.004057103370632794
hESC,mHSC-GM,strict,v4_type_pe_best,mlp,5,0.666897,0.011457920683963575,0.55065,0.014752475493963725,0.49859180000000003,0.026735652170089295,0.6027618,0.011138364932071479,0.553,0.019131126469708964,0.5241704,0.018133892980824615,0.2579426,0.015682675710477465
hESC,mHSC-GM,topology_matched,baseline,lr,5,0.6942422,0.022433279050553465,0.4375346,0.039077490649221586,0.46317939999999996,0.0421055543252906,0.6477674,0.034198789028853045,0.237113,0.0,1.0,0.0,0.2463936,0.009647572225176655
hESC,mHSC-GM,topology_matched,baseline,mlp,5,0.7565216,0.022598876455257697,0.5141624,0.033004266915658054,0.5030256,0.05828962459511983,0.677497,0.0436245493180159,0.237113,0.0,1.0,0.0,0.1876228,0.01704699474276918
hESC,mHSC-GM,topology_matched,cl_scratch_v5,lr,5,0.7590658,0.009223069259199992,0.4515124,0.020986843646437155,0.5426846,0.02168541659825793,0.7185898,0.020637358546093054,0.236364,0.0,1.0,0.0,0.230887,0.014561176092610107
hESC,mHSC-GM,topology_matched,cl_scratch_v5,mlp,5,0.7532052,0.037730661125403034,0.5133556,0.043657453533617836,0.5063416,0.04827129026906157,0.6879122,0.04450075896161769,0.236364,0.0,1.0,0.0,0.1992964,0.02572221703197452
hESC,mHSC-GM,topology_matched,cl_v6_fair,lr,5,0.5761016,0.010220829410571335,0.5198704,0.003628529707746678,0.4526846,0.022160540368862842,0.5346348,0.021258411026226748,0.415254,0.0,1.0,0.0,0.3507568,0.008814814334970413
hESC,mHSC-GM,topology_matched,cl_v6_fair,mlp,5,0.6380361999999999,0.045693020295883284,0.5764722,0.0426830868583799,0.5217644,0.06342237788541204,0.6066842,0.031796499262654675,0.415254,0.0,1.0,0.0,0.2605442,0.03355292742757328
hESC,mHSC-GM,topology_matched,minus,lr,5,0.678601,0.03978556162227698,0.504123,0.04155802990999453,0.4223418,0.06436052327754957,0.5973684,0.03313064795382064,0.333333,0.0,1.0,0.0,0.2553932,0.01705038315581207
hESC,mHSC-GM,topology_matched,minus,mlp,5,0.6754156,0.030390933678319243,0.5208654,0.04173533414554146,0.3111356,0.06702873703300698,0.5565788,0.026183627078004295,0.333333,0.0,1.0,0.0,0.2326466,0.025327837148876323
hESC,mHSC-GM,topology_matched,scGPT_human,lr,5,0.8179324,0.013467996340955834,0.7675972,0.027909241461566096,0.5784142,0.04538088729145784,0.6810306,0.0236823423976599,0.445455,0.0,1.0,0.0,0.2174728,0.010781155474252286
hESC,mHSC-GM,topology_matched,scGPT_human,mlp,5,0.750619,0.020892784352498372,0.6806136,0.024936289480193295,0.4551584,0.09121475560587772,0.6214454,0.04274841767644741,0.445455,0.0,1.0,0.0,0.24834,0.011992310052696275
hESC,mHSC-GM,topology_matched,scconcept,lr,5,0.4642512,0.029261373702545147,0.440406,0.022826736770725692,0.0,0.0,0.4927538,0.0045830890194278285,0.465116,0.0,1.0,0.0,0.4363518,0.008051212117439196
hESC,mHSC-GM,topology_matched,scconcept,mlp,5,0.54971,0.042870407691086874,0.4850912,0.026089911317595547,0.00625,0.0125,0.48282600000000003,0.009903281072452723,0.465116,0.0,1.0,0.0,0.3975802,0.01258424852583578
hESC,mHSC-GM,topology_matched,scconcept_encoded,lr,5,0.6229544,0.015718855080443992,0.5117434,0.017670994953312605,0.49303779999999997,0.03375457838219875,0.592841,0.023940856016441827,0.407407,0.0,1.0,0.0,0.311745,0.015976986611999144
hESC,mHSC-GM,topology_matched,scconcept_encoded,mlp,5,0.6398184,0.01741528150332346,0.5340237999999999,0.024369912157412448,0.568802,0.04774881932781166,0.6367044,0.03731319444164492,0.407407,0.0,1.0,0.0,0.286591,0.02059117049611313
hESC,mHSC-GM,topology_matched,v4_bias_rec_best,lr,5,0.6352268,0.02217272985809369,0.5558682,0.02340302479082562,0.4226772,0.039696305558074296,0.559368,0.02019255535092079,0.443609,0.0,1.0,0.0,0.334041,0.018858342694945397
hESC,mHSC-GM,topology_matched,v4_bias_rec_best,mlp,5,0.6783784,0.030024997316236347,0.6112874,0.03265854752189691,0.46650379999999997,0.04487241507830839,0.598603,0.025352111115250348,0.443609,0.0,1.0,0.0,0.2818242,0.03439328181723867
hESC,mHSC-GM,topology_matched,v4_plain_best,lr,5,0.6466218,0.011283925033426989,0.5435356,0.009534171649388308,0.4441344,0.028267643804180082,0.5755514,0.01741243954878236,0.44697,0.0,1.0,0.0,0.3315924,0.006551809691985873
hESC,mHSC-GM,topology_matched,v4_plain_best,mlp,5,0.6328304,0.032471186794449006,0.5654768,0.02338973097237334,0.4075972,0.08109537745987745,0.5764802,0.029133232058252665,0.44697,0.0,1.0,0.0,0.2998242,0.025900304518673128
hESC,mHSC-GM,topology_matched,v4_type_pe_best,lr,5,0.6720588,0.019163140195698612,0.4819274,0.023719590018379325,0.4329642,0.026107258166264795,0.5838234,0.01714970416771089,0.333333,0.0,1.0,0.0,0.2703974,0.014798084924746173
hESC,mHSC-GM,topology_matched,v4_type_pe_best,mlp,5,0.6644464,0.03097242723197522,0.4699602,0.03327933805471498,0.3896198,0.056987710809963246,0.5661764,0.016766981273920463,0.333333,0.0,1.0,0.0,0.2433874,0.01156386445095238
hESC,mHSC-L,coverage_matched,baseline,lr,5,0.6519458,0.014237760124401616,0.5803003999999999,0.01579876149069918,0.6036612,0.01355386625874699,0.6031411999999999,0.01845485107390467,0.566,0.0195959179422654,0.6254144,0.021653111698783617,0.3102198,0.013875030038165688
hESC,mHSC-L,coverage_matched,baseline,mlp,5,0.6378994,0.012304113988418687,0.5673262,0.01773723181784574,0.5895766,0.03164421800961431,0.5957008,0.0060766112398276725,0.547,0.010770329614269018,0.6044200000000001,0.011901214223767258,0.2704522,0.009956927968002979
hESC,mHSC-L,coverage_matched,cl_scratch_v5,lr,5,0.6485864,0.012185766592217318,0.6242978,0.018867017383783782,0.5115972,0.041801626597059584,0.5913988,0.015074005856440413,0.609,0.017720045146669364,0.54375,0.01582140438772741,0.3120492,0.013808030915376761
hESC,mHSC-L,coverage_matched,cl_scratch_v5,mlp,5,0.6469083999999999,0.017270551370468772,0.6173758,0.016488298073482316,0.3667634,0.10076893110994081,0.5695236,0.03204487793454674,0.606,0.013928388277184131,0.5410714,0.012436011733670892,0.2862634,0.015974395144730823
hESC,mHSC-L,coverage_matched,cl_v6_fair,lr,5,0.6492016,0.016197681631640985,0.6431496,0.017371177721732037,0.506009,0.060634906286725646,0.5893998,0.014895936941327334,0.618,0.012884098726725137,0.4924304,0.010266049865454575,0.3360184,0.02272786739313655
hESC,mHSC-L,coverage_matched,cl_v6_fair,mlp,5,0.645015,0.02941010843230604,0.6222328,0.02555121500359623,0.4907316,0.06496992255990458,0.5781184,0.023967958140817935,0.619,0.024779023386727755,0.49322720000000003,0.019743925834544658,0.2659318,0.012911548402883366
hESC,mHSC-L,coverage_matched,minus,lr,5,0.5823962,0.015014379459704626,0.5560238,0.0178583076398633,0.6397246,0.009339867035456086,0.5576034,0.010819948347381316,0.568,0.031240998703626607,0.5004404,0.027525362047391845,0.3495532,0.010947217973530985
hESC,mHSC-L,coverage_matched,minus,mlp,5,0.584545,0.01688408417415646,0.5704202,0.016111499935139516,0.6164594,0.02077580104448445,0.5499144,0.007038479852922786,0.5730000000000001,0.024617067250182315,0.5048458,0.021689082400138573,0.2948796,0.02018930699751728
hESC,mHSC-L,coverage_matched,scGPT_human,lr,5,0.6360556,0.02068514167802579,0.6482812,0.020813591668907106,0.6557944,0.07913365715698979,0.5937546,0.011949221290109249,0.648,0.028390139133156765,0.466187,0.020424556474988614,0.2745838,0.012702081788431359
hESC,mHSC-L,coverage_matched,scGPT_human,mlp,5,0.5800502000000001,0.04810120159164425,0.614148,0.04721940519743975,0.4787808,0.09460594418407334,0.5412364000000001,0.034344005500814866,0.613,0.04864154602806125,0.441007,0.03499389182700319,0.2718798,0.010483060743885815
hESC,mHSC-L,coverage_matched,scconcept,lr,5,0.5154184,0.014465607994135599,0.4875042,0.019415246291510185,0.5505554,0.02681624233631552,0.5135462,0.013094369498376017,0.472,0.01469693845669906,0.4271492,0.013300429923878395,0.360049,0.019041749478448663
hESC,mHSC-L,coverage_matched,scconcept,mlp,5,0.4987368,0.024203045728998646,0.4624966,0.016546587304939967,0.5240858,0.063817153845655,0.5097016,0.013200859981077005,0.466,0.02154065922853801,0.4217196,0.019493850934076625,0.3095006,0.019656724127890695
hESC,mHSC-L,coverage_matched,scconcept_encoded,lr,5,0.4479752,0.009997399249804912,0.4923488,0.009297348748971396,0.4150652,0.010077213769688523,0.465291,0.01336709271307714,0.474,0.013564659966250538,0.4103892,0.011744282598779713,0.47729,0.010476891046488933
hESC,mHSC-L,coverage_matched,scconcept_encoded,mlp,5,0.4069608,0.01383731679770323,0.4568654,0.008750913131782303,0.1777476,0.07364575638174951,0.4695878,0.010111006861831319,0.456,0.00969535971483265,0.3948048,0.008394242441102115,0.4341268,0.02560600602514964
hESC,mHSC-L,coverage_matched,v4_bias_rec_best,lr,5,0.6939846,0.007901930564109013,0.6518788,0.007893586343354957,0.4683944,0.05188287966025017,0.6031685999999999,0.015322261707724468,0.642,0.014352700094407337,0.6757896,0.015108084095609193,0.3133806,0.012265773234492804
hESC,mHSC-L,coverage_matched,v4_bias_rec_best,mlp,5,0.634854,0.04017129960556417,0.6207516,0.03214661769828984,0.4024998,0.06984707165343441,0.567783,0.01854968919416171,0.584,0.036110940170535566,0.6147366,0.0380115165527502,0.2715174,0.017852403105464553
hESC,mHSC-L,coverage_matched,v4_plain_best,lr,5,0.6521707999999999,0.02173041244339371,0.7053372,0.025101915459980327,0.4037074,0.0788431677359554,0.5814484,0.0153590241955666,0.636,0.016552945357246864,0.6694738,0.017424343148595294,0.3679526,0.026877875612480978
hESC,mHSC-L,coverage_matched,v4_plain_best,mlp,5,0.6426658,0.03247496661368571,0.6830238,0.03240390105774304,0.4289284,0.07033402218727437,0.5760508,0.03208781819569541,0.638,0.015033296378372921,0.6715792,0.015824500098265363,0.2938306,0.025263873468650846
hESC,mHSC-L,coverage_matched,v4_type_pe_best,lr,5,0.6188276,0.018487293253475486,0.5348222,0.015633474641294543,0.37355879999999997,0.1111216602654946,0.5592864,0.022156463206929048,0.521,0.012409673645990868,0.5887006,0.014022157631406065,0.3035954,0.014921849973780071
hESC,mHSC-L,coverage_matched,v4_type_pe_best,mlp,5,0.5690122,0.016259118246694685,0.5050856,0.015945420553876908,0.1051098,0.021422704044074363,0.5148893999999999,0.010437994186624153,0.484,0.015620499351813309,0.5468926,0.01765017838550084,0.3510244,0.014586462074128882
hESC,mHSC-L,native,baseline,lr,5,0.5774878,0.010324119301906581,0.5928592,0.010346593437455621,0.4241446,0.012559900263935202,0.5489638,0.007602610798929525,0.651,0.018275666882497082,0.1954956,0.0054880842777785465,0.423858,0.006676365987571386
hESC,mHSC-L,native,baseline,mlp,5,0.6349384,0.0024483337680961488,0.63017,0.003622517080705072,0.5122644000000001,0.01759710920122961,0.5754906,0.0069643399859570425,0.686,0.008602325267042589,0.206006,0.00258313878837356,0.353452,0.009383387405409628
hESC,mHSC-L,native,cl_scratch_v5,lr,5,0.6395364,0.008847057513094378,0.6228066,0.009519687444449003,0.5356092,0.008498982395557752,0.5963384,0.009760433096948117,0.7,0.014142135623730925,0.2102104,0.004246812621249025,0.3722128,0.006395004469114924
hESC,mHSC-L,native,cl_scratch_v5,mlp,5,0.6741892,0.008268646791343781,0.6542612,0.006041022708118223,0.5599204,0.015262690255652819,0.616966,0.006563375564448515,0.725,0.016124515496597113,0.2177176,0.004842067971435342,0.3158016,0.007860542108531703
hESC,mHSC-L,native,cl_v6_fair,lr,5,0.660337,0.007001757436529775,0.6507666,0.004605368284947482,0.5370626000000001,0.017114112522710584,0.5977074,0.006397373104642259,0.716,0.01984943324127919,0.215015,0.005960724351955892,0.3675886,0.007639792944838226
hESC,mHSC-L,native,cl_v6_fair,mlp,5,0.6859957999999999,0.00694884970049,0.6743982,0.00850224063173937,0.5717736,0.0138053245901717,0.6179424,0.007840074861887487,0.749,0.024576411454889036,0.2249248,0.007380280086825967,0.3154236,0.006707766203439107
hESC,mHSC-L,native,minus,lr,5,0.5907414,0.008107604371206105,0.5954486,0.0045432998844452226,0.5144088,0.011111212992288443,0.553308,0.009459453810870913,0.642,0.00509901951359279,0.19279280000000001,0.001531157131061345,0.410739,0.006872205293790342
hESC,mHSC-L,native,minus,mlp,5,0.6383840000000001,0.012183502960971449,0.6294412,0.010171628176452386,0.5348468000000001,0.022895950920632246,0.5840684,0.009496746992523269,0.66,0.016733200530681527,0.1981984,0.005025159404436837,0.346185,0.007728828604646388
hESC,mHSC-L,native,scGPT_human,lr,5,0.6273794,0.009770108220485563,0.6328194,0.00977957497235947,0.5048596,0.012204879460281462,0.588469,0.007937833961478404,0.694,0.01280624847486566,0.2084086,0.0038455914811638607,0.3739274,0.007542153474969858
hESC,mHSC-L,native,scGPT_human,mlp,5,0.6684856,0.006885004244007382,0.6712584,0.005801698702966226,0.521375,0.015818963455296303,0.6054187999999999,0.006264525501584295,0.751,0.014628738838327807,0.2255256,0.004393023951676107,0.32051620000000003,0.00817034183862585
hESC,mHSC-L,native,scconcept,lr,5,0.5447158,0.006817487906846612,0.5535238,0.005694972920040964,0.3046074,0.014819658128310514,0.5190014,0.0027203545798296196,0.592,0.015033296378372921,0.17777779999999999,0.004514738371157292,0.4471944,0.0028605557921494934
hESC,mHSC-L,native,scconcept,mlp,5,0.5353358,0.006510460917630963,0.5464366,0.009485218744973685,0.2705762,0.03258444262159475,0.5167847999999999,0.005339896455924985,0.569,0.026532998322843174,0.1708708,0.007967957389444301,0.4142882,0.014106150820120988
hESC,mHSC-L,native,scconcept_encoded,lr,5,0.5550036,0.00990548233252679,0.549499,0.008737030754209332,0.4180128,0.019662855564744414,0.526191,0.0086584794046068,0.546,0.033674916480965454,0.163964,0.010112571483060077,0.4380478,0.010730066717406745
hESC,mHSC-L,native,scconcept_encoded,mlp,5,0.5451804,0.00892476434646876,0.556346,0.007245328232730372,0.4750206,0.03531042864990455,0.5331548,0.004985042362909243,0.576,0.012806248474865672,0.1729732,0.0038456851873235783,0.399242,0.009320685554185377
hESC,mHSC-L,native,v4_bias_rec_best,lr,5,0.6089358,0.010789760913013795,0.62304,0.007463936387724642,0.491032,0.00865291807426837,0.571593,0.006115138166877343,0.6829999999999999,0.009797958971132673,0.205105,0.0029421433683626008,0.3982908,0.005066866187299604
hESC,mHSC-L,native,v4_bias_rec_best,mlp,5,0.6395932,0.004977445505477656,0.6420484,0.0039020622547570986,0.5329579999999999,0.015436008460738804,0.5954668,0.00637509182365244,0.7,0.01816590212458493,0.21021019999999999,0.00545533050877763,0.354649,0.006010222225508801
hESC,mHSC-L,native,v4_plain_best,lr,5,0.5873384,0.01029409297801413,0.5788084,0.007464216759982279,0.4467978,0.027606244057459182,0.5446728,0.008897596965473308,0.571,0.017435595774162656,0.1714714,0.0052359897096919475,0.4206334,0.00618400894565976
hESC,mHSC-L,native,v4_plain_best,mlp,5,0.6288682,0.006332158949363183,0.6253340000000001,0.00622558292852964,0.4753892,0.030229089654834118,0.573801,0.012516689338639054,0.685,0.017606816861658988,0.2057058,0.005287497495034861,0.358715,0.007471364239548223
hESC,mHSC-L,native,v4_type_pe_best,lr,5,0.6238278,0.011813016640977026,0.6138283999999999,0.011188420417556744,0.4788566,0.022731523764147474,0.5702168,0.010606300059870082,0.654,0.023323807579381184,0.1963966,0.007004113694108631,0.3951196,0.010904553867077732
hESC,mHSC-L,native,v4_type_pe_best,mlp,5,0.6822222,0.00940010179519351,0.6684784,0.009590959130347722,0.5589812,0.009907221233019877,0.6200414,0.006054172630508651,0.735,0.013784048752090234,0.2207208,0.0041395674846534366,0.31538,0.008378325536764493
hESC,mHSC-L,strict,baseline,lr,5,0.5853224,0.010060376148037413,0.5411756,0.004987960248438253,0.4273158,0.012184197788939581,0.5444966,0.005245325103365843,0.551,0.00489897948556636,0.3992756,0.00354980053524139,0.3573324,0.0027211519325462245
hESC,mHSC-L,strict,baseline,mlp,5,0.6070076,0.020709475518225943,0.5796326,0.015119155817703574,0.4205082,0.04162247975505543,0.5643214,0.01617072829033991,0.581,0.026153393661244022,0.4210146,0.018951819655114915,0.31022,0.028934487581431266
hESC,mHSC-L,strict,cl_scratch_v5,lr,5,0.5861572,0.006277920687616235,0.533609,0.011211201469958517,0.4531364,0.036078066004707074,0.5455542,0.009480719938907589,0.556,0.0037416573867739447,0.4028986,0.0027112049424564124,0.3476038,0.006482676897702064
hESC,mHSC-L,strict,cl_scratch_v5,mlp,5,0.5967012,0.01348486406902199,0.5617268,0.013268196793837535,0.46494779999999997,0.0794916987449633,0.5616578,0.02244930467876455,0.559,0.022226110770892843,0.4050726,0.016105768737939834,0.2843192,0.016720586705017266
hESC,mHSC-L,strict,cl_v6_fair,lr,5,0.5946778,0.013496640165611595,0.565212,0.009666518194262083,0.4934432,0.01786581839603215,0.553305,0.012202046172671198,0.5619999999999999,0.009797958971132678,0.4072464,0.007099866438180371,0.3465582,0.009213865017461452
hESC,mHSC-L,strict,cl_v6_fair,mlp,5,0.6202544,0.016953946178987375,0.5804468,0.012725918314997952,0.498183,0.059377418283384484,0.573066,0.020660280937102475,0.58,0.024698178070456905,0.42029,0.017897150097152346,0.2853894,0.02264738352746295
hESC,mHSC-L,strict,minus,lr,5,0.6097618,0.026039081469207012,0.580646,0.0240400404325783,0.3993076,0.05185106899033039,0.556179,0.019194754804372986,0.581,0.031048349392520037,0.4210146,0.022498857869678614,0.351698,0.018292924173023837
hESC,mHSC-L,strict,minus,mlp,5,0.6117866,0.026103578012218926,0.5868166,0.03335397418359616,0.4008954,0.07568668586904834,0.5590774000000001,0.023766993361382473,0.579,0.03006659275674581,0.4195652,0.021787543582515216,0.30767659999999997,0.03470215204623483
hESC,mHSC-L,strict,scGPT_human,lr,5,0.5881206,0.0143286624721221,0.5581773999999999,0.01825200455402089,0.3312256,0.03578801641108376,0.5342830000000001,0.013755032635366586,0.572,0.014696938456699048,0.4144928,0.010649796249694178,0.3528814,0.0065408304243421535
hESC,mHSC-L,strict,scGPT_human,mlp,5,0.5926962,0.016191348966654997,0.5724476,0.015762640052986058,0.2745818,0.02014923127466653,0.5380678,0.0043233025524476035,0.569,0.01280624847486566,0.4123188,0.009279829317395872,0.32488,0.022938935991017546
hESC,mHSC-L,strict,scconcept,lr,5,0.5654474,0.011934096440032661,0.5389176,0.012043743082613481,0.045385999999999996,0.025109669444259915,0.503173,0.003939413661955279,0.552,0.011224972160321799,0.39999999999999997,0.008133917727638999,0.428653,0.008182292637152503
hESC,mHSC-L,strict,scconcept,mlp,5,0.5445688,0.008594074991527607,0.5190468,0.00848138161858079,0.052607600000000004,0.035601056774202645,0.5012926,0.006594743379389391,0.519,0.014628738838327807,0.376087,0.010600366974779686,0.4127114,0.031331860427366895
hESC,mHSC-L,strict,scconcept_encoded,lr,5,0.538914,0.010626633163895333,0.531357,0.00834525546643122,0.3720774,0.009701548569171834,0.5275264,0.013936329597135661,0.517,0.0040000000000000036,0.37463779999999997,0.0028988500064680797,0.4114452,0.006945954719115281
hESC,mHSC-L,strict,scconcept_encoded,mlp,5,0.5303869999999999,0.005986477595381114,0.5240522,0.003780763489032347,0.3800294,0.014522366853925708,0.5206082,0.005627440107189054,0.515,0.0054772255750516665,0.3731882,0.0039691628034133515,0.3927082,0.022527992910155135
hESC,mHSC-L,strict,v4_bias_rec_best,lr,5,0.5702032,0.017613220016794218,0.5500468,0.016649421688455127,0.4217324,0.02686762659856653,0.5504996,0.014642675651669664,0.5630000000000001,0.016911534525287725,0.4079712,0.012254559141805156,0.3778562,0.00951653563856091
hESC,mHSC-L,strict,v4_bias_rec_best,mlp,5,0.6148908,0.020218492944826513,0.578686,0.01529953064639566,0.4280758,0.036815353734006136,0.5649774,0.013936164961710249,0.589,0.014628738838327807,0.4268114,0.010600599390600516,0.3320442,0.03170278874420987
hESC,mHSC-L,strict,v4_plain_best,lr,5,0.6091108,0.017420615458702934,0.5921182,0.01761251910886119,0.43454919999999997,0.01844621523673624,0.5652222,0.007932110851469474,0.578,0.023790754506740633,0.4188404,0.01723954572023288,0.3461788,0.009521924519759658
hESC,mHSC-L,strict,v4_plain_best,mlp,5,0.6362892,0.010317003545603718,0.6022573999999999,0.004760322829388781,0.3896382,0.05992246199347953,0.5581276,0.01568238441819357,0.595,0.011832159566199244,0.4311596,0.008574005402377577,0.30844,0.026961371641665406
hESC,mHSC-L,strict,v4_type_pe_best,lr,5,0.6207516,0.016842895530163438,0.5939675999999999,0.009267469527330542,0.4508408,0.02138822103308267,0.568635,0.009101903339412036,0.596,0.014966629547095779,0.431884,0.010845260752974083,0.3334336,0.005549584366418789
hESC,mHSC-L,strict,v4_type_pe_best,mlp,5,0.6235876,0.020795198653535383,0.5848563999999999,0.01914883131264149,0.4478796,0.03615285121038175,0.5668966,0.01590331591335592,0.601,0.025179356624028364,0.4355074,0.018246121490333223,0.2917258,0.014575650124780026
hESC,mHSC-L,topology_matched,baseline,lr,5,0.6415772,0.020118977681780947,0.5430562,0.013969414381426284,0.4727794,0.023374882524624604,0.5814694,0.024175362438648162,0.420561,0.0,1.0,0.0,0.3025688,0.01622197079765587
hESC,mHSC-L,topology_matched,baseline,mlp,5,0.7025092,0.018199880795214018,0.5997146,0.014038909424880557,0.5264176,0.0348926171251169,0.6262724000000001,0.01673854465119353,0.420561,0.0,1.0,0.0,0.24742260000000002,0.02143328386972002
hESC,mHSC-L,topology_matched,cl_scratch_v5,lr,5,0.5811904,0.03097517086054571,0.455275,0.03533216784744464,0.4620792,0.09095500179627289,0.5474998,0.05507650444027833,0.40678,0.0,1.0,0.0,0.3297628,0.021038506928011794
hESC,mHSC-L,topology_matched,cl_scratch_v5,mlp,5,0.6399406,0.03004342514827496,0.5579196,0.06008849748029984,0.5143266,0.04657181851549283,0.5992262,0.03794016275874417,0.40678,0.0,1.0,0.0,0.2560866,0.029089096903135367
hESC,mHSC-L,topology_matched,cl_v6_fair,lr,5,0.5529382,0.01225348641652651,0.4779254,0.0036715492424860656,0.4446128,0.0268729783194941,0.5289216,0.012032675755624748,0.430894,0.0,1.0,0.0,0.3679642,0.007438692530277083
hESC,mHSC-L,topology_matched,cl_v6_fair,mlp,5,0.5844744,0.04529433317579583,0.47343,0.031002163169688676,0.44050120000000004,0.10372686509945243,0.5418328,0.05626612834876768,0.430894,0.0,1.0,0.0,0.2929448,0.03015718388974674
hESC,mHSC-L,topology_matched,minus,lr,5,0.5458332,0.02953438952407854,0.7098562,0.022756379900151103,0.3519368,0.06241115525737365,0.5231792000000001,0.013069695365998404,0.64557,0.0,1.0,0.0,0.45832880000000004,0.030674259243867654
hESC,mHSC-L,topology_matched,minus,mlp,5,0.5191174,0.036511008293937865,0.686165,0.019667494858268044,0.3282434,0.10994709125320233,0.517297,0.01271466814352619,0.64557,0.0,1.0,0.0,0.4076422,0.06105276351615872
hESC,mHSC-L,topology_matched,scGPT_human,lr,5,0.652949,0.017807631588731852,0.626262,0.02598794862239035,0.3747352,0.08148860170453288,0.5462964,0.03414648104036492,0.5,0.0,1.0,0.0,0.3281718,0.01720596907355118
hESC,mHSC-L,topology_matched,scGPT_human,mlp,5,0.6087792,0.03304983060410444,0.6204192,0.03761336732811886,0.3277348,0.03381946241086633,0.562963,0.016972769284945823,0.5,0.0,1.0,0.0,0.3254456,0.01870829384631319
hESC,mHSC-L,topology_matched,scconcept,lr,5,0.5824152,0.010031174734795518,0.5741584000000001,0.017465305821542303,0.1015302,0.06713538569904845,0.5166792,0.02140478584242319,0.485437,0.0,1.0,0.0,0.4159428,0.011813994640256108
hESC,mHSC-L,topology_matched,scconcept,mlp,5,0.5897358,0.032908287043843513,0.590576,0.027220846695134217,0.1316854,0.09288475510782165,0.5210188,0.024634188782259474,0.485437,0.0,1.0,0.0,0.394067,0.029205744743115186
hESC,mHSC-L,topology_matched,scconcept_encoded,lr,5,0.674935,0.013540400983722738,0.6175478,0.010505890545784293,0.4732168,0.029689368625149298,0.5973958,0.019598878584245586,0.428571,0.0,1.0,0.0,0.323419,0.008848242808603293
hESC,mHSC-L,topology_matched,scconcept_encoded,mlp,5,0.6555340000000001,0.015088814307293998,0.6035484,0.015515068631494993,0.4950076,0.01828022464413387,0.6031252,0.013031155242725034,0.428571,0.0,1.0,0.0,0.3021078,0.018621031221712735
hESC,mHSC-L,topology_matched,v4_bias_rec_best,lr,5,0.5181290000000001,0.01836537766559676,0.5697164,0.009769725187537258,0.432219,0.058976196649156695,0.5205803999999999,0.03341800105691542,0.553571,0.0,1.0,0.0,0.438325,0.020155470145843794
hESC,mHSC-L,topology_matched,v4_bias_rec_best,mlp,5,0.5854838,0.014176048157367421,0.6071228,0.008334738589781943,0.4341144,0.05129520949406486,0.5265806,0.021796055722079655,0.553571,0.0,1.0,0.0,0.374657,0.03867804961473626
hESC,mHSC-L,topology_matched,v4_plain_best,lr,5,0.6721286,0.029138861917377638,0.6104218,0.02869368252002521,0.455596,0.0527909816654322,0.5991412,0.026913579304135658,0.398148,0.0,1.0,0.0,0.279891,0.01907695125537621
hESC,mHSC-L,topology_matched,v4_plain_best,mlp,5,0.6743468,0.036806326447500835,0.5854134,0.0452357551704401,0.39130980000000004,0.08601031228265597,0.5742754,0.027084668915089226,0.398148,0.0,1.0,0.0,0.2574482,0.018220437200023486
hESC,mHSC-L,topology_matched,v4_type_pe_best,lr,5,0.7146574,0.015393017814580719,0.6307604,0.02400731662306307,0.5133408,0.024178902046205493,0.6399156,0.017342515060970832,0.367925,0.0,1.0,0.0,0.2335572,0.01109216421443533
hESC,mHSC-L,topology_matched,v4_type_pe_best,mlp,5,0.692078,0.03306639294510364,0.6050742,0.03090744652927512,0.48350519999999997,0.03078490768802141,0.6230388,0.01774100862296166,0.367925,0.0,1.0,0.0,0.2218586,0.015529138618738645
hHep,hESC,coverage_matched,baseline,lr,5,0.6438092,0.018261626032749646,0.5824010000000001,0.0288134132861763,0.309324,0.04183604784871535,0.5610128,0.01959027712310368,0.5539999999999999,0.017720045146669312,0.6087914,0.019472602759775075,0.3683586,0.012557211005633371
hHep,hESC,coverage_matched,baseline,mlp,5,0.7589144,0.009467028268680722,0.6893118,0.013684184877441524,0.3164134,0.03843847680436882,0.5762929999999999,0.014133673011641394,0.629,0.008602325267042634,0.6912088,0.009453234735263901,0.3275474,0.008191442622639792
hHep,hESC,coverage_matched,cl_scratch_v5,lr,5,0.7238936,0.016056577725032172,0.7436442,0.014770327300368109,0.4164182,0.051235565184352176,0.598422,0.01802645427143121,0.67,0.026076809620810583,0.6320754000000001,0.02460047871566732,0.37570180000000003,0.014492678419119073
hHep,hESC,coverage_matched,cl_scratch_v5,mlp,5,0.744031,0.01006574412549812,0.7340312,0.014392569741363083,0.28765640000000003,0.035368653113173526,0.5620298,0.013523721520350824,0.704,0.020346989949375786,0.6641506,0.01919535031824113,0.365264,0.021226351123073427
hHep,hESC,coverage_matched,cl_v6_fair,lr,5,0.6191772,0.015109241534901731,0.614475,0.01251626402725672,0.2235028,0.016279003156213216,0.5412669999999999,0.00664904838303951,0.563,0.02088061301782107,0.546602,0.020272489112094734,0.4443086,0.0070777960580960374
hHep,hESC,coverage_matched,cl_v6_fair,mlp,5,0.7040372,0.009934486849354614,0.667992,0.00617512678412352,0.15872440000000002,0.022956519898277267,0.5322936,0.008242537997485977,0.678,0.014352700094407292,0.6582522,0.013934757829255613,0.4391074,0.005913566896552361
hHep,hESC,coverage_matched,minus,lr,5,0.581585,0.0192088030756734,0.5524502,0.02333448163041127,0.3227906,0.0325506331342418,0.5236556,0.02422986787087375,0.559,0.014282856857085663,0.5036036,0.012867845827487984,0.4246768,0.024236002198382477
hHep,hESC,coverage_matched,minus,mlp,5,0.6250248,0.020827104987491664,0.5754252,0.02326729620218044,0.2610176,0.03293681362609323,0.5230106,0.017678192618025168,0.601,0.02177154105707726,0.5414416,0.01961410994768818,0.3847778,0.011644840392208039
hHep,hESC,coverage_matched,scGPT_human,lr,5,0.6878466,0.02000846509455435,0.6800022,0.018193936686709645,0.305376,0.051198811962778965,0.5591347999999999,0.02180648000388875,0.716,0.023323807579381187,0.4726074,0.015395325090429247,0.4018808,0.012625919933216743
hHep,hESC,coverage_matched,scGPT_human,mlp,5,0.7395552,0.014890298014479088,0.7137614,0.018237771109431103,0.1756554,0.041262286861491325,0.5319194,0.010471984025961856,0.755,0.017888543819998333,0.49835,0.01180766876229172,0.3996614,0.01158581813425361
hHep,hESC,coverage_matched,scconcept,lr,5,0.5255856,0.01735736138472666,0.6375462,0.013296868644910356,0.46227060000000003,0.02438728410955184,0.5062228,0.018085486671914584,0.569,0.01655294535724681,0.4991228,0.014520243667376939,0.4328122,0.01371837677569762
hHep,hESC,coverage_matched,scconcept,mlp,5,0.5224174,0.010572711546240135,0.6293618,0.018811645748312397,0.4052104,0.026004074608414734,0.5189526,0.015508794261321544,0.5640000000000001,0.01933907960581369,0.4947368,0.016964240630219795,0.4226336,0.011960946561204928
hHep,hESC,coverage_matched,scconcept_encoded,lr,5,0.5304599999999999,0.011737441101023689,0.6172404,0.011133305863039964,0.4053526,0.021328957936101796,0.5320296,0.01634248592595385,0.582,0.009273618495495711,0.5464788,0.008707647406733923,0.4546206,0.01060286224752544
hHep,hESC,coverage_matched,scconcept_encoded,mlp,5,0.564879,0.011819678912728575,0.6547316,0.011534757675824809,0.4223922,0.07310856750449976,0.5546016,0.009622338854977009,0.602,0.013638181696985868,0.5652584,0.012805827339145254,0.39972460000000004,0.011045938594795825
hHep,hESC,coverage_matched,v4_bias_rec_best,lr,5,0.6115572,0.024961737426709697,0.6354848,0.02271110429195376,0.2279556,0.042584865281458856,0.5169482,0.013310473070481013,0.649,0.018547236990991423,0.4068966,0.011628125534238103,0.467988,0.012796342399295207
hHep,hESC,coverage_matched,v4_bias_rec_best,mlp,5,0.6794794,0.01074983083773881,0.6818296,0.009621374176280645,0.2000588,0.029112347177099956,0.5222664,0.006609169739082205,0.709,0.019078784028338895,0.4445138,0.011961653303787055,0.4254788,0.009380459314980258
hHep,hESC,coverage_matched,v4_plain_best,lr,5,0.5425658,0.021215340180162103,0.5515004,0.022223266965952587,0.2183476,0.02176662426376676,0.4829834,0.014450078707052085,0.566,0.029393876913398117,0.4677688,0.024292447101105306,0.490172,0.017970739873472114
hHep,hESC,coverage_matched,v4_plain_best,mlp,5,0.628058,0.015902339236728662,0.6115916,0.012339555171885274,0.2252704,0.008859708428610955,0.5057324,0.006541759017267446,0.634,0.022449944320643667,0.5239672,0.01855364067130762,0.4287272,0.01762464580523535
hHep,hESC,coverage_matched,v4_type_pe_best,lr,5,0.617048,0.021472029275315354,0.5907548,0.018301511635927765,0.4771248,0.02782000978720173,0.582974,0.013401092149522764,0.585,0.02701851217221258,0.5223215999999999,0.02412360813477122,0.3634348,0.012437726792304137
hHep,hESC,coverage_matched,v4_type_pe_best,mlp,5,0.6723196,0.011296535178540342,0.6150844,0.011536100356706352,0.4190586,0.03381583871856501,0.580114,0.010596089731594377,0.64,0.010954451150103333,0.5714286,0.0097805904238957,0.3465104,0.0113377836035091
hHep,hESC,native,baseline,lr,5,0.663965,0.013208445177234136,0.660237,0.017507676853312094,0.3695148,0.04973960004423036,0.5687928,0.017491419009331387,0.6900000000000001,0.02073644135332769,0.20783100000000002,0.006245816135622312,0.3943066,0.013702040849450136
hHep,hESC,native,baseline,mlp,5,0.7141982,0.008147622828776489,0.681044,0.017002878615105153,0.3286024,0.03828875788322207,0.5669834,0.012647705619597579,0.74,0.020493901531919215,0.2228918,0.006173104709949437,0.3552378,0.019492793380118723
hHep,hESC,native,cl_scratch_v5,lr,5,0.6853576,0.007496032139738979,0.6622994,0.010147178240279388,0.39775119999999997,0.0548199802385955,0.5706094,0.018252797008677882,0.685,0.010488088481701482,0.206325,0.0031590122506885013,0.38716,0.009197908740577949
hHep,hESC,native,cl_scratch_v5,mlp,5,0.7032818,0.0076688209367542165,0.6577546,0.010748574316624493,0.2435588,0.04467392845676324,0.5345548,0.011465687077537036,0.678,0.011661903789690578,0.2042166,0.0035125654214548095,0.3905198,0.013611635587246661
hHep,hESC,native,cl_v6_fair,lr,5,0.6816424,0.013191573834838643,0.6581125999999999,0.012460684469161388,0.3702446,0.06146918206255879,0.5656136,0.018859624520122343,0.679,0.013564659966250515,0.2045178,0.004085675581834665,0.394564,0.010205629583715053
hHep,hESC,native,cl_v6_fair,mlp,5,0.6971988,0.015832140593109938,0.659452,0.015453507394763161,0.2371778,0.02984349899994971,0.5362132,0.010322394129270593,0.667,0.019131126469708975,0.2009034,0.005762295292676348,0.3836948,0.019791765574601973
hHep,hESC,native,minus,lr,5,0.6437828,0.012356735659550222,0.6334954,0.015043064163926175,0.3805152,0.043246724654706505,0.5620104,0.016657445597689956,0.668,0.020639767440550273,0.2012046,0.006216697953093747,0.3984736,0.009665999308917844
hHep,hESC,native,minus,mlp,5,0.7116668,0.011604315255972662,0.668776,0.01777257864239175,0.285551,0.04334555814844238,0.5471022,0.009999018839866215,0.6799999999999999,0.03286335345030995,0.204819,0.009898442059233365,0.3648182,0.02165530255064567
hHep,hESC,native,scGPT_human,lr,5,0.6725774,0.009502307858620463,0.634942,0.00741066029446768,0.3094036,0.055611048440395355,0.547676,0.017065307814393534,0.659,0.014966629547095779,0.1984938,0.0045079488195852455,0.4101502,0.009175188747922308
hHep,hESC,native,scGPT_human,mlp,5,0.7030406,0.01099891948511306,0.6538148,0.01417855650480683,0.2296822,0.0646224409331619,0.531898,0.017335449599015323,0.6809999999999999,0.018814887722226753,0.2051202,0.005667044181934701,0.385428,0.01848129467326356
hHep,hESC,native,scconcept,lr,5,0.5353713999999999,0.010716443842991948,0.524241,0.006678582903580664,0.3383806,0.03511970775846518,0.5008202,0.01155596752158813,0.5,0.019748417658131515,0.1506022,0.005948527226129171,0.44076719999999997,0.009392199261088967
hHep,hESC,native,scconcept,mlp,5,0.5205324,0.016545520017213114,0.5126446,0.012913020430557677,0.2771156,0.024616275693938747,0.497178,0.011777175162151566,0.51,0.027018512172212617,0.1536144,0.008138382999097549,0.4061094,0.012890306258580514
hHep,hESC,native,scconcept_encoded,lr,5,0.4943468,0.009345353848838474,0.48205,0.009455685464311926,0.3003526,0.014965255341623804,0.4686186,0.004237486264284521,0.39,0.029154759474226508,0.11747,0.008781413553637025,0.4809158,0.016502682659495102
hHep,hESC,native,scconcept_encoded,mlp,5,0.5056306,0.009673274742299025,0.5156474,0.006408759024959508,0.2737862,0.016183676237493137,0.496289,0.0062165161304383295,0.515,0.021679483388678818,0.1551206,0.006530275540894116,0.4198054,0.00519664490224221
hHep,hESC,native,v4_bias_rec_best,lr,5,0.582252,0.009302993948186802,0.5849652,0.011032615327292076,0.3080726,0.05440534029155593,0.5328082,0.0123421043165256,0.599,0.02267156809750929,0.1804218,0.006828676310969793,0.4330538,0.014626611738881965
hHep,hESC,native,v4_bias_rec_best,mlp,5,0.6611332,0.01448512260769649,0.6325372,0.013523789164283786,0.2527436,0.02338428215361762,0.53085,0.008957519299448942,0.632,0.012884098726725137,0.1903614,0.003880690536489606,0.39456040000000003,0.01597129544651905
hHep,hESC,native,v4_plain_best,lr,5,0.6110952,0.011502140764222962,0.5834992,0.008009468931208878,0.25497939999999997,0.04709479865377917,0.5178186,0.012330856087068702,0.564,0.017999999999999967,0.1698798,0.005421599999999994,0.4455082,0.007172902966024284
hHep,hESC,native,v4_plain_best,mlp,5,0.7057192,0.015688744556528394,0.6589356,0.015539885721587515,0.2464568,0.03268001127539586,0.5359298,0.006522765652696728,0.645,0.03082207001484491,0.194277,0.009283607488471277,0.3908734,0.027205266266662417
hHep,hESC,native,v4_type_pe_best,lr,5,0.6520796,0.01244528984957765,0.6371392,0.01069227649100042,0.4029518,0.048769025175412324,0.5653395999999999,0.020529165921683246,0.665,0.024698178070456923,0.200301,0.0074390912348216345,0.3976334,0.01468412248110183
hHep,hESC,native,v4_type_pe_best,mlp,5,0.704833,0.0127933373441022,0.6751322,0.01605143321202193,0.3255972,0.04672529533090187,0.5576178,0.015459787545758831,0.695,0.03240370349203929,0.2093372,0.009760242382236212,0.3524884,0.024403854405400792
hHep,hESC,strict,baseline,lr,5,0.6499828,0.011066823833422125,0.539288,0.013838606678419614,0.34976280000000004,0.016456827439090438,0.5641848,0.006294405052107786,0.552,0.00509901951359279,0.342857,0.0031670794748474593,0.34617180000000003,0.005724236871409148
hHep,hESC,strict,baseline,mlp,5,0.68972,0.014977177157261672,0.5642826,0.01920314367597139,0.2592294,0.016153074018278993,0.5489766,0.006798266443734014,0.602,0.022494443758404006,0.373913,0.013971939178224329,0.3287638,0.014405026086751793
hHep,hESC,strict,cl_scratch_v5,lr,5,0.7004206,0.019714798356564537,0.5946936,0.026469429405259207,0.38450259999999997,0.05149786241233707,0.5919556,0.02086882291457761,0.639,0.020346989949375824,0.3968944,0.012637712049259552,0.3195342,0.016215550689384555
hHep,hESC,strict,cl_scratch_v5,mlp,5,0.7098908,0.007741957669737015,0.5631296,0.007817396615242172,0.2092158,0.05176620695163979,0.5372932,0.012891265560836132,0.59,0.011832159566199244,0.3664596,0.007349123338194833,0.3263808,0.01860083784564555
hHep,hESC,strict,cl_v6_fair,lr,5,0.7118654,0.014409902575659526,0.604797,0.010412690449638875,0.3768896,0.026451687754092363,0.592384,0.008961186617853698,0.651,0.021307275752662534,0.40434780000000003,0.013234455839210011,0.3189868,0.007408375622226503
hHep,hESC,strict,cl_v6_fair,mlp,5,0.6957426,0.014847244573994205,0.556498,0.017439127099714572,0.1950932,0.04307440480563835,0.5325352,0.010778439560530094,0.598,0.012083045973594584,0.3714286,0.0075051605605742965,0.3407864,0.018353494551174715
hHep,hESC,strict,minus,lr,5,0.6374046,0.015022707833143805,0.528357,0.015641584868548324,0.3410606,0.015985026075674705,0.5584364,0.001190430947178388,0.5559999999999999,0.022671568097509236,0.3453416,0.014081752030198515,0.3515076,0.0049839009861753865
hHep,hESC,strict,minus,mlp,5,0.682977,0.012943208798439446,0.5551132,0.018559007154478942,0.2693192,0.05232169316985068,0.5509918,0.017325757765823686,0.582,0.028035691537752355,0.3614908,0.017413281900893918,0.3214268,0.024217385353501725
hHep,hESC,strict,scGPT_human,lr,5,0.6350684,0.015475086463086393,0.5117306,0.016808143616711513,0.2376104,0.024867511774200487,0.5342152,0.01039764193266917,0.55,0.01923538406167134,0.3416148,0.01194730499150332,0.3590404,0.00987792643422697
hHep,hESC,strict,scGPT_human,mlp,5,0.6760358,0.02040057955451265,0.5292804,0.01453259654156818,0.11173960000000001,0.011251402518797384,0.5111136000000001,0.004362398587933014,0.56,0.02949576240750523,0.347826,0.018320496095903072,0.3660696,0.008419451540332062
hHep,hESC,strict,scconcept,lr,5,0.5265822,0.022718622937141265,0.4159272,0.019931323010778792,0.3201764,0.02928758489599305,0.5057512,0.01677221526692286,0.413,0.03655133376499412,0.2565218,0.022702772089769115,0.3933566,0.01166996280371107
hHep,hESC,strict,scconcept,mlp,5,0.5167574,0.018712699565802904,0.41299579999999997,0.013040406732920555,0.2243818,0.018367935783859875,0.5020126,0.010202583174863118,0.393,0.023579652245103194,0.24409940000000002,0.014645966633855213,0.3614374,0.015364102142331654
hHep,hESC,strict,scconcept_encoded,lr,5,0.463371,0.021008119249471123,0.3697512,0.014253824474855846,0.24892,0.012968240821329625,0.4606482,0.01327863898748664,0.329,0.02353720459187964,0.2043478,0.01461922968422071,0.449917,0.010430486949323144
hHep,hESC,strict,scconcept_encoded,mlp,5,0.4882512,0.006575788573243513,0.406214,0.009384134589827654,0.2690032,0.02799910268133606,0.506552,0.011083743862071165,0.398,0.016309506430300078,0.247205,0.010130288169642551,0.378337,0.009820088227709568
hHep,hESC,strict,v4_bias_rec_best,lr,5,0.5951556,0.00937054095770359,0.4935906,0.016005751286334555,0.3315382,0.034838462235867985,0.5560984,0.014159370502956712,0.53,0.028106938645110387,0.3291928,0.017457717690465734,0.3607008,0.009897593452956125
hHep,hESC,strict,v4_bias_rec_best,mlp,5,0.6373378000000001,0.015090259260860965,0.5084164,0.015750667244278878,0.218728,0.02085254533144575,0.5293932,0.005110484337124988,0.5760000000000001,0.02596150997149431,0.3577638,0.016125148363968615,0.3523208,0.01706036374055372
hHep,hESC,strict,v4_plain_best,lr,5,0.6820964,0.014670299459792934,0.5597062,0.02343448077854509,0.3400628,0.05058142108482125,0.568112,0.019580441915339912,0.611,0.027820855486487137,0.3795032,0.01728023066281234,0.3374344,0.015547367965028673
hHep,hESC,strict,v4_plain_best,mlp,5,0.7227742,0.015397524494541324,0.5693402,0.014595899676278955,0.2070924,0.018197160587300427,0.53383,0.0063392096668275465,0.601,0.021307275752662534,0.373292,0.013234258724990986,0.3297028,0.022217314890868343
hHep,hESC,strict,v4_type_pe_best,lr,5,0.672486,0.01726321152045585,0.5581846,0.02495686707581703,0.3961238,0.01938338403272246,0.5806262,0.009909900512114126,0.586,0.024166091947189123,0.3639754,0.01500994040760989,0.33190000000000003,0.012310259672322108
hHep,hESC,strict,v4_type_pe_best,mlp,5,0.676953,0.0047689605995436665,0.5400214,0.011719917279571541,0.2322832,0.05784145100323816,0.5377376,0.016581324550228184,0.568,0.012884098726725097,0.3527948,0.008002468954016632,0.3229732,0.0165635308240725
hHep,hESC,topology_matched,baseline,lr,5,0.6335918,0.011654332677592466,0.5006118,0.017440084809426826,0.33157980000000004,0.015172076949448943,0.557086,0.007269593798830868,0.502,0.00509901951359279,0.35602839999999997,0.003616224639040014,0.3402818,0.00664422935787138
hHep,hESC,topology_matched,baseline,mlp,5,0.6741064,0.014569761529963367,0.5260074,0.017756434603827424,0.25019800000000003,0.019714010256667726,0.5453666,0.007833178016616232,0.5589999999999999,0.022449944320643622,0.39645379999999997,0.015922079580255828,0.3184484,0.01375623071338948
hHep,hESC,topology_matched,cl_scratch_v5,lr,5,0.7042246,0.018106193168084785,0.5970101999999999,0.025198134592862215,0.394543,0.04949540666768988,0.5960260000000001,0.020014234704329805,0.634,0.02200000000000002,0.4143794,0.014379199999999996,0.314796,0.015456565698757285
hHep,hESC,topology_matched,cl_scratch_v5,mlp,5,0.7146752,0.007412992847696543,0.5646252,0.007206485617830666,0.2183998,0.053879271388540505,0.5399604,0.01393524985925978,0.597,0.007483314773547889,0.3901962,0.004891094535990906,0.3218786,0.018728578991477167
hHep,hESC,topology_matched,cl_v6_fair,lr,5,0.698758,0.015530923874644413,0.5717446,0.012333437032717215,0.3474008,0.025456997155202728,0.5811614,0.007048430225234529,0.603,0.025806975801127903,0.41301360000000004,0.01767592621165862,0.3190346,0.006563505971658754
hHep,hESC,topology_matched,cl_v6_fair,mlp,5,0.6941868,0.014050384327839551,0.5418648,0.01742323431972375,0.199721,0.040652221956493345,0.535274,0.010515693129794168,0.576,0.013928388277184081,0.3945206,0.009539754160354446,0.3280436,0.01643740039787315
hHep,hESC,topology_matched,minus,lr,5,0.6280044,0.01410933745574185,0.5166702,0.01515416554482628,0.34352140000000003,0.01345882836802669,0.557926,0.0025519666142016896,0.536,0.023537204591879662,0.3573334,0.015691353601267166,0.3511222,0.004842093819826294
hHep,hESC,topology_matched,minus,mlp,5,0.6821744,0.014547224815750938,0.55082,0.018482289944701108,0.279466,0.05246594104750242,0.5537496,0.0178441354466951,0.575,0.023237900077244477,0.383333,0.01549193338482966,0.3157822,0.02398598078378284
hHep,hESC,topology_matched,scGPT_human,lr,5,0.6461962,0.016763559089883,0.5077769999999999,0.018126656624981887,0.2479666,0.02522327795192369,0.5387196,0.011185234277385542,0.544,0.02457641145488899,0.3751726,0.016949203539989723,0.3441188,0.010635772363114951
hHep,hESC,topology_matched,scGPT_human,mlp,5,0.6876744,0.019682003643938302,0.5284044,0.014305716376330145,0.116201,0.013161459995000558,0.513112,0.004620253109949721,0.564,0.02782085548648709,0.3889654,0.019186663770442213,0.350943,0.008262449443113096
hHep,hESC,topology_matched,scconcept,lr,5,0.5234574,0.023287854126990765,0.4217778,0.020297665317962073,0.3214128,0.02781354184853126,0.5030924,0.016312627692680288,0.418,0.03218695387886215,0.2670924,0.020566463124222407,0.3998046,0.010824541996777508
hHep,hESC,topology_matched,scconcept,mlp,5,0.5125500000000001,0.017404706949558237,0.42000519999999997,0.01320861614855999,0.2271182,0.017575140527460936,0.5011448000000001,0.009925308627947042,0.393,0.02379075450674064,0.2511182,0.015201594382169266,0.3674848,0.015425866684241753
hHep,hESC,topology_matched,scconcept_encoded,lr,5,0.450936,0.022325128711835007,0.365743,0.014481513719221479,0.2360138,0.011485813813570191,0.4509682,0.013711345424866217,0.315,0.024494897427831782,0.2052116,0.015957445880841963,0.46164520000000003,0.011323678843909342
hHep,hESC,topology_matched,scconcept_encoded,mlp,5,0.4737212,0.006144027682229304,0.3939776,0.00892674983630661,0.2412766,0.02435384466239365,0.4949368,0.010940211943102369,0.385,0.01897366596101028,0.2508142,0.01236076362366014,0.3895962,0.00946507543340252
hHep,hESC,topology_matched,v4_bias_rec_best,lr,5,0.6144136,0.010934085999295967,0.5050594,0.017274176039394764,0.345771,0.034035228731418864,0.5627954000000001,0.013783530949651445,0.541,0.02557342370508884,0.3559212,0.016824606864946353,0.3537886,0.010516302175194472
hHep,hESC,topology_matched,v4_bias_rec_best,mlp,5,0.6537078000000001,0.01314522905696207,0.5181074,0.014497541799905266,0.2264318,0.021662369181601537,0.5322704,0.005624569195947355,0.578,0.020639767440550266,0.3802632,0.013578660749867782,0.3478998,0.018166570390692884
hHep,hESC,topology_matched,v4_plain_best,lr,5,0.6742264,0.016532444690365685,0.553104,0.025439553180038373,0.335171,0.051175899179203475,0.5645318,0.02015191987280616,0.602,0.03264965543462902,0.3934642,0.02133981479207352,0.3426132,0.01648923137565847
hHep,hESC,topology_matched,v4_plain_best,mlp,5,0.7130982,0.015204735649132472,0.558608,0.015161430367877583,0.1965684,0.02075627920991621,0.5286906,0.0063509057180846165,0.59,0.018165902124584965,0.385621,0.011873233628628717,0.3358136,0.02234413381270351
hHep,hESC,topology_matched,v4_type_pe_best,lr,5,0.6811046,0.01654537579627611,0.5835498,0.023937318808922595,0.3992314,0.01834668911384286,0.5841732,0.008268169166145534,0.613,0.026191601707417612,0.383125,0.01636975106713599,0.3362908,0.011293740096177163
hHep,hESC,topology_matched,v4_type_pe_best,mlp,5,0.685549,0.005040609328245948,0.5640288,0.011928697018534747,0.23260139999999999,0.05949299092027564,0.539404,0.017711644000487355,0.591,0.011575836902790236,0.369375,0.007234898064243886,0.3322974,0.017770333959720625
hHep,mDC,coverage_matched,baseline,lr,5,0.4754796,0.025958510339385815,0.4637316,0.013791865277764288,0.2534314,0.04136353666987386,0.4938582,0.011711850586478655,0.444,0.03720215047547655,0.242623,0.020328959225695747,0.4271778,0.012637895638119505
hHep,mDC,coverage_matched,baseline,mlp,5,0.5114107999999999,0.033089243463095365,0.4835504,0.027437292640492057,0.1629006,0.03751601683334733,0.5072202,0.012876441113910305,0.47900000000000004,0.03597221149720991,0.2617486,0.01965699551406573,0.388532,0.009206854989625923
hHep,mDC,coverage_matched,cl_scratch_v5,lr,5,0.5149066,0.030559135888306797,0.496071,0.020350288322281838,0.5310779999999999,0.037955380883347746,0.5142132,0.025254206947754244,0.463,0.026570660511172847,0.297749,0.017087381016410906,0.4070784,0.020498620076483197
hHep,mDC,coverage_matched,cl_scratch_v5,mlp,5,0.5290162,0.011014715110251386,0.5040224,0.011280000897163075,0.5189592,0.01502359422242226,0.5141002,0.012590991230240746,0.476,0.01529705854077835,0.3061094,0.009837355307195117,0.3710556,0.01496323862805109
hHep,mDC,coverage_matched,cl_v6_fair,lr,5,0.47760980000000003,0.06494245858727556,0.48117160000000003,0.05193185152331853,0.275862,0.0952712501397982,0.4902362,0.03660770006651607,0.451,0.09567653839891993,0.2379948,0.05048880614710552,0.4461494,0.03556797712887254
hHep,mDC,coverage_matched,cl_v6_fair,mlp,5,0.5041938,0.031221201958925287,0.5032746,0.03417078590023942,0.2620204,0.06137851981467132,0.5028318,0.02011340558334167,0.473,0.037094473981982824,0.2496042,0.019574921061398954,0.3684562,0.017450486473448254
hHep,mDC,coverage_matched,minus,lr,5,0.4245036,0.04467914481097417,0.4945866,0.03325586035332722,0.455517,0.059055468688344166,0.4376832,0.04020836217206564,0.457,0.04214261501141096,0.2067872,0.019069191596918843,0.4710264,0.03578186722126166
hHep,mDC,coverage_matched,minus,mlp,5,0.5208946,0.023203435647334642,0.558917,0.024641286313827036,0.4082588,0.01649057169900425,0.506062,0.015455345832429615,0.572,0.03171750305430741,0.2588236,0.014351848544351346,0.3895098,0.0232901252413979
hHep,mDC,coverage_matched,scGPT_human,lr,5,0.5659026,0.03466844351625843,0.6313456,0.028161326123604342,0.2549486,0.07758611742728205,0.5167838,0.015063865405665306,0.621,0.04737087712930805,0.3402738,0.025956606137166716,0.4811528,0.03905404383364161
hHep,mDC,coverage_matched,scGPT_human,mlp,5,0.5485738,0.07136565148977483,0.6214652,0.059969570024805116,0.1017482,0.058397846283574535,0.5103206,0.020591038017545426,0.618,0.07145628033979938,0.3386302,0.03915403078304966,0.508267,0.03778762213741426
hHep,mDC,coverage_matched,scconcept,lr,5,0.520027,0.013536350335300883,0.5369974,0.004926568363475746,0.5983974,0.009552448494496033,0.5075230000000001,0.012732420885283367,0.533,0.014696938456699081,0.3107874,0.008569662341072714,0.3873166,0.012843930980817356
hHep,mDC,coverage_matched,scconcept,mlp,5,0.5141318,0.02238742505425756,0.5564344,0.01956382771954406,0.4921848,0.05910493456015326,0.5225757999999999,0.01212408694129172,0.545,0.024494897427831768,0.3177842,0.01428272974469517,0.3207566,0.020463668572374798
hHep,mDC,coverage_matched,scconcept_encoded,lr,5,0.5705594,0.0039061506678570233,0.5836786,0.0043678887623198335,0.5468316000000001,0.027757211816751337,0.5502772,0.018197549366879024,0.599,0.01067707825203132,0.2866028,0.005108588587858692,0.377075,0.008163758423667372
hHep,mDC,coverage_matched,scconcept_encoded,mlp,5,0.5973024,0.029572156935874644,0.621279,0.020183141212407968,0.5651516,0.02336332057392529,0.5755024,0.020607316405587602,0.649,0.019339079605813735,0.3105262,0.009253139432646636,0.3130138,0.020991107987907636
hHep,mDC,coverage_matched,v4_bias_rec_best,lr,5,0.68144,0.02688415189661004,0.6538334,0.038523974631909395,0.5719802,0.04639029437888922,0.6153794,0.02553800750724301,0.678,0.03091924966748059,0.3684784,0.01680399122351592,0.3281294,0.020593549889225023
hHep,mDC,coverage_matched,v4_bias_rec_best,mlp,5,0.700657,0.013609446292924618,0.6795932,0.022485060119110216,0.5640700000000001,0.04973700725616693,0.6276544,0.023703882168117522,0.6900000000000001,0.017029386365926366,0.3750002,0.009255354048333315,0.300651,0.019084427997715838
hHep,mDC,coverage_matched,v4_plain_best,lr,5,0.4347244,0.024727054354289763,0.4557562,0.017090434592484764,0.156145,0.03962420825202694,0.4728002,0.01304852289571505,0.421,0.02727636339397171,0.2365168,0.015323860954733308,0.4969422,0.008719388405157775
hHep,mDC,coverage_matched,v4_plain_best,mlp,5,0.4196036,0.043595406375442826,0.4509278,0.023342355265910927,0.0867206,0.02041787053147316,0.4808442,0.009087269455672595,0.417,0.05316013544000805,0.2342696,0.02986536409019652,0.4695192,0.01079870517052856
hHep,mDC,coverage_matched,v4_type_pe_best,lr,5,0.4775602,0.025746940924311748,0.5167806,0.014987586338033225,0.4556928,0.0334098619835521,0.4686816,0.022422196017339597,0.506,0.03652396473549933,0.278022,0.020068221107013944,0.422744,0.020327652722338607
hHep,mDC,coverage_matched,v4_type_pe_best,mlp,5,0.4708758,0.06143321368575795,0.5094968,0.0452312555359676,0.3231488,0.09864157317764148,0.5093722,0.028445458318684207,0.507,0.07626270385975048,0.27857160000000003,0.04190253739142774,0.3878738,0.04646332985656539
hHep,mDC,native,baseline,lr,5,0.4997894,0.05522894769448357,0.5319724,0.04373540492369996,0.3570036,0.07364675930032497,0.511093,0.029236447992189458,0.559,0.07703246069028304,0.1658754,0.02285820009187075,0.4534014,0.033996054704038804
hHep,mDC,native,baseline,mlp,5,0.5330452,0.03151208375464879,0.548207,0.023212952556708515,0.308458,0.05425812481094421,0.5260076,0.01683472214917725,0.59,0.05244044240850758,0.1750744,0.015561005258015952,0.3971646,0.026709269331825616
hHep,mDC,native,cl_scratch_v5,lr,5,0.4394412,0.02673093709842585,0.4726116,0.02096301749844235,0.2629782,0.05472480911396586,0.4628382,0.019156057688365834,0.419,0.037868192457522966,0.1243324,0.011236802509610995,0.5030894,0.020653970655542246
hHep,mDC,native,cl_scratch_v5,mlp,5,0.5148368,0.014167004459659073,0.5165306,0.010864453941179008,0.2510338,0.04233499185496556,0.496763,0.011194206465846514,0.513,0.03140063693621516,0.1522256,0.009317779147414903,0.4316524,0.00926845800767312
hHep,mDC,native,cl_v6_fair,lr,5,0.5123176,0.04001785796666282,0.5420426,0.03639489771712511,0.3567648,0.05765483230883601,0.5092358,0.02512256564445598,0.5740000000000001,0.05141984052872976,0.1703264,0.015257989757500822,0.45024559999999997,0.0235102217990388
hHep,mDC,native,cl_v6_fair,mlp,5,0.5854482,0.014162734445014487,0.5830264000000001,0.011719875265547844,0.336655,0.043454584029766076,0.5303654,0.006738038129901005,0.622,0.02315167380558047,0.1845698,0.006869974130955664,0.3719648,0.03361746112602794
hHep,mDC,native,minus,lr,5,0.4796068,0.039586395235737225,0.502443,0.028373347514877398,0.342101,0.03613068179262605,0.4885226,0.02830563137327976,0.516,0.04737087712930807,0.1531156,0.014056429612102782,0.468902,0.02391221379128246
hHep,mDC,native,minus,mlp,5,0.5397524,0.029282057896261322,0.5483336,0.019766581804652014,0.2756334,0.04753788595888545,0.5178966,0.008791536307153607,0.568,0.030757112998459374,0.1685462,0.009126779879015383,0.40116640000000003,0.035969273668507676
hHep,mDC,native,scGPT_human,lr,5,0.470281,0.020420531863788463,0.5026208,0.014162489899731606,0.202453,0.02353569273252861,0.49492,0.010455317192701517,0.493,0.03957271787481877,0.1462906,0.011742716322895653,0.4779632,0.009849401533088182
hHep,mDC,native,scGPT_human,mlp,5,0.5024542,0.027479035742907717,0.5228026,0.016223039722567435,0.1594172,0.03900042495358224,0.5032248,0.011722443949961952,0.498,0.05035871324805667,0.1477746,0.014943296833028512,0.433941,0.021871060669295405
hHep,mDC,native,scconcept,lr,5,0.5323268,0.009938085739215584,0.533285,0.007831611915819136,0.4059488,0.017306389668558835,0.5169942,0.016997166733311753,0.543,0.030919249667480594,0.1611276,0.00917480867593434,0.4318738,0.010119913900819523
hHep,mDC,native,scconcept,mlp,5,0.5162972,0.0063249150318403675,0.5334260000000001,0.004709832990669613,0.342953,0.014026849610657404,0.5095154,0.005561307242007061,0.553,0.012083045973594529,0.1640948,0.00358548665595063,0.3965954,0.014260387927402245
hHep,mDC,native,scconcept_encoded,lr,5,0.5454869999999999,0.018904185811613274,0.5391638,0.0147591414167627,0.4328172,0.01819464330400571,0.5306344000000001,0.012121218298504486,0.54,0.027568097504180433,0.1602374,0.008180506478207807,0.4161602,0.010729897770249252
hHep,mDC,native,scconcept_encoded,mlp,5,0.4677056,0.016715385135856128,0.5123864,0.015932941543858117,0.3186228,0.023248274958800715,0.4946584,0.01007754014827031,0.524,0.019339079605813735,0.1554896,0.005738515090160513,0.4362118,0.014555219536647334
hHep,mDC,native,v4_bias_rec_best,lr,5,0.6017388,0.02406232935025202,0.614647,0.02044529026450836,0.49082380000000003,0.036343335941545055,0.5784958,0.021441949849768813,0.7040000000000001,0.036386810797320486,0.208902,0.010797483799478473,0.3848914,0.020485348194258245
hHep,mDC,native,v4_bias_rec_best,mlp,5,0.6110632,0.013512633768440582,0.6094522,0.016139575947341372,0.4417194,0.0243256692948005,0.5708056,0.010372427576994674,0.668,0.0451220566907139,0.1982198,0.013389363082686198,0.347211,0.012981300304669013
hHep,mDC,native,v4_plain_best,lr,5,0.5502476000000001,0.027454470241474335,0.5579972,0.030649073743915983,0.3836106,0.032681953164399466,0.5312692,0.02139334768941038,0.595,0.05412947441089741,0.17655780000000001,0.016062321119937804,0.4264506,0.019275448940037694
hHep,mDC,native,v4_plain_best,mlp,5,0.5361542,0.032544541928870345,0.5443796,0.023163042603250545,0.2728764,0.030614743837569503,0.5151488,0.014525730431203799,0.563,0.042261093218230864,0.1670622,0.012540385486897917,0.412743,0.023862886154025893
hHep,mDC,native,v4_type_pe_best,lr,5,0.4639126,0.047199095498113124,0.5069754,0.039591863369131806,0.3412624,0.056152335711348644,0.4897862,0.029904474597625016,0.499,0.0749933330370107,0.14807120000000001,0.02225316748150698,0.471499,0.028377095693534245
hHep,mDC,native,v4_type_pe_best,mlp,5,0.48471380000000003,0.042924444259186394,0.5084064,0.03174405651204647,0.2832682,0.030322281902257966,0.4932648,0.0198644516400529,0.48100000000000004,0.05944745579080741,0.14273,0.017640300768410947,0.41524,0.03733890306369484
hHep,mDC,strict,baseline,lr,5,0.620864,0.05823089322687741,0.818416,0.03328697836091462,0.2174556,0.06060709562287241,0.5467278,0.02072057113498562,0.742,0.017204650534085267,0.8729412,0.0202407249909681,0.5849032,0.0405083936901971
hHep,mDC,strict,baseline,mlp,5,0.6903496,0.042579630785623296,0.8506142,0.01812642093078498,0.2223882,0.02865201105262945,0.5463418,0.006979606418702983,0.759,0.015620499351813323,0.8929412,0.018376954126296332,0.5444936,0.03047978367114833
hHep,mDC,strict,cl_scratch_v5,lr,5,0.7422978,0.04868034814337302,0.854905,0.03602368983321947,0.259752,0.044384196516327745,0.5514706,0.012419284385180954,0.8,0.013784048752090201,0.9411764,0.016216570618968734,0.5665978,0.03073481775055773
hHep,mDC,strict,cl_scratch_v5,mlp,5,0.7850734,0.022119467991794033,0.876117,0.018007327708463586,0.2020208,0.04698663928139573,0.5326472,0.013208841181572293,0.797,0.011224972160321799,0.9376472,0.013206055026388452,0.5367478,0.049955423727159
hHep,mDC,strict,cl_v6_fair,lr,5,0.7109006,0.041365137217710304,0.84044,0.028914528949993294,0.194766,0.05002358806803047,0.5334192,0.015379763189334214,0.792,0.012884098726725137,0.9317646,0.015157583324527692,0.6036102,0.028181303975508314
hHep,mDC,strict,cl_v6_fair,mlp,5,0.8046506,0.018568538635013808,0.8835516,0.013314634979600485,0.209709,0.09367864101704293,0.5424264,0.02534447198581969,0.806,0.0037416573867739447,0.9482352000000001,0.0044020064697817204,0.5442022,0.07444993172434748
hHep,mDC,strict,minus,lr,5,0.6814522000000001,0.02232266376040281,0.8231782,0.010033904611864732,0.3518638,0.0752739063803653,0.5648896,0.026748239139053637,0.78,0.010954451150103333,0.9176468,0.012887546630759476,0.5153024,0.03296568340926669
hHep,mDC,strict,minus,mlp,5,0.7108637999999999,0.024400169150233363,0.8367272,0.010509242910885617,0.24268119999999999,0.07261246985580369,0.5405146,0.020240338896372268,0.78,0.012247448713915901,0.9176472,0.014408633514667516,0.5271788,0.037201691603474175
hHep,mDC,strict,scGPT_human,lr,5,0.6800368,0.031107688454142662,0.8257862,0.021806266525015234,0.2469092,0.061880644558375435,0.5416912,0.01298340127085351,0.78,0.010488088481701525,0.917647,0.01233875937037434,0.5577562,0.027248129612140345
hHep,mDC,strict,scGPT_human,mlp,5,0.7252206,0.04508452505062021,0.8411506,0.028125817140840576,0.24184719999999998,0.04839524190827027,0.5336766,0.01601476078622469,0.793,0.014352700094407303,0.9329412,0.016885770511291462,0.5311314,0.05690680036902445
hHep,mDC,strict,scconcept,lr,5,0.6118568,0.02094855220200191,0.7867186,0.011337088772696468,0.4013666,0.01938297327656415,0.5224082,0.009732064167482641,0.764,0.0073484692283495405,0.8988236,0.008645283537282064,0.48345899999999997,0.009878320363300627
hHep,mDC,strict,scconcept,mlp,5,0.5897426,0.024435420950742803,0.7873634,0.01262867539530572,0.2551702,0.03520163714033765,0.521783,0.013634076969124075,0.75,0.0054772255750516665,0.8823532000000001,0.006443773316931614,0.5433358,0.014999735429666757
hHep,mDC,strict,scconcept_encoded,lr,5,0.4830146,0.02740914226749898,0.7133238,0.026307147123167854,0.2683148,0.041558423841142,0.4716176,0.04203256557289837,0.735,0.012247448713915901,0.8647058,0.014408633514667524,0.5937398,0.028016099046084195
hHep,mDC,strict,scconcept_encoded,mlp,5,0.5528674,0.031126671840079542,0.7571612,0.016672518146938695,0.2864408,0.0649158003151775,0.5112866,0.030198335560755664,0.751,0.01319090595827293,0.8835296,0.015518752135400599,0.5342062,0.04545302058785532
hHep,mDC,strict,v4_bias_rec_best,lr,5,0.6068752,0.07355067676208019,0.8025182000000001,0.04087443759808812,0.226869,0.05149346400078364,0.536195,0.01840252748945103,0.749,0.01959591794226544,0.8811764,0.023054209625142187,0.593549,0.037965476506953
hHep,mDC,strict,v4_bias_rec_best,mlp,5,0.6890438,0.030141727975681824,0.8409718,0.016180548561776233,0.194009,0.08245750435224196,0.5386948,0.01765987858848414,0.771,0.0073484692283495405,0.9070590000000001,0.008645201883125704,0.5771968000000001,0.06469334092903226
hHep,mDC,strict,v4_plain_best,lr,5,0.659467,0.043974191803829665,0.8228296,0.027705662703497988,0.2505604,0.04035476211105697,0.5454046,0.006980145860940136,0.759,0.014628738838327807,0.8929412,0.017210246406138417,0.549246,0.008206009578351712
hHep,mDC,strict,v4_plain_best,mlp,5,0.708364,0.03513658601514949,0.8381502000000001,0.020744010329731336,0.141648,0.01590263703918315,0.5153858,0.0068234564085952795,0.778,0.011661903789690611,0.9152938,0.013719852512326816,0.5987758,0.016676399460315173
hHep,mDC,strict,v4_type_pe_best,lr,5,0.6144486,0.029181103622721322,0.7844898,0.02226336105263537,0.178425,0.030026676692567894,0.5115256,0.008301681289955665,0.758,0.009273618495495711,0.8917648,0.010909937697347298,0.6156134,0.014141825661490802
hHep,mDC,strict,v4_type_pe_best,mlp,5,0.622941,0.042998036401677674,0.7908634,0.02297007638298141,0.1133972,0.020878918452831793,0.5102755999999999,0.007071459159183464,0.761,0.01019803902718558,0.8952942,0.011997679132232184,0.6231638,0.0247732123423669
hHep,mDC,topology_matched,baseline,lr,5,0.6178473999999999,0.05672150419232549,0.8148546,0.03262430870746536,0.2226292,0.060101842878234606,0.5481514,0.020695123421714593,0.736,0.012409673645990868,0.8975609999999999,0.015133838759548095,0.5805112,0.03936381453771979
hHep,mDC,topology_matched,baseline,mlp,5,0.689373,0.04160807602857888,0.8485008,0.017733009630629536,0.2276944,0.026537523882985015,0.5477836,0.00649215340545802,0.748,0.013266499161421611,0.9121952,0.016178827391377895,0.5391859999999999,0.028958537097028923
hHep,mDC,topology_matched,cl_scratch_v5,lr,5,0.7409916,0.047327661905486096,0.849686,0.03639601701834966,0.270573,0.04595547690972209,0.5552469999999999,0.012962639731165869,0.78,0.01581138830084191,0.962963,0.019520170788187276,0.5553106,0.03135944931021588
hHep,mDC,topology_matched,cl_scratch_v5,mlp,5,0.7810572,0.021384003361391436,0.870227,0.018253098476697042,0.210715,0.048765021632313464,0.5354938,0.013935200686032467,0.775,0.010954451150103333,0.9567902,0.013524091531781338,0.5282762000000001,0.04986076016829267
hHep,mDC,topology_matched,cl_v6_fair,lr,5,0.7080301999999999,0.041355199660502176,0.8401854,0.02874910020574559,0.1957808,0.050257808927170716,0.533399,0.015495287554608309,0.789,0.01200000000000001,0.9337278,0.014201066669796343,0.6047926,0.028708160182080653
hHep,mDC,topology_matched,cl_v6_fair,mlp,5,0.8026486,0.01924051586210722,0.883458,0.013471554416621725,0.2107756,0.09408495244958144,0.542491,0.025449717931639266,0.806,0.0058309518948453055,0.9538462,0.006900725770525874,0.5450016,0.07478516277069937
hHep,mDC,topology_matched,minus,lr,5,0.6831554,0.023226888664648986,0.819392,0.010339133058433871,0.3569902,0.07954165435644396,0.5671494,0.02825941677105175,0.76,0.010488088481701525,0.9268292,0.012790128559166227,0.507282,0.03434259613366469
hHep,mDC,topology_matched,minus,mlp,5,0.7103658,0.024447859214254342,0.8317476,0.011250003743999398,0.240978,0.07535768315971504,0.5400914,0.02108294087265815,0.766,0.006633249580710806,0.9341463999999999,0.00808918756365558,0.5216106,0.03805653532627479
hHep,mDC,topology_matched,scGPT_human,lr,5,0.675675,0.031199691203600045,0.8180962,0.02118929646212916,0.2536328,0.06233372260149396,0.5440586,0.013014061757960119,0.769,0.012409673645990868,0.9493826000000001,0.015320596288656644,0.5504146,0.027177409549844895
hHep,mDC,topology_matched,scGPT_human,mlp,5,0.7229358,0.04531943181197224,0.8355526,0.02908318252598914,0.251926,0.0501282952592645,0.5371914,0.01676213366609395,0.773,0.009273618495495711,0.954321,0.011448821196961723,0.5213784,0.05527629805839028
hHep,mDC,topology_matched,scconcept,lr,5,0.6038548,0.021185713444677748,0.7830458,0.011329755432488403,0.3950538,0.020256552129126026,0.5180556,0.010783913734818152,0.757,0.007483314773547889,0.9011906000000001,0.008908458623128912,0.4884448,0.009694699735422438
hHep,mDC,topology_matched,scconcept,mlp,5,0.5836734,0.024341417991563277,0.7856032,0.012515517638515812,0.25585579999999997,0.03717575741474543,0.5212302,0.013019766117715013,0.747,0.00509901951359279,0.8892858,0.006070461181821365,0.5444982,0.015621977050296804
hHep,mDC,topology_matched,scconcept_encoded,lr,5,0.4770598,0.027958056380227855,0.7115228,0.026392517086477354,0.2676466,0.040254603431657356,0.46964279999999997,0.04234444463870083,0.736,0.01019803902718558,0.8761904,0.01214062818144106,0.5962738,0.027203085783785635
hHep,mDC,topology_matched,scconcept_encoded,mlp,5,0.5504914,0.0323376732533434,0.7565492,0.01721681301983615,0.2874704,0.06588798297292155,0.5105158000000001,0.030458876613558807,0.751,0.013564659966250548,0.8940478000000001,0.016148373830203438,0.5351766,0.046761535973917696
hHep,mDC,topology_matched,v4_bias_rec_best,lr,5,0.6087582,0.07288493904065502,0.8057086,0.03980564372849659,0.227072,0.05137274095081944,0.537311,0.01700603395268866,0.752,0.018055470085267804,0.884706,0.021241595938158688,0.595853,0.03795454257397921
hHep,mDC,topology_matched,v4_bias_rec_best,mlp,5,0.6892623999999999,0.029862136645591862,0.8424862,0.016369820944653012,0.194009,0.08245750435224196,0.538422,0.017501869534424033,0.775,0.007071067811865481,0.9117646,0.008318828441553544,0.5796672,0.06498466369659844
hHep,mDC,topology_matched,v4_plain_best,lr,5,0.658039,0.04314579255964596,0.8238792,0.02731093558558552,0.2505604,0.04035476211105697,0.5449582,0.006944858455001086,0.76,0.01449137674618945,0.8941178,0.01704862169678242,0.5516028,0.008241037905506794
hHep,mDC,topology_matched,v4_plain_best,mlp,5,0.7065546,0.03721998847178758,0.8389318,0.021383543956977755,0.141648,0.01590263703918315,0.5150138,0.00688045839751975,0.779,0.009695359714832668,0.9164704,0.011406013108882554,0.601345,0.016748970654938754
hHep,mDC,topology_matched,v4_type_pe_best,lr,5,0.6141274,0.029339896282025258,0.7836824,0.022413345690458605,0.1793554,0.03017051079846014,0.511825,0.00833929692480126,0.756,0.008000000000000007,0.8946744,0.009467200000000018,0.6141336000000001,0.01424086102172198
hHep,mDC,topology_matched,v4_type_pe_best,mlp,5,0.6220414,0.04285336257798215,0.7896955999999999,0.022921540730064364,0.114019,0.020984825479379143,0.5104568,0.007091655614875839,0.758,0.011661903789690611,0.8970414,0.013800988495031783,0.6221672,0.024534752620721505
hHep,mESC,coverage_matched,baseline,lr,5,0.49575759999999996,0.007067902591292546,0.5639178,0.004804677820624433,0.0,0.0,0.5,0.0,0.578,0.006782329983125274,0.7006058000000001,0.008221157057251743,0.39408719999999997,0.09865330227093264
hHep,mESC,coverage_matched,baseline,mlp,5,0.482281,0.019337013264721096,0.5566588,0.008586083819763236,0.0,0.0,0.5,0.0,0.569,0.016248076809271882,0.6896972,0.019694589321943224,0.32586,0.02117344573752699
hHep,mESC,coverage_matched,cl_v6_fair,lr,5,0.492021,0.0,0.557271,0.0,0.7125254,0.0019747999999999875,0.4930848,0.0021276000000000073,0.54,0.0,0.574468,0.0,0.4332502,0.013582662925950855
hHep,mESC,coverage_matched,cl_v6_fair,mlp,5,0.492021,0.0,0.5572766,2.800000000036107e-06,0.711538,0.0,0.492021,0.0,0.54,0.0,0.574468,0.0,0.3977344,0.014001779695452996
hHep,mESC,coverage_matched,minus,mlp,2,0.4833785,0.02283750000000001,0.589279,0.01050899999999999,0.747475,0.0,0.5,0.0,0.61,0.010000000000000009,0.8243244999999999,0.013513500000000012,0.2934355,0.04040250000000001
hHep,mESC,coverage_matched,scGPT_human,mlp,5,0.518496,0.022845172058883683,0.4369378,0.015064235173416539,0.0,0.0,0.5,0.0,0.429,0.01984943324127921,0.6402986,0.02962581313381964,0.419595,0.005241207456302404
hHep,mESC,coverage_matched,scconcept,lr,5,0.49915760000000003,0.0024714010277573314,0.5679102,0.0015943453076420048,0.0,0.0,0.5,0.0,0.57,0.018439088914585754,0.581633,0.018815246328443308,0.3689072,0.09971052706389633
hHep,mESC,coverage_matched,scconcept,mlp,5,0.4869642,0.019011859439833884,0.5631312,0.009713357059225203,0.0,0.0,0.5,0.0,0.574,0.013564659966250517,0.5857146,0.013841379029562029,0.456216,0.08781224977188548
hHep,mESC,coverage_matched,scconcept_encoded,mlp,5,0.479256,0.015559089047884517,0.4243534,0.006885640902632074,0.0,0.0,0.5,0.0,0.41000000000000003,0.02190890230020664,0.5655174000000001,0.03021940537866358,0.4204496,0.005319075017331485
hHep,mESC,coverage_matched,v4_bias_rec_best,mlp,5,0.487937,0.021420301809264967,0.5902814,0.01241121427741861,0.0,0.0,0.5,0.0,0.599,0.01019803902718558,0.599,0.01019803902718558,0.5208722,0.050273002414417234
hHep,mESC,coverage_matched,v4_plain_best,lr,5,0.49613260000000003,0.007054205741258198,0.5631648,0.00415491412185619,0.0043716,0.0087432,0.501105,0.002210000000000001,0.529,0.009165151389911688,0.5845304,0.010127099497881901,0.297744,0.0261101181690164
hHep,mESC,coverage_matched,v4_plain_best,mlp,5,0.5077586,0.02924603746561232,0.5703778,0.014095409556305937,0.0,0.0,0.5,0.0,0.57,0.02387467277262662,0.6298342,0.026380843249600636,0.3851224,0.0477410294928796
hHep,mESC,coverage_matched,v4_type_pe_best,mlp,5,0.516605,0.009766872518877295,0.48991619999999997,0.0051413742287446705,0.0,0.0,0.5,0.0,0.499,0.0037416573867739447,0.6012052,0.004507948819585266,0.4375548,0.03252311015508818
hHep,mESC,native,baseline,lr,5,0.4959442,0.0011565561637897218,0.5135932,0.0006883381145919549,0.1352912,0.2705824,0.4991098,0.0017803999999999932,0.547,0.011224972160321799,0.1623146,0.003330948129286916,0.3191562,0.058725302483341894
hHep,mESC,native,baseline,mlp,5,0.4939526,0.0032266788250459736,0.512679,0.0015896894036257622,0.0,0.0,0.5,0.0,0.54,0.017888543819998333,0.1602374,0.005307978168756908,0.2965284,0.03149839465496616
hHep,mESC,native,cl_scratch_v5,lr,5,0.4982524,0.0028983044422558587,0.5158678,0.0020876392791859526,0.1410104,0.26874822274210486,0.5008904,0.0017807999999999795,0.5559999999999999,0.01113552872566,0.1649852,0.003304539992192561,0.3148414,0.05790861368259475
hHep,mESC,native,cl_scratch_v5,mlp,5,0.4957138,0.00028918188048353944,0.5136188,0.0002847549121613093,0.0,0.0,0.5,0.0,0.544,0.0037416573867739447,0.1614242,0.0011105239123945067,0.2947658,0.01320902408809978
hHep,mESC,native,cl_v6_fair,lr,5,0.4959774,0.0016039950872742859,0.5138482,0.0009851473798371411,0.1352912,0.2705824,0.4991098,0.0017803999999999932,0.547,0.00244948974278318,0.1623146,0.0007270085556580401,0.3233118,0.06297726641384174
hHep,mESC,native,cl_v6_fair,mlp,5,0.4951202,0.0008576000000000139,0.5132521999999999,0.0004275999999999946,0.0,0.0,0.5,0.0,0.545,0.0,0.161721,0.0,0.297957,0.013979407927376614
hHep,mESC,native,minus,lr,5,0.4965674,0.001766226101041433,0.5144332,0.0014262341182288197,0.1352912,0.2705824,0.4991098,0.0017803999999999932,0.542,0.008717797887081356,0.1608308,0.002586708286606746,0.3048594,0.0457179255242405
hHep,mESC,native,minus,mlp,5,0.4970702,0.0073243585493884674,0.5141538,0.003837025379118571,0.0,0.0,0.5,0.0,0.539,0.02477902338672773,0.1599406,0.007352816021090157,0.3073856,0.05674800428067933
hHep,mESC,native,scGPT_human,lr,5,0.496994,0.0008691204749630444,0.5142014,0.00045155668525667143,0.1352912,0.2705824,0.4991098,0.0017803999999999932,0.542,0.008124038404635967,0.160831,0.00241074685522972,0.3064176,0.0494525125776234
hHep,mESC,native,scGPT_human,mlp,5,0.491599,0.005106341625860937,0.5115964,0.0023915480007727233,0.1352912,0.2705824,0.4991098,0.0017803999999999932,0.516,0.02200000000000002,0.1531156,0.00652815455086658,0.291408,0.03326313484324652
hHep,mESC,native,scconcept,lr,5,0.49463039999999997,0.0017415538579096622,0.5129813999999999,0.0008609993263644476,0.1352912,0.2705824,0.4991098,0.0017803999999999932,0.546,0.011135528725660017,0.1620178,0.0033043963079509714,0.2972652,0.040591680770325336
hHep,mESC,native,scconcept,mlp,5,0.499408,0.005256958398161428,0.5154562,0.0027158214521577147,0.0,0.0,0.5,0.0,0.532,0.025612496949731386,0.15786340000000001,0.0076000868047674365,0.3209538,0.044117409631119556
hHep,mESC,native,scconcept_encoded,lr,5,0.4953894,0.0022917426208019175,0.5139654,0.002194797084014846,0.0,0.0,0.5,0.0,0.549,0.012409673645990838,0.162908,0.0036824497824138745,0.3841656,0.09764049477670625
hHep,mESC,native,scconcept_encoded,mlp,5,0.49778,0.008130290941903612,0.5143838,0.004511743272838131,0.0,0.0,0.5,0.0,0.535,0.025690465157330252,0.1587536,0.0076229838147539065,0.283306,0.03656705226840141
hHep,mESC,native,v4_bias_rec_best,lr,5,0.4965988,0.001588198652562083,0.5140264,0.0007636676240354555,0.1352912,0.2705824,0.4991098,0.0017803999999999932,0.542,0.008124038404635967,0.160831,0.00241074685522972,0.356359,0.08208075224314164
hHep,mESC,native,v4_bias_rec_best,mlp,5,0.4948472,0.00803822133061787,0.5129272,0.004297110582705563,0.0,0.0,0.5,0.0,0.53,0.034785054261852154,0.15726980000000002,0.01032173178105303,0.28804219999999997,0.020087921748155033
hHep,mESC,native,v4_plain_best,lr,5,0.498248,0.0009134398721317135,0.5154598,0.0010843478039817224,0.1352912,0.2705824,0.4991098,0.0017803999999999932,0.537,0.009273618495495711,0.1593472,0.0027516335802573733,0.3159904,0.05886697379549928
hHep,mESC,native,v4_plain_best,mlp,5,0.4924394,0.007666164349921039,0.5117894,0.004016249773109263,0.0,0.0,0.5,0.0,0.518,0.03171750305430741,0.15370899999999998,0.009411522703579912,0.3125338,0.041680804173624096
hHep,mESC,native,v4_type_pe_best,lr,5,0.4964782,0.0014806157367798075,0.513952,0.0006954532335103238,0.1352912,0.2705824,0.4991098,0.0017803999999999932,0.541,0.009165151389911688,0.1605342,0.0027197368549181362,0.3341922,0.06862716803249279
hHep,mESC,native,v4_type_pe_best,mlp,5,0.4947538,0.005294601340988763,0.5129638,0.002879856760326804,0.0,0.0,0.5,0.0,0.533,0.02461706725018233,0.15816,0.007304728797155998,0.3019888,0.04677976484079415
hHep,mESC,strict,baseline,lr,5,0.4939392,0.0006745894751624684,0.9324126,9.112101843148938e-05,0.0,0.0,0.5,0.0,0.907,0.00244948974278318,0.49972459999999996,0.001349178950324964,0.8400566,0.05401278012692922
hHep,mESC,strict,baseline,mlp,5,0.4933884,0.0005507999999999847,0.9323352,6.990107295315026e-05,0.38340040000000003,0.4695676735894838,0.4972452,0.003373927171709538,0.914,0.008000000000000007,0.503581,0.004408000000000012,0.2655962,0.05324523775662946
hHep,mESC,strict,cl_scratch_v5,lr,5,0.4947658,0.00202453050359829,0.9325188,0.000263095724024538,0.19170020000000002,0.38340040000000003,0.4986226,0.0027547999999999904,0.928,0.00244948974278318,0.511295,0.0013496688482735077,0.4455134,0.13711766782234883
hHep,mESC,strict,cl_scratch_v5,mlp,5,0.493113,0.0,0.932301,0.0,0.958501,0.0,0.493113,0.0,0.93,0.0,0.512397,0.0,0.1269608,0.03069468971271741
hHep,mESC,strict,cl_v6_fair,lr,5,0.508773,0.02793063061228659,0.9343764,0.0034429527211392143,0.0,0.0,0.5,0.0,0.929,0.0020000000000000018,0.511846,0.0011019999999999808,0.6180012,0.08885540771703204
hHep,mESC,strict,cl_v6_fair,mlp,5,0.4944268,0.0026275999999999964,0.932466,0.00033200060240909103,0.7668008000000001,0.38340040000000003,0.4944904,0.0027547999999999904,0.929,0.0020000000000000018,0.511846,0.0011019999999999808,0.1695912,0.05584355630294332
hHep,mESC,strict,minus,lr,5,0.493113,0.0008708912676103649,0.9323034,0.00011387993677550847,0.0,0.0,0.5,0.0,0.909,0.0020000000000000018,0.5008262,0.0011015999999999914,0.9041588,0.012647028637589168
hHep,mESC,strict,minus,mlp,5,0.493113,0.0008708912676103649,0.9323,0.00011004726257386433,0.0,0.0,0.5,0.0,0.914,0.008000000000000007,0.503581,0.004408000000000012,0.5935526,0.1361738088644068
hHep,mESC,strict,scGPT_human,lr,5,0.4944904,0.0027547999999999904,0.9324874000000001,0.0003727999999999732,0.0,0.0,0.5,0.0,0.909,0.0020000000000000018,0.5008262,0.0011015999999999914,0.5698928,0.019607083448590728
hHep,mESC,strict,scGPT_human,mlp,5,0.494215,0.0013496688482735077,0.9324396,0.00017056681975107004,0.0,0.0,0.5,0.0,0.92,0.012247448713915901,0.506887,0.006748344241367701,0.405153,0.06057452522306715
hHep,mESC,strict,scconcept,lr,5,0.503581,0.003328630889720296,0.9336726,0.0004318280213232948,0.0,0.0,0.5,0.0,0.917,0.023999999999999976,0.5052344,0.013222800000000022,0.9314404000000001,0.002359242641188082
hHep,mESC,strict,scconcept,mlp,5,0.5057849999999999,0.002204000000000006,0.9339412,0.00028359999999998385,0.0,0.0,0.5,0.0,0.953,0.023999999999999976,0.5250686,0.013222800000000022,0.9304344,0.002634573028025606
hHep,mESC,strict,scconcept_encoded,lr,5,0.5071624,0.0058698071723013055,0.9341398,0.0007611516011938915,0.016393,0.0,0.504132,0.0,0.941,0.02939387691339811,0.5184572000000001,0.01619455648543673,0.9186502,0.004578826461005078
hHep,mESC,strict,scconcept_encoded,mlp,5,0.505923,0.0013493626643715795,0.9341326,0.00010020299396722979,0.0032786000000000004,0.006557200000000001,0.5008264,0.0016528000000000098,0.951,0.017146428199482207,0.5239668000000001,0.00944670214201763,0.802742,0.04456742679132375
hHep,mESC,strict,v4_bias_rec_best,lr,5,0.493113,0.0008708912676103649,0.9323034,0.00011387993677550847,0.0,0.0,0.5,0.0,0.909,0.0020000000000000018,0.5008262,0.0011015999999999914,0.763362,0.05233089955274989
hHep,mESC,strict,v4_bias_rec_best,mlp,5,0.493113,0.0,0.9323004,4.89897948570723e-07,0.7668008000000001,0.38340040000000003,0.4944904,0.0027547999999999904,0.91,0.0,0.501377,0.0,0.205004,0.04647768138364907
hHep,mESC,strict,v4_plain_best,lr,5,0.493113,0.0008708912676103649,0.9323034,0.00011387993677550847,0.0,0.0,0.5,0.0,0.909,0.0020000000000000018,0.5008262,0.0011015999999999914,0.838107,0.05805548315878527
hHep,mESC,strict,v4_plain_best,mlp,5,0.49201100000000003,0.0016062557704176425,0.9321612,0.00020302059008880049,0.19170020000000002,0.38340040000000003,0.4986226,0.0027547999999999904,0.922,0.00979795897113272,0.507989,0.005398675393094139,0.3331694,0.11171271878456812
hHep,mESC,strict,v4_type_pe_best,lr,5,0.4925622,0.0006745894751624956,0.9322314,8.524224304885827e-05,0.0,0.0,0.5,0.0,0.91,0.0,0.501377,0.0,0.7528320000000001,0.05771308325847789
hHep,mESC,strict,v4_type_pe_best,mlp,5,0.494077,0.0013493626643715795,0.9324412,0.00020669436373543543,0.7668008000000001,0.38340040000000003,0.4944904,0.0027547999999999904,0.918,0.00979795897113272,0.5057849999999999,0.005398675393094139,0.2430696,0.08646109218972428
hHep,mESC,topology_matched,baseline,lr,5,0.493113,0.0,0.932301,0.0,0.0,0.0,0.5,0.0,0.91,0.0,0.501377,0.0,0.6483844,0.057726799376372845
hHep,mESC,topology_matched,baseline,mlp,5,0.4933884,0.0005507999999999847,0.9323352,6.990107295315026e-05,0.7668008000000001,0.38340040000000003,0.4944904,0.0027547999999999904,0.914,0.008000000000000007,0.503581,0.004408000000000012,0.1846748,0.0520589126678612
hHep,mESC,topology_matched,cl_scratch_v5,lr,5,0.4933884,0.0005507999999999847,0.9323382,7.439999999996339e-05,0.5751006000000001,0.4695676735894838,0.4958678,0.003373927171709538,0.929,0.0020000000000000018,0.511846,0.0011019999999999808,0.23390840000000002,0.06816057907793918
hHep,mESC,topology_matched,cl_scratch_v5,mlp,5,0.49283760000000004,0.0005508000000000068,0.9322662,6.960000000000299e-05,0.958501,0.0,0.493113,0.0,0.93,0.0,0.512397,0.0,0.0947728,0.029612067265896852
hHep,mESC,topology_matched,cl_v6_fair,lr,5,0.49058060000000003,0.02236409683935394,0.932186,0.0025265457842675175,0.0,0.0,0.5,0.0,0.93,0.003162277660168382,0.512397,0.0017424149907527818,0.7588296,0.017121634111264033
hHep,mESC,topology_matched,cl_v6_fair,mlp,5,0.493113,0.0,0.9323004,8.000000000230045e-07,0.5751006000000001,0.4695676735894838,0.4958678,0.003373927171709538,0.93,0.0,0.512397,0.0,0.257663,0.0929430285024111
hHep,mESC,topology_matched,minus,lr,5,0.4944904,0.003484355642008985,0.9324808,0.00045165579814721485,0.0,0.0,0.5,0.0,0.909,0.0020000000000000018,0.5008262,0.0011015999999999914,0.9214600000000001,0.00454217005406006
hHep,mESC,topology_matched,minus,mlp,5,0.49201120000000004,0.0010307731855262866,0.9321616,0.0001302637324814619,0.0,0.0,0.5,0.0,0.914,0.008000000000000007,0.503581,0.004408000000000012,0.6827748,0.09849975133653892
hHep,mESC,topology_matched,scGPT_human,lr,5,0.4917356,0.005153758884542433,0.9321398000000001,0.0006706741086399381,0.19170020000000002,0.38340040000000003,0.4986226,0.0027547999999999904,0.909,0.0020000000000000018,0.5008262,0.0011015999999999914,0.4163326,0.09310493519379087
hHep,mESC,topology_matched,scGPT_human,mlp,5,0.4933884,0.0005507999999999847,0.9323356,6.970107603187218e-05,0.0,0.0,0.5,0.0,0.914,0.008000000000000007,0.503581,0.004408000000000012,0.41759840000000004,0.027031648256071992
hHep,mESC,topology_matched,scconcept,lr,5,0.504683,0.0026993376965470696,0.9337994000000001,0.0003473376455266349,0.0,0.0,0.5,0.0,0.941,0.02939387691339811,0.5184572000000001,0.01619455648543673,0.9315066,0.0016738149957507098
hHep,mESC,topology_matched,scconcept,mlp,5,0.5071624,0.000550800000000029,0.9341198,7.35999999999848e-05,0.0,0.0,0.5,0.0,0.963,0.0040000000000000036,0.5305782,0.0022035999999999944,0.9055806000000001,0.014977134620480649
hHep,mESC,topology_matched,scconcept_encoded,lr,5,0.5085398,0.007514242168043282,0.9343222,0.0009694547746027316,0.0098358,0.008030897070688927,0.5024792,0.0020242583234360303,0.953,0.023999999999999976,0.5250686,0.013222800000000022,0.909047,0.0077651926183449895
hHep,mESC,topology_matched,scconcept_encoded,mlp,5,0.5055096,0.003895734107969914,0.9342084,0.000541836359060553,0.0152706,0.008702430708715812,0.5038566,0.002203825002126979,0.9390000000000001,0.013190905958272887,0.5173556,0.007267400762308363,0.5768934,0.08182551046611318
hHep,mESC,topology_matched,v4_bias_rec_best,lr,5,0.49972459999999996,0.004475951277661527,0.9331588000000001,0.0005789519496469327,0.0,0.0,0.5,0.0,0.918,0.023579652245103166,0.5057852,0.012991260299139596,0.8100284,0.03269051405897434
hHep,mESC,topology_matched,v4_bias_rec_best,mlp,5,0.4936638,0.0006745894751624684,0.9323726,8.859029292195498e-05,0.0,0.0,0.5,0.0,0.913,0.008717797887081356,0.5030302,0.004803323116343525,0.3294318,0.053607386712653686
hHep,mESC,topology_matched,v4_plain_best,lr,5,0.4947658,0.00202453050359829,0.9325188,0.000263095724024538,0.0,0.0,0.5,0.0,0.907,0.00244948974278318,0.49972459999999996,0.001349178950324964,0.8405931999999999,0.058618879048989
hHep,mESC,topology_matched,v4_plain_best,mlp,5,0.4933886,0.0013495463830487501,0.9323354,0.0001701582792578701,0.19170020000000002,0.38340040000000003,0.4986226,0.0027547999999999904,0.915,0.010000000000000009,0.504132,0.005510000000000037,0.3638932,0.11345502085743056
hHep,mESC,topology_matched,v4_type_pe_best,lr,5,0.493113,0.0,0.932301,0.0,0.0,0.0,0.5,0.0,0.91,0.0,0.501377,0.0,0.6428512,0.03954871780171894
hHep,mESC,topology_matched,v4_type_pe_best,mlp,5,0.49393940000000003,0.0011019500170152702,0.9324044,0.00013920000000000599,0.958501,0.0,0.493113,0.0,0.919,0.011135528725660053,0.506336,0.006135676327838717,0.1627524,0.04963411820350998
hHep,mHSC-E,coverage_matched,baseline,lr,5,0.7354102,0.015532951585580915,0.7848421999999999,0.016415434485873348,0.6833324,0.015884677857608567,0.6637472,0.01881662089111644,0.6930000000000001,0.012083045973594529,0.6695652,0.011674159008682386,0.2578818,0.013928852061817586
hHep,mHSC-E,coverage_matched,baseline,mlp,5,0.712403,0.020651478717031362,0.7717456,0.013912693306473779,0.6343774,0.01116759058346966,0.6447984,0.016932099628811526,0.661,0.015937377450509202,0.6386472,0.015398694092682024,0.24818500000000002,0.01070293722302434
hHep,mHSC-E,coverage_matched,cl_scratch_v5,lr,5,0.661505,0.012263047125408915,0.6750024,0.017470798019552505,0.12525340000000001,0.03971002743187166,0.5294604,0.011893315847147088,0.628,0.019390719429665335,0.576147,0.017789747373136003,0.4381858,0.0126197849807356
hHep,mHSC-E,coverage_matched,cl_scratch_v5,mlp,5,0.6575799999999999,0.025034470379858238,0.6785776,0.01978293003172178,0.199861,0.038936869350270055,0.5483604,0.007795634716942568,0.626,0.025573423705088867,0.5743119999999999,0.0234620521267855,0.3427596,0.037866339461849224
hHep,mHSC-E,coverage_matched,cl_v6_fair,lr,5,0.7828218,0.02127924795099675,0.6575948,0.04409715464018058,0.6371178,0.031093257721892052,0.6971122,0.021849341302657185,0.6809999999999999,0.020832666655999636,0.6135136,0.018767995786444527,0.2148102,0.014324578463605828
hHep,mHSC-E,coverage_matched,cl_v6_fair,mlp,5,0.7772106,0.016004333733086167,0.6824386,0.02808526777226807,0.6641962,0.04414355434443403,0.7050592,0.022097309921345627,0.678,0.02204540768504858,0.610811,0.01986091644411204,0.211474,0.012706460199441858
hHep,mHSC-E,coverage_matched,minus,lr,5,0.7408234,0.030466917977373425,0.672626,0.03994866450834122,0.672423,0.033842602984995085,0.6789152,0.03468762746801805,0.59,0.021213203435596444,0.7919462,0.02847429441022201,0.2467142,0.02541209571365573
hHep,mHSC-E,coverage_matched,minus,mlp,5,0.7309706,0.05998588904267403,0.6637064,0.06054547754737755,0.5805462,0.07271991201699848,0.652164,0.05502503245614672,0.584,0.043977266854592044,0.7838928,0.05902997129391137,0.2263964,0.01444072644433098
hHep,mHSC-E,coverage_matched,scGPT_human,lr,5,0.6358668,0.02338662757560397,0.6363322,0.020208383442522078,0.48276040000000003,0.040556889676601204,0.5928438,0.021249748839927484,0.617,0.024617067250182364,0.4674244,0.018649183323673994,0.3096086,0.015778732859136706
hHep,mHSC-E,coverage_matched,scGPT_human,mlp,5,0.6509014,0.041590517883767684,0.6593458,0.041023312520565645,0.5191662,0.05753603398010676,0.595813,0.025126881613125013,0.626,0.041880783182743846,0.4742424,0.03172757286399324,0.2734572,0.020667266422050114
hHep,mHSC-E,coverage_matched,scconcept,lr,5,0.413295,0.024231961686995124,0.487231,0.015235652083189602,0.243949,0.06660533470526217,0.471014,0.020200843497240415,0.44,0.023664319132398467,0.3793104,0.020400248886717053,0.4067564,0.024329248410914796
hHep,mHSC-E,coverage_matched,scconcept,mlp,5,0.4888166,0.05999593082068149,0.5328298,0.048769850897455086,0.3310672,0.06399785617784397,0.4877056,0.05444926296140288,0.492,0.06446704584514477,0.424138,0.05557496784704422,0.3304508,0.037978323993562435
hHep,mHSC-E,coverage_matched,scconcept_encoded,lr,5,0.5191652,0.018742639039366887,0.5628502,0.02507763709283635,0.392811,0.034941956487867125,0.5133474,0.020630788114853978,0.534,0.016552945357246864,0.5900552,0.01829071464322813,0.41990479999999997,0.01320957476075592
hHep,mHSC-E,coverage_matched,scconcept_encoded,mlp,5,0.508631,0.012590212500192342,0.5440728,0.013143288620432871,0.3981156,0.04506675698383455,0.500903,0.009261155500260222,0.519,0.01593737745050924,0.5734808,0.017610475807314233,0.3845506,0.03357812121962751
hHep,mHSC-E,coverage_matched,v4_bias_rec_best,lr,5,0.7710038,0.011891511651594173,0.7471502,0.026026853681534373,0.325042,0.048379521828972226,0.5906364,0.013892996215359733,0.666,0.020346989949375796,0.613825,0.01875294581659104,0.3213434,0.016667953954820017
hHep,mHSC-E,coverage_matched,v4_bias_rec_best,mlp,5,0.7137990000000001,0.07240739185746163,0.6698658,0.08951908242693286,0.2612396,0.07546035764717789,0.5623222,0.03227495956558273,0.637,0.053535035257296706,0.5870968,0.04934107892780617,0.299031,0.026516778152709274
hHep,mHSC-E,coverage_matched,v4_plain_best,lr,5,0.6751276,0.009213103160173586,0.6545786,0.016626713609129148,0.5657796,0.01368659076030258,0.6282022,0.003168838992438729,0.5619999999999999,0.003999999999999954,0.5884816,0.004188450004476601,0.2837078,0.005915752949540755
hHep,mHSC-E,coverage_matched,v4_plain_best,mlp,5,0.6795954,0.01550549717487318,0.661936,0.017348972396081568,0.4757298,0.03583863392150989,0.6231126,0.01317151846371557,0.557,0.025019992006393585,0.583246,0.02619888926653189,0.25111320000000004,0.006086683280736736
hHep,mHSC-E,coverage_matched,v4_type_pe_best,lr,5,0.7280592,0.015391830773498025,0.6873824,0.02447360707864699,0.6340516,0.017601195420766182,0.6705368,0.01452959095638966,0.606,0.01019803902718558,0.6770948,0.011394269005074457,0.259896,0.00820126624369676
hHep,mHSC-E,coverage_matched,v4_type_pe_best,mlp,5,0.760538,0.013202057173031793,0.7112738,0.01478414936883417,0.6497514,0.03069416244565079,0.6956214,0.02006042383001914,0.634,0.014282856857085711,0.7083798,0.015958698059678963,0.208545,0.009343291968037817
hHep,mHSC-E,native,baseline,lr,5,0.615492,0.010421463102655015,0.6473448,0.01290612094163076,0.461358,0.01314895747958749,0.589866,0.00831264403183486,0.739,0.02059126028197402,0.2246202,0.006259024377648645,0.380727,0.007519937606124138
hHep,mHSC-E,native,baseline,mlp,5,0.7013842,0.018104606788328762,0.729004,0.01893264364002028,0.49432960000000004,0.02201141371743306,0.6279901999999999,0.014490940444291422,0.84,0.027018512172212582,0.255319,0.008212221258587726,0.314041,0.020163516280649055
hHep,mHSC-E,native,cl_scratch_v5,lr,5,0.6430762,0.01199300833652675,0.6487404,0.006844643558287021,0.4873442,0.015763647425643578,0.5990605999999999,0.013441471743823303,0.737,0.006782329983125274,0.224012,0.0020618283148700835,0.3701788,0.010318429268062082
hHep,mHSC-E,native,cl_scratch_v5,mlp,5,0.708686,0.007286818043563327,0.7220714,0.011442656013356312,0.4543936,0.006393103584332108,0.611473,0.005578624310706004,0.815,0.018973665961010248,0.24772039999999998,0.005766993067448577,0.3330726,0.007950648441479491
hHep,mHSC-E,native,cl_v6_fair,lr,5,0.6659318,0.012152069706844173,0.6696938,0.015636285817290502,0.4666276,0.02496893289349788,0.5998876,0.014929267183622892,0.737,0.0457820925690384,0.224012,0.013915484511866631,0.3718534,0.012512439196255854
hHep,mHSC-E,native,cl_v6_fair,mlp,5,0.731968,0.008641584692635942,0.7437374,0.009312039467270319,0.4716384,0.010402195933551732,0.6221639999999999,0.006043460200911401,0.843,0.018055470085267804,0.256231,0.00548797674922189,0.313768,0.0194866383555502
hHep,mHSC-E,native,minus,lr,5,0.6309708,0.01867190712701837,0.6084604,0.01852567205366652,0.4967346,0.032552095702734735,0.5784708000000001,0.014800922314504595,0.643,0.04342810150121693,0.1954408,0.013200107308654726,0.3859242,0.014703972611508773
hHep,mHSC-E,native,minus,mlp,5,0.715648,0.006466710508442458,0.714155,0.009080722636442546,0.494456,0.02918030247272979,0.6129322,0.007882175319034719,0.798,0.015033296378372888,0.2425532,0.004569417004389071,0.3077954,0.013697183821501398
hHep,mHSC-E,native,scGPT_human,lr,5,0.6870788,0.005942247702679514,0.688249,0.008430814076944172,0.458083,0.009908446457442257,0.6009006,0.0023988096714829127,0.76,0.012649110640673528,0.231003,0.003844460014098205,0.3640028,0.004530932857591236
hHep,mHSC-E,native,scGPT_human,mlp,5,0.740549,0.005974463490557112,0.7533988,0.004738167426336887,0.4814112,0.024869200866935795,0.6296638,0.009412135387891535,0.845,0.020248456731316568,0.2568388,0.006154394962951272,0.3069372,0.011228029166331902
hHep,mHSC-E,native,scconcept,lr,5,0.4999962,0.02242756713868002,0.5213637999999999,0.02244517282089847,0.4148806,0.022811292463163938,0.5052804,0.01652851253561552,0.541,0.041158231254513344,0.1644378,0.012510284927210895,0.4501068,0.015576661085097804
hHep,mHSC-E,native,scconcept,mlp,5,0.5067648,0.0019827094996494026,0.533004,0.007504666281720994,0.392589,0.020816306636865248,0.5126128,0.00825485135904941,0.573,0.012884098726725107,0.1741642,0.003916098538086084,0.3903762,0.015308472914043391
hHep,mHSC-E,native,scconcept_encoded,lr,5,0.5824222,0.013224608930323796,0.587063,0.00914792271502117,0.433589,0.012681329062838803,0.5492324,0.005004594952641024,0.641,0.023108440016582705,0.194833,0.007023883911341361,0.4071622,0.00609736186887411
hHep,mHSC-E,native,scconcept_encoded,mlp,5,0.569414,0.006039095859480937,0.5748322,0.005470643486830438,0.371204,0.019464773340576055,0.5465274,0.0066417717395285455,0.622,0.016000000000000014,0.1890578,0.004863275003534136,0.390972,0.005591435236144652
hHep,mHSC-E,native,v4_bias_rec_best,lr,5,0.6384878,0.02610390179570863,0.6273406,0.025840500688647655,0.4594696,0.03021186657987223,0.5801164,0.016077460354172856,0.677,0.04342810150121692,0.20577499999999999,0.013199863226564123,0.3874184,0.01594948660741154
hHep,mHSC-E,native,v4_bias_rec_best,mlp,5,0.7228146,0.010363209282842838,0.7134992,0.0058331472602704045,0.4969952,0.00890191816183457,0.619277,0.0050726921057757815,0.784,0.011575836902790236,0.238298,0.0035184497154286624,0.3203822,0.0120791146761673
hHep,mHSC-E,native,v4_plain_best,lr,5,0.6554588,0.007999387261534471,0.6644616,0.015048291565490096,0.5045218,0.022097552827406018,0.6049202,0.011980066867926912,0.742,0.015684387141358135,0.225532,0.004767479879349256,0.3687956,0.010265553362581097
hHep,mHSC-E,native,v4_plain_best,mlp,5,0.7249996,0.008962857147137866,0.7356192,0.009568485823786334,0.5213968,0.019952202779643154,0.6325094,0.005678631159003012,0.825,0.020248456731316568,0.2507598,0.006154394962951272,0.3072676,0.013677766522352993
hHep,mHSC-E,native,v4_type_pe_best,lr,5,0.6287816,0.012497077235897996,0.6528602,0.012833198266994876,0.4598176,0.01759188324881678,0.5985576,0.007573086520039239,0.759,0.018275666882497082,0.230699,0.00555498198016879,0.3736026,0.009203033991027086
hHep,mHSC-E,native,v4_type_pe_best,mlp,5,0.7205898,0.010687466554801482,0.7374634,0.009270246201692811,0.4841844,0.03196142998427948,0.6257545999999999,0.010260081336909558,0.818,0.011224972160321799,0.248632,0.003411767928801725,0.309601,0.01881693140764455
hHep,mHSC-E,strict,baseline,lr,5,0.7857912,0.014619379513508744,0.7917948,0.012001901272715106,0.65285,0.024532664885821103,0.704317,0.017095467820448806,0.75,0.021679483388678818,0.5952382,0.017205991182143495,0.2354706,0.011075323211536543
hHep,mHSC-E,strict,baseline,mlp,5,0.7727222,0.020627618237692866,0.7977984,0.01212314176441073,0.6173254,0.03347577694154385,0.6974146,0.010473330751962322,0.742,0.014352700094407337,0.588889,0.011391027398790674,0.2202566,0.010828820334644022
hHep,mHSC-E,strict,cl_scratch_v5,lr,5,0.8178502,0.008893207371921561,0.8309104,0.005771963014434509,0.6950094,0.01670960244410377,0.7464586,0.009698855367516307,0.8119999999999999,0.01599999999999997,0.6444444,0.012698325001353516,0.2021366,0.008642223431501872
hHep,mHSC-E,strict,cl_scratch_v5,mlp,5,0.7904626,0.006650257637114499,0.8151927999999999,0.006128942597218545,0.6652515999999999,0.011586732837172,0.7252938,0.008070979603492987,0.77,0.012247448713915901,0.611111,0.009720146850742526,0.2057874,0.010204571477529076
hHep,mHSC-E,strict,cl_v6_fair,lr,5,0.8278436,0.006909668345152322,0.8520472,0.0026572367150857813,0.7142731999999999,0.006257694987773036,0.763087,0.005248441444848172,0.827,0.006782329983125274,0.6563494,0.00538284042490581,0.1905906,0.003772322128344817
hHep,mHSC-E,strict,cl_v6_fair,mlp,5,0.7900614,0.019547242440815016,0.8203,0.0170592080355449,0.6726494000000001,0.015903065548503535,0.72917,0.011402195806071717,0.781,0.01959591794226544,0.6198412,0.015552310483011826,0.203009,0.010299327570283411
hHep,mHSC-E,strict,minus,lr,5,0.8610866,0.006386603873734447,0.8681638,0.00659190174077254,0.6587558,0.020983502533180685,0.7388452,0.011971451815047328,0.846,0.021540659228538036,0.6714285999999999,0.01709554921726705,0.209874,0.0103808569781112
hHep,mHSC-E,strict,minus,mlp,5,0.8407068,0.0064700468437253284,0.8528249999999999,0.004850100988639311,0.6438422,0.01723973264757898,0.728934,0.01100527097349266,0.82,0.007745966692414841,0.6507934,0.006147586472754989,0.2035866,0.007388602590476771
hHep,mHSC-E,strict,scGPT_human,lr,5,0.8064234,0.008373344053602471,0.8296938,0.005579958437121197,0.674598,0.0076452639457379006,0.738576,0.0035805849242825966,0.796,0.01200000000000001,0.6317458,0.00952393333449998,0.2075028,0.004671212622007268
hHep,mHSC-E,strict,scGPT_human,mlp,5,0.8174384,0.01033348246430021,0.838986,0.009461309571090036,0.6845996,0.004612505982651944,0.7422682,0.005863639224918267,0.798,0.014352700094407337,0.6333334,0.011391083137261379,0.199516,0.009298367017923097
hHep,mHSC-E,strict,scconcept,lr,5,0.4450512,0.012900019866651364,0.459391,0.016728290133782363,0.3385922,0.023950733278127405,0.4781418,0.010421045156796899,0.418,0.013638181696985843,0.331746,0.010823950240092561,0.3935784,0.009560196977050205
hHep,mHSC-E,strict,scconcept,mlp,5,0.48239119999999996,0.020005501487340906,0.492124,0.015248783859705024,0.322651,0.03954184779192798,0.5184572000000001,0.01727490733289184,0.465,0.022360679774997897,0.3690476,0.017746419341377,0.3496926,0.024100885017774767
hHep,mHSC-E,strict,scconcept_encoded,lr,5,0.4924342,0.015804758503691226,0.5012014,0.01260535788623234,0.3548524,0.022959088001050905,0.5202958,0.014529886570789184,0.474,0.021771541057077237,0.3761904,0.01727895141031422,0.4057844,0.009586720870036841
hHep,mHSC-E,strict,scconcept_encoded,mlp,5,0.5513456,0.022302044862299062,0.554137,0.020338429516558065,0.3633434,0.03992305328303436,0.5647512,0.017366803475596788,0.526,0.031843366656181316,0.4174604,0.02527259786092438,0.360448,0.01181153261858935
hHep,mHSC-E,strict,v4_bias_rec_best,lr,5,0.7645356,0.011071532244454677,0.790733,0.010017883588862497,0.6145638,0.0255866042639503,0.6953288,0.014311819484607835,0.735,0.017888543819998333,0.5833334,0.014197354607109039,0.2487632,0.011889370032091682
hHep,mHSC-E,strict,v4_bias_rec_best,mlp,5,0.76071,0.013213819841363076,0.7810678,0.011187122192950235,0.5817692,0.021621286052406784,0.6819,0.01095655473221395,0.732,0.010770329614269018,0.5809524,0.008548039227799549,0.24947339999999998,0.00810797929449748
hHep,mHSC-E,strict,v4_plain_best,lr,5,0.8413384,0.01242410504784952,0.8611108000000001,0.009514502202427617,0.7214992,0.010317077675388503,0.7648048000000001,0.006480551964146246,0.82,0.00707106781186545,0.6507936,0.0056120236849108215,0.1867716,0.008382208625416098
hHep,mHSC-E,strict,v4_plain_best,mlp,5,0.8055446,0.03128673273194248,0.8307592,0.024463853125785407,0.6600778,0.03116635100488987,0.7311282,0.016268479528216497,0.781,0.023323807579381222,0.619841,0.018510957036306893,0.197876,0.010042209697073649
hHep,mHSC-E,strict,v4_type_pe_best,lr,5,0.7834488,0.00641038199797797,0.8094622,0.005126307731691509,0.6547868,0.016885147999351376,0.7183541999999999,0.0063625388140269865,0.761,0.009165151389911688,0.6039682,0.007273944223047043,0.2274408,0.005161590545558611
hHep,mHSC-E,strict,v4_type_pe_best,mlp,5,0.7742848,0.01506198477492259,0.7968194,0.012668385984015495,0.6286498,0.019216913221430723,0.7069604,0.010798639092033787,0.753,0.015033296378372921,0.597619,0.011931381881408394,0.226474,0.005565645694795887
hHep,mHSC-E,topology_matched,baseline,lr,5,0.8340526,0.01364888641025341,0.8680584,0.01244509019011111,0.7304532,0.022802769703700477,0.7508754,0.016600461265880523,0.5125,0.0,1.0,0.0,0.19674519999999998,0.013061860057434397
hHep,mHSC-E,topology_matched,baseline,mlp,5,0.788055,0.028258106928808934,0.8372120000000001,0.018483278085880767,0.6617742,0.034274837297352714,0.7017826,0.00957923219470119,0.5125,0.0,1.0,0.0,0.2143676,0.015126455402373682
hHep,mHSC-E,topology_matched,cl_scratch_v5,lr,5,0.8372868,0.01464140421407727,0.768672,0.020682827350243987,0.6829656,0.026477670007763156,0.7713288,0.018289117894529514,0.297297,0.0,1.0,0.0,0.144188,0.00702470506142429
hHep,mHSC-E,topology_matched,cl_scratch_v5,mlp,5,0.8172866,0.011858907109847855,0.75437,0.010516759824204417,0.6508184,0.019528509083900917,0.748112,0.014190239532862001,0.297297,0.0,1.0,0.0,0.14536000000000002,0.0038127383859897913
hHep,mHSC-E,topology_matched,cl_v6_fair,lr,5,0.8026718,0.009627627275710237,0.8051356,0.007195737810676557,0.7107858,0.011345749748694432,0.769354,0.008354076346311414,0.384146,0.0,1.0,0.0,0.1785098,0.007136699080106989
hHep,mHSC-E,topology_matched,cl_v6_fair,mlp,5,0.7901934,0.013841247495800369,0.7878196,0.010519354440268646,0.6619402,0.013116318254754279,0.7328774,0.009248555770497349,0.384146,0.0,1.0,0.0,0.1904114,0.007893872727628686
hHep,mHSC-E,topology_matched,minus,lr,5,0.843866,0.010551718059159854,0.9016102,0.008034449860444699,0.6470698,0.010898849102542895,0.7347224,0.008246250556465048,0.571429,0.0,1.0,0.0,0.2622242,0.015877916404868745
hHep,mHSC-E,topology_matched,minus,mlp,5,0.8243346,0.013199375660992477,0.8886002000000001,0.0073386504862951235,0.6490012,0.009194822965125521,0.7340278,0.003707081569105248,0.571429,0.0,1.0,0.0,0.2512594,0.00613853746750805
hHep,mHSC-E,topology_matched,scGPT_human,lr,5,0.7805554,0.017602005801612485,0.8608404,0.00971146017033485,0.6441948,0.028428068927734054,0.693901,0.021579562646170548,0.610169,0.0,1.0,0.0,0.284567,0.013716794990084245
hHep,mHSC-E,topology_matched,scGPT_human,mlp,5,0.8155796,0.015980578720434353,0.8843062,0.008437382376069034,0.638741,0.03056556318473457,0.705918,0.02443291421013874,0.610169,0.0,1.0,0.0,0.2696732,0.023197953240749497
hHep,mHSC-E,topology_matched,scconcept,lr,5,0.3985978,0.034430714098897225,0.4787588,0.02127101704573621,0.2343296,0.03917244315382945,0.4281596,0.027350280982834527,0.548611,0.0,1.0,0.0,0.4759598,0.018190372655885866
hHep,mHSC-E,topology_matched,scconcept,mlp,5,0.40864659999999997,0.033131168277620394,0.492,0.017700958708499394,0.1914296,0.04867391516038134,0.44763379999999997,0.023347913546182226,0.548611,0.0,1.0,0.0,0.4470306,0.02504901672002318
hHep,mHSC-E,topology_matched,scconcept_encoded,lr,5,0.5419282,0.02188455036229898,0.5014888,0.02011611180521724,0.4050064,0.023067828416216383,0.5564862,0.013654276361638525,0.424,0.00489897948556636,0.9217392,0.010650013979333543,0.3620254,0.009404003925988112
hHep,mHSC-E,topology_matched,scconcept_encoded,mlp,5,0.5693514,0.03265280298289874,0.5418952,0.029437810804473878,0.3827056,0.056601235532804405,0.5825908,0.025943441455597196,0.427,0.008124038404635967,0.9282608,0.017660970181731243,0.3232882,0.01453724121558145
hHep,mHSC-E,topology_matched,v4_bias_rec_best,lr,5,0.7793212,0.004521282357915727,0.8963664,0.0027927822399893697,0.6069713999999999,0.02806649698555203,0.6568826,0.01644503190145887,0.699187,0.0,1.0,0.0,0.3632504,0.01919087194058676
hHep,mHSC-E,topology_matched,v4_bias_rec_best,mlp,5,0.7572594,0.011672091253927047,0.8853092,0.0050396659571840625,0.5700754,0.03991853873878651,0.6552484,0.020978746631769976,0.699187,0.0,1.0,0.0,0.3616518,0.01953907620538903
hHep,mHSC-E,topology_matched,v4_plain_best,lr,5,0.918782,0.010778759650349393,0.905232,0.012551410183720411,0.776163,0.01703733281942923,0.8195156,0.014466253994728553,0.381579,0.0,1.0,0.0,0.130252,0.014014121977491127
hHep,mHSC-E,topology_matched,v4_plain_best,mlp,5,0.8967718,0.026610490844026145,0.8854612000000001,0.03708330877038886,0.7701096,0.03935293937992432,0.8152237999999999,0.02942793732764838,0.381579,0.0,1.0,0.0,0.119106,0.015208591940084396
hHep,mHSC-E,topology_matched,v4_type_pe_best,lr,5,0.842251,0.009030852185702097,0.9033166,0.005075388363465383,0.7247488,0.02199132335626939,0.750596,0.014178885301743585,0.597403,0.0,1.0,0.0,0.2316422,0.014036916846658316
hHep,mHSC-E,topology_matched,v4_type_pe_best,mlp,5,0.831171,0.016246960564979523,0.8956608,0.008465378299875318,0.7093728,0.014767226136278913,0.743478,0.011006352820076221,0.597403,0.0,1.0,0.0,0.233381,0.006376261318358903
hHep,mHSC-GM,coverage_matched,baseline,lr,5,0.6941688,0.006951759644866902,0.7603186,0.002513275679267999,0.2767656,0.03910989827447779,0.5531576,0.0070620832223926575,0.741,0.01019803902718558,0.5509294,0.007582104736812875,0.4536022,0.02003307150089571
hHep,mHSC-GM,coverage_matched,baseline,mlp,5,0.7263262,0.029633009792459503,0.7841336,0.02518814586745123,0.2555908,0.08714971534181853,0.5569514,0.023740835820164372,0.784,0.02244994432064364,0.5828996,0.016691471242523834,0.38274620000000004,0.036331342729935
hHep,mHSC-GM,coverage_matched,cl_scratch_v5,lr,5,0.7131878,0.006048574390713902,0.730164,0.013877627189112686,0.5395166,0.04697731148373647,0.6220766,0.011866801449421843,0.718,0.018055470085267804,0.5609374,0.014105908004804239,0.3047304,0.016143737517687776
hHep,mHSC-GM,coverage_matched,cl_scratch_v5,mlp,5,0.7055156,0.01887225156254547,0.729824,0.01643588107769097,0.229925,0.0516628098809966,0.552441,0.014154788942262606,0.693,0.013638181696985826,0.5414062000000001,0.010654895445756382,0.3258612,0.01437162150072147
hHep,mHSC-GM,coverage_matched,cl_v6_fair,lr,5,0.695936,0.017175583471894046,0.7729214,0.015715023316559197,0.08866639999999999,0.04046303114992746,0.5157476,0.0106069232032668,0.774,0.011575836902790236,0.5092104,0.007615725824896799,0.5470308,0.025839611710704945
hHep,mHSC-GM,coverage_matched,cl_v6_fair,mlp,5,0.6901976,0.052715581216941906,0.7775696,0.036472229625291626,0.329867,0.09621909836409819,0.5661674,0.016377402389878573,0.77,0.027928480087537906,0.5065788,0.018373824799425943,0.3563474,0.06637719942450118
hHep,mHSC-GM,coverage_matched,minus,lr,5,0.7224838,0.012700904871701084,0.7356532,0.012352127466958865,0.4767128,0.04249007421222044,0.6107214,0.00777677649415233,0.69,0.010488088481701472,0.666667,0.010133591091019993,0.32185400000000003,0.016619224458439684
hHep,mHSC-GM,coverage_matched,minus,mlp,5,0.6615875999999999,0.0758082103986105,0.6866506,0.06748664655648554,0.3428198,0.10819315312421576,0.5702244,0.03557512075931718,0.653,0.05446099521676041,0.6309178,0.05261948645283418,0.317866,0.03718118876528828
hHep,mHSC-GM,coverage_matched,scGPT_human,lr,5,0.725256,0.007170502297607901,0.7110592,0.009618828169792842,0.0667676,0.030288059017375153,0.5137653999999999,0.00842874369286433,0.699,0.0037416573867739447,0.597436,0.003198048029658082,0.4528958,0.013676537477007845
hHep,mHSC-GM,coverage_matched,scGPT_human,mlp,5,0.6925784,0.03008231891061593,0.6818188000000001,0.02898923356972377,0.0426048,0.029048874232231445,0.5059468,0.007242224531178259,0.6729999999999999,0.03854867053479275,0.5752138,0.032947688789352114,0.4555704,0.020974098203260145
hHep,mHSC-GM,coverage_matched,scconcept,lr,5,0.47259579999999995,0.021214571024651893,0.4297804,0.01655619026950343,0.065657,0.02724436582488203,0.49324819999999997,0.011453795482720998,0.432,0.024413111231467412,0.5052632,0.028553574896324284,0.4174104,0.01076121940302307
hHep,mHSC-GM,coverage_matched,scconcept,mlp,5,0.4625562,0.030117171410343282,0.4360862,0.03123444203695657,0.13898080000000002,0.11977378437938747,0.4982988,0.01237044714470743,0.43,0.01843908891458577,0.502924,0.02156635839449953,0.3468806,0.04778585745845732
hHep,mHSC-GM,coverage_matched,scconcept_encoded,lr,5,0.5363354,0.025630052708490468,0.5065381999999999,0.018966110707258874,0.19610560000000002,0.03345586682541644,0.5167948,0.01026067610637818,0.5,0.02302172886644268,0.49751259999999997,0.02290709803183284,0.41169479999999997,0.009436955004661187
hHep,mHSC-GM,coverage_matched,scconcept_encoded,mlp,5,0.574701,0.02902509851835134,0.5430738,0.029768091832698986,0.112683,0.05632122293416577,0.5194284,0.012167607810905172,0.515,0.02469817807045696,0.512438,0.024575294512986,0.3874182,0.014836277139498309
hHep,mHSC-GM,coverage_matched,v4_bias_rec_best,lr,5,0.7465484,0.025623385745057202,0.7020742,0.02971967576808333,0.4888646,0.03422863380037244,0.6212612,0.01282394195869584,0.627,0.023790754506740657,0.7464284,0.028322355217036573,0.312533,0.012734421682981917
hHep,mHSC-GM,coverage_matched,v4_bias_rec_best,mlp,5,0.7827472,0.013745839958329209,0.7533738,0.01205163645983399,0.5477042,0.03710759942329873,0.662473,0.018426196275954515,0.647,0.007483314773547889,0.7702382,0.008908565527625633,0.237118,0.010154285853766385
hHep,mHSC-GM,coverage_matched,v4_plain_best,lr,5,0.592108,0.0366542925126103,0.5054604,0.03233055340448102,0.291721,0.059138164766925266,0.542647,0.02325987508994837,0.507,0.03075711299845941,0.5147208,0.03122560300394533,0.344131,0.017833506946195406
hHep,mHSC-GM,coverage_matched,v4_plain_best,mlp,5,0.592285,0.01713742473068811,0.5094106,0.01990329958172764,0.1612852,0.04792975621636313,0.5244138,0.010835110085273708,0.494,0.019339079605813735,0.5015232000000001,0.019633519678346,0.3046768,0.01993966121477493
hHep,mHSC-GM,coverage_matched,v4_type_pe_best,lr,5,0.7190416000000001,0.008178110896778066,0.7203672,0.010483919064929851,0.5473464,0.04615548326515498,0.6405609999999999,0.02478800974664968,0.6880000000000001,0.009273618495495666,0.6712198,0.009047342204205614,0.285812,0.011803655535468657
hHep,mHSC-GM,coverage_matched,v4_type_pe_best,mlp,5,0.6910218,0.03720634928288448,0.7046662,0.03485101125304688,0.4205778,0.0868562530630927,0.597256,0.03469284806411834,0.651,0.028354893757515674,0.6351222,0.027663471664995325,0.2766566,0.03569131685214206
hHep,mHSC-GM,native,baseline,lr,5,0.6614586,0.014538900255521377,0.62961,0.01690698476961517,0.3623552,0.029739127663063695,0.5632996,0.011820253543811983,0.675,0.018973665961010258,0.2014926,0.005663797404568773,0.4159944,0.01252224297160857
hHep,mHSC-GM,native,baseline,mlp,5,0.7438614,0.012130475581773366,0.7266102,0.014740979511552144,0.365769,0.041346397318267045,0.5862714,0.013955391210568062,0.8009999999999999,0.027820855486487082,0.2391046,0.008304791354392955,0.3503198,0.029531032317885543
hHep,mHSC-GM,native,cl_scratch_v5,lr,5,0.6769584,0.009547145868792389,0.6760236,0.005673177684508049,0.4211994,0.00685626911957225,0.5840584,0.006992830431234576,0.741,0.02267156809750929,0.221194,0.006767595407528438,0.39387300000000003,0.0036233672184861304
hHep,mHSC-GM,native,cl_scratch_v5,mlp,5,0.7363084,0.006405332172495052,0.7353716,0.006591085452336362,0.3727304,0.01948861980336216,0.592167,0.007575384689901865,0.815,0.018165902124584923,0.24328360000000002,0.005422741985379723,0.361534,0.01232236355574692
hHep,mHSC-GM,native,cl_v6_fair,lr,5,0.7176992,0.009613884363773044,0.7072798,0.007973145637701592,0.4824684,0.015236147001128603,0.6134997999999999,0.007201555954097709,0.783,0.00509901951359279,0.2337312,0.0015221357889492048,0.360022,0.007167922237301408
hHep,mHSC-GM,native,cl_v6_fair,mlp,5,0.7560928,0.010890682502028973,0.7471238,0.010279704264228619,0.4027534,0.040161116620930734,0.603904,0.014580939434755236,0.825,0.015165750888103093,0.2462688,0.004526910708198246,0.34002299999999996,0.03286135482903894
hHep,mHSC-GM,native,minus,lr,5,0.6667142,0.01616805077181538,0.6763656,0.016323571258765646,0.480099,0.02258416258354515,0.593984,0.010992935040288388,0.756,0.024779023386727755,0.2256716,0.007396837124068639,0.3742408,0.01081297456577052
hHep,mHSC-GM,native,minus,mlp,5,0.7328028,0.014301053742993902,0.7312848000000001,0.01124988964212539,0.4640218,0.036020924965358685,0.6145970000000001,0.00984603822864812,0.814,0.022671568097509243,0.2429848,0.006767674797151522,0.31461,0.023338725080860788
hHep,mHSC-GM,native,scGPT_human,lr,5,0.6964798,0.007496148515070916,0.7103566,0.007032749266112074,0.38483660000000003,0.00940541300741227,0.5918424,0.004840965424375579,0.798,0.019390719429665304,0.238209,0.005788490753210196,0.384825,0.004431953203724069
hHep,mHSC-GM,native,scGPT_human,mlp,5,0.7486996,0.00886607278562497,0.760662,0.00805823094729856,0.3337136,0.024580446868191802,0.5878987999999999,0.005984087412463158,0.845,0.02280350850198278,0.252239,0.006806847287841852,0.3546278,0.017327911765703325
hHep,mHSC-GM,native,scconcept,lr,5,0.5238334,0.007451258648040621,0.5247016,0.0054153158947562695,0.4301262,0.0075282717644888555,0.5129284000000001,0.003927019561957876,0.511,0.023323807579381222,0.1525376,0.006962302337589197,0.4370924,0.0041331390782309765
hHep,mHSC-GM,native,scconcept,mlp,5,0.535549,0.010507845621248908,0.5411384,0.00820697516993929,0.3723052,0.024721569079651888,0.5176227999999999,0.009687697712046969,0.539,0.0200997512422418,0.1608956,0.0059998553515897375,0.3828902,0.011575503434408382
hHep,mHSC-GM,native,scconcept_encoded,lr,5,0.544705,0.009869276042344733,0.5373644,0.010428274269504038,0.410897,0.013338301061229638,0.5161901999999999,0.007661942636172607,0.511,0.022226110770892888,0.1525372,0.006634575054967731,0.44042,0.006766368863725939
hHep,mHSC-GM,native,scconcept_encoded,mlp,5,0.5908198,0.010341746475329993,0.6014578,0.009259036178782331,0.4253816,0.02616432105444359,0.5535272,0.010900850139323986,0.648,0.019899748742132416,0.1934328,0.005940205666473176,0.3807784,0.009272203073703682
hHep,mHSC-GM,native,v4_bias_rec_best,lr,5,0.6732688,0.017908502320406382,0.6649316,0.01390279283597362,0.49562999999999996,0.022483889734652217,0.6035032,0.010476399293650449,0.73,0.017029386365926415,0.2179104,0.00508362416392086,0.36838540000000003,0.011781843601066865
hHep,mHSC-GM,native,v4_bias_rec_best,mlp,5,0.760648,0.010902685100469527,0.7543894,0.011729355695859834,0.4732474,0.012093774788708447,0.6221812,0.004510023476657306,0.831,0.02177154105707722,0.2480598,0.006498951989359518,0.32177680000000003,0.018699732472952653
hHep,mHSC-GM,native,v4_plain_best,lr,5,0.652856,0.02393463848066228,0.6465394,0.02365162606333867,0.3775294,0.047198457875655214,0.5740026,0.02016098859282453,0.722,0.04130375285612675,0.2155226,0.01232943170790933,0.401694,0.021735324087760913
hHep,mHSC-GM,native,v4_plain_best,mlp,5,0.7579106,0.008815142372077742,0.7449274,0.005146656918816313,0.4187456,0.027880147442938662,0.6066416,0.008328661875715722,0.828,0.009273618495495711,0.2471642,0.002768326093508494,0.3339592,0.020374833568890804
hHep,mHSC-GM,native,v4_type_pe_best,lr,5,0.7102852000000001,0.005024466475159328,0.6889066,0.004379156567194219,0.521682,0.02186781137654157,0.6149746,0.011219357639365976,0.739,0.019339079605813735,0.220597,0.005772818687608332,0.354595,0.007617070014119606
hHep,mHSC-GM,native,v4_type_pe_best,mlp,5,0.7718024,0.010031796341632954,0.761136,0.00876008260235029,0.5034018,0.039267707951445296,0.6337094,0.013470285900455136,0.829,0.011135528725660017,0.2474626,0.0033239194093720227,0.2972076,0.022085147376460938
hHep,mHSC-GM,strict,baseline,lr,5,0.7092189999999999,0.021676010841480946,0.4642128,0.016838538302358666,0.2617452,0.044784309097718585,0.5730234,0.015424254595927799,0.26,0.013038404810405309,0.8000001999999999,0.040118021154588374,0.161897,0.004448761085965396
hHep,mHSC-GM,strict,baseline,mlp,5,0.6691114,0.039629113704951834,0.39467040000000003,0.04034006940301416,0.2331322,0.07992292548549508,0.5637804,0.0242196246428387,0.251,0.006633249580710806,0.7723078,0.020409785333511007,0.1616084,0.00662904284493621
hHep,mHSC-GM,strict,cl_scratch_v5,lr,5,0.6963388,0.02267538352839925,0.4497054,0.020734303804082737,0.2883484,0.01214342516096674,0.579505,0.00497279567245628,0.26,0.007071067811865481,0.8,0.021757109973523602,0.1608226,0.0026745597469490135
hHep,mHSC-GM,strict,cl_scratch_v5,mlp,5,0.6860702,0.01587096587356926,0.3937766,0.012077134521069156,0.1866572,0.043883230726098545,0.5449078,0.014205745434858363,0.253,0.006000000000000005,0.7784616,0.0184615333339352,0.1615558,0.004347585463219787
hHep,mHSC-GM,strict,cl_v6_fair,lr,5,0.6981516,0.021615686180179443,0.425552,0.035089010216875605,0.2219756,0.030779517245077128,0.5572272,0.01151963229274269,0.268,0.007483314773547889,0.8246154,0.023025731941460622,0.1702206,0.004464021352995523
hHep,mHSC-GM,strict,cl_v6_fair,mlp,5,0.7046632,0.01773968420688484,0.3889126,0.015476703403502953,0.1931016,0.05222382305653235,0.547597,0.014719572167695621,0.273,0.006782329983125255,0.84,0.020868639591501884,0.1639178,0.006098870301949373
hHep,mHSC-GM,strict,minus,lr,5,0.6491832,0.018408130045172968,0.3769188,0.015973838817266193,0.126119,0.025094552612071015,0.5295708,0.006495782613357698,0.242,0.00244948974278318,0.7446155999999999,0.007536590040595314,0.1843736,0.00272828903160937
hHep,mHSC-GM,strict,minus,mlp,5,0.6505784,0.02721519265851337,0.3702726,0.019568971455853266,0.1465054,0.02329456891723906,0.5357246,0.006146441363911333,0.241,0.008602325267042627,0.7415383999999999,0.02646861086343595,0.175807,0.004646016401176395
hHep,mHSC-GM,strict,scGPT_human,lr,5,0.55164,0.017133323974057122,0.2919746,0.020298853490776276,0.14236880000000002,0.033331924519295314,0.5322362,0.008952547735700755,0.207,0.005099019513592782,0.636923,0.015689094696635618,0.1844324,0.003199890348121326
hHep,mHSC-GM,strict,scGPT_human,mlp,5,0.5735122,0.023088342888999216,0.3130938,0.02521434760924819,0.1477888,0.05696901861678854,0.5333749999999999,0.016626581524775322,0.218,0.01077032961426901,0.6707692,0.033139598581757135,0.1823482,0.01055479090081845
hHep,mHSC-GM,strict,scconcept,lr,5,0.4898988,0.020250449905125555,0.2298996,0.008703719034987288,0.1871902,0.020802276542724835,0.47282060000000004,0.016903002190143634,0.2,0.012649110640673516,0.6153844,0.03892052287213009,0.2743554,0.011844702032554479
hHep,mHSC-GM,strict,scconcept,mlp,5,0.5257602,0.02158795210667281,0.2839316,0.013260244335607092,0.221274,0.009771751265766028,0.5232557999999999,0.013456293418322907,0.202,0.015362291495737217,0.6215384,0.04726861225210657,0.213111,0.020079137202579197
hHep,mHSC-GM,strict,scconcept_encoded,lr,5,0.6976862,0.022954321365703658,0.3219688,0.019989630305736014,0.3577438,0.02046373353423075,0.5953966,0.014645531094501145,0.284,0.013564659966250526,0.8738462,0.04173751508846686,0.2287424,0.011804441852116515
hHep,mHSC-GM,strict,scconcept_encoded,mlp,5,0.7064042,0.01760885420917557,0.3712546,0.02488350848734961,0.3024912,0.029502071746912956,0.5702684,0.015563702677704969,0.286,0.005830951894845283,0.8799998,0.01794153028478898,0.1951796,0.01320571721036007
hHep,mHSC-GM,strict,v4_bias_rec_best,lr,5,0.668563,0.025012039796865834,0.3969044,0.03194740295923912,0.1760694,0.048475316995765995,0.543393,0.014216525553031571,0.254,0.01067707825203132,0.7815386,0.03285258304973905,0.17685499999999998,0.004082351283268013
hHep,mHSC-GM,strict,v4_bias_rec_best,mlp,5,0.7239834,0.01791259787523851,0.451695,0.020818637054331873,0.1180524,0.038936069419498426,0.5292068,0.012133382222612107,0.266,0.009695359714832668,0.8184616,0.029831631679142198,0.1691558,0.005305875965380266
hHep,mHSC-GM,strict,v4_plain_best,lr,5,0.6786762,0.013554676660105174,0.349189,0.02765313571369439,0.1719446,0.030668501558439396,0.5360168000000001,0.01228654502128242,0.267,0.01029563014098701,0.8215382,0.03167893519296382,0.18316,0.00465601954463252
hHep,mHSC-GM,strict,v4_plain_best,mlp,5,0.6564224,0.04919856977026873,0.35427379999999997,0.052980130722375535,0.1304078,0.026224605410949467,0.529559,0.009325197177539995,0.252,0.020880613017821095,0.7753844,0.06424802752956699,0.1688046,0.008875078492047267
hHep,mHSC-GM,strict,v4_type_pe_best,lr,5,0.6843768,0.020836735487115073,0.3833538,0.021582811145909594,0.273503,0.03309643687770634,0.5713654,0.012042982962704887,0.263,0.009273618495495711,0.8092308,0.0285342339823588,0.17190640000000001,0.0041355421700183395
hHep,mHSC-GM,strict,v4_type_pe_best,mlp,5,0.6876926,0.042754954981148084,0.4095344,0.02999299410595747,0.2239034,0.05575076340141002,0.5575910000000001,0.01764446197536211,0.261,0.015297058540778367,0.8030768,0.04706775476438197,0.1615082,0.00595548582065309
hHep,mHSC-GM,topology_matched,baseline,lr,5,0.7029306,0.03477251968782244,0.5351628,0.030448393556310998,0.186024,0.0631856528746835,0.5505802,0.01789203355015857,0.283465,0.0,1.0,0.0,0.2369762,0.007347480803649638
hHep,mHSC-GM,topology_matched,baseline,mlp,5,0.625702,0.05915465078588496,0.43189299999999997,0.07348529974083251,0.11767739999999999,0.09501825785731918,0.5311356,0.02639968626025695,0.283465,0.0,1.0,0.0,0.2367402,0.012309569016013523
hHep,mHSC-GM,topology_matched,cl_scratch_v5,lr,5,0.7096408,0.018695020186135104,0.5242888,0.02026749272505111,0.3297894,0.037931618629317675,0.5893024,0.013774734213043838,0.281046,0.0,1.0,0.0,0.2185988,0.005384016545294045
hHep,mHSC-GM,topology_matched,cl_scratch_v5,mlp,5,0.7053278,0.017148645490533635,0.4765204,0.023664982050278435,0.1902936,0.056468218057948306,0.5399578,0.01921846963106066,0.281046,0.0,1.0,0.0,0.2181612,0.008889364058243981
hHep,mHSC-GM,topology_matched,cl_v6_fair,lr,5,0.5992502,0.01730113098499631,0.383623,0.03186507082684739,0.2456226,0.03520663036190768,0.5659997999999999,0.015378417778172112,0.193548,0.0,1.0,0.0,0.1655594,0.006345306473291896
hHep,mHSC-GM,topology_matched,cl_v6_fair,mlp,5,0.6093336,0.02915316487518979,0.3200448,0.02978172585596744,0.204765,0.0869720549211067,0.5526668,0.026428285774147364,0.193548,0.0,1.0,0.0,0.1704078,0.0044599047702837775
hHep,mHSC-GM,topology_matched,minus,lr,5,0.7245817999999999,0.03699351734777326,0.51232,0.043172446430564955,0.28483840000000005,0.03878624932421283,0.582149,0.013748950810880085,0.181102,0.0,1.0,0.0,0.1491554,0.003927270380302324
hHep,mHSC-GM,topology_matched,minus,mlp,5,0.7270066000000001,0.011350880293616009,0.4655686,0.01319708667244404,0.3053676,0.02934444112672791,0.5889213999999999,0.011362219793684679,0.181102,0.0,1.0,0.0,0.1455242,0.005485599854163627
hHep,mHSC-GM,topology_matched,scGPT_human,lr,5,0.5329204,0.012621503691715955,0.324625,0.01481780129438913,0.08559,0.03788459633676991,0.5128788,0.006922362989615635,0.272727,0.0,1.0,0.0,0.2563438,0.003609928941128902
hHep,mHSC-GM,topology_matched,scGPT_human,mlp,5,0.5740358,0.0424954296855556,0.3719638,0.03426226771479086,0.1042714,0.06015526815367046,0.5178032,0.015460881648858194,0.272727,0.0,1.0,0.0,0.24604199999999998,0.02139042484851574
hHep,mHSC-GM,topology_matched,scconcept,lr,5,0.5169934,0.01893031019925451,0.27362600000000004,0.026775479484035383,0.20868040000000002,0.024260693910933384,0.4852942,0.012838548678102217,0.244444,0.0,1.0,0.0,0.2743934,0.010439861964604715
hHep,mHSC-GM,topology_matched,scconcept,mlp,5,0.5853240000000001,0.03331045147097229,0.3491188,0.03536964554755956,0.2541698,0.058941259577311375,0.5393938,0.017660966625867344,0.244444,0.0,1.0,0.0,0.219808,0.017764026987144542
hHep,mHSC-GM,topology_matched,scconcept_encoded,lr,5,0.7239576,0.024380083671718598,0.3263458,0.022641465671638827,0.355743,0.01687870034096227,0.600754,0.01194884760970698,0.190083,0.0,1.0,0.0,0.2136894,0.012361664573996503
hHep,mHSC-GM,topology_matched,scconcept_encoded,mlp,5,0.6771074,0.0302983275683659,0.3046116,0.03845565965940513,0.18906420000000002,0.03519032110339433,0.5259537999999999,0.017380776488983455,0.190083,0.0,1.0,0.0,0.1907746,0.01427435495705498
hHep,mHSC-GM,topology_matched,v4_bias_rec_best,lr,5,0.7889174,0.04287293412212417,0.5948596,0.06509743683924894,0.2477734,0.073958462887218,0.5677833999999999,0.026549302586697084,0.248062,0.0,1.0,0.0,0.1927768,0.008820571215063114
hHep,mHSC-GM,topology_matched,v4_bias_rec_best,mlp,5,0.8469072,0.018932130322813642,0.6611074,0.039245816488385085,0.18869460000000002,0.05252965681441294,0.551063,0.016913279279903118,0.248062,0.0,1.0,0.0,0.18383460000000001,0.011932919418147434
hHep,mHSC-GM,topology_matched,v4_plain_best,lr,5,0.641899,0.02687364460582153,0.2564416,0.02266667797980109,0.014285800000000001,0.028571600000000003,0.49153759999999996,0.004397821715349539,0.157025,0.0,1.0,0.0,0.15811,0.00863525974131641
hHep,mHSC-GM,topology_matched,v4_plain_best,mlp,5,0.6634674,0.02612848882426993,0.3053748,0.06723198805152202,0.0390476,0.04784705072457445,0.5075852,0.013501660377894286,0.157025,0.0,1.0,0.0,0.1374084,0.011429596521312554
hHep,mHSC-GM,topology_matched,v4_type_pe_best,lr,5,0.556732,0.04839657804845297,0.2240036,0.04091913768201867,0.0835294,0.076098637684521,0.5149018,0.02377654613605602,0.128205,0.0,1.0,0.0,0.126526,0.0074857905928498916
hHep,mHSC-GM,topology_matched,v4_type_pe_best,mlp,5,0.5030066,0.07692062030847123,0.2010584,0.03915958589464398,0.090196,0.08353741213851432,0.5217646,0.02380080404188059,0.128205,0.0,1.0,0.0,0.1198704,0.0036884409497781054
hHep,mHSC-L,coverage_matched,baseline,lr,5,0.5941632,0.013093311626933812,0.5219654,0.013210216752196002,0.3635982,0.046350084234659174,0.535033,0.01695393452859839,0.525,0.016733200530681527,0.5865924,0.018696184237431964,0.3436746,0.016286325879092563
hHep,mHSC-L,coverage_matched,baseline,mlp,5,0.600256,0.03374413725078773,0.5636268,0.035659437945093846,0.3281644,0.06669259409739585,0.5462502,0.022787354242210716,0.532,0.02039607805437116,0.5944136,0.022788979271568956,0.2844974,0.021358526509101687
hHep,mHSC-L,coverage_matched,cl_scratch_v5,lr,5,0.6122802,0.007603524587978922,0.6254022,0.004805735839598329,0.3741318,0.045316292899574215,0.5483642,0.015121796604901162,0.649,0.009695359714832668,0.5031008,0.007515842850938258,0.379989,0.014131725881858872
hHep,mHSC-L,coverage_matched,cl_scratch_v5,mlp,5,0.5731756,0.025819906604013888,0.5789978,0.0158136767944713,0.3037692,0.037113289336301085,0.5220964,0.010617229970194689,0.595,0.021213203435596403,0.4612402,0.016444098180198277,0.3477994,0.013274404025793406
hHep,mHSC-L,coverage_matched,cl_v6_fair,lr,5,0.6305356,0.012009238870136609,0.5694308,0.012704232592329208,0.6067284,0.01303529544889567,0.6006554,0.011959242561299589,0.586,0.011135528725660053,0.6072542000000001,0.011539263484295693,0.3140226,0.006691922402419207
hHep,mHSC-L,coverage_matched,cl_v6_fair,mlp,5,0.5889522,0.023498894232708064,0.5354746,0.025646779147487517,0.489326,0.045479720324557854,0.550937,0.0225637282114459,0.537,0.02204540768504859,0.556477,0.02284507536428804,0.2802296,0.015708567682637394
hHep,mHSC-L,coverage_matched,minus,lr,5,0.6429008,0.035629919132100216,0.6740344,0.026865060555301176,0.5903414,0.034733926686166636,0.6080124,0.026631854577554327,0.645,0.02469817807045696,0.5890412,0.022555671857872037,0.3015808,0.019078513478780253
hHep,mHSC-L,coverage_matched,minus,mlp,5,0.5860588,0.05225801586512827,0.633914,0.04404588868441638,0.227122,0.09722877978047448,0.5422588,0.02003460990785696,0.589,0.03088689042296099,0.5378994,0.028207384689828998,0.3429138,0.022530586955514492
hHep,mHSC-L,coverage_matched,scGPT_human,lr,5,0.5775498,0.009978935983360152,0.6358206,0.00326479797843604,0.2822448,0.09011951126010394,0.5230818,0.0165784992252013,0.652,0.00509901951359279,0.4100628,0.0032069694978281308,0.4274168,0.02956469170750813
hHep,mHSC-L,coverage_matched,scGPT_human,mlp,5,0.592483,0.009722751565272055,0.6488128,0.011572155467327589,0.1226178,0.042831543733094654,0.509494,0.006259056638184387,0.657,0.016613247725836163,0.4132076,0.010448577120354715,0.4370922,0.04720865789407701
hHep,mHSC-L,coverage_matched,scconcept,lr,5,0.403149,0.020554000535175622,0.3605814,0.012088459101142713,0.0791604,0.013126026871829876,0.4656922,0.011021409354524489,0.364,0.016248076809271914,0.4044446,0.018053558182253158,0.4133332,0.00508182838749993
hHep,mHSC-L,coverage_matched,scconcept,mlp,5,0.4463206,0.020482150986651765,0.3793676,0.014402109131651512,0.1259832,0.14427178870368246,0.4715118,0.01657774873015031,0.383,0.014000000000000012,0.42555540000000003,0.01555534285832363,0.3331088,0.029402033020864377
hHep,mHSC-L,coverage_matched,scconcept_encoded,lr,5,0.5489362,0.0077055877232045196,0.5671418,0.007055988786839184,0.6183096,0.0037088317621590938,0.540883,0.006749864294932141,0.602,0.01029563014098701,0.4630768,0.00791980664915502,0.361415,0.0054995739471344444
hHep,mHSC-L,coverage_matched,scconcept_encoded,mlp,5,0.5404712,0.010317617445902911,0.5842202,0.013815601606879106,0.563155,0.012326429539814037,0.5373512,0.007909576332522497,0.58,0.003162277660168382,0.446154,0.0024324239762015276,0.3255226,0.009493028149120822
hHep,mHSC-L,coverage_matched,v4_bias_rec_best,lr,5,0.6637454,0.023460248537472892,0.541232,0.022079671510237663,0.5376832,0.019926297602916625,0.6232804,0.00743267751486636,0.463,0.018601075237738265,0.7781514,0.03126216052418643,0.2702762,0.015669063742291687
hHep,mHSC-L,coverage_matched,v4_bias_rec_best,mlp,5,0.6606244,0.026540964719467156,0.5409718,0.026082852554120708,0.3460894,0.11367187900021711,0.5728913999999999,0.032674109332007845,0.465,0.012247448713915879,0.7815128,0.020583797156015715,0.2390232,0.014839574433251101
hHep,mHSC-L,coverage_matched,v4_plain_best,lr,5,0.6520618,0.02120201100273276,0.6929666,0.020477495604687618,0.41253460000000003,0.1015586123686219,0.569891,0.022284675748145865,0.6940000000000001,0.019849433241279173,0.4392406,0.012562857439293017,0.3677264,0.03653562964340426
hHep,mHSC-L,coverage_matched,v4_plain_best,mlp,5,0.6483168,0.04296386885465509,0.7039006,0.03813332405442777,0.2847206,0.07720421075718605,0.549557,0.020165241035008753,0.704,0.03555277766926235,0.4455698,0.02250166801283852,0.31750680000000003,0.026125531699087
hHep,mHSC-L,coverage_matched,v4_type_pe_best,lr,5,0.6980338,0.015945736149830157,0.6612834,0.010281475197655236,0.5569222,0.03889279185350419,0.6314721999999999,0.017293759931258434,0.595,0.017888543819998333,0.668539,0.02009956783615012,0.2803372,0.00880538767800714
hHep,mHSC-L,coverage_matched,v4_type_pe_best,mlp,5,0.6785524000000001,0.028845020080422917,0.639372,0.03191349926285114,0.306186,0.11631876607839339,0.5609464,0.029995145911297053,0.589,0.023537204591879662,0.6617974,0.02644640307943598,0.2747228,0.019659113534439946
hHep,mHSC-L,native,baseline,lr,5,0.595349,0.008980973332551422,0.5686464,0.012173513553613033,0.2561346,0.029965685379113236,0.5211278,0.01088799265980649,0.579,0.03277193921634787,0.173874,0.009841315704721602,0.4584426,0.00989433283450683
hHep,mHSC-L,native,baseline,mlp,5,0.6449458,0.0075325255631826255,0.6128964,0.010074414099092798,0.2095922,0.027330690078371606,0.5243673999999999,0.004153720722436706,0.63,0.02720294101747091,0.1891894,0.008169190231595787,0.41545380000000004,0.02198020570786361
hHep,mHSC-L,native,cl_scratch_v5,lr,5,0.6422078,0.010524166045820446,0.6421726,0.007115261305110297,0.3688904,0.007858081053285207,0.5662198,0.005043670108165258,0.706,0.016852299546352704,0.2120122,0.005060840499363715,0.4082688,0.004466268482749339
hHep,mHSC-L,native,cl_scratch_v5,mlp,5,0.6638994,0.01158245032106762,0.6551122,0.010622919323801721,0.26046,0.033952191234145696,0.5530876,0.011251509580496316,0.737,0.018055470085267804,0.2213214,0.005422024441110537,0.3998044,0.007216713091151682
hHep,mHSC-L,native,cl_v6_fair,lr,5,0.6347706,0.01137446173847361,0.6452448000000001,0.009746083467732059,0.3961482,0.02118783682587725,0.5750824,0.005233505540266498,0.718,0.016911534525287777,0.2156156,0.005078734866086236,0.3984974,0.005643116536099539
hHep,mHSC-L,native,cl_v6_fair,mlp,5,0.6590547999999999,0.014582289715953394,0.6463176,0.008023882915397037,0.274722,0.03444158506224706,0.5506518,0.008933077664500627,0.711,0.01984943324127919,0.2135136,0.005960845262209043,0.387665,0.02400586967389434
hHep,mHSC-L,native,minus,lr,5,0.6229466,0.005136999809227154,0.618251,0.007121603611547035,0.3966728,0.04152225184355974,0.5617786,0.013222048473667022,0.663,0.031717503054307414,0.1990992,0.009524974255083316,0.4079602,0.013822660154977401
hHep,mHSC-L,native,minus,mlp,5,0.6660514,0.016513385353706243,0.6526294,0.011178463375616513,0.310745,0.03388925157627416,0.5545788,0.006065474207347694,0.699,0.01392838827718408,0.20991,0.0041827524430690394,0.3683764,0.024306468641906834
hHep,mHSC-L,native,scGPT_human,lr,5,0.6560104,0.005689699450761857,0.6545756,0.0076242654098608005,0.2546162,0.0246502755392308,0.54816,0.006758054720109954,0.718,0.019390719429665335,0.2156154,0.005823033044728493,0.4280464,0.00429031381602791
hHep,mHSC-L,native,scGPT_human,mlp,5,0.6663352,0.009883921051890307,0.653572,0.012364019896457643,0.1499076,0.041277637396537115,0.5261236,0.008287107398845507,0.721,0.013928388277184131,0.2165166,0.004182637569763842,0.41416000000000003,0.015856394016295135
hHep,mHSC-L,native,scconcept,lr,5,0.5174396,0.005703032056722102,0.51852,0.006132882943608154,0.366702,0.022748604080250732,0.502387,0.008926506169829271,0.498,0.027313000567495332,0.1495496,0.008201962267652782,0.4501192,0.008374865023389933
hHep,mHSC-L,native,scconcept,mlp,5,0.5176752,0.008703429471191206,0.522646,0.008990306757836443,0.3063682,0.016271444243213317,0.5044964,0.004955255981278869,0.521,0.01593737745050924,0.1564566,0.004786007003755845,0.4054826,0.016937873864213294
hHep,mHSC-L,native,scconcept_encoded,lr,5,0.5287586000000001,0.006485655081793976,0.5279618,0.0056440502265660475,0.3304614,0.014178814317142307,0.5088820000000001,0.005074613167523228,0.519,0.0200997512422418,0.1558558,0.006035935400582084,0.4527484,0.0046999809616635625
hHep,mHSC-L,native,scconcept_encoded,mlp,5,0.5562172,0.00823040670684018,0.554713,0.008362968659513227,0.3128606,0.015194711127231081,0.5235646,0.008982553191604275,0.577,0.025806975801127865,0.1732734,0.007749695338527837,0.4080976,0.0042005070931971965
hHep,mHSC-L,native,v4_bias_rec_best,lr,5,0.6259242,0.006082347356078912,0.6233354,0.007721679470167081,0.3935928,0.015071635245055535,0.5634616,0.006131903965327586,0.684,0.016552945357246822,0.20540540000000002,0.0049708011668140595,0.40690699999999996,0.008216209807447717
hHep,mHSC-L,native,v4_bias_rec_best,mlp,5,0.6691618,0.014091263157006201,0.6748076,0.012808484166364095,0.2978762,0.018589910934697886,0.5650472,0.003877411992553791,0.749,0.01685229954635273,0.2249248,0.0050607218220329,0.3883786,0.01631806669431155
hHep,mHSC-L,native,v4_plain_best,lr,5,0.6189842,0.02622123490150684,0.6297476,0.025892377408032657,0.288085,0.03398472775821516,0.5532608,0.013303281631236686,0.703,0.042731721238442995,0.2111112,0.012832232921826189,0.428362,0.015510258321510956
hHep,mHSC-L,native,v4_plain_best,mlp,5,0.6798728,0.009597003519849283,0.6690588000000001,0.006941842763992856,0.2770276,0.03297074177873467,0.5550142,0.008610631995388024,0.733,0.02088061301782112,0.22012,0.006270409779272798,0.3887732,0.018370407000390592
hHep,mHSC-L,native,v4_type_pe_best,lr,5,0.6304796,0.012957167956000234,0.6148308,0.010661279780589216,0.4034174,0.0321057466295366,0.5647878,0.008279009684738863,0.67,0.020976176963402995,0.20120100000000002,0.006299145942109929,0.4093878,0.008154408118312459
hHep,mHSC-L,native,v4_type_pe_best,mlp,5,0.6795058,0.012463026556980448,0.660055,0.008526705084615036,0.342161,0.0348714333688766,0.5648453999999999,0.007298302586218251,0.712,0.00509901951359279,0.2138138,0.001531157131061333,0.3666662,0.01887476328222424
hHep,mHSC-L,strict,baseline,lr,5,0.6381188,0.011922911144514985,0.4794806,0.0165035467291125,0.1600798,0.02887673639731471,0.5350058,0.006195862987510292,0.401,0.014628738838327781,0.679661,0.02479448187803084,0.2787764,0.003814927134297585
hHep,mHSC-L,strict,baseline,mlp,5,0.5841786,0.02960919060427017,0.3974928,0.03053705168086795,0.0436492,0.0385875456716283,0.5038964,0.008932235590265182,0.37,0.017888543819998333,0.6271184,0.030319740134770283,0.2787126,0.01014154168950659
hHep,mHSC-L,strict,cl_scratch_v5,lr,5,0.6377406,0.016052521990017624,0.4642672,0.025487107818660003,0.1429662,0.024293802776840023,0.524394,0.005763946738130047,0.404,0.007999999999999985,0.684746,0.013559125001267588,0.2757484,0.0023947222469422325
hHep,mHSC-L,strict,cl_scratch_v5,mlp,5,0.6063004,0.01618815766664014,0.406728,0.028729392447457015,0.0709972,0.03163695039285551,0.5083362,0.007280045285573449,0.384,0.011575836902790236,0.6508474,0.01962004146376862,0.2722052,0.011676085052790601
hHep,mHSC-L,strict,cl_v6_fair,lr,5,0.6238975999999999,0.0203124284673202,0.436334,0.02158782919146805,0.0734726,0.03048723323360124,0.5083868,0.006627330907688271,0.391,0.01593737745050923,0.6627118,0.02701254967158783,0.2917782,0.002218803407244552
hHep,mHSC-L,strict,cl_v6_fair,mlp,5,0.6120604,0.020634655592958163,0.4017622,0.02122227090958929,0.0726348,0.026333430732815653,0.5051994,0.005046106285047896,0.394,0.014282856857085696,0.6677966,0.024208434171585736,0.2787494,0.008776466022266605
hHep,mHSC-L,strict,minus,lr,5,0.6384088,0.010644241117148744,0.4465108,0.023451261666699297,0.029023,0.02084324636902803,0.5036430000000001,0.0029232300627901413,0.394,0.008000000000000007,0.6677966,0.013559575002189416,0.3068376,0.0031559973130533673
hHep,mHSC-L,strict,minus,mlp,5,0.6254844,0.04274114127910014,0.4150442,0.03553152420822953,0.0164788,0.017813953243454972,0.5034404,0.0032527084468178115,0.396,0.023958297101421874,0.6711862,0.04060738523667833,0.2940132,0.009184724326837467
hHep,mHSC-L,strict,scGPT_human,lr,5,0.5995276,0.017280329945924044,0.402152,0.023662343865306336,0.0163166,0.010370763917860631,0.4982612,0.00461159401508851,0.383,0.00979795897113272,0.6491526,0.016606540248950103,0.2990086,0.0036539266330893943
hHep,mHSC-L,strict,scGPT_human,mlp,5,0.6003984,0.024666481675342376,0.38953540000000003,0.029546387790049727,0.0276194,0.03272783424915251,0.4984638,0.00800401902546465,0.387,0.01363818169698585,0.6559322,0.02311558879544278,0.2960688,0.020280518981525105
hHep,mHSC-L,strict,scconcept,lr,5,0.4449862,0.009374793723597345,0.280966,0.004416383135553357,0.1614246,0.01951663462382795,0.45877840000000003,0.01213137005618079,0.289,0.013928388277184109,0.4898304,0.023607426319698633,0.3351322,0.006781542196285448
hHep,mHSC-L,strict,scconcept,mlp,5,0.4584376,0.02753509951026145,0.3076334,0.020104063127636657,0.1256016,0.06741992248764456,0.4854514,0.02218291380860504,0.296,0.025961509971494344,0.5016948,0.04400237895568828,0.28880680000000003,0.023303873072088248
hHep,mHSC-L,strict,scconcept_encoded,lr,5,0.5191842,0.02359623955972647,0.3252226,0.01479431228006222,0.2667802,0.026543634516772562,0.5074314,0.014265442756535816,0.33,0.02144761058952721,0.559322,0.03635192819095019,0.3448802,0.011704988533099885
hHep,mHSC-L,strict,scconcept_encoded,mlp,5,0.5689376,0.010419247354775658,0.3472494,0.01125225635328311,0.1984296,0.037202657123383,0.500321,0.017519069849738042,0.365,0.0054772255750516665,0.6186442,0.00928353220277713,0.313908,0.01286887256911032
hHep,mHSC-L,strict,v4_bias_rec_best,lr,5,0.6245662,0.02806602223614881,0.4725168,0.036911951004518856,0.0797908,0.025883621797576938,0.5179992,0.006379055334451955,0.385,0.018973665961010272,0.6525424,0.03215851914252274,0.2914352,0.004297001717476968
hHep,mHSC-L,strict,v4_bias_rec_best,mlp,5,0.688966,0.016340337756607128,0.5531956,0.016698649844822763,0.0299734,0.0122798640643942,0.5076272000000001,0.003171108096549181,0.412,0.009797958971132694,0.6983048000000001,0.01660656066017288,0.2851694,0.006103618782329043
hHep,mHSC-L,strict,v4_plain_best,lr,5,0.6228644,0.012354941709291866,0.438433,0.0183377172734231,0.1031416,0.03465383465419086,0.5176582,0.007761625767840139,0.394,0.008602325267042634,0.6677968,0.014580220593667296,0.2883724,0.004059662330785646
hHep,mHSC-L,strict,v4_plain_best,mlp,5,0.6171854,0.032107771187673585,0.42224079999999997,0.04130678160011986,0.0327656,0.01749886280419388,0.5056858,0.0043729218790186574,0.384,0.01529705854077835,0.6508474,0.02592716756300232,0.2713664,0.014448221642818199
hHep,mHSC-L,strict,v4_type_pe_best,lr,5,0.6348844,0.015897512907370112,0.4657844,0.017100249326837316,0.1465864,0.018722790033539334,0.526835,0.000902628384220231,0.392,0.012083045973594584,0.6644068,0.020479802903348457,0.277859,0.002136859564875525
hHep,mHSC-L,strict,v4_type_pe_best,mlp,5,0.6581876,0.022993380435247016,0.4754,0.030794683378791227,0.0751656,0.05594463927705675,0.5163548,0.015091639439106675,0.421,0.015297058540778357,0.7135594,0.02592718063808712,0.2685538,0.009402982748043291
hHep,mHSC-L,topology_matched,baseline,lr,5,0.6338824,0.017418769400850333,0.5627688,0.026994388456862656,0.2288402,0.040090733923938096,0.5555078,0.013835276078199522,0.392857,0.0,1.0,0.0,0.3258312,0.010163483741316271
hHep,mHSC-L,topology_matched,baseline,mlp,5,0.5922566,0.0318937378593353,0.4835358,0.03351368619773122,0.0663604,0.05561700378337546,0.5099464,0.013715517264762557,0.392857,0.0,1.0,0.0,0.3304326,0.014503030960457882
hHep,mHSC-L,topology_matched,cl_scratch_v5,lr,5,0.5908712,0.02319547607961519,0.4438762,0.03444598990535763,0.1124484,0.03143587678815401,0.5100722,0.008283755993509237,0.34507,0.0,1.0,0.0,0.3053252,0.006784305812682682
hHep,mHSC-L,topology_matched,cl_scratch_v5,mlp,5,0.5541364,0.018993471074029645,0.38054140000000003,0.028795935745170698,0.0365284,0.02261431678030535,0.4886986,0.007454421844784479,0.34507,0.0,1.0,0.0,0.3049254,0.014027908035056406
hHep,mHSC-L,topology_matched,cl_v6_fair,lr,5,0.6161814,0.020649160259923405,0.446901,0.0141014441529937,0.17184460000000001,0.05895597727321633,0.5334824,0.016557259212804508,0.287879,0.0,1.0,0.0,0.2431462,0.0031259576068782555
hHep,mHSC-L,topology_matched,cl_v6_fair,mlp,5,0.6198208000000001,0.022594867695120528,0.4025816,0.030547162438432824,0.1103128,0.04467280299869262,0.5166852,0.016061356958862457,0.287879,0.0,1.0,0.0,0.2423396,0.008672229692530061
hHep,mHSC-L,topology_matched,minus,lr,5,0.6674502,0.02217602448952474,0.5199488,0.024575920258659702,0.060322600000000004,0.03414314309843193,0.5136102,0.007695584510613872,0.335878,0.0,1.0,0.0,0.316471,0.003957915410920249
hHep,mHSC-L,topology_matched,minus,mlp,5,0.6228318,0.04008691453529442,0.45744959999999996,0.048495872461891014,0.02591,0.034239333731835374,0.5056688,0.007166371868665487,0.335878,0.0,1.0,0.0,0.3072144,0.009363743516350713
hHep,mHSC-L,topology_matched,scGPT_human,lr,5,0.6070084,0.017934731518481108,0.4224928,0.03053937995048361,0.0370274,0.018554906247135825,0.5028596,0.00794394127873562,0.320312,0.0,1.0,0.0,0.2966364,0.007877199085969584
hHep,mHSC-L,topology_matched,scGPT_human,mlp,5,0.6215307999999999,0.03334929338621733,0.4377852,0.04548000032277926,0.0374308,0.03486800794654034,0.5074571999999999,0.010393706545790105,0.320312,0.0,1.0,0.0,0.2881778,0.015915180908805275
hHep,mHSC-L,topology_matched,scconcept,lr,5,0.4913834,0.005056580053751752,0.32476299999999997,0.009174964632084434,0.1578584,0.02890716837464368,0.46428579999999997,0.009959959526022173,0.333333,0.0,1.0,0.0,0.328323,0.004268754994140553
hHep,mHSC-L,topology_matched,scconcept,mlp,5,0.48645120000000003,0.026381290668957055,0.3344354,0.026169537340961915,0.1012286,0.0912632842792763,0.4714284,0.03354536915045057,0.333333,0.0,1.0,0.0,0.2963254,0.025985428398238884
hHep,mHSC-L,topology_matched,scconcept_encoded,lr,5,0.5617032,0.03606136308239055,0.333022,0.01906419556131337,0.2742484,0.0658197050999167,0.5142032,0.03765728067399452,0.305344,0.0,1.0,0.0,0.3281044,0.023121344083768144
hHep,mHSC-L,topology_matched,scconcept_encoded,mlp,5,0.5948902,0.01326976221942203,0.337201,0.008117285975004218,0.128561,0.03790238541833482,0.4650824,0.016149243036130204,0.305344,0.0,1.0,0.0,0.3148316,0.012649975124086216
hHep,mHSC-L,topology_matched,v4_bias_rec_best,lr,5,0.6229412,0.025536798236270756,0.4413404,0.02600167918116059,0.0463868,0.0429491319511815,0.5089708,0.009284516775793969,0.273504,0.0,1.0,0.0,0.254041,0.004135258057243832
hHep,mHSC-L,topology_matched,v4_bias_rec_best,mlp,5,0.6774264,0.037584525340091775,0.4705448,0.0269439852538558,0.0121212,0.0242424,0.503125,0.00625,0.273504,0.0,1.0,0.0,0.2530766,0.005218757039755722
hHep,mHSC-L,topology_matched,v4_plain_best,lr,5,0.647265,0.007114869471747207,0.48667299999999997,0.009241232233852799,0.137073,0.03916389792142759,0.5273024000000001,0.0069118461383338185,0.330935,0.0,1.0,0.0,0.2891154,0.00573405017766675
hHep,mHSC-L,topology_matched,v4_plain_best,mlp,5,0.6535294,0.03975980950960403,0.4638584,0.05929242706990498,0.041844,0.02635459275344622,0.5065684,0.01049756862516268,0.330935,0.0,1.0,0.0,0.27587659999999997,0.016993116036795607
hHep,mHSC-L,topology_matched,v4_type_pe_best,lr,5,0.5747206,0.02820828080262956,0.5038714,0.017248254017146202,0.1713636,0.0361742120831954,0.525608,0.009472164736743104,0.398551,0.0,1.0,0.0,0.3425954,0.006887339765105249
hHep,mHSC-L,topology_matched,v4_type_pe_best,mlp,5,0.6095946,0.03317347912776107,0.5073738,0.03266571125446376,0.0734118,0.06311227985233935,0.513976,0.01741700322099067,0.398551,0.0,1.0,0.0,0.3385154,0.009989096908129385
mDC,hESC,coverage_matched,baseline,lr,5,0.4069552,0.02675987729717758,0.481585,0.010350496239311432,0.3362868,0.022308267045200975,0.441282,0.03874849703407862,0.506329,0.0,1.0,0.0,0.4732014,0.027180391554206866
mDC,hESC,coverage_matched,baseline,mlp,5,0.374968,0.030699464470899156,0.4536868,0.023400609542488408,0.1642668,0.032015830080758485,0.457596,0.009911793016402238,0.506329,0.0,1.0,0.0,0.4156958,0.028227372562107146
mDC,hESC,coverage_matched,cl_scratch_v5,lr,5,0.4347976,0.05258839047014083,0.4220166,0.029166019225118803,0.2847718,0.04584018247084101,0.439514,0.026278572624859203,0.460993,0.0,1.0,0.0,0.4624336,0.03076859886052662
mDC,hESC,coverage_matched,cl_scratch_v5,mlp,5,0.4456884,0.03579070078442164,0.4301408,0.024708549770474184,0.1275462,0.02588375978408083,0.4676316,0.006087391612176768,0.460993,0.0,1.0,0.0,0.3959416,0.007497861284393036
mDC,hESC,coverage_matched,cl_v6_fair,lr,5,0.4299894,0.03073510769527251,0.4885058,0.02018447698009536,0.2654554,0.03639182870150936,0.41525639999999997,0.020830690114348106,0.536082,0.0,1.0,0.0,0.5005714,0.015973728914689893
mDC,hESC,coverage_matched,cl_v6_fair,mlp,5,0.42125,0.043191829833893365,0.4969808,0.03071385746792479,0.11216680000000001,0.042699137164116094,0.4703206,0.018578807373994706,0.536082,0.0,1.0,0.0,0.4202576,0.02181843135149729
mDC,hESC,coverage_matched,minus,lr,5,0.4701842,0.025197994161440685,0.4391308,0.01635416159147268,0.29890680000000003,0.02741301300769399,0.425585,0.026586692152277987,0.455556,0.0,1.0,0.0,0.4637058,0.018764087053731122
mDC,hESC,coverage_matched,minus,mlp,5,0.4947736,0.03917712238335019,0.4732014,0.02894908138508024,0.068085,0.043395990035946866,0.4807368,0.015260566691967894,0.455556,0.0,1.0,0.0,0.3574662,0.011247326035996288
mDC,hESC,coverage_matched,scGPT_human,lr,5,0.4483486,0.02852149528758967,0.43019,0.02966204355063892,0.1653026,0.07521643963815357,0.4571426,0.02651110167910794,0.455621,0.0,1.0,0.0,0.4493804,0.024396902603404394
mDC,hESC,coverage_matched,scGPT_human,mlp,5,0.4820018,0.03214143290147468,0.4583378,0.02732275363428803,0.014230999999999999,0.01888152479012222,0.48107,0.0072320177820577695,0.455621,0.0,1.0,0.0,0.3862598,0.011999067003729927
mDC,hESC,coverage_matched,scconcept,lr,5,0.479487,0.03196916012034099,0.35779299999999997,0.022843278144784734,0.2425656,0.05085830280534339,0.46316999999999997,0.027495449536241435,0.371429,0.0,1.0,0.0,0.3956524,0.030917259811309276
mDC,hESC,coverage_matched,scconcept,mlp,5,0.45167019999999997,0.034086973003773745,0.3508968,0.025333127682147735,0.2991612,0.11032807960696135,0.4814682,0.040946158312593885,0.371429,0.0,1.0,0.0,0.3272388,0.01777328626225326
mDC,hESC,coverage_matched,scconcept_encoded,lr,5,0.5729068,0.03830925002868107,0.6015104,0.03509828825227805,0.4784582,0.048748643789955845,0.5511276,0.03753513668337974,0.515528,0.0,1.0,0.0,0.3995462,0.03276573445171037
mDC,hESC,coverage_matched,scconcept_encoded,mlp,5,0.576923,0.025886199164805928,0.5964208,0.024933296215302148,0.3305592,0.051802830623046074,0.5466634,0.017843549037117035,0.515528,0.0,1.0,0.0,0.3511308,0.02584507008618858
mDC,hESC,coverage_matched,v4_bias_rec_best,lr,5,0.3139468,0.012940551849129168,0.45566239999999997,0.006524157711153219,0.171198,0.05180100407907167,0.37829260000000003,0.023204830709143306,0.572917,0.0,1.0,0.0,0.5916692,0.02233718588721505
mDC,hESC,coverage_matched,v4_bias_rec_best,mlp,5,0.2874278,0.016684438299205632,0.4511384,0.00868720191085715,0.0549428,0.029128616042647822,0.435876,0.036944286232109005,0.572917,0.0,1.0,0.0,0.535435,0.02018617167270702
mDC,hESC,coverage_matched,v4_plain_best,lr,5,0.311098,0.023943886785565947,0.4258562,0.014828041804634902,0.2587642,0.03465781717535021,0.3613636,0.0350190718472092,0.533333,0.0,1.0,0.0,0.5813492,0.021702997897986347
mDC,hESC,coverage_matched,v4_plain_best,mlp,5,0.2964284,0.02169521592978507,0.418929,0.013254792657752146,0.0949914,0.030939689090874845,0.408604,0.023235226592396296,0.533333,0.0,1.0,0.0,0.499664,0.03209283724446938
mDC,hESC,coverage_matched,v4_type_pe_best,lr,5,0.4306694,0.02895144506652474,0.472188,0.01607567652075645,0.290277,0.024305238595825382,0.433901,0.03076681528530375,0.527778,0.0,1.0,0.0,0.496568,0.028633793210121494
mDC,hESC,coverage_matched,v4_type_pe_best,mlp,5,0.3885256,0.02901783071561347,0.4445034,0.01445303254822324,0.0298348,0.025672267662986064,0.397446,0.01908973364926813,0.527778,0.0,1.0,0.0,0.4629594,0.023641397070393273
mDC,hESC,native,baseline,lr,5,0.4196278,0.01331109084034813,0.462965,0.011875516072996565,0.3544772,0.03572451486248625,0.4214444,0.01127446986070741,0.41,0.03535533905932738,0.123494,0.010649028124669408,0.5049696,0.01378841694466772
mDC,hESC,native,baseline,mlp,5,0.385159,0.030649039097498627,0.4318724,0.017521345468884512,0.140419,0.0313297844167495,0.4506238,0.01352788634488033,0.329,0.025377155080899036,0.0990964,0.007643977409699745,0.4324116,0.012298398458335934
mDC,hESC,native,cl_scratch_v5,lr,5,0.416479,0.013200140105317065,0.4470948,0.01074323201648368,0.3289668,0.02939826563863931,0.427959,0.015389581826677429,0.339,0.035693136595149506,0.10210860000000001,0.010751075324822163,0.5095542,0.012163939565782145
mDC,hESC,native,cl_scratch_v5,mlp,5,0.3759344,0.0065825746209215155,0.4239788,0.0038030106705082946,0.1106424,0.03280755682217132,0.4385022,0.012837861681759932,0.283,0.019899748742132392,0.0852406,0.005993804321130276,0.4455426,0.006766814600681778
mDC,hESC,native,cl_v6_fair,lr,5,0.3868988,0.021570195524380387,0.4345596,0.012574538855958092,0.3166078,0.02705237102658471,0.4097308,0.013095462105630336,0.355,0.03563705936241093,0.1069278,0.01073424707000915,0.5232866,0.015353920940267995
mDC,hESC,native,cl_v6_fair,mlp,5,0.3751846,0.009626077469042095,0.423928,0.007062911835779919,0.13267099999999998,0.031781755363730305,0.4346546,0.015572946524020439,0.289,0.018275666882497058,0.0870478,0.005504630865008119,0.440572,0.007163638600599546
mDC,hESC,native,minus,lr,5,0.526975,0.026236260038351483,0.5152370000000001,0.0194228594496279,0.4095672,0.03641220798248851,0.4987132,0.021319065649319655,0.49,0.03492849839314597,0.1475902,0.010520778647989894,0.4419518,0.020051868086539956
mDC,hESC,native,minus,mlp,5,0.4239518,0.012314185696179848,0.4563,0.0050635044386274555,0.1147356,0.03580001165139475,0.470564,0.0029889158569621982,0.39,0.02345207879911714,0.11747,0.007063766134294082,0.42483540000000003,0.013863188271101287
mDC,hESC,native,scGPT_human,lr,5,0.4597408,0.010567804642403271,0.4772156,0.010202474143069414,0.34045559999999997,0.03012513630574973,0.4573478,0.007998509396131255,0.41300000000000003,0.03586084215408222,0.1243976,0.010801285656809559,0.4686152,0.005168170639597716
mDC,hESC,native,scGPT_human,mlp,5,0.4917546,0.002932616415421565,0.49915160000000003,0.00291411534431978,0.1089418,0.018941367114334702,0.4854416,0.002469175052522612,0.452,0.017492855684535902,0.1361444,0.00526884813218222,0.40367959999999997,0.007918390255601208
mDC,hESC,native,scconcept,lr,5,0.502391,0.01632001045342803,0.5041994,0.015331243323357698,0.3532054,0.020016420565126022,0.484243,0.015570726444196485,0.46900000000000003,0.04282522621072771,0.1412648,0.012898958134671188,0.4610162,0.012766814095928553
mDC,hESC,native,scconcept,mlp,5,0.4902888,0.023346750963677998,0.4967342,0.014941784503867003,0.2592306,0.022487332297095618,0.4855648,0.011179026243819272,0.482,0.022934689882359426,0.14518040000000001,0.006907928592566661,0.3823066,0.014995664634820292
mDC,hESC,native,scconcept_encoded,lr,5,0.5677754,0.01310229818924908,0.5516308,0.012669217930085509,0.5063622,0.009604164459233311,0.538877,0.006813034801026625,0.5549999999999999,0.04098780306383839,0.1671688,0.012345916643165866,0.4059392,0.005408441010124822
mDC,hESC,native,scconcept_encoded,mlp,5,0.5762844,0.009612214700057428,0.5742692,0.007129144532130077,0.3160658,0.06026942345966154,0.52467,0.009478288769603924,0.582,0.021587033144922878,0.1753014,0.0065020143832507805,0.3664922,0.017164653779205678
mDC,hESC,native,v4_bias_rec_best,lr,5,0.4269102,0.03441200692432802,0.4611552,0.025313449819414174,0.3075884,0.05483309420268019,0.438856,0.024149013429123754,0.376,0.044877611344633764,0.1132532,0.01351713653700369,0.495964,0.026262370989687887
mDC,hESC,native,v4_bias_rec_best,mlp,5,0.3582112,0.042050927801417184,0.4189116,0.020211227558958416,0.1149304,0.026246866339431834,0.4328588,0.016295744418712507,0.268,0.04802082881417188,0.0807228,0.014464173511127415,0.4468466,0.01949654131993673
mDC,hESC,native,v4_plain_best,lr,5,0.3873224,0.02486172890689623,0.4279096,0.014533645923855441,0.2879128,0.021534596661186848,0.41123899999999997,0.015074665674568053,0.303,0.035580893749314384,0.091265,0.010717409257838387,0.529486,0.014022669831383755
mDC,hESC,native,v4_plain_best,mlp,5,0.3895502,0.009147534846066441,0.4339122,0.006260495935626821,0.07345259999999999,0.032439658849007645,0.4604164,0.011944967201294432,0.314,0.02870540018881464,0.0945782,0.008646498514427678,0.4453882,0.016542028816321167
mDC,hESC,native,v4_type_pe_best,lr,5,0.446909,0.033106973519184735,0.4714452,0.024209274424484513,0.2918422,0.03129335238289436,0.4509188,0.016271884530072098,0.393,0.0408166632639171,0.11837360000000001,0.012293978975091829,0.4862072,0.020623723848034833
mDC,hESC,native,v4_type_pe_best,mlp,5,0.3844474,0.014098090815426026,0.4271412,0.007813480719884051,0.098484,0.02819529682766259,0.4470576,0.0201790978054025,0.29000000000000004,0.03301514803843836,0.0873494,0.009944647215462198,0.4529528,0.009738294581701657
mDC,hESC,strict,baseline,lr,5,0.5481784000000001,0.02554298369885554,0.3237032,0.04839630313732651,0.3511918,0.029763806573756657,0.5186252,0.03584232165694626,0.237113,0.0,1.0,0.0,0.4544006,0.036737340723574416
mDC,hESC,strict,baseline,mlp,5,0.4692126,0.0319627709224341,0.2314218,0.017876387894650306,0.303247,0.04861418920438764,0.466569,0.03392913315131998,0.237113,0.0,1.0,0.0,0.4168066,0.020043798318682023
mDC,hESC,strict,cl_scratch_v5,lr,5,0.4347828,0.02562144423251742,0.217065,0.019118363392299036,0.3133426,0.019503501373855932,0.4859578,0.021359852587506306,0.237113,0.0,1.0,0.0,0.4645356,0.03008667555978891
mDC,hESC,strict,cl_scratch_v5,mlp,5,0.4077556,0.03014494363968857,0.2046014,0.014024987780386827,0.289728,0.00877207124914064,0.441657,0.008986959819649807,0.237113,0.0,1.0,0.0,0.46832,0.03850017915282994
mDC,hESC,strict,cl_v6_fair,lr,5,0.380846,0.01857378911261781,0.1989384,0.011378769012507462,0.283761,0.029107226113114944,0.4509988,0.028413925018553846,0.237113,0.0,1.0,0.0,0.5012618,0.03861290836702151
mDC,hESC,strict,cl_v6_fair,mlp,5,0.3848414,0.04555805208566319,0.1968176,0.0173714498485302,0.2836128,0.03738310822497242,0.4209164,0.03831966279914268,0.237113,0.0,1.0,0.0,0.4928088,0.027250769298498713
mDC,hESC,strict,minus,lr,5,0.4753234,0.03454243708020613,0.2379406,0.022760203246895674,0.2751384,0.0331918922003552,0.4675676,0.028250100258937136,0.237113,0.0,1.0,0.0,0.422539,0.028393963464088623
mDC,hESC,strict,minus,mlp,5,0.411516,0.06385130333830313,0.20949979999999999,0.022097160355122557,0.2503676,0.04217269147967674,0.4240306,0.052007834327531866,0.237113,0.0,1.0,0.0,0.42239740000000003,0.03451471119740103
mDC,hESC,strict,scGPT_human,lr,5,0.5419506,0.02872995706644896,0.27090759999999997,0.022893324464568262,0.3064696,0.04162262273619959,0.4936546,0.04030847714612896,0.237113,0.0,1.0,0.0,0.397263,0.017704010201081557
mDC,hESC,strict,scGPT_human,mlp,5,0.5531138,0.03462564034584775,0.2938628,0.031212990817286308,0.36212300000000003,0.04258132760260065,0.542362,0.03653738360090936,0.237113,0.0,1.0,0.0,0.3741122,0.009323610639661
mDC,hESC,strict,scconcept,lr,5,0.5178612,0.05576595621488078,0.2894576,0.03190696922366649,0.3665904,0.062062550055891195,0.537368,0.06883341938622548,0.237113,0.0,1.0,0.0,0.4494078,0.03655146405494587
mDC,hESC,strict,scconcept,mlp,5,0.5182136,0.040692679187293634,0.2754818,0.03010477645424393,0.3603256,0.012745897922076725,0.5158638,0.022679573809046772,0.237113,0.0,1.0,0.0,0.4372318,0.036386806012069804
mDC,hESC,strict,scconcept_encoded,lr,5,0.508108,0.02632159155522324,0.2759224,0.02605911482456763,0.3424698,0.0379639879327765,0.5099296,0.04288730128884308,0.237113,0.0,1.0,0.0,0.4916844,0.03850885778934504
mDC,hESC,strict,scconcept_encoded,mlp,5,0.5649826,0.02436311808123091,0.28883559999999997,0.024400159561773365,0.364934,0.010687640207267455,0.5354291999999999,0.021696622837667632,0.237113,0.0,1.0,0.0,0.4147888,0.05843549234634719
mDC,hESC,strict,v4_bias_rec_best,lr,5,0.4917744,0.027698104610965713,0.2568304,0.015534523276882362,0.320028,0.035313155101180084,0.495417,0.04219409080902206,0.237113,0.0,1.0,0.0,0.4457436,0.05688348063401183
mDC,hESC,strict,v4_bias_rec_best,mlp,5,0.4481786,0.043613633407915,0.2403036,0.02489351846244319,0.2858704,0.044231451771787916,0.4512924,0.045169907542964925,0.237113,0.0,1.0,0.0,0.436676,0.04690709704511673
mDC,hESC,strict,v4_plain_best,lr,5,0.4820212,0.02249814758063428,0.2285916,0.0089841516594501,0.3544462,0.023597832708958676,0.5146886,0.031123433721875864,0.237113,0.0,1.0,0.0,0.49428180000000005,0.033000772623682624
mDC,hESC,strict,v4_plain_best,mlp,5,0.4754406,0.022200875537689936,0.2274774,0.009284275795128019,0.3400192,0.03826613651467836,0.5037604,0.04052257005965935,0.237113,0.0,1.0,0.0,0.4195484,0.013518039985145773
mDC,hESC,strict,v4_type_pe_best,lr,5,0.3641598,0.04068823883826874,0.2053276,0.02882512752166069,0.22579380000000002,0.04363962906991763,0.392068,0.04620950050368429,0.237113,0.0,1.0,0.0,0.5224302,0.023594545822287014
mDC,hESC,strict,v4_type_pe_best,mlp,5,0.3975326,0.022550064022968976,0.1965026,0.007456478943844747,0.2462546,0.038815770473352704,0.4407168,0.021392718297589017,0.237113,0.0,1.0,0.0,0.4124234,0.043251550481341126
mDC,hESC,topology_matched,baseline,lr,5,0.5108108,0.017443784456361532,0.2456578,0.010039250836591348,0.3268398,0.018759810802883903,0.5220328000000001,0.018516493646476378,0.237113,0.0,1.0,0.0,0.34470680000000004,0.02041432051673531
mDC,hESC,topology_matched,baseline,mlp,5,0.5001176,0.06631511318123494,0.2523336,0.04094284633290656,0.19244080000000002,0.13538620098872708,0.4933608,0.02696336053536352,0.237113,0.0,1.0,0.0,0.2700684,0.05511450232597587
mDC,hESC,topology_matched,cl_scratch_v5,lr,5,0.3945946,0.02715615877549696,0.1959704,0.00907061787531588,0.3172048,0.03583687409582482,0.4487662,0.04160923834630958,0.237113,0.0,1.0,0.0,0.5281018000000001,0.01624325651339659
mDC,hESC,topology_matched,cl_scratch_v5,mlp,5,0.465335,0.029882749826614027,0.2249614,0.013266072404445857,0.32582059999999996,0.037491492584851835,0.4934194,0.024792977663846662,0.237113,0.0,1.0,0.0,0.3982716,0.07555143620765922
mDC,hESC,topology_matched,cl_v6_fair,lr,5,0.453114,0.04434361206306948,0.2192706,0.021051108689092827,0.3420644,0.011721389910757172,0.4740894,0.02391829453451897,0.237113,0.0,1.0,0.0,0.5342954,0.044895025027724425
mDC,hESC,topology_matched,cl_v6_fair,mlp,5,0.5331376,0.03197145502225384,0.2689278,0.0187767124854166,0.32915120000000003,0.06701169979160355,0.5112808,0.029501858459425906,0.237113,0.0,1.0,0.0,0.3682856,0.10165756723746638
mDC,hESC,topology_matched,minus,lr,5,0.4246768,0.04140140637418009,0.2080102,0.0173020097722779,0.3467766,0.026993733477235042,0.4811398,0.03941838925374806,0.237113,0.0,1.0,0.0,0.5108964,0.0327177679715472
mDC,hESC,topology_matched,minus,mlp,5,0.5028204,0.046156234797045545,0.2511386,0.034455490921477226,0.3650778,0.032375849860042286,0.5216806,0.026938835747671058,0.237113,0.0,1.0,0.0,0.4297136,0.1118369083936068
mDC,hESC,topology_matched,scGPT_human,lr,5,0.4175088,0.04425366504776752,0.2304564,0.03160443821744029,0.3509634,0.011448377572389905,0.4609284,0.02297526602762197,0.237113,0.0,1.0,0.0,0.6181524,0.03267318631905986
mDC,hESC,topology_matched,scGPT_human,mlp,5,0.5099884,0.0601343052361961,0.2651498,0.03559797727624422,0.3747298,0.030778589833843913,0.5141012,0.04131939957647012,0.237113,0.0,1.0,0.0,0.4682626,0.08376854253143003
mDC,hESC,topology_matched,scconcept,lr,5,0.5099884,0.016647122533338922,0.27666080000000004,0.018856343255254978,0.3686118,0.011711770889152493,0.5078144,0.00988484629319039,0.237113,0.0,1.0,0.0,0.53791,0.029735341625748996
mDC,hESC,topology_matched,scconcept,mlp,5,0.50235,0.08535217452414438,0.2874792,0.054978156074572015,0.3576016,0.0476483969703074,0.49265580000000003,0.05854242144428262,0.237113,0.0,1.0,0.0,0.4536262,0.05239246904431974
mDC,hESC,topology_matched,scconcept_encoded,lr,5,0.4001174,0.0524122888933502,0.21042840000000002,0.020919957367069367,0.2678546,0.02321021672109074,0.4182728,0.05257548353519918,0.237113,0.0,1.0,0.0,0.5184158,0.07397543133608617
mDC,hESC,topology_matched,scconcept_encoded,mlp,5,0.4407756,0.04193158154231725,0.2497962,0.03892340782819512,0.2974848,0.023903026138127365,0.45141,0.04016490518350566,0.237113,0.0,1.0,0.0,0.4540134,0.08221462778265193
mDC,hESC,topology_matched,v4_bias_rec_best,lr,5,0.4958872,0.04906346953243318,0.2622982,0.03499068026432181,0.259759,0.08295237206252754,0.476322,0.06632409801874428,0.237113,0.0,1.0,0.0,0.3658898,0.045382892642051816
mDC,hESC,topology_matched,v4_bias_rec_best,mlp,5,0.4015278,0.0429035769576384,0.2358188,0.031776456198890406,0.22140300000000002,0.030285270049976443,0.422738,0.022607292310225922,0.237113,0.0,1.0,0.0,0.3725114,0.026802698928279585
mDC,hESC,topology_matched,v4_plain_best,lr,5,0.4736778,0.025041908844175603,0.2306788,0.017920452186259143,0.3718326,0.031591061207879675,0.522268,0.04095362840579573,0.237113,0.0,1.0,0.0,0.4889868,0.01539528990828039
mDC,hESC,topology_matched,v4_plain_best,mlp,5,0.5518214,0.04763881900971095,0.2851546,0.03906995726437387,0.3977194,0.022564650279585548,0.5614572,0.02889292602281741,0.237113,0.0,1.0,0.0,0.3785856,0.08124410073993064
mDC,hESC,topology_matched,v4_type_pe_best,lr,5,0.3822638,0.034139397507278894,0.1764272,0.013739865987701627,0.2169666,0.03555141852359762,0.4282624,0.032090457326750574,0.206522,0.0,1.0,0.0,0.4583534,0.012560882637776686
mDC,hESC,topology_matched,v4_type_pe_best,mlp,5,0.49185300000000004,0.03769127274582274,0.2157112,0.023767211215453953,0.2427814,0.03191768537723248,0.4734678,0.02643625997299922,0.206522,0.0,1.0,0.0,0.31483700000000003,0.025451843980348453
mDC,hHep,coverage_matched,baseline,lr,5,0.5311148,0.034183611011126366,0.574864,0.026381181383706088,0.4839908,0.03195473208399659,0.508853,0.025609856251060853,0.572,0.02158703314492287,0.6537142,0.024670995613472944,0.4418732,0.022287964370036127
mDC,hHep,coverage_matched,baseline,mlp,5,0.5638412,0.02321429164458824,0.6206648,0.016568517041666713,0.4004512,0.043025448280755885,0.5225872,0.01577326584319175,0.586,0.015297058540778367,0.6697142,0.017482236817981858,0.349104,0.017726493449072206
mDC,hHep,coverage_matched,cl_scratch_v5,lr,5,0.4873396,0.0345406428984754,0.4704288,0.029644804397398215,0.4250066,0.02486147634071637,0.4984582,0.01963044677433503,0.459,0.02557342370508884,0.56319,0.03137859088614397,0.4410928,0.018275802881405782
mDC,hHep,coverage_matched,cl_scratch_v5,mlp,5,0.5165052,0.041842658201409734,0.4853484,0.035222897079030834,0.26348340000000003,0.03046418358400567,0.5072964,0.026474997447403087,0.472,0.015033296378372897,0.579141,0.01844585465626353,0.362961,0.01678298894714526
mDC,hHep,coverage_matched,cl_v6_fair,lr,5,0.4213212,0.03758870404469939,0.5242824,0.02205950487748991,0.3306678,0.036249052839488094,0.4295624,0.034330128101130064,0.556,0.014628738838327757,0.6354284,0.01671850203337609,0.5424698,0.02818827973750792
mDC,hHep,coverage_matched,cl_v6_fair,mlp,5,0.45344639999999997,0.02672288790232074,0.554217,0.015540212752726388,0.196445,0.027205551881922918,0.47009819999999997,0.023690739130723625,0.555,0.015165750888103064,0.6342858,0.01733234325069754,0.4590846,0.014313902551016618
mDC,hHep,coverage_matched,minus,lr,5,0.4586574,0.028628015792925635,0.3885942,0.019844222709897195,0.2373556,0.06145298816038159,0.4678058,0.03005090824850391,0.411,0.009695359714832642,0.8303032,0.019586565695904952,0.4412848,0.025379408617223535
mDC,hHep,coverage_matched,minus,mlp,5,0.4932586,0.02544307008676429,0.4135234,0.020045606646844096,0.1001856,0.04198048062897803,0.4966686,0.009118225717758886,0.40900000000000003,0.010198039027185555,0.8262628,0.020602078442720276,0.3704712,0.014961944892292576
mDC,hHep,coverage_matched,scGPT_human,lr,5,0.3745134,0.0251497398682372,0.4735904,0.01317937908400847,0.268613,0.03606592985076082,0.4057052,0.017052599677468538,0.513,0.016911534525287777,0.6256098,0.020623770095692967,0.5595654,0.015763539889250777
mDC,hHep,coverage_matched,scGPT_human,mlp,5,0.4360748,0.03300483828410618,0.516289,0.02017851654606951,0.18896580000000002,0.0659506215994967,0.4774202,0.021653387341476177,0.535,0.012247448713915901,0.652439,0.01493592700839155,0.4570012,0.03613177457806356
mDC,hHep,coverage_matched,scconcept,lr,5,0.5030978,0.01196153776736086,0.6372342,0.01890043233791227,0.3918714,0.03218305385509585,0.5133774,0.020987130595676955,0.622,0.015684387141358135,0.7360946,0.018561630581390213,0.4892672,0.014340875557649868
mDC,hHep,coverage_matched,scconcept,mlp,5,0.5117184,0.016865938949255088,0.6436756,0.0136439465639528,0.3828224,0.06709091710388225,0.5139518,0.016463334345144045,0.625,0.007745966692414841,0.7396448,0.00916696428268375,0.3693954,0.024738312057211997
mDC,hHep,coverage_matched,scconcept_encoded,lr,5,0.4672062,0.03256915555184077,0.5014208,0.026659952448569744,0.35039,0.0355535711061491,0.47405179999999997,0.024459926920577656,0.493,0.014696938456699081,0.5904188,0.017601053495742838,0.4933864,0.027002751508688895
mDC,hHep,coverage_matched,scconcept_encoded,mlp,5,0.5055408,0.016708631007955138,0.5069034,0.016674674036993957,0.2809728,0.03577546527663897,0.5006912,0.014586547588788775,0.515,0.017029386365926415,0.6167664,0.0203948628884825,0.4173708,0.0185987025504469
mDC,hHep,coverage_matched,v4_bias_rec_best,lr,5,0.328325,0.042042658027294136,0.4841388,0.02083098168018013,0.2360602,0.050191062990934954,0.3978536,0.0217379978618087,0.559,0.011999999999999972,0.776389,0.016666916667458342,0.6000172,0.028406575783786397
mDC,hHep,coverage_matched,v4_bias_rec_best,mlp,5,0.29227000000000003,0.019759992388662505,0.464019,0.007224654427721783,0.071723,0.02816295373003336,0.413447,0.022445156920814797,0.554,0.006633249580710769,0.7694442,0.009212860042353858,0.5479422,0.029099651876955505
mDC,hHep,coverage_matched,v4_plain_best,lr,5,0.4605648,0.04270325910934666,0.5252586,0.048596497143724264,0.3942734,0.06784394561816111,0.5042046,0.043276981815279135,0.476,0.02130727575266251,0.5409092,0.024212893568510165,0.4602092,0.03771431052213469
mDC,hHep,coverage_matched,v4_plain_best,mlp,5,0.5828798000000001,0.025081803550781608,0.6531736,0.02634571867002303,0.4129626,0.03204076528798898,0.5875002,0.019917303205002457,0.547,0.01568438714135811,0.6215908,0.01782316373038187,0.3391074,0.007909987372935573
mDC,hHep,coverage_matched,v4_type_pe_best,lr,5,0.4519256,0.028561809386661786,0.4813922,0.016052045893281016,0.3589676,0.0258227179560944,0.47948219999999997,0.00897693048653046,0.504,0.019339079605813735,0.7000002,0.02685987185673082,0.4821612,0.019555018960870373
mDC,hHep,coverage_matched,v4_type_pe_best,mlp,5,0.4752738,0.017356750368660603,0.4789488,0.012007138833210846,0.1686678,0.056780742250872346,0.4441288,0.0219395250577582,0.524,0.0073484692283495405,0.7277778,0.010206316130710442,0.4335266,0.014880086916412811
mDC,hHep,native,baseline,lr,5,0.504544,0.022041519167244367,0.5418499999999999,0.024563156409549636,0.4757252,0.023027461253034398,0.5003292,0.01536903841364189,0.5700000000000001,0.051088159097779196,0.16888899999999998,0.015137167079741175,0.4575174,0.015957405034653985
mDC,hHep,native,baseline,mlp,5,0.5476506,0.01619264142257218,0.5921988,0.014146983330731685,0.4486944,0.03516758995780062,0.5526266,0.01354189275692289,0.671,0.02922327839240491,0.19881479999999999,0.008658788954582506,0.3505342,0.01266282138229865
mDC,hHep,native,cl_scratch_v5,lr,5,0.43246840000000003,0.049521613635260316,0.468161,0.030804567239290998,0.3650802,0.0647451538028909,0.4553098,0.035870624568858575,0.41,0.07416198487095663,0.1214814,0.021974115214042182,0.504531,0.03614163522587212
mDC,hHep,native,cl_scratch_v5,mlp,5,0.4520766,0.02459621662451361,0.4825306,0.01953751625565543,0.2321352,0.050745305348968,0.4791312,0.016768941831850924,0.457,0.05500909015790027,0.1354076,0.016298957090562574,0.4299088,0.020348773578768818
mDC,hHep,native,cl_v6_fair,lr,5,0.4711636,0.037336675131029,0.5019506,0.02662490979214768,0.42601479999999997,0.05864100484950783,0.4791362,0.030360083717934645,0.456,0.05598214000911362,0.1351114,0.016587175836772217,0.4793612,0.030487390819156687
mDC,hHep,native,cl_v6_fair,mlp,5,0.4482318,0.024548854176111762,0.4797884,0.019762393100027142,0.2487484,0.03663708047102007,0.4679454,0.01968098063207217,0.428,0.05836094584565949,0.1268148,0.017292104943007952,0.4283868,0.01869415957351386
mDC,hHep,native,minus,lr,5,0.5443096000000001,0.031581426824005256,0.5536738,0.03165108672636692,0.412848,0.05772280994892748,0.5214032,0.024798577099503106,0.56,0.04711687595755897,0.1659258,0.013960411991055273,0.444019,0.026690709042661267
mDC,hHep,native,minus,mlp,5,0.4738506,0.02648360848222913,0.5020711999999999,0.021938497408892876,0.2353306,0.04158594193522615,0.4958256,0.00925637561035637,0.501,0.02596150997149436,0.1484444,0.007692256745585143,0.4211106,0.019706230695899208
mDC,hHep,native,scGPT_human,lr,5,0.4394048,0.028288391226084245,0.47662519999999997,0.018531644205520465,0.3397846,0.014784723258823606,0.4631074,0.027443397017133275,0.444,0.03292415526630865,0.1315556,0.009755378610797222,0.4936848,0.021611415440919175
mDC,hHep,native,scGPT_human,mlp,5,0.444228,0.0300693395338175,0.4874512,0.02373482401367238,0.1368988,0.03496246382279144,0.4886938,0.011623168025972954,0.454,0.04810405388322278,0.1345186,0.014253073178791998,0.4428184,0.01869209356492738
mDC,hHep,native,scconcept,lr,5,0.5208444,0.008990618212336694,0.5372274,0.009572319480669247,0.4219192,0.017983239567997755,0.5163916,0.007708443386313477,0.5589999999999999,0.031208973068654448,0.1656296,0.009247007247753188,0.448331,0.008009038968565464
mDC,hHep,native,scconcept,mlp,5,0.517668,0.007885045263027985,0.5414716,0.0061598026137206765,0.3403066,0.021034916701522733,0.504397,0.005728474945393389,0.541,0.021540659228538036,0.1602962,0.006382432338850136,0.3810082,0.011904621663874921
mDC,hHep,native,scconcept_encoded,lr,5,0.4551554,0.030332231125322767,0.48629500000000003,0.02368449123793882,0.3961804,0.025421463644723537,0.4700944,0.019477810078137623,0.449,0.045099889135118726,0.133037,0.013363026199181078,0.5050496,0.018718267362125167
mDC,hHep,native,scconcept_encoded,mlp,5,0.5189496,0.011129057994277823,0.5435356,0.0071856820859261365,0.332944,0.03389069153027126,0.5118698,0.0069408763538907695,0.549,0.015297058540778322,0.1626666,0.004532152362840419,0.41931039999999997,0.008902706972601081
mDC,hHep,native,v4_bias_rec_best,lr,5,0.3674698,0.01464983074851038,0.4254182,0.005666971374552733,0.2815862,0.027753679189613762,0.4066272,0.011633911283828844,0.322,0.02063976744055031,0.0954074,0.006115582477573168,0.5564688,0.007645025870459818
mDC,hHep,native,v4_bias_rec_best,mlp,5,0.3392324,0.02111419003040372,0.4149658,0.010017411709618406,0.1386992,0.012620849565698812,0.4199666,0.008480695528080224,0.277,0.030265491900843107,0.0820742,0.008967625603246382,0.48827160000000003,0.02557399428012764
mDC,hHep,native,v4_plain_best,lr,5,0.4058662,0.02430664270852722,0.4428208,0.014976335004265892,0.261081,0.03826836876586196,0.4320324,0.015189003108828437,0.317,0.05473572873361604,0.093926,0.01621803565170579,0.5401834,0.015410299005535213
mDC,hHep,native,v4_plain_best,mlp,5,0.4551282,0.027091639237225927,0.5071418,0.027662367833574918,0.20481560000000001,0.056930175803698344,0.5022508,0.016053024629645352,0.509,0.060860496218811753,0.150815,0.018032583830388808,0.4342484,0.025822786934023994
mDC,hHep,native,v4_type_pe_best,lr,5,0.4138334,0.012295704414143982,0.4573848,0.008278802386818999,0.2558278,0.021371669119654647,0.4410276,0.008038747827864725,0.389,0.02517935662402835,0.1152594,0.0074605321686860935,0.5233036,0.008645790527187235
mDC,hHep,native,v4_type_pe_best,mlp,5,0.416342,0.025456841045188614,0.4593268,0.01934760037213917,0.13393,0.01888560213495985,0.4654042,0.012898328254467713,0.394,0.06053098380168622,0.1167408,0.017935208249697025,0.4653496,0.013081101308376144
mDC,hHep,strict,baseline,lr,5,0.7039912,0.03595311025989266,0.5037092,0.07137673398636281,0.4936322,0.005409479213380889,0.5143826,0.009742690934233729,0.375,0.0,0.9375,0.0,0.5742572,0.01967539683360924
mDC,hHep,strict,baseline,mlp,5,0.7225378,0.05562069445593071,0.536906,0.08752872136618928,0.5077427999999999,0.017254787572149346,0.5473946,0.032366350703160844,0.365,0.0054772255750516665,0.9125,0.013693063937629186,0.4422642,0.09501368141357328
mDC,hHep,strict,cl_scratch_v5,lr,5,0.7949096,0.03113015354025739,0.6172952,0.06984427797149886,0.5129028,0.0025183887229734666,0.548253,0.0047750697586527585,0.385,0.003162277660168382,0.9625,0.007905694150420955,0.5334452000000001,0.016145477340729193
mDC,hHep,strict,cl_scratch_v5,mlp,5,0.7555270000000001,0.0226019685779801,0.5918924,0.05455208483862006,0.5418883999999999,0.027622223796066814,0.5967322,0.04231295640061091,0.379,0.0037416573867739447,0.9475,0.009354143466934856,0.3898688,0.0669469809159457
mDC,hHep,strict,cl_v6_fair,lr,5,0.801461,0.027779092807361416,0.6302530000000001,0.07632507234192444,0.5049076,0.00181535105144981,0.5343526000000001,0.004411637954320373,0.384,0.0037416573867739447,0.96,0.009354143466934868,0.5552664,0.015288616701323882
mDC,hHep,strict,cl_v6_fair,mlp,5,0.7505269999999999,0.026529518819609233,0.5535534,0.06459331357532296,0.5364948,0.020998261160391333,0.5878766,0.033679391720160254,0.378,0.00509901951359279,0.945,0.012747548783981946,0.4170026,0.060735156242822
mDC,hHep,strict,minus,lr,5,0.6109488,0.06892176043137609,0.403178,0.05941920254261243,0.5046122,0.007665366824881897,0.5348646,0.011815793796440424,0.365,0.008366600265340763,0.9125,0.02091650066335192,0.5436652,0.013727528989588782
mDC,hHep,strict,minus,mlp,5,0.543863,0.0684339931554487,0.3577628,0.05280939504065541,0.489379,0.0313656938262172,0.5218676,0.02956442898890489,0.353,0.012884098726725118,0.8825,0.032210246816812824,0.5190556,0.05361807956874249
mDC,hHep,strict,scGPT_human,lr,5,0.7092922,0.03871898929156079,0.4970602,0.06124211132350026,0.5115986,0.007937250042678508,0.544729,0.014255385845356839,0.385,0.003162277660168382,0.9625,0.007905694150420955,0.5377526,0.020865416723372665
mDC,hHep,strict,scGPT_human,mlp,5,0.6577934,0.10369330462397272,0.4590806,0.08750754329907792,0.5078714,0.024095880067762608,0.5468824,0.03911481958848846,0.362,0.024819347291981715,0.905,0.062048368229954284,0.4442812,0.05441687662995737
mDC,hHep,strict,scconcept,lr,5,0.6481176,0.01201274028021917,0.5050872,0.01348042783297326,0.491033,0.0029966223652639484,0.502274,0.004531429972977648,0.351,0.005830951894845285,0.8775,0.014577379737113242,0.6238004,0.005591334173522463
mDC,hHep,strict,scconcept,mlp,5,0.6066566,0.0417399440181704,0.4571884,0.0302068420765892,0.4848668,0.008315144794890829,0.4975148,0.011822280700440146,0.344,0.010198039027185558,0.86,0.025495097567963917,0.553973,0.021660141172208457
mDC,hHep,strict,scconcept_encoded,lr,5,0.45218359999999996,0.039233291376584774,0.30479300000000004,0.023560861520750882,0.4271652,0.018740819047202817,0.4715966,0.02479912351354379,0.314,0.009695359714832668,0.785,0.024238399287081665,0.549109,0.026653372266938376
mDC,hHep,strict,scconcept_encoded,mlp,5,0.4495708,0.010911023552352907,0.294087,0.007524760727092927,0.4458132,0.021238536478768978,0.4956324,0.017935364145731752,0.329,0.0058309518948453055,0.8225,0.014577379737113245,0.5068935999999999,0.013882359995332202
mDC,hHep,strict,v4_bias_rec_best,lr,5,0.4246236,0.026740780337155448,0.2855152,0.011514390533588834,0.503617,0.0064572972984059005,0.5330574,0.00994172189512462,0.325,0.011832159566199223,0.8125,0.029580398915498077,0.577674,0.010940260929246621
mDC,hHep,strict,v4_bias_rec_best,mlp,5,0.5067316,0.04909677959948086,0.3284776,0.03128789369452664,0.5075151999999999,0.022718745857991354,0.5474398,0.03355532609527139,0.348,0.0174928556845359,0.87,0.04373213921133974,0.5113194,0.05098902280530585
mDC,hHep,strict,v4_plain_best,lr,5,0.7993975999999999,0.018162864494346696,0.7074028,0.03997349463031724,0.5214888,0.007154128329852624,0.5621986,0.012404175193861118,0.384,0.0020000000000000018,0.96,0.005000000000000026,0.525289,0.014359070652378597
mDC,hHep,strict,v4_plain_best,mlp,5,0.7757908,0.03617230892492211,0.6576326,0.07499748920223931,0.509441,0.010450647290957606,0.5460392,0.020949268821608046,0.374,0.01067707825203132,0.9349999999999999,0.026692695630078284,0.5106214,0.05690225053405182
mDC,hHep,strict,v4_type_pe_best,lr,5,0.7326958,0.03141506829787259,0.542614,0.045507906337250895,0.5112958,0.002792040716035491,0.5463553999999999,0.006609299799524901,0.38,0.0054772255750516665,0.95,0.013693063937629145,0.5290464,0.014852220246145024
mDC,hHep,strict,v4_type_pe_best,mlp,5,0.7608884,0.058667634367170464,0.604983,0.12003886267038688,0.5376864,0.028714311000614303,0.592244,0.04719774636145245,0.374,0.0058309518948453055,0.9349999999999999,0.014577379737113235,0.4103774,0.09143027291570338
mDC,hHep,topology_matched,baseline,lr,5,0.7039912,0.03595311025989266,0.5037092,0.07137673398636281,0.4936322,0.005409479213380889,0.5143826,0.009742690934233729,0.375,0.0,0.9375,0.0,0.5742572,0.01967539683360924
mDC,hHep,topology_matched,baseline,mlp,5,0.7225378,0.05562069445593071,0.536906,0.08752872136618928,0.5077427999999999,0.017254787572149346,0.5473946,0.032366350703160844,0.365,0.0054772255750516665,0.9125,0.013693063937629186,0.4422642,0.09501368141357328
mDC,hHep,topology_matched,cl_scratch_v5,lr,5,0.786777,0.029292021377842783,0.6098564,0.06046787230786279,0.5193082,0.008121178298744572,0.5574698,0.013703577961977676,0.385,0.003162277660168382,0.9625,0.007905694150420955,0.5226386,0.022395302119864343
mDC,hHep,topology_matched,cl_scratch_v5,mlp,5,0.755738,0.020683280484487938,0.5934699999999999,0.05037969697010891,0.5399722,0.022686053349139427,0.5926958,0.03937908424735142,0.38,0.0054772255750516665,0.95,0.013693063937629145,0.3986098,0.06594155780507466
mDC,hHep,topology_matched,cl_v6_fair,lr,5,0.8146234,0.01911512291982451,0.6550828,0.051872529463676646,0.5062388,0.0037008754856114696,0.5367622,0.006746705578280411,0.383,0.00244948974278318,0.9575,0.006123724356957978,0.5545998,0.017193638304908027
mDC,hHep,topology_matched,cl_v6_fair,mlp,5,0.7309564000000001,0.014615838909894997,0.5239384,0.03305280854995535,0.5201404,0.012230034613197141,0.5608584,0.021535008925932693,0.379,0.0058309518948453055,0.9475,0.014577379737113242,0.47341,0.059236563718703346
mDC,hHep,topology_matched,minus,lr,5,0.6576356,0.061164641490325085,0.4587936,0.06426806486148469,0.5000439999999999,0.010600857399286146,0.5264308,0.01620461253347329,0.369,0.0073484692283495405,0.9225,0.018371173070873856,0.5513022,0.0105846336053734
mDC,hHep,topology_matched,minus,mlp,5,0.6168072,0.08467549760916672,0.4401678,0.08496802478673965,0.5001772,0.012757830323373959,0.5359036,0.020556958195219452,0.358,0.012083045973594561,0.895,0.03020761493398643,0.4636992,0.04251249089573557
mDC,hHep,topology_matched,scGPT_human,lr,5,0.6727714,0.03313835758513088,0.46021080000000003,0.044105149705674966,0.5138576,0.0035018228738758267,0.5489458,0.006202087596930561,0.382,0.006000000000000005,0.9550000000000001,0.01499999999999999,0.5324072,0.008832967302101834
mDC,hHep,topology_matched,scGPT_human,mlp,5,0.62375,0.09581669400892519,0.4197628,0.0723079801554434,0.5197638,0.027783987081770684,0.562952,0.04199470624257301,0.358,0.02227105745132009,0.895,0.05567764362830021,0.4557562,0.03628699845619641
mDC,hHep,topology_matched,scconcept,lr,5,0.634804,0.019230342285045266,0.4845556,0.013970206979139548,0.4879308,0.002981027098166,0.4979216,0.0052646779806556085,0.357,0.007483314773547889,0.8925,0.018708286933869687,0.6250728,0.013304348934089195
mDC,hHep,topology_matched,scconcept,mlp,5,0.5822592,0.016004587872232145,0.4360856,0.017512501038972134,0.4828458,0.005629451497259762,0.4972438,0.011370739824655208,0.338,0.014352700094407315,0.845,0.03588175023601831,0.5385194,0.02654425248222295
mDC,hHep,topology_matched,scconcept_encoded,lr,5,0.4814008,0.017953389355773466,0.315529,0.010750651459330268,0.4651848,0.014447268840857088,0.5173042,0.018917365951950087,0.332,0.006000000000000005,0.8300000000000001,0.01499999999999999,0.514411,0.01503837049683243
mDC,hHep,topology_matched,scconcept_encoded,mlp,5,0.4510168,0.02083513042339788,0.2919906,0.012495654998438457,0.4500424,0.012730493809746739,0.49882540000000003,0.015056359581253356,0.329,0.012409673645990854,0.8225,0.031024184114977142,0.5095152000000001,0.021917916264097725
mDC,hHep,topology_matched,v4_bias_rec_best,lr,5,0.4125,0.024753159669020038,0.2803826,0.013886515655123867,0.497318,0.009142290260104413,0.5266266,0.01202202627846072,0.31,0.007071067811865481,0.775,0.017677669529663705,0.5792456,0.0074089511430430995
mDC,hHep,topology_matched,v4_bias_rec_best,mlp,5,0.498735,0.049149093310049984,0.319443,0.028232056581127787,0.4991488,0.021506659325892543,0.5346986,0.027273906633263963,0.34299999999999997,0.021587033144922902,0.8574999999999999,0.05396758286230724,0.4980002,0.0068217985722241895
mDC,hHep,topology_matched,v4_plain_best,lr,5,0.8318974,0.021453063469817086,0.7662582,0.038248493541053356,0.5153854,0.0059732414851569274,0.5535842,0.009420981570940462,0.381,0.0020000000000000018,0.9525,0.005000000000000026,0.5263744,0.004822656595694945
mDC,hHep,topology_matched,v4_plain_best,mlp,5,0.765045,0.039118347240137866,0.6374666,0.08258834880926,0.5361838,0.02090638358396785,0.5949396,0.030486618025619062,0.37,0.008944271909999166,0.9249999999999999,0.022360679774997904,0.3876258,0.05784556180866429
mDC,hHep,topology_matched,v4_type_pe_best,lr,5,0.7375752,0.0334047618306133,0.5532354,0.06680485287941289,0.508644,0.003937589516442789,0.5420934,0.008477667547150004,0.381,0.0020000000000000018,0.9525,0.005000000000000026,0.5268626,0.020319871294867974
mDC,hHep,topology_matched,v4_type_pe_best,mlp,5,0.733509,0.07803024061734014,0.5647136,0.14498766017506454,0.5315913999999999,0.031448707754691614,0.580979,0.04815236333556224,0.373,0.008124038404635967,0.9325,0.020310096011589895,0.43137800000000004,0.08522644727782569
mDC,mESC,coverage_matched,baseline,lr,5,0.4924244,0.0006587456565321712,0.474518,0.0003372227750315951,0.0,0.0,0.5,0.0,0.478261,0.0,1.0,0.0,0.2959298,0.022010171361441053
mDC,mESC,coverage_matched,baseline,mlp,5,0.4873948,0.018818612376049416,0.4739192,0.0076224152970039575,0.0,0.0,0.5,0.0,0.478261,0.0,1.0,0.0,0.2858876,0.014539219657189316
mDC,mESC,coverage_matched,cl_scratch_v5,mlp,4,0.50128025,0.009169249379720261,0.43480874999999997,0.004065735073452293,0.0,0.0,0.5,0.0,0.430894,0.0,1.0,0.0,0.29506299999999996,0.01617984590470502
mDC,mESC,coverage_matched,cl_v6_fair,lr,5,0.4857142,0.004373808884713638,0.4976452,0.0019880058752428033,0.0,0.0,0.5,0.0,0.504505,0.0,1.0,0.0,0.2991436,0.007730572698060602
mDC,mESC,coverage_matched,cl_v6_fair,mlp,5,0.4928568,0.003571600000000008,0.5009819999999999,0.0018040000000000055,0.0,0.0,0.5,0.0,0.504505,0.0,1.0,0.0,0.3123514,0.019977890875665528
mDC,mESC,coverage_matched,minus,mlp,1,0.492308,0.0,0.50006,0.0,0.0,0.0,0.5,0.0,0.503876,0.0,1.0,0.0,0.27778,0.0
mDC,mESC,coverage_matched,scconcept,mlp,1,0.488862,0.0,0.622499,0.0,0.0,0.0,0.5,0.0,0.62766,0.0,1.0,0.0,0.308083,0.0
mDC,mESC,coverage_matched,scconcept_encoded,mlp,5,0.5014448,0.015596820206695962,0.4046632,0.009664095620387886,0.0,0.0,0.5,0.0,0.401575,0.0,1.0,0.0,0.2632636,0.03371329208250063
mDC,mESC,coverage_matched,v4_bias_rec_best,mlp,4,0.49486399999999997,0.008895812947673732,0.35742324999999997,0.0035009076947985973,0.0,0.0,0.5,0.0,0.358696,0.0,1.0,0.0,0.23086275,0.0009895820771921862
mDC,mESC,coverage_matched,v4_plain_best,mlp,2,0.508578,0.0025660000000000127,0.47513649999999996,0.0020354999999999956,0.0,0.0,0.5,0.0,0.470085,0.0,1.0,0.0,0.26292099999999996,0.005208999999999991
mDC,mESC,coverage_matched,v4_type_pe_best,lr,5,0.488,0.0040000000000000036,0.4419156,0.0045408000000000115,0.0,0.0,0.5,0.0,0.442478,0.0,1.0,0.0,0.2983908,0.01139166223867262
mDC,mESC,coverage_matched,v4_type_pe_best,mlp,5,0.4794602,0.009291003851037849,0.4353774,0.0062734717852238565,0.0,0.0,0.5,0.0,0.442478,0.0,1.0,0.0,0.314742,0.027617882264938425
mDC,mESC,native,baseline,lr,5,0.4951538,0.0017027778950879106,0.5132436,0.0008637579753611348,0.0,0.0,0.5,0.0,0.547,0.011224972160321799,0.1623146,0.003330948129286916,0.3073088,0.01401093723346158
mDC,mESC,native,baseline,mlp,5,0.4923078,0.003905974367555431,0.5119208,0.0018633984437043986,0.0,0.0,0.5,0.0,0.505,0.018165902124584965,0.1498516,0.0053903186028285924,0.306131,0.018383509991293828
mDC,mESC,native,cl_scratch_v5,lr,5,0.4964062,0.001049851303756873,0.514062,0.0007299479433493828,0.0,0.0,0.5,0.0,0.547,0.00244948974278318,0.1623146,0.0007270085556580401,0.30737539999999997,0.014004078228858905
mDC,mESC,native,cl_scratch_v5,mlp,5,0.49540880000000004,0.00028040000000000286,0.513396,0.0001399999999999846,0.0,0.0,0.5,0.0,0.544,0.0020000000000000018,0.1614242,0.0005936000000000052,0.309682,0.016254595645539747
mDC,mESC,native,cl_v6_fair,lr,5,0.4959776,0.0008572000000000024,0.513764,0.0005959999999999966,0.0,0.0,0.5,0.0,0.546,0.0020000000000000018,0.1620178,0.0005935999999999942,0.307379,0.01409023904694311
mDC,mESC,native,cl_v6_fair,mlp,5,0.495549,0.0,0.513466,0.0,0.0,0.0,0.5,0.0,0.545,0.0,0.161721,0.0,0.3008498,0.02115163063595808
mDC,mESC,native,minus,lr,5,0.4968628,0.001712215103309166,0.5141696,0.0008318775390644641,0.0,0.0,0.5,0.0,0.539,0.0073484692283495405,0.1599408,0.0021805629915230586,0.3071284,0.014241703389693241
mDC,mESC,native,minus,mlp,5,0.49395880000000003,0.005259890128130056,0.5126564,0.0032818719414383184,0.0,0.0,0.5,0.0,0.531,0.021307275752662534,0.1575668,0.0063224506767550195,0.311156,0.04479357069937605
mDC,mESC,native,scGPT_human,lr,5,0.4987714,0.0019495037932766282,0.5158818,0.001614323065560327,0.0017725999999999998,0.0035451999999999997,0.5004452,0.0008903999999999801,0.54,0.008944271909999166,0.1602374,0.0026538772842767252,0.3060784,0.014479592143427237
mDC,mESC,native,scGPT_human,mlp,5,0.4964412,0.0038448141905688725,0.5142468,0.0016633567747179273,0.0,0.0,0.5,0.0,0.539,0.014628738838327807,0.1599406,0.004341016728832084,0.33021839999999997,0.0180085677675933
mDC,mESC,native,scconcept,lr,5,0.4954208,0.0022076443010593965,0.5134586,0.0010700612318928428,0.0,0.0,0.5,0.0,0.54,0.006324555320336764,0.1602374,0.0018766536814234028,0.3079638,0.014041207232998171
mDC,mESC,native,scconcept,mlp,5,0.49127740000000003,0.003717145819039122,0.511097,0.0019120421543470094,0.0,0.0,0.5,0.0,0.508,0.02088061301782112,0.1507418,0.006196015409922741,0.31398739999999997,0.0071359631893669435
mDC,mESC,native,scconcept_encoded,lr,5,0.494239,0.0017121849199195796,0.5128864,0.0008140532169336465,0.0,0.0,0.5,0.0,0.546,0.011135528725660017,0.1620178,0.0033043963079509714,0.3072996,0.013858247083956894
mDC,mESC,native,scconcept_encoded,mlp,5,0.500491,0.004007334026506883,0.5159632,0.002028853114446703,0.0,0.0,0.5,0.0,0.5599999999999999,0.010488088481701472,0.16617200000000001,0.003112006555263024,0.3340186,0.01797156412335888
mDC,mESC,native,v4_bias_rec_best,lr,5,0.4968382,0.0033440630017988605,0.5144972,0.002289474909231404,0.0,0.0,0.5,0.0,0.548,0.0112249721603218,0.1626114,0.003330948129286916,0.3072004,0.014243218057728397
mDC,mESC,native,v4_bias_rec_best,mlp,5,0.498917,0.00413160893599575,0.5151796,0.0021034738505624575,0.0,0.0,0.5,0.0,0.544,0.00489897948556636,0.1614244,0.001453649696453718,0.3057998,0.021210114826657578
mDC,mESC,native,v4_plain_best,lr,5,0.4956772,0.0016379118901821345,0.5134836,0.0008661206844314456,0.0,0.0,0.5,0.0,0.543,0.012884098726725099,0.1611276,0.0038232553982176,0.3071392,0.01408668539295174
mDC,mESC,native,v4_plain_best,mlp,5,0.497129,0.005944714021717109,0.5143316,0.0028846917062313694,0.0,0.0,0.5,0.0,0.546,0.02745906043549195,0.1620176,0.00814803553256858,0.32425740000000003,0.03832749124375349
mDC,mESC,native,v4_type_pe_best,lr,5,0.4966064,0.0015894538181400598,0.5140281999999999,0.0007638966945863523,0.0,0.0,0.5,0.0,0.542,0.008124038404635967,0.160831,0.00241074685522972,0.3075054,0.014134429024194792
mDC,mESC,native,v4_type_pe_best,mlp,5,0.49224060000000003,0.003771080513592899,0.5119391999999999,0.0017291412203750151,0.0,0.0,0.5,0.0,0.507,0.02135415650406264,0.150445,0.006336564968498318,0.3291992,0.050605609686674054
mDC,mESC,strict,baseline,mlp,5,0.505147,0.04124186823605351,0.8961708,0.007793506846086674,0.5666664,0.4626811781266232,0.5,0.0,0.894737,0.0,1.0,0.0,0.22049,0.06140979954697784
mDC,mESC,strict,minus,mlp,4,0.5,0.04044099999999998,0.8953869999999999,0.007035999999999987,0.472222,0.472222,0.5,0.0,0.894737,0.0,1.0,0.0,0.334039,0.2122894588351009
mDC,mESC,strict,scGPT_human,mlp,3,0.5257353333333333,0.013756025209178499,0.8999713333333333,0.0024867213130724767,0.31481466666666663,0.4452151712339651,0.5,0.0,0.894737,0.0,1.0,0.0,0.32889366666666664,0.14304048876765238
mDC,mESC,strict,scconcept,mlp,4,0.5202205,0.035022933354446464,0.898905,0.006093354741027299,0.236111,0.40895624822589516,0.5,0.0,0.894737,0.0,1.0,0.0,0.31530425,0.09012642360699497
mDC,mESC,strict,scconcept_encoded,mlp,5,0.4882354,0.020978479664646825,0.8928288,0.003656819951816044,0.5666664,0.4626811781266232,0.5,0.0,0.894737,0.0,1.0,0.0,0.2404826,0.1351446392449216
mDC,mESC,strict,v4_bias_rec_best,mlp,4,0.5036765,0.03278038488562938,0.89472325,0.006984856991198869,0.236111,0.40895624822589516,0.5,0.0,0.894737,0.0,1.0,0.0,0.36618825,0.20900277696405734
mDC,mESC,strict,v4_plain_best,mlp,3,0.5367646666666667,0.005199120459804267,0.901925,0.0007042783540617991,0.0,0.0,0.5,0.0,0.894737,0.0,1.0,0.0,0.332113,0.014669265921192743
mDC,mESC,strict,v4_type_pe_best,mlp,3,0.459559,0.021012539510175034,0.8862153333333334,0.0022498311541585044,0.6296293333333333,0.4452151712339651,0.5,0.0,0.894737,0.0,1.0,0.0,0.25217333333333336,0.021641563657821845
mDC,mESC,topology_matched,baseline,mlp,4,0.5036765,0.03278038488562938,0.89472325,0.006984856991198869,0.0,0.0,0.5,0.0,0.894737,0.0,1.0,0.0,0.43476425,0.07762426101218291
mDC,mESC,topology_matched,minus,mlp,2,0.474265,0.014705999999999997,0.890528,0.0021769999999999845,0.944444,0.0,0.5,0.0,0.894737,0.0,1.0,0.0,0.123949,0.023826999999999994
mDC,mESC,topology_matched,scGPT_human,mlp,3,0.5036763333333333,0.03342674339839616,0.8958646666666666,0.0057844499786544445,0.31481466666666663,0.4452151712339651,0.5,0.0,0.894737,0.0,1.0,0.0,0.380417,0.12616945434877122
mDC,mESC,topology_matched,scconcept,mlp,3,0.492647,0.023444829593466162,0.893911,0.003932924357269009,0.0,0.0,0.5,0.0,0.894737,0.0,1.0,0.0,0.4864216666666667,0.10756184446271932
mDC,mESC,topology_matched,v4_bias_rec_best,mlp,4,0.49356625,0.04774964361843445,0.8940755,0.008551071321770133,0.472222,0.472222,0.5,0.0,0.894737,0.0,1.0,0.0,0.2713915,0.05702505993201586
mDC,mESC,topology_matched,v4_plain_best,mlp,2,0.5,0.04044099999999998,0.8953869999999999,0.007035999999999987,0.0,0.0,0.5,0.0,0.894737,0.0,1.0,0.0,0.3095905,0.05749950000000001
mDC,mESC,topology_matched,v4_type_pe_best,mlp,4,0.5,0.03985173375776769,0.894097,0.008365447597110385,0.0,0.0,0.5,0.0,0.894737,0.0,1.0,0.0,0.517485,0.08753629536655068
mDC,mHSC-E,coverage_matched,baseline,lr,5,0.5441118,0.042657214336616026,0.4894538,0.03532564285841092,0.5316302,0.05580994329472123,0.5352124,0.02615501068323238,0.458,0.008717797887081356,0.934694,0.017791763701218606,0.3662396,0.01566445452098476
mDC,mHSC-E,coverage_matched,baseline,mlp,5,0.5571092,0.054966975010091276,0.48963439999999997,0.04447260405957807,0.582539,0.04349029532206007,0.5468216,0.03670481634663218,0.468,0.008124038404635941,0.9551024,0.016579537576181053,0.3155876,0.03444044946628891
mDC,mHSC-E,coverage_matched,cl_scratch_v5,lr,5,0.5396826,0.053961011004613334,0.5643172,0.049606561406330116,0.279804,0.11069389152432939,0.5093099999999999,0.03329579392656075,0.542714,0.0,1.0,0.0,0.41595920000000003,0.03808254263780191
mDC,mHSC-E,coverage_matched,cl_scratch_v5,mlp,5,0.4277778,0.04481114893148802,0.4813766,0.02494886264020868,0.07912380000000001,0.06355475532924346,0.4592388,0.023569805153203963,0.542714,0.0,1.0,0.0,0.4429166,0.049815396923441245
mDC,mHSC-E,coverage_matched,cl_v6_fair,lr,5,0.5763374,0.033180154373360006,0.5764308,0.033857662721457904,0.3574748,0.07191695258671629,0.5095678,0.033351121992520744,0.529412,0.0,1.0,0.0,0.3970222,0.038683243992198996
mDC,mHSC-E,coverage_matched,cl_v6_fair,mlp,5,0.5718452,0.045185558955931925,0.5950074,0.0413166083825863,0.282793,0.120638270771758,0.5310186,0.02233900848829239,0.529412,0.0,1.0,0.0,0.3412014,0.02950566804259818
mDC,mHSC-E,coverage_matched,minus,lr,5,0.4232724,0.044033320577035746,0.4329964,0.021251747190290025,0.0371786,0.013990175046796234,0.473266,0.014734989392598818,0.494318,0.0,1.0,0.0,0.4907008,0.008315563177560497
mDC,mHSC-E,coverage_matched,minus,mlp,5,0.4211546,0.04295990434626222,0.4418628,0.01616992705487566,0.008941000000000001,0.010953005140143047,0.4978044,0.005724545138262058,0.494318,0.0,1.0,0.0,0.4550698,0.00687555488378938
mDC,mHSC-E,coverage_matched,scGPT_human,lr,5,0.5937856,0.029910229999784335,0.6752466,0.03098152731290053,0.5344144,0.04429828667838069,0.559441,0.035027531063436354,0.596,0.00489897948556636,0.8108844000000001,0.006665184066475576,0.341909,0.01852023754707266
mDC,mHSC-E,coverage_matched,scGPT_human,mlp,5,0.4956914,0.057886343510710724,0.5885758,0.038429021561314815,0.270407,0.08280389001731743,0.4943188,0.022265681291170954,0.573,0.02580697580112785,0.7795918000000001,0.035111731301090826,0.3821754,0.02302022166357222
mDC,mHSC-E,coverage_matched,scconcept,lr,5,0.4614002,0.02786213693455692,0.5085415999999999,0.026908185175518618,0.500341,0.03632321633886515,0.4793594,0.019440601293169917,0.513,0.019646882704388517,0.629448,0.024106725078284697,0.3671412,0.018640699057707037
mDC,mHSC-E,coverage_matched,scconcept,mlp,5,0.5060846,0.04448285937122297,0.5384208,0.039394527038155935,0.5718766,0.07033118655788483,0.5065046,0.041815002492406946,0.54,0.029154759474226494,0.6625768,0.035772581178327066,0.2993786,0.017557838302023402
mDC,mHSC-E,coverage_matched,scconcept_encoded,lr,5,0.45911240000000003,0.044752815838112366,0.531251,0.034535585496701805,0.29489,0.08451334170413569,0.4629348,0.0401531067460539,0.576,0.006633249580710806,0.96,0.01105536571986652,0.5220472,0.04572507849047391
mDC,mHSC-E,coverage_matched,scconcept_encoded,mlp,5,0.3915038,0.021322919785057584,0.4825358,0.00958047521577088,0.1336784,0.021348904127378526,0.436232,0.01437124202008997,0.564,0.0037416573867738974,0.94,0.0062362738233660035,0.5401924,0.014629842987537485
mDC,mHSC-E,coverage_matched,v4_bias_rec_best,lr,5,0.4217898,0.035763900516582355,0.5335342,0.019192355409381134,0.3233,0.048920596860627115,0.44226180000000004,0.027153397182673112,0.571429,0.0,1.0,0.0,0.4612136,0.022583366078598646
mDC,mHSC-E,coverage_matched,v4_bias_rec_best,mlp,5,0.5183036,0.037934195552825435,0.5979806,0.04488036126236064,0.2452318,0.07325895547822121,0.4916666,0.022968784152409993,0.571429,0.0,1.0,0.0,0.3924542,0.016900725586790635
mDC,mHSC-E,coverage_matched,v4_plain_best,lr,5,0.4132242,0.05170481135987248,0.3528506,0.029132984471900575,0.1629638,0.05913652503284243,0.4396484,0.019538520861109205,0.395,0.012247448713915888,0.8494624,0.0263383834097691,0.4133134,0.025787178663824382
mDC,mHSC-E,coverage_matched,v4_plain_best,mlp,5,0.4247472,0.008429009251388926,0.354943,0.009928220746941514,0.076309,0.048226000642806785,0.4575672,0.013214208041347009,0.396,0.009165151389911688,0.851613,0.019710094500027094,0.332073,0.02370592723350007
mDC,mHSC-E,coverage_matched,v4_type_pe_best,lr,5,0.5139832,0.04634864305413913,0.4227852,0.031965937385911275,0.23247340000000002,0.05228198576029798,0.4734208,0.01789443348530487,0.427778,0.0,1.0,0.0,0.3990548,0.02335269770626084
mDC,mHSC-E,coverage_matched,v4_type_pe_best,mlp,5,0.5225571999999999,0.055706098500613,0.4239926,0.03887498915035218,0.1492014,0.0856206159627458,0.452276,0.03584562486552577,0.427778,0.0,1.0,0.0,0.3260424,0.019040225383119815
mDC,mHSC-E,native,baseline,lr,5,0.4411322,0.03337023275555625,0.460681,0.023187662529888603,0.3524088,0.04388203865546813,0.4484528,0.01626306884201133,0.40099999999999997,0.05083306010855533,0.1218844,0.015450842392568765,0.494024,0.020595893241129412
mDC,mHSC-E,native,baseline,mlp,5,0.4470474,0.03299109691174271,0.4550776,0.01538513034848909,0.1449924,0.03173656159447649,0.4705562,0.012419496244212161,0.394,0.03760319135392634,0.1197568,0.011429450125006015,0.417809,0.018793824911390453
mDC,mHSC-E,native,cl_scratch_v5,lr,5,0.6063604,0.0073829972125147095,0.5854572,0.01672050016476781,0.5073558,0.02785665941494063,0.5740024,0.0106120363097758,0.627,0.024413111231467426,0.1905772,0.00742042250549118,0.3771,0.00877136716823551
mDC,mHSC-E,native,cl_scratch_v5,mlp,5,0.539476,0.018547081010229064,0.5187826,0.01515809211741372,0.2058256,0.059958971487509685,0.500776,0.010101431502514895,0.511,0.04042276586281549,0.15531920000000002,0.012286586269586846,0.3801072,0.019242059010407375
mDC,mHSC-E,native,cl_v6_fair,lr,5,0.6289314,0.015109477166335022,0.6196722,0.028223643070305424,0.5375454000000001,0.0337565199189727,0.5826148,0.016365124287948445,0.669,0.04684015371452148,0.20334359999999999,0.014237177874845844,0.364645,0.012826695303155833
mDC,mHSC-E,native,cl_v6_fair,mlp,5,0.5642582,0.01298668150683614,0.5372608,0.011474808223234063,0.2680732,0.062494603611511934,0.5076596,0.012196837501582127,0.527,0.029257477676655586,0.1601826,0.00889279667146393,0.35689899999999997,0.016563307821809023
mDC,mHSC-E,native,minus,lr,5,0.426164,0.03211251350486287,0.4570966,0.025045455241220916,0.26442319999999997,0.0497496782679044,0.4629082,0.024183372588619655,0.43,0.0520576603392815,0.1306992,0.015822897047001218,0.4966384,0.021260432117903905
mDC,mHSC-E,native,minus,mlp,5,0.3784448,0.036523482054152505,0.427358,0.01741977890789663,0.0929708,0.019956648179491464,0.4717338,0.007984019899774793,0.363,0.0373630833845388,0.1103344,0.01135665907914823,0.4483506,0.015527022555532016
mDC,mHSC-E,native,scGPT_human,lr,5,0.427602,0.016638727535481793,0.4510174,0.012798473887147646,0.3382684,0.026555467908511803,0.4584828,0.015545647408840842,0.398,0.030919249667480622,0.1209726,0.00939797062349101,0.4883922,0.011612540383568112
mDC,mHSC-E,native,scGPT_human,mlp,5,0.458253,0.01430277908659711,0.464991,0.012136328390415271,0.0778046,0.019561611269013603,0.4864476,0.007383907491294842,0.403,0.03443835071544514,0.1224924,0.010467655756662997,0.42401479999999997,0.007580776778140876
mDC,mHSC-E,native,scconcept,lr,5,0.4427684,0.014213755360213558,0.4527022,0.010217917975791352,0.3769104,0.025504919075347004,0.447613,0.011117497650100948,0.375,0.029154759474226497,0.113982,0.008861640593027907,0.4998518,0.011338585580221206
mDC,mHSC-E,native,scconcept,mlp,5,0.4452254,0.014315620511874428,0.44776099999999996,0.010084936628457313,0.3170176,0.030816450649612446,0.453248,0.01769030133152062,0.34400000000000003,0.041880783182743846,0.1045592,0.012729733294928061,0.39843459999999997,0.01602449563137635
mDC,mHSC-E,native,scconcept_encoded,lr,5,0.4392476,0.012265669710211506,0.457351,0.010273947420539005,0.4310172,0.020334225073997788,0.458805,0.011779864837934261,0.395,0.030659419433511772,0.1200608,0.009319158854746495,0.5011896,0.009129174433649518
mDC,mHSC-E,native,scconcept_encoded,mlp,5,0.4257184,0.018003715400994318,0.4368108,0.010301276627680676,0.264483,0.04733337137791898,0.44251440000000003,0.013759155535133691,0.33,0.026645825188948438,0.100304,0.008099242507790465,0.45339999999999997,0.01869129808226278
mDC,mHSC-E,native,v4_bias_rec_best,lr,5,0.4067188,0.02513489744080925,0.4386228,0.015289936695748607,0.2505228,0.05023705101774984,0.4515694,0.016113058326711296,0.369,0.03942080668885404,0.1121582,0.011981799454172146,0.506333,0.015950952598512726
mDC,mHSC-E,native,v4_bias_rec_best,mlp,5,0.46685740000000003,0.021555885587003852,0.4667306,0.011956159125739323,0.1400698,0.022917867565722606,0.4667296,0.008859592329221462,0.386,0.03679673898594821,0.1173252,0.011184491108673653,0.4171914,0.027760267711965592
mDC,mHSC-E,native,v4_plain_best,lr,5,0.3740716,0.020486737305876693,0.4138138,0.00887483880191635,0.2855214,0.032898205577812305,0.4119302,0.01424405421781312,0.31,0.01449137674618945,0.094225,0.004404757473459803,0.5424326,0.012301776288000032
mDC,mHSC-E,native,v4_plain_best,mlp,5,0.4356594,0.026576974489960298,0.453142,0.01490535063660027,0.11524039999999999,0.05800016305011564,0.477169,0.008789339542878073,0.381,0.04543126676640218,0.1158054,0.013808961200611727,0.4299694,0.022517594521617983
mDC,mHSC-E,native,v4_type_pe_best,lr,5,0.5120508,0.02576874558374932,0.4983174,0.020968196857145363,0.35438000000000003,0.04181317944859012,0.4976198,0.01813587939307052,0.479,0.05774080013300818,0.1455928,0.017550428774249366,0.4568588,0.01802822541904776
mDC,mHSC-E,native,v4_type_pe_best,mlp,5,0.5107178,0.03287224251796643,0.499628,0.028686593830568326,0.1340848,0.0212779978513017,0.49329100000000004,0.010942799331066993,0.47600000000000003,0.055892754449928486,0.1446808,0.016988699331025908,0.4201352,0.011931435561574309
mDC,mHSC-E,strict,baseline,lr,5,0.5299882,0.03731580446084474,0.4007448,0.026138261835095312,0.351414,0.026574240587456117,0.5142102,0.02250845849364191,0.39,0.018165902124584948,0.5820896,0.027113434644839816,0.3555436,0.02444701880066361
mDC,mHSC-E,strict,baseline,mlp,5,0.604402,0.03014189826139024,0.46925079999999997,0.028873370100492242,0.32471099999999997,0.06752435747787608,0.544157,0.023736317582978204,0.432,0.022271057451320086,0.6447762,0.03324025370781636,0.26271120000000003,0.011951196248074919
mDC,mHSC-E,strict,cl_scratch_v5,lr,5,0.5737466,0.053607222067926646,0.44868020000000003,0.05008758526581214,0.4116394,0.08891962296051417,0.5347824,0.05132863073022696,0.428,0.02731300056749533,0.6388058,0.04076584691822309,0.3464582,0.03304980168412513
mDC,mHSC-E,strict,cl_scratch_v5,mlp,5,0.6456014,0.031572811142500455,0.5351564,0.057728695940927006,0.3453586,0.10077600014408193,0.572839,0.04028228010924903,0.46399999999999997,0.020591260281973993,0.6925372,0.03073304845536804,0.2467698,0.021190262937490892
mDC,mHSC-E,strict,cl_v6_fair,lr,5,0.5795722,0.047410444762309496,0.4397468,0.0369190769407904,0.4201332,0.08277746178858106,0.5408626,0.035374391384729156,0.428,0.031240998703626625,0.638806,0.04662859897101777,0.3400568,0.02318138769271589
mDC,mHSC-E,strict,cl_v6_fair,mlp,5,0.6364879999999999,0.026943713188794148,0.5189090000000001,0.03958488477689434,0.3492344,0.08327223469704652,0.5632508,0.02907950006035181,0.46,0.023237900077244505,0.6865672,0.034683426528530875,0.2564798,0.01884172711191837
mDC,mHSC-E,strict,minus,lr,5,0.461462,0.06960798986897983,0.3691722,0.04246345984679062,0.3156124,0.08634177793073293,0.4827396,0.05608975681031252,0.359,0.034842502780368684,0.5358208,0.052003606384173034,0.390878,0.03990257677895
mDC,mHSC-E,strict,minus,mlp,5,0.5606026,0.0521433612671834,0.48152160000000005,0.051253669045640056,0.3598868,0.06354247761426997,0.5548042,0.027775929863102712,0.40800000000000003,0.030594117081556713,0.6089554,0.04566272647400723,0.265659,0.016859705537167608
mDC,mHSC-E,strict,scGPT_human,lr,5,0.6310752,0.055910575426836716,0.528083,0.056301027798788914,0.448806,0.06561966144990386,0.5906286000000001,0.03969824780314617,0.449,0.03992492955535426,0.6701494,0.05958952029543452,0.2969812,0.030247933902334538
mDC,mHSC-E,strict,scGPT_human,mlp,5,0.6347688,0.023335073905175432,0.5023592,0.038118237311817,0.2921082,0.07707994409287024,0.5518984,0.031837591244313686,0.454,0.01356465996625053,0.6776118,0.02024583002398274,0.265598,0.016160469770399626
mDC,mHSC-E,strict,scconcept,lr,5,0.5052412000000001,0.023201600974070747,0.382586,0.02223446507564325,0.382919,0.029222363347272236,0.5014684,0.021139699104764962,0.393,0.015033296378372906,0.5865672,0.022437687085793842,0.38262,0.017703719462305097
mDC,mHSC-E,strict,scconcept,mlp,5,0.5377878,0.03192769362418777,0.4176258,0.029210363122700124,0.326789,0.012763778735155197,0.5253523999999999,0.01125463262128091,0.40199999999999997,0.020639767440550284,0.5999998,0.030805744388993434,0.2883976,0.019413003040230525
mDC,mHSC-E,strict,scconcept_encoded,lr,5,0.4440678,0.030839753963999125,0.36687,0.02483459577283269,0.4083652,0.0260325343629851,0.4661498,0.02117754926708943,0.356,0.01655294535724684,0.5313432,0.024705742161691892,0.48815780000000003,0.020239795447582976
mDC,mHSC-E,strict,scconcept_encoded,mlp,5,0.3919458,0.025821744188958263,0.3123946,0.011116949664363874,0.2423116,0.019827917748467695,0.4247336,0.032609858390370235,0.313,0.012884098726725137,0.4671644,0.01923004513359237,0.3966782,0.02942744265069598
mDC,mHSC-E,strict,v4_bias_rec_best,lr,5,0.5057846,0.02508165763740507,0.452229,0.016481089005281183,0.3787432,0.03584154652578485,0.5148739999999999,0.022097089120515414,0.372,0.016309506430300102,0.5552238,0.02434257601323244,0.368277,0.016603647671520845
mDC,mHSC-E,strict,v4_bias_rec_best,mlp,5,0.564468,0.04371874059027775,0.4830202,0.04097283423635712,0.269343,0.06637193187183871,0.5474414,0.0203751415465022,0.41,0.02846049894151542,0.6119402,0.042478313626602475,0.2664406,0.014458617590904044
mDC,mHSC-E,strict,v4_plain_best,lr,5,0.5492124,0.03701814573205957,0.4740532,0.019843686042668576,0.4112168,0.025056378951476613,0.5280452,0.025941866597452064,0.414,0.028705400188814647,0.6179102,0.04284386184927776,0.3607374,0.02791799924493156
mDC,mHSC-E,strict,v4_plain_best,mlp,5,0.5307864,0.04493057625092293,0.4400198,0.041830973344640206,0.2923712,0.07670560294632982,0.5340154,0.02694911555209188,0.39,0.03660601043544626,0.5820896,0.05463580915333823,0.2808158,0.015204540182458669
mDC,mHSC-E,strict,v4_type_pe_best,lr,5,0.4728318,0.050853060711819484,0.3583704,0.030466823074288545,0.2881276,0.05977587521935584,0.4789396,0.025171691151768084,0.363,0.039698866482558416,0.5417912,0.05925187816229965,0.3869302,0.022486065430839607
mDC,mHSC-E,strict,v4_type_pe_best,mlp,5,0.5742966,0.0383696147523011,0.4461092,0.048059230515687626,0.2632432,0.0808527085369439,0.5236332,0.02902665230025673,0.419,0.022671568097509264,0.6253732,0.033837985828946725,0.270949,0.022856623923930664
mDC,mHSC-E,topology_matched,baseline,lr,5,0.5141776,0.018639698008283308,0.338953,0.011336007180661101,0.3170322,0.027596760312761363,0.5073598,0.016896367649882636,0.345,0.013038404810405283,0.8414636,0.03180112951201574,0.3384916,0.017377951577789593
mDC,mHSC-E,topology_matched,baseline,mlp,5,0.6096848,0.020163305764680554,0.4392132,0.03150563560000021,0.3550998,0.060067781531866156,0.5672942,0.02625648998933405,0.357,0.006782329983125274,0.870732,0.016542102828842536,0.232508,0.00811113198018625
mDC,mHSC-E,topology_matched,cl_scratch_v5,lr,5,0.6112136,0.055254480370735576,0.4660334,0.054446730284196145,0.443847,0.09621631428193453,0.5600196000000001,0.05590766671790195,0.416,0.012409673645990844,0.8946236,0.026687357738075162,0.3208892,0.03304768818177756
mDC,mHSC-E,topology_matched,cl_scratch_v5,mlp,5,0.626016,0.04472699851767388,0.4930882,0.0672526762185714,0.3025034,0.1265347157875656,0.5573034,0.04749287240670963,0.412,0.005999999999999979,0.8860216,0.012903133334194452,0.2538168,0.01984455975223436
mDC,mHSC-E,topology_matched,cl_v6_fair,lr,5,0.5651724,0.0657575583658639,0.41780639999999997,0.05704206221587714,0.4135856,0.08184273417866732,0.5438362,0.04059143018618583,0.367,0.014352700094407317,0.9175,0.03588175023601831,0.3420184,0.02704532508660231
mDC,mHSC-E,topology_matched,cl_v6_fair,mlp,5,0.6712586,0.02550808390765561,0.5449206,0.04361812996725102,0.4169928,0.08979092349764534,0.6033622,0.03604081699073985,0.381,0.0058309518948453055,0.9525,0.014577379737113249,0.2309426,0.01660092476460273
mDC,mHSC-E,topology_matched,minus,lr,5,0.4818306,0.069648057464943,0.5112498,0.047025591940559344,0.40550559999999997,0.10718494581721817,0.5107782,0.06347875370043113,0.508021,0.0,1.0,0.0,0.41643399999999997,0.049708457787382615
mDC,mHSC-E,topology_matched,minus,mlp,5,0.6022652000000001,0.042073627247481295,0.6441566,0.03155577297801468,0.4278058,0.07852523460748143,0.5740616,0.022330247832032666,0.508021,0.0,1.0,0.0,0.290288,0.017311269601043133
mDC,mHSC-E,topology_matched,scGPT_human,lr,5,0.6451382,0.03350714436892528,0.5812954,0.03187456659219074,0.4439746,0.044441712822977465,0.5863062,0.01961205680595486,0.484,0.009165151389911688,0.9046728,0.017131500978022903,0.3128034,0.024211708337909577
mDC,mHSC-E,topology_matched,scGPT_human,mlp,5,0.6474116,0.028677570759044427,0.5622192,0.035131128967911075,0.29287,0.0988921913762659,0.556287,0.03181425525766714,0.48,0.004472135954999583,0.897196,0.008359316527085183,0.2888658,0.023119089786581136
mDC,mHSC-E,topology_matched,scconcept,lr,5,0.505341,0.024635912867194507,0.4467916,0.02699232786997074,0.4059804,0.041501721779222615,0.5003122,0.021046493963603526,0.429293,0.0,1.0,0.0,0.3868464,0.02061374555581784
mDC,mHSC-E,topology_matched,scconcept,mlp,5,0.5359916,0.03598757168023428,0.4872316,0.036327665323276706,0.337376,0.02900306785841802,0.5308904,0.0172885193998792,0.429293,0.0,1.0,0.0,0.300016,0.023271479549010207
mDC,mHSC-E,topology_matched,scconcept_encoded,lr,5,0.3780846,0.04289745849627923,0.2591124,0.02200514258622289,0.2850546,0.024138269553553332,0.410517,0.028376551270371118,0.28,0.006324555320336747,0.848485,0.019165299987216496,0.5236528,0.034919956623111655
mDC,mHSC-E,topology_matched,scconcept_encoded,mlp,5,0.3532878,0.02675990302971967,0.2294112,0.008157144828921457,0.16228800000000002,0.028048822770305352,0.3918302,0.037035681235262845,0.288,0.013999999999999995,0.872727,0.04242414285757579,0.3874572,0.034418747562338765
mDC,mHSC-E,topology_matched,v4_bias_rec_best,lr,5,0.5049834,0.030661325115526224,0.5165436,0.02472626123456599,0.4204336,0.04085582863974246,0.5115166,0.03638354927491267,0.42,0.009486832980505146,0.8750002,0.01976412996719056,0.3916716,0.025434303502160225
mDC,mHSC-E,topology_matched,v4_bias_rec_best,mlp,5,0.5741998,0.03735857022103494,0.5492614,0.042047399499136696,0.28317159999999997,0.06664482021162635,0.5543082,0.014658915340501868,0.445,0.008944271909999166,0.9270834,0.018634048884770056,0.2868836,0.015114815481506878
mDC,mHSC-E,topology_matched,v4_plain_best,lr,5,0.5810917999999999,0.037094751932854324,0.5447314,0.024977887953948404,0.462555,0.02760458877070983,0.5436124,0.023325845567524442,0.427835,0.0,1.0,0.0,0.3657682,0.029761435304097823
mDC,mHSC-E,topology_matched,v4_plain_best,mlp,5,0.577944,0.045410035692564694,0.5218119999999999,0.05413509754309122,0.334755,0.09221154768248932,0.545718,0.03617287783961901,0.427835,0.0,1.0,0.0,0.2886014,0.01658292481560476
mDC,mHSC-E,topology_matched,v4_type_pe_best,lr,5,0.5440438,0.07405220383864346,0.3943674,0.04598714401482224,0.3297806,0.08869222196472473,0.5133212,0.04871812361903938,0.370588,0.0,1.0,0.0,0.3520276,0.03189360136829956
mDC,mHSC-E,topology_matched,v4_type_pe_best,mlp,5,0.563566,0.05727938291567044,0.4228116,0.04639102946303306,0.2113442,0.07659711839854029,0.5054442,0.02792557574983908,0.370588,0.0,1.0,0.0,0.2769722,0.02844063644435545
mDC,mHSC-GM,coverage_matched,baseline,lr,5,0.341951,0.02783635576723362,0.402997,0.01364643987272871,0.1967322,0.029386612206241124,0.4562178,0.025518455716598522,0.46799999999999997,0.002449489742783153,0.9551024,0.004998918667071905,0.45357000000000003,0.014818387726065207
mDC,mHSC-GM,coverage_matched,baseline,mlp,5,0.427408,0.05306306776280467,0.4544608,0.0329784357688475,0.1024518,0.025683383331640715,0.4922086,0.01920794435227257,0.471,0.004898979485566347,0.9612248,0.00999783733414381,0.3872994,0.022345995064888022
mDC,mHSC-GM,coverage_matched,cl_scratch_v5,lr,5,0.47013499999999997,0.04033076476339124,0.5121746,0.02667910393247868,0.4620494,0.052808403189643985,0.490163,0.038259181779018755,0.508,0.012884098726725137,0.787597,0.019975165160769033,0.4019092,0.0249618900438248
mDC,mHSC-GM,coverage_matched,cl_scratch_v5,mlp,5,0.5669944,0.061793247510063744,0.6017358,0.04499074665484004,0.3797906,0.08218029130783122,0.5236634,0.04425689860168695,0.542,0.02657066051117285,0.84031,0.04119476064744158,0.31756460000000003,0.0270560657125163
mDC,mHSC-GM,coverage_matched,cl_v6_fair,lr,5,0.4299098,0.05282463186582562,0.49647579999999997,0.04318147589603672,0.3851946,0.05937434455250852,0.4525674,0.04883802117858586,0.491,0.009695359714832668,0.798374,0.0157646548963179,0.4458144,0.03172228533129352
mDC,mHSC-GM,coverage_matched,cl_v6_fair,mlp,5,0.4342462,0.04147813797845798,0.5166528,0.03021915745615687,0.38960680000000003,0.022815373943023593,0.4738768,0.047019298958619116,0.488,0.015684387141358117,0.7934958,0.025503170535445176,0.352162,0.01756016144572709
mDC,mHSC-GM,coverage_matched,minus,lr,5,0.35165820000000003,0.017616408423966567,0.4882852,0.007369258562433554,0.2040664,0.03448519756417237,0.421706,0.018249826114240107,0.548,0.008717797887081356,0.7664338,0.012192712124871986,0.5606724,0.007201142648219077
mDC,mHSC-GM,coverage_matched,minus,mlp,5,0.4535484,0.031716302007642694,0.5542934,0.017502360601930236,0.0135342,0.014704907295185508,0.4906254,0.012165209913519773,0.572,0.01469693845669903,0.8000002,0.0205551381255393,0.5066064,0.019835965281276336
mDC,mHSC-GM,coverage_matched,scGPT_human,lr,5,0.5642414,0.027311691683965668,0.657826,0.02980268831498259,0.27981639999999997,0.023766746934319793,0.5242226,0.025975591963225797,0.6,0.01140175425099139,0.8955222,0.017017556750603197,0.4418412,0.015329631625058697
mDC,mHSC-GM,coverage_matched,scGPT_human,mlp,5,0.5576338,0.03547411195449437,0.6435644,0.026135155921478644,0.3096954,0.06317299428268379,0.5345304,0.011759626092695303,0.588,0.00509901951359279,0.877612,0.007610482744215365,0.3831836,0.01884516950945255
mDC,mHSC-GM,coverage_matched,scconcept,lr,5,0.522625,0.016540686116361676,0.6058754,0.011055154410500144,0.2680524,0.07462755259178744,0.5408658,0.016984454979774903,0.553,0.00509901951359279,0.9534484,0.008791454887559834,0.4318542,0.026012985022100032
mDC,mHSC-GM,coverage_matched,scconcept,mlp,5,0.520497,0.047580215497620454,0.5910124,0.041579052291267994,0.1901336,0.11362208564992987,0.516526,0.011220033992818346,0.55,0.006324555320336764,0.9482758,0.010904482058309763,0.3890434,0.04733836139369423
mDC,mHSC-GM,coverage_matched,scconcept_encoded,lr,5,0.5075803999999999,0.02619300992707787,0.6262804,0.012374749784945127,0.5580396,0.012493088931085054,0.5016392000000001,0.015142688009729306,0.618,0.019646882704388517,0.8295304,0.02637175616146939,0.4433148,0.014665427486438986
mDC,mHSC-GM,coverage_matched,scconcept_encoded,mlp,5,0.5007699999999999,0.032126374616504735,0.6315508,0.01995348909238683,0.5460389999999999,0.05667176829074597,0.4859414,0.023618935349418266,0.61,0.0054772255750516665,0.8187918,0.007351897317019595,0.3754522,0.03680521352960747
mDC,mHSC-GM,coverage_matched,v4_bias_rec_best,lr,5,0.40962339999999997,0.0622639951098546,0.4201866,0.03704698372931323,0.2280262,0.021333041877800735,0.4677602,0.029897401856348642,0.458,0.00244948974278318,0.995652,0.005325190700810652,0.4453322,0.02730431539079491
mDC,mHSC-GM,coverage_matched,v4_bias_rec_best,mlp,5,0.4840944,0.0202838250298113,0.4657888,0.025391511072797534,0.0703036,0.049727666482954944,0.5076388000000001,0.0076604844598758895,0.459,0.0020000000000000018,0.997826,0.0043480000000000185,0.3800986,0.011888487987965506
mDC,mHSC-GM,coverage_matched,v4_plain_best,lr,5,0.410547,0.01840029755194194,0.40005799999999997,0.018537003706100934,0.394388,0.02627160769347776,0.430948,0.015045177632716747,0.427,0.008124038404635967,0.821154,0.015623141310248688,0.4504654,0.01471894937283229
mDC,mHSC-GM,coverage_matched,v4_plain_best,mlp,5,0.4629994,0.025635375406652432,0.4337644,0.025003179194654432,0.2585062,0.06634842137504102,0.4833482,0.027415972332930298,0.435,0.007071067811865481,0.8365384,0.013598087668492204,0.3236804,0.023008617868963792
mDC,mHSC-GM,coverage_matched,v4_type_pe_best,lr,5,0.3820882,0.013205268606128395,0.3894592,0.016959746618390274,0.09829840000000001,0.03879174297501983,0.47422000000000003,0.015461053120664215,0.428,0.00244948974278318,0.8734694,0.004998918667071905,0.4347696,0.011709044514391424
mDC,mHSC-GM,coverage_matched,v4_type_pe_best,mlp,5,0.447723,0.03494799375643759,0.4324986,0.018183529443977598,0.0463134,0.030980075013466318,0.504807,0.006928643099482039,0.443,0.012884098726725137,0.9040816,0.026294132574397694,0.3778092,0.03085645504849836
mDC,mHSC-GM,native,baseline,lr,5,0.4492432,0.012950358564920128,0.4777458,0.011850178452664742,0.40420480000000003,0.018081396963730435,0.46486500000000003,0.011416254534653647,0.43,0.024289915602982243,0.128358,0.007250786826269265,0.483,0.00997183960962068
mDC,mHSC-GM,native,baseline,mlp,5,0.4294022,0.016818514481368438,0.47252500000000003,0.011612853533908027,0.2503878,0.04473928329510878,0.472495,0.009562255173336474,0.448,0.02501999200639359,0.1337314,0.007468579532950025,0.4149394,0.016187456138627838
mDC,mHSC-GM,native,cl_scratch_v5,lr,5,0.4936492,0.020980123940529997,0.5126752,0.01466569141090865,0.438755,0.025071525593788665,0.4967218,0.013709728989298078,0.506,0.03397057550292607,0.1510446,0.010140464064331568,0.4479932,0.009876990764397825
mDC,mHSC-GM,native,cl_scratch_v5,mlp,5,0.439414,0.025940770289257037,0.48351320000000003,0.015846924930723944,0.2622662,0.038972792609203666,0.4768078,0.016144818244873477,0.456,0.02596150997149434,0.1361192,0.007749618581581935,0.4091736,0.012313992343671493
mDC,mHSC-GM,native,cl_v6_fair,lr,5,0.502796,0.016578697910270283,0.5206916,0.013426770074742456,0.444203,0.01463347748144644,0.5077184,0.011714896185626229,0.537,0.02839013913315678,0.1602984,0.00847467492237903,0.4445136,0.00967609434844453
mDC,mHSC-GM,native,cl_v6_fair,mlp,5,0.41503059999999997,0.028805773571282545,0.47193999999999997,0.01846211110355476,0.2692508,0.04023653280987317,0.4588926,0.02016369248525677,0.444,0.042591078878093706,0.1325372,0.01271362957459435,0.4201108,0.013117717444738638
mDC,mHSC-GM,native,minus,lr,5,0.4229276,0.020466424598351317,0.4664854,0.01748720680497604,0.307902,0.016464540989654105,0.4671012,0.014877522218434093,0.427,0.027313000567495326,0.1274628,0.00815316499035804,0.498767,0.015562595683239979
mDC,mHSC-GM,native,minus,mlp,5,0.3710978,0.022946658575051845,0.4549102,0.014019506430684357,0.1964988,0.02117074384522188,0.4660166,0.017674565336663867,0.412,0.02874021572639983,0.1229852,0.00857914924453468,0.4445252,0.01128416773005435
mDC,mHSC-GM,native,scGPT_human,lr,5,0.3954602,0.015836059603323047,0.4418436,0.009793530570739038,0.3216584,0.02244118372635454,0.42983,0.011579917909899014,0.382,0.026000000000000006,0.1140298,0.007761207699836414,0.5159834,0.012610841107555055
mDC,mHSC-GM,native,scGPT_human,mlp,5,0.3913896,0.01064148597894109,0.4617162,0.005850120696190795,0.1525406,0.021755646757566187,0.4730592,0.0036213656760951426,0.391,0.01593737745050923,0.1167164,0.004757470319402948,0.4388854,0.006583243413394347
mDC,mHSC-GM,native,scconcept,lr,5,0.5373704,0.018491395248601473,0.5394338,0.01643961412442518,0.4734208,0.023147331184393573,0.5271734,0.017012816399408985,0.543,0.032649655434629,0.1620898,0.009746154921814038,0.426849,0.015435541273308167
mDC,mHSC-GM,native,scconcept,mlp,5,0.5484188,0.016945397397523605,0.5629914,0.014861102820450443,0.4265112,0.014611517175160143,0.5333606,0.010216936186548306,0.609,0.015620499351813323,0.1817912,0.004663115971107723,0.3436302,0.01536013419733044
mDC,mHSC-GM,native,scconcept_encoded,lr,5,0.5234326,0.007088036557467803,0.5149638,0.006096311619331819,0.4639952,0.01285010149998825,0.5141102,0.0050766931914386975,0.488,0.0220454076850486,0.1456718,0.006580672135883988,0.4451776,0.005450458131203296
mDC,mHSC-GM,native,scconcept_encoded,mlp,5,0.5199178,0.012840595584317747,0.5247798,0.006799963041076037,0.3485902,0.030396341795683242,0.510369,0.002223674436602647,0.535,0.012247448713915901,0.1597014,0.003656108401018763,0.4037232,0.010681915285191147
mDC,mHSC-GM,native,v4_bias_rec_best,lr,5,0.4122302,0.01334829033846657,0.4602906,0.009154611681551557,0.3307664,0.029371809618067447,0.455748,0.010915572490712528,0.404,0.016248076809271914,0.120597,0.004850050927567667,0.4990698,0.011236330724929744
mDC,mHSC-GM,native,v4_bias_rec_best,mlp,5,0.358541,0.013602355575414126,0.443201,0.011682377103997279,0.2125202,0.026618734368109992,0.44340219999999997,0.022620248534443645,0.392,0.04093897898091743,0.11701500000000001,0.012220627201580124,0.4429618,0.016986170603170092
mDC,mHSC-GM,native,v4_plain_best,lr,5,0.3704316,0.010774858376795498,0.4307802,0.0077452356813721215,0.3340208,0.014911871584747497,0.4188016,0.0036934083229450848,0.355,0.019235384061671346,0.1059702,0.005741762147633772,0.5363204,0.005670272536659973
mDC,mHSC-GM,native,v4_plain_best,mlp,5,0.3862482,0.011661107364225752,0.4556696,0.007050733312216541,0.1997222,0.03426542484429457,0.4722494,0.007023779170788342,0.415,0.022803508501982764,0.12388060000000001,0.006806891143539758,0.438989,0.014041311918763155
mDC,mHSC-GM,native,v4_type_pe_best,lr,5,0.424327,0.018572444373318238,0.4604414,0.015481120961997554,0.34661759999999997,0.01276436955904991,0.4530474,0.015544758751424857,0.403,0.050556898639058157,0.1202982,0.015091578411816305,0.500696,0.013853846917011883
mDC,mHSC-GM,native,v4_type_pe_best,mlp,5,0.38815900000000003,0.023199785438663002,0.4571912,0.015681084125786705,0.2002748,0.013729015615112396,0.4596212,0.024208982088472858,0.405,0.03535533905932738,0.1208956,0.01055373842010498,0.4442938,0.013104398183815993
mDC,mHSC-GM,strict,baseline,lr,5,0.4908036,0.025848453273648694,0.3536308,0.021285852450865103,0.3667004,0.02961417837860778,0.4976452,0.021111946280719843,0.34199999999999997,0.02731300056749533,0.3976744,0.03175927880541369,0.3849222,0.013740972111171753
mDC,mHSC-GM,strict,baseline,mlp,5,0.5116224,0.024682698309544678,0.3979586,0.023107262049840514,0.3200942,0.0493468992071437,0.515855,0.023953789721044137,0.369,0.025573423705088846,0.42907,0.029736417336323484,0.2867692,0.022977584967963885
mDC,mHSC-GM,strict,cl_scratch_v5,lr,5,0.449927,0.02073406795590291,0.3357562,0.015026092977217988,0.3279894,0.024534486508586244,0.4587246,0.02012169854261811,0.306,0.023537204591879638,0.355814,0.02736867062902399,0.4198818,0.023073394872883356
mDC,mHSC-GM,strict,cl_scratch_v5,mlp,5,0.529856,0.04536456714661787,0.428674,0.035773004788527345,0.3160132,0.03460447314091056,0.5306896,0.020852901396208653,0.377,0.03140063693621516,0.4383722,0.036512272103499666,0.2785834,0.023199527983129315
mDC,mHSC-GM,strict,cl_v6_fair,lr,5,0.4167436,0.017388613752683114,0.3217914,0.011287878199201124,0.3018814,0.014328809700739272,0.42579,0.009745722713067503,0.268,0.019646882704388496,0.3116276,0.022845008379074844,0.4478616,0.014853554828390396
mDC,mHSC-GM,strict,cl_v6_fair,mlp,5,0.5024936,0.030823460607790298,0.4087692,0.02600732917006281,0.3308012,0.025052406386612838,0.5195628,0.02026525507759527,0.355,0.03361547262794321,0.4127908,0.0390877443421848,0.3024056,0.023382285111596766
mDC,mHSC-GM,strict,minus,lr,5,0.434489,0.012259289424758686,0.3407702,0.02025603812595148,0.3585878,0.016634297573387337,0.46578179999999997,0.011239815414854455,0.322,0.006782329983125274,0.3744186,0.007886493304378062,0.4451404,0.013923392066590677
mDC,mHSC-GM,strict,minus,mlp,5,0.4961642,0.01827012769960846,0.4154266,0.018994364075693618,0.3505796,0.021900014215520503,0.5209668000000001,0.010500680785549058,0.361,0.008602325267042634,0.41976779999999997,0.010002783820517162,0.2945148,0.019221056437147256
mDC,mHSC-GM,strict,scGPT_human,lr,5,0.4372184,0.0293071022559379,0.3444502,0.019636961113166172,0.3149256,0.020033949481817113,0.4700418,0.01778129901216444,0.317,0.02675817632051931,0.3686046,0.031114407425499854,0.4023396,0.022236283849600406
mDC,mHSC-GM,strict,scGPT_human,mlp,5,0.47713880000000003,0.019219741448833278,0.3924134,0.016400418733678715,0.2783714,0.0220665634080162,0.505825,0.010072223210394006,0.34299999999999997,0.011224972160321808,0.3988374,0.013052397628022214,0.3019636,0.01909589408852072
mDC,mHSC-GM,strict,scconcept,lr,5,0.5165494,0.02511509039282959,0.38457420000000003,0.012228651526640209,0.3876862,0.018940166487124665,0.5093022,0.013427433386913531,0.365,0.019235384061671346,0.4244186,0.022366488688213882,0.3759628,0.014870675538118638
mDC,mHSC-GM,strict,scconcept,mlp,5,0.544217,0.0141781867811085,0.438965,0.008625908601417005,0.3648592,0.03707023272330509,0.5447418,0.01611791222708453,0.388,0.014696938456699065,0.4511626,0.01708928704890874,0.2797864,0.014812276902623718
mDC,mHSC-GM,strict,scconcept_encoded,lr,5,0.479227,0.0041935745134669905,0.325622,0.00663891072390645,0.3905312,0.01839891818993715,0.4874178,0.0119775846212832,0.335,0.013416407864998734,0.389535,0.015600599065420537,0.4469214,0.011564655059274356
mDC,mHSC-GM,strict,scconcept_encoded,mlp,5,0.5086058,0.02859997677901155,0.4114198,0.022566266074829477,0.34777399999999997,0.03290679956483157,0.5153066,0.025987238087953866,0.351,0.028178005607210746,0.4081398,0.03276538492006464,0.3253022,0.025641561632630722
mDC,mHSC-GM,strict,v4_bias_rec_best,lr,5,0.4137744,0.01741052215874068,0.3130688,0.01448100749809901,0.2896656,0.030092229572432825,0.4415094,0.024334453966341624,0.286,0.029393876913398145,0.332558,0.034178853064431525,0.43010139999999997,0.017675621365032687
mDC,mHSC-GM,strict,v4_bias_rec_best,mlp,5,0.4883484,0.009099837286457387,0.3781922,0.006718862832354895,0.266246,0.02667184390326248,0.5087392,0.007117279772497343,0.335,0.008944271909999142,0.389535,0.010400399376947022,0.2879646,0.005979088947323001
mDC,mHSC-GM,strict,v4_plain_best,lr,5,0.4082126,0.018595940445161677,0.3046628,0.015916116729906206,0.3097456,0.01567624039876909,0.4303934,0.016926320871352988,0.274,0.012409673645990849,0.3186046,0.014429597840549828,0.4497102,0.01698742452992802
mDC,mHSC-GM,strict,v4_plain_best,mlp,5,0.4794556,0.022789298414826197,0.3757864,0.005363473150860361,0.2845356,0.023233086377836238,0.5014808,0.01035886228115811,0.345,0.019235384061671336,0.401163,0.022366904586911433,0.3005614,0.028530069537945395
mDC,mHSC-GM,strict,v4_type_pe_best,lr,5,0.4356444,0.023039178775294922,0.3443112,0.01844749520558279,0.2776148,0.027829108483025465,0.4432608,0.01748591128194353,0.299,0.019339079605813724,0.3476742,0.022487481765640194,0.40721820000000003,0.019722789228706978
mDC,mHSC-GM,strict,v4_type_pe_best,mlp,5,0.5018942,0.029403491264814133,0.4094236,0.016387194007516957,0.3038312,0.048352273255349645,0.5169008,0.016104280665711214,0.35,0.034058772731852795,0.40697679999999997,0.03960315923963642,0.28402120000000003,0.016127392044592955
mDC,mHSC-GM,topology_matched,baseline,lr,5,0.5320466,0.036733883702108075,0.3984908,0.042323386321985144,0.4040302,0.03631050214139153,0.5385752,0.0274867671027351,0.353293,0.0,1.0,0.0,0.344939,0.025225425998385044
mDC,mHSC-GM,topology_matched,baseline,mlp,5,0.50656,0.029319643115154045,0.376998,0.015641973481629493,0.2580052,0.054494583699299874,0.5043158,0.009807231034293004,0.353293,0.0,1.0,0.0,0.2820804,0.021519902031375507
mDC,mHSC-GM,topology_matched,cl_scratch_v5,lr,5,0.44378059999999997,0.021773465930806698,0.40624499999999997,0.01991811552331194,0.3949572,0.03287653460083649,0.4759072,0.012954380469941438,0.395,0.0,1.0,0.0,0.4323634,0.012429374539372443
mDC,mHSC-GM,topology_matched,cl_scratch_v5,mlp,5,0.5620986,0.05315123154020047,0.5219572,0.037590791901209,0.3949664,0.018995421581002096,0.5636258000000001,0.026710078804825704,0.395,0.0,1.0,0.0,0.2770878,0.03209577028457177
mDC,mHSC-GM,topology_matched,cl_v6_fair,lr,5,0.4401538,0.029807495395621542,0.3139504,0.036537977221515694,0.3066338,0.03074622387481103,0.4474124,0.028353586401723512,0.297297,0.0,1.0,0.0,0.434412,0.024783810594821775
mDC,mHSC-GM,topology_matched,cl_v6_fair,mlp,5,0.5630212,0.04800816613618977,0.4483908,0.04634768078944187,0.3763732,0.043321469607574485,0.5565036,0.03519775720468565,0.297297,0.0,1.0,0.0,0.2686322,0.030008033607019296
mDC,mHSC-GM,topology_matched,minus,lr,5,0.461469,0.01714533442076882,0.314747,0.026339048555329394,0.3449002,0.023095445182113306,0.4927056,0.013571510094311531,0.304124,0.0,1.0,0.0,0.4054478,0.013369715605053088
mDC,mHSC-GM,topology_matched,minus,mlp,5,0.5005398,0.022185531991818434,0.3744004,0.019147226353704607,0.334879,0.028465590912538596,0.5235658,0.004518560762012619,0.304124,0.0,1.0,0.0,0.284676,0.020999358628300994
mDC,mHSC-GM,topology_matched,scGPT_human,lr,5,0.3772348,0.027186570518548316,0.3415672,0.0167404207760737,0.2640762,0.029196384580286644,0.4363244,0.02072444000304955,0.382199,0.0,1.0,0.0,0.4434358,0.013927603905912897
mDC,mHSC-GM,topology_matched,scGPT_human,mlp,5,0.43151839999999997,0.0298143973113662,0.4179014,0.015926049712342367,0.240107,0.038390379956442205,0.4850014,0.026412651972870887,0.382199,0.0,1.0,0.0,0.3336306,0.025642071200275535
mDC,mHSC-GM,topology_matched,scconcept,lr,5,0.5534696,0.03559685557798609,0.4543774,0.02639515694668247,0.4410206,0.031076130605981172,0.5375252,0.029344440914081144,0.374359,0.0,1.0,0.0,0.3608878,0.023831613905902393
mDC,mHSC-GM,topology_matched,scconcept,mlp,5,0.5571526,0.044404904731797354,0.4843026,0.02502346579992467,0.3937618,0.047162411254727,0.5578372,0.03078727133345857,0.374359,0.0,1.0,0.0,0.2857842,0.02480350539258513
mDC,mHSC-GM,topology_matched,scconcept_encoded,lr,5,0.4289414,0.04052747992461412,0.3361082,0.02230005506181542,0.3932148,0.02845849198675152,0.468491,0.023549222059337755,0.381443,0.0,1.0,0.0,0.4823182,0.028653874442385617
mDC,mHSC-GM,topology_matched,scconcept_encoded,mlp,5,0.4100224,0.02832913262067867,0.3520456,0.018512929023793066,0.2665774,0.03790719216507601,0.4511034,0.010122437820999454,0.381443,0.0,1.0,0.0,0.3765186,0.017103388209357823
mDC,mHSC-GM,topology_matched,v4_bias_rec_best,lr,5,0.4365232,0.030601900224659244,0.26069939999999997,0.013436154711821389,0.2808048,0.043042325566353866,0.4499998,0.03384614545498497,0.277778,0.0,1.0,0.0,0.4234016,0.022668116265803822
mDC,mHSC-GM,topology_matched,v4_bias_rec_best,mlp,5,0.470323,0.02168964348254715,0.2882016,0.012172635780306576,0.1849584,0.05184846894788697,0.4616924,0.03371428254375289,0.277778,0.0,1.0,0.0,0.2762864,0.009330617655868241
mDC,mHSC-GM,topology_matched,v4_plain_best,lr,5,0.40871240000000003,0.01706036325052899,0.3004112,0.014616239042927569,0.3060254,0.022015149016983745,0.4404848,0.012322824487916719,0.34104,0.0,1.0,0.0,0.44649700000000003,0.008657740629055591
mDC,mHSC-GM,topology_matched,v4_plain_best,mlp,5,0.4436218,0.033004697958927,0.3467084,0.01632618055271961,0.2908264,0.03258158750337374,0.4812072,0.03130228626410536,0.34104,0.0,1.0,0.0,0.3278162,0.033879980256192585
mDC,mHSC-GM,topology_matched,v4_type_pe_best,lr,5,0.4349922,0.03482581520309324,0.3655574,0.027387243136905912,0.2701872,0.041819856343129645,0.44151440000000003,0.04858292836624817,0.367876,0.0,1.0,0.0,0.4103784,0.03175990346081045
mDC,mHSC-GM,topology_matched,v4_type_pe_best,mlp,5,0.5259524,0.027049084158987713,0.4548952,0.02002993940480101,0.325697,0.05943421620918375,0.538825,0.030176835056049175,0.367876,0.0,1.0,0.0,0.273279,0.0169669491070139
mDC,mHSC-L,coverage_matched,baseline,lr,5,0.4186412,0.03650561936688651,0.5635756,0.03115500063617397,0.2318796,0.05915590364655078,0.47904440000000004,0.02038307631933905,0.559,0.005830951894845264,0.7929077999999999,0.008270999465602686,0.4957196,0.01582349854614963
mDC,mHSC-L,coverage_matched,baseline,mlp,5,0.5409556,0.06921228577817667,0.6653068,0.04926183928925105,0.1104708,0.033407261727953705,0.5213662,0.007512398562376716,0.605,0.012247448713915901,0.858156,0.017372352805535566,0.4378666,0.008351014204274834
mDC,mHSC-L,coverage_matched,cl_scratch_v5,lr,5,0.319797,0.01698401022138176,0.39732860000000003,0.007639939570441637,0.1609238,0.02056629647165478,0.426883,0.018146085958134345,0.469,0.007999999999999983,0.8527272,0.014545150001289062,0.4596414,0.007397915938965517
mDC,mHSC-L,coverage_matched,cl_scratch_v5,mlp,5,0.4380602,0.032889174458474946,0.4599436,0.01765777129311624,0.21806720000000002,0.0761966714795338,0.4772728,0.015588081593319952,0.491,0.014628738838327807,0.8927271999999999,0.02659797295584759,0.3546536,0.03170446584063514
mDC,mHSC-L,coverage_matched,cl_v6_fair,lr,5,0.4401084,0.024726236661489764,0.4658878,0.017491713185391538,0.1796794,0.0838102028337839,0.473886,0.02675658104467011,0.487,0.0040000000000000036,0.9643564,0.007920799999999988,0.4354556,0.025757421692397704
mDC,mHSC-L,coverage_matched,cl_v6_fair,mlp,5,0.4835204,0.03303523831062823,0.4988462,0.02586445582184169,0.2241596,0.09691379750809478,0.4984102,0.02085927994346881,0.493,0.00244948974278318,0.9762376,0.004850479588659273,0.3380448,0.023547238593091973
mDC,mHSC-L,coverage_matched,minus,lr,5,0.4067074,0.03930823872218138,0.427576,0.02898480118268884,0.31536600000000004,0.03677122394481859,0.4414868,0.05272255932862137,0.431,0.0073484692283495405,0.700813,0.01194861096529636,0.4056778,0.03251935716092801
mDC,mHSC-L,coverage_matched,minus,mlp,5,0.4628048,0.061391874997918074,0.4806686,0.05398473824184018,0.4263964,0.02644049876685385,0.4638212,0.05164513429704681,0.453,0.020149441679609883,0.7365851999999999,0.03276335942726266,0.3321194,0.05753505967182098
mDC,mHSC-L,coverage_matched,scGPT_human,lr,5,0.466475,0.03205148385332575,0.5635492,0.024943910578736458,0.2778756,0.05859036848015209,0.500425,0.019928416224075617,0.558,0.008124038404635915,0.8028778,0.011689334205163241,0.4381326,0.020505703787970786
mDC,mHSC-L,coverage_matched,scGPT_human,mlp,5,0.4471598,0.020857560925477362,0.5628712,0.015805197365423834,0.257492,0.07675216834200842,0.4968072,0.009860557781383353,0.555,0.01140175425099136,0.798561,0.01640545795764323,0.393443,0.03314249003922306
mDC,mHSC-L,coverage_matched,scconcept,lr,5,0.4550734,0.011282789151623826,0.5511427999999999,0.014515549488737949,0.2739426,0.05130140278238012,0.46471260000000003,0.010884667502500929,0.576,0.00489897948556636,0.8055946,0.006851712708513091,0.4685662,0.01688758127619229
mDC,mHSC-L,coverage_matched,scconcept,mlp,5,0.4282668,0.02687744039450185,0.5360532,0.02105668003651098,0.3254818,0.11276601689409801,0.4660702,0.012468196459793213,0.5640000000000001,0.01392838827718409,0.7888114,0.0194802438444697,0.386636,0.03897521668958365
mDC,mHSC-L,coverage_matched,scconcept_encoded,lr,5,0.4566792,0.025109291199872607,0.43659200000000004,0.016184131845730868,0.356665,0.02893325618038868,0.457309,0.020353015285210198,0.477,0.011224972160321822,0.8295652,0.01952179452202078,0.47957099999999997,0.0126424508699856
mDC,mHSC-L,coverage_matched,scconcept_encoded,mlp,5,0.46670300000000003,0.02207712790197132,0.4426254,0.02673379362978625,0.3248432,0.03482070651437159,0.454632,0.020247481759468267,0.489,0.00489897948556636,0.850435,0.008519937699302722,0.41195940000000003,0.020501000020486812
mDC,mHSC-L,coverage_matched,v4_bias_rec_best,lr,5,0.4550184,0.016317816981447002,0.3686182,0.02036024049366804,0.2854154,0.023006164135726752,0.4487178,0.030668194634833012,0.4,0.0,1.0,0.0,0.4161954,0.023950327885855754
mDC,mHSC-L,coverage_matched,v4_bias_rec_best,mlp,5,0.5018082,0.03128170383722729,0.396411,0.018361550087070536,0.0782566,0.08186231309607614,0.4931624,0.006251625727760724,0.4,0.0,1.0,0.0,0.33528020000000003,0.008683951183649067
mDC,mHSC-L,coverage_matched,v4_plain_best,lr,5,0.4917324,0.027876610099508137,0.5848842,0.03388530811664548,0.190342,0.037091209368258674,0.5115788,0.01866316159068447,0.558824,0.0,1.0,0.0,0.4644414,0.009565974714580849
mDC,mHSC-L,coverage_matched,v4_plain_best,mlp,5,0.506206,0.03764876649240982,0.5934456,0.025852472048916324,0.043979,0.04016432409489795,0.5001755999999999,0.005274804549933567,0.558824,0.0,1.0,0.0,0.4554092,0.03126244116124012
mDC,mHSC-L,coverage_matched,v4_type_pe_best,lr,5,0.332722,0.03130664874431628,0.38359119999999997,0.012306503847965927,0.1203378,0.030525713530726844,0.4120728,0.021720141172653546,0.479,0.009165151389911688,0.9300968,0.017796410889839537,0.49961720000000004,0.016437116966183583
mDC,mHSC-L,coverage_matched,v4_type_pe_best,mlp,5,0.3821828,0.05288022239136291,0.4280062,0.030959099052782536,0.0872004,0.04097722635123076,0.4817242,0.010318563299219517,0.48,0.008944271909999166,0.9320388000000001,0.017367651786007247,0.3824174,0.01931744193831057
mDC,mHSC-L,native,baseline,lr,5,0.48330839999999997,0.018159721259975316,0.508047,0.018956678116167927,0.4199544,0.021252796452231874,0.492764,0.0076945918930116375,0.491,0.04352011029397787,0.14744759999999998,0.013069231585674804,0.4498264,0.012010782299250946
mDC,mHSC-L,native,baseline,mlp,5,0.4290074,0.008814075279914506,0.4652044,0.004969234452106285,0.2001526,0.032282376180200856,0.4757502,0.010468640492442173,0.434,0.01200000000000001,0.1303302,0.0036036000000000067,0.416897,0.015009439469880292
mDC,mHSC-L,native,cl_scratch_v5,lr,5,0.467232,0.019143897481965363,0.4895134,0.013754548899909439,0.369882,0.01693987878350965,0.4778606,0.011506896655484482,0.479,0.034409301068170514,0.1438438,0.010333188673396037,0.467665,0.010764006187289206
mDC,mHSC-L,native,cl_scratch_v5,mlp,5,0.4225858,0.017132045603488213,0.4668182,0.014505073311086714,0.20702779999999998,0.04858698672854698,0.4704382,0.015270329785567817,0.428,0.042379240200834195,0.1285288,0.012726410324989529,0.4175948,0.01359869520799699
mDC,mHSC-L,native,cl_v6_fair,lr,5,0.48540479999999997,0.018526131268022474,0.5030836,0.018985298328970248,0.3762782,0.037548459922612014,0.4904678,0.02300831769078304,0.483,0.029765752132274434,0.14504519999999999,0.008938473950289278,0.4597308,0.016850232667829847
mDC,mHSC-L,native,cl_v6_fair,mlp,5,0.4170242,0.016975123945350154,0.4597322,0.014079074762213602,0.2205234,0.051150207599187696,0.4607904,0.01398014472886458,0.415,0.03646916505762095,0.1246248,0.010951909630744765,0.4204756,0.01037987249632672
mDC,mHSC-L,native,minus,lr,5,0.4586114,0.021459047812985556,0.4762216,0.015504503069753659,0.3061668,0.028304786530903216,0.4711478,0.01444022798157979,0.443,0.022045407685048608,0.1330332,0.00662017242675748,0.4882,0.013112821145733672
mDC,mHSC-L,native,minus,mlp,5,0.3849514,0.02342623226726824,0.4423918,0.0166785126962808,0.1476854,0.024802821844298283,0.4611994,0.01890750976305448,0.37,0.034641016151377546,0.1111114,0.010402726019654654,0.4451244,0.0050625404136658584
mDC,mHSC-L,native,scGPT_human,lr,5,0.43218,0.008230713529214818,0.4612414,0.00652990614327648,0.3466706,0.028480907784689737,0.4500488,0.007289338115357259,0.415,0.02738612787525831,0.1246248,0.008224236776747124,0.4925252,0.0040221361190292924
mDC,mHSC-L,native,scGPT_human,mlp,5,0.426965,0.012225793814718128,0.4670034,0.0078080192776401325,0.14429720000000001,0.018096283932343683,0.490369,0.004099891218069072,0.425,0.019235384061671336,0.1276278,0.005776489813026594,0.4245074,0.007928034248160123
mDC,mHSC-L,native,scconcept,lr,5,0.5066096,0.00883276139381112,0.5118524,0.008218606100793481,0.42333,0.013171619535956839,0.5043788,0.00834983859484721,0.505,0.017320508075688787,0.1516516,0.005201233107638992,0.4513322,0.008798613604426547
mDC,mHSC-L,native,scconcept,mlp,5,0.49564779999999997,0.007816676004543109,0.513652,0.003567372590576991,0.3387572,0.02972256578022833,0.4975008,0.006721189103127521,0.497,0.021118712081942874,0.1492494,0.006342015534512659,0.3743008,0.008294511399714868
mDC,mHSC-L,native,scconcept_encoded,lr,5,0.49455699999999997,0.015647992459098363,0.4991934,0.010583590763063346,0.4505202,0.023465238250654954,0.4869204,0.011664436387584274,0.477,0.031400636936215164,0.1432434,0.009429560320608809,0.4707306,0.011562345845026436
mDC,mHSC-L,native,scconcept_encoded,mlp,5,0.516252,0.003525706340579136,0.516594,0.005838996934405776,0.355316,0.024004916804688164,0.5105214,0.006662050062856034,0.53,0.018165902124584965,0.1591592,0.0054553305087776316,0.3979906,0.006937226581278716
mDC,mHSC-L,native,v4_bias_rec_best,lr,5,0.4209064,0.012279774958850017,0.4475294,0.008718528307002274,0.30919,0.026371397270527792,0.4474776,0.009422691432918733,0.367,0.021118712081942895,0.1102104,0.006342110235560398,0.5029778,0.009582845326937083
mDC,mHSC-L,native,v4_bias_rec_best,mlp,5,0.3878636,0.024449519247625298,0.4386068,0.01551990322650241,0.1936448,0.022967814013527713,0.4493908,0.01976348619449515,0.377,0.044339598554790735,0.11321339999999999,0.013315303234999945,0.4288866,0.015199317018866352
mDC,mHSC-L,native,v4_plain_best,lr,5,0.426725,0.015501027024039412,0.4571858,0.010418181422877993,0.378659,0.020987317246375255,0.4396132,0.014254815023703406,0.42,0.03033150177620621,0.1261264,0.009108517016507134,0.5063025999999999,0.012201328363747953
mDC,mHSC-L,native,v4_plain_best,mlp,5,0.419515,0.0069034478632057404,0.4599626,0.0059221721893237805,0.1557974,0.025237406448365494,0.4756434,0.006042566792349077,0.403,0.010770329614268994,0.121021,0.0032342557103605726,0.4302798,0.0164489047221996
mDC,mHSC-L,native,v4_type_pe_best,lr,5,0.4310062,0.028003454154086074,0.4677738,0.020337537957186482,0.3391006,0.015026793744508512,0.44962979999999997,0.01597492245239395,0.422,0.05065570056765577,0.1267268,0.015211918727103433,0.5000484000000001,0.016100562854757593
mDC,mHSC-L,native,v4_type_pe_best,mlp,5,0.4075504,0.019755485087438376,0.4563806,0.012433789230962524,0.163571,0.024698168215477035,0.47020460000000003,0.014465015487029375,0.395,0.03209361307176243,0.1186188,0.009637743167360291,0.43603,0.009415077673604173
mDC,mHSC-L,strict,baseline,lr,5,0.457374,0.02056484794011372,0.3484866,0.01982936817551179,0.3033464,0.02065691873053674,0.4600262,0.014296389703697926,0.33699999999999997,0.02014944167960988,0.3643242,0.02178326362508612,0.3994204,0.015613533611581965
mDC,mHSC-L,strict,baseline,mlp,5,0.4592992,0.032550986715612774,0.3651356,0.025232250082780957,0.20589079999999998,0.02594253256256991,0.4811596,0.016203945872533636,0.33,0.025099800796022254,0.356757,0.027134876708767262,0.3051666,0.02261581068721615
mDC,mHSC-L,strict,cl_scratch_v5,lr,5,0.48120999999999997,0.017322314764488023,0.36277919999999997,0.01245222141467135,0.348914,0.029129862773449516,0.48715780000000003,0.019403739262317463,0.362,0.01363818169698585,0.3913516,0.014743886280082325,0.3886276,0.01643313312305357
mDC,mHSC-L,strict,cl_scratch_v5,mlp,5,0.5164844000000001,0.021710345382789296,0.4093078,0.018752876572942088,0.2323126,0.0333518013582475,0.5097994,0.006625880518089682,0.385,0.020976176963403037,0.416216,0.022677011205183104,0.2913214,0.01861781084445752
mDC,mHSC-L,strict,cl_v6_fair,lr,5,0.48564599999999997,0.011490623638427984,0.365846,0.010916056888822075,0.348523,0.02826178658188473,0.481796,0.01771072137435403,0.355,0.02302172886644268,0.383784,0.02488826983138844,0.3907994,0.012076880219659383
mDC,mHSC-L,strict,cl_v6_fair,mlp,5,0.4996932,0.008580605652283524,0.3942816,0.009184098836576195,0.2339746,0.0278891294277896,0.492624,0.006512437178199881,0.383,0.00509901951359279,0.414054,0.005512628447483099,0.3092294,0.014989743634899176
mDC,mHSC-L,strict,minus,lr,5,0.452136,0.015745651615604858,0.3510844,0.018673376915812525,0.3685644,0.027206386210594007,0.482973,0.017488086756417907,0.344,0.011575836902790213,0.3718918,0.012514412673393819,0.4145968,0.009360537877707678
mDC,mHSC-L,strict,minus,mlp,5,0.48328340000000003,0.04421705348663569,0.4064444,0.03937324127170634,0.2721346,0.03822058721474594,0.4970356,0.030216787808104304,0.35500000000000004,0.04147288270665545,0.383784,0.044835465457603994,0.2967706,0.02617572937360105
mDC,mHSC-L,strict,scGPT_human,lr,5,0.4361306,0.006846371143898054,0.3414784,0.006269976287036493,0.277923,0.021507467289292807,0.47129899999999997,0.014326086820901236,0.333,0.011224972160321813,0.36,0.012135263952629954,0.3922886,0.0057506517404551614
mDC,mHSC-L,strict,scGPT_human,mlp,5,0.4927392,0.04302841182009861,0.39669540000000003,0.022465971135029968,0.2110154,0.02711613261953113,0.5110288000000001,0.010999912879655013,0.373,0.02925747767665559,0.4032432,0.03162980795009668,0.3028238,0.021937737334556628
mDC,mHSC-L,strict,scconcept,lr,5,0.4709174,0.009489355333214154,0.3541162,0.010834298378759932,0.3306906,0.03910770019113883,0.4822492,0.016457117723343895,0.355,0.013038404810405309,0.3837838,0.014095666048825072,0.3892316,0.0027464850700486335
mDC,mHSC-L,strict,scconcept,mlp,5,0.49069759999999996,0.023614864002149138,0.400388,0.018919641201671878,0.28762719999999997,0.03139111663767314,0.505353,0.013396956325971966,0.37,0.02509980079602227,0.4,0.02713475718704702,0.3064072,0.017412592367594206
mDC,mHSC-L,strict,scconcept_encoded,lr,5,0.469857,0.009846550604145595,0.3376512,0.004840014603283756,0.3891562,0.023050573428008255,0.4788056,0.01613884227074545,0.34199999999999997,0.010770329614268994,0.3697296,0.011643729069331695,0.4536568,0.00836339360307763
mDC,mHSC-L,strict,scconcept_encoded,mlp,5,0.524851,0.015076464134537657,0.4070376,0.009673788329294797,0.342759,0.020636768380732484,0.5142546,0.015285901970116124,0.396,0.018275666882497068,0.4281082,0.019757298179660106,0.3207604,0.01754148420858395
mDC,mHSC-L,strict,v4_bias_rec_best,lr,5,0.4239164,0.018455160542243998,0.3300298,0.007797080515167205,0.24899580000000002,0.028220389589089668,0.43566699999999997,0.015744960641424294,0.304,0.026532998322843195,0.3286486,0.02868430438131628,0.42291259999999997,0.013379636850079295
mDC,mHSC-L,strict,v4_bias_rec_best,mlp,5,0.4586784,0.02210018088251768,0.355513,0.01352392931067002,0.1705694,0.03853194184880902,0.485693,0.009800152733503698,0.324,0.030561413579872243,0.3502704,0.03303912619667779,0.3050704,0.007537653496944516
mDC,mHSC-L,strict,v4_plain_best,lr,5,0.4468944,0.015309725805513307,0.3387634,0.012817039371087227,0.31888679999999997,0.0334615341572977,0.44959,0.014478494949406862,0.316,0.013564659966250548,0.34162180000000003,0.014664370540872168,0.424917,0.00779966809550252
mDC,mHSC-L,strict,v4_plain_best,mlp,5,0.4574334,0.026560980521057587,0.35736439999999997,0.017316475445078305,0.2056938,0.02102487275966254,0.4753618,0.01600117198707645,0.345,0.01816590212458494,0.372973,0.019638716404083035,0.3176254,0.026530378976561946
mDC,mHSC-L,strict,v4_type_pe_best,lr,5,0.4710164,0.015888053431430807,0.3583184,0.009770319740929652,0.3252714,0.03174804338286063,0.4790062,0.01564450521301329,0.35,0.02529822128134704,0.3783784,0.027349432685889487,0.390967,0.011741371998195096
mDC,mHSC-L,strict,v4_type_pe_best,mlp,5,0.4834576,0.014512232724153766,0.3804586,0.005883784312838126,0.2292006,0.03823879694551072,0.4930428,0.008016652653071618,0.357,0.010770329614269,0.385946,0.011643561946414853,0.3008862,0.016354262458454057
mDC,mHSC-L,topology_matched,baseline,lr,5,0.3797686,0.02156780365823094,0.27591119999999997,0.008925936755321539,0.218393,0.03227552330791865,0.4170048,0.023098943104826238,0.340541,0.0,1.0,0.0,0.4256588,0.01577515027376919
mDC,mHSC-L,topology_matched,baseline,mlp,5,0.3973978,0.05082018962341641,0.3032062,0.029527449984040284,0.160137,0.02370328975479986,0.4454592,0.01650100409550885,0.340541,0.0,1.0,0.0,0.313095,0.031209780050490583
mDC,mHSC-L,topology_matched,cl_scratch_v5,lr,5,0.5420952,0.036470273217512374,0.4942356,0.031136074528430854,0.4372494,0.049120257497696405,0.5462794,0.03095840401312702,0.43,0.0,0.988506,0.0,0.3555668,0.022303325656950822
mDC,mHSC-L,topology_matched,cl_scratch_v5,mlp,5,0.580369,0.027401214359951288,0.5270778,0.02280327417192539,0.267631,0.04183570048654619,0.5317606,0.015681076348261318,0.434,0.0020000000000000018,0.9977012,0.004597600000000002,0.29584,0.017393612942686754
mDC,mHSC-L,topology_matched,cl_v6_fair,lr,5,0.5649854,0.030196473731878015,0.4217346,0.02167383258770815,0.408155,0.04697962208873118,0.5393166,0.030728256394400254,0.351515,0.0,1.0,0.0,0.3391858,0.02446750424869689
mDC,mHSC-L,topology_matched,cl_v6_fair,mlp,5,0.5920402,0.014504449902012813,0.4625484,0.006460604386587995,0.303585,0.042962733493110056,0.538882,0.018680919260036434,0.351515,0.0,1.0,0.0,0.2638008,0.012806393831207913
mDC,mHSC-L,topology_matched,minus,lr,5,0.4163134,0.018558001967884367,0.40203880000000003,0.01713446892553136,0.357178,0.039725496477703084,0.4585036,0.011803508369972042,0.443182,0.0,1.0,0.0,0.4594886,0.0035234808130597305
mDC,mHSC-L,topology_matched,minus,mlp,5,0.47691,0.06936538452282953,0.4696912,0.059660864450324536,0.2425628,0.04634104017132115,0.5075618,0.03102410303876648,0.443182,0.0,1.0,0.0,0.3259694,0.03293263021138763
mDC,mHSC-L,topology_matched,scGPT_human,lr,5,0.4244182,0.019318237056211923,0.3573368,0.01868749756816038,0.2835152,0.03423016735220557,0.4712934,0.03019414170066769,0.370787,0.0,1.0,0.0,0.3980346,0.02110224576295138
mDC,mHSC-L,topology_matched,scGPT_human,mlp,5,0.4467532,0.028853992163303848,0.3973806,0.02308708251468773,0.2000898,0.01681780449880424,0.5095236,0.008744038920315937,0.370787,0.0,1.0,0.0,0.3084288,0.013212925283978572
mDC,mHSC-L,topology_matched,scconcept,lr,5,0.4840308,0.01528390025353478,0.3961906,0.012833801176580525,0.3213618,0.043576306311572575,0.4780404,0.015418465430774877,0.41573,0.0,1.0,0.0,0.3955662,0.004788824465356804
mDC,mHSC-L,topology_matched,scconcept,mlp,5,0.4868894,0.02601961103168149,0.4284914,0.02321621259034298,0.2641388,0.04379245683630915,0.5001818,0.033588930434891806,0.41573,0.0,1.0,0.0,0.3261718,0.020480672824885422
mDC,mHSC-L,topology_matched,scconcept_encoded,lr,5,0.4572428,0.005978811099206936,0.2897468,0.005156759114017245,0.3199702,0.019136953377170567,0.4602624,0.012988801709164709,0.327044,0.0,1.0,0.0,0.45361260000000003,0.014114852087074815
mDC,mHSC-L,topology_matched,scconcept_encoded,mlp,5,0.4707584,0.017904813616455215,0.3144812,0.016673429753952838,0.2119766,0.054993560592491185,0.4633356,0.02915237685404057,0.327044,0.0,1.0,0.0,0.3289656,0.01747072075902995
mDC,mHSC-L,topology_matched,v4_bias_rec_best,lr,5,0.4186686,0.01484147865409642,0.37660520000000003,0.00793236661785119,0.214436,0.0346985146252689,0.4310102,0.014336485544232936,0.421,0.0037416573867739447,0.9355551999999999,0.00831471104488904,0.44436359999999997,0.009515544978612641
mDC,mHSC-L,topology_matched,v4_bias_rec_best,mlp,5,0.4447662,0.014770320218600539,0.3869468,0.004113540295171547,0.1050754,0.03407921510598505,0.466391,0.013525307952131808,0.421,0.006633249580710806,0.9355553999999999,0.014740678581395075,0.3440414,0.012223627769201745
mDC,mHSC-L,topology_matched,v4_plain_best,lr,5,0.4576504,0.031653266211245874,0.4002302,0.02054339548760137,0.3401222,0.04520076880496614,0.465901,0.019989203055649815,0.426136,0.0,1.0,0.0,0.4175814,0.016399296809314717
mDC,mHSC-L,topology_matched,v4_plain_best,mlp,5,0.4774388,0.011878340833634971,0.4281768,0.01911684350932445,0.2027984,0.06933645216651917,0.4970562,0.018023495225954384,0.426136,0.0,1.0,0.0,0.3277126,0.018347282704531485
mDC,mHSC-L,topology_matched,v4_type_pe_best,lr,5,0.4536216,0.024060721299246194,0.3561748,0.011082304514856105,0.3321892,0.0405769546733118,0.4652312,0.020018552848795054,0.356725,0.0,1.0,0.0,0.4094426,0.020961555024377375
mDC,mHSC-L,topology_matched,v4_type_pe_best,mlp,5,0.4725782,0.02891423298930823,0.3702692,0.011866508928914181,0.2219324,0.04015566085423076,0.4926974,0.012825032750055637,0.356725,0.0,1.0,0.0,0.2909036,0.01645231402083003
mESC,hESC,coverage_matched,baseline,mlp,5,0.5499896,0.04209189418213441,0.5792266,0.03794218569666221,0.6714962,0.0003743999999999748,0.5004238,0.0008475999999999927,0.555,0.03794733192202055,0.4605808,0.0314913312605231,0.25215360000000003,0.0012235534479539466
mESC,hESC,coverage_matched,cl_scratch_v5,mlp,5,0.49026179999999997,0.05348705593468384,0.502123,0.03521968919794723,0.0036528,0.004473748066219196,0.5009176,0.001123825893988931,0.47000000000000003,0.050199601592044535,0.4311926,0.04605494718529161,0.25166720000000004,0.000978473791166629
mESC,hESC,coverage_matched,cl_v6_fair,mlp,5,0.543932,0.06780322771078083,0.5685022,0.052088704366301905,0.0,0.0,0.5,0.0,0.53,0.056302753041037,0.4529914,0.04812221168067818,0.25389439999999996,0.004726609888704588
mESC,hESC,coverage_matched,minus,mlp,5,0.540901,0.0444360840848966,0.5476610000000001,0.05264266886091546,0.0,0.0,0.5,0.0,0.532,0.04057092555020159,0.4045628,0.03085239942305947,0.2506754,0.0005588611992257153
mESC,hESC,coverage_matched,scGPT_human,mlp,5,0.500929,0.030736554419778395,0.525243,0.029731037533190795,0.674157,0.0,0.5,0.0,0.52,0.027386127875258293,0.495238,0.02608192743644533,0.25289,0.001820745671421465
mESC,hESC,coverage_matched,scconcept,mlp,5,0.5018452,0.022913327688487316,0.5740942,0.015795151881511003,0.5822608,0.09736527563849444,0.493577,0.015282200993312444,0.5579999999999999,0.020396078054371106,0.45,0.016448554428885227,0.299814,0.029577290240994022
mESC,hESC,coverage_matched,scconcept_encoded,mlp,5,0.5717296000000001,0.06936967364086413,0.5708692,0.07164551272871175,0.157275,0.21065301726488517,0.4869814,0.021631572995045912,0.539,0.05868560300448484,0.5500001999999999,0.05988319144935412,0.31817,0.03507388031569932
mESC,hESC,coverage_matched,v4_bias_rec_best,mlp,5,0.5307518,0.06327270639509583,0.563948,0.05578765866031663,0.6774914,0.004495199999999988,0.502033,0.0040659999999999915,0.548,0.07173562573784381,0.4215384,0.0551814354347547,0.2521478,0.002427538456955938
mESC,hESC,coverage_matched,v4_plain_best,mlp,5,0.4890796,0.04191786916626368,0.4449434,0.034543843090194815,0.612174,0.0,0.5,0.0,0.428,0.04489988864128729,0.4863638,0.051022612067200164,0.2648468,0.0052592207179391
mESC,hESC,coverage_matched,v4_type_pe_best,lr,5,0.5402102,0.002563735196934348,0.6345228,0.007762804709639411,0.6250756000000001,0.012930363886604263,0.5415528,0.010383635556008299,0.612,0.00509901951359279,0.3825,0.003186887195995503,0.3916172,0.0400005570781208
mESC,hESC,coverage_matched,v4_type_pe_best,mlp,5,0.4749132,0.008041116673696511,0.5762076,0.0043887867389519174,0.7161084,0.034496868980242276,0.5051286,0.010604306532725259,0.58,0.02932575659723035,0.3625,0.01832859787326897,0.4256354,0.02205745469994216
mESC,hESC,native,baseline,lr,5,0.4951454,0.0009407806545630016,0.5073872,0.0011042714159118765,0.5225508,0.029578111666568572,0.4926182,0.01810739907772509,0.511,0.01593737745050924,0.1539154,0.004800702015330669,0.4725398,0.003873486873606272
mESC,hESC,native,baseline,mlp,5,0.4872316,0.01612258477540125,0.4970998,0.006370621206758391,0.5230262,0.06450636808067868,0.4733162,0.011518558302148745,0.505,0.033166247903553984,0.1521082,0.009990065833616914,0.4937798,0.01124096210117264
mESC,hESC,native,cl_scratch_v5,lr,5,0.4837982,0.00038259817040859365,0.492646,0.0006301926689513122,0.4907182,0.030845989479347236,0.4928982,0.01805242688837156,0.48,0.017606816861659002,0.14457799999999998,0.005303173238731697,0.4836804,0.002160809440927171
mESC,hESC,native,cl_scratch_v5,mlp,5,0.473144,0.030229483363101,0.49355140000000003,0.01746904477754867,0.4558306,0.20549477354774742,0.459569,0.02069249858281982,0.528,0.05104899607240088,0.159036,0.015376365071108318,0.5081822,0.016762297532259714
mESC,hESC,native,cl_v6_fair,lr,5,0.5193018,0.0018161123753776657,0.5401304,0.0011976013694046791,0.5035444,0.033207471440023846,0.5084386,0.01914090531401271,0.546,0.0073484692283495405,0.1644582,0.002213358931578882,0.4148082,0.005965872891706632
mESC,hESC,native,cl_v6_fair,mlp,5,0.483631,0.017752330517427844,0.497974,0.008804843780556246,0.5451798,0.04774935584654521,0.4711492,0.01583718582829665,0.514,0.026907248094147445,0.1548194,0.008104931402547469,0.4929268,0.015993261848666125
mESC,hESC,native,minus,lr,5,0.4708846,0.0015796347172685294,0.4931978,0.002951825699461259,0.4846126,0.03298774152681569,0.4806168,0.020099400283590568,0.495,0.03271085446759227,0.1490962,0.00985281507793585,0.48559979999999997,0.00331744699430149
mESC,hESC,native,minus,mlp,5,0.4813506,0.01730158192304968,0.49328099999999997,0.007565162126484795,0.4864968,0.09622856649540196,0.4669166,0.012468804298728894,0.489,0.038131351929875254,0.147289,0.011485404476987305,0.5007744,0.012337485798978639
mESC,hESC,native,scGPT_human,lr,5,0.4897512,0.0006082773709419186,0.514252,0.0013290485318452252,0.5034676,0.03063510077411205,0.4928008,0.01813666914733795,0.543,0.00244948974278318,0.1635546,0.0007377863105262969,0.4388302,0.005490424624744416
mESC,hESC,native,scGPT_human,mlp,5,0.4649216,0.004360413310685111,0.4893618,0.002071360074926608,0.5874672,0.03584895814608844,0.458177,0.005331550393647225,0.501,0.03865229618017539,0.1509038,0.011642521778377742,0.5055294,0.0062890019748764545
mESC,hESC,native,scconcept,lr,5,0.48064,0.0004769909852397584,0.4930604,0.0003628198451022239,0.4581886,0.03275999287912011,0.4680124,0.01855033742658068,0.47,0.02588435821108957,0.141566,0.007796368693180184,0.48112699999999997,0.0034684841069262565
mESC,hESC,native,scconcept,mlp,5,0.467742,0.00950583864790478,0.4909262,0.0030589443538580462,0.5674844,0.10861663260219402,0.46150399999999997,0.004377582392142946,0.519,0.01959591794226544,0.1563256,0.005902688526425899,0.5023684,0.002961663762144501
mESC,hESC,native,scconcept_encoded,lr,5,0.5019358,0.0005040576951103926,0.505446,0.0014546746715331565,0.5040942,0.03200365098797323,0.5149032,0.018851396822516894,0.498,0.006782329983125274,0.1499996,0.002042837790917331,0.4436112,0.0027049790683108857
mESC,hESC,native,scconcept_encoded,mlp,5,0.4748014,0.013753842482739148,0.4935666,0.005191214139293449,0.5833798,0.059668887381616235,0.4667278,0.00868316095439903,0.511,0.020346989949375824,0.1539156,0.006128936044698139,0.49814620000000004,0.007528242753790563
mESC,hESC,native,v4_bias_rec_best,lr,5,0.44248339999999997,0.0029713151700888154,0.4823342,0.002608674943338097,0.4631556,0.03238102527468826,0.4651864,0.018835725275125448,0.483,0.00244948974278318,0.1454816,0.0007377863105262832,0.4982078,0.005755900256258789
mESC,hESC,native,v4_bias_rec_best,mlp,5,0.4799642,0.01617991210606534,0.4965388,0.010966849126344344,0.4087432,0.16016727656472152,0.4669502,0.01416403340013007,0.509,0.06414047084329831,0.1533132,0.019319568187720966,0.5017524,0.012145157036448728
mESC,hESC,native,v4_plain_best,lr,5,0.4758614,0.004435148908435887,0.4878694,0.0030742241037373936,0.4537774,0.03157083735094779,0.4646744,0.017264574985791,0.452,0.00244948974278318,0.1361444,0.0007377863105262969,0.465715,0.00680987362584653
mESC,hESC,native,v4_plain_best,mlp,5,0.4798462,0.022910842668046928,0.4953538,0.011659560341625247,0.558473,0.04856729079123108,0.4705068,0.025725169732384666,0.507,0.007483314773547889,0.1527104,0.0022539744097926245,0.4949218,0.02644886556659851
mESC,hESC,native,v4_type_pe_best,lr,5,0.495749,0.001018609444291561,0.5220302,0.0010317027478881746,0.5156348,0.028779994019457335,0.4923876,0.01629240380791,0.554,0.005830951894845264,0.1668678,0.0017562827107274026,0.42644920000000003,0.007387155782843622
mESC,hESC,native,v4_type_pe_best,mlp,5,0.500063,0.01959725355247515,0.5069214,0.00992846116173094,0.4866458,0.10909999323996313,0.48531240000000003,0.015099006160671646,0.526,0.011575836902790236,0.1584338,0.0034871085672803456,0.4810418,0.011979177591137057
mESC,hESC,strict,baseline,lr,5,0.5023103999999999,0.004450427871564709,0.3890096,0.005642905088693246,0.459198,0.008332313436255259,0.51195,0.003547683695032546,0.403,0.006782329983125255,0.4553672,0.007663796980609537,0.4971494,0.009953791510776185
mESC,hESC,strict,baseline,mlp,2,0.496386,0.0025129999999999875,0.3773255,0.001172499999999993,0.5457289999999999,0.0025580000000000047,0.496386,0.0025129999999999875,0.3875,0.0025000000000000022,0.43785300000000005,0.002824999999999994,0.6220555,0.0010704999999999742
mESC,hESC,strict,cl_scratch_v5,lr,5,0.4876566,0.007297814785262783,0.3714042,0.0016752431942855404,0.4008182,0.0057925472945846435,0.484888,0.005695856634431739,0.367,0.006782329983125274,0.4146892,0.007663826469851739,0.5041324,0.005400913278326191
mESC,hESC,strict,cl_v6_fair,lr,5,0.5135148,0.01242168964996309,0.40117359999999996,0.0130385066721615,0.4466008,0.01639687093807841,0.5149642,0.0112040710886713,0.397,0.00244948974278318,0.44858760000000003,0.002767433511396442,0.478494,0.00999675747430136
mESC,hESC,strict,minus,lr,5,0.47235520000000003,0.002656469341061558,0.3634508,0.001890043533890142,0.410378,0.003927064399777515,0.4699008,0.004081049149422239,0.34600000000000003,0.007999999999999983,0.3909606,0.009039550002074213,0.5345838,0.00392555796798369
mESC,hESC,strict,scGPT_human,lr,5,0.4714202,0.004533583853862199,0.3655474,0.002908912002794173,0.420082,0.007516988785411346,0.478874,0.006739958664561671,0.353,0.0040000000000000036,0.39887,0.004519999999999991,0.5202598,0.004120803242087611
mESC,hESC,strict,scconcept,lr,5,0.46685760000000004,0.0032199260612628955,0.36044919999999997,0.00267962142102201,0.3990304,0.0012260162478531901,0.4671264,0.0005576079626404228,0.348,0.005099019513592772,0.39322039999999997,0.005761460599535502,0.5323398,0.000872163379189945
mESC,hESC,strict,scconcept,mlp,2,0.501008,0.004163999999999973,0.3795005,0.001965500000000009,0.5475595,0.004702499999999998,0.501008,0.004163999999999973,0.3825,0.0025000000000000022,0.4322035,0.0028245000000000076,0.6156315,0.0010704999999999742
mESC,hESC,strict,scconcept_encoded,lr,5,0.4757394,0.0053966363820439145,0.3590042,0.004823889940701396,0.4302284,0.010315385433419349,0.4843406,0.008072395148900976,0.345,0.008366600265340743,0.38983059999999997,0.009453899737145503,0.5216928,0.005885151056684953
mESC,hESC,strict,scconcept_encoded,mlp,3,0.501724,0.0,0.379828,0.0,0.550544,0.0,0.501724,0.0,0.38666666666666666,0.0023570226039551605,0.4369113333333334,0.0026634355424693234,0.6189423333333333,0.00013906433363337567
mESC,hESC,strict,v4_bias_rec_best,lr,5,0.3952114,0.013670215339927893,0.3381764,0.009914584118358176,0.3261182,0.017007819817954312,0.4308784,0.010192637060152778,0.303,0.014696938456699081,0.342373,0.016606451794408117,0.5473968,0.0066285753944569465
mESC,hESC,strict,v4_plain_best,lr,5,0.4577324,0.01306199313428086,0.355219,0.008630091239378654,0.380012,0.013462193045711375,0.4512488,0.013629235010080355,0.343,0.01939071942966531,0.3875706,0.02191054342183233,0.5414152,0.01325794900276814
mESC,hESC,strict,v4_type_pe_best,lr,5,0.5004442,0.003541013832223766,0.3804344,0.005775337344259641,0.4510562,0.006980142646106877,0.5037618,0.005296030981782471,0.373,0.016613247725836163,0.421469,0.01877188645821193,0.4957064,0.004486359932060743
mESC,hESC,topology_matched,baseline,lr,5,0.4950084,0.004285193045826545,0.384481,0.006522894480213512,0.4498674,0.0067751740228572735,0.5076298,0.004292874533456563,0.362,0.0040000000000000036,0.5934428,0.006557600000000008,0.4980576,0.009857318958012885
mESC,hESC,topology_matched,baseline,mlp,1,0.486094,0.0,0.371287,0.0,0.536364,0.0,0.486094,0.0,0.33,0.0,0.540984,0.0,0.631579,0.0
mESC,hESC,topology_matched,cl_scratch_v5,lr,5,0.5058364,0.010475432718508565,0.4031436,0.0027291255449319266,0.4344154,0.005047938811039596,0.4953044,0.005104960003761065,0.403,0.009273618495495696,0.6248062,0.014377818115416547,0.499639,0.006174458065288011
mESC,hESC,topology_matched,cl_v6_fair,lr,5,0.5175022,0.013061885184000031,0.3828242,0.012935141567064509,0.4354538,0.012897727511464958,0.5184874,0.008731721745452063,0.351,0.0020000000000000018,0.6950492,0.003960399999999975,0.47886259999999997,0.006851838456939854
mESC,hESC,topology_matched,minus,lr,5,0.49159959999999997,0.0027374663906612608,0.3932372,0.002478002695720898,0.4391864,0.003094854736494111,0.4885296,0.005297936488860558,0.376,0.0058309518948453055,0.6372882,0.009883086165768263,0.5169634,0.0060586296008255875
mESC,hESC,topology_matched,scGPT_human,lr,5,0.507153,0.006809251295113138,0.3879432,0.003984117739224072,0.4522908,0.009946690030356828,0.5133924,0.009566878312176867,0.368,0.006000000000000005,0.6237286,0.01016953333442592,0.4843936,0.005449241767438836
mESC,hESC,topology_matched,scconcept,lr,5,0.46973940000000003,0.004850190618934481,0.3642458,0.0023135068964669162,0.3922392,0.0019972290204180484,0.46167179999999997,0.0008875267657935745,0.382,0.006782329983125274,0.676106,0.012004134304480284,0.5347018,0.0015006317869484006
mESC,hESC,topology_matched,scconcept,mlp,2,0.50252,0.00025799999999998047,0.38686299999999996,0.000123000000000012,0.5565125,0.0015124999999999722,0.50252,0.00025799999999998047,0.4,0.0,0.707965,0.0,0.6092154999999999,0.0017064999999999997
mESC,hESC,topology_matched,scconcept_encoded,lr,5,0.4952498,0.00563730862735047,0.3751818,0.0061115889390566825,0.4560384,0.0087962528976832,0.5061132,0.006088090781189124,0.378,0.00244948974278318,0.6096774,0.00395053705716069,0.5008664,0.00649875983861536
mESC,hESC,topology_matched,scconcept_encoded,mlp,1,0.5025,0.0,0.383901,0.0,0.55481,0.0,0.5025,0.0,0.42,0.0,0.677419,0.0,0.614623,0.0
mESC,hESC,topology_matched,v4_bias_rec_best,lr,5,0.3858708,0.016191447809260302,0.330145,0.012696542568746812,0.32259119999999997,0.0214796804762082,0.4333334,0.014871311678530575,0.29,0.008366600265340737,0.4873948,0.014061625544722782,0.5427148,0.011250273941553613
mESC,hESC,topology_matched,v4_plain_best,lr,5,0.452561,0.011007587710302379,0.3117146,0.006452007768129222,0.350259,0.01944320843893825,0.4624182,0.016005708749068252,0.314,0.0020000000000000018,0.6097084,0.00388320000000002,0.517385,0.01425442129305852
mESC,hESC,topology_matched,v4_type_pe_best,lr,5,0.5077638,0.0024508433160852837,0.3928562,0.005065437252597245,0.4611728,0.011466258106287342,0.5126398,0.008595836001227571,0.39,0.008944271909999166,0.6393444,0.01466245674639826,0.4828562,0.0031913847402029053
mESC,hHep,coverage_matched,baseline,mlp,5,0.6198836,0.08011117056840451,0.6174852,0.06991049080760339,0.0,0.0,0.5,0.0,0.628,0.09641576634555159,0.3683284,0.05654903763849567,0.2531564,0.0029844276905296343
mESC,hHep,coverage_matched,cl_scratch_v5,lr,5,0.505198,0.005609354971830543,0.4828036,0.0038500695370343664,0.5066262,0.006705058788705752,0.5128306,0.006197074974534383,0.498,0.01029563014098701,0.304587,0.0062971376354658175,0.4850946,0.007047387504600546
mESC,hHep,coverage_matched,cl_scratch_v5,mlp,3,0.49749,0.005619343437330254,0.4754373333333333,0.0027719361865350175,0.6389983333333333,0.0054882076207891884,0.4974713333333333,0.005601502199311272,0.45666666666666667,0.008498365855987983,0.27930699999999997,0.005198058163070766,0.5247813333333333,0.005454445607840361
mESC,hHep,coverage_matched,cl_v6_fair,mlp,5,0.4674496,0.09605171354348657,0.479099,0.07019899364805739,0.6606172,0.004067599999999993,0.4978734,0.004253200000000001,0.46699999999999997,0.09173875952943772,0.2830302,0.05559946118947556,0.2585476,0.004605943924973476
mESC,hHep,coverage_matched,minus,lr,5,0.4474286,0.0010676360053875971,0.5419248,0.0067932155096095855,0.4612784,0.0037749665217058598,0.4691752,0.0022372856232497408,0.532,0.009273618495495711,0.29473699999999997,0.005137584646504632,0.5328035999999999,0.004592240786369987
mESC,hHep,coverage_matched,minus,mlp,5,0.518844,0.02161063204073402,0.5856648,0.011415753385563296,0.4843966,0.13313201690142007,0.5191996,0.01956145521785126,0.601,0.025377155080899026,0.3329638,0.014059267042061622,0.49057900000000004,0.04657189472203165
mESC,hHep,coverage_matched,scGPT_human,lr,5,0.5305852,0.02274181742429573,0.6474248,0.016689463231632118,0.5832604,0.017123664381200658,0.5222414,0.017709349571342237,0.664,0.02956349099818899,0.3387756,0.015083692248252758,0.44792180000000004,0.02579130527445248
mESC,hHep,coverage_matched,scGPT_human,mlp,5,0.5004082,0.01218972343246557,0.6238618,0.005267219775175496,0.5377706,0.20658425502695021,0.49925759999999997,0.008647294018362048,0.639,0.009695359714832668,0.3260208,0.0049465725265076185,0.4891926,0.06344397766723014
mESC,hHep,coverage_matched,scconcept,lr,5,0.495199,0.0024300067489618268,0.577855,0.002132043057726564,0.5412678,0.0017219919163573379,0.4892372,0.0008922265183236864,0.586,0.0073484692283495405,0.3273744,0.004105562548543141,0.49896080000000004,0.0024816750311029835
mESC,hHep,coverage_matched,scconcept,mlp,5,0.507722,0.01035047415339025,0.5868706,0.005161975614045465,0.7212512,0.009544876560752388,0.5082228,0.010051742185312936,0.589,0.0073484692283495405,0.32905039999999997,0.004105399254640163,0.420809,0.004556058471968939
mESC,hHep,coverage_matched,scconcept_encoded,lr,5,0.5002616,0.004958784431692919,0.5806178,0.004063366604184266,0.5068594,0.00802690302918878,0.4904582,0.004100361613321437,0.616,0.0037416573867739447,0.308772,0.0018756394109743103,0.493848,0.015230174890657026
mESC,hHep,coverage_matched,scconcept_encoded,mlp,5,0.4906932,0.014234324984346807,0.5708132,0.00718786194636487,0.6275262,0.0938776280088073,0.4915682,0.013994792208532444,0.5640000000000001,0.023108440016582663,0.2827064,0.011583144505703087,0.4710786,0.03879403229673347
mESC,hHep,coverage_matched,v4_bias_rec_best,lr,5,0.4411104,0.009316923195991273,0.509938,0.005402218507243113,0.408368,0.014899518193552445,0.4369132,0.007815930741760697,0.466,0.00583095189484528,0.2546448,0.0031864780181259707,0.5695454,0.008592772651478689
mESC,hHep,coverage_matched,v4_bias_rec_best,mlp,5,0.4907114,0.014593543032451022,0.5508862,0.007084951471958027,0.6919706,0.022559855536771513,0.4904214,0.01214082289797525,0.526,0.01200000000000001,0.2874318,0.006557600000000008,0.460396,0.017441273990164815
mESC,hHep,coverage_matched,v4_plain_best,mlp,5,0.5306334,0.09836111072492015,0.6167586,0.09200240126561918,0.03794,0.05087367447708097,0.5046424,0.016840372093276306,0.597,0.10102474944289642,0.3532542,0.05977802106259456,0.2556546,0.00317501726609479
mESC,hHep,coverage_matched,v4_type_pe_best,lr,5,0.4105926,0.0012414426446678817,0.5737988,0.0019888367856613844,0.454699,0.0029251058784255956,0.4448228,0.003349850766825297,0.552,0.0040000000000000036,0.26926859999999997,0.0019511999999999945,0.5568404,0.0020963204526026017
mESC,hHep,coverage_matched,v4_type_pe_best,mlp,5,0.4887318,0.016234450275879386,0.602055,0.007655395221672094,0.724421,0.025900934222533367,0.4885274,0.015977449478561938,0.604,0.01019803902718558,0.2946342,0.004974603437461118,0.4196784,0.02366443445848644
mESC,hHep,native,baseline,lr,5,0.4372004,0.0018301412623073572,0.4739198,0.0014969986506340033,0.426923,0.0037109237125006983,0.4521778,0.0024412982120175296,0.46399999999999997,0.0203469899493758,0.1374814,0.006028822956431873,0.5405530000000001,0.0035514787342739206
mESC,hHep,native,baseline,mlp,5,0.4739884,0.018465814616203648,0.504616,0.007820394363457621,0.515268,0.10370554161085124,0.4743188,0.01780615700705797,0.47400000000000003,0.028178005607210746,0.1404444,0.008349043696136706,0.5217696000000001,0.021876436717162162
mESC,hHep,native,cl_scratch_v5,lr,5,0.518445,0.0009561669310324417,0.5328634,0.0012439711572219201,0.539817,0.0010231005815656512,0.519933,0.0007699667525289481,0.559,0.00799999999999996,0.1656296,0.00237032500725112,0.474713,0.0009266600239570004
mESC,hHep,native,cl_scratch_v5,mlp,5,0.5057066,0.008577649855292543,0.519886,0.004079768718934942,0.5148816,0.24045464308813003,0.506491,0.008080264921399545,0.516,0.030724582991474462,0.152889,0.009103394509741958,0.4885638,0.016878582125285303
mESC,hHep,native,cl_v6_fair,lr,5,0.5159282000000001,0.0016073935921236055,0.538746,0.0024430449852591613,0.4945662,0.0022982663379164736,0.5024457999999999,0.0013676785294797632,0.556,0.0020000000000000018,0.1647404,0.0005927999999999934,0.4654308,0.005461746475258623
mESC,hHep,native,cl_v6_fair,mlp,5,0.4754138,0.03782480850658732,0.5052606,0.017662298656743406,0.5669892,0.06262547524258795,0.4754964,0.035429267531802,0.498,0.02874021572639984,0.1475554,0.008515412769795725,0.5170838,0.03724924412870683
mESC,hHep,native,minus,lr,5,0.4301322,0.0006228079639824913,0.4666666,0.0009165654586552904,0.4170728,0.00040626710425531546,0.452712,0.0009496666783666751,0.434,0.025179356624028332,0.1285924,0.007460452736932255,0.5440014,0.0020054621013621864
mESC,hHep,native,minus,mlp,5,0.5044008,0.03511671459803722,0.519481,0.01696472306876834,0.5271129999999999,0.10940274644815823,0.504227,0.034519623792851506,0.509,0.01200000000000001,0.1508148,0.003555650005273291,0.4932218,0.03714850661547513
mESC,hHep,native,scGPT_human,lr,5,0.5285246,0.0006451817108380915,0.5516048,0.0013540033087108814,0.542536,0.0020408574668506693,0.514803,0.0026819996271438616,0.616,0.0020000000000000018,0.1825184,0.0005928000000000044,0.4462412,0.005306168237061478
mESC,hHep,native,scGPT_human,mlp,5,0.5076266,0.018252397218995655,0.5205846,0.009643927988117694,0.6461068,0.020752806165914062,0.5077972,0.019014437571487627,0.503,0.024207436873820428,0.1490372,0.007172647026028819,0.48053039999999997,0.01706331763286378
mESC,hHep,native,scconcept,lr,5,0.4923428,0.0008298097131270422,0.5118438,0.00084956821974458,0.5082822,0.0010631497354559468,0.4954926,0.0009605605863244645,0.529,0.008602325267042634,0.1567408,0.0025485899944871554,0.498886,0.0011244933081170532
mESC,hHep,native,scconcept,mlp,5,0.5052002,0.0032802737934507853,0.5193726,0.00214916147369154,0.6293184000000001,0.08689747032589615,0.505043,0.004633708450042992,0.536,0.033075670817082486,0.1588146,0.009800206377418798,0.48370219999999997,0.004228164869065535
mESC,hHep,native,scconcept_encoded,lr,5,0.507392,0.000886827378918787,0.5200772,0.002474584522702749,0.4830142,0.002144613102636471,0.5007275999999999,0.0007165759136336966,0.51,0.006324555320336764,0.1511114,0.0018738076315353098,0.4837612,0.0032988136897981984
mESC,hHep,native,scconcept_encoded,mlp,5,0.49620960000000003,0.0072972316285013425,0.5147425999999999,0.003288448667685122,0.617801,0.07757715042459346,0.4955436,0.007264353201765447,0.502,0.03075711299845941,0.1487408,0.009113384605074014,0.4940208,0.0126693855794194
mESC,hHep,native,v4_bias_rec_best,lr,5,0.43357640000000003,0.0007263807816841029,0.4570806,0.0017671403566213966,0.38409540000000003,0.002795113350116601,0.438883,0.0013704371565307098,0.352,0.00509901951359279,0.1042964,0.001510917946150618,0.552393,0.002093334373672799
mESC,hHep,native,v4_bias_rec_best,mlp,5,0.4611162,0.027865888160257885,0.498948,0.011248974033217408,0.3768634,0.1869265414397859,0.4610256,0.0251004278736439,0.48000000000000004,0.04123105625617662,0.1422224,0.012216664955707014,0.5406552,0.03005455233670931
mESC,hHep,native,v4_plain_best,lr,5,0.4708278,0.000293385343873876,0.4921774,0.0003529184608376273,0.4927284,0.002466714138281945,0.4875558,0.0023485274875972846,0.471,0.005830951894845285,0.1395556,0.0017279168498512906,0.49142759999999996,0.003498284699677827
mESC,hHep,native,v4_plain_best,mlp,5,0.5060564,0.028539887880648717,0.5197454,0.013654813445814633,0.613731,0.035741151537128715,0.5065784,0.027820180514151954,0.502,0.03234192325759248,0.1487408,0.009582744896948884,0.4848552,0.02902990988205095
mESC,hHep,native,v4_type_pe_best,lr,5,0.43628480000000003,0.0015741680215275698,0.4906564,0.0014829521367866181,0.4383902,0.0017340430675159147,0.4619112,0.00041561876762245587,0.472,0.0040000000000000036,0.1398516,0.0011851999999999974,0.507501,0.005505749213322395
mESC,hHep,native,v4_type_pe_best,mlp,5,0.489597,0.01352201856233011,0.511953,0.005835372036125908,0.49427740000000003,0.1492275748547835,0.4908602,0.009393102456590158,0.499,0.027640549922170514,0.1478518,0.008189735756420962,0.506347,0.0161104660019504
mESC,hHep,strict,baseline,lr,5,0.4305028,0.010183543968579891,0.369085,0.007057355397030806,0.3684898,0.0007652205956454687,0.4550272,0.0014540171113160802,0.345,0.010954451150103307,0.3080358,0.009780864284918799,0.5310662,0.0012083248569817505
mESC,hHep,strict,baseline,mlp,1,0.502967,0.0,0.400716,0.0,0.572158,0.0,0.502967,0.0,0.395,0.0,0.352679,0.0,0.597148,0.0
mESC,hHep,strict,cl_scratch_v5,lr,5,0.543652,0.0022292130450003787,0.4275324,0.0015392274165957397,0.513109,0.0,0.549127,0.0,0.456,0.014628738838327781,0.407143,0.013061276308232676,0.463452,1.1009087155612174e-05
mESC,hHep,strict,cl_v6_fair,lr,5,0.4875702,0.0003792056961597474,0.3910696,0.0005091693627860973,0.40033040000000003,0.0004046557055077778,0.4737876,0.0007270085556580401,0.388,0.00244948974278318,0.3464284,0.002186904442356833,0.51657,0.00012068471319933071
mESC,hHep,strict,minus,lr,5,0.4947808,0.002872751322338896,0.39228440000000003,0.0012124523248359016,0.4109596,0.0006377929444576791,0.4853738,0.0011105239123945186,0.399,0.02310844001658268,0.3562498,0.020632409615941625,0.5050436,0.000498008273023665
mESC,hHep,strict,scGPT_human,lr,5,0.4728062,0.0011529599125728628,0.39902139999999997,0.0016623236267345697,0.44235599999999997,0.0041103383802309984,0.493628,0.0035992248054268565,0.411,0.0020000000000000018,0.36696399999999996,0.0017859999999999987,0.5048612,0.0011415616321513288
mESC,hHep,strict,scGPT_human,mlp,1,0.502206,0.0,0.400354,0.0,0.571063,0.0,0.502219,0.0,0.4,0.0,0.357143,0.0,0.597148,0.0
mESC,hHep,strict,scconcept,lr,5,0.4825416,0.0022127736983252565,0.387476,1.0507140429258296e-05,0.419802,0.0,0.476963,0.0,0.39,0.009486832980505146,0.348214,0.00847047694052703,0.5223742,0.00014495019834412438
mESC,hHep,strict,scconcept,mlp,2,0.499987,0.0022190000000000265,0.3992835,0.001064499999999996,0.569233,0.0003549999999999942,0.499987,0.0022190000000000265,0.395,0.0,0.352679,0.0,0.5989305,0.0035654999999999992
mESC,hHep,strict,scconcept_encoded,lr,5,0.527889,0.0007792848003137248,0.4210362,0.0011104187318304712,0.4530042,0.006008400000000003,0.5234224000000001,0.003870799999999974,0.423,0.006782329983125274,0.3776788,0.006055677052155296,0.4680818,0.0024769802098523184
mESC,hHep,strict,v4_bias_rec_best,lr,5,0.453076,0.004346147167319564,0.37568619999999997,0.002718737309855442,0.3688038,0.0010793630343864794,0.4616944,0.000755603229214919,0.368,0.008717797887081356,0.3285712,0.00778354819860452,0.5211682,0.00045122650631363126
mESC,hHep,strict,v4_plain_best,lr,5,0.528011,0.002265540730156908,0.4125796,0.003474780833376407,0.4799278,0.002628380520396544,0.5254530000000001,0.0013664860043190955,0.398,0.006782329983125274,0.3553572,0.00605564755909721,0.479856,0.0012148802410114476
mESC,hHep,strict,v4_type_pe_best,lr,5,0.455185,0.003582872869639685,0.3779904,0.004729029947039869,0.4080452,0.0060414761573641855,0.4661126,0.0035742047283276817,0.373,0.00244948974278318,0.3330354,0.0021869044423568056,0.528997,0.002808842038990446
mESC,hHep,topology_matched,baseline,lr,5,0.4573502,0.004467481903712655,0.393233,0.003321621050029635,0.3872074,0.0007990235540958696,0.4771694,0.0014407898667050784,0.384,0.00489897948556636,0.6564106,0.008374315532627156,0.5067718,0.0013509641594061754
mESC,hHep,topology_matched,baseline,mlp,1,0.502941,0.0,0.409091,0.0,0.580645,0.0,0.502941,0.0,0.395,0.0,0.675214,0.0,0.58885,0.0
mESC,hHep,topology_matched,cl_scratch_v5,lr,5,0.5544892,0.0024265138285202467,0.4614114,0.0030560195418223367,0.536741,0.0,0.551917,0.0,0.462,0.0040000000000000036,0.6794122,0.005882399999999993,0.45740220000000004,1.9620397549486595e-05
mESC,hHep,topology_matched,cl_v6_fair,lr,5,0.4693672,0.0008284188312683249,0.4041382,0.0009298929830899985,0.4219706,0.0006927156992590957,0.4605278,0.0013384011954567345,0.415,0.0,0.605839,0.0,0.5377379999999999,0.0002813503154432398
mESC,hHep,topology_matched,minus,lr,5,0.5144938,0.005479716941594704,0.5075394,0.001989951617502295,0.4512406,0.0012279084004924792,0.4979154,0.0025110797358905293,0.51,0.0,0.675497,0.0,0.5013638,0.0011705030371596742
mESC,hHep,topology_matched,scGPT_human,lr,5,0.5130422,0.0007292246293152687,0.4467248,0.0012363293088817422,0.505593,0.0028904199694854025,0.5459160000000001,0.002774561875323776,0.42,0.0,0.688525,0.0,0.4554332,0.0007985953668786228
mESC,hHep,topology_matched,scGPT_human,mlp,1,0.502959,0.0,0.42069,0.0,0.592233,0.0,0.502959,0.0,0.41,0.0,0.672131,0.0,0.57732,0.0
mESC,hHep,topology_matched,scconcept,lr,5,0.4549336,0.00304242933196485,0.3496038,0.00013925573596804675,0.34749,0.0,0.44578,0.0,0.358,0.00509901951359279,0.6067794,0.008642406623157694,0.5382148,9.797958971006537e-07
mESC,hHep,topology_matched,scconcept,mlp,1,0.505967,0.0,0.378617,0.0,0.548009,0.0,0.505967,0.0,0.35,0.0,0.59322,0.0,0.61465,0.0
mESC,hHep,topology_matched,scconcept_encoded,lr,5,0.5294886,0.0008648011563359224,0.4442092,0.0010314159975490073,0.458628,0.006685999999999992,0.5207422,0.0038224000000000036,0.431,0.0020000000000000018,0.7243696000000001,0.0033611999999999752,0.4704468,0.0023844214728105458
mESC,hHep,topology_matched,v4_bias_rec_best,lr,5,0.437426,0.004689938251192645,0.3885514,0.0028031445628079925,0.3748258,0.0009913282806417005,0.4467048,0.0019796574855262365,0.356,0.0073484692283495405,0.5235296,0.01080665884721085,0.542763,0.0010928095900018735
mESC,hHep,topology_matched,v4_plain_best,lr,5,0.5695912,0.0029394531736362125,0.4047784,0.002819281511307444,0.5054772,0.004510733394914847,0.5653992,0.0029476677153302076,0.41,0.0,0.713043,0.0,0.4533534,0.001978541543662903
mESC,hHep,topology_matched,v4_type_pe_best,lr,5,0.4469904,0.0013918621483465907,0.3252214,0.0013198758426458217,0.3726034,0.005619346744951765,0.45711260000000004,0.002986477496985378,0.34,0.0,0.576271,0.0,0.5385148,0.002149949711039776
mESC,mDC,coverage_matched,baseline,mlp,5,0.4894904,0.10318113546496764,0.5053373999999999,0.08559800886142153,0.560403,0.11110817422314168,0.4746028,0.0344796654009287,0.485,0.10319883720275148,0.2957318,0.06292612568210441,0.2511408,0.0017709822585220845
mESC,mDC,coverage_matched,cl_scratch_v5,mlp,5,0.47803460000000003,0.08204620139067986,0.5104992,0.060284073546501483,0.6278644,0.06040617547436686,0.4812946,0.022665355347754865,0.508,0.08249848483457137,0.3667868,0.059565622445837005,0.2508682,0.0016462911528645327
mESC,mDC,coverage_matched,cl_v6_fair,lr,5,0.4659432,0.04245464037487541,0.5174335999999999,0.019606078267720945,0.4608772,0.06773175654417947,0.474675,0.028456978989344614,0.519,0.04532107677449864,0.2907566,0.025390032229991373,0.44997339999999997,0.03758127562284176
mESC,mDC,coverage_matched,cl_v6_fair,mlp,5,0.493043,0.04592564970471295,0.5233972,0.021303667443893313,0.580845,0.07255136818282616,0.4785328,0.033270938095581244,0.536,0.03666060555964671,0.30028,0.020538422334736416,0.493491,0.03708039181022768
mESC,mDC,coverage_matched,minus,mlp,5,0.5656088,0.07584033479989391,0.561819,0.060335153855774655,0.6586408,0.01790821214303652,0.4987168,0.0034634756185080856,0.5569999999999999,0.07379701890998037,0.3713332,0.04919782199406798,0.25152220000000003,0.0020615948583560346
mESC,mDC,coverage_matched,scGPT_human,lr,5,0.5182374,0.009574624475142604,0.6206646,0.005636880967343522,0.5942826,0.023443363398625204,0.5347342,0.014216857365817513,0.64,0.010488088481701525,0.3575416,0.005859122958259205,0.42192860000000004,0.014383910770023567
mESC,mDC,coverage_matched,scGPT_human,mlp,5,0.4392816,0.050730231659632696,0.5642448,0.02501153455028299,0.4627606,0.11474707849806025,0.4715754,0.041669979172541,0.542,0.061040969848127416,0.3027934,0.03410113248911242,0.5259132,0.05325562539075098
mESC,mDC,coverage_matched,scconcept,lr,5,0.5268334,0.002110697950915761,0.5739078,0.001232549130866612,0.546285,0.005788715643387583,0.5021671999999999,0.0034902822464665966,0.611,0.00489897948556636,0.360472,0.002890397896484131,0.4499014,0.015518152977722577
mESC,mDC,coverage_matched,scconcept,mlp,5,0.4918532,0.005464382614715038,0.5390338,0.0026499441050708865,0.6670612,0.02690310235939344,0.4979818,0.005575653626257634,0.53,0.03361547262794321,0.31268460000000003,0.019832117411915453,0.462958,0.005454540530603849
mESC,mDC,coverage_matched,scconcept_encoded,lr,5,0.477862,0.009813115183263678,0.4459242,0.008065274066019085,0.307463,0.013462861345197025,0.4884852,0.00486677270478086,0.423,0.019646882704388496,0.2838926,0.01318591880150944,0.45045999999999997,0.020469572384395333
mESC,mDC,coverage_matched,scconcept_encoded,mlp,5,0.4932122,0.026731757633197253,0.464416,0.0168864914532297,0.401134,0.06210669549412526,0.5020522000000001,0.024236352195823534,0.455,0.029832867780352584,0.3053692,0.020022111331225785,0.4820088,0.027561585145996208
mESC,mDC,coverage_matched,v4_bias_rec_best,mlp,5,0.5128532,0.03509807142507974,0.5128132,0.020418361564043298,0.6336866,0.07666879999999998,0.5042328,0.008465599999999985,0.514,0.026343879744639004,0.4095618,0.020991243711605087,0.2524242,0.001907673598915693
mESC,mDC,coverage_matched,v4_plain_best,lr,5,0.5251732,0.014205789712648858,0.49081400000000003,0.01634565147065115,0.522261,0.0061883476954676594,0.5030164,0.009534403402415896,0.528,0.036414282912066255,0.340645,0.023493144216983824,0.4649796,0.016502605353095022
mESC,mDC,coverage_matched,v4_plain_best,mlp,5,0.511363,0.007961386286319736,0.4614702,0.005526394499128703,0.5978162,0.03566593880665418,0.5009252,0.00805319142700583,0.443,0.03854867053479276,0.2858064,0.02486990567412751,0.5130978,0.0191937260311801
mESC,mDC,coverage_matched,v4_type_pe_best,lr,5,0.4156606,0.006446334294775589,0.4554306,0.002522407627644676,0.510006,0.016508290123450117,0.4620368,0.011161596290853743,0.403,0.009273618495495692,0.2542586,0.005850920016544412,0.5021526000000001,0.012862344010327202
mESC,mDC,coverage_matched,v4_type_pe_best,mlp,5,0.48493020000000003,0.018231812432119868,0.49411160000000004,0.009395646259837595,0.6001622,0.07760740726863642,0.48219,0.01516033883526354,0.497,0.03264965543462902,0.3135646,0.020599139288814964,0.5035006,0.014870850474670249
mESC,mDC,native,baseline,lr,5,0.5284966,0.0008240877623166336,0.5597622,0.0016576063947752997,0.5352486,0.0069093754450022605,0.5361148,0.0075477688199891355,0.631,0.008602325267042634,0.1872404,0.0025524029149019615,0.43521540000000003,0.004800217936719129
mESC,mDC,native,baseline,mlp,5,0.5136854,0.0369757992941329,0.527465,0.0186815763895877,0.5610653999999999,0.0772271525555617,0.5197115999999999,0.033348367747762404,0.526,0.042708313008125234,0.1560832,0.012672984769185193,0.4693968,0.034482306624702454
mESC,mDC,native,cl_scratch_v5,lr,5,0.49999740000000004,0.0010399697303287209,0.5344262,0.0018665850529777646,0.4757846,0.00812340395647046,0.4880496,0.0074740709282157675,0.592,0.013266499161421611,0.17566779999999999,0.003936788406810807,0.4857588,0.005036009467822699
mESC,mDC,native,cl_scratch_v5,mlp,5,0.5187048,0.023333904048829877,0.5284254,0.013557243681515794,0.5051332,0.23248965195586663,0.5241034,0.02223101984705155,0.515,0.04242640687119284,0.152819,0.012589329132245294,0.4659218,0.024764244009458466
mESC,mDC,native,cl_v6_fair,lr,5,0.412975,0.000411483657026611,0.4806874,0.0006793896083986016,0.397016,0.014431311333347362,0.4458046,0.008629265915476253,0.509,0.0020000000000000018,0.1510384,0.0005931999999999937,0.4573588,0.005449577502889565
mESC,mDC,native,cl_v6_fair,mlp,5,0.4857462,0.05415619671062585,0.5153202,0.02651794855866494,0.5656698,0.0746717082659825,0.4980792,0.03935227716613105,0.513,0.03627671429443414,0.1522256,0.010764624296277127,0.48696659999999997,0.04064836064886259
mESC,mDC,native,minus,lr,5,0.5429948,0.00035022244359833897,0.5624308,0.0004931561213246744,0.57293,0.004684245723699837,0.5379532,0.007840763901559578,0.592,0.007483314773547889,0.17566779999999999,0.002220326228282679,0.423134,0.00482989672767442
mESC,mDC,native,minus,mlp,5,0.4978338,0.03501205572599244,0.5196959999999999,0.01668335646085641,0.5298724,0.10947979964285649,0.5071882,0.031136044003052143,0.502,0.024000000000000004,0.1489616,0.007121533334893541,0.4824156,0.03453541962449565
mESC,mDC,native,scGPT_human,lr,5,0.5362832,0.0019802103322627248,0.5404158,0.0010131539665815792,0.5907986,0.007159785488406738,0.5363054,0.00867371889330061,0.604,0.0037416573867739447,0.1792286,0.001110096320145236,0.378058,0.005527045286588473
mESC,mDC,native,scGPT_human,mlp,5,0.5054756,0.00966066090078726,0.5207906,0.004864669098715778,0.6303422,0.030889189956358528,0.507884,0.00964703863369481,0.499,0.036660605559646724,0.14807120000000001,0.010878358229071143,0.4742478,0.010487796248974323
mESC,mDC,native,scconcept,lr,5,0.5013254,0.0006017662669176488,0.5335656,0.0003228371725808715,0.5191012,0.006206819456049932,0.4991524,0.008034708821108554,0.5640000000000001,0.025961509971494313,0.167359,0.007703789197531306,0.432921,0.005839271084647463
mESC,mDC,native,scconcept,mlp,5,0.5165334,0.008102278928795299,0.5272738,0.008666208522762415,0.6218694,0.09203120797990214,0.518698,0.009206565983036243,0.541,0.02745906043549194,0.1605342,0.008148122934762334,0.4645288,0.005990630097076596
mESC,mDC,native,scconcept_encoded,lr,5,0.4353592,0.0018816634555626586,0.4674354,0.0013386933330677465,0.3315272,0.014478541824368914,0.4555476,0.008561817718218491,0.435,0.003162277660168382,0.12908,0.0009385640095379833,0.4687822,0.0069636012349932755
mESC,mDC,native,scconcept_encoded,mlp,5,0.5213798,0.018184671472424228,0.5282008,0.00910619152884453,0.6314261999999999,0.06508624485219591,0.5220826,0.015101668445572512,0.535,0.04764451699828636,0.1587538,0.014137975207221156,0.4610378,0.017271809336603973
mESC,mDC,native,v4_bias_rec_best,lr,5,0.430765,0.0021886158182741976,0.48356520000000003,0.003125101047966292,0.4540996,0.008381068347173887,0.4468326,0.00875101750883863,0.498,0.012083045973594584,0.1477746,0.003585536311348697,0.5055246,0.0066254428863284235
mESC,mDC,native,v4_bias_rec_best,mlp,5,0.463814,0.028013419527076647,0.503639,0.011762264713906064,0.4310626,0.173064695309702,0.4806522,0.02363643650299258,0.482,0.035580893749314405,0.1430266,0.01055796413329766,0.5117346,0.027189913656354252
mESC,mDC,native,v4_plain_best,lr,5,0.5257018,0.007457062274113031,0.5458082,0.006712766207756685,0.5581898,0.005617614347745836,0.5189062,0.012189139812144228,0.575,0.013038404810405283,0.1706232,0.00386910829003273,0.416231,0.006300941961326092
mESC,mDC,native,v4_plain_best,mlp,5,0.501409,0.025574645921302593,0.520022,0.014878055262701518,0.5872156000000001,0.022931209271209424,0.503289,0.020932763305402377,0.486,0.014282856857085696,0.1442138,0.004238311758235825,0.4831412,0.021046724499550973
mESC,mDC,native,v4_type_pe_best,lr,5,0.3991342,0.0013172989637891448,0.4688942,0.00025770789665820285,0.4841802,0.008635148809372068,0.435388,0.009165021287482101,0.442,0.006000000000000005,0.131157,0.0017803333395743641,0.4682756,0.0075418728337197476
mESC,mDC,native,v4_type_pe_best,mlp,5,0.4736992,0.05466934307049974,0.5106244,0.02762690927773135,0.49147460000000004,0.1498422279740928,0.4914668,0.03303437191411394,0.47600000000000003,0.039293765408777014,0.1412464,0.011659982068596843,0.4975342,0.03690609722200385
mESC,mDC,strict,baseline,mlp,5,0.5831455999999999,0.0948469799974675,0.915404,0.03257643718395245,0.9347602,0.012275599999999987,0.5029648,0.005929599999999979,0.916,0.029732137494637014,0.4603012,0.014940795968086855,0.2178118,0.014816538494533734
mESC,mDC,strict,cl_scratch_v5,mlp,5,0.460181,0.10932391162046848,0.8789216,0.03014300441959958,0.8970056000000001,0.060303258424731894,0.469799,0.037849039808164224,0.875,0.03741657386773945,0.4396986,0.018802202536936992,0.2205504,0.01833774189588238
mESC,mDC,strict,cl_v6_fair,mlp,5,0.4730952,0.10341704788553965,0.8808092000000001,0.02966547535705435,0.9059086,0.0478137908039093,0.4843316,0.02071542337100548,0.878,0.035860842154082244,0.4412062,0.018020530507174306,0.2207694,0.01814018102004498
mESC,mDC,strict,minus,mlp,5,0.5826432,0.14616554054824274,0.908235,0.044080936686962516,0.9278454,0.026105199999999985,0.4966834,0.006633200000000006,0.904,0.04820788317277581,0.4542714,0.024225237101832473,0.217939,0.017628441201649112
mESC,mDC,strict,scGPT_human,mlp,5,0.4800502,0.15423523236070286,0.884587,0.043834664524779916,0.9321118,0.013792194624496842,0.493206,0.0145682329333382,0.885,0.053197744313081545,0.4447234,0.026732562036587533,0.2187092,0.016813396128087865
mESC,mDC,strict,scconcept,mlp,5,0.554985,0.0608222535425974,0.9070288,0.017991997570030976,0.8015548,0.1148267907056537,0.4891358,0.04575775114841199,0.914,0.015297058540778367,0.4592966,0.007687007261607078,0.190684,0.06965200215069198
mESC,mDC,strict,scconcept_encoded,mlp,5,0.497035,0.034779431898753016,0.8925358,0.011504149919050945,0.8480034,0.07904142894862161,0.48331640000000003,0.019528054788944024,0.889,0.014628738838327807,0.4467336,0.007351255718583055,0.1711252,0.053532429563396426
mESC,mDC,strict,v4_bias_rec_best,mlp,5,0.5374978,0.07208461364646411,0.9027374,0.023752912921155573,0.9247392,0.032317600000000016,0.499417,0.0011660000000000004,0.9,0.029664793948382676,0.4522614,0.014906963481541113,0.2165732,0.0146686740832292
mESC,mDC,strict,v4_plain_best,mlp,5,0.5566482,0.07994784436218405,0.9065764,0.025826574504567965,0.9102774,0.061241199999999996,0.4933568,0.013286400000000009,0.904,0.024779023386727717,0.4542714,0.012451677181809683,0.2157894,0.016901681734076055
mESC,mDC,strict,v4_type_pe_best,mlp,5,0.4926234,0.15486988158399295,0.8879086,0.051204081941189014,0.9349586,0.01126275972575106,0.5067136,0.014063615375855511,0.884,0.049132473986153,0.44422100000000003,0.024689760185145584,0.2176622,0.01325755118262796
mESC,mDC,topology_matched,baseline,mlp,5,0.6398552,0.17499067839676488,0.9230138,0.047145525456399356,0.9385208,0.000510400000000022,0.5144928,0.02898559999999999,0.884615,0.0,1.0,0.0,0.2172814,0.015193922332301166
mESC,mDC,topology_matched,cl_scratch_v5,mlp,5,0.4412486,0.17385163677987042,0.6964808,0.10088455377985277,0.7667664,0.07415280582850522,0.456426,0.05883615473159339,0.693548,0.0,1.0,0.0,0.2369152,0.010993393041277114
mESC,mDC,topology_matched,cl_v6_fair,mlp,5,0.4459148,0.08886602849548302,0.8607622,0.02629121364562692,0.9070119999999999,0.04066275595185352,0.4913398,0.021638010170993077,0.883117,0.0,1.0,0.0,0.2213024,0.017372999126230335
mESC,mDC,topology_matched,minus,mlp,5,0.4688312,0.18095336482906307,0.9228651999999999,0.03619453918148428,0.9530066,0.018986800000000015,0.490909,0.018182000000000007,0.927711,0.0,1.0,0.0,0.2148542,0.01846088664609585
mESC,mDC,topology_matched,scGPT_human,mlp,5,0.4509494,0.179659114193074,0.8624732,0.055866568516063336,0.9175712,0.020660303302710757,0.48860760000000003,0.019772824993915254,0.868132,0.0,1.0,0.0,0.2208882,0.0170105922107374
mESC,mDC,topology_matched,scconcept,mlp,5,0.6395556,0.09899644108875834,0.9540292,0.017020522276358016,0.8072674,0.1135119611258655,0.5166668,0.052704467447835954,0.925926,0.0,1.0,0.0,0.1834102,0.07229705951807446
mESC,mDC,topology_matched,scconcept_encoded,mlp,5,0.5149352,0.16609441301910188,0.9584136,0.015210734349136473,0.8573962,0.11119039363074491,0.4275972,0.0633875538931737,0.950617,0.0,1.0,0.0,0.1520428,0.07367213960623106
mESC,mDC,topology_matched,v4_bias_rec_best,mlp,5,0.4712088,0.16586992977559253,0.8936544,0.04843060647813531,0.9358682,0.02607360000000001,0.4876924,0.024615199999999993,0.902778,0.0,1.0,0.0,0.21596759999999998,0.014463488411859704
mESC,mDC,topology_matched,v4_plain_best,mlp,5,0.45689300000000005,0.2182869092410262,0.950248,0.03476608887982655,0.9397016,0.07320280000000001,0.468932,0.06213599999999999,0.953704,0.0,1.0,0.0,0.2103866,0.02006036840738475
mESC,mDC,topology_matched,v4_type_pe_best,mlp,5,0.5004854,0.17729007638060287,0.9655412,0.01848987817591019,0.9749576000000001,0.011988799999999999,0.4941748,0.011650399999999993,0.962617,0.0,1.0,0.0,0.2103948,0.014649474726419379
mESC,mHSC-E,coverage_matched,baseline,mlp,5,0.565551,0.08690627714497959,0.5913194,0.08054198394775237,0.6569244,0.054687200000000005,0.4938458,0.012308399999999997,0.601,0.09572878355019457,0.3864952,0.06156169107618796,0.2496228,0.0008252476961494631
mESC,mHSC-E,coverage_matched,cl_scratch_v5,mlp,5,0.5171618,0.10312548435260802,0.4800594,0.08403580157432902,0.3682052,0.18219257892175522,0.5098574,0.06951004328469375,0.466,0.10855413396089528,0.3728,0.08684330716871623,0.2493598,0.0023644274063713625
mESC,mHSC-E,coverage_matched,cl_v6_fair,mlp,5,0.5111703999999999,0.07223939017073719,0.5246356,0.05116366627832686,0.0920644,0.10965150984569251,0.5111414,0.014233180959996266,0.512,0.06592419889539804,0.3849624,0.04956703691204467,0.25109139999999996,0.001818952291842751
mESC,mHSC-E,coverage_matched,minus,mlp,5,0.5299914,0.06260503534253455,0.5125374,0.06302196211036278,0.5520918,0.17964810450143914,0.49916499999999997,0.03014112812752701,0.503,0.09309135298189623,0.29244180000000003,0.05412292805604664,0.2504094,0.0005264771979867638
mESC,mHSC-E,coverage_matched,scGPT_human,mlp,5,0.4688298,0.05685740384998246,0.4078684,0.043634951172655166,0.5871302,0.01581136385515179,0.4962638,0.010511859082008282,0.383,0.05988321968631947,0.2946156,0.0460638258011642,0.257736,0.0059005682777169815
mESC,mHSC-E,coverage_matched,scconcept,mlp,5,0.5356772,0.0585306521453503,0.4744976,0.051414696329357044,0.1484528,0.0940897101970242,0.48476359999999996,0.0237181032344494,0.484,0.05093132631298739,0.4440366,0.04672579279413032,0.3030356,0.013444291674907983
mESC,mHSC-E,coverage_matched,scconcept_encoded,mlp,5,0.46807360000000003,0.05216747459327508,0.4044144,0.03460798279356946,0.4322308,0.13167186999416391,0.4639754,0.038832231507344515,0.378,0.05153639490690051,0.3837562,0.05232122667675139,0.3469236,0.06910492595640344
mESC,mHSC-E,coverage_matched,v4_bias_rec_best,mlp,5,0.5487196,0.0485254675963045,0.614679,0.0499008261053863,0.5819734,0.28545954481053876,0.5173552,0.021362152058254806,0.618,0.07061161377563892,0.37117079999999997,0.04240933523364873,0.2475834,0.003287267594827051
mESC,mHSC-E,coverage_matched,v4_plain_best,mlp,5,0.4842466,0.08235256188996186,0.5608648,0.0583641465778435,0.0835006,0.07029923360208133,0.4816128,0.029571570708367873,0.546,0.06398437309218558,0.3627908,0.04251458705620931,0.2556142,0.0025075663420934626
mESC,mHSC-E,coverage_matched,v4_type_pe_best,mlp,5,0.5735254,0.06001169932804769,0.4858,0.06413463642369853,0.1436338,0.18489403294795642,0.5200442,0.027532202530128242,0.472,0.05582114294781146,0.414035,0.048966016382793486,0.244575,0.0024822050680795866
mESC,mHSC-E,native,baseline,lr,5,0.44317,0.0013684553335787065,0.4659262,0.0029302219301615955,0.4702294,0.0045186028194564905,0.4631282,0.0021134787815353224,0.445,0.018973665961010275,0.1352582,0.005767256588708368,0.5205266,0.002798702027726431
mESC,mHSC-E,native,baseline,mlp,5,0.4962012,0.017267755365420266,0.5001652,0.00861624937893513,0.5450924,0.06505955112541124,0.4939742,0.015713807373135255,0.489,0.0228910462845192,0.1486322,0.0069577509987064036,0.5008252,0.015508648353741224
mESC,mHSC-E,native,cl_scratch_v5,lr,5,0.5240042,0.0016270517385749965,0.5094696,0.0015039514087895587,0.523737,0.004358433112943242,0.5027074,0.002650652719614541,0.514,0.013564659966250548,0.1562308,0.004122978408869009,0.485861,0.003098498733257765
mESC,mHSC-E,native,cl_scratch_v5,mlp,5,0.4942066,0.027554799027392676,0.500492,0.01420964507649645,0.4940918,0.22310287335523046,0.4928806,0.02542567235374512,0.494,0.03666060555964673,0.150152,0.01114283285345338,0.5020658,0.025088826687591412
mESC,mHSC-E,native,cl_v6_fair,lr,5,0.4964388,0.0004623416053093281,0.4936078,0.0005574296009362925,0.5010056,0.00649876691688508,0.4946566,0.0025342473123197867,0.475,0.003162277660168382,0.144377,0.0009613324086911833,0.4471768,0.0049406346312999075
mESC,mHSC-E,native,cl_v6_fair,mlp,5,0.495915,0.01241033654660503,0.4992678,0.006095686816102031,0.5716048,0.04523653211907386,0.4931008,0.01586164434603174,0.468,0.022934689882359426,0.1422492,0.006970985910185149,0.5006196,0.015296515454181057
mESC,mHSC-E,native,minus,lr,5,0.481937,0.0017276462600891325,0.49148339999999996,0.00198456389163967,0.527997,0.003994594948176828,0.5073006,0.0020576159602802287,0.46799999999999997,0.021354156504062617,0.1422492,0.006490511579220854,0.4752846,0.0025724048359463225
mESC,mHSC-E,native,minus,mlp,5,0.5010169999999999,0.01881890767286984,0.5030752000000001,0.012764139883282373,0.5203494,0.10566235123751505,0.49780040000000003,0.022236525507371877,0.492,0.04032369030731192,0.1495442,0.01225628399475143,0.497105,0.022582331677663398
mESC,mHSC-E,native,scGPT_human,lr,5,0.5165816,0.003417259229265479,0.5131476,0.0037726766413250993,0.4974564,0.008069191275462477,0.509288,0.005669809943904646,0.468,0.0067823299831252515,0.1422492,0.002061592433047815,0.4350178,0.006786371148117384
mESC,mHSC-E,native,scGPT_human,mlp,5,0.49340320000000004,0.008138147071661966,0.49927119999999997,0.004333933935813957,0.623415,0.030298811679668223,0.49342980000000003,0.008020060882561929,0.48,0.015165750888103088,0.1458966,0.004609662963818508,0.4997722,0.007759120372825788
mESC,mHSC-E,native,scconcept,lr,5,0.4844456,0.0004134927327051843,0.4855176,0.0004442749599065819,0.507386,0.004427739558736504,0.4959632,0.0024202467973328742,0.452,0.0040000000000000036,0.137386,0.0012160000000000046,0.4820302,0.0024288469198366445
mESC,mHSC-E,native,scconcept,mlp,5,0.500808,0.007810975457649338,0.5029022,0.002819657241580948,0.6081066,0.09578205078739963,0.4987298,0.005806710958881978,0.467,0.008124038404635946,0.1419452,0.0024694122701566057,0.4946962,0.005480935190275468
mESC,mHSC-E,native,scconcept_encoded,lr,5,0.5220779999999999,0.0006445711752785638,0.5034196,0.001101531769855029,0.4873094,0.003479793878953177,0.5145392,0.0017376515646124295,0.46199999999999997,0.013638181696985848,0.1404254,0.004145215343018987,0.453607,0.0038422244078137884
mESC,mHSC-E,native,scconcept_encoded,mlp,5,0.4847818,0.012270689359608114,0.4950748,0.006844273530477861,0.603553,0.07013295140802217,0.4847144,0.01405425673025791,0.471,0.015297058540778345,0.14316120000000002,0.004649573632065633,0.5089992,0.014808957713492192
mESC,mHSC-E,native,v4_bias_rec_best,lr,5,0.478459,0.0010961746211256712,0.4959906,0.0016873623914263314,0.4976752,0.0049988655673062436,0.4818278,0.00275219929510927,0.516,0.0058309518948453055,0.1568388,0.0017723006968344884,0.4915768,0.00452730124467104
mESC,mHSC-E,native,v4_bias_rec_best,mlp,5,0.49019019999999996,0.009993561495282847,0.4974148,0.007693282976727157,0.4402904,0.18693051063387164,0.4890674,0.009401495808646621,0.47500000000000003,0.04062019202317981,0.1443768,0.012346618150732616,0.5063138,0.011263976693867925
mESC,mHSC-E,native,v4_plain_best,lr,5,0.4882184,0.0024745657073514875,0.4781878,0.0017030386255161613,0.5230592000000001,0.006259762468336939,0.5067538,0.004002875536411285,0.413,0.005999999999999991,0.125532,0.0018239999999999988,0.4609616,0.005056135623180999
mESC,mHSC-E,native,v4_plain_best,mlp,5,0.4923958,0.022957047993154525,0.4987698,0.012242854886014114,0.5863008,0.020601103964593758,0.4919552,0.021536373356719107,0.51,0.016733200530681527,0.1550152,0.005086175828655552,0.5022658,0.021215998844268447
mESC,mHSC-E,native,v4_type_pe_best,lr,5,0.4893014,0.00145302685453503,0.4920216,0.0009572722914615177,0.4950004,0.006348832888019655,0.48605339999999997,0.0036061323658457107,0.501,0.0020000000000000018,0.1522798,0.000607599999999997,0.4448764,0.00859821296782069
mESC,mHSC-E,native,v4_type_pe_best,mlp,5,0.4963794,0.010941315288391984,0.4956938,0.007572784597491209,0.4927322,0.13020856662816008,0.4878144,0.010532907112473741,0.493,0.029427877939124332,0.1498478,0.008944770011576595,0.5072054,0.011399077429336104
mESC,mHSC-E,strict,baseline,mlp,5,0.5424694,0.08241206579767309,0.5435526,0.07775667631425615,0.644258,0.01838144451342167,0.4924802,0.015906328934106692,0.534,0.08985543945694106,0.3869566,0.06511278154586854,0.2532902,0.002094261053450597
mESC,mHSC-E,strict,cl_scratch_v5,mlp,5,0.475281,0.07447760209620072,0.4751434,0.06139652536292264,0.6470876,0.011926049968032159,0.4986238,0.0027002062439747073,0.46799999999999997,0.07619711280619496,0.3391304,0.05521529156529014,0.2545032,0.0033283283131325817
mESC,mHSC-E,strict,cl_v6_fair,mlp,5,0.4890836,0.060705485108349125,0.4896216,0.05608775477980911,0.6464184,0.013264021133879447,0.4975788,0.0047900726257542195,0.48,0.06870225614927065,0.3478258,0.04978428936281002,0.2539542,0.0029048830200199154
mESC,mHSC-E,strict,minus,mlp,5,0.5546176,0.07148301131765505,0.5415554,0.07398701973616725,0.6426004,0.021696270993882816,0.49523659999999997,0.01040080830704999,0.5409999999999999,0.08679861750051093,0.3920288,0.06289758244129896,0.253292,0.0021613662345840437
mESC,mHSC-E,strict,scGPT_human,mlp,5,0.459063,0.07119758353483634,0.456537,0.04584984901174703,0.6511224,0.0017659688105966026,0.4990862,0.0017245211973182502,0.44,0.0601664358259653,0.3188408,0.043598726831869765,0.2549668,0.004966030301961519
mESC,mHSC-E,strict,scconcept,mlp,5,0.466595,0.055410379630534926,0.4566016,0.047773056182748026,0.5814958,0.06924783784754582,0.5033906,0.030117918982559194,0.434,0.0677790528113222,0.31449279999999996,0.04911534850288655,0.3361674,0.05763567911146705
mESC,mHSC-E,strict,scconcept_encoded,mlp,5,0.5213288,0.05568701330974754,0.5122344,0.04469083165303596,0.5856436,0.056643556479444364,0.5043466,0.03501211211338159,0.502,0.04567274898667697,0.3637682,0.03309624740299117,0.3204124,0.0494126519854986
mESC,mHSC-E,strict,v4_bias_rec_best,mlp,5,0.4980162,0.10858385218880383,0.492411,0.06963215631301388,0.6353436,0.038990620049442676,0.4902954,0.028591878578365558,0.486,0.08386894538504702,0.352174,0.060774366204840016,0.2536932,0.0026321640830312973
mESC,mHSC-E,strict,v4_plain_best,mlp,5,0.4732402,0.042786441756238615,0.4662404,0.038025035145808864,0.6494898,0.007025690354691108,0.5124536,0.02189358928636418,0.453,0.03736308338453882,0.32826079999999996,0.027074949613249508,0.2545128,0.0033386365720155823
mESC,mHSC-E,strict,v4_type_pe_best,mlp,5,0.5914862,0.046643662152108065,0.5799254,0.05085139540897575,0.6524104000000001,0.0020251661265189885,0.5121074,0.026173433535552813,0.57,0.05522680508593631,0.4130436,0.04001929853758059,0.252194,0.0025848355460260865
mESC,mHSC-E,topology_matched,baseline,mlp,5,0.5865362,0.09031817684253816,0.428999,0.08367439544328958,0.47030879999999997,0.002345599999999992,0.5023256,0.004651199999999988,0.306452,0.0,1.0,0.0,0.268699,0.010387517759310924
mESC,mHSC-E,topology_matched,cl_scratch_v5,mlp,5,0.5134948,0.11379523616812787,0.4034182,0.11065370613296241,0.493984,0.008711235595482428,0.4941176,0.011764799999999997,0.333333,0.0,1.0,0.0,0.267226,0.008909642933361592
mESC,mHSC-E,topology_matched,cl_v6_fair,mlp,5,0.457333,0.13979465787504186,0.6780168,0.07805608061746373,0.7885714,0.022857200000000022,0.4933334,0.0133332,0.666667,0.0,1.0,0.0,0.2383282,0.004632222291729964
mESC,mHSC-E,topology_matched,minus,mlp,5,0.6047152,0.10628970545146883,0.6658776,0.09335560849697248,0.706249,0.022616000000000015,0.4964922,0.007015600000000011,0.559524,0.0,1.0,0.0,0.246319,0.0022201797224549124
mESC,mHSC-E,topology_matched,scGPT_human,mlp,5,0.436795,0.09389722422947339,0.4607028,0.05910891984599277,0.6587282,0.004577600000000004,0.4974358,0.00512840000000001,0.493671,0.0,1.0,0.0,0.25500300000000004,0.004871417945526752
mESC,mHSC-E,topology_matched,scconcept,mlp,5,0.4100686,0.10190613397553652,0.5062983999999999,0.0725632273940458,0.6085674,0.0859335216189817,0.4800916,0.02985020914901604,0.547619,0.0,1.0,0.0,0.3266662,0.03887062310485902
mESC,mHSC-E,topology_matched,scconcept_encoded,mlp,5,0.437166,0.055761537184693885,0.3368684,0.048840993039044565,0.4631648,0.050705237880913266,0.4930312,0.05814752129334493,0.33871,0.0,1.0,0.0,0.386844,0.10375658264033179
mESC,mHSC-E,topology_matched,v4_bias_rec_best,mlp,5,0.5860512,0.17302247170515164,0.552689,0.14653528572326874,0.5542446,0.018465085968930674,0.49312839999999997,0.020756404549921458,0.390625,0.0,1.0,0.0,0.25978640000000003,0.004913120377112696
mESC,mHSC-E,topology_matched,v4_plain_best,mlp,5,0.4184296,0.1644151240544494,0.5265448,0.11166353135630272,0.7247196,0.031257199999999985,0.5386218,0.0772436,0.549296,0.0,1.0,0.0,0.249748,0.0038769092844687493
mESC,mHSC-E,topology_matched,v4_type_pe_best,mlp,5,0.5837791999999999,0.05810507938003356,0.7102372,0.046154606389395184,0.7746722,0.009977600000000031,0.5100334,0.020066799999999985,0.638889,0.0,1.0,0.0,0.2381228,0.004735100564929957
mESC,mHSC-GM,coverage_matched,baseline,mlp,5,0.5411971999999999,0.0515807920815491,0.6083626,0.04778670631294857,0.0864738,0.11394852761734132,0.5104684,0.010284794243931169,0.611,0.06445153217728807,0.347159,0.03662007589833751,0.2533862,0.003877873922654007
mESC,mHSC-GM,coverage_matched,cl_scratch_v5,lr,5,0.5042522,0.016524941711243663,0.4990792,0.014858824965655944,0.5282262,0.012223296305007084,0.5076276,0.020282016592045288,0.491,0.033674916480965475,0.4008164,0.02748976676947259,0.4540476,0.025569787755083152
mESC,mHSC-GM,coverage_matched,cl_scratch_v5,mlp,5,0.5077234,0.0130901457684779,0.5027694,0.008801774902824994,0.5387368,0.12331576228755185,0.5053924,0.013733195325196531,0.501,0.023958297101421902,0.4089794,0.019557800710713863,0.4896982,0.014647073009990769
mESC,mHSC-GM,coverage_matched,cl_v6_fair,lr,5,0.4901704,0.06287680998460402,0.5388732,0.055400406277932655,0.4426174,0.10159472653164632,0.4781674,0.061861278999387016,0.532,0.05075431016179808,0.5115384000000001,0.04880216462658188,0.481349,0.04594493074540432
mESC,mHSC-GM,coverage_matched,cl_v6_fair,mlp,5,0.4993984,0.02444571414870102,0.5524302,0.01667733913308715,0.4873204,0.13407481759614664,0.5116042,0.023373746018984645,0.547,0.017776388834631153,0.5259614,0.017092627914981347,0.4884226,0.019410006064914047
mESC,mHSC-GM,coverage_matched,minus,mlp,5,0.5309874,0.04297726657012983,0.502715,0.041561992743370704,0.048440000000000004,0.08703078711122864,0.501733,0.003337609443898455,0.51,0.05300943312279428,0.343434,0.03569655226488967,0.249917,0.0009757698499133916
mESC,mHSC-GM,coverage_matched,scGPT_human,mlp,5,0.4548954,0.060145846372297404,0.4990574,0.0429122676287329,0.6858626,0.01488794682419304,0.5066576,0.01598994279664565,0.48,0.04549725266430932,0.2981366,0.028259178845819282,0.2506106,0.001771219083004699
mESC,mHSC-GM,coverage_matched,scconcept,mlp,5,0.5077452,0.03457997219432078,0.5208802,0.021944286549350402,0.52757,0.1201095523844794,0.5010478,0.017684501467669367,0.517,0.035580893749314384,0.3801472,0.026162316398973547,0.307366,0.03174306926558929
mESC,mHSC-GM,coverage_matched,scconcept_encoded,lr,5,0.4391112,0.03462987192814897,0.482242,0.023043317929499648,0.39537279999999997,0.08016763935753628,0.4541378,0.025365420740843244,0.451,0.034842502780368705,0.28275859999999997,0.02184491179748731,0.508273,0.03382990188575783
mESC,mHSC-GM,coverage_matched,scconcept_encoded,mlp,5,0.5056074,0.050023474351948004,0.5275906,0.025364521589022724,0.5054668,0.10857593564395383,0.5063946,0.04416126292396991,0.512,0.04802082881417186,0.32100300000000004,0.030107185481210295,0.49029880000000003,0.048404010488388265
mESC,mHSC-GM,coverage_matched,v4_bias_rec_best,mlp,5,0.4842374,0.04281729612481386,0.4953328,0.025423340617629294,0.0794272,0.10224447684916775,0.4945914,0.008479621067005281,0.484,0.035832945734337845,0.4,0.029614199398261636,0.2512202,0.00046344337302414474
mESC,mHSC-GM,coverage_matched,v4_plain_best,mlp,5,0.5057858,0.050608273431920196,0.5024744,0.046889364779659784,0.4835398,0.24288469041205543,0.4916384,0.004521313950612145,0.495,0.061073725938409894,0.382239,0.047161131169640116,0.2506796,0.001540089945425254
mESC,mHSC-GM,coverage_matched,v4_type_pe_best,lr,5,0.48254379999999997,0.0011827358792224055,0.481385,0.002552598440804983,0.5242318,0.01367236111869488,0.5010798,0.00510194341011343,0.455,0.003162277660168382,0.2870662,0.0019950809908372167,0.4720902,0.008489113673405487
mESC,mHSC-GM,coverage_matched,v4_type_pe_best,mlp,5,0.5043101999999999,0.019456674344810316,0.4968044,0.01035409883282942,0.6510452,0.012370668428181268,0.5040436,0.014701702181720311,0.501,0.013928388277184131,0.3160884,0.008787491965287948,0.496226,0.01591902289715042
mESC,mHSC-GM,native,baseline,lr,5,0.4708788,0.000862758228010604,0.5019591999999999,0.0015556042427301343,0.4900258,0.006470439904674175,0.4730902,0.00357681793777653,0.521,0.01067707825203132,0.1555222,0.003186995475365471,0.5014558,0.006097786660748313
mESC,mHSC-GM,native,baseline,mlp,5,0.5024798,0.013344529521867743,0.5138314,0.007381324667022849,0.5613446,0.062326154890543335,0.5021266,0.012079844214227272,0.48,0.03082207001484489,0.1432836,0.009200485239377327,0.4912366,0.012763752733424458
mESC,mHSC-GM,native,cl_scratch_v5,lr,5,0.4844736,0.0012738393305279964,0.4980748,0.0015423256984178136,0.5169608,0.002900757721699604,0.4848492,0.0015880189419525139,0.463,0.011661903789690588,0.138209,0.0034815070300086987,0.5004318,0.002344227924072243
mESC,mHSC-GM,native,cl_scratch_v5,mlp,5,0.5012012,0.0048530210961832895,0.513939,0.002455159057983801,0.5043172,0.22892570688535616,0.5017152,0.0045669040016186,0.518,0.03155946767611903,0.15462700000000001,0.009420754598226196,0.4919766,0.008065694330930224
mESC,mHSC-GM,native,cl_v6_fair,lr,5,0.5552162,0.0018568441399320385,0.5739728000000001,0.0021084875527258742,0.56012,0.006867871664496922,0.555554,0.0033612059145490996,0.647,0.00244948974278318,0.1931342,0.0007314176371950543,0.3973782,0.0038458772939343796
mESC,mHSC-GM,native,cl_v6_fair,mlp,5,0.51719,0.022482640921386406,0.522834,0.013781139459420614,0.595956,0.04283300768332759,0.5149072,0.021110262778089715,0.518,0.014696938456699081,0.1546268,0.0043872810896955295,0.4749412,0.02036243486815857
mESC,mHSC-GM,native,minus,lr,5,0.4964902,0.000900794626982196,0.5090936,0.0012009970191469877,0.5318372,0.0037627043147183234,0.5043282,0.00029857756111269733,0.494,0.013564659966250548,0.1474626,0.00404909523721041,0.470642,0.0029308036440539686
mESC,mHSC-GM,native,minus,mlp,5,0.5136288,0.012809894151006876,0.5197292,0.006297142761602265,0.5524524,0.07802104427037616,0.5137112,0.011752201060226975,0.525,0.028106938645110376,0.1567164,0.00839009908403947,0.4806584,0.008097249202043865
mESC,mHSC-GM,native,scGPT_human,lr,5,0.4544088,0.0018960849559025578,0.4754168,0.0009837163005663755,0.4576272,0.003709992150935093,0.4512528,0.0034956095548559184,0.445,0.003162277660168382,0.1328358,0.0009439399133419507,0.4751854,0.007224165297112192
mESC,mHSC-GM,native,scGPT_human,mlp,5,0.4962624,0.012972023105128983,0.5105546,0.006698895926941988,0.6325972,0.025832993286880244,0.4981612,0.013922586532681362,0.52,0.02701851217221258,0.155224,0.00806521094578437,0.49000140000000003,0.013484861773114316
mESC,mHSC-GM,native,scconcept,lr,5,0.5183222,0.0007939678582914931,0.5239358,0.0014799850539785914,0.5132264,0.0030160771608166706,0.496169,0.0003995557533060876,0.531,0.017720045146669323,0.1585074,0.00528974950635661,0.46465259999999997,0.004445724085005733
mESC,mHSC-GM,native,scconcept,mlp,5,0.5059602,0.010296667468652196,0.5143882,0.004540404360847171,0.6107237999999999,0.10879035789885058,0.5033422000000001,0.00872920327177688,0.527,0.013638181696985868,0.15731320000000001,0.004070821263578153,0.485862,0.00994579253755074
mESC,mHSC-GM,native,scconcept_encoded,lr,5,0.429747,0.00042193364407213074,0.4609336,0.0008488563129293364,0.3509736,0.007828549638342982,0.435408,0.0015709264782286937,0.42,0.004472135954999583,0.1253734,0.001334932597549405,0.5170785999999999,0.006019025987649485
mESC,mHSC-GM,native,scconcept_encoded,mlp,5,0.5198106,0.01854462525477397,0.5236756,0.011419379730966142,0.6465458,0.032953223347041496,0.5200922,0.018584976334663435,0.554,0.0058309518948453055,0.1653732,0.0017404019535727996,0.468355,0.015122541148894246
mESC,mHSC-GM,native,v4_bias_rec_best,lr,5,0.5067342,0.003252981979661144,0.516647,0.0019545771921313272,0.5304302,0.004387153765256011,0.513444,0.0025581727854075854,0.526,0.01743559577416271,0.1570148,0.005204823585867254,0.4532194,0.0061897431158328365
mESC,mHSC-GM,native,v4_bias_rec_best,mlp,5,0.4999308,0.015820387977543423,0.512989,0.010704685702999402,0.46729600000000004,0.16181705204334926,0.5005054,0.016935515907110725,0.509,0.039673668849754755,0.15194,0.011842842209537373,0.4961226,0.016823828691472125
mESC,mHSC-GM,native,v4_plain_best,lr,5,0.5078,0.000793357422603457,0.5281282,0.0010225359455784569,0.5119342,0.002793444712178865,0.506705,0.002115573113839373,0.557,0.003999999999999959,0.166269,0.001193999999999995,0.4541512,0.005985899945705747
mESC,mHSC-GM,native,v4_plain_best,mlp,5,0.4981196,0.015695915425358267,0.5124362,0.008484529648719485,0.5940086,0.032561122355348894,0.49783120000000003,0.01650800900653982,0.515,0.035637059362410906,0.1537312,0.010637802524957864,0.4930372,0.016973867248214234
mESC,mHSC-GM,native,v4_type_pe_best,lr,5,0.4690514,0.0025579572005801736,0.4938882,0.0021707388972421354,0.4872996,0.005078282410421865,0.48270799999999997,0.0034932307682144143,0.492,0.006782329983125274,0.1468658,0.002024437047675231,0.4497602,0.006994730342193331
mESC,mHSC-GM,native,v4_type_pe_best,mlp,5,0.5012862,0.017018304514845168,0.5146208,0.008550213316637216,0.5175322,0.12374844592058518,0.5038846,0.015536473468583542,0.535,0.020000000000000018,0.1597016,0.005970050003140681,0.49025040000000003,0.016644709448951057
mESC,mHSC-GM,strict,baseline,mlp,5,0.5116994,0.03357180071786439,0.25799320000000003,0.02987163433359481,0.3754638,0.007176399999999994,0.4975746,0.0048508,0.239,0.009165151389911677,0.6289474,0.024119012397691583,0.27480740000000003,0.014474723314799496
mESC,mHSC-GM,strict,cl_scratch_v5,mlp,5,0.4988692,0.08982076602523494,0.2646582,0.04615973669942237,0.3699902,0.01785730217474072,0.4906626,0.020159242501641767,0.221,0.03839270764090494,0.5815788,0.10103354096021776,0.2760738,0.013154017916971227
mESC,mHSC-GM,strict,cl_v6_fair,mlp,5,0.485447,0.09247245606125101,0.2561832,0.03988756167228075,0.37227140000000003,0.014405036919077989,0.4931146,0.01664065570342706,0.22,0.04207136793592525,0.5789474,0.11071401355673093,0.2756866,0.013443309303887938
mESC,mHSC-GM,strict,minus,mlp,5,0.4729444,0.037958231495157924,0.231354,0.016505875281244555,0.3784552,0.0011935999999999948,0.5029064,0.005812799999999996,0.224,0.017146428199482252,0.5894738,0.04512209720923884,0.27460439999999997,0.014987635311816188
mESC,mHSC-GM,strict,scGPT_human,mlp,5,0.4981346,0.06414720421842247,0.24365799999999999,0.03992816889866099,0.3771348,0.003241356345729368,0.497548,0.0057871267827826105,0.246,0.02353720459187965,0.6473684,0.06194021870029198,0.2766172,0.017283117385471867
mESC,mHSC-GM,strict,scconcept,mlp,5,0.5170316,0.03985347752254502,0.2436486,0.020617595452428486,0.3744286,0.027897716563188468,0.5266432,0.04043583999078044,0.24,0.02428991560298223,0.6315788,0.0639209713768494,0.4061924,0.13438169583630058
mESC,mHSC-GM,strict,scconcept_encoded,mlp,5,0.5306648,0.06606338024170424,0.25142359999999997,0.04699086009257546,0.3692204,0.01354313519979772,0.5149702,0.02358878048903758,0.257,0.030099833886584812,0.6763158,0.07921025109264583,0.3945304,0.1136899918754505
mESC,mHSC-GM,strict,v4_bias_rec_best,mlp,5,0.5351988,0.09447589415168293,0.30015959999999997,0.10109034988088626,0.3752846,0.007534799999999997,0.49619,0.007620000000000004,0.24000000000000002,0.031464265445104556,0.631579,0.08280047104696929,0.2759118,0.013394677486225637
mESC,mHSC-GM,strict,v4_plain_best,mlp,5,0.4905624,0.07307581561802785,0.2520952,0.04969184070408341,0.3765946,0.005910784976633818,0.5051892,0.00851368513394758,0.231,0.022,0.607895,0.05789472727287002,0.2771036,0.016326961414788736
mESC,mHSC-GM,strict,v4_type_pe_best,mlp,5,0.5136227999999999,0.05737213820801869,0.2551034,0.038313416535725446,0.37131,0.015962223203551576,0.4945678,0.011893852536499687,0.236,0.022449944320643657,0.6210526,0.0590786498647354,0.27666219999999997,0.01478041048685726
mESC,mHSC-GM,topology_matched,baseline,mlp,5,0.5285714,0.07543444505158106,0.23448,0.0458823053518456,0.2835744,0.007148799999999999,0.5083334,0.016666800000000002,0.162791,0.0,1.0,0.0,0.280734,0.01746644594644257
mESC,mHSC-GM,topology_matched,cl_scratch_v5,mlp,5,0.5038888,0.13710630938859086,0.2658892,0.08149232984128016,0.2993648,0.02477229178255415,0.4866666,0.03327090654370571,0.183673,0.0,1.0,0.0,0.280528,0.01539445090933743
mESC,mHSC-GM,topology_matched,cl_v6_fair,mlp,5,0.545358,0.10493525938024835,0.4008054,0.06948441738001404,0.47807140000000004,0.016850071722102563,0.5156498,0.03332475123628081,0.309524,0.0,1.0,0.0,0.2683026,0.011433933471907213
mESC,mHSC-GM,topology_matched,minus,mlp,5,0.4928856,0.10634229245525978,0.2388374,0.0721004080143795,0.321981,0.0030960000000000098,0.5013834,0.0027667999999999803,0.192982,0.0,1.0,0.0,0.2777478,0.016942518766700543
mESC,mHSC-GM,topology_matched,scGPT_human,mlp,5,0.473874,0.12633183347201132,0.1870052,0.06381221671561019,0.2480924,0.006388799999999994,0.5081082,0.01621640000000002,0.139535,0.0,1.0,0.0,0.2845592,0.02097762674279433
mESC,mHSC-GM,topology_matched,scconcept,mlp,5,0.5766668,0.06570579783063288,0.4132128,0.045145585331901494,0.5369782,0.06156510298342723,0.5738096,0.08387326702018946,0.344262,0.0,1.0,0.0,0.35653619999999997,0.10758926197237344
mESC,mHSC-GM,topology_matched,scconcept_encoded,mlp,5,0.587857,0.1531071906763363,0.2309122,0.09900171722227852,0.2615734,0.03992090154593206,0.5260714,0.057260941918903144,0.148936,0.0,1.0,0.0,0.4259448,0.12418692982661259
mESC,mHSC-GM,topology_matched,v4_bias_rec_best,mlp,5,0.4974748,0.15528151651938488,0.370574,0.17201285441501168,0.4183238,0.005458399999999996,0.4977272,0.004545599999999994,0.266667,0.0,1.0,0.0,0.2742934,0.011858018562980913
mESC,mHSC-GM,topology_matched,v4_plain_best,mlp,5,0.4600378,0.15928287842125405,0.3442258,0.10551148098932174,0.495974,0.007332000000000005,0.5174242,0.0348484,0.326531,0.0,1.0,0.0,0.2692526,0.012733375712669442
mESC,mHSC-GM,topology_matched,v4_type_pe_best,mlp,5,0.527957,0.14866902569129858,0.3770144,0.14216407441066115,0.4290912,0.014545599999999981,0.4975806,0.00483880000000001,0.27907,0.0,1.0,0.0,0.27243259999999997,0.015131510652938777
mESC,mHSC-L,coverage_matched,baseline,mlp,5,0.5478712,0.04085488960406086,0.572704,0.02973405239115583,0.6440914,0.09201155431705303,0.513638,0.016728819492121964,0.5569999999999999,0.030757112998459374,0.435156,0.024028945761310462,0.2492702,0.0004975770895047323
mESC,mHSC-L,coverage_matched,cl_scratch_v5,mlp,5,0.4814458,0.06560929400748036,0.4951452,0.04990942619345569,0.0972384,0.06798223782312553,0.4952532,0.02407065660425571,0.475,0.06877499545619759,0.3074434,0.04451449221815296,0.2513884,0.0020926999402685453
mESC,mHSC-L,coverage_matched,cl_v6_fair,mlp,5,0.4735516,0.08455007038814338,0.51134,0.05912379940430082,0.0998932,0.05873765183389612,0.499376,0.019957867721778287,0.488,0.08103085831953158,0.3696968,0.06138699136592377,0.2518802,0.0023652503799809358
mESC,mHSC-L,coverage_matched,minus,mlp,5,0.47438779999999997,0.016635110849044555,0.4538016,0.010450354110746681,0.0572892,0.08808858539311436,0.4980558,0.0049422825657787,0.448,0.021587033144922895,0.379661,0.018293991461679437,0.2495318,0.00030053978106067404
mESC,mHSC-L,coverage_matched,scGPT_human,mlp,5,0.5014162,0.056388133845340194,0.5632578,0.04116584580158655,0.705821,0.013410401306448657,0.4989178,0.007273373066191525,0.567,0.046324939287601875,0.3577286,0.029227060431045754,0.2478556,0.0012805270165053117
mESC,mHSC-L,coverage_matched,scconcept,lr,5,0.5060472,0.004110305166286323,0.5198218,0.004829295368891815,0.5250306,0.002433953458881237,0.5144482,0.0038141497296252003,0.52,0.009486832980505146,0.3573882,0.006520300312102196,0.4735334,0.005986752395080327
mESC,mHSC-L,coverage_matched,scconcept,mlp,5,0.5136844,0.005554615399827439,0.5237964,0.006380285184848711,0.3542174,0.13983913516408775,0.5057984,0.009549500439290027,0.536,0.02576819745345024,0.3683848,0.01771013284422226,0.4971888,0.01589963181208923
mESC,mHSC-L,coverage_matched,scconcept_encoded,mlp,5,0.5105824,0.03658117123658015,0.4763408,0.045247358943478685,0.5434910000000001,0.09245933391713354,0.5146524,0.016349214814173795,0.47,0.02024845673131658,0.417778,0.017998606257152237,0.31361659999999997,0.054011102831177216
mESC,mHSC-L,coverage_matched,v4_bias_rec_best,mlp,5,0.4450194,0.05457791774921431,0.446973,0.036307727116965054,0.051485199999999995,0.1029704,0.4952228,0.005067259117116475,0.444,0.045869379764718866,0.4130234,0.042669301614158155,0.2510698,0.0008505363954587703
mESC,mHSC-L,coverage_matched,v4_plain_best,mlp,5,0.5044105999999999,0.04745328442837229,0.5915816,0.03680798510432214,0.658734,0.13275615001046093,0.5083846,0.010316314256555015,0.591,0.05180733538795449,0.350742,0.03074618657980204,0.2470832,0.0022599341052340484
mESC,mHSC-L,coverage_matched,v4_type_pe_best,mlp,5,0.4786914,0.024609783758497365,0.49129659999999997,0.024700087664621766,0.0873336,0.07978300003785267,0.49366,0.017007840156821805,0.479,0.021307275752662516,0.3801588,0.016910458390002322,0.2512274,0.0012668844619774912
mESC,mHSC-L,native,baseline,lr,5,0.4679896,0.0013156155365455365,0.4866664,0.0009005952698077032,0.4680016,0.007570791572880618,0.4712802,0.0027000740286147722,0.479,0.0037416573867739447,0.143844,0.0011235662864290672,0.4995616,0.005087950416425073
mESC,mHSC-L,native,baseline,mlp,5,0.5052492,0.018336918971299392,0.5117904,0.00919283280822622,0.559004,0.06317855791326676,0.5039598000000001,0.017002395965275013,0.52,0.028284271247461926,0.1561564,0.008493943432823184,0.4866678,0.01661021675234854
mESC,mHSC-L,native,cl_scratch_v5,lr,5,0.5042454000000001,0.0008831789399663164,0.5029766,0.001033944988865457,0.549963,0.00656695463666378,0.5142534,0.002092849024655156,0.481,0.015937377450509223,0.1444446,0.004786007003755845,0.4691144,0.001963870117904958
mESC,mHSC-L,native,cl_scratch_v5,mlp,5,0.489989,0.019015140230879173,0.5042764,0.009264170585648768,0.4814738,0.23495056516671756,0.4881024,0.01841818913574295,0.519,0.05151698748956503,0.155856,0.015470741572400467,0.5031264,0.01899898711615963
mESC,mHSC-L,native,cl_v6_fair,lr,5,0.5085368,0.0002404732001699795,0.5324872,0.0006348727116517046,0.5220312,0.006137525735994939,0.5117958,0.0015588022838063733,0.571,0.0037416573867739447,0.1714716,0.0011236731909234129,0.4284696,0.0035333263421314363
mESC,mHSC-L,native,cl_v6_fair,mlp,5,0.5041746,0.010686016705957377,0.5116836,0.005681330886332891,0.5880452,0.041447580095344536,0.5044228,0.009560794849801955,0.514,0.01959591794226544,0.1543546,0.005884623542759554,0.4837258,0.009974456424286996
mESC,mHSC-L,native,minus,lr,5,0.5002614,0.0005092164961978288,0.5054862,0.0008731669714321433,0.5282684,0.00976131385828771,0.5099426,0.00440501017478962,0.495,0.015165750888103114,0.1486488,0.004554472808130488,0.4616024,0.0031382577714394494
mESC,mHSC-L,native,minus,mlp,5,0.5060854,0.011245452442654298,0.5117476,0.006799993841173677,0.5249066,0.08977701351370516,0.501578,0.012904248633686487,0.535,0.02258317958127242,0.1606608,0.00678195023278702,0.4900838,0.01177986279037238
mESC,mHSC-L,native,scGPT_human,lr,5,0.4816756,0.00020904602364073252,0.4846144,0.00025171301118534663,0.496769,0.007045603423412366,0.4852866,0.000730062079552149,0.439,0.0037416573867739447,0.131832,0.0011235662864290672,0.4414224,0.005846207817038321
mESC,mHSC-L,native,scGPT_human,mlp,5,0.4944976,0.01014115848609023,0.5062684,0.005975705869602344,0.627092,0.03405565619394228,0.494543,0.007953751617947346,0.496,0.04042276586281549,0.148949,0.0121390753354611,0.4918748,0.009164604244592362
mESC,mHSC-L,native,scconcept,lr,5,0.5001652,0.00015435854365727984,0.504741,9.977975746612435e-05,0.5268094,0.005972095699166276,0.5146254,0.001427716022183705,0.492,0.00509901951359279,0.1477478,0.001531157131061345,0.4509162,0.0027232114423966407
mESC,mHSC-L,native,scconcept,mlp,5,0.4984404,0.009683747881889556,0.5077784,0.0032210059049930274,0.60497,0.10343108009297786,0.49648980000000004,0.005593802656511953,0.498,0.015033296378372921,0.1495496,0.004514525516596409,0.4904606,0.0031542120791094603
mESC,mHSC-L,native,scconcept_encoded,lr,5,0.5175025999999999,0.0003892714220181053,0.5267322,0.0011896748127114244,0.4669348,0.008255517558578616,0.5146078,0.002812184588536123,0.534,0.0037416573867739447,0.1603604,0.0011236731909234129,0.4420736,0.0049772751019006535
mESC,mHSC-L,native,scconcept_encoded,mlp,5,0.5195374,0.01544784412919811,0.5195502,0.0077365369617161455,0.6330306,0.04341253755587203,0.5156918,0.012804538623472528,0.516,0.01067707825203132,0.154955,0.0032064015344307655,0.4716238,0.010384331570207099
mESC,mHSC-L,native,v4_bias_rec_best,lr,5,0.5141316,0.00234813505574102,0.5226592,0.001589046179316388,0.5139546,0.00841092077242439,0.5153022,0.00408604485535829,0.537,0.006000000000000005,0.1612612,0.0018019333394995534,0.4489612,0.00573234131572781
mESC,mHSC-L,native,v4_bias_rec_best,mlp,5,0.49988879999999997,0.01771039330336849,0.5079397999999999,0.010832813529272994,0.45386360000000003,0.16787836480213883,0.4974632,0.016591813347551866,0.492,0.01913112646970899,0.1477478,0.005745213186645037,0.4955862,0.01526374992457622
mESC,mHSC-L,native,v4_plain_best,lr,5,0.4841128,0.0004084014691452637,0.5048663999999999,0.0015275301109961875,0.49102239999999997,0.007332782898736338,0.4786778,0.0015016617994741649,0.525,0.003162277660168382,0.1576578,0.000949632012939751,0.4711714,0.006644942576125097
mESC,mHSC-L,native,v4_plain_best,mlp,5,0.4931514,0.01713494279651965,0.5050654,0.010510966931733721,0.5894756,0.031244398298575053,0.4915112,0.014071827562900267,0.514,0.03865229618017537,0.1543544,0.011607237976366298,0.4971476,0.015390903607001124
mESC,mHSC-L,native,v4_type_pe_best,lr,5,0.4708804,0.0017214706038733213,0.4865032,0.0013493754703565576,0.4815382,0.011208613694833088,0.4730018,0.0031260962493179895,0.483,0.009273618495495711,0.14504519999999999,0.002784716674995865,0.43968219999999997,0.007759546414578622
mESC,mHSC-L,native,v4_type_pe_best,mlp,5,0.5053759999999999,0.011965207912944925,0.5119132,0.006623009116708205,0.511821,0.11446800101862528,0.5032106,0.011301496548687687,0.493,0.0150332963783729,0.1480482,0.0045144723013880676,0.4875766,0.01029773302431172
mESC,mHSC-L,strict,baseline,mlp,5,0.51193,0.05180185934500807,0.36435059999999997,0.047376223376710824,0.4957364,0.002950453361773415,0.5031094,0.005265477437042133,0.34199999999999997,0.021587033144922895,0.5606556,0.035388642565659406,0.2664722,0.010377966879885481
mESC,mHSC-L,strict,cl_scratch_v5,mlp,5,0.5023064,0.09314652106997877,0.3638016,0.06269155178682372,0.49880240000000003,0.0022941391065059527,0.5075926000000001,0.010857013688855712,0.323,0.049152822909778036,0.5295082,0.08057853375533709,0.2681082,0.009950198096520504
mESC,mHSC-L,strict,cl_v6_fair,mlp,5,0.488717,0.09331085256710499,0.34995360000000003,0.05946898777547841,0.4925428,0.010960023255449789,0.499021,0.0067758581449142,0.313,0.06376519426771944,0.5131146,0.10453322187056133,0.2678536,0.009974624075121834
mESC,mHSC-L,strict,minus,mlp,5,0.46410039999999997,0.055369790509265965,0.31316879999999997,0.032635672613874525,0.48898460000000005,0.015920800000000002,0.4969072,0.006185599999999991,0.314,0.03992492955535426,0.5147542,0.06545051498162563,0.2670674,0.010680211095292073
mESC,mHSC-L,strict,scGPT_human,mlp,5,0.4974912,0.042269987595929114,0.3436064,0.03319624657457528,0.49467880000000003,0.002100786747863775,0.4975212,0.0024032776285731125,0.329,0.033075670817082445,0.5393442,0.0542222169867666,0.2687412,0.01149614073330697
mESC,mHSC-L,strict,scconcept,mlp,5,0.5124876,0.0571832833635845,0.3439806,0.03547486392137395,0.44813000000000003,0.04416330516616708,0.49683720000000003,0.007433860945699766,0.34400000000000003,0.032465366161495854,0.5639342,0.05322198404945086,0.3826688,0.08886677651721143
mESC,mHSC-L,strict,scconcept_encoded,mlp,5,0.5086546,0.048121719601859604,0.3417424,0.03614660688142113,0.454821,0.03454043922129538,0.497372,0.02048268704052276,0.32999999999999996,0.028809720581775864,0.5409836,0.04722871213403982,0.370465,0.0896087688343055
mESC,mHSC-L,strict,v4_bias_rec_best,mlp,5,0.5130816,0.04317018917076922,0.358168,0.04616669459686279,0.4966762,0.0004042728781405026,0.504334,0.008693021569051794,0.33499999999999996,0.02345207879911714,0.5491804,0.0384460161400372,0.26734939999999996,0.009359950931495319
mESC,mHSC-L,strict,v4_plain_best,mlp,5,0.5275004,0.037342920349645925,0.3583202,0.04084954677055793,0.4947228,0.003928109489309089,0.5090032,0.017060198444332354,0.341,0.012409673645990842,0.5590162,0.020343709852433507,0.2674904,0.011172604595169385
mESC,mHSC-L,strict,v4_type_pe_best,mlp,5,0.4968244,0.02639033684210946,0.335838,0.019195595130133372,0.48552480000000003,0.02386988983971229,0.4952082,0.011713545396676435,0.329,0.014628738838327795,0.5393442,0.023981575164279772,0.2679372,0.00938051592184566
mESC,mHSC-L,topology_matched,baseline,mlp,5,0.4466666,0.04887639670270304,0.3881476,0.030754089384015255,0.5232384,0.020501531148672782,0.49568639999999997,0.018147552943578924,0.361702,0.0,1.0,0.0,0.2646562,0.008430755396760125
mESC,mHSC-L,topology_matched,cl_scratch_v5,mlp,5,0.4813132,0.15825968886788577,0.4760826,0.11876281410374209,0.5914078,0.0023703999999999947,0.5037878,0.007575600000000016,0.421053,0.0,1.0,0.0,0.2604754,0.007394538433195139
mESC,mHSC-L,topology_matched,cl_v6_fair,mlp,5,0.4160714,0.17844637421208648,0.3595492,0.09122484163296748,0.5307696,0.015384799999999999,0.4994048,0.0011903999999999914,0.368421,0.0,1.0,0.0,0.26582520000000004,0.00963847953569441
mESC,mHSC-L,topology_matched,minus,mlp,5,0.494737,0.09916358780923569,0.2322338,0.07431486010052094,0.3071432,0.02857160000000001,0.4798246,0.0403508,0.191489,0.0,1.0,0.0,0.2785014,0.016631514382039907
mESC,mHSC-L,topology_matched,scGPT_human,mlp,5,0.46761379999999997,0.1274755974865778,0.3166722,0.11231592195481457,0.4013972,0.012019599999999997,0.490909,0.018182000000000007,0.255814,0.0,1.0,0.0,0.2754842,0.014336548362838252
mESC,mHSC-L,topology_matched,scconcept,mlp,5,0.5023412,0.06538097331303658,0.42046079999999997,0.07755156891359452,0.48901639999999996,0.05026905592350029,0.5117056,0.04411679545297911,0.361111,0.0,1.0,0.0,0.3738814,0.08623674865531515
mESC,mHSC-L,topology_matched,scconcept_encoded,mlp,5,0.5071626,0.07214486667421321,0.2848002,0.05119480124934561,0.359858,0.052513621364366034,0.4878788,0.048295285870983314,0.25,0.0,1.0,0.0,0.392857,0.1205595832325245
mESC,mHSC-L,topology_matched,v4_bias_rec_best,mlp,5,0.5713046,0.1352473592963648,0.5605066000000001,0.12348870057231959,0.6346033999999999,0.0006351999999999691,0.5036956,0.007391199999999998,0.465116,0.0,1.0,0.0,0.2549842,0.004304502963177047
mESC,mHSC-L,topology_matched,v4_plain_best,mlp,5,0.519649,0.09209720392498351,0.34378960000000003,0.06939687030003587,0.4470584,0.011764799999999997,0.5168422,0.03368440000000002,0.283019,0.0,1.0,0.0,0.2718462,0.0134974428304031
mESC,mHSC-L,topology_matched,v4_type_pe_best,mlp,5,0.5877454,0.05780158135068623,0.3280028,0.04757852112623931,0.4079574,0.011671200000000015,0.495098,0.009803999999999992,0.26087,0.0,1.0,0.0,0.2740156,0.01205779045430795
mHSC-E,hESC,coverage_matched,baseline,lr,5,0.6470832,0.0261736678545442,0.5728196,0.03206003274234137,0.6711866,0.005535356920741401,0.5916666,0.010206533860228956,0.454545,0.0,1.0,0.0,0.417582,0.013282836263388925
mHSC-E,hESC,coverage_matched,baseline,mlp,5,0.728125,0.05554326516869528,0.6463378,0.06764819885968881,0.6932602,0.03248189106194401,0.6325,0.051867914509839325,0.454545,0.0,1.0,0.0,0.34819680000000003,0.053417948689181254
mHSC-E,hESC,coverage_matched,cl_scratch_v5,lr,5,0.5685454,0.02071913253589543,0.5106876,0.025398623510733798,0.497696,0.028377279608870185,0.554091,0.03591883504235626,0.362319,0.0,1.0,0.0,0.400446,0.019196505859140095
mHSC-E,hESC,coverage_matched,cl_scratch_v5,mlp,5,0.6523636,0.06684015722782227,0.528572,0.09706360690186616,0.5507624,0.060004433581527974,0.6211818,0.05796386571787635,0.362319,0.0,1.0,0.0,0.2932066,0.04309454877174143
mHSC-E,hESC,coverage_matched,cl_v6_fair,lr,5,0.8076924,0.025073849505809823,0.7609509999999999,0.05851946178153044,0.6571432,0.046656900824636874,0.7365384,0.0340497369423025,0.380952,0.0,1.0,0.0,0.19517099999999998,0.012406857200757978
mHSC-E,hESC,coverage_matched,cl_v6_fair,mlp,5,0.8307692,0.05593464804716306,0.7898056,0.06750841316932284,0.6314356,0.05659213270976805,0.7269228,0.030919057336212565,0.380952,0.0,1.0,0.0,0.1912164,0.02704026501793205
mHSC-E,hESC,coverage_matched,minus,lr,5,0.6487374,0.023721202487226496,0.6268952,0.009183492089613826,0.5144434,0.038485353606794344,0.5843434000000001,0.02973372867704285,0.45,0.0,1.0,0.0,0.3532694,0.024063277761768035
mHSC-E,hESC,coverage_matched,minus,mlp,5,0.6709596,0.015184973027305641,0.6591636000000001,0.013785814964665672,0.5059513999999999,0.04235944271871385,0.6111112,0.028791990493190974,0.45,0.0,1.0,0.0,0.3149658,0.014765248692792136
mHSC-E,hESC,coverage_matched,scGPT_human,lr,5,0.48868419999999996,0.02579208601412457,0.6254278,0.0144930031863655,0.600467,0.01992261200746528,0.4939476,0.033251761538901976,0.655172,0.0,1.0,0.0,0.3893248,0.021231729410483742
mHSC-E,hESC,coverage_matched,scGPT_human,mlp,5,0.5300002,0.023763223059172764,0.6631078,0.025742246579504285,0.597926,0.057953652844320365,0.5481578,0.03644132057102212,0.655172,0.0,1.0,0.0,0.3820206,0.030216669568964752
mHSC-E,hESC,coverage_matched,scconcept,lr,5,0.316214,0.02650871991628415,0.5300862,0.021064878156780337,0.5840164,0.005507754700420156,0.3940742,0.008314996125074265,0.625,0.0,1.0,0.0,0.43624,0.011303584988843141
mHSC-E,hESC,coverage_matched,scconcept,mlp,5,0.3820574,0.06132537552954732,0.5722822,0.037488116887355115,0.534293,0.04843306746428518,0.39407380000000003,0.049335862353464564,0.625,0.0,1.0,0.0,0.4128562,0.03560076898832385
mHSC-E,hESC,coverage_matched,scconcept_encoded,lr,5,0.4716776,0.0365338841876962,0.4218536,0.021443277049928718,0.469974,0.017770207956014472,0.5091506,0.0225792646611886,0.442623,0.0,1.0,0.0,0.4477494,0.020817614239869074
mHSC-E,hESC,coverage_matched,scconcept_encoded,mlp,5,0.4614378,0.022584755543507654,0.4216098,0.023722309949918457,0.4897476,0.03650763459113723,0.529085,0.023584760961264797,0.442623,0.0,1.0,0.0,0.4049172,0.012858153326197346
mHSC-E,hESC,coverage_matched,v4_bias_rec_best,lr,5,0.643887,0.015838856941080077,0.6733702,0.02930808157078862,0.5947998,0.024057796618975717,0.560815,0.027675288096061453,0.467742,0.0,1.0,0.0,0.382786,0.008013922360492401
mHSC-E,hESC,coverage_matched,v4_bias_rec_best,mlp,5,0.6129572,0.022358643549195912,0.6338586,0.029243994190944568,0.584598,0.03155822604013095,0.5700104,0.033605554324248235,0.467742,0.0,1.0,0.0,0.3539308,0.01955223916997744
mHSC-E,hESC,coverage_matched,v4_plain_best,lr,5,0.5856842,0.06612531482692538,0.6017089999999999,0.06678003721771948,0.5312844,0.07662523682860628,0.5397896,0.06162852568283619,0.431818,0.0,1.0,0.0,0.4102594,0.04684903627013047
mHSC-E,hESC,coverage_matched,v4_plain_best,mlp,5,0.6176842,0.05901650509611694,0.6062868,0.0675183951213297,0.5301818,0.05918436466973352,0.5385262,0.05466213679467717,0.431818,0.0,1.0,0.0,0.34074720000000003,0.0492947285757818
mHSC-E,hESC,coverage_matched,v4_type_pe_best,lr,5,0.6127998,0.018529002794538094,0.6913976000000001,0.018117748785100203,0.6974888,0.025663571757649,0.618,0.025787358081044313,0.588235,0.0,1.0,0.0,0.3150666,0.022288463595322133
mHSC-E,hESC,coverage_matched,v4_type_pe_best,mlp,5,0.6085714,0.0407715463018022,0.6756943999999999,0.028315661903617933,0.6270778,0.037329446845084636,0.5985716,0.03424985386596564,0.588235,0.0,1.0,0.0,0.331492,0.03274714774755201
mHSC-E,hESC,native,baseline,lr,5,0.6189954,0.013040011880362655,0.6315552,0.014255105224445007,0.6376892000000001,0.008565577818221032,0.6035994,0.012070098485099464,0.69,0.027748873851023197,0.207831,0.008357960803928192,0.3548704,0.010821778663417585
mHSC-E,hESC,native,baseline,mlp,5,0.6215848,0.01534306784707675,0.6215062,0.013423375661881785,0.6181336,0.010342183301411765,0.6075232,0.012199415008925638,0.658,0.02111871208194286,0.1981926,0.0063609560790811905,0.3256298,0.009376080810231956
mHSC-E,hESC,native,cl_scratch_v5,lr,5,0.5567598,0.01231093188024367,0.5783436,0.011249757572499082,0.5280196,0.02143263082871537,0.550992,0.011927035121940401,0.62,0.017029386365926415,0.186747,0.005129251173417037,0.4046442,0.009907794091522102
mHSC-E,hESC,native,cl_scratch_v5,mlp,5,0.5920636,0.010079769493396151,0.5855353999999999,0.005702829704629082,0.5356872,0.010831248688863185,0.578469,0.010422444703619202,0.583,0.016309506430300102,0.1756026,0.004912423336806385,0.351265,0.006992261808599565
mHSC-E,hESC,native,cl_v6_fair,lr,5,0.5715542,0.010808064570495496,0.5580672,0.008935846628048178,0.55752,0.01452642995370854,0.5656804,0.007431096086042757,0.555,0.0254950975679639,0.16716899999999998,0.007679123387470735,0.3923032,0.008582156777873502
mHSC-E,hESC,native,cl_v6_fair,mlp,5,0.5971442,0.008677359054458936,0.5852576,0.004193380526496516,0.5499744,0.012581807749286295,0.5775204,0.007539647249042887,0.591,0.02200000000000002,0.1780122,0.006626399999999995,0.3513444,0.008549549148346956
mHSC-E,hESC,native,minus,lr,5,0.645367,0.016890818132938353,0.6394592,0.01503966860539155,0.5355527999999999,0.009346363429698223,0.6049178000000001,0.009890517264531724,0.672,0.018055470085267783,0.20240940000000002,0.0054383075896826515,0.35530079999999997,0.009252647305501273
mHSC-E,hESC,native,minus,mlp,5,0.6629264,0.009028954770071651,0.6432988,0.006551006133411862,0.5541885999999999,0.012300792309440887,0.6143224,0.003062528406398899,0.675,0.01140175425099136,0.203313,0.0034342083803986035,0.3236444,0.00806599639474256
mHSC-E,hESC,native,scGPT_human,lr,5,0.6154948,0.016402204320151593,0.6296582,0.020268620450341477,0.5910912,0.019104891042871726,0.604323,0.01866001127545213,0.677,0.03867815921162743,0.2039156,0.011650213175732015,0.3456646,0.010359020621661101
mHSC-E,hESC,native,scGPT_human,mlp,5,0.6086348,0.012766570618611733,0.6214988,0.016135751564770703,0.5430590000000001,0.01577403630019914,0.5937544,0.010887606157461779,0.663,0.023790754506740633,0.1996986,0.007165775257430277,0.3316228,0.01530740682676202
mHSC-E,hESC,native,scconcept,lr,5,0.4526534,0.005895858261525627,0.4860014,0.004814953524178608,0.4932124,0.003316665831825698,0.4854212,0.004187245844227452,0.473,0.01568438714135811,0.1424696,0.004724137406977069,0.4571522,0.0022033249782998352
mHSC-E,hESC,native,scconcept,mlp,5,0.4423564,0.011923209879893915,0.4774834,0.011307211196400284,0.4629786,0.039651611501173585,0.4684524,0.015256896166651992,0.44,0.03114482300479486,0.13253,0.009380820689044216,0.418255,0.02258945585887362
mHSC-E,hESC,native,scconcept_encoded,lr,5,0.4936252,0.007106893903809172,0.4924418,0.006425397649951338,0.4982306,0.010531541854828295,0.5128982,0.00508467731129517,0.423,0.015362291495737214,0.1274096,0.004627122198516052,0.4442028,0.006206938098611914
mHSC-E,hESC,native,scconcept_encoded,mlp,5,0.4973124,0.0068501132720561785,0.4936682,0.010596535290367306,0.512796,0.014151675165859348,0.5136948,0.00945170343165718,0.416,0.027459060435491962,0.1253012,0.008270669003170174,0.4125936,0.00571117902363426
mHSC-E,hESC,native,v4_bias_rec_best,lr,5,0.6465938,0.009585636888595357,0.6477084,0.005217889519719627,0.6248724,0.015494866422141249,0.6241414000000001,0.011126086043169002,0.704,0.02177154105707723,0.212048,0.006557918877204876,0.336802,0.00967645920778876
mHSC-E,hESC,native,v4_bias_rec_best,mlp,5,0.6591616,0.005018960155251274,0.6613836000000001,0.0075112563156904824,0.6241078,0.004458769399733525,0.627054,0.005340076628663693,0.724,0.023108440016582705,0.2180722,0.006960668916131545,0.3131854,0.005770248646289
mHSC-E,hESC,native,v4_plain_best,lr,5,0.6337734,0.013950645542052883,0.6342142,0.012425315938035565,0.5964782,0.018803420182509342,0.6039408,0.010986403440616953,0.689,0.024576411454888994,0.20752980000000001,0.007402415130212571,0.3464052,0.011900272390159818
mHSC-E,hESC,native,v4_plain_best,mlp,5,0.6404316,0.014708937672041435,0.6365512,0.012650240430916714,0.5901958,0.028827178310753897,0.613073,0.01484561884193448,0.66,0.019748417658131477,0.198795,0.005948223398629207,0.32254720000000003,0.007350719104958372
mHSC-E,hESC,native,v4_type_pe_best,lr,5,0.5820186,0.015111547433668073,0.5850348,0.008411365915236349,0.5338016,0.015405465661251547,0.5698122,0.009255907678882737,0.627,0.013266499161421611,0.1888554,0.0039958695474201856,0.38863179999999997,0.012326394905242979
mHSC-E,hESC,native,v4_type_pe_best,mlp,5,0.620484,0.016521873925193834,0.611984,0.009731880845961889,0.540325,0.02281612427210196,0.5895404,0.009878594345350924,0.637,0.032341923257592484,0.1918674,0.009741387285186849,0.3368304,0.006105770863699353
mHSC-E,hESC,strict,baseline,lr,5,0.4199192,0.03368217659475111,0.336747,0.020554738256664807,0.3705,0.04148533325405497,0.462834,0.03242694651674747,0.368932,0.0,1.0,0.0,0.4559374,0.016011698255962728
mHSC-E,hESC,strict,baseline,mlp,5,0.47732800000000003,0.019302909449096017,0.351107,0.011010911624384232,0.3729032,0.015523218511636044,0.4936436,0.02318377892061602,0.368932,0.0,1.0,0.0,0.3992458,0.02774465082425799
mHSC-E,hESC,strict,cl_scratch_v5,lr,5,0.4566802,0.012784715443059343,0.3518194,0.008220674196195824,0.2834612,0.021271453560111966,0.4511334,0.01980685088145008,0.368932,0.0,1.0,0.0,0.4153108,0.012541932457161462
mHSC-E,hESC,strict,cl_scratch_v5,mlp,5,0.41336039999999996,0.039771162264133034,0.32885759999999997,0.020530007166097142,0.184118,0.036047872197953655,0.4525912,0.030040851441994778,0.368932,0.0,1.0,0.0,0.3942426,0.02385961601199818
mHSC-E,hESC,strict,cl_v6_fair,lr,5,0.4564372,0.007559353342713918,0.35385900000000003,0.007589627158167916,0.303866,0.015585469553401341,0.45967600000000003,0.008301450451577711,0.368932,0.0,1.0,0.0,0.4130202,0.007177564194070305
mHSC-E,hESC,strict,cl_v6_fair,mlp,5,0.4245344,0.022487289001567073,0.35880839999999997,0.02456550219800116,0.2232748,0.01978332467913319,0.4663966,0.00629690424256238,0.368932,0.0,1.0,0.0,0.3873124,0.017866915834580974
mHSC-E,hESC,strict,minus,lr,5,0.451498,0.026732028886711914,0.3542024,0.015310470229225489,0.3029404,0.016235496895383266,0.4880566,0.006206203625405793,0.368932,0.0,1.0,0.0,0.394722,0.006912296492483529
mHSC-E,hESC,strict,minus,mlp,5,0.4467204,0.029195430817852315,0.3427986,0.012231885653487776,0.22585840000000001,0.02482130329052042,0.4531984,0.013291548722402523,0.368932,0.0,1.0,0.0,0.4079852,0.013227029287031905
mHSC-E,hESC,strict,scGPT_human,lr,5,0.3680972,0.008658269975000792,0.3056258,0.007462133083777063,0.28615440000000003,0.028824475159835966,0.3862348,0.01554217097319418,0.368932,0.0,1.0,0.0,0.46558479999999997,0.011219817937916812
mHSC-E,hESC,strict,scGPT_human,mlp,5,0.3702836,0.027437818664026493,0.3039468,0.014683561235613101,0.2182104,0.05133827741013522,0.4021864,0.017200525545459363,0.368932,0.0,1.0,0.0,0.4471166,0.018111306939036734
mHSC-E,hESC,strict,scconcept,lr,5,0.3362754,0.009255578871145765,0.2891846,0.006841436913397654,0.4347504,0.018368160785446105,0.4234414,0.019287334845436793,0.368932,0.0,1.0,0.0,0.550343,0.005343236322679344
mHSC-E,hESC,strict,scconcept,mlp,5,0.2731174,0.022845688368705378,0.2707576,0.012488664149539768,0.3438006,0.03837774224000155,0.35441320000000004,0.03449227719591735,0.368932,0.0,1.0,0.0,0.5520930000000001,0.042436989299430725
mHSC-E,hESC,strict,scconcept_encoded,lr,5,0.3242104,0.02690842847585121,0.282561,0.010466962214510954,0.2240066,0.044929954126840595,0.3661132,0.026544147794947202,0.368932,0.0,1.0,0.0,0.5285616,0.0201849772514115
mHSC-E,hESC,strict,scconcept_encoded,mlp,5,0.428745,0.014912645224774843,0.3222206,0.010073621882917792,0.367823,0.024930847221865532,0.453158,0.018159035040441973,0.368932,0.0,1.0,0.0,0.4416738,0.01156454037824246
mHSC-E,hESC,strict,v4_bias_rec_best,lr,5,0.5123888,0.03184309732673629,0.3687822,0.024439637439209273,0.2447746,0.03704669863618079,0.4804454,0.028403709043714705,0.368932,0.0,1.0,0.0,0.38024820000000004,0.021899204537151565
mHSC-E,hESC,strict,v4_bias_rec_best,mlp,5,0.5358702,0.035149113350979415,0.3830682,0.023535450600317823,0.22951560000000001,0.06617547770768263,0.4736436,0.030269175691452183,0.368932,0.0,1.0,0.0,0.3783348,0.012980147771115697
mHSC-E,hESC,strict,v4_plain_best,lr,5,0.5215384,0.012770373519987561,0.3769912,0.007928964986680168,0.4447892,0.03107831988637738,0.5280162,0.031073932717955097,0.368932,0.0,1.0,0.0,0.3883838,0.011483968728623397
mHSC-E,hESC,strict,v4_plain_best,mlp,5,0.4619432,0.027181706226063154,0.3475118,0.0173585022211019,0.36315,0.03150211210696833,0.4883806,0.02067020293659451,0.368932,0.0,1.0,0.0,0.41368099999999997,0.01895275672824404
mHSC-E,hESC,strict,v4_type_pe_best,lr,5,0.4662346,0.018691569753233682,0.35225839999999997,0.011857877138847424,0.36307280000000003,0.03362746472394254,0.4797976,0.0209846624523722,0.368932,0.0,1.0,0.0,0.4064188,0.011670772423451665
mHSC-E,hESC,strict,v4_type_pe_best,mlp,5,0.4519838,0.021270447530787873,0.3369166,0.012924779001592251,0.2743002,0.04021969087101491,0.4606072,0.032460077673351316,0.368932,0.0,1.0,0.0,0.40647500000000003,0.02265644988960098
mHSC-E,hESC,topology_matched,baseline,lr,5,0.4965182,0.014243828732472187,0.3897434,0.008820207448807528,0.4999562,0.02418140089738393,0.512591,0.029215557225560483,0.368932,0.0,1.0,0.0,0.4360064,0.022049272791636477
mHSC-E,hESC,topology_matched,baseline,mlp,5,0.5412956,0.05335350628253029,0.4286978,0.05300990329513912,0.474818,0.04172524766613136,0.5536840000000001,0.0328168326015781,0.368932,0.0,1.0,0.0,0.3202202,0.020174891775670084
mHSC-E,hESC,topology_matched,cl_scratch_v5,lr,5,0.4040552,0.022148369749487206,0.3233356,0.010107586469578194,0.1568134,0.05596747319148864,0.4562554,0.012207481044015606,0.383838,0.0,1.0,0.0,0.4091084,0.007784933952192536
mHSC-E,hESC,topology_matched,cl_scratch_v5,mlp,5,0.384383,0.04979486399218297,0.3301016,0.03233325991359362,0.172907,0.0689387692724493,0.4421914,0.031715080889696635,0.383838,0.0,1.0,0.0,0.3538658,0.03533550053076933
mHSC-E,hESC,topology_matched,cl_v6_fair,lr,5,0.5710124,0.018652679513678452,0.458864,0.010765211897589378,0.397791,0.024643104536563574,0.542672,0.02324307686172379,0.368932,0.0,1.0,0.0,0.3296554,0.015030980242153212
mHSC-E,hESC,topology_matched,cl_v6_fair,mlp,5,0.476842,0.03640888567918552,0.3667474,0.029966303533135348,0.3122738,0.08108021011418261,0.48736840000000003,0.0336754221627584,0.368932,0.0,1.0,0.0,0.3200864,0.02964948428961287
mHSC-E,hESC,topology_matched,minus,lr,5,0.5036438,0.016000912628972134,0.409517,0.021041569941427855,0.3720428,0.0566976456879825,0.4689878,0.035351116963400195,0.368932,0.0,1.0,0.0,0.3843268,0.018520060965342425
mHSC-E,hESC,topology_matched,minus,mlp,5,0.48008080000000003,0.027598424501409525,0.366027,0.020566913915315527,0.351156,0.04788661041669164,0.46332,0.03487495746233965,0.368932,0.0,1.0,0.0,0.3522232,0.0283318715117798
mHSC-E,hESC,topology_matched,scGPT_human,lr,5,0.382996,0.020947814091212467,0.3120584,0.01378116132406845,0.3471936,0.029110227430234878,0.4505668,0.022550423724622112,0.368932,0.0,1.0,0.0,0.4072144,0.014016901006998653
mHSC-E,hESC,topology_matched,scGPT_human,mlp,5,0.33991899999999997,0.01608363814564354,0.2888408,0.010931479998609526,0.1553454,0.051110146677934704,0.3659918,0.011451967540994866,0.368932,0.0,1.0,0.0,0.4228264,0.03819292027378896
mHSC-E,hESC,topology_matched,scconcept,lr,5,0.3821052,0.011127096357990253,0.31314379999999997,0.010720663289181314,0.4680016,0.008695300031626274,0.45809700000000003,0.011881495612926847,0.368932,0.0,1.0,0.0,0.4692198,0.016564844670566643
mHSC-E,hESC,topology_matched,scconcept,mlp,5,0.3810526,0.0363690510439852,0.3137128,0.014318922423143437,0.4559392,0.07461109269110057,0.4570042,0.037719359296785535,0.368932,0.0,1.0,0.0,0.41039159999999997,0.04557095753920472
mHSC-E,hESC,topology_matched,scconcept_encoded,lr,5,0.4136032,0.012569095455123261,0.313142,0.005260314857496652,0.3202824,0.024342001434557507,0.4402834,0.014443350769125571,0.368932,0.0,1.0,0.0,0.471698,0.008472978248526301
mHSC-E,hESC,topology_matched,scconcept_encoded,mlp,5,0.4352226,0.038481356642405436,0.3350804,0.016123649172566364,0.3605198,0.052911225766939095,0.4595546,0.03897159483316022,0.368932,0.0,1.0,0.0,0.43329860000000003,0.04228417351965152
mHSC-E,hESC,topology_matched,v4_bias_rec_best,lr,5,0.4709312,0.04455638179385754,0.3358134,0.02069735347912867,0.17814760000000002,0.06615188175887365,0.4336842,0.027476898656143854,0.368932,0.0,1.0,0.0,0.389027,0.018929771229468154
mHSC-E,hESC,topology_matched,v4_bias_rec_best,mlp,5,0.5046151999999999,0.037491473704830525,0.3517966,0.019179216424035674,0.2154084,0.10486949494986615,0.45518220000000004,0.048666918063094984,0.368932,0.0,1.0,0.0,0.3435866,0.0449352913447771
mHSC-E,hESC,topology_matched,v4_plain_best,lr,5,0.4783806,0.015893476958802936,0.3560302,0.015577457127528876,0.49651439999999997,0.01685324787214618,0.4945344,0.02120097747369211,0.368932,0.0,1.0,0.0,0.4565782,0.010698900100477622
mHSC-E,hESC,topology_matched,v4_plain_best,mlp,5,0.3775708,0.04247155780236935,0.30483,0.023772785617171593,0.3894044,0.03830559007038007,0.4165588,0.03867050957202401,0.368932,0.0,1.0,0.0,0.4275998,0.029587610206976842
mHSC-E,hESC,topology_matched,v4_type_pe_best,lr,5,0.5099598,0.025328171836119566,0.4030668,0.018379523991659843,0.3371766,0.03690741745286439,0.469069,0.01723053226107657,0.368932,0.0,1.0,0.0,0.36215179999999997,0.013204095567663842
mHSC-E,hESC,topology_matched,v4_type_pe_best,mlp,5,0.4780568,0.029279199315555074,0.364737,0.02440099672554382,0.2810598,0.03874855268213254,0.4612552,0.03192944031704909,0.368932,0.0,1.0,0.0,0.3152816,0.024574643790704263
mHSC-E,hHep,coverage_matched,baseline,lr,5,0.632992,0.028116155576465286,0.7532478,0.01766774051654599,0.6160996,0.038027651758161474,0.5839894,0.03528817886261629,0.602273,0.0,1.0,0.0,0.3633984,0.01784106425749317
mHSC-E,hHep,coverage_matched,baseline,mlp,5,0.6842050000000001,0.023845245379320403,0.8025052,0.014572055467915297,0.616762,0.03756929149185543,0.6203234000000001,0.04022837095682598,0.602273,0.0,1.0,0.0,0.326511,0.023388309558409714
mHSC-E,hHep,coverage_matched,cl_scratch_v5,lr,5,0.7515634,0.014569540975610711,0.5486464,0.03256685022902893,0.5896118,0.012347482632504504,0.67469,0.014688500018722147,0.322917,0.0,1.0,0.0,0.3437128,0.011229513104315776
mHSC-E,hHep,coverage_matched,cl_scratch_v5,mlp,5,0.799603,0.0076843176665205674,0.6518134,0.028170046060310233,0.6204310000000001,0.017902734305127836,0.7106698,0.019498880566842798,0.322917,0.0,1.0,0.0,0.289097,0.00957728101289713
mHSC-E,hHep,coverage_matched,cl_v6_fair,lr,5,0.7761756,0.011125180171125305,0.791898,0.015152035744414028,0.722857,0.03514519700897973,0.6775336,0.037212581714253574,0.532258,0.0,1.0,0.0,0.2641816,0.021189322156218212
mHSC-E,hHep,coverage_matched,cl_v6_fair,mlp,5,0.7966564,0.009590497392732043,0.8060488,0.01565887599286745,0.7479074,0.013033213734148627,0.7068964,0.016228391548147977,0.532258,0.0,1.0,0.0,0.2249648,0.011067910505601318
mHSC-E,hHep,coverage_matched,minus,lr,5,0.8196426,0.03647408081693079,0.9055154,0.024744359297423732,0.8406710000000001,0.026597483617816182,0.6826785999999999,0.05474214527619466,0.686275,0.0,1.0,0.0,0.1917308,0.01785913756484338
mHSC-E,hHep,coverage_matched,minus,mlp,5,0.8185714,0.04325130574953776,0.8982106,0.027597596718555058,0.8406492,0.010729931470424219,0.636786,0.0338600028942704,0.686275,0.0,1.0,0.0,0.1820086,0.02999877014545763
mHSC-E,hHep,coverage_matched,scGPT_human,lr,5,0.6839062,0.030930442883347124,0.6488244,0.02713281306167864,0.5744054000000001,0.05980929472113844,0.605,0.0537136504996635,0.444444,0.0,1.0,0.0,0.3176576,0.02938137703103788
mHSC-E,hHep,coverage_matched,scGPT_human,mlp,5,0.743906,0.04221756706396047,0.7326162,0.0538732801540801,0.6585228,0.04028536952989261,0.69375,0.02997394702070452,0.444444,0.0,1.0,0.0,0.2435388,0.032895042644143196
mHSC-E,hHep,coverage_matched,scconcept,lr,5,0.698234,0.02178759245075049,0.6396858,0.03643566387154212,0.6051304,0.010409869309458216,0.5514946000000001,0.018336879784739826,0.410256,0.0,1.0,0.0,0.451215,0.012263514341329733
mHSC-E,hHep,coverage_matched,scconcept,mlp,5,0.6033968,0.05902804370263339,0.5493766,0.06838325327329783,0.5897252,0.022145229277657087,0.5616848,0.03391671287374411,0.410256,0.0,1.0,0.0,0.37326940000000003,0.03446423604027804
mHSC-E,hHep,coverage_matched,scconcept_encoded,lr,5,0.5788042,0.027164285033109196,0.6293492,0.024232739576036364,0.4938694,0.044261134321659665,0.551629,0.029568642958377377,0.537736,0.0,1.0,0.0,0.4233184,0.022662079097911562
mHSC-E,hHep,coverage_matched,scconcept_encoded,mlp,5,0.5346223999999999,0.021569538155463586,0.6085792,0.009575134451275332,0.3779724,0.02136030540605634,0.5155748,0.009524031549716741,0.537736,0.0,1.0,0.0,0.4148382,0.017723935673546097
mHSC-E,hHep,coverage_matched,v4_bias_rec_best,lr,5,0.7864102,0.02794305103885399,0.8534352000000001,0.03185139222953996,0.7435758,0.026099811289739257,0.7232052,0.01699085247302205,0.661017,0.0,1.0,0.0,0.2573244,0.02349815964368273
mHSC-E,hHep,coverage_matched,v4_bias_rec_best,mlp,5,0.6776924,0.01698131866022187,0.7724496,0.027250660400071035,0.7503685999999999,0.012890153615841836,0.6516664,0.009910805771479899,0.661017,0.0,1.0,0.0,0.2560724,0.011176835126277916
mHSC-E,hHep,coverage_matched,v4_plain_best,lr,5,0.7359876,0.01537291913203214,0.70197,0.0199983371808758,0.7026747999999999,0.016143095346308273,0.678796,0.019328466012593935,0.496894,0.0,1.0,0.0,0.271799,0.012052082608412545
mHSC-E,hHep,coverage_matched,v4_plain_best,mlp,5,0.7650308,0.01717261492493207,0.754815,0.03102601415586606,0.6858652,0.01791807407507847,0.671142,0.013031926258232124,0.496894,0.0,1.0,0.0,0.2469392,0.007910582011457813
mHSC-E,hHep,coverage_matched,v4_type_pe_best,lr,5,0.6971430000000001,0.04709574074584665,0.8155716,0.025212886598721704,0.7780394,0.011939077445096,0.5588574,0.04502185463794222,0.662162,0.0,1.0,0.0,0.2807292,0.020854126300566992
mHSC-E,hHep,coverage_matched,v4_type_pe_best,mlp,5,0.7102037999999999,0.028339586005444742,0.8298934,0.019784402832534524,0.7934834000000001,0.01088787388979133,0.5632656,0.010090840710267885,0.662162,0.0,1.0,0.0,0.2609464,0.014996763045404166
mHSC-E,hHep,native,baseline,lr,5,0.7130056,0.020701310940131275,0.6836482,0.024916438111415525,0.7072617999999999,0.013907803556277295,0.6539756,0.008756073197501237,0.728,0.034146742157927734,0.2157036,0.01011760356210897,0.3059198,0.007417470549992089
mHSC-E,hHep,native,baseline,mlp,5,0.756914,0.006328484020679822,0.7609668,0.008833733240255758,0.716622,0.004826852597707951,0.6799304,0.006129301741634188,0.866,0.01593737745050924,0.2565926,0.004722132001543371,0.2606418,0.005234421052991446
mHSC-E,hHep,native,cl_scratch_v5,lr,5,0.7672764,0.008917713733911842,0.7727156,0.008386955457136976,0.7244932,0.004421323846994239,0.6946588,0.005832627723419326,0.87,0.01581138830084191,0.2577778,0.004684914359942986,0.2663394,0.007239559837448682
mHSC-E,hHep,native,cl_scratch_v5,mlp,5,0.8104834,0.01447046561241208,0.814456,0.010711134916524966,0.7559924,0.010599746895091425,0.7296058,0.008774651295635654,0.905,0.01581138830084191,0.2681482,0.004685040849341644,0.2134528,0.00555055937361272
mHSC-E,hHep,native,cl_v6_fair,lr,5,0.7467678,0.008214602812065841,0.7514018,0.009961568860375363,0.7017684,0.004678293902695719,0.6749620000000001,0.004939163410943204,0.833,0.02657066051117283,0.2468148,0.007872691011337871,0.2792404,0.0026110190041437786
mHSC-E,hHep,native,cl_v6_fair,mlp,5,0.8040454,0.004725529456050405,0.8108738,0.0034236838288603617,0.7453412,0.008498938037190311,0.7233423999999999,0.007840393780927043,0.9,0.012649110640673528,0.2666666,0.003747852430392631,0.2225686,0.003178751553676378
mHSC-E,hHep,native,minus,lr,5,0.7219024,0.027343685798370345,0.7364664,0.03083647514616416,0.672191,0.02221788131213237,0.6653658,0.022724701964162243,0.816,0.04913247398615299,0.2417776,0.014557752582043696,0.2905446,0.019788255411733492
mHSC-E,hHep,native,minus,mlp,5,0.7589426,0.003161729121857223,0.778711,0.0026083498998409,0.7116144,0.005823215146291622,0.687052,0.010143911080051901,0.875,0.010488088481701525,0.2592592,0.003107715971577831,0.253867,0.00616013743353182
mHSC-E,hHep,native,scGPT_human,lr,5,0.6910964,0.009883421342834682,0.7299876,0.01130783900840474,0.6496226,0.013388603371524603,0.6187572,0.01082086945490058,0.851,0.02177154105707726,0.252148,0.006451036226839839,0.323829,0.007722441531018535
mHSC-E,hHep,native,scGPT_human,mlp,5,0.7508836,0.02209583903453318,0.7861366,0.019998088994701447,0.6779688,0.020048721369703374,0.6657506,0.015590191026411453,0.924,0.021999999999999978,0.2737778,0.00651858182122462,0.2593428,0.024464689619122494
mHSC-E,hHep,native,scconcept,lr,5,0.5233548,0.0046551900240484135,0.5372936,0.005034568485977711,0.5347978,0.008573759324823607,0.5121020000000001,0.009935913828128749,0.555,0.012247448713915856,0.1644444,0.0036286741159823155,0.4172794,0.0056896195162769924
mHSC-E,hHep,native,scconcept,mlp,5,0.5233282,0.008809143735914397,0.5537012,0.007198345070917341,0.510257,0.031262764260378516,0.5127154,0.010220657740086977,0.574,0.020346989949375775,0.170074,0.006028803297504404,0.3750072,0.015553781371743649
mHSC-E,hHep,native,scconcept_encoded,lr,5,0.5209702,0.014524679017451634,0.549966,0.015051904344633613,0.5144366,0.009593870764191065,0.5145332,0.013843257555936751,0.572,0.02561249694973138,0.1694816,0.007588982846205412,0.4348616,0.01370226350060457
mHSC-E,hHep,native,scconcept_encoded,mlp,5,0.5147876,0.00988711267458806,0.523956,0.008587150889555868,0.4979636,0.01769816067957345,0.5089026,0.010279349563080341,0.508,0.01860107523773829,0.1505186,0.00551130505778804,0.40660979999999997,0.010096447878338195
mHSC-E,hHep,native,v4_bias_rec_best,lr,5,0.7035736,0.01676668953132967,0.7091486,0.015118251401534506,0.6603014,0.011195231781432675,0.6463786,0.010473655285524722,0.812,0.019646882704388465,0.2405928,0.005821249192398485,0.3157802,0.010738610308601387
mHSC-E,hHep,native,v4_bias_rec_best,mlp,5,0.7739694,0.005249814038611252,0.792973,0.003072801523040526,0.7005076,0.007786265564440996,0.6849656,0.006425650927338044,0.901,0.012409673645990868,0.266963,0.003676889609438929,0.2525858,0.006188452194208173
mHSC-E,hHep,native,v4_plain_best,lr,5,0.7085314,0.018238840835974213,0.7150048,0.01787813340816091,0.6689168,0.017367287403621784,0.6444718,0.016462894829281993,0.805,0.02588435821108954,0.2385184,0.007669264908711906,0.3078812,0.014606686570197923
mHSC-E,hHep,native,v4_plain_best,mlp,5,0.7753844,0.013532983449335912,0.7996458,0.014724368311068532,0.707247,0.02248304000797045,0.6963578,0.011808274529329012,0.898,0.012884098726725137,0.2660742,0.0038176050293344814,0.243316,0.010128969108453246
mHSC-E,hHep,native,v4_type_pe_best,lr,5,0.677236,0.009993854351550256,0.6928124,0.01233132597249783,0.6294972,0.02161193736248556,0.6273238,0.010870325816644133,0.786,0.01685229954635273,0.2328892,0.004993312623900095,0.3294818,0.006725770480770221
mHSC-E,hHep,native,v4_type_pe_best,mlp,5,0.7675346,0.010856033153965584,0.7858684,0.010575568951125035,0.7006992,0.011862657432464285,0.6954714,0.010435929811952542,0.875,0.017606816861659026,0.2592592,0.005216729450527402,0.243388,0.0066549939443999555
mHSC-E,hHep,strict,baseline,lr,5,0.8864198,0.006333255605137074,0.9273782,0.0036949981542620703,0.76344,0.010278734805412575,0.6907408,0.018649176232745524,0.529412,0.0,1.0,0.0,0.2479786,0.01286982426608849
mHSC-E,hHep,strict,baseline,mlp,5,0.9106996,0.010759350456231092,0.9442918,0.007140622645119962,0.8186088,0.016513092810252126,0.7864196,0.02459670518260525,0.529412,0.0,1.0,0.0,0.1650002,0.022005393551581844
mHSC-E,hHep,strict,cl_scratch_v5,lr,5,0.9274006,0.003708677262852614,0.9430417999999999,0.0035605876144254615,0.8352438,0.009058075963470384,0.8026236,0.01170612268174222,0.529412,0.0,1.0,0.0,0.1525188,0.009361625892973931
mHSC-E,hHep,strict,cl_scratch_v5,mlp,5,0.9346021999999999,0.008686104406464378,0.9548312,0.00512123459333782,0.8448164,0.016803213283178877,0.8328704,0.021591617693910752,0.529412,0.0,1.0,0.0,0.123766,0.015253722260484492
mHSC-E,hHep,strict,cl_v6_fair,lr,5,0.9166324,0.005825352061463749,0.9209508,0.012291355424036839,0.843541,0.013293942063962798,0.8189816,0.021235900834200565,0.529412,0.0,1.0,0.0,0.1391784,0.012781065223212028
mHSC-E,hHep,strict,cl_v6_fair,mlp,5,0.9413582,0.008311491355948122,0.9552464,0.008893704326094955,0.880201,0.01747308777520448,0.8766972,0.018150855576528648,0.529412,0.0,1.0,0.0,0.1015856,0.011749709215125283
mHSC-E,hHep,strict,minus,lr,5,0.9341566,0.0033830334671711435,0.9566544,0.0026391405116060283,0.817201,0.009929256024496477,0.7729938000000001,0.015733247285922878,0.529412,0.0,1.0,0.0,0.1772268,0.007993971688716446
mHSC-E,hHep,strict,minus,mlp,5,0.9462621999999999,0.006753673649207514,0.9643596,0.003371058504386989,0.8533174,0.006973829782838116,0.827315,0.011746723985860885,0.529412,0.0,1.0,0.0,0.1361744,0.0015136897436396888
mHSC-E,hHep,strict,scGPT_human,lr,5,0.901886,0.0032612110633934684,0.9367426,0.0013633040159846993,0.7910813999999999,0.006949736357589413,0.744753,0.006388983424614602,0.529412,0.0,1.0,0.0,0.1954274,0.009014513222576135
mHSC-E,hHep,strict,scGPT_human,mlp,5,0.9185526,0.004047416193079239,0.9470046,0.0023980150625048354,0.8222856,0.01140382777141081,0.7989196000000001,0.016101248555313953,0.529412,0.0,1.0,0.0,0.14703660000000002,0.006349009201442376
mHSC-E,hHep,strict,scconcept,lr,5,0.6221536,0.020745891599061234,0.633185,0.02862371441305269,0.6905068,0.013541544186687125,0.5675926,0.015164351388701069,0.529412,0.0,1.0,0.0,0.3445104,0.010748412507900882
mHSC-E,hHep,strict,scconcept,mlp,5,0.6279492,0.028838558177551106,0.6316648,0.02782242653256541,0.6648594,0.01989104615247776,0.5782408,0.030124574801314648,0.529412,0.0,1.0,0.0,0.311608,0.01860947468361211
mHSC-E,hHep,strict,scconcept_encoded,lr,5,0.645816,0.009056060733011918,0.6525654,0.007098354558628373,0.6745396,0.007732480678281735,0.5962961999999999,0.010345287901262129,0.529412,0.0,1.0,0.0,0.333856,0.008414058045913409
mHSC-E,hHep,strict,scconcept_encoded,mlp,5,0.6471192,0.019301623106878874,0.6398754,0.01855818137210646,0.6862106,0.019872745261790087,0.6075616,0.01462891398019689,0.529412,0.0,1.0,0.0,0.31123460000000003,0.015985285779115746
mHSC-E,hHep,strict,v4_bias_rec_best,lr,5,0.8707132,0.0073125269613178,0.8959196,0.013113720274582656,0.7898474,0.01036405707433145,0.7603396,0.015989587069089664,0.529412,0.0,1.0,0.0,0.1901762,0.006298666633502678
mHSC-E,hHep,strict,v4_bias_rec_best,mlp,5,0.8996226,0.004396553586617582,0.9372286,0.002324441059695841,0.8152706,0.01157921171064768,0.7927466,0.015281666147380664,0.529412,0.0,1.0,0.0,0.15706420000000001,0.0052215414352468755
mHSC-E,hHep,strict,v4_plain_best,lr,5,0.8977366,0.006062701397891888,0.9271226,0.005164717711550186,0.7999436,0.007534719944364219,0.758642,0.007582337502380141,0.529412,0.0,1.0,0.0,0.1948316,0.007467108988089038
mHSC-E,hHep,strict,v4_plain_best,mlp,5,0.9205074,0.0020044157852102465,0.9477282,0.0012033538797876398,0.8311562,0.004694516988998969,0.8131172,0.007095271338010979,0.529412,0.0,1.0,0.0,0.1419114,0.00921849798177556
mHSC-E,hHep,strict,v4_type_pe_best,lr,5,0.8882372,0.006671393359711279,0.922939,0.005699733537631388,0.7896442,0.0073966067193004074,0.748611,0.009186950789026786,0.529412,0.0,1.0,0.0,0.1995854,0.011328937665994989
mHSC-E,hHep,strict,v4_type_pe_best,mlp,5,0.9054867999999999,0.00859567601529979,0.9399284,0.0065901906983030336,0.8162777999999999,0.005330450502537266,0.7888888000000001,0.007198447315914733,0.529412,0.0,1.0,0.0,0.1641594,0.007305995034216759
mHSC-E,hHep,topology_matched,baseline,lr,5,0.8594992,0.013287509855499624,0.8992782,0.011994733917849103,0.7878542000000001,0.016905150119416276,0.7492286,0.021911356522132507,0.529412,0.0,1.0,0.0,0.1984492,0.015698902476287954
mHSC-E,hHep,topology_matched,baseline,mlp,5,0.9136146,0.007936776363234617,0.9421832,0.0053062097734635485,0.8188112,0.00645091535830382,0.801852,0.007706653540934613,0.529412,0.0,1.0,0.0,0.1320062,0.015775524744362703
mHSC-E,hHep,topology_matched,cl_scratch_v5,lr,5,0.8967423999999999,0.0038269982283769223,0.9290006,0.0038239597592024965,0.7899172,0.010930877483532612,0.7452162,0.01723573126269958,0.529412,0.0,1.0,0.0,0.187539,0.009876833358926331
mHSC-E,hHep,topology_matched,cl_scratch_v5,mlp,5,0.9168381999999999,0.009039903570282181,0.9468148,0.0057945729230030225,0.8294586,0.010886104217763138,0.8084876,0.013866612947652344,0.529412,0.0,1.0,0.0,0.134456,0.01302274904925992
mHSC-E,hHep,topology_matched,cl_v6_fair,lr,5,0.8981138,0.013825393410677305,0.927651,0.006918355122426143,0.7982296,0.020874372944833578,0.7594134,0.0323980594764563,0.529412,0.0,1.0,0.0,0.171966,0.01941426436412155
mHSC-E,hHep,topology_matched,cl_v6_fair,mlp,5,0.8958164,0.009015053978762433,0.9356606000000001,0.0046290820947570074,0.80043,0.02239587022645025,0.7688272,0.030812682540798046,0.529412,0.0,1.0,0.0,0.1615726,0.02228575174051798
mHSC-E,hHep,topology_matched,minus,lr,5,0.9116254,0.005331151830514665,0.9435426,0.0036011961124048763,0.8248646,0.010955632352356505,0.7927468,0.01899201067185883,0.529412,0.0,1.0,0.0,0.1604868,0.008103877180708013
mHSC-E,hHep,topology_matched,minus,mlp,5,0.9344652,0.008046523557412841,0.9571586,0.004743264555135008,0.8372466,0.010750104829256327,0.8054014,0.016151342019782744,0.529412,0.0,1.0,0.0,0.1342762,0.015340321866245179
mHSC-E,hHep,topology_matched,scGPT_human,lr,5,0.9089162,0.009070190414759781,0.9391188,0.007326625782718782,0.8049978,0.011453126270149992,0.768827,0.013634517123829524,0.529412,0.0,1.0,0.0,0.1622942,0.013806931641751539
mHSC-E,hHep,topology_matched,scGPT_human,mlp,5,0.9135458000000001,0.012217128065138687,0.9460668,0.005533095278413314,0.8282682,0.010194319720314872,0.8037038000000001,0.016625383212425515,0.529412,0.0,1.0,0.0,0.1507804,0.0156476796183971
mHSC-E,hHep,topology_matched,scconcept,lr,5,0.6414266,0.021081477268920196,0.6427674,0.01377709102241833,0.6952504,0.004539506739724026,0.5617284,0.01577536992403032,0.529412,0.0,1.0,0.0,0.3250886,0.012296232278222454
mHSC-E,hHep,topology_matched,scconcept,mlp,5,0.6078532,0.034651039294081795,0.6298814,0.023166659324123547,0.6325976,0.051645386336438615,0.5700616,0.032083823541467126,0.529412,0.0,1.0,0.0,0.2679594,0.0079651065429158
mHSC-E,hHep,topology_matched,scconcept_encoded,lr,5,0.6260974,0.020723447566464402,0.6178086,0.0116199478071117,0.643126,0.02017563107315359,0.6055556,0.012096340712794104,0.529412,0.0,1.0,0.0,0.32920119999999997,0.01764350252529242
mHSC-E,hHep,topology_matched,scconcept_encoded,mlp,5,0.637174,0.032637958048873116,0.6218262,0.026283045062549318,0.6129592,0.059631030812488904,0.6012344000000001,0.04405704323987254,0.529412,0.0,1.0,0.0,0.3123112,0.024173662746054838
mHSC-E,hHep,topology_matched,v4_bias_rec_best,lr,5,0.9055556,0.0037051935226112137,0.9338772,0.0034636106825103835,0.8334542,0.013165533948913715,0.8194444,0.020432375237353112,0.529412,0.0,1.0,0.0,0.143032,0.008224259139886102
mHSC-E,hHep,topology_matched,v4_bias_rec_best,mlp,5,0.8955078,0.008654423132710832,0.9326876,0.006112422452677844,0.8214656,0.027576037196087474,0.808179,0.03691319139819798,0.529412,0.0,1.0,0.0,0.1431684,0.01981097236987625
mHSC-E,hHep,topology_matched,v4_plain_best,lr,5,0.9382716,0.005457018878472033,0.9571964000000001,0.003338349628184572,0.8657012000000001,0.009975456067769544,0.8530864,0.009215534376258395,0.529412,0.0,1.0,0.0,0.1144222,0.006571746720621541
mHSC-E,hHep,topology_matched,v4_plain_best,mlp,5,0.9516118,0.007362452890171858,0.9663566,0.00413173525773369,0.880074,0.015461618880311343,0.8709876,0.020164771326251142,0.529412,0.0,1.0,0.0,0.090122,0.008296382657520083
mHSC-E,hHep,topology_matched,v4_type_pe_best,lr,5,0.913443,0.00788550764377286,0.9407574,0.004004869665794393,0.813962,0.018959423493344944,0.7794752,0.02706757871254835,0.529412,0.0,1.0,0.0,0.1613122,0.016757797676305797
mHSC-E,hHep,topology_matched,v4_type_pe_best,mlp,5,0.9026404,0.009327928678972613,0.934735,0.009810058817356783,0.8223174,0.011496167041235957,0.7989198,0.01681755196691836,0.529412,0.0,1.0,0.0,0.1439884,0.007487345713936283
mHSC-E,mDC,coverage_matched,baseline,lr,5,0.4936012,0.05275630049728659,0.5893322,0.04731748743287201,0.439475,0.07143914185374849,0.4949404,0.014367358958416803,0.512195,0.0,1.0,0.0,0.409446,0.02599990723829607
mHSC-E,mDC,coverage_matched,baseline,mlp,5,0.5131992,0.060586295276737284,0.6127974,0.06791720504437739,0.42286260000000003,0.0925967800252255,0.5299406,0.028313352218343905,0.512195,0.0,1.0,0.0,0.3641936,0.048516461670653606
mHSC-E,mDC,coverage_matched,cl_scratch_v5,lr,5,0.4420572,0.0381954427459612,0.580009,0.03775640342511451,0.6380424,0.027820637027933044,0.45828579999999997,0.020008417822506605,0.583333,0.0,1.0,0.0,0.38964319999999997,0.008967597680538529
mHSC-E,mDC,coverage_matched,cl_scratch_v5,mlp,5,0.4553142,0.03904913677099662,0.5854958,0.02306703820953179,0.553818,0.07067198751697874,0.4497142,0.05626783791616663,0.583333,0.0,1.0,0.0,0.360861,0.04939278250109016
mHSC-E,mDC,coverage_matched,cl_v6_fair,lr,5,0.6397404,0.03455650331037558,0.517986,0.05784451010078656,0.5160314,0.005100022101912881,0.5116451999999999,0.007492063464760565,0.346535,0.0,1.0,0.0,0.5567276,0.011824055693373576
mHSC-E,mDC,coverage_matched,cl_v6_fair,mlp,5,0.4628574,0.031012506584279852,0.363233,0.04486489833266092,0.4822122,0.015750594470050963,0.4851516,0.01278090717594021,0.346535,0.0,1.0,0.0,0.489002,0.047828151563697296
mHSC-E,mDC,coverage_matched,minus,lr,5,0.5333986000000001,0.012098451464547001,0.6357430000000001,0.02273294151666254,0.3359576,0.07934759265056501,0.5236602,0.0318949201560374,0.56962,0.0,1.0,0.0,0.4313612,0.019871353254370987
mHSC-E,mDC,coverage_matched,minus,mlp,5,0.4615034,0.047425873270188705,0.6004794,0.050069882594629675,0.2908104,0.06359162057567018,0.522026,0.04945014783395495,0.56962,0.0,1.0,0.0,0.4417818,0.020253609025553936
mHSC-E,mDC,coverage_matched,scGPT_human,lr,5,0.3532882,0.026322479004835385,0.3933544,0.013532869046879887,0.1112328,0.06486110188826583,0.4153288,0.03545996913365831,0.478723,0.0,1.0,0.0,0.4935092,0.012925247887758284
mHSC-E,mDC,coverage_matched,scGPT_human,mlp,5,0.3446712,0.01832771129628574,0.4018488,0.011481553682320178,0.0762894,0.04766766882741383,0.4732428,0.02823592431212407,0.478723,0.0,1.0,0.0,0.4639808,0.008788799654105207
mHSC-E,mDC,coverage_matched,scconcept,lr,5,0.3099394,0.021254037824375863,0.49986559999999997,0.009160169705851503,0.597451,0.022884747156130012,0.41078800000000004,0.009489655673416189,0.60241,0.0,1.0,0.0,0.4499452,0.005154930975289594
mHSC-E,mDC,coverage_matched,scconcept,mlp,5,0.3061818,0.013428837468671673,0.49828140000000004,0.011646157969047145,0.531363,0.05412092767128073,0.378,0.034587237571104164,0.60241,0.0,1.0,0.0,0.4596254,0.027772057558632563
mHSC-E,mDC,coverage_matched,scconcept_encoded,lr,5,0.4162454,0.020489469701288014,0.393034,0.017379514918431985,0.287694,0.03616947271387848,0.44341,0.00793084285558603,0.436893,0.0,1.0,0.0,0.4447204,0.011938389248135608
mHSC-E,mDC,coverage_matched,scconcept_encoded,mlp,5,0.3973948,0.01804989018692358,0.3701908,0.01057829270534712,0.2364878,0.05970533845612132,0.4322606,0.009227606203127658,0.436893,0.0,1.0,0.0,0.4544908,0.0168836067165757
mHSC-E,mDC,coverage_matched,v4_bias_rec_best,lr,5,0.2444078,0.020072468820750474,0.2645234,0.00725873075957498,0.068168,0.0272169875923108,0.426809,0.023260196250246903,0.372549,0.0,1.0,0.0,0.429044,0.021445938011660854
mHSC-E,mDC,coverage_matched,v4_bias_rec_best,mlp,5,0.3672698,0.03454275978204405,0.3111064,0.016692333900326827,0.1071318,0.06648459708052686,0.4441612,0.020228114607150113,0.372549,0.0,1.0,0.0,0.38979379999999997,0.025477951168804764
mHSC-E,mDC,coverage_matched,v4_plain_best,lr,5,0.5412766,0.027944969998910343,0.4807306,0.019441421044769338,0.5112164,0.020553935804122785,0.5389036,0.021429588914395913,0.392857,0.0,1.0,0.0,0.4004458,0.021804315989271485
mHSC-E,mDC,coverage_matched,v4_plain_best,mlp,5,0.4845922,0.024931410978121557,0.4549004,0.018303193356351773,0.3716754,0.04690331249965188,0.4762032,0.032814062798745304,0.392857,0.0,1.0,0.0,0.3618142,0.042060013615784764
mHSC-E,mDC,coverage_matched,v4_type_pe_best,lr,5,0.4971834,0.04073423913417313,0.6786412,0.03190998512942302,0.201813,0.01813185152156282,0.4994936,0.02389985343553388,0.663866,0.0,1.0,0.0,0.5610048,0.03004567072574686
mHSC-E,mDC,coverage_matched,v4_type_pe_best,mlp,5,0.3585126,0.06146828789741911,0.5947066000000001,0.03882978947457738,0.0606012,0.042899972673184766,0.4839556,0.025833961079168657,0.663866,0.0,1.0,0.0,0.5991422,0.026051102045019127
mHSC-E,mDC,native,baseline,lr,5,0.4974408,0.03596710045249687,0.5300218,0.036987641175938744,0.42651,0.04442835983018055,0.4884946,0.02051133158622324,0.5589999999999999,0.05782732917920384,0.1658754,0.017159402211032876,0.4507118,0.024551303414686556
mHSC-E,mDC,native,baseline,mlp,5,0.528335,0.010593011979602399,0.5706791999999999,0.017355880702516965,0.4422218,0.013945668422847278,0.5089876,0.00421038585405187,0.592,0.05035871324805669,0.1756676,0.0149431896006174,0.407712,0.009054224759746128
mHSC-E,mDC,native,cl_scratch_v5,lr,5,0.6917842,0.02021989773861381,0.6898212,0.024359896899617588,0.5899146000000001,0.018312853809278305,0.617677,0.016064911117089943,0.764,0.05453439281774393,0.2267064,0.016182510789120454,0.3232348,0.01687102737120655
mHSC-E,mDC,native,cl_scratch_v5,mlp,5,0.5626768,0.025752201182811536,0.5534884,0.023003200999860873,0.3694988,0.038126968530949316,0.5128198,0.01798177165242625,0.559,0.04152107898405339,0.1658754,0.012320908141853831,0.3969232,0.007297518109604108
mHSC-E,mDC,native,cl_v6_fair,lr,5,0.6200458,0.03984378337156248,0.6187904,0.03940100617293926,0.5058918,0.06303263638275015,0.5647086,0.036064320509889,0.664,0.036796738985948194,0.1970326,0.01091886431090706,0.3724466,0.033713209266398834
mHSC-E,mDC,native,cl_v6_fair,mlp,5,0.5795692,0.017785792334332477,0.5672422,0.014380281977763894,0.382344,0.022059925421451455,0.5190994,0.015304459018207725,0.581,0.02853068523537419,0.1724034,0.00846606375123646,0.3937474,0.01489779360308097
mHSC-E,mDC,native,minus,lr,5,0.4325618,0.00443711448578917,0.4798926,0.0026798203372614387,0.3268146,0.014844329228361913,0.4711268,0.004575277145703854,0.483,0.013999999999999993,0.1433238,0.004154185715636698,0.481676,0.004093300282168403
mHSC-E,mDC,native,minus,mlp,5,0.4665344,0.013216238762976404,0.4991194,0.01240960761023489,0.33553479999999997,0.028770344713958503,0.49081620000000004,0.008712706706873585,0.523,0.015684387141358135,0.1551928,0.004654156997781655,0.4394178,0.0134250540617161
mHSC-E,mDC,native,scGPT_human,lr,5,0.4998854,0.01842778617848601,0.516041,0.009179094443353335,0.40384960000000003,0.03860671942343715,0.4841228,0.010872290584784793,0.497,0.025019992006393616,0.1474778,0.007424358892187258,0.4360948,0.014473750590638218
mHSC-E,mDC,native,scGPT_human,mlp,5,0.4880438,0.04276856449028891,0.5053556,0.03880992463584539,0.3474364,0.05225021499132803,0.48314039999999997,0.029063196621156435,0.482,0.07159608927867499,0.1430268,0.02124536989934513,0.4195762,0.02072575720595029
mHSC-E,mDC,native,scconcept,lr,5,0.4670846,0.010851773561957517,0.5183554,0.010780747035340378,0.4747788,0.016428376455389627,0.4809738,0.013191025349077313,0.559,0.016552945357246822,0.1658752,0.004911826764046143,0.4399508,0.01058114924571052
mHSC-E,mDC,native,scconcept,mlp,5,0.46539980000000003,0.015839075723033842,0.5058464,0.02007472020826193,0.4655956,0.02955896935009744,0.4874244,0.015928263666828223,0.518,0.057236352085016734,0.1537094,0.01698406283078345,0.3922312,0.01270089098291928
mHSC-E,mDC,native,scconcept_encoded,lr,5,0.39345559999999996,0.019018887565785764,0.4405886,0.009445187083377429,0.3727562,0.024966935730281362,0.4226416,0.011861728990328514,0.367,0.03171750305430741,0.1089024,0.009411623592133295,0.5066062,0.011589986926653535
mHSC-E,mDC,native,scconcept_encoded,mlp,5,0.392516,0.016107379762084224,0.44512619999999997,0.010654477901802609,0.3643528,0.0332649985384037,0.4196218,0.009137542107153333,0.355,0.02549509756796393,0.1053414,0.0075653368094223,0.4928118,0.01416882604029002
mHSC-E,mDC,native,v4_bias_rec_best,lr,5,0.586924,0.023940269413688712,0.6128412,0.019708998517428536,0.5129318,0.023107093096276735,0.544561,0.016724677671034496,0.66,0.03937003937005904,0.1958456,0.011682309884607578,0.3964338,0.01780046748150172
mHSC-E,mDC,native,v4_bias_rec_best,mlp,5,0.5936156,0.049279561579218624,0.6056934,0.05167645838329091,0.5018632,0.08623516991900694,0.5519304,0.04332842386517192,0.646,0.08475848040166836,0.1916912,0.02515086148345619,0.3703516,0.039849333483008224
mHSC-E,mDC,native,v4_plain_best,lr,5,0.6002620000000001,0.019880331818156353,0.6410058,0.020138688809353992,0.5448752,0.011597028781545733,0.5562644,0.016220213495512316,0.751,0.030066592756745843,0.2228488,0.008921769160878355,0.3821824,0.015208014671218599
mHSC-E,mDC,native,v4_plain_best,mlp,5,0.5491236,0.02115301113884261,0.5683476000000001,0.01950659712610071,0.4197362,0.015162192472066816,0.5216982,0.011995518536520191,0.617,0.017204650534085267,0.1830862,0.0051053405527937195,0.4021856,0.011070667632984019
mHSC-E,mDC,native,v4_type_pe_best,lr,5,0.5820446,0.02700899437298618,0.581058,0.0298871692670952,0.49001,0.03773801638136271,0.540304,0.01760770306428412,0.596,0.049436828377233094,0.1768546,0.014669678941272035,0.4014536,0.02149245460714061
mHSC-E,mDC,native,v4_type_pe_best,mlp,5,0.5469731999999999,0.05104357925302652,0.5466106000000001,0.05604837533631104,0.4539586,0.07667152403754605,0.5175258,0.03730545319065296,0.546,0.09531002045955084,0.1620178,0.028282086050360568,0.395075,0.04398187142448579
mHSC-E,mDC,strict,baseline,lr,5,0.6331748,0.02790210233942953,0.6030902,0.026191043640145364,0.5487638,0.03512581310888047,0.6053462000000001,0.029332723483508988,0.496,0.008602325267042634,0.8336134,0.014457439836983598,0.3215622,0.02276166621668985
mHSC-E,mDC,strict,baseline,mlp,5,0.6075206,0.012593696956811376,0.5516276,0.012119490527245784,0.5041552,0.03488956671212756,0.5765132,0.014196480992133217,0.497,0.009273618495495711,0.835294,0.01558560987577966,0.3183822,0.010874565984902565
mHSC-E,mDC,strict,cl_scratch_v5,lr,5,0.6624952,0.023425237265820832,0.6513086,0.021481066561974998,0.5614062,0.032629154677374046,0.6099806,0.015203871356993255,0.506,0.0073484692283495405,0.8504202,0.012350300067609695,0.3018824,0.013176791363605944
mHSC-E,mDC,strict,cl_scratch_v5,mlp,5,0.6476372,0.031894271607296514,0.6059272,0.028297525209106167,0.501538,0.05278047425326907,0.6029532,0.026012587333058605,0.505,0.01581138830084191,0.8487394,0.02657394733644214,0.2890052,0.013815384922614353
mHSC-E,mDC,strict,cl_v6_fair,lr,5,0.627603,0.0141693354113734,0.639445,0.012287499550356051,0.5604234,0.010218805401807012,0.580989,0.01916576751398179,0.498,0.009273618495495711,0.8369746,0.01558595494154914,0.3394224,0.016120307870509165
mHSC-E,mDC,strict,cl_v6_fair,mlp,5,0.6356718,0.047611493530029074,0.6134338,0.05423078477543913,0.49768640000000003,0.0512403578074939,0.5850386,0.04011824857393453,0.501,0.016552945357246864,0.8420166,0.027820088214094527,0.2910092,0.020302007402225018
mHSC-E,mDC,strict,minus,lr,5,0.5658204,0.025507745840038495,0.5043482,0.026438991791670117,0.3709966,0.03483537858327365,0.5128547999999999,0.01780816290805988,0.501,0.0020000000000000018,0.8420166,0.00336120000000002,0.38577100000000003,0.01552856044841246
mHSC-E,mDC,strict,minus,mlp,5,0.5396844,0.009970312223797214,0.4838542,0.011317986806848663,0.2826322,0.024985161343485447,0.5002314,0.01893759748859395,0.491,0.009695359714832668,0.8252102,0.01629447536314075,0.3770714,0.011753235649811504
mHSC-E,mDC,strict,scGPT_human,lr,5,0.6719034,0.035678402859993616,0.6410686,0.03973563455438959,0.5813235999999999,0.04242753369499578,0.6155402,0.03610541600591245,0.516,0.008000000000000007,0.8672268000000001,0.013445525001278326,0.28302520000000003,0.022337416514897145
mHSC-E,mDC,strict,scGPT_human,mlp,5,0.6204602,0.007747988084657849,0.560916,0.017868132090400526,0.4437286,0.05226037493015141,0.5584094000000001,0.015527064405096032,0.505,0.008944271909999166,0.8487394,0.015032525996651417,0.3137298,0.012042515424943424
mHSC-E,mDC,strict,scconcept,lr,5,0.4620204,0.02851790913513823,0.4562278,0.019778893380571125,0.3453796,0.029330733960131312,0.49251,0.022900348844504516,0.44,0.010000000000000009,0.7394958,0.016806700002082512,0.3918742,0.015674362282402435
mHSC-E,mDC,strict,scconcept,mlp,5,0.4865848,0.016571586905302717,0.4750102,0.020598479433200895,0.2799604,0.07788336934057231,0.5000854,0.011247822484374476,0.459,0.009695359714832642,0.7714286,0.016294764160306202,0.348837,0.035340162087913525
mHSC-E,mDC,strict,scconcept_encoded,lr,5,0.40528559999999997,0.0073221933489904445,0.4262314,0.012960062570836593,0.4222996,0.02469506180271674,0.42022299999999996,0.014517380176877643,0.434,0.01019803902718558,0.7294115999999999,0.017139530408969778,0.4965924,0.0067418504462795695
mHSC-E,mDC,strict,scconcept_encoded,mlp,5,0.3645112,0.01340962797992547,0.4064494,0.012731689857988226,0.344573,0.03541113826467599,0.3780354,0.01238712902330479,0.42,0.01140175425099139,0.7058826,0.019162577546875063,0.4935058,0.033508522398936064
mHSC-E,mDC,strict,v4_bias_rec_best,lr,5,0.6370844,0.020480827518437824,0.5913452,0.013041682658307567,0.5433486,0.03443614573438788,0.5896056,0.022533579712065283,0.515,0.0054772255750516665,0.8655462,0.009205755599623526,0.3314164,0.01440597929472344
mHSC-E,mDC,strict,v4_bias_rec_best,mlp,5,0.655864,0.0351064579130393,0.60777,0.04406462180479937,0.49367360000000005,0.08015084656970257,0.5863718,0.038026998752991294,0.516,0.01019803902718558,0.8672266000000001,0.01713970691231329,0.29126240000000003,0.01923307770066975
mHSC-E,mDC,strict,v4_plain_best,lr,5,0.6430094000000001,0.013879209611501638,0.6005284,0.020705828924242546,0.5372456,0.03587945665474884,0.5841856,0.022113189155795677,0.515,0.006324555320336764,0.8655464,0.010629838241478557,0.32632659999999997,0.012915288500068442
mHSC-E,mDC,strict,v4_plain_best,mlp,5,0.6237426,0.025137198719029936,0.5629884,0.026496783665947085,0.4208736,0.060117706531769816,0.5614298,0.03609582937902938,0.518,0.013266499161421611,0.870588,0.02229683930964207,0.3217396,0.02172362778727347
mHSC-E,mDC,strict,v4_type_pe_best,lr,5,0.7244244,0.03663515730879286,0.6684322,0.039130475603549715,0.6419984,0.05333633975667995,0.6715018,0.0360126401664749,0.53,0.01581138830084191,0.8907562,0.02657375759955674,0.2584102,0.019266953421856824
mHSC-E,mDC,strict,v4_type_pe_best,mlp,5,0.628346,0.028856446704332822,0.574663,0.03115734708218915,0.4903618,0.03141915079310707,0.5700524,0.021562635651515324,0.509,0.008602325267042634,0.8554622000000001,0.014457742083741839,0.2832444,0.012379063883832248
mHSC-E,mDC,topology_matched,baseline,lr,5,0.5322736,0.017590606909370705,0.510458,0.01959222286520852,0.410019,0.038674294196533184,0.5227318,0.01068385693277479,0.46799999999999997,0.006782329983125248,0.7865544,0.01139885558466285,0.3814006,0.006980769086569188
mHSC-E,mDC,topology_matched,baseline,mlp,5,0.4732738,0.04196273545135016,0.4517946,0.030994983539921417,0.182958,0.04872456023403393,0.4936062,0.010613152168889322,0.46,0.02097617696340303,0.7731094,0.035253897853145255,0.3592998,0.014267190016257581
mHSC-E,mDC,topology_matched,cl_scratch_v5,lr,5,0.5749848,0.05015088536167633,0.5433936,0.04121888136570423,0.39338439999999997,0.04448112434999817,0.5450856,0.027955906628832503,0.491,0.02130727575266252,0.82521,0.03581063148842813,0.3648252,0.02728201067663452
mHSC-E,mDC,topology_matched,cl_scratch_v5,mlp,5,0.6247534,0.07055868050523623,0.5663326,0.055055759352133186,0.3093884,0.09139693963497902,0.5514186,0.03454031741371234,0.517,0.0276767050061961,0.8689076,0.04651532036480024,0.3348928,0.011096239712623378
mHSC-E,mDC,topology_matched,cl_v6_fair,lr,5,0.6290158,0.02015683946852781,0.6206632,0.019739292656019865,0.5513044,0.02349600461865802,0.5888198,0.022109661113639906,0.497,0.01029563014098701,0.8352942,0.01730341878820484,0.3265078,0.016742616478913924
mHSC-E,mDC,topology_matched,cl_v6_fair,mlp,5,0.676239,0.03536874027160144,0.6496292,0.043257132911925636,0.5246762,0.06272094954765911,0.6099624,0.031180769801914757,0.521,0.016552945357246864,0.8756304,0.027820039882070612,0.276808,0.01666664070531311
mHSC-E,mDC,topology_matched,minus,lr,5,0.6337838,0.04415374596747143,0.5746298,0.032965746267299964,0.3814624,0.0421189543868316,0.552393,0.015402770192403702,0.524,0.022449944320643667,0.8806722,0.037730837453732735,0.3489186,0.014294896300428352
mHSC-E,mDC,topology_matched,minus,mlp,5,0.5999636,0.04530167152589407,0.5618496000000001,0.04283305871683693,0.250367,0.07400465160515249,0.5448178,0.02554502448932084,0.505,0.008944271909999166,0.8487394,0.015032525996651417,0.3252212,0.019025698193758895
mHSC-E,mDC,topology_matched,scGPT_human,lr,5,0.6508526,0.041686896601210305,0.6405446,0.03897540815232088,0.5113056,0.056300729318899574,0.5914994,0.029545565112889593,0.501,0.02437211521390788,0.8420168,0.04096149190349396,0.29499380000000003,0.02375038463183281
mHSC-E,mDC,topology_matched,scGPT_human,mlp,5,0.596474,0.04328564902135579,0.5537146,0.0384904955779995,0.3742156,0.10562882668968733,0.5464498,0.030009809725488102,0.495,0.017606816861659005,0.8319328,0.029591152342549953,0.3163078,0.015501037493019634
mHSC-E,mDC,topology_matched,scconcept,lr,5,0.498484,0.029688944184662412,0.4663478,0.016062010265218984,0.2318868,0.03498673819835167,0.49493360000000003,0.00930031854508222,0.461,0.013190905958272915,0.7747902,0.022169652405033307,0.3911262,0.011357695847309886
mHSC-E,mDC,topology_matched,scconcept,mlp,5,0.5121424,0.021220332943665134,0.49085480000000004,0.017459188210223308,0.2260878,0.0811138896007336,0.511253,0.013229335100450039,0.464,0.011575836902790215,0.779832,0.019455353587123508,0.3355498,0.043146458744142614
mHSC-E,mDC,topology_matched,scconcept_encoded,lr,5,0.4044574,0.008196624978611627,0.4194556,0.01085323591561522,0.3850704,0.022633993033488373,0.419827,0.017931720017890087,0.43,0.01449137674618945,0.7226892,0.024355173851976497,0.4917864,0.013978046037984006
mHSC-E,mDC,topology_matched,scconcept_encoded,mlp,5,0.3941176,0.007771351532391266,0.4024796,0.009885628166181454,0.34614059999999996,0.03832351209166509,0.4476066,0.01171085466735882,0.411,0.007348469228349515,0.6907562,0.012350300067609676,0.4475652,0.02543483809580867
mHSC-E,mDC,topology_matched,v4_bias_rec_best,lr,5,0.61853,0.0210690811664866,0.5565212,0.013180645877953012,0.44627500000000003,0.044920508327488895,0.5550174,0.023304696218573628,0.525,0.01581138830084191,0.882353,0.02657369435362722,0.3610318,0.015774540670333324
mHSC-E,mDC,topology_matched,v4_bias_rec_best,mlp,5,0.6855986,0.056687405460472406,0.6408964,0.06209018628285793,0.3982858,0.05353411014820364,0.5859882,0.0316874467598764,0.532,0.024617067250182364,0.8941174,0.0413732549727478,0.2950874,0.02973342160330695
mHSC-E,mDC,topology_matched,v4_plain_best,lr,5,0.5549628,0.0453735079463777,0.5083436,0.054060415890372124,0.4711538,0.05594178628681784,0.527847,0.03312471700709306,0.491,0.014966629547095779,0.82521,0.025153893122139184,0.36386199999999996,0.029173679068639942
mHSC-E,mDC,topology_matched,v4_plain_best,mlp,5,0.5652782,0.046284056479094414,0.526268,0.04220868078961957,0.3710586,0.04128833585699476,0.519754,0.028613884063510144,0.498,0.017776388834631195,0.8369748,0.029876236673316167,0.3285482,0.028636277875450214
mHSC-E,mDC,topology_matched,v4_type_pe_best,lr,5,0.6136036,0.02222863013862978,0.543057,0.020486433061907085,0.5615176,0.058023224693565585,0.5775364,0.018485079113706806,0.511,0.011135528725660053,0.8588238,0.018715339445492297,0.3273242,0.01984321561037929
mHSC-E,mDC,topology_matched,v4_type_pe_best,mlp,5,0.5152416,0.049560458644366895,0.5040662,0.04895197320394757,0.3773856,0.12234422622845754,0.5303312,0.04118110039520555,0.461,0.016552945357246843,0.7747898,0.027820196954011677,0.345282,0.02101331475041479
mHSC-E,mESC,coverage_matched,baseline,mlp,3,0.525,0.010240835740634982,0.7546726666666667,0.004032152967777365,0.284553,0.4024187118139513,0.5,0.0,0.744681,0.0,1.0,0.0,0.275505,0.027978230692212586
mHSC-E,mESC,coverage_matched,minus,mlp,4,0.49454275000000003,0.024944161815693495,0.41297875,0.014023868784593644,0.58427,0.0,0.5,0.0,0.412698,0.0,1.0,0.0,0.2694495,0.02014630444399171
mHSC-E,mESC,coverage_matched,scconcept,mlp,1,0.495155,0.0,0.639572,0.0,0.781818,0.0,0.5,0.0,0.641791,0.0,1.0,0.0,0.230127,0.0
mHSC-E,mESC,coverage_matched,scconcept_encoded,lr,5,0.458333,0.0,0.283547,0.0,0.0,0.0,0.5,0.0,0.3,0.0,1.0,0.0,0.224507,0.004453800758902449
mHSC-E,mESC,coverage_matched,scconcept_encoded,mlp,5,0.44375,0.054565658716815645,0.2850666,0.017156506889224283,0.0,0.0,0.5,0.0,0.3,0.0,1.0,0.0,0.2301994,0.015556769890951014
mHSC-E,mESC,native,baseline,lr,5,0.5049743999999999,0.0011388168597276575,0.520829,0.0004647308898706788,0.680464,0.0,0.5,0.0,0.55,0.006324555320336764,0.1632044,0.0018766536814234028,0.2946312,0.027075921047306963
mHSC-E,mESC,native,baseline,mlp,5,0.5075108,0.005881905589177725,0.5218818,0.0036532211758939542,0.680464,0.0,0.5,0.0,0.553,0.015033296378372881,0.164095,0.004460897891680555,0.2669518,0.01280810067730576
mHSC-E,mESC,native,cl_scratch_v5,lr,5,0.496406,0.0017147500109345533,0.5141462,0.0010478263978350528,0.6768573999999999,0.0008028000000000369,0.495994,0.0008899999999999907,0.548,0.00244948974278318,0.1626114,0.0007270085556580401,0.2988068,0.0273485056878799
mHSC-E,mESC,native,cl_scratch_v5,mlp,5,0.495549,0.0,0.513466,0.0,0.676456,0.0,0.495549,0.0,0.545,0.0,0.161721,0.0,0.2774306,0.012719225174514358
mHSC-E,mESC,native,cl_v6_fair,lr,5,0.4946914,0.0010503412017054438,0.5130384,0.000523700907007037,0.6768573999999999,0.0008028000000000369,0.495994,0.0008899999999999907,0.545,0.0,0.161721,0.0,0.2980408,0.026708875479136137
mHSC-E,mESC,native,cl_v6_fair,mlp,5,0.49732940000000003,0.0021805357690255767,0.514774,0.001601966291780196,0.6776602,0.0009832251827532129,0.496884,0.001090022935538503,0.553,0.009797958971132666,0.164095,0.0029075443246836304,0.2786794,0.010450431064793458
mHSC-E,mESC,native,minus,lr,5,0.4962758,0.0032964153500431373,0.5145184,0.002275262147533762,0.6772587999999999,0.0009832251827532129,0.496439,0.001090022935538503,0.547,0.011224972160321799,0.1623146,0.003330948129286916,0.2989304,0.02660972569268612
mHSC-E,mESC,native,minus,mlp,5,0.49239,0.0038690668642451906,0.51212,0.001657356449289018,0.676456,0.0,0.495549,0.0,0.525,0.024494897427831803,0.15578619999999999,0.007268615862734811,0.282804,0.022536418863697047
mHSC-E,mESC,native,scGPT_human,lr,5,0.49920960000000003,0.0015807999999999823,0.5169857999999999,0.00037939920927700853,0.678463,0.0,0.497774,0.0,0.548,0.008717797887081356,0.162611,0.0025866624054947723,0.2979046,0.027331978886278988
mHSC-E,mESC,native,scGPT_human,mlp,5,0.4996676,0.002527071554190732,0.516159,0.0013921448200528794,0.678463,0.0,0.497774,0.0,0.543,0.014352700094407296,0.1611276,0.004258724813838062,0.282692,0.016379430417447355
mHSC-E,mESC,native,scconcept,lr,5,0.4984582,0.0018103113986273074,0.5164004,0.0012095942460180838,0.678463,0.0,0.497774,0.0,0.546,0.008000000000000007,0.162018,0.0023739999999999985,0.29726579999999997,0.02735736457628914
mHSC-E,mESC,native,scconcept,mlp,5,0.5008382,0.004290912648842899,0.5169722,0.0024729479088731114,0.678862,0.0014993362531467,0.4982194,0.0016654651722566832,0.538,0.023999999999999983,0.15964419999999999,0.007121600000000004,0.2740168,0.012844479956775214
mHSC-E,mESC,native,scconcept_encoded,lr,5,0.4984582,0.003365510505109138,0.5162132,0.0020339212767460104,0.6780616,0.0008028000000000369,0.497329,0.0008899999999999907,0.541,0.009165151389911688,0.1605342,0.0027197368549181362,0.2931966,0.02637738289216731
mHSC-E,mESC,native,scconcept_encoded,mlp,5,0.4961256,0.005227522686703503,0.5158412,0.002861925114324283,0.680464,0.0,0.5,0.0,0.518,0.01860107523773829,0.1537092,0.005519648662732079,0.2815936,0.0191883511808597
mHSC-E,mESC,native,v4_bias_rec_best,lr,5,0.4952888,0.0014822086762666111,0.5133808,0.000687794562351266,0.676456,0.0,0.495549,0.0,0.547,0.00244948974278318,0.1623146,0.0007270085556580401,0.2984472,0.026630419586630618
mHSC-E,mESC,native,v4_bias_rec_best,mlp,5,0.4948592,0.0040123171061121335,0.5133934,0.0021910751333534817,0.6776602,0.0009832251827532129,0.496884,0.001090022935538503,0.532,0.018867962264113223,0.1578634,0.005598866406693418,0.285753,0.009828576946842306
mHSC-E,mESC,native,v4_plain_best,lr,5,0.497034,0.0031730302866502897,0.515312,0.002246408244286843,0.6788632,0.0008003999999999678,0.4982192,0.0008904000000000023,0.546,0.009165151389911688,0.1620176,0.0027194749934500253,0.2962538,0.027149709445222422
mHSC-E,mESC,native,v4_plain_best,mlp,5,0.4922622,0.004092690430511469,0.5119632,0.0018718679867981924,0.6772587999999999,0.0009832251827532129,0.496439,0.001090022935538503,0.518,0.024819347291981736,0.1537092,0.007364794807732263,0.2760916,0.018722992213853002
mHSC-E,mESC,native,v4_type_pe_best,lr,5,0.4948906,0.0009316844100874633,0.5131789999999999,0.00044478893871135425,0.676456,0.0,0.495549,0.0,0.542,0.013999999999999976,0.1608308,0.004154457143839613,0.298754,0.026468491147022325
mHSC-E,mESC,native,v4_type_pe_best,mlp,5,0.498181,0.006088342795868181,0.5150678,0.003033827378082012,0.6772587999999999,0.0009832251827532129,0.496439,0.001090022935538503,0.545,0.028106938645110376,0.1617208,0.008340218160216203,0.2777826,0.01730872201637083
mHSC-E,mESC,strict,baseline,mlp,1,0.5,0.0,0.875,0.0,0.933333,0.0,0.5,0.0,0.875,0.0,1.0,0.0,0.109376,0.0
mHSC-E,mESC,strict,scGPT_human,mlp,3,0.5,0.0,0.875,0.0,0.933333,0.0,0.5,0.0,0.875,0.0,1.0,0.0,0.11748233333333333,0.010478132159672136
mHSC-E,mESC,strict,scconcept,mlp,1,0.5,0.0,0.875,0.0,0.933333,0.0,0.5,0.0,0.875,0.0,1.0,0.0,0.145227,0.0
mHSC-E,mESC,topology_matched,baseline,mlp,2,0.5,0.0,0.875,0.0,0.933333,0.0,0.5,0.0,0.875,0.0,1.0,0.0,0.15402749999999998,0.030691499999999997
mHSC-E,mESC,topology_matched,minus,mlp,2,0.5,0.0,0.875,0.0,0.4666665,0.4666665,0.5,0.0,0.875,0.0,1.0,0.0,0.2550135,0.04192950000000001
mHSC-E,mESC,topology_matched,scGPT_human,mlp,1,0.5,0.0,0.875,0.0,0.933333,0.0,0.5,0.0,0.875,0.0,1.0,0.0,0.145315,0.0
mHSC-E,mESC,topology_matched,scconcept,mlp,2,0.5,0.0,0.875,0.0,0.0,0.0,0.5,0.0,0.875,0.0,1.0,0.0,0.49715299999999996,0.112739
mHSC-E,mESC,topology_matched,v4_bias_rec_best,mlp,2,0.5,0.0,0.875,0.0,0.933333,0.0,0.5,0.0,0.875,0.0,1.0,0.0,0.1147625,0.0020285000000000025
mHSC-E,mESC,topology_matched,v4_plain_best,mlp,1,0.5,0.0,0.875,0.0,0.0,0.0,0.5,0.0,0.875,0.0,1.0,0.0,0.298551,0.0
mHSC-E,mESC,topology_matched,v4_type_pe_best,mlp,2,0.5,0.0,0.875,0.0,0.933333,0.0,0.5,0.0,0.875,0.0,1.0,0.0,0.134983,0.021128
mHSC-E,mHSC-GM,coverage_matched,baseline,lr,5,0.6776586,0.008417143045000488,0.6822038,0.01258421672413504,0.5558982,0.01608198378807789,0.626186,0.009298219356414422,0.765,0.027018512172212617,0.2283582,0.0080651739324084,0.338961,0.0074985168666877045
mHSC-E,mHSC-GM,coverage_matched,baseline,mlp,5,0.7211144,0.010931809961758375,0.7269146,0.0112352472620766,0.5214006,0.024532403825145224,0.6338524,0.012954718763446752,0.822,0.013999999999999985,0.2453734,0.0041789428615380654,0.3224048,0.013272391305262221
mHSC-E,mHSC-GM,coverage_matched,cl_scratch_v5,lr,5,0.632879,0.01200833625445256,0.6468114,0.00755806942545516,0.4671894,0.016077113305565768,0.5832582000000001,0.007381706507305772,0.729,0.01743559577416271,0.2176118,0.005204915346093541,0.383254,0.005379935129720442
mHSC-E,mHSC-GM,coverage_matched,cl_scratch_v5,mlp,5,0.6834948,0.013195528172831865,0.6954122,0.009162922752048037,0.4245276,0.027693610884823232,0.5900082,0.011721203852847206,0.786,0.02634387974463898,0.234627,0.007863799946590701,0.3551254,0.013157199057550209
mHSC-E,mHSC-GM,coverage_matched,cl_v6_fair,lr,5,0.6157536,0.005449634908872331,0.6319346,0.007721706200057066,0.46041,0.010132987338391384,0.576302,0.005824329901370633,0.727,0.016309506430300102,0.21701499999999999,0.004868571618041583,0.3867958,0.006155157102787875
mHSC-E,mHSC-GM,coverage_matched,cl_v6_fair,mlp,5,0.6707538,0.00707809854127504,0.6844118,0.004895891559256596,0.4453512,0.018881005263491665,0.5934868,0.005884259253296044,0.773,0.011224972160321834,0.23074619999999998,0.003350778918400918,0.360806,0.008339949903926284
mHSC-E,mHSC-GM,coverage_matched,minus,lr,5,0.6498636,0.0038700221498074215,0.6607046,0.005069775127162951,0.5203017999999999,0.011047827540290435,0.602804,0.00685118164990539,0.75,0.019493588689617945,0.2238804,0.0058189388242187315,0.3627108,0.006285869976383531
mHSC-E,mHSC-GM,coverage_matched,minus,mlp,5,0.6911654,0.011724586416586287,0.6869922,0.011857367050066361,0.4742932,0.027177241290462128,0.6006194,0.01004150997808596,0.757,0.02501999200639363,0.22597,0.007468667458121296,0.3471174,0.012066854695404264
mHSC-E,mHSC-GM,coverage_matched,scGPT_human,lr,5,0.6896132,0.01771684698133392,0.6842816,0.015311753245138192,0.5177564,0.0262101354563459,0.6048272,0.013273492462799694,0.767,0.011661903789690611,0.228955,0.0034810782812226405,0.3413626,0.011898235593565959
mHSC-E,mHSC-GM,coverage_matched,scGPT_human,mlp,5,0.6975664,0.010087561600307573,0.6878624,0.010454981388792617,0.4158096,0.021252849838080536,0.5835772,0.00722727197218978,0.734,0.02177154105707726,0.2191046,0.006499154086494648,0.351916,0.01678159339276219
mHSC-E,mHSC-GM,coverage_matched,scconcept,lr,5,0.5933136,0.009607211408103817,0.588962,0.011378590299329682,0.5205304000000001,0.018437377997969247,0.5595876,0.010859854761459741,0.613,0.011661903789690611,0.182985,0.00348107828122265,0.3800188,0.010290932035534966
mHSC-E,mHSC-GM,coverage_matched,scconcept,mlp,5,0.5884956,0.009447737900682887,0.5949512,0.008858647354985982,0.4807062,0.03769123742410162,0.5540772,0.0093441463045053,0.637,0.03695943722515266,0.1901492,0.011032516474494838,0.3587124,0.021885028102335162
mHSC-E,mHSC-GM,coverage_matched,scconcept_encoded,lr,5,0.4884766,0.012640582765046867,0.495018,0.00770593498545116,0.4359914,0.007904579978721203,0.479111,0.008736503694270384,0.475,0.033615472627943226,0.141791,0.010034426819704251,0.4664404,0.007773367265220397
mHSC-E,mHSC-GM,coverage_matched,scconcept_encoded,mlp,5,0.528613,0.008449002307965112,0.5412904000000001,0.007544610860740294,0.47461939999999997,0.013567851688458268,0.511559,0.004804903162395688,0.5619999999999999,0.016911534525287736,0.1677612,0.005048128540360285,0.4230756,0.010701582211990898
mHSC-E,mHSC-GM,coverage_matched,v4_bias_rec_best,lr,5,0.6190446000000001,0.008958275695690522,0.6190584,0.00993943389937274,0.470519,0.021401165323411714,0.5763864,0.009341035972524683,0.671,0.018547236990991388,0.20029840000000002,0.0055364904262537986,0.3884422,0.009599867444918194
mHSC-E,mHSC-GM,coverage_matched,v4_bias_rec_best,mlp,5,0.6808276,0.01017381711256891,0.6771624,0.009366399342329995,0.4925942,0.014181528005119914,0.6084526,0.005897721037824703,0.752,0.017776388834631195,0.2244776,0.005306409580874814,0.344463,0.007367702599861088
mHSC-E,mHSC-GM,coverage_matched,v4_plain_best,lr,5,0.6462872,0.009956274712963701,0.6746452,0.007513086486923999,0.4956696,0.018597131365885436,0.602703,0.007986051314636061,0.791,0.01984943324127918,0.2361192,0.005925196887867952,0.3653688,0.007998536476131118
mHSC-E,mHSC-GM,coverage_matched,v4_plain_best,mlp,5,0.7031368,0.01251145327130304,0.7287026,0.013999313677462911,0.494591,0.02382763616475627,0.6266966,0.011150304203921968,0.844,0.01743559577416271,0.2519404,0.005204490929956555,0.3370256,0.007854625455106063
mHSC-E,mHSC-GM,coverage_matched,v4_type_pe_best,lr,5,0.5907704,0.0034422587119506227,0.5990538,0.00994779113974555,0.3911784,0.013699825890864447,0.543026,0.010214364336560538,0.632,0.030265491900843138,0.1886568,0.009034559920660217,0.4245414,0.004827620805324288
mHSC-E,mHSC-GM,coverage_matched,v4_type_pe_best,mlp,5,0.6876248,0.00920814016835105,0.6820248,0.008633000947526883,0.4166748,0.030912761470952413,0.5803372,0.009083798179175939,0.736,0.019339079605813735,0.2197018,0.005772932440276783,0.3569416,0.013938916738398286
mHSC-E,mHSC-GM,native,baseline,lr,5,0.6776586,0.008417143045000488,0.6822038,0.01258421672413504,0.5558982,0.01608198378807789,0.626186,0.009298219356414422,0.765,0.027018512172212617,0.2283582,0.0080651739324084,0.338961,0.0074985168666877045
mHSC-E,mHSC-GM,native,baseline,mlp,5,0.7211144,0.010931809961758375,0.7269146,0.0112352472620766,0.5214006,0.024532403825145224,0.6338524,0.012954718763446752,0.822,0.013999999999999985,0.2453734,0.0041789428615380654,0.3224048,0.013272391305262221
mHSC-E,mHSC-GM,native,cl_scratch_v5,lr,5,0.632879,0.01200833625445256,0.6468114,0.00755806942545516,0.4671894,0.016077113305565768,0.5832582000000001,0.007381706507305772,0.729,0.01743559577416271,0.2176118,0.005204915346093541,0.383254,0.005379935129720442
mHSC-E,mHSC-GM,native,cl_scratch_v5,mlp,5,0.6834948,0.013195528172831865,0.6954122,0.009162922752048037,0.4245276,0.027693610884823232,0.5900082,0.011721203852847206,0.786,0.02634387974463898,0.234627,0.007863799946590701,0.3551254,0.013157199057550209
mHSC-E,mHSC-GM,native,cl_v6_fair,lr,5,0.6157536,0.005449634908872331,0.6319346,0.007721706200057066,0.46041,0.010132987338391384,0.576302,0.005824329901370633,0.727,0.016309506430300102,0.21701499999999999,0.004868571618041583,0.3867958,0.006155157102787875
mHSC-E,mHSC-GM,native,cl_v6_fair,mlp,5,0.6707538,0.00707809854127504,0.6844118,0.004895891559256596,0.4453512,0.018881005263491665,0.5934868,0.005884259253296044,0.773,0.011224972160321834,0.23074619999999998,0.003350778918400918,0.360806,0.008339949903926284
mHSC-E,mHSC-GM,native,minus,lr,5,0.6498636,0.0038700221498074215,0.6607046,0.005069775127162951,0.5203017999999999,0.011047827540290435,0.602804,0.00685118164990539,0.75,0.019493588689617945,0.2238804,0.0058189388242187315,0.3627108,0.006285869976383531
mHSC-E,mHSC-GM,native,minus,mlp,5,0.6911654,0.011724586416586287,0.6869922,0.011857367050066361,0.4742932,0.027177241290462128,0.6006194,0.01004150997808596,0.757,0.02501999200639363,0.22597,0.007468667458121296,0.3471174,0.012066854695404264
mHSC-E,mHSC-GM,native,scGPT_human,lr,5,0.6896132,0.01771684698133392,0.6842816,0.015311753245138192,0.5177564,0.0262101354563459,0.6048272,0.013273492462799694,0.767,0.011661903789690611,0.228955,0.0034810782812226405,0.3413626,0.011898235593565959
mHSC-E,mHSC-GM,native,scGPT_human,mlp,5,0.6975664,0.010087561600307573,0.6878624,0.010454981388792617,0.4158096,0.021252849838080536,0.5835772,0.00722727197218978,0.734,0.02177154105707726,0.2191046,0.006499154086494648,0.351916,0.01678159339276219
mHSC-E,mHSC-GM,native,scconcept,lr,5,0.5933136,0.009607211408103817,0.588962,0.011378590299329682,0.5205304000000001,0.018437377997969247,0.5595876,0.010859854761459741,0.613,0.011661903789690611,0.182985,0.00348107828122265,0.3800188,0.010290932035534966
mHSC-E,mHSC-GM,native,scconcept,mlp,5,0.5884956,0.009447737900682887,0.5949512,0.008858647354985982,0.4807062,0.03769123742410162,0.5540772,0.0093441463045053,0.637,0.03695943722515266,0.1901492,0.011032516474494838,0.3587124,0.021885028102335162
mHSC-E,mHSC-GM,native,scconcept_encoded,lr,5,0.4884766,0.012640582765046867,0.495018,0.00770593498545116,0.4359914,0.007904579978721203,0.479111,0.008736503694270384,0.475,0.033615472627943226,0.141791,0.010034426819704251,0.4664404,0.007773367265220397
mHSC-E,mHSC-GM,native,scconcept_encoded,mlp,5,0.528613,0.008449002307965112,0.5412904000000001,0.007544610860740294,0.47461939999999997,0.013567851688458268,0.511559,0.004804903162395688,0.5619999999999999,0.016911534525287736,0.1677612,0.005048128540360285,0.4230756,0.010701582211990898
mHSC-E,mHSC-GM,native,v4_bias_rec_best,lr,5,0.6190446000000001,0.008958275695690522,0.6190584,0.00993943389937274,0.470519,0.021401165323411714,0.5763864,0.009341035972524683,0.671,0.018547236990991388,0.20029840000000002,0.0055364904262537986,0.3884422,0.009599867444918194
mHSC-E,mHSC-GM,native,v4_bias_rec_best,mlp,5,0.6808276,0.01017381711256891,0.6771624,0.009366399342329995,0.4925942,0.014181528005119914,0.6084526,0.005897721037824703,0.752,0.017776388834631195,0.2244776,0.005306409580874814,0.344463,0.007367702599861088
mHSC-E,mHSC-GM,native,v4_plain_best,lr,5,0.6462872,0.009956274712963701,0.6746452,0.007513086486923999,0.4956696,0.018597131365885436,0.602703,0.007986051314636061,0.791,0.01984943324127918,0.2361192,0.005925196887867952,0.3653688,0.007998536476131118
mHSC-E,mHSC-GM,native,v4_plain_best,mlp,5,0.7031368,0.01251145327130304,0.7287026,0.013999313677462911,0.494591,0.02382763616475627,0.6266966,0.011150304203921968,0.844,0.01743559577416271,0.2519404,0.005204490929956555,0.3370256,0.007854625455106063
mHSC-E,mHSC-GM,native,v4_type_pe_best,lr,5,0.5907704,0.0034422587119506227,0.5990538,0.00994779113974555,0.3911784,0.013699825890864447,0.543026,0.010214364336560538,0.632,0.030265491900843138,0.1886568,0.009034559920660217,0.4245414,0.004827620805324288
mHSC-E,mHSC-GM,native,v4_type_pe_best,mlp,5,0.6876248,0.00920814016835105,0.6820248,0.008633000947526883,0.4166748,0.030912761470952413,0.5803372,0.009083798179175939,0.736,0.019339079605813735,0.2197018,0.005772932440276783,0.3569416,0.013938916738398286
mHSC-E,mHSC-GM,strict,baseline,lr,5,0.6776586,0.008417143045000488,0.6822038,0.01258421672413504,0.5558982,0.01608198378807789,0.626186,0.009298219356414422,0.765,0.027018512172212617,0.2283582,0.0080651739324084,0.338961,0.0074985168666877045
mHSC-E,mHSC-GM,strict,baseline,mlp,5,0.7211144,0.010931809961758375,0.7269146,0.0112352472620766,0.5214006,0.024532403825145224,0.6338524,0.012954718763446752,0.822,0.013999999999999985,0.2453734,0.0041789428615380654,0.3224048,0.013272391305262221
mHSC-E,mHSC-GM,strict,cl_scratch_v5,lr,5,0.632879,0.01200833625445256,0.6468114,0.00755806942545516,0.4671894,0.016077113305565768,0.5832582000000001,0.007381706507305772,0.729,0.01743559577416271,0.2176118,0.005204915346093541,0.383254,0.005379935129720442
mHSC-E,mHSC-GM,strict,cl_scratch_v5,mlp,5,0.6834948,0.013195528172831865,0.6954122,0.009162922752048037,0.4245276,0.027693610884823232,0.5900082,0.011721203852847206,0.786,0.02634387974463898,0.234627,0.007863799946590701,0.3551254,0.013157199057550209
mHSC-E,mHSC-GM,strict,cl_v6_fair,lr,5,0.6157536,0.005449634908872331,0.6319346,0.007721706200057066,0.46041,0.010132987338391384,0.576302,0.005824329901370633,0.727,0.016309506430300102,0.21701499999999999,0.004868571618041583,0.3867958,0.006155157102787875
mHSC-E,mHSC-GM,strict,cl_v6_fair,mlp,5,0.6707538,0.00707809854127504,0.6844118,0.004895891559256596,0.4453512,0.018881005263491665,0.5934868,0.005884259253296044,0.773,0.011224972160321834,0.23074619999999998,0.003350778918400918,0.360806,0.008339949903926284
mHSC-E,mHSC-GM,strict,minus,lr,5,0.6498636,0.0038700221498074215,0.6607046,0.005069775127162951,0.5203017999999999,0.011047827540290435,0.602804,0.00685118164990539,0.75,0.019493588689617945,0.2238804,0.0058189388242187315,0.3627108,0.006285869976383531
mHSC-E,mHSC-GM,strict,minus,mlp,5,0.6911654,0.011724586416586287,0.6869922,0.011857367050066361,0.4742932,0.027177241290462128,0.6006194,0.01004150997808596,0.757,0.02501999200639363,0.22597,0.007468667458121296,0.3471174,0.012066854695404264
mHSC-E,mHSC-GM,strict,scGPT_human,lr,5,0.6896132,0.01771684698133392,0.6842816,0.015311753245138192,0.5177564,0.0262101354563459,0.6048272,0.013273492462799694,0.767,0.011661903789690611,0.228955,0.0034810782812226405,0.3413626,0.011898235593565959
mHSC-E,mHSC-GM,strict,scGPT_human,mlp,5,0.6975664,0.010087561600307573,0.6878624,0.010454981388792617,0.4158096,0.021252849838080536,0.5835772,0.00722727197218978,0.734,0.02177154105707726,0.2191046,0.006499154086494648,0.351916,0.01678159339276219
mHSC-E,mHSC-GM,strict,scconcept,lr,5,0.5933136,0.009607211408103817,0.588962,0.011378590299329682,0.5205304000000001,0.018437377997969247,0.5595876,0.010859854761459741,0.613,0.011661903789690611,0.182985,0.00348107828122265,0.3800188,0.010290932035534966
mHSC-E,mHSC-GM,strict,scconcept,mlp,5,0.5884956,0.009447737900682887,0.5949512,0.008858647354985982,0.4807062,0.03769123742410162,0.5540772,0.0093441463045053,0.637,0.03695943722515266,0.1901492,0.011032516474494838,0.3587124,0.021885028102335162
mHSC-E,mHSC-GM,strict,scconcept_encoded,lr,5,0.4884766,0.012640582765046867,0.495018,0.00770593498545116,0.4359914,0.007904579978721203,0.479111,0.008736503694270384,0.475,0.033615472627943226,0.141791,0.010034426819704251,0.4664404,0.007773367265220397
mHSC-E,mHSC-GM,strict,scconcept_encoded,mlp,5,0.528613,0.008449002307965112,0.5412904000000001,0.007544610860740294,0.47461939999999997,0.013567851688458268,0.511559,0.004804903162395688,0.5619999999999999,0.016911534525287736,0.1677612,0.005048128540360285,0.4230756,0.010701582211990898
mHSC-E,mHSC-GM,strict,v4_bias_rec_best,lr,5,0.6190446000000001,0.008958275695690522,0.6190584,0.00993943389937274,0.470519,0.021401165323411714,0.5763864,0.009341035972524683,0.671,0.018547236990991388,0.20029840000000002,0.0055364904262537986,0.3884422,0.009599867444918194
mHSC-E,mHSC-GM,strict,v4_bias_rec_best,mlp,5,0.6808276,0.01017381711256891,0.6771624,0.009366399342329995,0.4925942,0.014181528005119914,0.6084526,0.005897721037824703,0.752,0.017776388834631195,0.2244776,0.005306409580874814,0.344463,0.007367702599861088
mHSC-E,mHSC-GM,strict,v4_plain_best,lr,5,0.6462872,0.009956274712963701,0.6746452,0.007513086486923999,0.4956696,0.018597131365885436,0.602703,0.007986051314636061,0.791,0.01984943324127918,0.2361192,0.005925196887867952,0.3653688,0.007998536476131118
mHSC-E,mHSC-GM,strict,v4_plain_best,mlp,5,0.7031368,0.01251145327130304,0.7287026,0.013999313677462911,0.494591,0.02382763616475627,0.6266966,0.011150304203921968,0.844,0.01743559577416271,0.2519404,0.005204490929956555,0.3370256,0.007854625455106063
mHSC-E,mHSC-GM,strict,v4_type_pe_best,lr,5,0.5907704,0.0034422587119506227,0.5990538,0.00994779113974555,0.3911784,0.013699825890864447,0.543026,0.010214364336560538,0.632,0.030265491900843138,0.1886568,0.009034559920660217,0.4245414,0.004827620805324288
mHSC-E,mHSC-GM,strict,v4_type_pe_best,mlp,5,0.6876248,0.00920814016835105,0.6820248,0.008633000947526883,0.4166748,0.030912761470952413,0.5803372,0.009083798179175939,0.736,0.019339079605813735,0.2197018,0.005772932440276783,0.3569416,0.013938916738398286
mHSC-E,mHSC-GM,topology_matched,baseline,lr,5,0.6770674,0.008780574186236336,0.6803388,0.013020250556728926,0.5462562,0.016860391672793344,0.6239156,0.009112502172290558,0.775,0.023874672772626667,0.24409440000000002,0.007519558566830906,0.34000379999999997,0.007727687452271864
mHSC-E,mHSC-GM,topology_matched,baseline,mlp,5,0.7206802,0.011548160466498546,0.7264416,0.012297295842582646,0.5068054,0.02648887138856618,0.6300026,0.013872165434423017,0.812,0.01326649916142156,0.25574800000000003,0.004178419605544657,0.3243528,0.013852136072100936
mHSC-E,mHSC-GM,topology_matched,cl_scratch_v5,lr,5,0.6358666,0.012173962667923718,0.650448,0.00753228918722587,0.4761328,0.016763233213196078,0.5870372,0.008023102851141788,0.732,0.017204650534085267,0.2269766,0.005334766896500725,0.3784406,0.005197068696871357
mHSC-E,mHSC-GM,topology_matched,cl_scratch_v5,mlp,5,0.6836636,0.012548880883967333,0.696096,0.008942111271953624,0.4314082,0.02771641910781407,0.5921646,0.011905710707051492,0.78,0.025884358211089593,0.2418606,0.008026198617029119,0.352581,0.012521901309306041
mHSC-E,mHSC-GM,topology_matched,cl_v6_fair,lr,5,0.6163138,0.005433574786455042,0.6309122,0.007893489175263372,0.4593176,0.01065571584831352,0.5780714,0.00641405892083941,0.733,0.019646882704388517,0.2279938,0.006110923642134626,0.3832068,0.006043592090801642
mHSC-E,mHSC-GM,topology_matched,cl_v6_fair,mlp,5,0.6727476,0.0065819520387191965,0.6824146,0.005388457909272368,0.4440366,0.018545957495907303,0.5948753999999999,0.005792890559988152,0.767,0.012083045973594584,0.23856919999999998,0.003758539045959217,0.357221,0.008551881804608865
mHSC-E,mHSC-GM,topology_matched,minus,lr,5,0.6429608,0.0054094501162317895,0.6359118,0.0076536312532026465,0.5075732000000001,0.015943479625226093,0.5993304,0.009156500130508392,0.717,0.024819347291981736,0.2366338,0.008191125964115066,0.35918859999999997,0.007652799555718156
mHSC-E,mHSC-GM,topology_matched,minus,mlp,5,0.6856808,0.01077515905033426,0.6636108,0.010132820108933144,0.4656902,0.025579017724689897,0.5979504,0.009325064345086316,0.725,0.01923538406167136,0.2392738,0.00634835258630143,0.34077,0.009909124219627067
mHSC-E,mHSC-GM,topology_matched,scGPT_human,lr,5,0.6925782,0.018167696005823054,0.6880457999999999,0.015172746243182236,0.5239962,0.025895943770405442,0.6068148,0.013209217181952915,0.771,0.01200000000000001,0.23577979999999998,0.0036695999999999964,0.3386778,0.011826923714981853
mHSC-E,mHSC-GM,topology_matched,scGPT_human,mlp,5,0.6995114,0.009717447619616995,0.6898254,0.009973792109323337,0.421302,0.020972549210813644,0.5850564,0.007494139219416727,0.736,0.019849433241279225,0.2250764,0.006070329500117776,0.35058079999999997,0.01627221397843576
mHSC-E,mHSC-GM,topology_matched,scconcept,lr,5,0.5968484000000001,0.009660915828222512,0.602715,0.012106690200050554,0.5263474,0.018644638549459747,0.5623572,0.011766153158955564,0.632,0.015684387141358135,0.19122540000000002,0.004745751261918394,0.3787628,0.010938056672005314
mHSC-E,mHSC-GM,topology_matched,scconcept,mlp,5,0.5909601999999999,0.009487256956570746,0.6069846,0.009028811585142288,0.48573,0.03801006557742303,0.5558598,0.009127654975950864,0.643,0.033852621759621546,0.1945538,0.010242769457524661,0.3599348,0.022321175644665313
mHSC-E,mHSC-GM,topology_matched,scconcept_encoded,lr,5,0.4888498,0.012259449831048713,0.5022698,0.007439122996697924,0.4365996,0.008505416946863926,0.479211,0.009383076318564177,0.484,0.02764054992217051,0.1466666,0.008376085161935741,0.4686896,0.007338801226358431
mHSC-E,mHSC-GM,topology_matched,scconcept_encoded,mlp,5,0.5318018,0.0081919967626947,0.549294,0.007379161605494222,0.4796544,0.013208778544589204,0.514355,0.004281736890562056,0.567,0.018055470085267766,0.171818,0.005471416672124328,0.422691,0.010886500998943609
mHSC-E,mHSC-GM,topology_matched,v4_bias_rec_best,lr,5,0.6182076,0.00907594545157693,0.6134838,0.01012124216487285,0.467625,0.02135734445103136,0.5768134,0.00943430541375465,0.679,0.01907878402833888,0.2131868,0.00599041322113926,0.383855,0.009103456090957989
mHSC-E,mHSC-GM,topology_matched,v4_bias_rec_best,mlp,5,0.6788957999999999,0.010424315831746488,0.671056,0.009702746642059671,0.49019039999999997,0.014314439627173672,0.6088996,0.006487611196734901,0.757,0.015362291495737231,0.2376766,0.004823290851690372,0.3403668,0.007493652044230512
mHSC-E,mHSC-GM,topology_matched,v4_plain_best,lr,5,0.6409824,0.009931119707263623,0.674426,0.008091385023591443,0.494013,0.019097008079801404,0.6012578,0.008146871826658384,0.793,0.01720465053408523,0.2410334,0.005229446532856028,0.3672006,0.008024640218726323
mHSC-E,mHSC-GM,topology_matched,v4_plain_best,mlp,5,0.6993602,0.012826744675091959,0.7284368,0.014159872787564181,0.4929152,0.024347882367056078,0.6257876,0.011326570559529466,0.842,0.017776388834631153,0.25592719999999997,0.0054030433794297755,0.3389162,0.007774320919540175
mHSC-E,mHSC-GM,topology_matched,v4_type_pe_best,lr,5,0.592693,0.004780855864800782,0.5979088,0.010263181405392785,0.3953576,0.013503821245854825,0.546318,0.010606109050919684,0.631,0.024372115213907905,0.2003174,0.00773735059564965,0.4199406,0.005201205268012404
mHSC-E,mHSC-GM,topology_matched,v4_type_pe_best,mlp,5,0.6916858,0.007689038519867102,0.6817598,0.007547406744041275,0.4226022,0.030386943409299993,0.5830368,0.008290345744297975,0.726,0.024372115213907905,0.2304762,0.007737153647175429,0.3526802,0.014756502626300037
mHSC-E,mHSC-L,coverage_matched,baseline,lr,5,0.6298518,0.009270060483082097,0.635266,0.014016527572833462,0.5036586,0.01472044486556028,0.5872384,0.01031003248491489,0.704,0.023323807579381222,0.2114112,0.007004139416088177,0.3769664,0.009168715124814373
mHSC-E,mHSC-L,coverage_matched,baseline,mlp,5,0.6284420000000001,0.0052692271539572155,0.635948,0.007010306812116022,0.4318822,0.015431011702412777,0.5780242,0.004175035060930619,0.713,0.017204650534085267,0.214114,0.005166684430076988,0.3731812,0.008622889988861059
mHSC-E,mHSC-L,coverage_matched,cl_scratch_v5,lr,5,0.5692912,0.013577907016915367,0.5632024,0.00955742889275142,0.4389572,0.02129427707530829,0.5455546,0.014567624385602466,0.573,0.023790754506740633,0.1720722,0.007144220668484417,0.4157328,0.013706915340805172
mHSC-E,mHSC-L,coverage_matched,cl_scratch_v5,mlp,5,0.5854544,0.012590642360102237,0.5785547999999999,0.014793710168852158,0.367713,0.021854959574430708,0.5433704,0.010164248021373754,0.621,0.04810405388322279,0.1864866,0.014445713905515363,0.3971528,0.011596202816439513
mHSC-E,mHSC-L,coverage_matched,cl_v6_fair,lr,5,0.5906004,0.010669148449618655,0.5896016,0.009165478200290464,0.4746212,0.013139105957408224,0.554649,0.008684303886898502,0.616,0.012806248474865708,0.1849852,0.0038458413591826645,0.401751,0.008472568748614554
mHSC-E,mHSC-L,coverage_matched,cl_v6_fair,mlp,5,0.6010818,0.007844647867176697,0.596185,0.00923258518509308,0.4117908,0.02391148030883911,0.5567006,0.009292748390008213,0.635,0.022135943621178676,0.1906908,0.006647333522548718,0.3876708,0.010149638740369038
mHSC-E,mHSC-L,coverage_matched,minus,lr,5,0.653734,0.012855016903917299,0.6566948,0.011225456951055502,0.5042378,0.015418687329341645,0.6035942,0.009542884058815738,0.716,0.021540659228538036,0.2150148,0.0064686599663299656,0.3614868,0.009447284613051516
mHSC-E,mHSC-L,coverage_matched,minus,mlp,5,0.645707,0.006489021960203219,0.653338,0.006053907201138768,0.427691,0.024048855565286263,0.5768522,0.0037032862919304656,0.716,0.019849433241279225,0.215015,0.005960724351955894,0.3651786,0.010500722881782958
mHSC-E,mHSC-L,coverage_matched,scGPT_human,lr,5,0.6191212,0.011869398559320544,0.6161624,0.014983729690567686,0.4577402,0.016038211900333523,0.5708432,0.008938171857824195,0.669,0.015297058540778367,0.200901,0.004593889724405669,0.3782442,0.007222248165218348
mHSC-E,mHSC-L,coverage_matched,scGPT_human,mlp,5,0.6154116000000001,0.010460203565896806,0.6140114,0.011935529089236044,0.3560668,0.02238867030799284,0.5560756,0.009448265673656704,0.67,0.010488088481701525,0.2012012,0.0031494776328781816,0.3841136,0.011113437876732843
mHSC-E,mHSC-L,coverage_matched,scconcept,lr,5,0.5143594,0.005672245502444336,0.520925,0.002906139982863862,0.44618420000000003,0.012672310277135732,0.5036993999999999,0.006078143815343619,0.533,0.013266499161421611,0.16006,0.0039839447787337594,0.4340912,0.00800947155310511
mHSC-E,mHSC-L,coverage_matched,scconcept,mlp,5,0.5164018,0.01001994729327457,0.5290312,0.0036998279635680367,0.4168578,0.01851021240720915,0.5102408,0.008544256044852571,0.552,0.015033296378372887,0.1657658,0.0045146053382327895,0.3996012,0.018830268966746073
mHSC-E,mHSC-L,coverage_matched,scconcept_encoded,lr,5,0.4961674,0.009391028859502045,0.5048516000000001,0.006428225714767644,0.4178116,0.012293302690489666,0.4914184,0.007493614310864942,0.501,0.012409673645990868,0.1504506,0.0037267217014421614,0.460286,0.00874930481809841
mHSC-E,mHSC-L,coverage_matched,scconcept_encoded,mlp,5,0.4756618,0.008340740816018688,0.4859732,0.011493975507195069,0.4028466,0.006494705462143756,0.48236260000000003,0.004569631171112171,0.46,0.021679483388678797,0.1381382,0.006510302739504517,0.450365,0.0023965612865103265
mHSC-E,mHSC-L,coverage_matched,v4_bias_rec_best,lr,5,0.545858,0.008367753175136071,0.5551126,0.008559268136937859,0.4201004,0.020378467789311343,0.5329344,0.009132108181575631,0.553,0.01363818169698583,0.1660662,0.004095663286941443,0.43525400000000003,0.009204856522510284
mHSC-E,mHSC-L,coverage_matched,v4_bias_rec_best,mlp,5,0.5832162,0.011784685170168936,0.5873762,0.008136966348707612,0.4151268,0.01733171761136212,0.5493484000000001,0.004904817329931869,0.612,0.022271057451320107,0.183784,0.006688007535880924,0.4012296,0.004747525148959196
mHSC-E,mHSC-L,coverage_matched,v4_plain_best,lr,5,0.5974786,0.00482185522802168,0.6033448,0.005148412392184597,0.4482396,0.012420542107331707,0.5593864,0.004541251351775186,0.652,0.016911534525287777,0.1957958,0.005078569302470926,0.397419,0.0035989257841750606
mHSC-E,mHSC-L,coverage_matched,v4_plain_best,mlp,5,0.6177578,0.006656774275878678,0.6324482,0.007070376832955931,0.408119,0.023017584443203423,0.5669074,0.009726110026110119,0.684,0.003741657386773909,0.2054054,0.0011236731909234129,0.3832782,0.005891345564469955
mHSC-E,mHSC-L,coverage_matched,v4_type_pe_best,lr,5,0.5481422,0.011348184901560261,0.5592036,0.012173470558554757,0.3876378,0.013466546482301979,0.52445,0.00971815517472324,0.554,0.020832666655999626,0.1663664,0.006256107403170121,0.4383208,0.006906875281920184
mHSC-E,mHSC-L,coverage_matched,v4_type_pe_best,mlp,5,0.6043594,0.007257344820249337,0.6007358,0.006297283998677531,0.361539,0.02401847019274957,0.5390844,0.0066530810185957915,0.603,0.012884098726725137,0.1810812,0.003869141424140501,0.398588,0.013477457312119362
mHSC-E,mHSC-L,native,baseline,lr,5,0.6298518,0.009270060483082097,0.635266,0.014016527572833462,0.5036586,0.01472044486556028,0.5872384,0.01031003248491489,0.704,0.023323807579381222,0.2114112,0.007004139416088177,0.3769664,0.009168715124814373
mHSC-E,mHSC-L,native,baseline,mlp,5,0.6284420000000001,0.0052692271539572155,0.635948,0.007010306812116022,0.4318822,0.015431011702412777,0.5780242,0.004175035060930619,0.713,0.017204650534085267,0.214114,0.005166684430076988,0.3731812,0.008622889988861059
mHSC-E,mHSC-L,native,cl_scratch_v5,lr,5,0.5692912,0.013577907016915367,0.5632024,0.00955742889275142,0.4389572,0.02129427707530829,0.5455546,0.014567624385602466,0.573,0.023790754506740633,0.1720722,0.007144220668484417,0.4157328,0.013706915340805172
mHSC-E,mHSC-L,native,cl_scratch_v5,mlp,5,0.5854544,0.012590642360102237,0.5785547999999999,0.014793710168852158,0.367713,0.021854959574430708,0.5433704,0.010164248021373754,0.621,0.04810405388322279,0.1864866,0.014445713905515363,0.3971528,0.011596202816439513
mHSC-E,mHSC-L,native,cl_v6_fair,lr,5,0.5906004,0.010669148449618655,0.5896016,0.009165478200290464,0.4746212,0.013139105957408224,0.554649,0.008684303886898502,0.616,0.012806248474865708,0.1849852,0.0038458413591826645,0.401751,0.008472568748614554
mHSC-E,mHSC-L,native,cl_v6_fair,mlp,5,0.6010818,0.007844647867176697,0.596185,0.00923258518509308,0.4117908,0.02391148030883911,0.5567006,0.009292748390008213,0.635,0.022135943621178676,0.1906908,0.006647333522548718,0.3876708,0.010149638740369038
mHSC-E,mHSC-L,native,minus,lr,5,0.653734,0.012855016903917299,0.6566948,0.011225456951055502,0.5042378,0.015418687329341645,0.6035942,0.009542884058815738,0.716,0.021540659228538036,0.2150148,0.0064686599663299656,0.3614868,0.009447284613051516
mHSC-E,mHSC-L,native,minus,mlp,5,0.645707,0.006489021960203219,0.653338,0.006053907201138768,0.427691,0.024048855565286263,0.5768522,0.0037032862919304656,0.716,0.019849433241279225,0.215015,0.005960724351955894,0.3651786,0.010500722881782958
mHSC-E,mHSC-L,native,scGPT_human,lr,5,0.6191212,0.011869398559320544,0.6161624,0.014983729690567686,0.4577402,0.016038211900333523,0.5708432,0.008938171857824195,0.669,0.015297058540778367,0.200901,0.004593889724405669,0.3782442,0.007222248165218348
mHSC-E,mHSC-L,native,scGPT_human,mlp,5,0.6154116000000001,0.010460203565896806,0.6140114,0.011935529089236044,0.3560668,0.02238867030799284,0.5560756,0.009448265673656704,0.67,0.010488088481701525,0.2012012,0.0031494776328781816,0.3841136,0.011113437876732843
mHSC-E,mHSC-L,native,scconcept,lr,5,0.5143594,0.005672245502444336,0.520925,0.002906139982863862,0.44618420000000003,0.012672310277135732,0.5036993999999999,0.006078143815343619,0.533,0.013266499161421611,0.16006,0.0039839447787337594,0.4340912,0.00800947155310511
mHSC-E,mHSC-L,native,scconcept,mlp,5,0.5164018,0.01001994729327457,0.5290312,0.0036998279635680367,0.4168578,0.01851021240720915,0.5102408,0.008544256044852571,0.552,0.015033296378372887,0.1657658,0.0045146053382327895,0.3996012,0.018830268966746073
mHSC-E,mHSC-L,native,scconcept_encoded,lr,5,0.4961674,0.009391028859502045,0.5048516000000001,0.006428225714767644,0.4178116,0.012293302690489666,0.4914184,0.007493614310864942,0.501,0.012409673645990868,0.1504506,0.0037267217014421614,0.460286,0.00874930481809841
mHSC-E,mHSC-L,native,scconcept_encoded,mlp,5,0.4756618,0.008340740816018688,0.4859732,0.011493975507195069,0.4028466,0.006494705462143756,0.48236260000000003,0.004569631171112171,0.46,0.021679483388678797,0.1381382,0.006510302739504517,0.450365,0.0023965612865103265
mHSC-E,mHSC-L,native,v4_bias_rec_best,lr,5,0.545858,0.008367753175136071,0.5551126,0.008559268136937859,0.4201004,0.020378467789311343,0.5329344,0.009132108181575631,0.553,0.01363818169698583,0.1660662,0.004095663286941443,0.43525400000000003,0.009204856522510284
mHSC-E,mHSC-L,native,v4_bias_rec_best,mlp,5,0.5832162,0.011784685170168936,0.5873762,0.008136966348707612,0.4151268,0.01733171761136212,0.5493484000000001,0.004904817329931869,0.612,0.022271057451320107,0.183784,0.006688007535880924,0.4012296,0.004747525148959196
mHSC-E,mHSC-L,native,v4_plain_best,lr,5,0.5974786,0.00482185522802168,0.6033448,0.005148412392184597,0.4482396,0.012420542107331707,0.5593864,0.004541251351775186,0.652,0.016911534525287777,0.1957958,0.005078569302470926,0.397419,0.0035989257841750606
mHSC-E,mHSC-L,native,v4_plain_best,mlp,5,0.6177578,0.006656774275878678,0.6324482,0.007070376832955931,0.408119,0.023017584443203423,0.5669074,0.009726110026110119,0.684,0.003741657386773909,0.2054054,0.0011236731909234129,0.3832782,0.005891345564469955
mHSC-E,mHSC-L,native,v4_type_pe_best,lr,5,0.5481422,0.011348184901560261,0.5592036,0.012173470558554757,0.3876378,0.013466546482301979,0.52445,0.00971815517472324,0.554,0.020832666655999626,0.1663664,0.006256107403170121,0.4383208,0.006906875281920184
mHSC-E,mHSC-L,native,v4_type_pe_best,mlp,5,0.6043594,0.007257344820249337,0.6007358,0.006297283998677531,0.361539,0.02401847019274957,0.5390844,0.0066530810185957915,0.603,0.012884098726725137,0.1810812,0.003869141424140501,0.398588,0.013477457312119362
mHSC-E,mHSC-L,strict,baseline,lr,5,0.6298518,0.009270060483082097,0.635266,0.014016527572833462,0.5036586,0.01472044486556028,0.5872384,0.01031003248491489,0.704,0.023323807579381222,0.2114112,0.007004139416088177,0.3769664,0.009168715124814373
mHSC-E,mHSC-L,strict,baseline,mlp,5,0.6284420000000001,0.0052692271539572155,0.635948,0.007010306812116022,0.4318822,0.015431011702412777,0.5780242,0.004175035060930619,0.713,0.017204650534085267,0.214114,0.005166684430076988,0.3731812,0.008622889988861059
mHSC-E,mHSC-L,strict,cl_scratch_v5,lr,5,0.5692912,0.013577907016915367,0.5632024,0.00955742889275142,0.4389572,0.02129427707530829,0.5455546,0.014567624385602466,0.573,0.023790754506740633,0.1720722,0.007144220668484417,0.4157328,0.013706915340805172
mHSC-E,mHSC-L,strict,cl_scratch_v5,mlp,5,0.5854544,0.012590642360102237,0.5785547999999999,0.014793710168852158,0.367713,0.021854959574430708,0.5433704,0.010164248021373754,0.621,0.04810405388322279,0.1864866,0.014445713905515363,0.3971528,0.011596202816439513
mHSC-E,mHSC-L,strict,cl_v6_fair,lr,5,0.5906004,0.010669148449618655,0.5896016,0.009165478200290464,0.4746212,0.013139105957408224,0.554649,0.008684303886898502,0.616,0.012806248474865708,0.1849852,0.0038458413591826645,0.401751,0.008472568748614554
mHSC-E,mHSC-L,strict,cl_v6_fair,mlp,5,0.6010818,0.007844647867176697,0.596185,0.00923258518509308,0.4117908,0.02391148030883911,0.5567006,0.009292748390008213,0.635,0.022135943621178676,0.1906908,0.006647333522548718,0.3876708,0.010149638740369038
mHSC-E,mHSC-L,strict,minus,lr,5,0.653734,0.012855016903917299,0.6566948,0.011225456951055502,0.5042378,0.015418687329341645,0.6035942,0.009542884058815738,0.716,0.021540659228538036,0.2150148,0.0064686599663299656,0.3614868,0.009447284613051516
mHSC-E,mHSC-L,strict,minus,mlp,5,0.645707,0.006489021960203219,0.653338,0.006053907201138768,0.427691,0.024048855565286263,0.5768522,0.0037032862919304656,0.716,0.019849433241279225,0.215015,0.005960724351955894,0.3651786,0.010500722881782958
mHSC-E,mHSC-L,strict,scGPT_human,lr,5,0.6191212,0.011869398559320544,0.6161624,0.014983729690567686,0.4577402,0.016038211900333523,0.5708432,0.008938171857824195,0.669,0.015297058540778367,0.200901,0.004593889724405669,0.3782442,0.007222248165218348
mHSC-E,mHSC-L,strict,scGPT_human,mlp,5,0.6154116000000001,0.010460203565896806,0.6140114,0.011935529089236044,0.3560668,0.02238867030799284,0.5560756,0.009448265673656704,0.67,0.010488088481701525,0.2012012,0.0031494776328781816,0.3841136,0.011113437876732843
mHSC-E,mHSC-L,strict,scconcept,lr,5,0.5143594,0.005672245502444336,0.520925,0.002906139982863862,0.44618420000000003,0.012672310277135732,0.5036993999999999,0.006078143815343619,0.533,0.013266499161421611,0.16006,0.0039839447787337594,0.4340912,0.00800947155310511
mHSC-E,mHSC-L,strict,scconcept,mlp,5,0.5164018,0.01001994729327457,0.5290312,0.0036998279635680367,0.4168578,0.01851021240720915,0.5102408,0.008544256044852571,0.552,0.015033296378372887,0.1657658,0.0045146053382327895,0.3996012,0.018830268966746073
mHSC-E,mHSC-L,strict,scconcept_encoded,lr,5,0.4961674,0.009391028859502045,0.5048516000000001,0.006428225714767644,0.4178116,0.012293302690489666,0.4914184,0.007493614310864942,0.501,0.012409673645990868,0.1504506,0.0037267217014421614,0.460286,0.00874930481809841
mHSC-E,mHSC-L,strict,scconcept_encoded,mlp,5,0.4756618,0.008340740816018688,0.4859732,0.011493975507195069,0.4028466,0.006494705462143756,0.48236260000000003,0.004569631171112171,0.46,0.021679483388678797,0.1381382,0.006510302739504517,0.450365,0.0023965612865103265
mHSC-E,mHSC-L,strict,v4_bias_rec_best,lr,5,0.545858,0.008367753175136071,0.5551126,0.008559268136937859,0.4201004,0.020378467789311343,0.5329344,0.009132108181575631,0.553,0.01363818169698583,0.1660662,0.004095663286941443,0.43525400000000003,0.009204856522510284
mHSC-E,mHSC-L,strict,v4_bias_rec_best,mlp,5,0.5832162,0.011784685170168936,0.5873762,0.008136966348707612,0.4151268,0.01733171761136212,0.5493484000000001,0.004904817329931869,0.612,0.022271057451320107,0.183784,0.006688007535880924,0.4012296,0.004747525148959196
mHSC-E,mHSC-L,strict,v4_plain_best,lr,5,0.5974786,0.00482185522802168,0.6033448,0.005148412392184597,0.4482396,0.012420542107331707,0.5593864,0.004541251351775186,0.652,0.016911534525287777,0.1957958,0.005078569302470926,0.397419,0.0035989257841750606
mHSC-E,mHSC-L,strict,v4_plain_best,mlp,5,0.6177578,0.006656774275878678,0.6324482,0.007070376832955931,0.408119,0.023017584443203423,0.5669074,0.009726110026110119,0.684,0.003741657386773909,0.2054054,0.0011236731909234129,0.3832782,0.005891345564469955
mHSC-E,mHSC-L,strict,v4_type_pe_best,lr,5,0.5481422,0.011348184901560261,0.5592036,0.012173470558554757,0.3876378,0.013466546482301979,0.52445,0.00971815517472324,0.554,0.020832666655999626,0.1663664,0.006256107403170121,0.4383208,0.006906875281920184
mHSC-E,mHSC-L,strict,v4_type_pe_best,mlp,5,0.6043594,0.007257344820249337,0.6007358,0.006297283998677531,0.361539,0.02401847019274957,0.5390844,0.0066530810185957915,0.603,0.012884098726725137,0.1810812,0.003869141424140501,0.398588,0.013477457312119362
mHSC-E,mHSC-L,topology_matched,baseline,lr,5,0.6288442,0.0094617797353352,0.6337958,0.014245983874762747,0.5033558,0.015290246059498185,0.586043,0.010493016973206506,0.701,0.022226110770892874,0.2160248,0.006849295479098567,0.3772724,0.009446878862354487
mHSC-E,mHSC-L,topology_matched,baseline,mlp,5,0.6269568,0.005806342442536447,0.634746,0.007582651594264346,0.4365774,0.015267418912180282,0.5791284,0.004180792250279853,0.71,0.0178885438199983,0.218798,0.005512690196265344,0.3708598,0.008871360062583416
mHSC-E,mHSC-L,topology_matched,cl_scratch_v5,lr,5,0.5797892,0.01335200306171323,0.5731925999999999,0.009532978875461734,0.44758000000000003,0.021232688901785382,0.5526058,0.014208701128533847,0.584,0.023958297101421902,0.1810854,0.007428925322009909,0.40931259999999997,0.013435112394021875
mHSC-E,mHSC-L,topology_matched,cl_scratch_v5,mlp,5,0.5931448,0.01285166298033062,0.5872174,0.014603151585873534,0.3762778,0.021212879091721624,0.549555,0.009593147533526185,0.636,0.039673668849754776,0.1972094,0.01230202837909261,0.3923316,0.011303976656026851
mHSC-E,mHSC-L,topology_matched,cl_v6_fair,lr,5,0.5896172,0.010218926115791218,0.5910442,0.008871456304350505,0.4734192,0.013646983130347892,0.553172,0.008913279710634004,0.619,0.01200000000000001,0.1901688,0.0036863999999999972,0.4037922,0.008975293229750204
mHSC-E,mHSC-L,topology_matched,cl_v6_fair,mlp,5,0.5987562000000001,0.008582455252432139,0.5974856000000001,0.009826391740613649,0.41090340000000003,0.024623756225239078,0.5548848,0.009741780605207652,0.635,0.02280350850198278,0.1950844,0.007005676344222587,0.390394,0.01054580077566421
mHSC-E,mHSC-L,topology_matched,minus,lr,5,0.6603292,0.012512132678324657,0.6521154,0.01110251630217223,0.5108954,0.016901228364826038,0.609047,0.01036842890702346,0.712,0.020639767440550284,0.23154439999999998,0.006712052371666953,0.3497974,0.009561605442602206
mHSC-E,mHSC-L,topology_matched,minus,mlp,5,0.6504928,0.0077183176249750185,0.6474262,0.005890553637817069,0.4302534,0.024784693482873654,0.5801854,0.004915542069802673,0.705,0.015165750888103085,0.229268,0.004931902188811133,0.3548332,0.009989212669675214
mHSC-E,mHSC-L,topology_matched,scGPT_human,lr,5,0.6166952,0.011953660433524133,0.6191254,0.015042437961979455,0.4549854,0.016281587730930903,0.567416,0.008812407911575598,0.663,0.019646882704388517,0.2024428,0.0059989974962488535,0.384751,0.007158943246038474
mHSC-E,mHSC-L,topology_matched,scGPT_human,mlp,5,0.6119365999999999,0.010009416778214415,0.6168744,0.01145788503346058,0.3541514,0.020886132744957844,0.5534,0.008767376072691303,0.667,0.011661903789690611,0.20366420000000002,0.00356113383067809,0.39100440000000003,0.011384961582719552
mHSC-E,mHSC-L,topology_matched,scconcept,lr,5,0.5130738,0.005852271094199217,0.5183534,0.0031429783709087285,0.4436046,0.013268644642162975,0.5015492,0.005934442093406931,0.529,0.01743559577416271,0.16479760000000002,0.005431796041826309,0.4355024,0.008639831377984174
mHSC-E,mHSC-L,topology_matched,scconcept,mlp,5,0.5128042,0.010552492642025374,0.5248442,0.004204719605395828,0.4120754,0.01883831819032687,0.5064778,0.008896732330468298,0.545,0.013038404810405276,0.1697818,0.004061846594838361,0.4015334,0.018894920953526125
mHSC-E,mHSC-L,topology_matched,scconcept_encoded,lr,5,0.4885578,0.009337383539300513,0.5082192,0.006161112445005366,0.4181782,0.012296028161971638,0.48676600000000003,0.00710878746341456,0.504,0.011575836902790236,0.151807,0.003486918525001692,0.466221,0.008734238947956477
mHSC-E,mHSC-L,topology_matched,scconcept_encoded,mlp,5,0.4737908,0.008782250495174912,0.492234,0.011653484337313016,0.40513140000000003,0.006821301828830036,0.4806788,0.0045223238893294755,0.462,0.02315167380558045,0.13915639999999999,0.006973284150240829,0.4541716,0.0017931421137210668
mHSC-E,mHSC-L,topology_matched,v4_bias_rec_best,lr,5,0.5388692,0.007623318579201559,0.5541024,0.007995024117537114,0.4167378,0.01850080212747544,0.5281066,0.008229475720846369,0.549,0.01019803902718558,0.1691834,0.0031427022512481194,0.44116900000000003,0.008281165690891597
mHSC-E,mHSC-L,topology_matched,v4_bias_rec_best,mlp,5,0.5728158,0.011573461494298044,0.5838172,0.008328427544260674,0.4108278,0.01707282329786142,0.5436826,0.004307891066403631,0.608,0.02400000000000002,0.1873652,0.00739601666845066,0.4077958,0.004267608482511014
mHSC-E,mHSC-L,topology_matched,v4_plain_best,lr,5,0.601707,0.0038985686091179634,0.5981992,0.005328968920907679,0.454044,0.012727294527903405,0.5627668,0.005394598164831183,0.651,0.018275666882497082,0.2096616,0.00588577154160778,0.389395,0.0041740161954645074
mHSC-E,mHSC-L,topology_matched,v4_plain_best,mlp,5,0.6192962,0.006129719060446426,0.6256322,0.006915549302839216,0.4086596,0.02284211941655152,0.5673594000000001,0.009722710786606787,0.677,0.00244948974278318,0.2180354,0.0007892255951247406,0.37601239999999997,0.005531425696870567
mHSC-E,mHSC-L,topology_matched,v4_type_pe_best,lr,5,0.5527984,0.011531094234286709,0.5669078,0.012123554254425559,0.3902314,0.01364870063559165,0.5285382,0.009705285145733761,0.567,0.02249444375840396,0.1739264,0.006899979466636118,0.4376196,0.006539352585692244
mHSC-E,mHSC-L,topology_matched,v4_type_pe_best,mlp,5,0.6073592,0.007392947055133034,0.6070678,0.005822200525574515,0.3622464,0.025256212769138607,0.5414306,0.0070635659153150095,0.61,0.014142135623730963,0.18711640000000002,0.004338029395935445,0.3998094,0.013595963498038679
mHSC-GM,hESC,coverage_matched,baseline,lr,5,0.6938698,0.057207466584004586,0.7999292,0.03618663478910412,0.525714,0.06226127831646249,0.6187738,0.0390544962041504,0.617021,0.0,1.0,0.0,0.38843320000000003,0.044288293579229275
mHSC-GM,hESC,coverage_matched,baseline,mlp,5,0.7896552,0.04255131273368663,0.8489272,0.028991914116870576,0.6006060000000001,0.05060030863146985,0.683142,0.022054945060008643,0.617021,0.0,1.0,0.0,0.3234856,0.03198918716441542
mHSC-GM,hESC,coverage_matched,cl_scratch_v5,lr,5,0.7988572,0.04626803330767366,0.8463842,0.03958502190677683,0.6404636,0.05212882236383246,0.6465714,0.05807494215442664,0.641026,0.0,1.0,0.0,0.2663452,0.03483675753223885
mHSC-GM,hESC,coverage_matched,cl_scratch_v5,mlp,5,0.8000001999999999,0.0582462807787759,0.863659,0.04525371373047743,0.6034836,0.05888066529039902,0.6574284,0.04813591743220442,0.641026,0.0,1.0,0.0,0.2453122,0.04387191443919447
mHSC-GM,hESC,coverage_matched,cl_v6_fair,lr,5,0.5188774,0.05000538742415662,0.7061876,0.031576522497577225,0.5510182,0.044535574766247234,0.4714286,0.04999998571439796,0.666667,0.0,1.0,0.0,0.4345848,0.046291286192543815
mHSC-GM,hESC,coverage_matched,cl_v6_fair,mlp,5,0.5392856,0.051995702374715534,0.7418816,0.033422771492501946,0.4439318,0.083543644467787,0.4857142,0.045736563768608594,0.666667,0.0,1.0,0.0,0.4186176,0.05066632402928004
mHSC-GM,hESC,coverage_matched,minus,lr,5,0.521154,0.03229164661023032,0.7532284,0.017960629104794755,0.5310672,0.024838241800900475,0.4634614,0.047572577035935315,0.682927,0.0,1.0,0.0,0.4609884,0.029966336583573228
mHSC-GM,hESC,coverage_matched,minus,mlp,5,0.596154,0.016710828261938437,0.800949,0.014572066332541883,0.5619,0.03152756062875781,0.5321428,0.025721346173169082,0.682927,0.0,1.0,0.0,0.4015322,0.021613117974045307
mHSC-GM,hESC,coverage_matched,scGPT_human,lr,5,0.659443,0.008364931368516985,0.5515604000000001,0.030696237506248225,0.4894602,0.06418414751447588,0.5925695999999999,0.04289519716518389,0.358491,0.0,1.0,0.0,0.312075,0.02166721472640173
mHSC-GM,hESC,coverage_matched,scGPT_human,mlp,5,0.7482972,0.03942510147811925,0.6542422,0.0613563520441038,0.5415432,0.08900810731253642,0.656811,0.06170755455533787,0.358491,0.0,1.0,0.0,0.222895,0.03309353824540375
mHSC-GM,hESC,coverage_matched,scconcept,lr,5,0.6550266,0.0514629722833806,0.6076572,0.07042324188902412,0.5408816000000001,0.09798116065366853,0.6100530000000001,0.06537309011818244,0.4375,0.0,1.0,0.0,0.296532,0.0270065214716742
mHSC-GM,hESC,coverage_matched,scconcept,mlp,5,0.6783068,0.042322058472621576,0.6279878,0.06200268419802485,0.4272096,0.1264817105712917,0.5915344,0.07882701661384883,0.4375,0.0,1.0,0.0,0.2651724,0.02247441558394789
mHSC-GM,hESC,coverage_matched,scconcept_encoded,lr,5,0.318222,0.11615591565133479,0.4169606,0.04222128682359172,0.255128,0.09319365710819594,0.3733336,0.09043104678283892,0.5,0.0,1.0,0.0,0.580335,0.07586143153144423
mHSC-GM,hESC,coverage_matched,scconcept_encoded,mlp,5,0.608,0.0612884924663676,0.5788742,0.050260585374227396,0.5942278,0.08180059271276706,0.6133332,0.0686374306698612,0.5,0.0,1.0,0.0,0.3050916,0.051167494027360774
mHSC-GM,hESC,coverage_matched,v4_bias_rec_best,lr,5,0.6344828,0.01834402967071304,0.7315146,0.03178295233360174,0.6061014,0.028726505339842525,0.6301722000000001,0.023138248623437364,0.591837,0.0,1.0,0.0,0.359632,0.01149156492389091
mHSC-GM,hESC,coverage_matched,v4_bias_rec_best,mlp,5,0.7106897999999999,0.01683667420127858,0.8050128,0.026482745910498023,0.5442144,0.02796686880292466,0.65,0.020982224515050846,0.591837,0.0,1.0,0.0,0.3626734,0.011695770818548041
mHSC-GM,hESC,coverage_matched,v4_plain_best,lr,5,0.4905982,0.027970652194040817,0.5005066,0.01710708907558501,0.4283856,0.0520336975299661,0.49324,0.0301628049292502,0.458333,0.0,1.0,0.0,0.4371642,0.019919086830474934
mHSC-GM,hESC,coverage_matched,v4_plain_best,mlp,5,0.5275837999999999,0.03300218963887093,0.5078878,0.021330681127427704,0.2971728,0.09060459218030838,0.4771562,0.048898983316220376,0.458333,0.0,1.0,0.0,0.3737242,0.02624464056831413
mHSC-GM,hESC,coverage_matched,v4_type_pe_best,lr,5,0.6151196,0.03155065246615353,0.5327398,0.018025085868311416,0.2697056,0.0535192599373347,0.5054544,0.024709040633743753,0.408602,0.0,1.0,0.0,0.34033420000000003,0.013800648034059866
mHSC-GM,hESC,coverage_matched,v4_type_pe_best,mlp,5,0.7533972,0.046494346987133825,0.6557078,0.07295358410496362,0.3313224,0.08554026074451725,0.5529664,0.05016098507246443,0.408602,0.0,1.0,0.0,0.258521,0.05104017498402606
mHSC-GM,hESC,native,baseline,lr,5,0.6386224,0.015437801923849127,0.6191916,0.01191841357899616,0.5675904,0.012868101749675448,0.6016734,0.009828056483354178,0.644,0.022226110770892888,0.1939758,0.006694504564192935,0.36633340000000003,0.00938797385168918
mHSC-GM,hESC,native,baseline,mlp,5,0.7485414,0.005888616903823869,0.7203032,0.006333445646723412,0.6526576,0.03253703817251964,0.6830204,0.017104939901677524,0.745,0.022360679774997918,0.2243978,0.006735260363193093,0.2634542,0.006840401257236313
mHSC-GM,hESC,native,cl_scratch_v5,lr,5,0.6674654,0.014020653274366338,0.6626128,0.01690838360577382,0.5861696,0.019334830266645727,0.6308916,0.012835229980019819,0.715,0.030822070014844875,0.2153614,0.009283996824644014,0.3403488,0.011279949297758392
mHSC-GM,hESC,native,cl_scratch_v5,mlp,5,0.7178066,0.005477789320519732,0.7061982,0.009149914325281975,0.541821,0.05109321522472432,0.6328465999999999,0.016418287311409794,0.772,0.015684387141358135,0.2325304,0.004724137406977069,0.308245,0.00582547501925809
mHSC-GM,hESC,native,cl_v6_fair,lr,5,0.6621108,0.021032643698784048,0.6683814,0.023163055675795453,0.6167492,0.01221287683389955,0.6339024,0.01585965754485259,0.733,0.033999999999999996,0.2207832,0.010241276471221736,0.3366186,0.013217781154187716
mHSC-GM,hESC,native,cl_v6_fair,mlp,5,0.7396628,0.005061891559486426,0.7218572,0.0059935762079079465,0.6181214,0.040758535344636714,0.66377,0.02226888401334922,0.77,0.017606816861659026,0.231928,0.005303173238731697,0.273023,0.011882055596570823
mHSC-GM,hESC,native,minus,lr,5,0.640771,0.008654714414699076,0.6541334,0.010016454095137645,0.5509484,0.01703587118523734,0.6144258,0.0089075771655372,0.714,0.021307275752662534,0.21506,0.006418089373014372,0.35556360000000004,0.0065090664645554176
mHSC-GM,hESC,native,minus,mlp,5,0.6698742,0.008591847610380421,0.6683228,0.01125616846711171,0.5418286,0.045849124801243486,0.6227358,0.02069242752699642,0.708,0.025019992006393585,0.2132528,0.007536357326984963,0.3120554,0.007945467578437405
mHSC-GM,hESC,native,scGPT_human,lr,5,0.644647,0.003420991727555035,0.6353464,0.0036157184956796765,0.5642978,0.010479775386905952,0.6143236,0.006135452081142828,0.669,0.013564659966250505,0.2015058,0.00408567558183466,0.350498,0.003877453648981515
mHSC-GM,hESC,native,scGPT_human,mlp,5,0.703159,0.008572244443551516,0.6893078,0.009464149521219555,0.5254282,0.06561623555614876,0.6251954,0.024610355240020424,0.725,0.013038404810405309,0.2183734,0.003927627711481829,0.3022232,0.011511718297456728
mHSC-GM,hESC,native,scconcept,lr,5,0.604323,0.008830090826259962,0.6030514,0.006723924258942822,0.5310744,0.018505837312588688,0.589685,0.01047841841119165,0.62,0.012649110640673528,0.186747,0.003809912124970871,0.372089,0.009733627381403086
mHSC-GM,hESC,native,scconcept,mlp,5,0.6057278,0.012665387596121954,0.6072048,0.007407414269500502,0.3860792,0.04775775401084101,0.557022,0.016231921254121467,0.606,0.019849433241279225,0.1825302,0.0059786492922733,0.3563306,0.01026368979655952
mHSC-GM,hESC,native,scconcept_encoded,lr,5,0.5471746,0.010360193002063237,0.5422654,0.009970788366022016,0.495114,0.01717894909474965,0.5471056,0.0101814081658678,0.515,0.025099800796022288,0.1551204,0.007560458414673016,0.4233076,0.00876392573222753
mHSC-GM,hESC,native,scconcept_encoded,mlp,5,0.5440834,0.011009676790896277,0.5530708,0.007560900591860735,0.2767006,0.04751806633102826,0.5131198,0.014682638283360378,0.526,0.02267156809750929,0.1584338,0.006829135037469974,0.407669,0.008828440292599821
mHSC-GM,hESC,native,v4_bias_rec_best,lr,5,0.6581662,0.00786204956483994,0.6482976,0.006432980074584407,0.5835974,0.005787714457365728,0.6348064,0.005040520830231754,0.699,0.018814887722226774,0.210542,0.005667426858813444,0.342428,0.004639924611456529
mHSC-GM,hESC,native,v4_bias_rec_best,mlp,5,0.7187042,0.014337595661755851,0.6984956,0.015265967281505618,0.5890662,0.0480642060972612,0.6531498,0.02307389296499402,0.751,0.012806248474865708,0.2262052,0.003857242040629547,0.2887464,0.01603395686161093
mHSC-GM,hESC,native,v4_plain_best,lr,5,0.712956,0.013831048246608052,0.7050982,0.013446411170271438,0.646926,0.016300171115666263,0.6677776,0.010356263913207313,0.752,0.007483314773547889,0.2265064,0.0022539744097926236,0.3033072,0.008806534423937714
mHSC-GM,hESC,native,v4_plain_best,mlp,5,0.7495984,0.006706568678541945,0.7347214,0.005178570791251182,0.5660934,0.05223945656149189,0.6454432,0.023122100980663494,0.798,0.012083045973594542,0.2403616,0.0036394134472466926,0.2694762,0.01184754910350661
mHSC-GM,hESC,native,v4_type_pe_best,lr,5,0.7117722,0.007035625243004356,0.6967952000000001,0.008973297752777372,0.6224668,0.020251500797718664,0.6623732,0.009965504812100585,0.757,0.011224972160321834,0.2280124,0.0033809616146889326,0.3078206,0.010797912327853024
mHSC-GM,hESC,native,v4_type_pe_best,mlp,5,0.7249486,0.008821404618313353,0.7051564,0.01079164188805394,0.5582506,0.05625011767312137,0.6393208,0.02199011801150691,0.746,0.028000000000000025,0.224699,0.008433892861543831,0.2958402,0.01547473134370997
mHSC-GM,hESC,strict,baseline,lr,5,0.6097165999999999,0.017441722467692256,0.5262132,0.011875747696882077,0.4129628,0.03342256850931716,0.5732388,0.019108775904280218,0.368932,0.0,1.0,0.0,0.3268394,0.012345261740441144
mHSC-GM,hESC,strict,baseline,mlp,5,0.608178,0.028074436735222336,0.5458767999999999,0.01763627168536478,0.3532644,0.004021294299103202,0.5790687999999999,0.007888920595366628,0.368932,0.0,1.0,0.0,0.30642020000000003,0.00971392681463063
mHSC-GM,hESC,strict,cl_scratch_v5,lr,5,0.648988,0.025909593273534794,0.5523322,0.024176264479029864,0.3444172,0.034918711788380734,0.5733602,0.01877653708648109,0.368932,0.0,1.0,0.0,0.3086432,0.01448337737407957
mHSC-GM,hESC,strict,cl_scratch_v5,mlp,5,0.6505266,0.007793497458779345,0.5759468,0.011110775335682025,0.307924,0.04709864931396652,0.5789067999999999,0.015828573750025644,0.368932,0.0,1.0,0.0,0.2908078,0.01146400178646182
mHSC-GM,hESC,strict,cl_v6_fair,lr,5,0.6319838,0.01571143373979601,0.5804164,0.00472079012878143,0.4057692,0.02409106856409653,0.6012145999999999,0.014673121530199361,0.368932,0.0,1.0,0.0,0.2910082,0.014213517782730634
mHSC-GM,hESC,strict,cl_v6_fair,mlp,5,0.6544938,0.020079675310123918,0.6070512,0.017472017609881228,0.3606176,0.06017852463994111,0.598421,0.02297231060211401,0.368932,0.0,1.0,0.0,0.2831322,0.009547367917913286
mHSC-GM,hESC,strict,minus,lr,5,0.4901216,0.025550033648510127,0.4538082,0.014475721127460293,0.3175,0.035978265044329195,0.5227934,0.0194024437285616,0.368932,0.0,1.0,0.0,0.3723834,0.019148925010036455
mHSC-GM,hESC,strict,minus,mlp,5,0.49174080000000003,0.023499339594124785,0.469426,0.017262016000456033,0.3189586,0.015595999815337273,0.551174,0.011713368413910692,0.368932,0.0,1.0,0.0,0.3228442,0.009850982781428456
mHSC-GM,hESC,strict,scGPT_human,lr,5,0.5333604,0.025496022086592268,0.44717460000000003,0.01839616645499817,0.3407616,0.02240138031104333,0.5601615999999999,0.006691020149424162,0.368932,0.0,1.0,0.0,0.3269096,0.007348021709276598
mHSC-GM,hESC,strict,scGPT_human,mlp,5,0.5721456,0.013830540619946877,0.49690300000000004,0.008911831035202584,0.2813448,0.05522227480790701,0.558259,0.02101561514683783,0.368932,0.0,1.0,0.0,0.311329,0.007723459199089477
mHSC-GM,hESC,strict,scconcept,lr,5,0.5131984,0.03399121089105241,0.4239718,0.02746273808199028,0.1950932,0.031449411170322406,0.517004,0.0056275197378596485,0.368932,0.0,1.0,0.0,0.3420792,0.009807210885873727
mHSC-GM,hESC,strict,scconcept,mlp,5,0.46987840000000003,0.03769356635607727,0.38690579999999997,0.018901660195866397,0.1015108,0.032723428508638894,0.507409,0.007605242718020241,0.368932,0.0,1.0,0.0,0.3455904,0.018466915211805133
mHSC-GM,hESC,strict,scconcept_encoded,lr,5,0.6462348,0.020499188943955814,0.47682420000000003,0.029685643846142203,0.330195,0.0639351103666835,0.5342106,0.02881683744341144,0.368932,0.0,1.0,0.0,0.3596142,0.019060893813250213
mHSC-GM,hESC,strict,scconcept_encoded,mlp,5,0.6911742,0.017387934936616237,0.5503694,0.019456034710084166,0.2049202,0.013979061905578648,0.5323888,0.0058781992957027225,0.368932,0.0,1.0,0.0,0.3240138,0.006853777276801461
mHSC-GM,hESC,strict,v4_bias_rec_best,lr,5,0.3820244,0.01725021350128747,0.3466394,0.015524072012200924,0.1623148,0.02925183077620955,0.46712560000000003,0.016518628146429126,0.368932,0.0,1.0,0.0,0.4024354,0.017010222557039035
mHSC-GM,hESC,strict,v4_bias_rec_best,mlp,5,0.5140082,0.023596794556888442,0.4438268,0.023845777373782545,0.203552,0.025669609798358837,0.5308504000000001,0.010902896947142103,0.368932,0.0,1.0,0.0,0.3319338,0.008240736117605021
mHSC-GM,hESC,strict,v4_plain_best,lr,5,0.574089,0.02179026709336074,0.5300462,0.029584479900109786,0.3679862,0.05187924440236191,0.5440486,0.024826742135044624,0.368932,0.0,1.0,0.0,0.3464626,0.014295464547890713
mHSC-GM,hESC,strict,v4_plain_best,mlp,5,0.5858302,0.027741394783968597,0.5582214,0.02560101938282928,0.4067032,0.02960210058357345,0.6027532,0.01667127831211512,0.368932,0.0,1.0,0.0,0.2834734,0.016348052123724106
mHSC-GM,hESC,strict,v4_type_pe_best,lr,5,0.5497976,0.017976946287954484,0.4601006,0.021204580888100566,0.3091588,0.025236689223430232,0.5439272,0.014334291658815921,0.368932,0.0,1.0,0.0,0.3389272,0.011361858129725084
mHSC-GM,hESC,strict,v4_type_pe_best,mlp,5,0.5435628,0.024531269680960248,0.4673358,0.010981714026507891,0.2390256,0.02641499108158093,0.5327936,0.007376729047484411,0.368932,0.0,1.0,0.0,0.332494,0.007490726720419049
mHSC-GM,hESC,topology_matched,baseline,lr,5,0.603158,0.01560134972366174,0.5008480000000001,0.025846176622471666,0.1766204,0.07115829896674035,0.5326314,0.024810361453231584,0.368932,0.0,1.0,0.0,0.326387,0.011687444151738226
mHSC-GM,hESC,topology_matched,baseline,mlp,5,0.7182996,0.029877620043102508,0.6223183999999999,0.02469604172817986,0.1440974,0.05007096850910715,0.5379354,0.013294319051384314,0.368932,0.0,1.0,0.0,0.3069094,0.010649521427745003
mHSC-GM,hESC,topology_matched,cl_scratch_v5,lr,5,0.6764374,0.012130901641675306,0.5820632,0.004742516226645922,0.30262300000000003,0.025316950890658226,0.5712146,0.0077202884298450845,0.368932,0.0,1.0,0.0,0.2974932,0.004942018713036195
mHSC-GM,hESC,topology_matched,cl_scratch_v5,mlp,5,0.6479352,0.042596500783045554,0.5620398,0.05374014018366531,0.2491612,0.07506422925308698,0.5593928,0.02689515189323162,0.368932,0.0,1.0,0.0,0.2690152,0.007222274971226161
mHSC-GM,hESC,topology_matched,cl_v6_fair,lr,5,0.649069,0.023304503436031423,0.577951,0.04119694460515244,0.3830612,0.05337041820859192,0.604332,0.02442454071625505,0.368932,0.0,1.0,0.0,0.2690432,0.019740287884425597
mHSC-GM,hESC,topology_matched,cl_v6_fair,mlp,5,0.6666394,0.023479712328731788,0.5995782000000001,0.023298760502653348,0.3874302,0.061927540088073905,0.6104858,0.02199829040084707,0.368932,0.0,1.0,0.0,0.2548726,0.010558401632823023
mHSC-GM,hESC,topology_matched,minus,lr,5,0.4462646,0.04209330490517465,0.3935788,0.05021074895039907,0.2999004,0.05420326428029958,0.5011036,0.04122076978223477,0.38,0.0,1.0,0.0,0.3669146,0.031989634406163515
mHSC-GM,hESC,topology_matched,minus,mlp,5,0.4865874,0.031835788883581954,0.4569682,0.04106762510007121,0.30648,0.07912015193868122,0.5584888,0.036219627338778614,0.38,0.0,1.0,0.0,0.3026734,0.013757960497108578
mHSC-GM,hESC,topology_matched,scGPT_human,lr,5,0.6399192,0.005519068667809827,0.507437,0.010876210682034428,0.13581479999999999,0.04756986641730245,0.5179354,0.014738597458374395,0.368932,0.0,1.0,0.0,0.3091242,0.004534347864908478
mHSC-GM,hESC,topology_matched,scGPT_human,mlp,5,0.6351418,0.03227039225296153,0.5105326,0.04295039772388609,0.1275842,0.06121451193761166,0.5229956,0.012938830976560468,0.368932,0.0,1.0,0.0,0.2941832,0.03351954537519863
mHSC-GM,hESC,topology_matched,scconcept,lr,5,0.3498786,0.024908874792732023,0.3279982,0.015331948674581455,0.1348138,0.045681443048134984,0.4770446,0.020282293929435095,0.368932,0.0,1.0,0.0,0.3691118,0.007625648127208603
mHSC-GM,hESC,topology_matched,scconcept,mlp,5,0.38,0.047782507460366705,0.3425492,0.02506117944870114,0.1167306,0.0583866861864929,0.4810122,0.013385112347679416,0.368932,0.0,1.0,0.0,0.3362742,0.031819861252997315
mHSC-GM,hESC,topology_matched,scconcept_encoded,lr,5,0.6668018,0.02446920235234488,0.5956974,0.06368214166813171,0.4658712,0.05907280715659277,0.6131984,0.035341337272944286,0.368932,0.0,1.0,0.0,0.2753834,0.031190415448339254
mHSC-GM,hESC,topology_matched,scconcept_encoded,mlp,5,0.671822,0.03300104458952777,0.5923496,0.03455864589129615,0.4073232,0.0450347030606398,0.600324,0.013838903554834105,0.368932,0.0,1.0,0.0,0.2660124,0.013543904305627673
mHSC-GM,hESC,topology_matched,v4_bias_rec_best,lr,5,0.5658143999999999,0.0195476160142356,0.4113314,0.02134844260923967,0.2668006,0.026436725316120367,0.5234376,0.014247834594772635,0.340206,0.0,1.0,0.0,0.3186514,0.006137425603622409
mHSC-GM,hESC,topology_matched,v4_bias_rec_best,mlp,5,0.6069126,0.013170750056090195,0.4665186,0.01820887376638104,0.2199446,0.03151618695591203,0.5384472,0.008921750263261133,0.340206,0.0,1.0,0.0,0.2965512,0.017370018968325854
mHSC-GM,hESC,topology_matched,v4_plain_best,lr,5,0.507935,0.031429633360890476,0.47787,0.041538247878310904,0.3575308,0.031200656386685205,0.5614574,0.022986028370294835,0.368932,0.0,1.0,0.0,0.31693,0.02499193601944436
mHSC-GM,hESC,topology_matched,v4_plain_best,mlp,5,0.5723886,0.04034199536760667,0.5278272,0.03691546650064171,0.3185284,0.07575081990473767,0.5826318,0.030245125156957105,0.368932,0.0,1.0,0.0,0.2771348,0.012269367211066754
mHSC-GM,hESC,topology_matched,v4_type_pe_best,lr,5,0.5132796000000001,0.027138804635429312,0.4306806,0.028957679779982367,0.2548596,0.05217022756553781,0.5477326,0.025936492543133113,0.368932,0.0,1.0,0.0,0.3237624,0.010102404101994745
mHSC-GM,hESC,topology_matched,v4_type_pe_best,mlp,5,0.5070444,0.027585916904101615,0.4566498,0.026378459942915527,0.1943718,0.03310312187936359,0.5363562,0.018644407315868174,0.368932,0.0,1.0,0.0,0.3149332,0.013239034759377296
mHSC-GM,hHep,coverage_matched,baseline,lr,5,0.8045856,0.022136515431295873,0.8290888,0.024520281967383647,0.6410546,0.041220881720797804,0.6781746,0.02263659909615399,0.636364,0.0,1.0,0.0,0.3032138,0.03037403696185279
mHSC-GM,hHep,coverage_matched,baseline,mlp,5,0.8032628,0.01615804713942871,0.8306992,0.0235250850234383,0.570157,0.06927246481250683,0.638492,0.04741026731415885,0.636364,0.0,1.0,0.0,0.3090496,0.02431766003216593
mHSC-GM,hHep,coverage_matched,cl_scratch_v5,lr,5,0.647242,0.020987631557657937,0.6891778,0.01892139209889167,0.5288248,0.03715245691687158,0.5902098,0.008195070894141168,0.541667,0.0,1.0,0.0,0.3800118,0.010149587329542022
mHSC-GM,hHep,coverage_matched,cl_scratch_v5,mlp,5,0.7286716,0.046126322123490396,0.7721654,0.034962749054386455,0.570958,0.04019984701960944,0.6498836,0.030894193846740806,0.541667,0.0,1.0,0.0,0.3089716,0.033648024135749785
mHSC-GM,hHep,coverage_matched,cl_v6_fair,lr,5,0.7154668000000001,0.016878045175908244,0.6913748000000001,0.02505105485523513,0.66203,0.02641063634220121,0.654,0.029089983004463936,0.454545,0.0,1.0,0.0,0.3095566,0.015333709565529154
mHSC-GM,hHep,coverage_matched,cl_v6_fair,mlp,5,0.7271998,0.033726835211149025,0.7301352,0.03624008381557634,0.6513368,0.02571445734523674,0.6726668,0.028079089888384912,0.454545,0.0,1.0,0.0,0.2611708,0.0317456752670344
mHSC-GM,hHep,coverage_matched,minus,lr,5,0.6244384000000001,0.017011818052165957,0.655732,0.012700455566632225,0.6520338,0.017930551295484477,0.590611,0.026255964952749306,0.557895,0.0,1.0,0.0,0.357588,0.01566370532153869
mHSC-GM,hHep,coverage_matched,minus,mlp,5,0.681222,0.022242837759602525,0.718282,0.01971048939016988,0.6668276,0.042249866033397095,0.6215634,0.03401585884613235,0.557895,0.0,1.0,0.0,0.2948482,0.02174501188226855
mHSC-GM,hHep,coverage_matched,scGPT_human,lr,5,0.7918182,0.04380579347255338,0.7895752,0.04876489815594822,0.6962754,0.049917267339468815,0.7118688,0.04590937813736973,0.494382,0.0,1.0,0.0,0.2362372,0.039279188333772884
mHSC-GM,hHep,coverage_matched,scGPT_human,mlp,5,0.8625252,0.012770803771102263,0.86328,0.01761725992315489,0.6714094,0.062174393943487706,0.7328788,0.03123167993816534,0.494382,0.0,1.0,0.0,0.1842702,0.02547725706900176
mHSC-GM,hHep,coverage_matched,scconcept,lr,5,0.6411766,0.016039551036110725,0.7260354,0.024832070832695362,0.4857064,0.013586349025400441,0.6142414,0.014302045638299437,0.527778,0.0,1.0,0.0,0.341293,0.010759809812445571
mHSC-GM,hHep,coverage_matched,scconcept,mlp,5,0.6959748,0.005779660695923259,0.7521486000000001,0.020501707173794063,0.3824438,0.056481626815806214,0.6001548,0.03049014976939273,0.527778,0.0,1.0,0.0,0.3374264,0.013622627508670996
mHSC-GM,hHep,coverage_matched,scconcept_encoded,lr,5,0.4665244,0.01649168148613112,0.6466580000000001,0.0059662365021846036,0.3454496,0.021761678755096082,0.4467376,0.015307039721644421,0.656863,0.0,1.0,0.0,0.5686998,0.012610571206729723
mHSC-GM,hHep,coverage_matched,scconcept_encoded,mlp,5,0.5180384,0.01727652759787105,0.672936,0.01446823515153109,0.2970778,0.04596261066301609,0.509808,0.02405675009638666,0.656863,0.0,1.0,0.0,0.526724,0.01526108233383202
mHSC-GM,hHep,coverage_matched,v4_bias_rec_best,lr,5,0.8036983999999999,0.01729594404014999,0.8345982000000001,0.025632342806696393,0.7609104,0.010042210565408397,0.723077,0.007745232469074129,0.6,0.0,1.0,0.0,0.2273586,0.01293582505447565
mHSC-GM,hHep,coverage_matched,v4_bias_rec_best,mlp,5,0.8470908,0.01155731895207534,0.8690584,0.016488727198907763,0.7349116,0.04151779150003045,0.748077,0.02709044922477295,0.6,0.0,1.0,0.0,0.1984176,0.012153961273593064
mHSC-GM,hHep,coverage_matched,v4_plain_best,lr,5,0.650604,0.027861756699820644,0.7172888000000001,0.024451205740412887,0.6749656,0.021953393529019587,0.6202913999999999,0.025093642530330258,0.614679,0.0,1.0,0.0,0.3240752,0.02571114689312791
mHSC-GM,hHep,coverage_matched,v4_plain_best,mlp,5,0.7425018,0.011696961253248643,0.7753426,0.013067611221642636,0.7128726,0.03289017811201393,0.6872780000000001,0.027128491200212383,0.614679,0.0,1.0,0.0,0.2506162,0.015420659498218626
mHSC-GM,hHep,coverage_matched,v4_type_pe_best,lr,5,0.7986951999999999,0.013633642805941487,0.8050934,0.02074533138419341,0.7510232,0.023127485184515864,0.7261882,0.020330140180530008,0.560606,0.0,1.0,0.0,0.2291748,0.009806069516376071
mHSC-GM,hHep,coverage_matched,v4_type_pe_best,mlp,5,0.8096924,0.017127839380377183,0.8086884,0.021979751923986744,0.6750976,0.05212547933822766,0.6938492,0.03616341080373919,0.560606,0.0,1.0,0.0,0.23948160000000002,0.01639411436583264
mHSC-GM,hHep,native,baseline,lr,5,0.7419656,0.011268739780472343,0.7201564,0.017012658235560956,0.681204,0.0162510928247918,0.6774086,0.011793812353942217,0.781,0.024166091947189133,0.2314076,0.007160131663593904,0.2919114,0.01114494982671523
mHSC-GM,hHep,native,baseline,mlp,5,0.8023358,0.009845834802595476,0.7693466,0.011941913340834453,0.7412386,0.019719034891190795,0.735415,0.01247981177742679,0.825,0.020493901531919174,0.2444444,0.006072343027201286,0.2183154,0.011820130533966194
mHSC-GM,hHep,native,cl_scratch_v5,lr,5,0.6474472,0.009387379685513942,0.6092144,0.006078850437377122,0.556474,0.012466730605896616,0.5890656,0.00884447526086199,0.616,0.024979991993593614,0.1825188,0.007401571627701775,0.374435,0.007338669579699039
mHSC-GM,hHep,native,cl_scratch_v5,mlp,5,0.7482306,0.006175025104402408,0.6892328,0.008906175327265911,0.6185588,0.02798604133063481,0.6570256,0.00977628208676488,0.6809999999999999,0.026153393661244025,0.2017776,0.007748875830725385,0.2849162,0.012858756477980288
mHSC-GM,hHep,native,cl_v6_fair,lr,5,0.6328996,0.015158730495658275,0.6001748,0.010561256050300076,0.6001092,0.020494889913341807,0.5969728,0.016254458617868506,0.602,0.024207436873820428,0.1783704,0.007172762692296461,0.3640074,0.014866294610292095
mHSC-GM,hHep,native,cl_v6_fair,mlp,5,0.7167572,0.010068973381631308,0.6582808,0.0068806340231115405,0.6281356,0.017533305068925257,0.64949,0.01137750308283852,0.64,0.010488088481701525,0.1896298,0.0031075252790604894,0.2878466,0.0076142394656327885
mHSC-GM,hHep,native,minus,lr,5,0.7103016,0.01210066005802987,0.7005096,0.014537716610252117,0.6697854,0.013575531998415373,0.6590336,0.010724621514999942,0.751,0.02267156809750929,0.2225186,0.006717726776224232,0.3091698,0.008446370093714827
mHSC-GM,hHep,native,minus,mlp,5,0.759182,0.020187646658290797,0.7446584,0.02398188268339247,0.6841348,0.03342730576280416,0.6912235999999999,0.021365131112164995,0.787,0.037629775444453555,0.2331852,0.011149697151044063,0.2501338,0.01811845616381263
mHSC-GM,hHep,native,scGPT_human,lr,5,0.7596968000000001,0.011422516349736594,0.7586682,0.01379544032497695,0.7078656,0.016062540130377924,0.6982296,0.01278960522612015,0.84,0.01816590212458493,0.2488888,0.005382446707585687,0.2644728,0.011018171670472386
mHSC-GM,hHep,native,scGPT_human,mlp,5,0.8216285999999999,0.010094744684240414,0.80773,0.012529529951279109,0.716,0.034516448820815865,0.7346625999999999,0.015598156167957814,0.88,0.012247448713915901,0.2607408,0.0036290007109395727,0.2031202,0.011977485519089557
mHSC-GM,hHep,native,scconcept,lr,5,0.5178578,0.008996028888348457,0.540893,0.010881147935764886,0.3442882,0.019836356282341785,0.5087566,0.010233637800899555,0.546,0.021307275752662495,0.1617776,0.00631316746491015,0.4562024,0.007464394914525892
mHSC-GM,hHep,native,scconcept,mlp,5,0.5248108,0.01558628052358867,0.545085,0.014780254016761678,0.267721,0.03189051736802023,0.5135926,0.012084962401265456,0.562,0.0370944739819828,0.1665186,0.01099109264086151,0.4226552,0.004744023709890149
mHSC-GM,hHep,native,scconcept_encoded,lr,5,0.5273462,0.012378026505061281,0.5384208,0.011158104451921941,0.3727976,0.017897581787492966,0.5172928,0.01170904883242016,0.548,0.019646882704388476,0.1623704,0.00582111685503735,0.46031859999999997,0.011275779380601581
mHSC-GM,hHep,native,scconcept_encoded,mlp,5,0.5850288,0.008040205554586283,0.5852872,0.0078600807222318,0.31281539999999997,0.018459808857081917,0.5347838,0.005016172899731418,0.618,0.021118712081942895,0.1831112,0.006257597507030954,0.4236652,0.006320817902771754
mHSC-GM,hHep,native,v4_bias_rec_best,lr,5,0.71183,0.011237755932569458,0.6749216,0.010369897233820605,0.6281304,0.01897496404845076,0.6489853999999999,0.011291675811853618,0.717,0.010770329614269018,0.2124442,0.0031911372518273126,0.3236228,0.012771415511210967
mHSC-GM,hHep,native,v4_bias_rec_best,mlp,5,0.8113056,0.006913218283838584,0.7839356,0.011716222558486988,0.7072414,0.021692079122112736,0.721422,0.011457773064605525,0.849,0.02177154105707722,0.2515554,0.006450779010321164,0.232225,0.013682394308014946
mHSC-GM,hHep,native,v4_plain_best,lr,5,0.6450378,0.04159331544082534,0.6287197999999999,0.024645489797526874,0.5726076,0.0565141174383888,0.6038664,0.029830183972614038,0.667,0.02619160170741758,0.1976296,0.007760495231620209,0.3597432,0.033294032735011234
mHSC-GM,hHep,native,v4_plain_best,mlp,5,0.7425674,0.00998633317289181,0.696021,0.014882612848555845,0.5814134,0.03729295003402119,0.6458010000000001,0.019081490843222908,0.723,0.0357211421989835,0.2142222,0.010583911288365945,0.2868166,0.018279523282624197
mHSC-GM,hHep,native,v4_type_pe_best,lr,5,0.72449,0.01901086702914941,0.6966934,0.019915763129742234,0.6321904,0.0219445823163714,0.6534732,0.015333740396915584,0.744,0.025768197453450273,0.2204446,0.007635093623525519,0.3150532,0.012628306511959545
mHSC-GM,hHep,native,v4_type_pe_best,mlp,5,0.8079384000000001,0.008023794778033635,0.7621632,0.00877627247525966,0.7189892,0.02141987045152233,0.7267564,0.010478919077843837,0.812,0.015362291495737179,0.2405926,0.004551456408667448,0.2173608,0.01086719797187849
mHSC-GM,hHep,strict,baseline,lr,5,0.7825788,0.0175953762153584,0.7805968,0.02811754688730864,0.5747416,0.04735252605553374,0.6680556,0.022188763359863042,0.529412,0.0,1.0,0.0,0.2948246,0.02590983267101507
mHSC-GM,hHep,strict,baseline,mlp,5,0.7073046000000001,0.05408072753430745,0.7003682,0.05632839292364022,0.2119224,0.08163394436531901,0.5407408,0.026974628408191297,0.529412,0.0,1.0,0.0,0.40063340000000003,0.033726710492427224
mHSC-GM,hHep,strict,cl_scratch_v5,lr,5,0.8466048,0.026589712111265887,0.8346132,0.028222423591180115,0.6758656,0.026239771146867864,0.722994,0.017883837865514216,0.529412,0.0,1.0,0.0,0.2342706,0.018389321473072352
mHSC-GM,hHep,strict,cl_scratch_v5,mlp,5,0.7968106,0.019870456246397585,0.7681528,0.02844802304835962,0.3519358,0.07712602961491016,0.5800928000000001,0.03095815019926093,0.529412,0.0,1.0,0.0,0.339911,0.020605123896739866
mHSC-GM,hHep,strict,cl_v6_fair,lr,5,0.8076816,0.01075391081607058,0.79343,0.017522506590097207,0.6017476,0.026281193706527116,0.684568,0.017712664215187968,0.529412,0.0,1.0,0.0,0.2789322,0.013450932717101828
mHSC-GM,hHep,strict,cl_v6_fair,mlp,5,0.7758916,0.01570224456057159,0.7653362,0.01608386977564788,0.294313,0.05279833063648887,0.5692902,0.018744631118269586,0.529412,0.0,1.0,0.0,0.3602086,0.019520431025978908
mHSC-GM,hHep,strict,minus,lr,5,0.855864,0.02724425805926821,0.8888348,0.03472824853285867,0.7202876,0.06962535946219595,0.7649692,0.0481435975074568,0.529412,0.0,1.0,0.0,0.2024486,0.04383074666760767
mHSC-GM,hHep,strict,minus,mlp,5,0.8500342,0.045882658638749345,0.8549936,0.04106715237559087,0.40799019999999997,0.1629252412518085,0.6257716,0.05773559004496274,0.529412,0.0,1.0,0.0,0.290717,0.06182441267654711
mHSC-GM,hHep,strict,scGPT_human,lr,5,0.7235254,0.07312545549834201,0.755548,0.06935376336724634,0.3027454,0.13824034324118267,0.5782408,0.0457022642038663,0.529412,0.0,1.0,0.0,0.403411,0.05327808626067568
mHSC-GM,hHep,strict,scGPT_human,mlp,5,0.7134428,0.07874386241580994,0.6998704,0.07241689045961583,0.190225,0.050774189439123506,0.5263888,0.023983730547185528,0.529412,0.0,1.0,0.0,0.4240482,0.02675586954968948
mHSC-GM,hHep,strict,scconcept,lr,5,0.5457476,0.025438048011590823,0.5758362,0.011220916636353722,0.1092716,0.02102595927514367,0.5171296,0.005720303928988393,0.529412,0.0,1.0,0.0,0.4933656,0.006001370996697348
mHSC-GM,hHep,strict,scconcept,mlp,5,0.5359054,0.025816633650420022,0.5851544,0.024414567787286335,0.1186334,0.020474355145889217,0.5237653999999999,0.003946612755262445,0.529412,0.0,1.0,0.0,0.480006,0.018493563853405864
mHSC-GM,hHep,strict,scconcept_encoded,lr,5,0.5997256,0.020162507002850633,0.6213472,0.0162926366484986,0.2812748,0.013648597838605983,0.5331792,0.012660145455720485,0.529412,0.0,1.0,0.0,0.455175,0.01757481727927776
mHSC-GM,hHep,strict,scconcept_encoded,mlp,5,0.5979082,0.018842749028737827,0.6304544,0.019377874275575236,0.2154174,0.039166115832949266,0.5322530000000001,0.010617889375954152,0.529412,0.0,1.0,0.0,0.4488288,0.016143026883456518
mHSC-GM,hHep,strict,v4_bias_rec_best,lr,5,0.7918724,0.05774313262925729,0.777712,0.06290607839628855,0.5589856,0.1265141957056203,0.6554014,0.0657495984066823,0.529412,0.0,1.0,0.0,0.2986858,0.07571788857436532
mHSC-GM,hHep,strict,v4_bias_rec_best,mlp,5,0.7890948,0.03303830176870475,0.7741294,0.042264812213471406,0.4636016,0.10643998052348562,0.620679,0.04703530905606979,0.529412,0.0,1.0,0.0,0.3165912,0.05598787841095606
mHSC-GM,hHep,strict,v4_plain_best,lr,5,0.8512002,0.052512298667645486,0.8581964,0.06282331094299311,0.6464278,0.13383800308791222,0.7242284,0.08694125606776107,0.529412,0.0,1.0,0.0,0.23663,0.06930580464867282
mHSC-GM,hHep,strict,v4_plain_best,mlp,5,0.8110426000000001,0.032323635046819836,0.7787620000000001,0.02721527115426189,0.2305008,0.07622235245490656,0.5469136,0.02250860778102456,0.529412,0.0,1.0,0.0,0.3771984,0.031071289355931148
mHSC-GM,hHep,strict,v4_type_pe_best,lr,5,0.764472,0.040625956239822826,0.7117482,0.04217225659791044,0.4862012,0.12085225549471552,0.6070986,0.06027890786203744,0.529412,0.0,1.0,0.0,0.334467,0.05397318161457596
mHSC-GM,hHep,strict,v4_type_pe_best,mlp,5,0.813649,0.02717695332446225,0.7641684,0.04508040753853052,0.4941982,0.10102126719735799,0.6299384,0.05205580828149725,0.529412,0.0,1.0,0.0,0.2826458,0.03783169831979527
mHSC-GM,hHep,topology_matched,baseline,lr,5,0.877812,0.03339199975443221,0.8875354,0.033669846626321304,0.5767028,0.06985047889141491,0.6916666,0.04366676103216268,0.529412,0.0,1.0,0.0,0.259204,0.03915279732024264
mHSC-GM,hHep,topology_matched,baseline,mlp,5,0.7477708,0.07045766384262254,0.7552118,0.0845075577671015,0.1289756,0.0876814301265667,0.5344135999999999,0.025430605345528046,0.529412,0.0,1.0,0.0,0.38714519999999997,0.03437608477066578
mHSC-GM,hHep,topology_matched,cl_scratch_v5,lr,5,0.7872772,0.028590390731153006,0.7570778,0.025940575894917963,0.5629208,0.03109021224372712,0.6575618,0.012262356354306468,0.529412,0.0,1.0,0.0,0.2903918,0.014565873999180412
mHSC-GM,hHep,topology_matched,cl_scratch_v5,mlp,5,0.7067213999999999,0.035813806179181805,0.6768176,0.040003346533008965,0.2150204,0.07867429566154374,0.527932,0.029004148896321684,0.529412,0.0,1.0,0.0,0.3778396,0.017838093839869763
mHSC-GM,hHep,topology_matched,cl_v6_fair,lr,5,0.6354252,0.11317399710074749,0.6473058,0.07885440956699888,0.1591882,0.08857691122273342,0.519136,0.025532572044351488,0.529412,0.0,1.0,0.0,0.4423574,0.03593547851691973
mHSC-GM,hHep,topology_matched,cl_v6_fair,mlp,5,0.6502401999999999,0.03729427204491328,0.6496984,0.03147532074244835,0.1107714,0.07288001941437722,0.5211422,0.016270509855563827,0.529412,0.0,1.0,0.0,0.4259014,0.021423829289835182
mHSC-GM,hHep,topology_matched,minus,lr,5,0.7524694,0.08390283359124408,0.7712017999999999,0.09054308119431323,0.3233626,0.18341425785210919,0.5935184,0.06997787176129322,0.529412,0.0,1.0,0.0,0.3767708,0.08347332145637912
mHSC-GM,hHep,topology_matched,minus,mlp,5,0.7617628,0.06490940151749977,0.747676,0.0607047879989709,0.0289158,0.02360965183478994,0.5060188,0.00805432202981727,0.529412,0.0,1.0,0.0,0.4329128,0.023157341517540394
mHSC-GM,hHep,topology_matched,scGPT_human,lr,5,0.7653292,0.030276020170425293,0.7120380000000001,0.028892982802057675,0.0955014,0.025015559770670732,0.5092592,0.011506998069001295,0.529412,0.0,1.0,0.0,0.4726524,0.0045801279283443665
mHSC-GM,hHep,topology_matched,scGPT_human,mlp,5,0.6902604,0.046868367761636436,0.6462596,0.03727135966717608,0.1076144,0.02492296719574136,0.5074076000000001,0.014431944603552216,0.529412,0.0,1.0,0.0,0.4676904,0.017055584758078515
mHSC-GM,hHep,topology_matched,scconcept,lr,5,0.446605,0.02145254049291133,0.5268314,0.011799468913472333,0.0431454,0.017664076886155136,0.5083333999999999,0.006573005601701535,0.529412,0.0,1.0,0.0,0.5047168,0.003832716081318843
mHSC-GM,hHep,topology_matched,scconcept,mlp,5,0.4666322,0.03706869816651239,0.5390024,0.029726693913720032,0.0839632,0.030407315109361434,0.5180556000000001,0.007817280104998183,0.529412,0.0,1.0,0.0,0.4819636,0.023307520962985325
mHSC-GM,hHep,topology_matched,scconcept_encoded,lr,5,0.652092,0.010479672075022196,0.648234,0.011825814982486383,0.412042,0.01915375416987489,0.5848766,0.014769618432444358,0.529412,0.0,1.0,0.0,0.4005858,0.010992987208215985
mHSC-GM,hHep,topology_matched,scconcept_encoded,mlp,5,0.6517488,0.005949853490633193,0.678307,0.009459409030166755,0.2986982,0.05633387243710484,0.5591048,0.02099335213252042,0.529412,0.0,1.0,0.0,0.40830879999999997,0.017754666613597682
mHSC-GM,hHep,topology_matched,v4_bias_rec_best,lr,5,0.7727406,0.03066619055963748,0.7281666,0.04986415836891264,0.2501506,0.11703075617733998,0.5495,0.038583454044447595,0.510204,0.0,1.0,0.0,0.41090920000000003,0.0390818076112147
mHSC-GM,hHep,topology_matched,v4_bias_rec_best,mlp,5,0.7739258,0.021360130508964608,0.7252986,0.02494530802054769,0.071928,0.11845292592080621,0.5143888,0.032632912872742434,0.510204,0.0,1.0,0.0,0.4528624,0.03942806992283542
mHSC-GM,hHep,topology_matched,v4_plain_best,lr,5,0.7572358,0.03843265785448622,0.7472802,0.048311446227162345,0.4396844,0.13873119761841604,0.6134262,0.049852977870534484,0.529412,0.0,1.0,0.0,0.3313058,0.05060186454825553
mHSC-GM,hHep,topology_matched,v4_plain_best,mlp,5,0.7746571999999999,0.047620479995060964,0.7530694,0.05222148917677473,0.2283354,0.10414662593017596,0.5412036,0.024534613733254492,0.529412,0.0,1.0,0.0,0.34266040000000003,0.022555637473589622
mHSC-GM,hHep,topology_matched,v4_type_pe_best,lr,5,0.7729422,0.04678994411366613,0.732023,0.05726513095069284,0.2020396,0.09014686117575033,0.5313272,0.030556399378198987,0.529412,0.0,1.0,0.0,0.4387108,0.032690957614606525
mHSC-GM,hHep,topology_matched,v4_type_pe_best,mlp,5,0.8278124,0.012884168791194885,0.7816752,0.02379619859053122,0.1501184,0.05100314336038515,0.5294752,0.012738759208023379,0.529412,0.0,1.0,0.0,0.3826954,0.017339078540683766
mHSC-GM,mDC,coverage_matched,baseline,lr,5,0.3086194,0.08618505026882563,0.5587156,0.05435766279228718,0.3473542,0.1070027978127675,0.34189200000000003,0.07016614218552991,0.666667,0.0,1.0,0.0,0.5765876,0.08007958570971756
mHSC-GM,mDC,coverage_matched,baseline,mlp,5,0.2994886,0.04495916386500087,0.5419316,0.019220038382896123,0.1433366,0.05003940209315056,0.3729732,0.024324266668493827,0.666667,0.0,1.0,0.0,0.5785426,0.03376537559453469
mHSC-GM,mDC,coverage_matched,cl_scratch_v5,lr,5,0.7164216,0.027714567870345746,0.7648726,0.025191626018183113,0.806001,0.0127692110797809,0.6914214,0.019475727607460525,0.586207,0.0,1.0,0.0,0.2359406,0.01586545415170963
mHSC-GM,mDC,coverage_matched,cl_scratch_v5,mlp,5,0.622794,0.030231745553308726,0.681211,0.024905681094882757,0.7414156,0.015428787322404842,0.6218136000000001,0.022283683515971948,0.586207,0.0,1.0,0.0,0.2606588,0.013557478266993453
mHSC-GM,mDC,coverage_matched,cl_v6_fair,lr,5,0.4123324,0.02611221864644979,0.3745248,0.01813135430573238,0.3095332,0.07176185293427143,0.4563264,0.0158529121059823,0.411765,0.0,1.0,0.0,0.430458,0.021872295508245123
mHSC-GM,mDC,coverage_matched,cl_v6_fair,mlp,5,0.455685,0.01392848518683924,0.3963098,0.02549390634171233,0.2734222,0.09194245059470625,0.48,0.02354117450765787,0.411765,0.0,1.0,0.0,0.3426086,0.012445946176968632
mHSC-GM,mDC,coverage_matched,minus,lr,5,0.4321868,0.03202865971220149,0.507029,0.015916978193111893,0.36804359999999997,0.033849905226455215,0.448075,0.02936606468698181,0.471429,0.0,1.0,0.0,0.4421796,0.02443410467850215
mHSC-GM,mDC,coverage_matched,minus,mlp,5,0.486896,0.049414960734579155,0.5298384,0.0241677482492681,0.369366,0.033878043143015214,0.47682240000000004,0.030625480055666083,0.471429,0.0,1.0,0.0,0.3590836,0.03077881946144135
mHSC-GM,mDC,coverage_matched,scGPT_human,lr,5,0.3955064,0.018362320567945657,0.4452938,0.012428854112909993,0.3122888,0.06155372128279491,0.4613634,0.025511225855297522,0.5,0.0,1.0,0.0,0.4551088,0.018882020965987713
mHSC-GM,mDC,coverage_matched,scGPT_human,mlp,5,0.46482439999999997,0.0371651827849669,0.5246956,0.03371569587951581,0.2862258,0.0438880435672405,0.518182,0.01541446675042637,0.5,0.0,1.0,0.0,0.36484900000000003,0.03202033934860778
mHSC-GM,mDC,coverage_matched,scconcept,lr,5,0.4462456,0.019899605801120792,0.3099042,0.01895119619865723,0.3447198,0.008953263838399944,0.4605922,0.009471914598432572,0.283465,0.0,1.0,0.0,0.43996240000000003,0.013009362038163132
mHSC-GM,mDC,coverage_matched,scconcept,mlp,5,0.4724054,0.06240750481985318,0.3059702,0.05199036100047777,0.2593442,0.0960557428067682,0.4953908,0.04973725430861659,0.283465,0.0,1.0,0.0,0.2717712,0.040517800193988804
mHSC-GM,mDC,coverage_matched,scconcept_encoded,lr,5,0.5622906,0.021447597334899773,0.766647,0.007883515281903099,0.5817672,0.05525101772239132,0.524402,0.04552585036218434,0.698413,0.0,1.0,0.0,0.4100524,0.03240977908348033
mHSC-GM,mDC,coverage_matched,scconcept_encoded,mlp,5,0.5450954,0.020053605427453696,0.7429806,0.01231893184655227,0.548457,0.05313819497122574,0.500957,0.020398351923623635,0.698413,0.0,1.0,0.0,0.4042754,0.030090877172990478
mHSC-GM,mDC,coverage_matched,v4_bias_rec_best,lr,5,0.4423668,0.0520168723411933,0.574997,0.03286337273622414,0.5335928,0.0806306147028534,0.4548332,0.044766971483002946,0.602941,0.0,1.0,0.0,0.4502512,0.05351727961098172
mHSC-GM,mDC,coverage_matched,v4_bias_rec_best,mlp,5,0.5758806,0.04096820566536937,0.7224598,0.04318183592391599,0.6261596,0.05451254466487507,0.5281842,0.023489595717253203,0.602941,0.0,1.0,0.0,0.3285542,0.02730759911379981
mHSC-GM,mDC,coverage_matched,v4_plain_best,lr,5,0.462461,0.02445235290928054,0.4721716,0.021846058395966993,0.513201,0.030980091058613754,0.469044,0.03490162232332475,0.431373,0.0,1.0,0.0,0.4737416,0.019679814446279694
mHSC-GM,mDC,coverage_matched,v4_plain_best,mlp,5,0.392163,0.03303025368961007,0.389669,0.02026095026399305,0.3848034,0.06277873339467754,0.4210814,0.020443229330025143,0.431373,0.0,1.0,0.0,0.426552,0.03439192306341708
mHSC-GM,mDC,coverage_matched,v4_type_pe_best,lr,5,0.4269134,0.0524607260437749,0.5064716,0.034453936655192266,0.4691472,0.05131606622257788,0.4507406,0.03699274596241809,0.545455,0.0,1.0,0.0,0.46647500000000003,0.03680008166838762
mHSC-GM,mDC,coverage_matched,v4_type_pe_best,mlp,5,0.4365432,0.051779004584483854,0.531882,0.04794253758407037,0.35604759999999996,0.10468445297865389,0.4433332,0.04964344395949984,0.545455,0.0,1.0,0.0,0.4256408,0.045782905575771395
mHSC-GM,mDC,native,baseline,lr,5,0.477169,0.014496435313552101,0.5121564,0.011440813425626691,0.4908684,0.022211518656769066,0.4755744,0.011010581139976213,0.52,0.016431676725154998,0.15430259999999998,0.004875947932453753,0.4618114,0.011540518230998123
mHSC-GM,mDC,native,baseline,mlp,5,0.5119346,0.022955429802989955,0.5563452,0.015404627102270255,0.520443,0.04410636494656978,0.5018804,0.022294000435991747,0.59,0.024289915602982232,0.1750742,0.007207806029576551,0.3916702,0.013546024367319004
mHSC-GM,mDC,native,cl_scratch_v5,lr,5,0.4562066,0.026998309032974645,0.5117382,0.025474228541017694,0.5047543999999999,0.01801797670772165,0.4634536,0.018857183253073607,0.517,0.04610856753359399,0.1534124,0.013682103648196792,0.4727236,0.017053778262895284
mHSC-GM,mDC,native,cl_scratch_v5,mlp,5,0.5259658,0.028643480559457122,0.578537,0.023419589039946887,0.5377278,0.025685130837899185,0.5061712,0.028759051551815833,0.664,0.030232432915661935,0.1970326,0.00897104777826983,0.3883162,0.02043975978723821
mHSC-GM,mDC,native,cl_v6_fair,lr,5,0.5742504,0.03956329200963946,0.6218752,0.03497179275587685,0.5743306,0.027329652735444687,0.5329062,0.02812399000426504,0.716,0.05765414122159831,0.212463,0.017108207305267263,0.4000246,0.02783766096926967
mHSC-GM,mDC,native,cl_v6_fair,mlp,5,0.49649899999999997,0.019293717816947553,0.5515632,0.015159609921102862,0.4957336,0.019432310625347646,0.4887828,0.014418395020251051,0.594,0.0272763633939717,0.1762614,0.008093908885081425,0.406932,0.014584036903409151
mHSC-GM,mDC,native,minus,lr,5,0.5643246,0.024487805884562203,0.6085438,0.025651337122263234,0.5435732,0.025419150641986445,0.5399286,0.016161424251593667,0.7,0.03316624790355398,0.2077152,0.00984163180372035,0.4051114,0.01540133088534883
mHSC-GM,mDC,native,minus,mlp,5,0.520447,0.02222120845498732,0.5652328,0.027892483226848022,0.512843,0.015773077911428703,0.5167008,0.016706695393164977,0.629,0.0512249938994628,0.1866468,0.015200212648512519,0.3959846,0.019369569893004854
mHSC-GM,mDC,native,scGPT_human,lr,5,0.4411276,0.026697633247911707,0.49624480000000004,0.021367428749383945,0.456117,0.031442679612272255,0.449264,0.01551923175933653,0.498,0.04545327270945407,0.1477744,0.013487715263898477,0.46923,0.014903263964648814
mHSC-GM,mDC,native,scGPT_human,mlp,5,0.4460846,0.03888130264587338,0.5138316,0.026766095364098203,0.3962486,0.06310833851275123,0.4611048,0.020676907093663686,0.522,0.051439284598446725,0.1548962,0.01526400700209483,0.4145664,0.03236381375301742
mHSC-GM,mDC,native,scconcept,lr,5,0.4824932,0.017520240699259827,0.5127466,0.013894515674898522,0.43449720000000003,0.026365006249951844,0.4815562,0.01732782391877296,0.525,0.029154759474226487,0.1557862,0.008651417627186894,0.4467364,0.012803591068133991
mHSC-GM,mDC,native,scconcept,mlp,5,0.472231,0.01309178146777588,0.5141424,0.010015109317426347,0.37586780000000003,0.031876315335370865,0.4924384,0.01729146622585837,0.522,0.020149441679609904,0.154896,0.005979024234772765,0.4024992,0.011868700238863567
mHSC-GM,mDC,native,scconcept_encoded,lr,5,0.5260954,0.010115289824814721,0.5422437999999999,0.010666381362017762,0.4857098,0.013043454548546557,0.4957414,0.006735926887964263,0.559,0.026907248094147403,0.1658754,0.007984369094674922,0.4231294,0.00840769981861865
mHSC-GM,mDC,native,scconcept_encoded,mlp,5,0.5564359999999999,0.016179599401715743,0.582878,0.010679664807474063,0.4830836,0.02638976080679777,0.5450792,0.00916486487407205,0.674,0.017999999999999964,0.1999998,0.0053410444446755885,0.3727302,0.009175832722973972
mHSC-GM,mDC,native,v4_bias_rec_best,lr,5,0.603042,0.02875038983387878,0.6256906,0.03403088528146163,0.6313056,0.014214341878539415,0.5498756,0.013382800044833651,0.691,0.06280127387243034,0.2050446,0.01863540861478492,0.3934838,0.01446657419571059
mHSC-GM,mDC,native,v4_bias_rec_best,mlp,5,0.5935884,0.020425750714233238,0.622424,0.02242749109463649,0.6137236,0.018185103756646517,0.5476124,0.020269048182882193,0.704,0.03813135192987522,0.208902,0.011315072195969412,0.35742979999999996,0.011185848298631628
mHSC-GM,mDC,native,v4_plain_best,lr,5,0.5705632,0.0403196454617349,0.5934776,0.043065085494400204,0.5519476,0.03149170261259306,0.53804,0.028336919797324476,0.637,0.0705407683541936,0.1890208,0.020931887114161496,0.3976828,0.025468427123793876
mHSC-GM,mDC,native,v4_plain_best,mlp,5,0.5911552,0.021122442438316645,0.6350584,0.018590224061048852,0.5627044,0.018543038031563205,0.562848,0.016910578286977628,0.717,0.021587033144922923,0.2127596,0.006405780689346144,0.3383216,0.01256881027941784
mHSC-GM,mDC,native,v4_type_pe_best,lr,5,0.494776,0.04154735361969521,0.5259866,0.03635374618715381,0.5230384,0.03264990080597492,0.48594160000000003,0.023294069533681735,0.534,0.06575712889109439,0.1584568,0.019512588545859317,0.4452514,0.02324080711679351
mHSC-GM,mDC,native,v4_type_pe_best,mlp,5,0.510949,0.037816256800481986,0.5488986,0.033094321347324845,0.5333544,0.033562644952983084,0.4972476,0.021186503020555317,0.6,0.055136195008360894,0.1780418,0.01636088598334454,0.38612280000000004,0.032106355018282594
mHSC-GM,mDC,strict,baseline,lr,5,0.535081,0.019687993854123384,0.534315,0.03139931708174558,0.534326,0.007594501774310161,0.5092438,0.012024362110315871,0.459,0.010198039027185562,0.7714286,0.017139530408969792,0.4198486,0.018485106433017897
mHSC-GM,mDC,strict,baseline,mlp,5,0.5925832,0.03077132532992364,0.5685116,0.024684233807027528,0.5326442,0.030989908063109833,0.550615,0.03296513847081487,0.501,0.018000000000000016,0.8420168,0.03025195555596365,0.3231872,0.043058922710165426
mHSC-GM,mDC,strict,cl_scratch_v5,lr,5,0.5371574,0.028286776632200417,0.562094,0.016850271867242993,0.540324,0.026257727555902475,0.4873524,0.02361131857055001,0.453,0.019131126469708996,0.7613444,0.03215324518365137,0.4463044,0.025940731667399054
mHSC-GM,mDC,strict,cl_scratch_v5,mlp,5,0.588899,0.015813110105225986,0.605663,0.015455118582527929,0.5545024,0.016986424527839883,0.5337048,0.023427906755832877,0.46499999999999997,0.013038404810405283,0.7815126,0.021913340179899543,0.3642634,0.02276124149162342
mHSC-GM,mDC,strict,cl_v6_fair,lr,5,0.5932468,0.02506712098666296,0.6088938,0.028814817808898267,0.5565432,0.023723585803162237,0.54849,0.019419190312677817,0.47300000000000003,0.01435270009440731,0.7949579999999999,0.024121872381720266,0.3818848,0.02464363446734267
mHSC-GM,mDC,strict,cl_v6_fair,mlp,5,0.6027156,0.013070648317508964,0.615919,0.016767702478276508,0.550524,0.005546521432393455,0.5650468000000001,0.013221137309626572,0.478,0.010770329614269004,0.8033614,0.018101377302293893,0.33541340000000003,0.013035802922720174
mHSC-GM,mDC,strict,minus,lr,5,0.4544574,0.013620960136495521,0.4707446,0.012345159789974382,0.4451826,0.021259722242776377,0.45714899999999997,0.019862471175561214,0.436,0.009695359714832668,0.732773,0.016295011702972158,0.473518,0.015347375058947387
mHSC-GM,mDC,strict,minus,mlp,5,0.4689504,0.014658672526528445,0.5113436,0.020501490819937955,0.42181,0.007518825280587372,0.4821152,0.016057979666197122,0.427,0.00244948974278318,0.7176472,0.004116612461721433,0.4043102,0.033947125294492904
mHSC-GM,mDC,strict,scGPT_human,lr,5,0.6235356,0.010645678552351663,0.6174656000000001,0.01938732025422802,0.5732344,0.015519234370290291,0.5824628000000001,0.015975959581821676,0.489,0.009695359714832668,0.8218488,0.016294475363140746,0.33592120000000003,0.005888442150518239
mHSC-GM,mDC,strict,scGPT_human,mlp,5,0.6209292000000001,0.04468929376662828,0.617062,0.04295418218055143,0.5046172,0.048965700588881604,0.5812388,0.03025026023954173,0.496,0.016248076809271914,0.8336134000000001,0.027307453382547406,0.297294,0.015604294934408285
mHSC-GM,mDC,strict,scconcept,lr,5,0.524802,0.015250508634140679,0.5008692,0.01566490037504229,0.3764448,0.009173176492360765,0.4994034,0.006171083716819911,0.46900000000000003,0.007348469228349515,0.7882354,0.012350381720416557,0.3939944,0.0092766953081364
mHSC-GM,mDC,strict,scconcept,mlp,5,0.5285714,0.030203191914762915,0.5190628,0.019673989035271938,0.2544452,0.0675180464095341,0.5080318,0.0189086631193218,0.475,0.019493588689617924,0.7983194,0.03276225892456136,0.3577896,0.020540130998608557
mHSC-GM,mDC,strict,scconcept_encoded,lr,5,0.5454753999999999,0.018043182940933666,0.5219718,0.01404816704627334,0.482717,0.024327081575889857,0.535556,0.014092638163239732,0.473,0.015999999999999997,0.7949579999999999,0.02689056250062465,0.3887674,0.009683572018630312
mHSC-GM,mDC,strict,scconcept_encoded,mlp,5,0.5227866,0.016842731044578254,0.5242732,0.008250393382136402,0.4252924,0.03942432387549596,0.5161186,0.01567599735391661,0.461,0.011999999999999988,0.7747898,0.02016793333388424,0.3943444,0.009938792453814498
mHSC-GM,mDC,strict,v4_bias_rec_best,lr,5,0.5871758,0.014838081134702025,0.5919778,0.01883921127223747,0.5848494,0.015622742327773336,0.5330532,0.019938025091768757,0.487,0.008124038404635967,0.8184874,0.013653948258287798,0.4293258,0.013655218114698857
mHSC-GM,mDC,strict,v4_bias_rec_best,mlp,5,0.6061442,0.02276238768143621,0.5948097999999999,0.021270696127771663,0.5541518,0.02949099614729892,0.5476494,0.01192220175303203,0.493,0.012083045973594584,0.8285714,0.020307528462124604,0.3266766,0.02157921411543989
mHSC-GM,mDC,strict,v4_plain_best,lr,5,0.5652478,0.012105195139278019,0.573239,0.009096192522149035,0.5082206,0.005575352135964152,0.5322432,0.012514755553345826,0.471,0.01280624847486569,0.7915966,0.021522805882133497,0.3860088,0.013428238684205751
mHSC-GM,mDC,strict,v4_plain_best,mlp,5,0.611911,0.029556860090341138,0.6200374,0.024112118460226595,0.5435454,0.037030228649577654,0.5746742,0.02229984769813462,0.492,0.015684387141358117,0.8268906,0.026360150148282538,0.3276868,0.019681605954799532
mHSC-GM,mDC,strict,v4_type_pe_best,lr,5,0.5919558,0.020079905850376858,0.6204184,0.016261239591125888,0.5358966,0.013548867134930488,0.5200281999999999,0.015268101183840747,0.479,0.011135528725660053,0.8050419999999999,0.018715141880306443,0.4004572,0.015772283137199892
mHSC-GM,mDC,strict,v4_type_pe_best,mlp,5,0.5846546,0.03334620018292941,0.5982058,0.018445077374736076,0.5404996,0.028862931275946337,0.5281148,0.024410512746765502,0.476,0.017999999999999988,0.8000002,0.030252155555596377,0.35253260000000003,0.02471027969570558
mHSC-GM,mDC,topology_matched,baseline,lr,5,0.5819451999999999,0.01755667942863913,0.5732922,0.014242518673324591,0.568099,0.011875059932480331,0.545798,0.011871923652045637,0.479,0.014966629547095765,0.805042,0.025153893122139167,0.3717678,0.011796823952233932
mHSC-GM,mDC,topology_matched,baseline,mlp,5,0.5892488,0.021367090942849484,0.5931770000000001,0.02070847925850663,0.5185344,0.015564189854920158,0.5689074000000001,0.0241834726836325,0.479,0.017720045146669347,0.805042,0.029781301099851252,0.3037056,0.015681749221308182
mHSC-GM,mDC,topology_matched,cl_scratch_v5,lr,5,0.634399,0.04038746173257237,0.6035082,0.044451632210302475,0.5733348,0.043386571108581504,0.5886374000000001,0.026950729775648,0.503,0.016309506430300102,0.845378,0.027411068625648304,0.32143340000000004,0.014745143737515757
mHSC-GM,mDC,topology_matched,cl_scratch_v5,mlp,5,0.5254474,0.038880426379349284,0.4922882,0.03235753438320045,0.3890548,0.07058995071651489,0.49568880000000004,0.02339450768364234,0.48,0.018973665961010275,0.8067228,0.03188830251612652,0.3288382,0.019647704724979956
mHSC-GM,mDC,topology_matched,cl_v6_fair,lr,5,0.528693,0.03464117571907743,0.5072778,0.027878357271546708,0.5403864,0.018560639424330203,0.5011816,0.008672517456886433,0.469,0.011999999999999988,0.7882352,0.02016793333388424,0.4160312,0.018033520182149692
mHSC-GM,mDC,topology_matched,cl_v6_fair,mlp,5,0.5788028,0.020211957326295747,0.5456152,0.01660870267540481,0.5481932,0.02978936331914463,0.5517110000000001,0.02022556482276821,0.49,0.021679483388678797,0.8235294,0.036435877453960146,0.3164964,0.023328759620691353
mHSC-GM,mDC,topology_matched,minus,lr,5,0.554366,0.02478837714736484,0.5337312000000001,0.03294204897938195,0.5427714,0.01226781461548878,0.527737,0.016057393748675403,0.473,0.015684387141358114,0.7949578,0.026360264910656704,0.3921692,0.016208298274649306
mHSC-GM,mDC,topology_matched,minus,mlp,5,0.5436914,0.008528652475039637,0.5777192,0.009508909199272017,0.4455458,0.017115239705011453,0.5521192,0.007289928378248994,0.452,0.0040000000000000036,0.759664,0.006722750002789048,0.3155384,0.01526404877612752
mHSC-GM,mDC,topology_matched,scGPT_human,lr,5,0.6456218,0.03006269841115397,0.6560344,0.028414571230972345,0.3893268,0.043520535949824884,0.5997018000000001,0.023320749296709978,0.504,0.014628738838327807,0.8470588,0.024586042856873113,0.3247304,0.019000712571901085
mHSC-GM,mDC,topology_matched,scGPT_human,mlp,5,0.6586776,0.03634179421327459,0.639899,0.047087905372823716,0.3327596,0.05775660553252762,0.5826938,0.023301652365443973,0.517,0.014000000000000012,0.8689076,0.023529557145003835,0.31847380000000003,0.026277168160971993
mHSC-GM,mDC,topology_matched,scconcept,lr,5,0.53147,0.015594624112174027,0.4831572,0.026343771319991393,0.4001286,0.04791166378075385,0.5178054,0.013244255699736399,0.478,0.012083045973594561,0.8033614,0.020307528462124576,0.362535,0.009579275504963831
mHSC-GM,mDC,topology_matched,scconcept,mlp,5,0.5213068,0.04160805511628727,0.4776942,0.02703199864900854,0.1194022,0.03266142237809003,0.4925408,0.004881294230017301,0.486,0.019339079605813714,0.8168065999999999,0.03250234307000037,0.3670014,0.021161521113568373
mHSC-GM,mDC,topology_matched,scconcept_encoded,lr,5,0.5104304,0.02549919891761308,0.4774426,0.01978733389418593,0.5453574,0.019450447055016515,0.5303034,0.027509724503164332,0.47,0.007071067811865458,0.789916,0.011884202253411856,0.4131506,0.01881642361980619
mHSC-GM,mDC,topology_matched,scconcept_encoded,mlp,5,0.4739112,0.011049574297682246,0.4649058,0.013770607240060245,0.4604878,0.02736479484593298,0.475829,0.015179242326282302,0.46,0.01140175425099137,0.7731092,0.01916275295880004,0.43210560000000003,0.024452237513978143
mHSC-GM,mDC,topology_matched,v4_bias_rec_best,lr,5,0.6238948,0.028206687344670595,0.5868968,0.03784183089862329,0.55234,0.04857267122158303,0.597546,0.03429359060232682,0.497,0.011661903789690611,0.835294,0.019599715804062064,0.3373568,0.019405897757125277
mHSC-GM,mDC,topology_matched,v4_bias_rec_best,mlp,5,0.6139444000000001,0.016043269786424466,0.5546222000000001,0.02056588661254359,0.3478148,0.03504417229383511,0.5586896,0.013241530690973767,0.504,0.013928388277184131,0.847059,0.023409241149597304,0.3334236,0.0124743646988534
mHSC-GM,mDC,topology_matched,v4_plain_best,lr,5,0.5193642,0.020092317600515868,0.5008,0.014573441679987613,0.4824944,0.025065855649468654,0.5181036,0.013752015802783239,0.462,0.00748331477354787,0.7764706,0.012576886428683372,0.4039128,0.013028902860947279
mHSC-GM,mDC,topology_matched,v4_plain_best,mlp,5,0.5953172,0.015393646330873001,0.5644838,0.013790758433095691,0.4943922,0.023118303764766118,0.5463952,0.020988505867736262,0.503,0.012884098726725137,0.8453782,0.02165400979403124,0.309398,0.010929472009205203
mHSC-GM,mDC,topology_matched,v4_type_pe_best,lr,5,0.637741,0.02629587097625787,0.666856,0.039230137731086266,0.5636352,0.0316971225659365,0.6005252,0.029800593298791856,0.493,0.01029563014098701,0.8285714,0.01730363246951343,0.3175322,0.02076176358983023
mHSC-GM,mDC,topology_matched,v4_type_pe_best,mlp,5,0.5872158,0.03234374898121738,0.619768,0.023548709561247733,0.47134,0.05152568394888126,0.584769,0.018334473878461828,0.46599999999999997,0.015937377450509216,0.7831933999999999,0.026785498513934747,0.298248,0.019661130638902746
mHSC-GM,mESC,coverage_matched,baseline,mlp,1,0.5,0.0,0.409827,0.0,0.580645,0.0,0.5,0.0,0.409091,0.0,1.0,0.0,0.325946,0.0
mHSC-GM,mESC,coverage_matched,cl_v6_fair,lr,5,0.456522,0.0,0.554577,0.0,0.5508200000000001,0.27541000000000004,0.4652176,0.017391200000000006,0.575,0.0,1.0,0.0,0.2657946,0.010844056244782201
mHSC-GM,mESC,coverage_matched,cl_v6_fair,mlp,5,0.5086956,0.04259956601469082,0.589005,0.028110344288179746,0.5994736,0.220524237365057,0.4913044,0.032535955972431495,0.575,0.0,1.0,0.0,0.2456094,0.007023130430228388
mHSC-GM,mESC,coverage_matched,minus,mlp,2,0.56383,0.0,0.327869,0.0,0.45977,0.0,0.5,0.0,0.298507,0.0,1.0,0.0,0.3182285,0.013691499999999995
mHSC-GM,mESC,coverage_matched,scGPT_human,mlp,2,0.557416,0.0,0.494223,0.0,0.3166665,0.3166665,0.5,0.0,0.463415,0.0,1.0,0.0,0.258309,0.001921000000000006
mHSC-GM,mESC,coverage_matched,scconcept,mlp,3,0.5012623333333334,0.0660682863979047,0.373366,0.028885312011470453,0.0,0.0,0.5,0.0,0.352941,0.0,1.0,0.0,0.23246066666666668,0.001902610545773591
mHSC-GM,mESC,coverage_matched,scconcept_encoded,mlp,5,0.49335120000000005,0.010670276161374661,0.7154398000000001,0.007047328611608809,0.0,0.0,0.5,0.0,0.716216,0.0,1.0,0.0,0.319294,0.02648192340446593
mHSC-GM,mESC,coverage_matched,v4_bias_rec_best,mlp,2,0.5,0.01348000000000002,0.4149355,0.00671250000000001,0.586207,0.0,0.5,0.0,0.414634,0.0,1.0,0.0,0.290019,0.026188000000000017
mHSC-GM,mESC,coverage_matched,v4_type_pe_best,mlp,4,0.51736125,0.03454845128493462,0.28409075,0.015308298049995615,0.428571,0.0,0.5,0.0,0.272727,0.0,1.0,0.0,0.29800825,0.01837605537615459
mHSC-GM,mESC,native,baseline,lr,5,0.4962788,0.0017361389806118707,0.5146996,0.0017121655994675143,0.6772587999999999,0.0009832251827532129,0.496439,0.001090022935538503,0.542,0.012489995996796807,0.1608306,0.0037061501102896516,0.2563832,0.0031962899367860903
mHSC-GM,mESC,native,baseline,mlp,5,0.4975432,0.003216886656380659,0.5155596,0.0014512496132643637,0.5441416,0.2676404287693472,0.4982194,0.0021807807409274104,0.532,0.017776388834631195,0.1578636,0.005274794615906861,0.2514452,0.0009182205399575821
mHSC-GM,mESC,native,cl_scratch_v5,lr,5,0.5040226,0.0016039950872742859,0.5200656,0.0012807412853500337,0.680464,0.0,0.5,0.0,0.56,0.004472135954999534,0.166172,0.0013273299514438746,0.2530332,0.003909849275867297
mHSC-GM,mESC,native,cl_scratch_v5,mlp,5,0.5026706,0.0021805357690255767,0.518692,0.001597067312294652,0.5471002,0.2647281124999005,0.4999998,0.0024380956831100745,0.559,0.004898979485566306,0.1658752,0.0014540171113160937,0.2499278,0.0009433004611469218
mHSC-GM,mESC,native,cl_v6_fair,lr,5,0.5044512,0.0013556684550435018,0.520276,0.0011599144796061633,0.680464,0.0,0.5,0.0,0.558,0.0039999999999999645,0.1655784,0.0011871999999999978,0.25307599999999997,0.003878676526858101
mHSC-GM,mESC,native,cl_v6_fair,mlp,5,0.5026706,0.0021805357690255767,0.518692,0.001597067312294652,0.5471002,0.2647281124999005,0.4999998,0.0024380956831100745,0.559,0.004898979485566306,0.1658752,0.0014540171113160937,0.252018,0.004150598848359099
mHSC-GM,mESC,native,minus,lr,5,0.49920960000000003,0.0011412993647592904,0.5169296,0.00033205336920441716,0.678463,0.0,0.497774,0.0,0.557,0.007483314773547842,0.1652818,0.002220727124164514,0.2557796,0.003886694461878894
mHSC-GM,mESC,native,minus,mlp,5,0.4984118,0.0031763999999999903,0.5162028,0.0010663999999999784,0.544543,0.26784,0.4986644,0.0017807999999999824,0.528,0.014000000000000012,0.1566768,0.0041544000000000025,0.25908739999999997,0.006864160068063695
mHSC-GM,mESC,native,scGPT_human,lr,5,0.495816,0.0018462981341051121,0.5136446,0.0008676489151724601,0.676456,0.0,0.495549,0.0,0.54,0.008366600265340763,0.1602374,0.002482728869611019,0.2578544,0.004094155229104032
mHSC-GM,mESC,native,scGPT_human,mlp,5,0.497351,0.005499684790967571,0.5148619999999999,0.0028889954655554584,0.5437402,0.26744010615418173,0.4977744,0.002438095699516301,0.532,0.019390719429665335,0.1578636,0.005754082536773351,0.252465,0.00149018052597664
mHSC-GM,mESC,native,scconcept,lr,5,0.504451,0.001813287952863508,0.5209408,0.0007735056302316215,0.680464,0.0,0.5,0.0,0.554,0.0037416573867739447,0.1643916,0.001110096320145239,0.253501,0.00415353175020969
mHSC-GM,mESC,native,scconcept,mlp,5,0.5023299999999999,0.005039200889029912,0.5181538,0.0030239728437933934,0.5457436,0.26844141868243804,0.5,0.0014078460143069486,0.535,0.023237900077244477,0.158754,0.00689545954958769,0.2504534,0.0007596629779053331
mHSC-GM,mESC,native,scconcept_encoded,lr,5,0.5028094,0.0035719401226784095,0.519561,0.0022281674084323297,0.6796636,0.0009802857950617883,0.4991096,0.0010905128334870737,0.548,0.006782329983125274,0.16261119999999998,0.0020126416869378377,0.2552548,0.005368982339326515
mHSC-GM,mESC,native,scconcept_encoded,mlp,5,0.495603,0.0050234904598297015,0.5137498,0.002453225582778734,0.1352912,0.2705824,0.4991098,0.0017803999999999932,0.537,0.024617067250182336,0.159347,0.007304728797155999,0.2536798,0.0022995335527015103
mHSC-GM,mESC,native,v4_bias_rec_best,lr,5,0.499356,0.0019489847613565182,0.5172438,0.0006425690313110533,0.678463,0.0,0.497774,0.0,0.554,0.007999999999999978,0.1643914,0.0023740500078978993,0.2555334,0.003925952093441797
mHSC-GM,mESC,native,v4_bias_rec_best,mlp,5,0.4923942,0.003908114911309558,0.5120154,0.0017975437240857115,0.5419676,0.2709852864497259,0.4973292,0.0016653582677610165,0.527,0.02638181191654586,0.1563796,0.007828453962309552,0.2574812,0.00354575624655727
mHSC-GM,mESC,native,v4_plain_best,lr,5,0.5006659999999999,0.0013850214438772966,0.517437,0.0003459323633313518,0.678463,0.0,0.497774,0.0,0.551,0.0058309518948453055,0.16350119999999999,0.0017302149461844373,0.255591,0.004005834644615278
mHSC-GM,mESC,native,v4_plain_best,mlp,5,0.4966098,0.005899530503353633,0.514902,0.002938887408527263,0.2727564,0.3304551547091375,0.4991098,0.0022697697151913706,0.529,0.02517935662402833,0.1569734,0.007471414099084592,0.2545526,0.002416392401908259
mHSC-GM,mESC,native,v4_type_pe_best,lr,5,0.5009008,0.0028849941698381055,0.5177882,0.0014977315380267557,0.6788632,0.0008003999999999678,0.4982192,0.0008904000000000023,0.557,0.003999999999999959,0.1652816,0.0011871999999999994,0.25436359999999997,0.004230202009360783
mHSC-GM,mESC,native,v4_type_pe_best,mlp,5,0.5015666,0.003187474461074149,0.5176644,0.0016000780730951927,0.544543,0.26784,0.4986644,0.0017807999999999824,0.534,0.030066592756745808,0.1584572,0.008921868938737003,0.2523962,0.00314356399012331
mHSC-GM,mESC,strict,baseline,mlp,1,0.5,0.0,0.875,0.0,0.0,0.0,0.5,0.0,0.875,0.0,1.0,0.0,0.852252,0.0
mHSC-GM,mESC,strict,minus,mlp,2,0.5,0.0,0.875,0.0,0.0,0.0,0.5,0.0,0.875,0.0,1.0,0.0,0.749892,0.06374400000000002
mHSC-GM,mESC,strict,scconcept,mlp,2,0.5,0.0,0.875,0.0,0.0,0.0,0.5,0.0,0.875,0.0,1.0,0.0,0.812154,0.02721800000000002
mHSC-GM,mESC,strict,scconcept_encoded,mlp,4,0.5,0.0,0.875,0.0,0.0,0.0,0.5,0.0,0.875,0.0,1.0,0.0,0.85470725,0.011422772066687643
mHSC-GM,mESC,strict,v4_bias_rec_best,mlp,2,0.5,0.0,0.875,0.0,0.0,0.0,0.5,0.0,0.875,0.0,1.0,0.0,0.8049854999999999,0.06558049999999999
mHSC-GM,mESC,strict,v4_plain_best,mlp,2,0.5,0.0,0.875,0.0,0.0,0.0,0.5,0.0,0.875,0.0,1.0,0.0,0.688757,0.150617
mHSC-GM,mESC,strict,v4_type_pe_best,mlp,2,0.5,0.0,0.875,0.0,0.0,0.0,0.5,0.0,0.875,0.0,1.0,0.0,0.7910085,0.07285549999999996
mHSC-GM,mESC,topology_matched,baseline,mlp,1,0.5,0.0,0.875,0.0,0.0,0.0,0.5,0.0,0.875,0.0,1.0,0.0,0.569476,0.0
mHSC-GM,mESC,topology_matched,minus,mlp,4,0.5062005,0.03557223005027941,0.8887787500000001,0.007264037733072438,0.0,0.0,0.5,0.0,0.887324,0.0,1.0,0.0,0.53694575,0.07654189289981989
mHSC-GM,mESC,topology_matched,scGPT_human,mlp,1,0.5,0.0,0.875,0.0,0.0,0.0,0.5,0.0,0.875,0.0,1.0,0.0,0.54717,0.0
mHSC-GM,mESC,topology_matched,scconcept,mlp,2,0.5,0.0,0.875,0.0,0.0,0.0,0.5,0.0,0.875,0.0,1.0,0.0,0.675745,0.09098699999999998
mHSC-GM,mESC,topology_matched,scconcept_encoded,mlp,3,0.5,0.0,0.875,0.0,0.0,0.0,0.5,0.0,0.875,0.0,1.0,0.0,0.771808,0.0492480801723952
mHSC-GM,mESC,topology_matched,v4_bias_rec_best,mlp,3,0.5,0.0,0.875,0.0,0.0,0.0,0.5,0.0,0.875,0.0,1.0,0.0,0.748314,0.07976689506723114
mHSC-GM,mESC,topology_matched,v4_plain_best,mlp,4,0.5,0.0,0.875,0.0,0.0,0.0,0.5,0.0,0.875,0.0,1.0,0.0,0.500545,0.10972477348119704
mHSC-GM,mESC,topology_matched,v4_type_pe_best,mlp,4,0.5,0.0,0.875,0.0,0.0,0.0,0.5,0.0,0.875,0.0,1.0,0.0,0.63329375,0.19604434924446942
mHSC-GM,mHSC-E,coverage_matched,baseline,lr,5,0.764976,0.012933148758133102,0.752751,0.013612253729636403,0.6149232,0.024232801880096338,0.673898,0.013645526754215103,0.813,0.011224972160321783,0.24711239999999998,0.0034119282876402877,0.2936574,0.011311905349674752
mHSC-GM,mHSC-E,coverage_matched,baseline,mlp,5,0.811788,0.010809081015516529,0.7672095999999999,0.008598424125384847,0.6304662,0.035952563026298956,0.6935932,0.019053159710662175,0.816,0.020346989949375772,0.2480242,0.0061843447316591305,0.2583644,0.014497194578262377
mHSC-GM,mHSC-E,coverage_matched,cl_scratch_v5,lr,5,0.7021784,0.015809510613551604,0.7065554,0.014464212409944756,0.5754022,0.0275879985964912,0.6442734,0.014719637259117492,0.784,0.023537204591879662,0.2382978,0.007154154580381942,0.32851040000000004,0.015062141860970506
mHSC-GM,mHSC-E,coverage_matched,cl_scratch_v5,mlp,5,0.7566286,0.003941176961264226,0.7241776,0.002026860883237913,0.522276,0.045567366142887825,0.635589,0.017488851340211015,0.758,0.009273618495495711,0.2303952,0.0028184683358164564,0.3140616,0.014248934537010129
mHSC-GM,mHSC-E,coverage_matched,cl_v6_fair,lr,5,0.6555048,0.013695036727223471,0.6788944,0.01870409848776465,0.5579988,0.016900000726627215,0.6241474,0.010145422861566708,0.775,0.03911521443121589,0.2355624,0.01188887768630832,0.3466566,0.012240673210244597
mHSC-GM,mHSC-E,coverage_matched,cl_v6_fair,mlp,5,0.713479,0.008054545598604544,0.6878086,0.005746594490652667,0.5061284,0.021265465305043307,0.6177808,0.010058717997836513,0.721,0.016552945357246864,0.21914920000000002,0.005031358361317546,0.33533399999999997,0.006961905055370981
mHSC-GM,mHSC-E,coverage_matched,minus,lr,5,0.7270772,0.015214163353927812,0.7347948,0.023014016141473418,0.5805278,0.013654163297690562,0.6512091999999999,0.011286737728856824,0.844,0.023108440016582674,0.2565352,0.007023806016683548,0.3161,0.010972475162879159
mHSC-GM,mHSC-E,coverage_matched,minus,mlp,5,0.7852578,0.01211835619875897,0.7583552,0.015453107847937894,0.6110186,0.02841217844939033,0.681585,0.014474525512085043,0.842,0.016309506430300102,0.255927,0.004957231566106239,0.267563,0.012894429944747451
mHSC-GM,mHSC-E,coverage_matched,scGPT_human,lr,5,0.8075194,0.016305878481087718,0.7785698,0.01697394938604447,0.7011196,0.022560460833945733,0.7216862,0.018795294883560645,0.836,0.024166091947189133,0.2541034,0.007345482274160092,0.246363,0.017615028742525525
mHSC-GM,mHSC-E,coverage_matched,scGPT_human,mlp,5,0.8204506,0.01148660100464886,0.7626102,0.010798348251468824,0.649869,0.022927244579320903,0.7042062,0.010275522534645122,0.791,0.015937377450509202,0.24042539999999998,0.004844184703332438,0.239268,0.004912382354825409
mHSC-GM,mHSC-E,coverage_matched,scconcept,lr,5,0.6227318,0.016131383392629407,0.560323,0.014289380840330363,0.3917666,0.01772953428153148,0.5301104,0.009625320204543864,0.526,0.026720778431774762,0.1598782,0.008121799317885165,0.43174219999999996,0.010075498367822806
mHSC-GM,mHSC-E,coverage_matched,scconcept,mlp,5,0.6543764,0.00995766200671622,0.5777952,0.008293500500994741,0.3181538,0.038103286443035324,0.5163034,0.010612904609012553,0.506,0.017720045146669364,0.1537994,0.005385911792816511,0.4073924,0.013403987326165295
mHSC-GM,mHSC-E,coverage_matched,scconcept_encoded,lr,5,0.565274,0.016644096935550464,0.6125456,0.014554928025929942,0.48363,0.022635119500457684,0.5728875999999999,0.010772644384736737,0.6930000000000001,0.025019992006393578,0.2106382,0.007604614741063479,0.3939628,0.009959249096191947
mHSC-GM,mHSC-E,coverage_matched,scconcept_encoded,mlp,5,0.595026,0.011959902976195078,0.5677554,0.007183959927505169,0.3516262,0.020580184619191342,0.5445136,0.0076960743395577845,0.597,0.013266499161421611,0.181459,0.00403241272689193,0.4027512,0.0055224998469895915
mHSC-GM,mHSC-E,coverage_matched,v4_bias_rec_best,lr,5,0.674117,0.014649550395831249,0.6768546,0.020042582574109544,0.4941796,0.029710807000820436,0.6171324,0.018733542810691183,0.746,0.039673668849754776,0.2267476,0.01205896540504201,0.3561688,0.014013418974682793
mHSC-GM,mHSC-E,coverage_matched,v4_bias_rec_best,mlp,5,0.7245484,0.010754392490512896,0.6862772,0.013271674986978841,0.4773532,0.039756330843778824,0.611864,0.016577439259427257,0.723,0.029427877939124308,0.2197566,0.00894472243504515,0.33642880000000003,0.01782562090250995
mHSC-GM,mHSC-E,coverage_matched,v4_plain_best,lr,5,0.7170668,0.025280510148333636,0.6966964,0.023939181686933243,0.5471994,0.05676708137151319,0.6310936,0.028221897984366705,0.743,0.039824615503479786,0.225836,0.012104799857907609,0.33575520000000003,0.028650309034284435
mHSC-GM,mHSC-E,coverage_matched,v4_plain_best,mlp,5,0.7793338,0.007097782340985088,0.7191736,0.007745903242359826,0.5454308,0.019742989291391514,0.642329,0.009737984288342234,0.739,0.020832666655999678,0.22462,0.006332266639995508,0.2971264,0.011390670262982771
mHSC-GM,mHSC-E,coverage_matched,v4_type_pe_best,lr,5,0.6861792,0.02072907293054854,0.675644,0.0225923280075339,0.50671,0.02061281095823664,0.6232052,0.009370635974148183,0.765,0.020248456731316606,0.2325228,0.006154790050034207,0.3531284,0.009762305682573144
mHSC-GM,mHSC-E,coverage_matched,v4_type_pe_best,mlp,5,0.778316,0.016284629452339397,0.7226216,0.017325953960460563,0.5439832,0.03236357519434464,0.648243,0.0160769745163697,0.769,0.017720045146669364,0.2337386,0.005385911792816508,0.2987146,0.017792321226866376
mHSC-GM,mHSC-E,native,baseline,lr,5,0.764976,0.012933148758133102,0.752751,0.013612253729636403,0.6149232,0.024232801880096338,0.673898,0.013645526754215103,0.813,0.011224972160321783,0.24711239999999998,0.0034119282876402877,0.2936574,0.011311905349674752
mHSC-GM,mHSC-E,native,baseline,mlp,5,0.811788,0.010809081015516529,0.7672095999999999,0.008598424125384847,0.6304662,0.035952563026298956,0.6935932,0.019053159710662175,0.816,0.020346989949375772,0.2480242,0.0061843447316591305,0.2583644,0.014497194578262377
mHSC-GM,mHSC-E,native,cl_scratch_v5,lr,5,0.7021784,0.015809510613551604,0.7065554,0.014464212409944756,0.5754022,0.0275879985964912,0.6442734,0.014719637259117492,0.784,0.023537204591879662,0.2382978,0.007154154580381942,0.32851040000000004,0.015062141860970506
mHSC-GM,mHSC-E,native,cl_scratch_v5,mlp,5,0.7566286,0.003941176961264226,0.7241776,0.002026860883237913,0.522276,0.045567366142887825,0.635589,0.017488851340211015,0.758,0.009273618495495711,0.2303952,0.0028184683358164564,0.3140616,0.014248934537010129
mHSC-GM,mHSC-E,native,cl_v6_fair,lr,5,0.6555048,0.013695036727223471,0.6788944,0.01870409848776465,0.5579988,0.016900000726627215,0.6241474,0.010145422861566708,0.775,0.03911521443121589,0.2355624,0.01188887768630832,0.3466566,0.012240673210244597
mHSC-GM,mHSC-E,native,cl_v6_fair,mlp,5,0.713479,0.008054545598604544,0.6878086,0.005746594490652667,0.5061284,0.021265465305043307,0.6177808,0.010058717997836513,0.721,0.016552945357246864,0.21914920000000002,0.005031358361317546,0.33533399999999997,0.006961905055370981
mHSC-GM,mHSC-E,native,minus,lr,5,0.7270772,0.015214163353927812,0.7347948,0.023014016141473418,0.5805278,0.013654163297690562,0.6512091999999999,0.011286737728856824,0.844,0.023108440016582674,0.2565352,0.007023806016683548,0.3161,0.010972475162879159
mHSC-GM,mHSC-E,native,minus,mlp,5,0.7852578,0.01211835619875897,0.7583552,0.015453107847937894,0.6110186,0.02841217844939033,0.681585,0.014474525512085043,0.842,0.016309506430300102,0.255927,0.004957231566106239,0.267563,0.012894429944747451
mHSC-GM,mHSC-E,native,scGPT_human,lr,5,0.8075194,0.016305878481087718,0.7785698,0.01697394938604447,0.7011196,0.022560460833945733,0.7216862,0.018795294883560645,0.836,0.024166091947189133,0.2541034,0.007345482274160092,0.246363,0.017615028742525525
mHSC-GM,mHSC-E,native,scGPT_human,mlp,5,0.8204506,0.01148660100464886,0.7626102,0.010798348251468824,0.649869,0.022927244579320903,0.7042062,0.010275522534645122,0.791,0.015937377450509202,0.24042539999999998,0.004844184703332438,0.239268,0.004912382354825409
mHSC-GM,mHSC-E,native,scconcept,lr,5,0.6227318,0.016131383392629407,0.560323,0.014289380840330363,0.3917666,0.01772953428153148,0.5301104,0.009625320204543864,0.526,0.026720778431774762,0.1598782,0.008121799317885165,0.43174219999999996,0.010075498367822806
mHSC-GM,mHSC-E,native,scconcept,mlp,5,0.6543764,0.00995766200671622,0.5777952,0.008293500500994741,0.3181538,0.038103286443035324,0.5163034,0.010612904609012553,0.506,0.017720045146669364,0.1537994,0.005385911792816511,0.4073924,0.013403987326165295
mHSC-GM,mHSC-E,native,scconcept_encoded,lr,5,0.565274,0.016644096935550464,0.6125456,0.014554928025929942,0.48363,0.022635119500457684,0.5728875999999999,0.010772644384736737,0.6930000000000001,0.025019992006393578,0.2106382,0.007604614741063479,0.3939628,0.009959249096191947
mHSC-GM,mHSC-E,native,scconcept_encoded,mlp,5,0.595026,0.011959902976195078,0.5677554,0.007183959927505169,0.3516262,0.020580184619191342,0.5445136,0.0076960743395577845,0.597,0.013266499161421611,0.181459,0.00403241272689193,0.4027512,0.0055224998469895915
mHSC-GM,mHSC-E,native,v4_bias_rec_best,lr,5,0.674117,0.014649550395831249,0.6768546,0.020042582574109544,0.4941796,0.029710807000820436,0.6171324,0.018733542810691183,0.746,0.039673668849754776,0.2267476,0.01205896540504201,0.3561688,0.014013418974682793
mHSC-GM,mHSC-E,native,v4_bias_rec_best,mlp,5,0.7245484,0.010754392490512896,0.6862772,0.013271674986978841,0.4773532,0.039756330843778824,0.611864,0.016577439259427257,0.723,0.029427877939124308,0.2197566,0.00894472243504515,0.33642880000000003,0.01782562090250995
mHSC-GM,mHSC-E,native,v4_plain_best,lr,5,0.7170668,0.025280510148333636,0.6966964,0.023939181686933243,0.5471994,0.05676708137151319,0.6310936,0.028221897984366705,0.743,0.039824615503479786,0.225836,0.012104799857907609,0.33575520000000003,0.028650309034284435
mHSC-GM,mHSC-E,native,v4_plain_best,mlp,5,0.7793338,0.007097782340985088,0.7191736,0.007745903242359826,0.5454308,0.019742989291391514,0.642329,0.009737984288342234,0.739,0.020832666655999678,0.22462,0.006332266639995508,0.2971264,0.011390670262982771
mHSC-GM,mHSC-E,native,v4_type_pe_best,lr,5,0.6861792,0.02072907293054854,0.675644,0.0225923280075339,0.50671,0.02061281095823664,0.6232052,0.009370635974148183,0.765,0.020248456731316606,0.2325228,0.006154790050034207,0.3531284,0.009762305682573144
mHSC-GM,mHSC-E,native,v4_type_pe_best,mlp,5,0.778316,0.016284629452339397,0.7226216,0.017325953960460563,0.5439832,0.03236357519434464,0.648243,0.0160769745163697,0.769,0.017720045146669364,0.2337386,0.005385911792816508,0.2987146,0.017792321226866376
mHSC-GM,mHSC-E,strict,baseline,lr,5,0.764976,0.012933148758133102,0.752751,0.013612253729636403,0.6149232,0.024232801880096338,0.673898,0.013645526754215103,0.813,0.011224972160321783,0.24711239999999998,0.0034119282876402877,0.2936574,0.011311905349674752
mHSC-GM,mHSC-E,strict,baseline,mlp,5,0.811788,0.010809081015516529,0.7672095999999999,0.008598424125384847,0.6304662,0.035952563026298956,0.6935932,0.019053159710662175,0.816,0.020346989949375772,0.2480242,0.0061843447316591305,0.2583644,0.014497194578262377
mHSC-GM,mHSC-E,strict,cl_scratch_v5,lr,5,0.7021784,0.015809510613551604,0.7065554,0.014464212409944756,0.5754022,0.0275879985964912,0.6442734,0.014719637259117492,0.784,0.023537204591879662,0.2382978,0.007154154580381942,0.32851040000000004,0.015062141860970506
mHSC-GM,mHSC-E,strict,cl_scratch_v5,mlp,5,0.7566286,0.003941176961264226,0.7241776,0.002026860883237913,0.522276,0.045567366142887825,0.635589,0.017488851340211015,0.758,0.009273618495495711,0.2303952,0.0028184683358164564,0.3140616,0.014248934537010129
mHSC-GM,mHSC-E,strict,cl_v6_fair,lr,5,0.6555048,0.013695036727223471,0.6788944,0.01870409848776465,0.5579988,0.016900000726627215,0.6241474,0.010145422861566708,0.775,0.03911521443121589,0.2355624,0.01188887768630832,0.3466566,0.012240673210244597
mHSC-GM,mHSC-E,strict,cl_v6_fair,mlp,5,0.713479,0.008054545598604544,0.6878086,0.005746594490652667,0.5061284,0.021265465305043307,0.6177808,0.010058717997836513,0.721,0.016552945357246864,0.21914920000000002,0.005031358361317546,0.33533399999999997,0.006961905055370981
mHSC-GM,mHSC-E,strict,minus,lr,5,0.7270772,0.015214163353927812,0.7347948,0.023014016141473418,0.5805278,0.013654163297690562,0.6512091999999999,0.011286737728856824,0.844,0.023108440016582674,0.2565352,0.007023806016683548,0.3161,0.010972475162879159
mHSC-GM,mHSC-E,strict,minus,mlp,5,0.7852578,0.01211835619875897,0.7583552,0.015453107847937894,0.6110186,0.02841217844939033,0.681585,0.014474525512085043,0.842,0.016309506430300102,0.255927,0.004957231566106239,0.267563,0.012894429944747451
mHSC-GM,mHSC-E,strict,scGPT_human,lr,5,0.8075194,0.016305878481087718,0.7785698,0.01697394938604447,0.7011196,0.022560460833945733,0.7216862,0.018795294883560645,0.836,0.024166091947189133,0.2541034,0.007345482274160092,0.246363,0.017615028742525525
mHSC-GM,mHSC-E,strict,scGPT_human,mlp,5,0.8204506,0.01148660100464886,0.7626102,0.010798348251468824,0.649869,0.022927244579320903,0.7042062,0.010275522534645122,0.791,0.015937377450509202,0.24042539999999998,0.004844184703332438,0.239268,0.004912382354825409
mHSC-GM,mHSC-E,strict,scconcept,lr,5,0.6227318,0.016131383392629407,0.560323,0.014289380840330363,0.3917666,0.01772953428153148,0.5301104,0.009625320204543864,0.526,0.026720778431774762,0.1598782,0.008121799317885165,0.43174219999999996,0.010075498367822806
mHSC-GM,mHSC-E,strict,scconcept,mlp,5,0.6543764,0.00995766200671622,0.5777952,0.008293500500994741,0.3181538,0.038103286443035324,0.5163034,0.010612904609012553,0.506,0.017720045146669364,0.1537994,0.005385911792816511,0.4073924,0.013403987326165295
mHSC-GM,mHSC-E,strict,scconcept_encoded,lr,5,0.565274,0.016644096935550464,0.6125456,0.014554928025929942,0.48363,0.022635119500457684,0.5728875999999999,0.010772644384736737,0.6930000000000001,0.025019992006393578,0.2106382,0.007604614741063479,0.3939628,0.009959249096191947
mHSC-GM,mHSC-E,strict,scconcept_encoded,mlp,5,0.595026,0.011959902976195078,0.5677554,0.007183959927505169,0.3516262,0.020580184619191342,0.5445136,0.0076960743395577845,0.597,0.013266499161421611,0.181459,0.00403241272689193,0.4027512,0.0055224998469895915
mHSC-GM,mHSC-E,strict,v4_bias_rec_best,lr,5,0.674117,0.014649550395831249,0.6768546,0.020042582574109544,0.4941796,0.029710807000820436,0.6171324,0.018733542810691183,0.746,0.039673668849754776,0.2267476,0.01205896540504201,0.3561688,0.014013418974682793
mHSC-GM,mHSC-E,strict,v4_bias_rec_best,mlp,5,0.7245484,0.010754392490512896,0.6862772,0.013271674986978841,0.4773532,0.039756330843778824,0.611864,0.016577439259427257,0.723,0.029427877939124308,0.2197566,0.00894472243504515,0.33642880000000003,0.01782562090250995
mHSC-GM,mHSC-E,strict,v4_plain_best,lr,5,0.7170668,0.025280510148333636,0.6966964,0.023939181686933243,0.5471994,0.05676708137151319,0.6310936,0.028221897984366705,0.743,0.039824615503479786,0.225836,0.012104799857907609,0.33575520000000003,0.028650309034284435
mHSC-GM,mHSC-E,strict,v4_plain_best,mlp,5,0.7793338,0.007097782340985088,0.7191736,0.007745903242359826,0.5454308,0.019742989291391514,0.642329,0.009737984288342234,0.739,0.020832666655999678,0.22462,0.006332266639995508,0.2971264,0.011390670262982771
mHSC-GM,mHSC-E,strict,v4_type_pe_best,lr,5,0.6861792,0.02072907293054854,0.675644,0.0225923280075339,0.50671,0.02061281095823664,0.6232052,0.009370635974148183,0.765,0.020248456731316606,0.2325228,0.006154790050034207,0.3531284,0.009762305682573144
mHSC-GM,mHSC-E,strict,v4_type_pe_best,mlp,5,0.778316,0.016284629452339397,0.7226216,0.017325953960460563,0.5439832,0.03236357519434464,0.648243,0.0160769745163697,0.769,0.017720045146669364,0.2337386,0.005385911792816508,0.2987146,0.017792321226866376
mHSC-GM,mHSC-E,topology_matched,baseline,lr,5,0.7649544,0.015448777137365928,0.744081,0.009466018149148051,0.6262694,0.01676407682635702,0.6779336,0.011794684253510138,0.783,0.007483314773547889,0.2379942,0.0022745802601798885,0.2882486,0.010016313185998129
mHSC-GM,mHSC-E,topology_matched,baseline,mlp,5,0.8055942,0.012570877541365195,0.7640408,0.011106211332403157,0.604171,0.026448868217751782,0.6795056,0.014282318447647078,0.8170000000000001,0.02657066051117282,0.2483282,0.008076035596751664,0.2680512,0.01461163727170914
mHSC-GM,mHSC-E,topology_matched,cl_scratch_v5,lr,5,0.6982656,0.016192533249618488,0.7029,0.012441189203609131,0.543534,0.039324024651604526,0.6278874,0.014953965328300036,0.78,0.015165750888103114,0.2370824,0.004609597014924408,0.33935139999999997,0.013452872207822396
mHSC-GM,mHSC-E,topology_matched,cl_scratch_v5,mlp,5,0.756814,0.007988219626424927,0.7284967999999999,0.007100200092955125,0.5084184,0.025182224147997746,0.6292356,0.00947886091468799,0.763,0.012083045973594584,0.231915,0.0036726666606159562,0.3186544,0.011454883894653848
mHSC-GM,mHSC-E,topology_matched,cl_v6_fair,lr,5,0.6296578,0.018211531988275995,0.6503140000000001,0.017775394960450244,0.5305984,0.018332375913667046,0.6040656,0.011003963405973309,0.738,0.03171750305430744,0.22431600000000002,0.009640449927259613,0.36301,0.012555836109156563
mHSC-GM,mHSC-E,topology_matched,cl_v6_fair,mlp,5,0.703581,0.009638553335433675,0.6820514,0.008630851327650131,0.4753616,0.0246142090232451,0.6047268,0.009685531444376177,0.718,0.03264965543462901,0.218237,0.009924086355932218,0.3392406,0.010103185034433446
mHSC-GM,mHSC-E,topology_matched,minus,lr,5,0.6995518000000001,0.017354133886771785,0.713418,0.019806945256651793,0.5517078,0.04048086382675154,0.6381982,0.018858378958966734,0.824,0.02922327839240491,0.2504558,0.008882432581224592,0.330096,0.01948547482613653
mHSC-GM,mHSC-E,topology_matched,minus,mlp,5,0.7805962,0.010665057550712053,0.7504682,0.013778264744154115,0.6026988,0.02409584226708004,0.6760992,0.009182799124450018,0.805,0.014832396974191295,0.2446808,0.004508307061414518,0.276692,0.007925174597445782
mHSC-GM,mHSC-E,topology_matched,scGPT_human,lr,5,0.7956422000000001,0.010941526719795555,0.7597636,0.015550970356861973,0.6721196,0.026581874099468605,0.7044346,0.01641623432581295,0.809,0.023958297101421847,0.2458968,0.007282187017647921,0.2599354,0.012714308657571591
mHSC-GM,mHSC-E,topology_matched,scGPT_human,mlp,5,0.8143448,0.0099306229492414,0.7506492,0.01516702420911893,0.626839,0.03185222768975508,0.689756,0.016084279069949026,0.774,0.024779023386727717,0.2352584,0.0075315074878804945,0.2525018,0.015144725436930191
mHSC-GM,mHSC-E,topology_matched,scconcept,lr,5,0.6196922,0.009079462239582245,0.5617482,0.010954619653826424,0.3932428,0.010827892341540891,0.5322658,0.009322932894749402,0.524,0.027459060435491987,0.1592704,0.00834636715224055,0.4281182,0.008155615155216685
mHSC-GM,mHSC-E,topology_matched,scconcept,mlp,5,0.6503794,0.017892030500756474,0.5776169999999999,0.011275483918661773,0.3241634,0.04659097093042814,0.5212024,0.013787716919055152,0.523,0.03091924966748064,0.1589668,0.00939798355818949,0.4021876,0.009143863135458683
mHSC-GM,mHSC-E,topology_matched,scconcept_encoded,lr,5,0.5688118,0.016597774397792028,0.6179332,0.014867929451002924,0.4873682,0.012382821348949493,0.5703698,0.01177992119498258,0.703,0.02541653005427766,0.2136778,0.007725311033220611,0.3916134,0.009995018411188642
mHSC-GM,mHSC-E,topology_matched,scconcept_encoded,mlp,5,0.5882136,0.016694594102283508,0.5594874,0.01051522885342968,0.3469618,0.015970889335287505,0.5445494000000001,0.00600485438957516,0.598,0.028390139133156807,0.1817628,0.00862914404561657,0.4087476,0.006259732984720682
mHSC-GM,mHSC-E,topology_matched,v4_bias_rec_best,lr,5,0.6617282,0.02326099624177778,0.6689312,0.022982586602904413,0.471986,0.04338495921399488,0.6092803999999999,0.020767046603694005,0.744,0.026907248094147445,0.2261396,0.008178450625882632,0.362742,0.021040275359414853
mHSC-GM,mHSC-E,topology_matched,v4_bias_rec_best,mlp,5,0.7140446,0.005440772834809406,0.6780200000000001,0.013917662605480842,0.4523904,0.06291911182335616,0.6003052,0.02703362928946092,0.702,0.03325657829663176,0.2133738,0.010108538438369815,0.3453034,0.022309423556873893
mHSC-GM,mHSC-E,topology_matched,v4_plain_best,lr,5,0.7431202,0.03359967175077756,0.719461,0.03314681499631601,0.5990719999999999,0.05440088789348938,0.6577612,0.031368604498128366,0.777,0.03187475490101848,0.2361702,0.009688469794554767,0.3042346,0.03215509839263441
mHSC-GM,mHSC-E,topology_matched,v4_plain_best,mlp,5,0.7840038,0.012049457322219938,0.720376,0.007399218769572921,0.559725,0.030416993040075467,0.6519372,0.014430584290318942,0.747,0.008124038404635967,0.2270518,0.0024693876487906848,0.294509,0.015427705960381793
mHSC-GM,mHSC-E,topology_matched,v4_type_pe_best,lr,5,0.6961272,0.019083749132704494,0.6899644,0.01780541922674104,0.513475,0.02967975266743304,0.6231294,0.01626176259327382,0.788,0.02336664289109584,0.2395138,0.0071021584437408886,0.3475404,0.01518487128164082
mHSC-GM,mHSC-E,topology_matched,v4_type_pe_best,mlp,5,0.7738904,0.008749559271186157,0.7187764,0.01206418074466722,0.5285598,0.037545275209538674,0.6411171999999999,0.017027845176651128,0.762,0.016309506430300102,0.231611,0.004957476817898394,0.3015202,0.025361397764318904
mHSC-GM,mHSC-L,coverage_matched,baseline,lr,5,0.7534386,0.0061095526710226436,0.7458596,0.004394514289429481,0.6081181999999999,0.01522009767905583,0.672227,0.010507533468897448,0.852,0.009273618495495711,0.25585579999999997,0.002784932343881988,0.2965786,0.008325143136307028
mHSC-GM,mHSC-L,coverage_matched,baseline,mlp,5,0.799635,0.002704940664783618,0.8080976,0.004419860070183209,0.6481306,0.015320939261024456,0.7008806,0.006087338814293174,0.91,0.009486832980505146,0.2732732,0.0028491067652862737,0.255369,0.0031207970135848253
mHSC-GM,mHSC-L,coverage_matched,cl_scratch_v5,lr,5,0.7705308,0.006579097488257781,0.7679196,0.012425362941982838,0.65988,0.012553903791251536,0.7025904000000001,0.009170736079508562,0.849,0.011575836902790236,0.254955,0.0034762065531265545,0.270743,0.006619077790750009
mHSC-GM,mHSC-L,coverage_matched,cl_scratch_v5,mlp,5,0.803642,0.004695909411392007,0.809122,0.0054202734986345345,0.6563078,0.015308874438050653,0.7075984,0.0052134311388950015,0.906,0.008602325267042634,0.272072,0.002583138788373565,0.2554978,0.004156806197070062
mHSC-GM,mHSC-L,coverage_matched,cl_v6_fair,lr,5,0.7863636,0.005157741505736787,0.7886141999999999,0.0061058235284030425,0.6684712,0.006966520376773503,0.7108974,0.00394599379624448,0.866,0.012409673645990868,0.26006,0.0037265283039311665,0.2616144,0.004156435280381484
mHSC-GM,mHSC-L,coverage_matched,cl_v6_fair,mlp,5,0.8187222,0.002683870891082487,0.8230708,0.002133145039607023,0.6773444,0.009036324620109676,0.7183778000000001,0.005536137115353979,0.914,0.008000000000000007,0.2744746,0.002402325007154531,0.2382214,0.006998178208648297
mHSC-GM,mHSC-L,coverage_matched,minus,lr,5,0.7795632,0.0036196344235295205,0.7868306,0.005921863848485531,0.658737,0.0118250319745868,0.703776,0.007189641493148333,0.883,0.01029563014098701,0.2651652,0.0030917388893630673,0.2667482,0.0061015451616783034
mHSC-GM,mHSC-L,coverage_matched,minus,mlp,5,0.8072112,0.007047975805860859,0.81859,0.0056351847529606215,0.6680322,0.009400113305700073,0.7185226,0.0025558044213124147,0.913,0.00509901951359279,0.2741742,0.0015311571310613439,0.2422102,0.0049985009912973
mHSC-GM,mHSC-L,coverage_matched,scGPT_human,lr,5,0.7842612,0.0024915230201625655,0.7931812,0.006735337538683564,0.6400750000000001,0.013146330636341061,0.6951338,0.008493098784307153,0.886,0.01319090595827293,0.26606599999999997,0.003961213904852909,0.2716448,0.005021554595939406
mHSC-GM,mHSC-L,coverage_matched,scGPT_human,mlp,5,0.8128672,0.0030334837662331256,0.82272,0.0019667490943178103,0.6494956,0.02561214018859026,0.710157,0.010464867662803962,0.918,0.009273618495495711,0.2756756,0.0027850186067601124,0.2465796,0.006804281728441292
mHSC-GM,mHSC-L,coverage_matched,scconcept,lr,5,0.749183,0.011728853362541465,0.7571696,0.012711537556094471,0.6161292,0.013352722140447618,0.6717314,0.010319620353482004,0.876,0.02200000000000002,0.2630632,0.0066064909112175454,0.2944248,0.006955349492297282
mHSC-GM,mHSC-L,coverage_matched,scconcept,mlp,5,0.7791444000000001,0.006179840794065804,0.7968252,0.003046475694962947,0.6254834,0.019124578725817732,0.69061,0.00893913608801211,0.901,0.01319090595827293,0.2705706,0.003961244228774601,0.2575782,0.005621446162688031
mHSC-GM,mHSC-L,coverage_matched,scconcept_encoded,lr,5,0.6852427999999999,0.012482411007493692,0.6757106,0.01787727806574592,0.5649184,0.006219345708352304,0.6318064,0.00539148449316143,0.75,0.01923538406167136,0.22522520000000001,0.005776593785268271,0.331357,0.006248966474546019
mHSC-GM,mHSC-L,coverage_matched,scconcept_encoded,mlp,5,0.7484718,0.00916405572658742,0.761072,0.008938727940820212,0.5862934,0.013216489891041417,0.6641056,0.0054896453655951085,0.872,0.013638181696985868,0.2618618,0.004095663286941444,0.285808,0.0059077025991496925
mHSC-GM,mHSC-L,coverage_matched,v4_bias_rec_best,lr,5,0.7828666,0.00355463661152584,0.7743598,0.008164427656608879,0.6663732,0.009295070465574757,0.7064703999999999,0.006278045192573889,0.846,0.0213072757526625,0.254054,0.006398659390841188,0.262228,0.0063152903971234785
mHSC-GM,mHSC-L,coverage_matched,v4_bias_rec_best,mlp,5,0.8228162,0.003475572551393524,0.826482,0.003847955457122669,0.6782086,0.013167180360274535,0.7256206,0.0055454683697592055,0.916,0.014628738838327764,0.275075,0.004393133323722368,0.2360184,0.007899310111648997
mHSC-GM,mHSC-L,coverage_matched,v4_plain_best,lr,5,0.7602714,0.006994829507572009,0.7739192,0.009352312364330019,0.626713,0.009545120952612389,0.685101,0.005370999087693078,0.876,0.017146428199482262,0.263063,0.005148944085926743,0.2846796,0.0061175342287559074
mHSC-GM,mHSC-L,coverage_matched,v4_plain_best,mlp,5,0.7995793999999999,0.0016772593836374785,0.8117648,0.003026119521763815,0.6434912,0.013504215362619157,0.7069068,0.005382870438715749,0.929,0.008602325267042606,0.278979,0.0025831387883735505,0.2510556,0.00760513483378172
mHSC-GM,mHSC-L,coverage_matched,v4_type_pe_best,lr,5,0.7676822,0.005621170426165696,0.7739074,0.005587871816711612,0.6336484,0.011822993844200373,0.69075,0.006711223763219329,0.863,0.008717797887081356,0.25915900000000003,0.0026180923589514647,0.2802492,0.00882473762556145
mHSC-GM,mHSC-L,coverage_matched,v4_type_pe_best,mlp,5,0.810124,0.0034584336338868817,0.825128,0.003903540393027843,0.658131,0.02096767438701773,0.7160658,0.00874742125200336,0.925,0.008366600265340723,0.2777778,0.002512370545918726,0.2464982,0.009426937284187266
mHSC-GM,mHSC-L,native,baseline,lr,5,0.7534386,0.0061095526710226436,0.7458596,0.004394514289429481,0.6081181999999999,0.01522009767905583,0.672227,0.010507533468897448,0.852,0.009273618495495711,0.25585579999999997,0.002784932343881988,0.2965786,0.008325143136307028
mHSC-GM,mHSC-L,native,baseline,mlp,5,0.799635,0.002704940664783618,0.8080976,0.004419860070183209,0.6481306,0.015320939261024456,0.7008806,0.006087338814293174,0.91,0.009486832980505146,0.2732732,0.0028491067652862737,0.255369,0.0031207970135848253
mHSC-GM,mHSC-L,native,cl_scratch_v5,lr,5,0.7705308,0.006579097488257781,0.7679196,0.012425362941982838,0.65988,0.012553903791251536,0.7025904000000001,0.009170736079508562,0.849,0.011575836902790236,0.254955,0.0034762065531265545,0.270743,0.006619077790750009
mHSC-GM,mHSC-L,native,cl_scratch_v5,mlp,5,0.803642,0.004695909411392007,0.809122,0.0054202734986345345,0.6563078,0.015308874438050653,0.7075984,0.0052134311388950015,0.906,0.008602325267042634,0.272072,0.002583138788373565,0.2554978,0.004156806197070062
mHSC-GM,mHSC-L,native,cl_v6_fair,lr,5,0.7863636,0.005157741505736787,0.7886141999999999,0.0061058235284030425,0.6684712,0.006966520376773503,0.7108974,0.00394599379624448,0.866,0.012409673645990868,0.26006,0.0037265283039311665,0.2616144,0.004156435280381484
mHSC-GM,mHSC-L,native,cl_v6_fair,mlp,5,0.8187222,0.002683870891082487,0.8230708,0.002133145039607023,0.6773444,0.009036324620109676,0.7183778000000001,0.005536137115353979,0.914,0.008000000000000007,0.2744746,0.002402325007154531,0.2382214,0.006998178208648297
mHSC-GM,mHSC-L,native,minus,lr,5,0.7795632,0.0036196344235295205,0.7868306,0.005921863848485531,0.658737,0.0118250319745868,0.703776,0.007189641493148333,0.883,0.01029563014098701,0.2651652,0.0030917388893630673,0.2667482,0.0061015451616783034
mHSC-GM,mHSC-L,native,minus,mlp,5,0.8072112,0.007047975805860859,0.81859,0.0056351847529606215,0.6680322,0.009400113305700073,0.7185226,0.0025558044213124147,0.913,0.00509901951359279,0.2741742,0.0015311571310613439,0.2422102,0.0049985009912973
mHSC-GM,mHSC-L,native,scGPT_human,lr,5,0.7842612,0.0024915230201625655,0.7931812,0.006735337538683564,0.6400750000000001,0.013146330636341061,0.6951338,0.008493098784307153,0.886,0.01319090595827293,0.26606599999999997,0.003961213904852909,0.2716448,0.005021554595939406
mHSC-GM,mHSC-L,native,scGPT_human,mlp,5,0.8128672,0.0030334837662331256,0.82272,0.0019667490943178103,0.6494956,0.02561214018859026,0.710157,0.010464867662803962,0.918,0.009273618495495711,0.2756756,0.0027850186067601124,0.2465796,0.006804281728441292
mHSC-GM,mHSC-L,native,scconcept,lr,5,0.749183,0.011728853362541465,0.7571696,0.012711537556094471,0.6161292,0.013352722140447618,0.6717314,0.010319620353482004,0.876,0.02200000000000002,0.2630632,0.0066064909112175454,0.2944248,0.006955349492297282
mHSC-GM,mHSC-L,native,scconcept,mlp,5,0.7791444000000001,0.006179840794065804,0.7968252,0.003046475694962947,0.6254834,0.019124578725817732,0.69061,0.00893913608801211,0.901,0.01319090595827293,0.2705706,0.003961244228774601,0.2575782,0.005621446162688031
mHSC-GM,mHSC-L,native,scconcept_encoded,lr,5,0.6852427999999999,0.012482411007493692,0.6757106,0.01787727806574592,0.5649184,0.006219345708352304,0.6318064,0.00539148449316143,0.75,0.01923538406167136,0.22522520000000001,0.005776593785268271,0.331357,0.006248966474546019
mHSC-GM,mHSC-L,native,scconcept_encoded,mlp,5,0.7484718,0.00916405572658742,0.761072,0.008938727940820212,0.5862934,0.013216489891041417,0.6641056,0.0054896453655951085,0.872,0.013638181696985868,0.2618618,0.004095663286941444,0.285808,0.0059077025991496925
mHSC-GM,mHSC-L,native,v4_bias_rec_best,lr,5,0.7828666,0.00355463661152584,0.7743598,0.008164427656608879,0.6663732,0.009295070465574757,0.7064703999999999,0.006278045192573889,0.846,0.0213072757526625,0.254054,0.006398659390841188,0.262228,0.0063152903971234785
mHSC-GM,mHSC-L,native,v4_bias_rec_best,mlp,5,0.8228162,0.003475572551393524,0.826482,0.003847955457122669,0.6782086,0.013167180360274535,0.7256206,0.0055454683697592055,0.916,0.014628738838327764,0.275075,0.004393133323722368,0.2360184,0.007899310111648997
mHSC-GM,mHSC-L,native,v4_plain_best,lr,5,0.7602714,0.006994829507572009,0.7739192,0.009352312364330019,0.626713,0.009545120952612389,0.685101,0.005370999087693078,0.876,0.017146428199482262,0.263063,0.005148944085926743,0.2846796,0.0061175342287559074
mHSC-GM,mHSC-L,native,v4_plain_best,mlp,5,0.7995793999999999,0.0016772593836374785,0.8117648,0.003026119521763815,0.6434912,0.013504215362619157,0.7069068,0.005382870438715749,0.929,0.008602325267042606,0.278979,0.0025831387883735505,0.2510556,0.00760513483378172
mHSC-GM,mHSC-L,native,v4_type_pe_best,lr,5,0.7676822,0.005621170426165696,0.7739074,0.005587871816711612,0.6336484,0.011822993844200373,0.69075,0.006711223763219329,0.863,0.008717797887081356,0.25915900000000003,0.0026180923589514647,0.2802492,0.00882473762556145
mHSC-GM,mHSC-L,native,v4_type_pe_best,mlp,5,0.810124,0.0034584336338868817,0.825128,0.003903540393027843,0.658131,0.02096767438701773,0.7160658,0.00874742125200336,0.925,0.008366600265340723,0.2777778,0.002512370545918726,0.2464982,0.009426937284187266
mHSC-GM,mHSC-L,strict,baseline,lr,5,0.7534386,0.0061095526710226436,0.7458596,0.004394514289429481,0.6081181999999999,0.01522009767905583,0.672227,0.010507533468897448,0.852,0.009273618495495711,0.25585579999999997,0.002784932343881988,0.2965786,0.008325143136307028
mHSC-GM,mHSC-L,strict,baseline,mlp,5,0.799635,0.002704940664783618,0.8080976,0.004419860070183209,0.6481306,0.015320939261024456,0.7008806,0.006087338814293174,0.91,0.009486832980505146,0.2732732,0.0028491067652862737,0.255369,0.0031207970135848253
mHSC-GM,mHSC-L,strict,cl_scratch_v5,lr,5,0.7705308,0.006579097488257781,0.7679196,0.012425362941982838,0.65988,0.012553903791251536,0.7025904000000001,0.009170736079508562,0.849,0.011575836902790236,0.254955,0.0034762065531265545,0.270743,0.006619077790750009
mHSC-GM,mHSC-L,strict,cl_scratch_v5,mlp,5,0.803642,0.004695909411392007,0.809122,0.0054202734986345345,0.6563078,0.015308874438050653,0.7075984,0.0052134311388950015,0.906,0.008602325267042634,0.272072,0.002583138788373565,0.2554978,0.004156806197070062
mHSC-GM,mHSC-L,strict,cl_v6_fair,lr,5,0.7863636,0.005157741505736787,0.7886141999999999,0.0061058235284030425,0.6684712,0.006966520376773503,0.7108974,0.00394599379624448,0.866,0.012409673645990868,0.26006,0.0037265283039311665,0.2616144,0.004156435280381484
mHSC-GM,mHSC-L,strict,cl_v6_fair,mlp,5,0.8187222,0.002683870891082487,0.8230708,0.002133145039607023,0.6773444,0.009036324620109676,0.7183778000000001,0.005536137115353979,0.914,0.008000000000000007,0.2744746,0.002402325007154531,0.2382214,0.006998178208648297
mHSC-GM,mHSC-L,strict,minus,lr,5,0.7795632,0.0036196344235295205,0.7868306,0.005921863848485531,0.658737,0.0118250319745868,0.703776,0.007189641493148333,0.883,0.01029563014098701,0.2651652,0.0030917388893630673,0.2667482,0.0061015451616783034
mHSC-GM,mHSC-L,strict,minus,mlp,5,0.8072112,0.007047975805860859,0.81859,0.0056351847529606215,0.6680322,0.009400113305700073,0.7185226,0.0025558044213124147,0.913,0.00509901951359279,0.2741742,0.0015311571310613439,0.2422102,0.0049985009912973
mHSC-GM,mHSC-L,strict,scGPT_human,lr,5,0.7842612,0.0024915230201625655,0.7931812,0.006735337538683564,0.6400750000000001,0.013146330636341061,0.6951338,0.008493098784307153,0.886,0.01319090595827293,0.26606599999999997,0.003961213904852909,0.2716448,0.005021554595939406
mHSC-GM,mHSC-L,strict,scGPT_human,mlp,5,0.8128672,0.0030334837662331256,0.82272,0.0019667490943178103,0.6494956,0.02561214018859026,0.710157,0.010464867662803962,0.918,0.009273618495495711,0.2756756,0.0027850186067601124,0.2465796,0.006804281728441292
mHSC-GM,mHSC-L,strict,scconcept,lr,5,0.749183,0.011728853362541465,0.7571696,0.012711537556094471,0.6161292,0.013352722140447618,0.6717314,0.010319620353482004,0.876,0.02200000000000002,0.2630632,0.0066064909112175454,0.2944248,0.006955349492297282
mHSC-GM,mHSC-L,strict,scconcept,mlp,5,0.7791444000000001,0.006179840794065804,0.7968252,0.003046475694962947,0.6254834,0.019124578725817732,0.69061,0.00893913608801211,0.901,0.01319090595827293,0.2705706,0.003961244228774601,0.2575782,0.005621446162688031
mHSC-GM,mHSC-L,strict,scconcept_encoded,lr,5,0.6852427999999999,0.012482411007493692,0.6757106,0.01787727806574592,0.5649184,0.006219345708352304,0.6318064,0.00539148449316143,0.75,0.01923538406167136,0.22522520000000001,0.005776593785268271,0.331357,0.006248966474546019
mHSC-GM,mHSC-L,strict,scconcept_encoded,mlp,5,0.7484718,0.00916405572658742,0.761072,0.008938727940820212,0.5862934,0.013216489891041417,0.6641056,0.0054896453655951085,0.872,0.013638181696985868,0.2618618,0.004095663286941444,0.285808,0.0059077025991496925
mHSC-GM,mHSC-L,strict,v4_bias_rec_best,lr,5,0.7828666,0.00355463661152584,0.7743598,0.008164427656608879,0.6663732,0.009295070465574757,0.7064703999999999,0.006278045192573889,0.846,0.0213072757526625,0.254054,0.006398659390841188,0.262228,0.0063152903971234785
mHSC-GM,mHSC-L,strict,v4_bias_rec_best,mlp,5,0.8228162,0.003475572551393524,0.826482,0.003847955457122669,0.6782086,0.013167180360274535,0.7256206,0.0055454683697592055,0.916,0.014628738838327764,0.275075,0.004393133323722368,0.2360184,0.007899310111648997
mHSC-GM,mHSC-L,strict,v4_plain_best,lr,5,0.7602714,0.006994829507572009,0.7739192,0.009352312364330019,0.626713,0.009545120952612389,0.685101,0.005370999087693078,0.876,0.017146428199482262,0.263063,0.005148944085926743,0.2846796,0.0061175342287559074
mHSC-GM,mHSC-L,strict,v4_plain_best,mlp,5,0.7995793999999999,0.0016772593836374785,0.8117648,0.003026119521763815,0.6434912,0.013504215362619157,0.7069068,0.005382870438715749,0.929,0.008602325267042606,0.278979,0.0025831387883735505,0.2510556,0.00760513483378172
mHSC-GM,mHSC-L,strict,v4_type_pe_best,lr,5,0.7676822,0.005621170426165696,0.7739074,0.005587871816711612,0.6336484,0.011822993844200373,0.69075,0.006711223763219329,0.863,0.008717797887081356,0.25915900000000003,0.0026180923589514647,0.2802492,0.00882473762556145
mHSC-GM,mHSC-L,strict,v4_type_pe_best,mlp,5,0.810124,0.0034584336338868817,0.825128,0.003903540393027843,0.658131,0.02096767438701773,0.7160658,0.00874742125200336,0.925,0.008366600265340723,0.2777778,0.002512370545918726,0.2464982,0.009426937284187266
mHSC-GM,mHSC-L,topology_matched,baseline,lr,5,0.7534386,0.0061095526710226436,0.7458596,0.004394514289429481,0.6081181999999999,0.01522009767905583,0.672227,0.010507533468897448,0.852,0.009273618495495711,0.25585579999999997,0.002784932343881988,0.2965786,0.008325143136307028
mHSC-GM,mHSC-L,topology_matched,baseline,mlp,5,0.799635,0.002704940664783618,0.8080976,0.004419860070183209,0.6481306,0.015320939261024456,0.7008806,0.006087338814293174,0.91,0.009486832980505146,0.2732732,0.0028491067652862737,0.255369,0.0031207970135848253
mHSC-GM,mHSC-L,topology_matched,cl_scratch_v5,lr,5,0.7705308,0.006579097488257781,0.7679196,0.012425362941982838,0.65988,0.012553903791251536,0.7025904000000001,0.009170736079508562,0.849,0.011575836902790236,0.254955,0.0034762065531265545,0.270743,0.006619077790750009
mHSC-GM,mHSC-L,topology_matched,cl_scratch_v5,mlp,5,0.803642,0.004695909411392007,0.809122,0.0054202734986345345,0.6563078,0.015308874438050653,0.7075984,0.0052134311388950015,0.906,0.008602325267042634,0.272072,0.002583138788373565,0.2554978,0.004156806197070062
mHSC-GM,mHSC-L,topology_matched,cl_v6_fair,lr,5,0.7863636,0.005157741505736787,0.7886141999999999,0.0061058235284030425,0.6684712,0.006966520376773503,0.7108974,0.00394599379624448,0.866,0.012409673645990868,0.26006,0.0037265283039311665,0.2616144,0.004156435280381484
mHSC-GM,mHSC-L,topology_matched,cl_v6_fair,mlp,5,0.8187222,0.002683870891082487,0.8230708,0.002133145039607023,0.6773444,0.009036324620109676,0.7183778000000001,0.005536137115353979,0.914,0.008000000000000007,0.2744746,0.002402325007154531,0.2382214,0.006998178208648297
mHSC-GM,mHSC-L,topology_matched,minus,lr,5,0.7795632,0.0036196344235295205,0.7868306,0.005921863848485531,0.658737,0.0118250319745868,0.703776,0.007189641493148333,0.883,0.01029563014098701,0.2651652,0.0030917388893630673,0.2667482,0.0061015451616783034
mHSC-GM,mHSC-L,topology_matched,minus,mlp,5,0.8072112,0.007047975805860859,0.81859,0.0056351847529606215,0.6680322,0.009400113305700073,0.7185226,0.0025558044213124147,0.913,0.00509901951359279,0.2741742,0.0015311571310613439,0.2422102,0.0049985009912973
mHSC-GM,mHSC-L,topology_matched,scGPT_human,lr,5,0.7842612,0.0024915230201625655,0.7931812,0.006735337538683564,0.6400750000000001,0.013146330636341061,0.6951338,0.008493098784307153,0.886,0.01319090595827293,0.26606599999999997,0.003961213904852909,0.2716448,0.005021554595939406
mHSC-GM,mHSC-L,topology_matched,scGPT_human,mlp,5,0.8128672,0.0030334837662331256,0.82272,0.0019667490943178103,0.6494956,0.02561214018859026,0.710157,0.010464867662803962,0.918,0.009273618495495711,0.2756756,0.0027850186067601124,0.2465796,0.006804281728441292
mHSC-GM,mHSC-L,topology_matched,scconcept,lr,5,0.749183,0.011728853362541465,0.7571696,0.012711537556094471,0.6161292,0.013352722140447618,0.6717314,0.010319620353482004,0.876,0.02200000000000002,0.2630632,0.0066064909112175454,0.2944248,0.006955349492297282
mHSC-GM,mHSC-L,topology_matched,scconcept,mlp,5,0.7791444000000001,0.006179840794065804,0.7968252,0.003046475694962947,0.6254834,0.019124578725817732,0.69061,0.00893913608801211,0.901,0.01319090595827293,0.2705706,0.003961244228774601,0.2575782,0.005621446162688031
mHSC-GM,mHSC-L,topology_matched,scconcept_encoded,lr,5,0.6852427999999999,0.012482411007493692,0.6757106,0.01787727806574592,0.5649184,0.006219345708352304,0.6318064,0.00539148449316143,0.75,0.01923538406167136,0.22522520000000001,0.005776593785268271,0.331357,0.006248966474546019
mHSC-GM,mHSC-L,topology_matched,scconcept_encoded,mlp,5,0.7484718,0.00916405572658742,0.761072,0.008938727940820212,0.5862934,0.013216489891041417,0.6641056,0.0054896453655951085,0.872,0.013638181696985868,0.2618618,0.004095663286941444,0.285808,0.0059077025991496925
mHSC-GM,mHSC-L,topology_matched,v4_bias_rec_best,lr,5,0.7828666,0.00355463661152584,0.7743598,0.008164427656608879,0.6663732,0.009295070465574757,0.7064703999999999,0.006278045192573889,0.846,0.0213072757526625,0.254054,0.006398659390841188,0.262228,0.0063152903971234785
mHSC-GM,mHSC-L,topology_matched,v4_bias_rec_best,mlp,5,0.8228162,0.003475572551393524,0.826482,0.003847955457122669,0.6782086,0.013167180360274535,0.7256206,0.0055454683697592055,0.916,0.014628738838327764,0.275075,0.004393133323722368,0.2360184,0.007899310111648997
mHSC-GM,mHSC-L,topology_matched,v4_plain_best,lr,5,0.7602714,0.006994829507572009,0.7739192,0.009352312364330019,0.626713,0.009545120952612389,0.685101,0.005370999087693078,0.876,0.017146428199482262,0.263063,0.005148944085926743,0.2846796,0.0061175342287559074
mHSC-GM,mHSC-L,topology_matched,v4_plain_best,mlp,5,0.7995793999999999,0.0016772593836374785,0.8117648,0.003026119521763815,0.6434912,0.013504215362619157,0.7069068,0.005382870438715749,0.929,0.008602325267042606,0.278979,0.0025831387883735505,0.2510556,0.00760513483378172
mHSC-GM,mHSC-L,topology_matched,v4_type_pe_best,lr,5,0.7676822,0.005621170426165696,0.7739074,0.005587871816711612,0.6336484,0.011822993844200373,0.69075,0.006711223763219329,0.863,0.008717797887081356,0.25915900000000003,0.0026180923589514647,0.2802492,0.00882473762556145
mHSC-GM,mHSC-L,topology_matched,v4_type_pe_best,mlp,5,0.810124,0.0034584336338868817,0.825128,0.003903540393027843,0.658131,0.02096767438701773,0.7160658,0.00874742125200336,0.925,0.008366600265340723,0.2777778,0.002512370545918726,0.2464982,0.009426937284187266
mHSC-L,hESC,coverage_matched,baseline,lr,5,0.5780938,0.011240119063426306,0.6064474,0.01302780059104377,0.5266968,0.05673764592719723,0.533286,0.04722458560114635,0.493333,0.0,1.0,0.0,0.3972616,0.02822565291786889
mHSC-L,hESC,coverage_matched,baseline,mlp,5,0.7345662,0.03588846590981565,0.7002632,0.050963087345254114,0.44924739999999996,0.0428549429055739,0.5860598,0.034916457629032165,0.493333,0.0,1.0,0.0,0.258577,0.03332590230436379
mHSC-L,hESC,coverage_matched,cl_scratch_v5,lr,5,0.7276922,0.050484175973863336,0.7209902,0.05070060067257584,0.6628532,0.0647672102483965,0.6743078,0.04970596711623263,0.490196,0.0,1.0,0.0,0.3040728,0.04736357107482501
mHSC-L,hESC,coverage_matched,cl_scratch_v5,mlp,5,0.727077,0.017340563658658846,0.6840554,0.021691072878951848,0.6637682,0.02547054268287192,0.6778462,0.02636762781442424,0.490196,0.0,1.0,0.0,0.24354540000000002,0.016699546635762307
mHSC-L,hESC,coverage_matched,cl_v6_fair,lr,5,0.6589503999999999,0.027498023816994555,0.6144194,0.020939670547551602,0.573543,0.03296437605051855,0.6155556,0.028306047428773923,0.444444,0.0,1.0,0.0,0.324865,0.02080394070362632
mHSC-L,hESC,coverage_matched,cl_v6_fair,mlp,5,0.6737654,0.022811263153100482,0.6198462,0.042083996128694824,0.5644754,0.054714369442039654,0.606111,0.042068544890452295,0.444444,0.0,1.0,0.0,0.2790526,0.03476124158657168
mHSC-L,hESC,coverage_matched,minus,lr,5,0.49960319999999997,0.054111147267083506,0.5718372,0.056274587015454854,0.4562714,0.04233829326555335,0.4999998,0.050612807594125814,0.533333,0.0,1.0,0.0,0.47643800000000003,0.03314895191706669
mHSC-L,hESC,coverage_matched,minus,mlp,5,0.4781746,0.07339687500050665,0.5582418,0.06005426784301012,0.433384,0.1258750578359351,0.5517858,0.07880126427767514,0.533333,0.0,1.0,0.0,0.3885432,0.05743477276841965
mHSC-L,hESC,coverage_matched,scGPT_human,lr,5,0.5955358,0.03230526401316045,0.6548598,0.028888774722372675,0.4890874,0.07828517023702511,0.5901782,0.0501234664379869,0.533333,0.0,1.0,0.0,0.3576638,0.031928812501563535
mHSC-L,hESC,coverage_matched,scGPT_human,mlp,5,0.7066964,0.04152291766530861,0.7677461999999999,0.04264613332718454,0.5306904,0.08038853213636882,0.6424108,0.03186248674162142,0.533333,0.0,1.0,0.0,0.2642892,0.031384386757749475
mHSC-L,hESC,coverage_matched,scconcept,lr,5,0.3413102,0.02740968990266034,0.2528376,0.011358406166359787,0.22506,0.02608366084735807,0.3918804,0.035973727783481096,0.315789,0.0,1.0,0.0,0.5014856,0.029948550993996355
mHSC-L,hESC,coverage_matched,scconcept,mlp,5,0.34245000000000003,0.047507380378210715,0.24974960000000002,0.0162810779937939,0.0553372,0.027874124713791464,0.3991454,0.018151059270466834,0.315789,0.0,1.0,0.0,0.3379784,0.03632306818868692
mHSC-L,hESC,coverage_matched,scconcept_encoded,lr,5,0.5820078,0.060811771226959,0.788039,0.03529856915513713,0.5082802,0.027608916287315582,0.565909,0.05552060159616429,0.673469,0.0,1.0,0.0,0.4243854,0.036803059620634807
mHSC-L,hESC,coverage_matched,scconcept_encoded,mlp,5,0.5077652,0.07490630008590732,0.7486274,0.03861662900150658,0.4021192,0.08508872991507159,0.5676138,0.03682541614374506,0.673469,0.0,1.0,0.0,0.383694,0.026071687034022174
mHSC-L,hESC,coverage_matched,v4_bias_rec_best,lr,5,0.632619,0.0499635964998518,0.5105624,0.04501645725998436,0.4688404,0.057040289643724644,0.6021428,0.04567689959443394,0.322581,0.0,1.0,0.0,0.324547,0.03024427930700284
mHSC-L,hESC,coverage_matched,v4_bias_rec_best,mlp,5,0.8364288,0.010476400000000028,0.7078338,0.04353813047616997,0.6672352,0.06049212901989813,0.7564286,0.04288757591470984,0.322581,0.0,1.0,0.0,0.1506884,0.010218014632990114
mHSC-L,hESC,coverage_matched,v4_plain_best,lr,5,0.6171428,0.034914473070060806,0.6457536,0.029121568629454038,0.5767648,0.03483955743920982,0.5993276,0.03492042939369444,0.492754,0.0,1.0,0.0,0.3641308,0.030997388395798763
mHSC-L,hESC,coverage_matched,v4_plain_best,mlp,5,0.6460502,0.04205508403701034,0.6461328,0.05070393320207022,0.562686,0.06536555101274677,0.5989916,0.039078386310593745,0.492754,0.0,1.0,0.0,0.2800896,0.025440672393629855
mHSC-L,hESC,coverage_matched,v4_type_pe_best,lr,5,0.5738947999999999,0.07077352366641072,0.6756584,0.04646873642611769,0.5030826,0.06556416791083375,0.5640002,0.04008511299422768,0.603175,0.0,1.0,0.0,0.4387254,0.03300808035375581
mHSC-L,hESC,coverage_matched,v4_type_pe_best,mlp,5,0.7263158,0.06930419469094205,0.8191266,0.04872653582022838,0.543344,0.05524194826759822,0.6479998,0.03585959150018304,0.603175,0.0,1.0,0.0,0.3039002,0.05341209162876886
mHSC-L,hESC,native,baseline,lr,5,0.6119092,0.02014736351386948,0.6111641999999999,0.022604408175397998,0.6326186,0.020264167484503288,0.5937674000000001,0.02025041561647562,0.671,0.048,0.2021084,0.014457970834110854,0.3633236,0.016023381760414995
mHSC-L,hESC,native,baseline,mlp,5,0.7577912,0.014525391580263874,0.7549676,0.01026750377842638,0.6964126,0.009138543069877202,0.7007676,0.005316022633510899,0.834,0.014282856857085711,0.2512048,0.004301996485354211,0.21809320000000001,0.017618727813324093
mHSC-L,hESC,native,cl_scratch_v5,lr,5,0.6062806000000001,0.02067509277947741,0.5994268,0.016144871648916887,0.5578458,0.016254025598601722,0.5832876,0.016081657533973295,0.655,0.023664319132398488,0.197289,0.007127692922678414,0.376537,0.015225681856652594
mHSC-L,hESC,native,cl_scratch_v5,mlp,5,0.7098402,0.01247110050316331,0.711513,0.008837135237168198,0.6072808,0.032152891673378335,0.6506194,0.009027184114661642,0.774,0.008000000000000007,0.2331328,0.002409600000000002,0.2727678,0.017842937262681845
mHSC-L,hESC,native,cl_v6_fair,lr,5,0.5267722,0.02504865570365006,0.5266464,0.0187650887618471,0.5142708,0.023848170876610224,0.5337214,0.018787835741244898,0.511,0.02956349099818899,0.15391559999999999,0.008904949693288556,0.4223144,0.016568837238623593
mHSC-L,hESC,native,cl_v6_fair,mlp,5,0.7266378,0.02105332317141406,0.7168226,0.020153683699016427,0.6226976,0.04323473121739049,0.6597524,0.02296142722567566,0.771,0.033970575502926086,0.232229,0.010232267041081367,0.2460006,0.037022234868251805
mHSC-L,hESC,native,minus,lr,5,0.5759052,0.02009953629713879,0.5631244,0.0221851159257733,0.5537738,0.028912842166760426,0.5689678,0.016993463336236105,0.58,0.04460941604639092,0.174699,0.013436356113172943,0.39658540000000003,0.020987770654359642
mHSC-L,hESC,native,minus,mlp,5,0.6701224,0.020679472958467768,0.6593354,0.022594392238783505,0.5979352,0.016884048737195703,0.6339788,0.01589183608523573,0.718,0.0309192496674806,0.216265,0.00931325964418473,0.257432,0.02357740434399003
mHSC-L,hESC,native,scGPT_human,lr,5,0.5605162,0.02085458460291164,0.5517146,0.020606265684009823,0.4840182,0.012175864871129267,0.5448974,0.013981529238248596,0.539,0.05489990892524321,0.1623496,0.016536231440083315,0.4301804,0.010929761746717071
mHSC-L,hESC,native,scGPT_human,mlp,5,0.666403,0.018867084088432972,0.6552404,0.026789212930580848,0.5179222,0.029867406786662932,0.6055606,0.018153296181134704,0.714,0.06829348431585547,0.21506,0.020570381114602625,0.2898324,0.023070245855647056
mHSC-L,hESC,native,scconcept,lr,5,0.5132674,0.017715362718273647,0.521605,0.016252551996532714,0.4547882,0.0104076671430249,0.5306886000000001,0.010174416319376755,0.521,0.04431703961232067,0.1569278,0.013348752651839801,0.44488880000000003,0.011021408791982998
mHSC-L,hESC,native,scconcept,mlp,5,0.5234224,0.008975222617851875,0.5304738,0.009923006145317072,0.337123,0.027181160284285147,0.5295318,0.007522383117071328,0.612,0.018867962264113223,0.18433739999999998,0.005683030233950898,0.361008,0.019132705485633752
mHSC-L,hESC,native,scconcept_encoded,lr,5,0.5194964,0.010819730377416974,0.515043,0.011437666195513842,0.4854946,0.02853367622722315,0.5347326,0.013458710511783824,0.503,0.022271057451320107,0.151506,0.006708437642253226,0.432563,0.01495174503527933
mHSC-L,hESC,native,scconcept_encoded,mlp,5,0.5227112,0.007532422011544523,0.527253,0.006757459315452837,0.4066434,0.017361361474262323,0.5239504,0.010113105074110514,0.515,0.0608276253029822,0.1551204,0.01832167530112899,0.3801378,0.02014802292434669
mHSC-L,hESC,native,v4_bias_rec_best,lr,5,0.6165117999999999,0.02965390285544215,0.6019012,0.02644012938243683,0.5546412000000001,0.037963559044957844,0.594279,0.016548007541695147,0.613,0.045891175622335106,0.1846386,0.013822422097447317,0.3683252,0.01971788239542978
mHSC-L,hESC,native,v4_bias_rec_best,mlp,5,0.7458592,0.02290072062097608,0.7336426,0.0189708487063705,0.6761576,0.023339053559216984,0.695314,0.015267142679624106,0.79,0.015811388300841875,0.237952,0.004762390156213583,0.2293142,0.02513079961640696
mHSC-L,hESC,native,v4_plain_best,lr,5,0.6194252,0.009109847581600942,0.6172738,0.00924744084382268,0.6265042,0.01621672641934862,0.6010724000000001,0.010303780638192964,0.677,0.03501428280002317,0.2039154,0.01054630197936698,0.3585336,0.007125213052253247
mHSC-L,hESC,native,v4_plain_best,mlp,5,0.7014504,0.011291959273748722,0.690466,0.00982664044320338,0.6181412000000001,0.022018119269365387,0.6476934,0.012145140651305777,0.769,0.016248076809271934,0.2316268,0.004893920734952706,0.26195999999999997,0.01850812318956192
mHSC-L,hESC,native,v4_type_pe_best,lr,5,0.5860726,0.009887111319288343,0.6006218,0.009924139104224591,0.5496603999999999,0.009808987992652465,0.5716728,0.010261339238130659,0.645,0.008944271909999166,0.194277,0.002694014699291747,0.3881306,0.009211606669848651
mHSC-L,hESC,native,v4_type_pe_best,mlp,5,0.7089266,0.012669035221357646,0.7029742,0.011386740752296051,0.59619,0.021114948704649986,0.64693,0.015517196357589866,0.769,0.026153393661244063,0.23162660000000002,0.007877738650145736,0.244192,0.00917161750183686
mHSC-L,hESC,strict,baseline,lr,5,0.6630768,0.026235675645197323,0.501462,0.016716983053170795,0.4827974,0.04190707941911488,0.608745,0.026368664577486673,0.368932,0.0,1.0,0.0,0.3192262,0.013615172351461435
mHSC-L,hESC,strict,baseline,mlp,5,0.6927124,0.03988696681674354,0.5424042,0.040356111980219295,0.4112788,0.05438424122629642,0.5983402,0.02895410491381144,0.368932,0.0,1.0,0.0,0.2516448,0.027251791863288556
mHSC-L,hESC,strict,cl_scratch_v5,lr,5,0.65166,0.0418202998650177,0.5121352,0.048928638605217706,0.4777528,0.02603378964653437,0.5911336,0.017832828060630187,0.368932,0.0,1.0,0.0,0.3372064,0.023415412211618226
mHSC-L,hESC,strict,cl_scratch_v5,mlp,5,0.628583,0.01853090282743935,0.4929724,0.030096654462581036,0.412853,0.011313145168342878,0.5822672,0.012094902767695176,0.368932,0.0,1.0,0.0,0.28092,0.02111075700205939
mHSC-L,hESC,strict,cl_v6_fair,lr,5,0.5899594,0.04375882378035315,0.452152,0.03240433819105091,0.4576578,0.0452091294293531,0.5700404,0.030727160458460866,0.368932,0.0,1.0,0.0,0.372721,0.026575775939753857
mHSC-L,hESC,strict,cl_v6_fair,mlp,5,0.6273685999999999,0.018548729073443293,0.5099614,0.03896572014784278,0.4373938,0.05236789386790345,0.5985022,0.022275365652666607,0.368932,0.0,1.0,0.0,0.2632984,0.024993952441340686
mHSC-L,hESC,strict,minus,lr,5,0.637571,0.07458938211032452,0.4845366,0.06437533661457623,0.4053276,0.13475150441401385,0.5804857999999999,0.06107379087431859,0.368932,0.0,1.0,0.0,0.3374728,0.03453156840573564
mHSC-L,hESC,strict,minus,mlp,5,0.5795952,0.04357180413248917,0.439072,0.02303294217419911,0.32158,0.06179411266779384,0.5421456,0.026664821278981017,0.368932,0.0,1.0,0.0,0.3015854,0.01731998277828243
mHSC-L,hESC,strict,scGPT_human,lr,5,0.5023482,0.035116242728401324,0.3675916,0.018801880869742795,0.1999942,0.029454725090552112,0.4686236,0.0127708136404851,0.368932,0.0,1.0,0.0,0.4108392,0.007787915264048518
mHSC-L,hESC,strict,scGPT_human,mlp,5,0.528097,0.050016511709634434,0.411916,0.020685243155447803,0.1950442,0.04005982855380187,0.517004,0.014574337295397016,0.368932,0.0,1.0,0.0,0.316603,0.0127914354941109
mHSC-L,hESC,strict,scconcept,lr,5,0.4948178,0.06135199600143421,0.381117,0.05004208534423799,0.2963706,0.06374653924598572,0.5006074,0.044697138474850934,0.368932,0.0,1.0,0.0,0.4008924,0.03615242931035201
mHSC-L,hESC,strict,scconcept,mlp,5,0.434494,0.02990413755318818,0.3402172,0.016027666223128068,0.1425248,0.021779588034671366,0.4638464,0.016979341713977025,0.368932,0.0,1.0,0.0,0.3625984,0.03649790904476585
mHSC-L,hESC,strict,scconcept_encoded,lr,5,0.5773275999999999,0.04494398789871675,0.4134932,0.04209482730882739,0.393439,0.044496396312510525,0.5435626,0.03617159554457059,0.368932,0.0,1.0,0.0,0.3866952,0.03912729857989176
mHSC-L,hESC,strict,scconcept_encoded,mlp,5,0.6029958,0.007960666137956061,0.4551828,0.01405415295775594,0.3271906,0.049865276742839804,0.5280568,0.023837852012293378,0.368932,0.0,1.0,0.0,0.3217598,0.027192833889832083
mHSC-L,hESC,strict,v4_bias_rec_best,lr,5,0.5020242,0.05210188860070237,0.4167304,0.04525907495563736,0.344554,0.07922034671219257,0.5097572,0.038942800399560364,0.368932,0.0,1.0,0.0,0.4096202,0.02634902538159618
mHSC-L,hESC,strict,v4_bias_rec_best,mlp,5,0.662672,0.01823298820270556,0.5540024,0.018161762211856,0.3815582,0.04050269748251342,0.5887046,0.013805299411457899,0.368932,0.0,1.0,0.0,0.2678214,0.015910530784357887
mHSC-L,hESC,strict,v4_plain_best,lr,5,0.6862348,0.06760218366709761,0.5575404,0.060979740040770926,0.5028278,0.07374078825833096,0.6238864,0.04915261913916694,0.368932,0.0,1.0,0.0,0.3087034,0.03377597497393672
mHSC-L,hESC,strict,v4_plain_best,mlp,5,0.6843726,0.03851199569277084,0.5958934,0.034900843592096734,0.5034646,0.031614404771243124,0.6382186,0.014808969911509717,0.368932,0.0,1.0,0.0,0.24249400000000002,0.018953072732409374
mHSC-L,hESC,strict,v4_type_pe_best,lr,5,0.6798382,0.038604353989673254,0.5076514,0.01802395566572445,0.4027262,0.061499601912207526,0.5624698,0.03649963403323378,0.368932,0.0,1.0,0.0,0.3486082,0.026126644471879658
mHSC-L,hESC,strict,v4_type_pe_best,mlp,5,0.6538462,0.05392623088405119,0.5025406,0.03160379550370494,0.27483640000000004,0.05692247319855315,0.542429,0.022224098604892845,0.368932,0.0,1.0,0.0,0.2810596,0.029691774629348112
mHSC-L,hESC,topology_matched,baseline,lr,5,0.5966804,0.05589590948754657,0.5176198,0.06968568918623107,0.2804744,0.07553813619252199,0.5597976,0.029810744644171487,0.368932,0.0,1.0,0.0,0.3064392,0.027719420934788668
mHSC-L,hESC,topology_matched,baseline,mlp,5,0.6634818,0.056293395191265576,0.5793596,0.04760109010348396,0.2639482,0.11701075732666633,0.565749,0.03860951824097263,0.368932,0.0,1.0,0.0,0.2601854,0.03762980347862582
mHSC-L,hESC,topology_matched,cl_scratch_v5,lr,5,0.5816196,0.030541008775742805,0.4869974,0.03472976740837749,0.4334388,0.06615122893915125,0.5698786,0.0362388292172912,0.368932,0.0,1.0,0.0,0.3173808,0.015879484014287126
mHSC-L,hESC,topology_matched,cl_scratch_v5,mlp,5,0.5614574,0.029673072490728005,0.4819104,0.04048029993762399,0.3215854,0.05489872943739227,0.539069,0.038695572258334685,0.368932,0.0,1.0,0.0,0.2765142,0.020207555155436287
mHSC-L,hESC,topology_matched,cl_v6_fair,lr,5,0.5838866,0.03203307518550164,0.485714,0.06292487142934819,0.4405012,0.04651820542712283,0.5729554,0.03532465096557925,0.368932,0.0,1.0,0.0,0.318328,0.02222094315730095
mHSC-L,hESC,topology_matched,cl_v6_fair,mlp,5,0.5608906,0.053739504183049555,0.44257599999999997,0.0560887937720183,0.3358026,0.05470020804567384,0.5322266,0.040124316410874813,0.368932,0.0,1.0,0.0,0.2654436,0.020273955357551717
mHSC-L,hESC,topology_matched,minus,lr,5,0.49166000000000004,0.03577684855321945,0.3882656,0.02589690982800845,0.399874,0.03221640426863308,0.501498,0.021494495155736978,0.368932,0.0,1.0,0.0,0.4181904,0.030704036181583686
mHSC-L,hESC,topology_matched,minus,mlp,5,0.545182,0.02361496556846951,0.4240562,0.022373104955727537,0.432462,0.054150518357629795,0.5602024,0.04013914552453751,0.368932,0.0,1.0,0.0,0.302688,0.023023419980532873
mHSC-L,hESC,topology_matched,scGPT_human,lr,5,0.5812958,0.04415716297680364,0.4445148,0.03930944651556416,0.3016284,0.02768570444543538,0.5164374,0.011072225225310416,0.368932,0.0,1.0,0.0,0.3226508,0.020971627322647134
mHSC-L,hESC,topology_matched,scGPT_human,mlp,5,0.5859108000000001,0.034905671558645004,0.4279568,0.03810523904871874,0.1997892,0.1333436020308436,0.5044532,0.04623105587546104,0.368932,0.0,1.0,0.0,0.3134958,0.040373518298013125
mHSC-L,hESC,topology_matched,scconcept,lr,5,0.6,0.03175187183143697,0.4956248,0.05544642229540154,0.23718,0.08292708555592677,0.5409309999999999,0.03367173313032757,0.368932,0.0,1.0,0.0,0.30030599999999996,0.015990871558486115
mHSC-L,hESC,topology_matched,scconcept,mlp,5,0.508583,0.05277007242367592,0.4039678,0.04216828372319652,0.081512,0.04390431887639302,0.5036842,0.012196688655532695,0.368932,0.0,1.0,0.0,0.2930234,0.023502855712444808
mHSC-L,hESC,topology_matched,scconcept_encoded,lr,5,0.6457556,0.029042598524236785,0.5589944,0.054924817729693036,0.518931,0.03830892237064362,0.6049234,0.025888389803925643,0.38,0.0,1.0,0.0,0.3333038,0.0241514967436803
mHSC-L,hESC,topology_matched,scconcept_encoded,mlp,5,0.621562,0.029463756060624714,0.5241926,0.0541457840006034,0.4212302,0.051858474599239805,0.5620542,0.035838385685742054,0.38,0.0,1.0,0.0,0.2708904,0.03353979319316087
mHSC-L,hESC,topology_matched,v4_bias_rec_best,lr,5,0.5480972000000001,0.043424772687487956,0.4624484,0.04427139521451746,0.3696932,0.0922345399368371,0.5572471999999999,0.048604618769824734,0.368932,0.0,1.0,0.0,0.3228688,0.028344872816084395
mHSC-L,hESC,topology_matched,v4_bias_rec_best,mlp,5,0.6607286,0.05571421389412221,0.5593344,0.0455514092936761,0.3794466,0.014262015896779822,0.5876114,0.006903263854148979,0.368932,0.0,1.0,0.0,0.234698,0.02160410868330374
mHSC-L,hESC,topology_matched,v4_plain_best,lr,5,0.5398382,0.027996415537707695,0.4467962,0.034152382812330975,0.2859528,0.07783688235123502,0.5325104,0.035760208319303745,0.368932,0.0,1.0,0.0,0.33308920000000003,0.01932149074372886
mHSC-L,hESC,topology_matched,v4_plain_best,mlp,5,0.5442106,0.06995159325876717,0.485365,0.076674236718731,0.1402396,0.07214537173956484,0.5317814,0.020956583925821486,0.368932,0.0,1.0,0.0,0.27284220000000003,0.024086431793854404
mHSC-L,hESC,topology_matched,v4_type_pe_best,lr,5,0.6616196,0.02145434921501933,0.5745286000000001,0.030130141829072105,0.3608516,0.053520203791091826,0.5827936,0.018483515429701128,0.368932,0.0,1.0,0.0,0.278974,0.018743064680035657
mHSC-L,hESC,topology_matched,v4_type_pe_best,mlp,5,0.6189474,0.07572724043988399,0.527732,0.07446745896295912,0.1881722,0.07251624303395757,0.5429554,0.019292181137445297,0.368932,0.0,1.0,0.0,0.2806126,0.02772900538136916
mHSC-L,hHep,coverage_matched,baseline,lr,5,0.5310346,0.037384343421277326,0.36723,0.017251463346626562,0.3184888,0.08212897149581261,0.4998886,0.04113063288401967,0.348315,0.0,1.0,0.0,0.41071640000000004,0.029077705477564775
mHSC-L,hHep,coverage_matched,baseline,mlp,5,0.6251388,0.019436031955108513,0.4821286,0.04926648636385592,0.4261288,0.059686577631490975,0.5739154,0.031049392113856294,0.348315,0.0,1.0,0.0,0.26313559999999997,0.0133621832287991
mHSC-L,hHep,coverage_matched,cl_scratch_v5,lr,5,0.6505814,0.10014783539667745,0.5998116,0.09168182390550488,0.5053804,0.14812586474832812,0.5969186,0.08743345404957992,0.481928,0.0,1.0,0.0,0.3612472,0.07952516951858701
mHSC-L,hHep,coverage_matched,cl_scratch_v5,mlp,5,0.6781398,0.02939961830636583,0.6031778,0.030624534970510153,0.1977872,0.031047389709281517,0.4997094,0.019122179254467818,0.481928,0.0,1.0,0.0,0.3479724,0.042266139107327995
mHSC-L,hHep,coverage_matched,cl_v6_fair,lr,5,0.6143246,0.03741653919645699,0.7464206,0.03697271984369015,0.6398788,0.0441649492760945,0.5841892,0.02813150725716629,0.649123,0.0,1.0,0.0,0.3785288,0.031235574093651616
mHSC-L,hHep,coverage_matched,cl_v6_fair,mlp,5,0.6391892,0.05617467527062351,0.7527505999999999,0.03437874330803848,0.614009,0.041779807596493315,0.611757,0.04104104023048148,0.649123,0.0,1.0,0.0,0.3189048,0.04366955116966511
mHSC-L,hHep,coverage_matched,minus,lr,5,0.506011,0.05538228963125305,0.579062,0.03328692036220831,0.4924774,0.09195249669389081,0.4887234,0.0543834881985332,0.560606,0.0,1.0,0.0,0.4697872,0.06403697609787647
mHSC-L,hHep,coverage_matched,minus,mlp,5,0.5956664,0.04969223908257707,0.6280358,0.04477706039659149,0.6146508,0.06025210393803685,0.5894222,0.052089684573435414,0.560606,0.0,1.0,0.0,0.3127088,0.027343856519518244
mHSC-L,hHep,coverage_matched,scGPT_human,lr,5,0.716875,0.04165313447028927,0.7098292,0.04372691831538098,0.7026052,0.042371753168354974,0.6825002,0.041454768523777795,0.516129,0.0,1.0,0.0,0.28488399999999997,0.03444321173758336
mHSC-L,hHep,coverage_matched,scGPT_human,mlp,5,0.7583332,0.08142082128644984,0.7523542,0.0714432632048677,0.5994808,0.12120454164659014,0.66625,0.08120875790947671,0.516129,0.0,1.0,0.0,0.223659,0.04434175047514475
mHSC-L,hHep,coverage_matched,scconcept,lr,5,0.48658080000000004,0.05215100778086654,0.5112418,0.031180379814235753,0.3815816,0.0495860089646263,0.46580879999999997,0.04570280423518888,0.484848,0.0,1.0,0.0,0.47824340000000004,0.03669871848225769
mHSC-L,hHep,coverage_matched,scconcept,mlp,5,0.4483456,0.049786621948471256,0.4897544,0.06009538058653095,0.1896582,0.058530440929143876,0.4976104,0.04475109082290621,0.484848,0.0,1.0,0.0,0.384181,0.041606765041276646
mHSC-L,hHep,coverage_matched,scconcept_encoded,lr,5,0.7148572,0.04952502908792684,0.63905,0.06593191334702793,0.562747,0.04276124218495064,0.652143,0.029675035892143407,0.363636,0.0,1.0,0.0,0.2973476,0.02993019012702726
mHSC-L,hHep,coverage_matched,scconcept_encoded,mlp,5,0.706857,0.03966586462438452,0.5569454,0.04484138393314818,0.4732466,0.04295778872148799,0.6064286,0.02797599627251908,0.363636,0.0,1.0,0.0,0.2522428,0.01304894391742105
mHSC-L,hHep,coverage_matched,v4_bias_rec_best,lr,5,0.6522306,0.05256485425681307,0.6773596000000001,0.03917703446969921,0.5991763999999999,0.06576498956618182,0.5946924,0.0565048327830461,0.490196,0.0,1.0,0.0,0.3688154,0.04245036819910988
mHSC-L,hHep,coverage_matched,v4_bias_rec_best,mlp,5,0.7834618,0.021087197664934047,0.78545,0.01400151414669144,0.7216986,0.029138651208317785,0.7073076,0.02587417048409472,0.490196,0.0,1.0,0.0,0.2147944,0.014031858117868787
mHSC-L,hHep,coverage_matched,v4_plain_best,lr,5,0.5677947999999999,0.028720718621928643,0.5152213999999999,0.026741885607413713,0.49901500000000004,0.0211899179800206,0.5547178,0.029581217347499397,0.438202,0.0,1.0,0.0,0.4035406,0.022419919229114092
mHSC-L,hHep,coverage_matched,v4_plain_best,mlp,5,0.6852308,0.021917194331391967,0.6197895999999999,0.03548929703783946,0.519499,0.034263451559934835,0.6087692,0.022855596438509342,0.438202,0.0,1.0,0.0,0.259509,0.025948029042684534
mHSC-L,hHep,coverage_matched,v4_type_pe_best,lr,5,0.5760336,0.012560593928632513,0.5218132,0.01339555952396166,0.4951484,0.06475177891795715,0.5629514,0.05091683526143391,0.443182,0.0,1.0,0.0,0.3836988,0.030471492588319337
mHSC-L,hHep,coverage_matched,v4_type_pe_best,mlp,5,0.6759809999999999,0.02476727367313567,0.5969518,0.02981578165602905,0.5456174,0.0540841237096433,0.6221872,0.038004971955784964,0.443182,0.0,1.0,0.0,0.2830478,0.028988342411390134
mHSC-L,hHep,native,baseline,lr,5,0.62123,0.03825443907836053,0.6278074,0.03790440012768967,0.5950018,0.041330589129118404,0.578875,0.025903544105006154,0.6890000000000001,0.06335613624582864,0.204148,0.018772199040069864,0.3819864,0.025942220241143593
mHSC-L,hHep,native,baseline,mlp,5,0.6853494,0.00810302517828989,0.6836728,0.011241200832651281,0.6076376,0.016118239415022963,0.6267043999999999,0.004528707656716204,0.755,0.026076809620810618,0.223704,0.007726558690646175,0.2759368,0.021602485703270353
mHSC-L,hHep,native,cl_scratch_v5,lr,5,0.593422,0.0172064445717295,0.6087974,0.014628939163179245,0.5601294,0.023451118289753256,0.5612708,0.013419331762796536,0.654,0.01743559577416271,0.1937776,0.005166017909376614,0.3965272,0.0127998679743191
mHSC-L,hHep,native,cl_scratch_v5,mlp,5,0.634114,0.010790857667488725,0.606876,0.007610792232087285,0.551185,0.03202211321571394,0.5854094,0.013935675722403987,0.598,0.026944387170614984,0.1771852,0.007983792642597878,0.3367578,0.019813326105427125
mHSC-L,hHep,native,cl_v6_fair,lr,5,0.4823278,0.024729607739711508,0.5033238,0.021825768086369844,0.41329319999999997,0.05181828841403391,0.4849956,0.022670214763870246,0.48,0.04979959839195495,0.1422222,0.014755420202759394,0.479402,0.021567039370298375
mHSC-L,hHep,native,cl_v6_fair,mlp,5,0.607193,0.02145985662580252,0.5872154,0.021319381206779904,0.506367,0.036112836271885385,0.5610888,0.020498028474953394,0.595,0.03687817782917155,0.1762964,0.010926868510236588,0.321235,0.03849131673507676
mHSC-L,hHep,native,minus,lr,5,0.474619,0.02237396265304832,0.5123308,0.026728429998037685,0.4615732,0.03936203405008436,0.4867882,0.016433974533264936,0.505,0.054589376255824724,0.1496296,0.016174685636512382,0.47826440000000003,0.012660434741350712
mHSC-L,hHep,native,minus,mlp,5,0.6191952,0.05145857180062423,0.5942580000000001,0.04224777507987846,0.5432472,0.05356048102621932,0.5773728,0.03724425753535703,0.593,0.07619711280619496,0.1757038,0.022576991920094224,0.2959428,0.05196391669379821
mHSC-L,hHep,native,scGPT_human,lr,5,0.6315962,0.025880760795618043,0.6329752,0.02475998673182198,0.554997,0.0349977471046352,0.591422,0.02326991902005679,0.694,0.04532107677449863,0.2056296,0.013428357034276379,0.3875576,0.020325638672376328
mHSC-L,hHep,native,scGPT_human,mlp,5,0.7476846,0.014724813093550632,0.704904,0.021569853592456282,0.614111,0.03732538162162581,0.6605462,0.022361343675190902,0.74,0.028106938645110418,0.21925920000000002,0.008328192658674505,0.24523499999999998,0.01921904785362687
mHSC-L,hHep,native,scconcept,lr,5,0.4674378,0.01674621398883938,0.4883186,0.01344601648965224,0.3608758,0.010894239641204898,0.4747636,0.00922465215821171,0.45,0.04472135954999579,0.1333334,0.013250871753963963,0.5007248,0.010455997406273584
mHSC-L,hHep,native,scconcept,mlp,5,0.47873360000000004,0.01001680253573963,0.5030358,0.009431365254299072,0.2547302,0.04414156827028237,0.4862596,0.006751410655559323,0.481,0.025961509971494337,0.1425186,0.007692518666860684,0.3961506,0.026756125321877235
mHSC-L,hHep,native,scconcept_encoded,lr,5,0.4994244,0.013812020005777595,0.513936,0.010193590319411503,0.3901032,0.02047918312238064,0.4992738,0.012722744065648729,0.515,0.039115214431215906,0.15259240000000002,0.011589684647996252,0.4740674,0.009611287335211651
mHSC-L,hHep,native,scconcept_encoded,mlp,5,0.5287274,0.012380306403316513,0.5462568,0.009331751419749663,0.3539542,0.02700169280174856,0.5236572,0.008418446540781749,0.578,0.014352700094407337,0.1712592,0.004252607501286709,0.3945342,0.0191285483861165
mHSC-L,hHep,native,v4_bias_rec_best,lr,5,0.5190624,0.017255836978831228,0.5560882,0.022097567869790582,0.413273,0.02811580802324557,0.5166264,0.014957705995238733,0.593,0.059464274989274,0.17570360000000002,0.017618935071110287,0.4530858,0.01687470463622993
mHSC-L,hHep,native,v4_bias_rec_best,mlp,5,0.723077,0.027292732534504482,0.72227,0.026559379970172506,0.6361808,0.03904872547164633,0.6568804,0.02389576863463488,0.818,0.022271057451320065,0.2423702,0.006598537153036266,0.257203,0.03648399544457817
mHSC-L,hHep,native,v4_plain_best,lr,5,0.5712212,0.03627495888019722,0.6033538,0.03284929723083891,0.5688072,0.03612755984785022,0.5419394,0.025349884036026688,0.688,0.035440090293338694,0.2038518,0.010500893112492854,0.4137722,0.024955269995734386
mHSC-L,hHep,native,v4_plain_best,mlp,5,0.6517568,0.010671707087434512,0.6521440000000001,0.006735919209729282,0.583413,0.025106834838346304,0.6073384000000001,0.007816351593934373,0.704,0.017146428199482224,0.2085924,0.005080265056077286,0.3046776,0.02697384828755436
mHSC-L,hHep,native,v4_type_pe_best,lr,5,0.6352358,0.02278616601712536,0.6409201999999999,0.019508168570114424,0.6139669999999999,0.03047007560213792,0.6008596,0.018762167983471436,0.689,0.03337663853655725,0.2041482,0.009889228350078685,0.3663912,0.018923844581902483
mHSC-L,hHep,native,v4_type_pe_best,mlp,5,0.7347474,0.009158361285732317,0.7091812,0.008545381100922317,0.6682718,0.01438019784843034,0.6681054000000001,0.010671630008578837,0.777,0.016911534525287777,0.2302224,0.005010733942248384,0.2328184,0.012482907363270785
mHSC-L,hHep,strict,baseline,lr,5,0.678875,0.07786566221897816,0.6864794,0.06656211767544659,0.6024712,0.08827450863618555,0.6307098,0.0494081977627195,0.529412,0.0,1.0,0.0,0.3366384,0.060294078689702185
mHSC-L,hHep,strict,baseline,mlp,5,0.5595336,0.05304640308861665,0.5447738,0.04067917198469018,0.2365356,0.10685563582628668,0.4799382,0.032127154766023076,0.529412,0.0,1.0,0.0,0.38290420000000003,0.0405202118967806
mHSC-L,hHep,strict,cl_scratch_v5,lr,5,0.6649176,0.0730057908130581,0.6218088,0.05314368039343905,0.5467396,0.10342959606340923,0.5993828,0.06940887725183285,0.529412,0.0,1.0,0.0,0.363796,0.07338321330658669
mHSC-L,hHep,strict,cl_scratch_v5,mlp,5,0.6153636,0.04301183277471443,0.583257,0.03178137587330038,0.27960039999999997,0.09960611701015153,0.5001542,0.03448094081895098,0.529412,0.0,1.0,0.0,0.3552,0.01468739332897433
mHSC-L,hHep,strict,cl_v6_fair,lr,5,0.6401234,0.09709893821994141,0.6266176,0.09614405539730472,0.5945074,0.11162302260125372,0.6185186,0.09021857419755647,0.529412,0.0,1.0,0.0,0.3522908,0.08801645941163505
mHSC-L,hHep,strict,cl_v6_fair,mlp,5,0.6196502,0.044458715282383064,0.5809748,0.032960829118212416,0.2979334,0.14730839160156492,0.5070988,0.05925502779477876,0.529412,0.0,1.0,0.0,0.3771486,0.03909760560238949
mHSC-L,hHep,strict,minus,lr,5,0.5120368,0.1222447325448422,0.5345164,0.08269310092045165,0.3150636,0.13638963248957012,0.4978394,0.06564955922654776,0.529412,0.0,1.0,0.0,0.4811572,0.07218619312139962
mHSC-L,hHep,strict,minus,mlp,5,0.5379288,0.12443570325336697,0.5366029999999999,0.07677756872680978,0.2280372,0.1029180951386101,0.47777780000000003,0.04251640234262538,0.529412,0.0,1.0,0.0,0.4030152,0.07825260482156486
mHSC-L,hHep,strict,scGPT_human,lr,5,0.692764,0.03433191411500385,0.7005576,0.04328460509511437,0.5943136,0.045967353861626606,0.6354938,0.013343164758032489,0.529412,0.0,1.0,0.0,0.3151156,0.029300968179225756
mHSC-L,hHep,strict,scGPT_human,mlp,5,0.614129,0.1116758507520762,0.6096954,0.09066669130524176,0.3799786,0.16889993899418673,0.554321,0.07676236309025407,0.529412,0.0,1.0,0.0,0.3319572,0.055414954271929155
mHSC-L,hHep,strict,scconcept,lr,5,0.396262,0.01167327566709534,0.4798712,0.009693298476782799,0.224057,0.026111547108511195,0.4683642,0.005711833169832604,0.529412,0.0,1.0,0.0,0.502493,0.008312085538539628
mHSC-L,hHep,strict,scconcept,mlp,5,0.439712,0.027607537340371375,0.4920904,0.027444311400361274,0.0582972,0.04813913434784635,0.49104939999999997,0.021027337231328165,0.529412,0.0,1.0,0.0,0.416412,0.024694917566171384
mHSC-L,hHep,strict,scconcept_encoded,lr,5,0.5811386,0.026618527063682517,0.615362,0.019885207225472896,0.4200976,0.019462109121058807,0.5365742,0.010220118656845445,0.529412,0.0,1.0,0.0,0.4422918,0.010008855087371381
mHSC-L,hHep,strict,scconcept_encoded,mlp,5,0.5641632,0.04245769885144506,0.5825972,0.05248305976369898,0.2175504,0.04020466918456114,0.5152778,0.02668190535475305,0.529412,0.0,1.0,0.0,0.43613640000000004,0.02770605396370981
mHSC-L,hHep,strict,v4_bias_rec_best,lr,5,0.42781220000000003,0.08067250270420524,0.4629722,0.03602550628318774,0.2990462,0.09033523268005679,0.4435186,0.026983680835645826,0.529412,0.0,1.0,0.0,0.529961,0.03887243065721514
mHSC-L,hHep,strict,v4_bias_rec_best,mlp,5,0.652812,0.06259955536263814,0.6227566,0.05779766686156113,0.5949042,0.0868250933299815,0.6202162,0.05949347397958873,0.529412,0.0,1.0,0.0,0.28680700000000003,0.052147112249864805
mHSC-L,hHep,strict,v4_plain_best,lr,5,0.648937,0.05850216123187244,0.6263996000000001,0.056215242497386804,0.5854158,0.07337908813115629,0.6112654,0.052870044488727265,0.529412,0.0,1.0,0.0,0.3574062,0.05310391642204932
mHSC-L,hHep,strict,v4_plain_best,mlp,5,0.613443,0.05082448789707574,0.574485,0.0359784189480305,0.3674864,0.10304237753972878,0.5271604,0.045571677013689096,0.529412,0.0,1.0,0.0,0.3467424,0.02798061726695822
mHSC-L,hHep,strict,v4_type_pe_best,lr,5,0.713306,0.06091538447715812,0.6761655999999999,0.050394759666457394,0.6495846,0.10344381724317794,0.6586420000000001,0.07978039584258781,0.529412,0.0,1.0,0.0,0.296217,0.06847927728882658
mHSC-L,hHep,strict,v4_type_pe_best,mlp,5,0.7198902,0.021634252604608255,0.6440126,0.025845781122651353,0.6055972000000001,0.03441175769646183,0.641821,0.0258892886344913,0.529412,0.0,1.0,0.0,0.24687340000000002,0.01757245718276189
mHSC-L,hHep,topology_matched,baseline,lr,5,0.6189644,0.09886579336980006,0.6196114,0.08158044151535343,0.46453320000000003,0.1285585969531404,0.5723766,0.07213951000277172,0.529412,0.0,1.0,0.0,0.3592842,0.07158872998286811
mHSC-L,hHep,topology_matched,baseline,mlp,5,0.5052814,0.06781415850277876,0.5153564,0.04694106753195967,0.1757878,0.11825629897032969,0.4521604,0.04782466424597251,0.529412,0.0,1.0,0.0,0.3688366,0.04042494450014745
mHSC-L,hHep,topology_matched,cl_scratch_v5,lr,5,0.7050754,0.05618216464537476,0.709422,0.05705330261080422,0.6750252,0.05088845086028851,0.6609568,0.04225571557268911,0.529412,0.0,1.0,0.0,0.2842438,0.035599628854245086
mHSC-L,hHep,topology_matched,cl_scratch_v5,mlp,5,0.5493828000000001,0.0551083272596801,0.5582564,0.036907338574326924,0.2070062,0.15014382029560858,0.5132714,0.026681823225559387,0.529412,0.0,1.0,0.0,0.3627402,0.029938602461704857
mHSC-L,hHep,topology_matched,cl_v6_fair,lr,5,0.6276406,0.0859497945468167,0.5912414,0.06452683632288195,0.4104024,0.19008199367178363,0.558642,0.08573631513658608,0.529412,0.0,1.0,0.0,0.3882568,0.0816727571210866
mHSC-L,hHep,topology_matched,cl_v6_fair,mlp,5,0.50583,0.060827743028983076,0.5153112,0.02539690898830014,0.0892704,0.06355638857140955,0.468827,0.021274990058752084,0.529412,0.0,1.0,0.0,0.4372168,0.024333562948323034
mHSC-L,hHep,topology_matched,minus,lr,5,0.6056242000000001,0.03755679081817294,0.5675164,0.030291310784447738,0.4236708,0.08574719954937304,0.5373456,0.044453244491712854,0.529412,0.0,1.0,0.0,0.3898822,0.0410999770724997
mHSC-L,hHep,topology_matched,minus,mlp,5,0.5443416,0.10842793689930653,0.524978,0.0629011605361936,0.134411,0.07892540507846633,0.469753,0.023380752246238774,0.529412,0.0,1.0,0.0,0.411089,0.06983278571272952
mHSC-L,hHep,topology_matched,scGPT_human,lr,5,0.5983194000000001,0.10148568937855232,0.5972074,0.0820692826326635,0.5021666,0.115610955488829,0.5632714,0.08562928561094038,0.529412,0.0,1.0,0.0,0.3608256,0.07464423605503644
mHSC-L,hHep,topology_matched,scGPT_human,mlp,5,0.49660499999999996,0.12130110919360958,0.5200506,0.0695663136542393,0.2827082,0.11807211852490834,0.48549359999999997,0.03426983884175703,0.529412,0.0,1.0,0.0,0.3579634,0.06169055973356054
mHSC-L,hHep,topology_matched,scconcept,lr,5,0.5037724,0.03265878177519792,0.5396607999999999,0.019505677321231395,0.1452742,0.02445035190258005,0.489043,0.00606388819158138,0.529412,0.0,1.0,0.0,0.4590262,0.013719298457282725
mHSC-L,hHep,topology_matched,scconcept,mlp,5,0.477915,0.060932790279126396,0.5112566,0.03595055676675955,0.0499864,0.020897481643489965,0.4858026,0.006877397664814786,0.529412,0.0,1.0,0.0,0.4237998,0.0369632508169939
mHSC-L,hHep,topology_matched,scconcept_encoded,lr,5,0.5869342,0.03962015831568571,0.6231848,0.03584821382663298,0.3763122,0.04372765613384739,0.55,0.03155634834387529,0.529412,0.0,1.0,0.0,0.41129319999999997,0.02661057731354208
mHSC-L,hHep,topology_matched,scconcept_encoded,mlp,5,0.6343278,0.03372128453306605,0.6549758,0.06108763739219256,0.270523,0.0996646253311575,0.5445986,0.02544392731163959,0.529412,0.0,1.0,0.0,0.364899,0.021596318352904507
mHSC-L,hHep,topology_matched,v4_bias_rec_best,lr,5,0.685254,0.08985734816474387,0.6588064,0.09726296925058374,0.648439,0.09729323155286805,0.648148,0.06946335597133213,0.529412,0.0,1.0,0.0,0.3117152,0.06102695946022544
mHSC-L,hHep,topology_matched,v4_bias_rec_best,mlp,5,0.6412552,0.07747268351464276,0.6065334,0.06435460248840015,0.4535036,0.22161074008504192,0.5810184,0.0714506000859335,0.529412,0.0,1.0,0.0,0.2993406,0.04219156928866239
mHSC-L,hHep,topology_matched,v4_plain_best,lr,5,0.4990398,0.1018918478022653,0.521589,0.06126962580594074,0.3534736,0.09944616931506212,0.4953704,0.05184558942320936,0.529412,0.0,1.0,0.0,0.4587432,0.05699035170061684
mHSC-L,hHep,topology_matched,v4_plain_best,mlp,5,0.4038408,0.04847048715001737,0.4569972,0.019500714791001898,0.1846114,0.04328607904442259,0.4351852,0.014680680711738133,0.529412,0.0,1.0,0.0,0.44996200000000003,0.04270709080234804
mHSC-L,hHep,topology_matched,v4_type_pe_best,lr,5,0.7523318,0.052365578153592454,0.7048216,0.053389281480836596,0.6150292,0.1255929276948348,0.6720678,0.07252758122369725,0.529412,0.0,1.0,0.0,0.2725964,0.062301563731900024
mHSC-L,hHep,topology_matched,v4_type_pe_best,mlp,5,0.6225654,0.06588484319356008,0.5829782,0.04491615995340653,0.2280076,0.07037109453632222,0.4962964,0.03502222189753244,0.529412,0.0,1.0,0.0,0.3435194,0.02199813152610922
mHSC-L,mDC,coverage_matched,baseline,lr,5,0.6592918,0.0641504775645513,0.723347,0.057432967588311165,0.6188876,0.04136406219219771,0.5497678,0.04965601346624596,0.506024,0.0,1.0,0.0,0.3432102,0.03589801222017732
mHSC-L,mDC,coverage_matched,baseline,mlp,5,0.6484902,0.07246789921723963,0.6930354,0.0869097987124582,0.6373846,0.03916081502011929,0.5714286,0.0399037344046895,0.506024,0.0,1.0,0.0,0.2637246,0.02482736435951267
mHSC-L,mDC,coverage_matched,cl_scratch_v5,lr,5,0.547589,0.08852703193262497,0.6463846,0.07686962275853838,0.5668492,0.06488449630350843,0.5289307999999999,0.04580134452786292,0.595506,0.0,1.0,0.0,0.4015024,0.057030395967764415
mHSC-L,mDC,coverage_matched,cl_scratch_v5,mlp,5,0.5309224,0.0388436931436752,0.6630494,0.03738280584760861,0.5845562,0.059065740470766966,0.4952304,0.02995255747077368,0.595506,0.0,1.0,0.0,0.3165026,0.040457502081072676
mHSC-L,mDC,coverage_matched,cl_v6_fair,lr,5,0.4858876,0.06673895985584433,0.4552016,0.04355347192865338,0.49240659999999997,0.04058723898764242,0.49461540000000004,0.04844349896363806,0.444444,0.0,1.0,0.0,0.440024,0.0506852627378018
mHSC-L,mDC,coverage_matched,cl_v6_fair,mlp,5,0.3839942,0.04802246372438634,0.3863106,0.027257475822973765,0.4405796,0.045775852772395195,0.4342308,0.03606798019518144,0.444444,0.0,1.0,0.0,0.4123186,0.022141807510679873
mHSC-L,mDC,coverage_matched,minus,lr,5,0.5393986,0.08455730866483394,0.5905016000000001,0.06656122426938976,0.5951882000000001,0.09293795110158175,0.5069174000000001,0.06638905630478567,0.520548,0.0,1.0,0.0,0.42763819999999997,0.04970175105325766
mHSC-L,mDC,coverage_matched,minus,mlp,5,0.2885712,0.11138119233227843,0.4269214,0.06699200478445172,0.3943186,0.10529170654253828,0.341955,0.0746358612973683,0.520548,0.0,1.0,0.0,0.4370658,0.07237053343288274
mHSC-L,mDC,coverage_matched,scGPT_human,lr,5,0.5305078,0.057597233983586404,0.5794334,0.042913883439278745,0.5911002,0.05022696482328985,0.5183166,0.04508235277622499,0.550847,0.0,1.0,0.0,0.39567260000000004,0.043472607700021856
mHSC-L,mDC,coverage_matched,scGPT_human,mlp,5,0.5299854,0.09335941329849924,0.59048,0.053636591562104326,0.5571124,0.0764186353099818,0.5187808,0.07218052232950384,0.550847,0.0,1.0,0.0,0.3074932,0.055071058836379756
mHSC-L,mDC,coverage_matched,scconcept,lr,5,0.5032142,0.024882430487394108,0.8648532,0.005987129809850439,0.2816154,0.07128961999225414,0.4957144,0.051229839838125596,0.848485,0.0,1.0,0.0,0.6287638,0.05546919165951493
mHSC-L,mDC,coverage_matched,scconcept,mlp,5,0.5885714,0.06613052461488568,0.8924166,0.024299591507677666,0.1194896,0.03199789234059018,0.5121428,0.026807093564204233,0.848485,0.0,1.0,0.0,0.5118336,0.06608411887163208
mHSC-L,mDC,coverage_matched,scconcept_encoded,lr,5,0.5193638,0.06347101083612895,0.4440462,0.05605731253779476,0.4233424,0.07133841379677569,0.535,0.048288959777572346,0.421053,0.0,1.0,0.0,0.3794046,0.045365861546321364
mHSC-L,mDC,coverage_matched,scconcept_encoded,mlp,5,0.5780456,0.03185324675821919,0.5207222,0.04825560040202588,0.3638024,0.048289214090105045,0.549091,0.024163821055453946,0.421053,0.0,1.0,0.0,0.2924762,0.031706199541414605
mHSC-L,mDC,coverage_matched,v4_bias_rec_best,lr,5,0.4876742,0.05140536532075226,0.612889,0.05162444429918834,0.5469534,0.04663469956845438,0.490465,0.029302599154341233,0.589041,0.0,1.0,0.0,0.441372,0.03214072685550219
mHSC-L,mDC,coverage_matched,v4_bias_rec_best,mlp,5,0.4127906,0.041215024831243265,0.5573064,0.022735667279409254,0.4427458,0.07039810528529869,0.468372,0.04137195800055879,0.589041,0.0,1.0,0.0,0.3862256,0.05481197243887507
mHSC-L,mDC,coverage_matched,v4_plain_best,lr,5,0.4776654,0.04015924562339286,0.409499,0.04783569917540666,0.4637534,0.020280141869326265,0.4887206,0.02931703287578742,0.37931,0.0,1.0,0.0,0.4587968,0.0231566470837209
mHSC-L,mDC,coverage_matched,v4_plain_best,mlp,5,0.5474748,0.029919370056202706,0.44417,0.05323397928766928,0.4265074,0.029755161734394926,0.5304714,0.024381441201044695,0.37931,0.0,1.0,0.0,0.2872108,0.018832291835036964
mHSC-L,mDC,coverage_matched,v4_type_pe_best,lr,5,0.5333334,0.04489057322244839,0.5647206,0.05000458392827601,0.6532534,0.024872817151259722,0.5589744,0.03401664557595295,0.5,0.0,1.0,0.0,0.3951358,0.02639627034563785
mHSC-L,mDC,coverage_matched,v4_type_pe_best,mlp,5,0.4650228,0.05580602140056215,0.4843256,0.053246702517996354,0.5275880000000001,0.08979342874620616,0.4871796,0.07068746763210579,0.5,0.0,1.0,0.0,0.3421534,0.02167246677791893
mHSC-L,mDC,native,baseline,lr,5,0.5507894,0.05079021992313089,0.5902036,0.05749493621389626,0.5582431999999999,0.04021805296331485,0.520438,0.028331053280808333,0.638,0.0863481325796916,0.1893176,0.025622745204993157,0.4168214,0.03168521535732398
mHSC-L,mDC,native,baseline,mlp,5,0.515352,0.016115843359874163,0.5357942,0.017043370082234322,0.5522118,0.017808187503505237,0.504908,0.009386135520010351,0.5730000000000001,0.04154515615568197,0.1700298,0.012328046096604284,0.3479706,0.03885112381695027
mHSC-L,mDC,native,cl_scratch_v5,lr,5,0.539314,0.0384032192869296,0.575198,0.03171648433858962,0.5716966,0.041608933317738385,0.5101207999999999,0.026392081004725655,0.633,0.053907327887774234,0.1878338,0.01599603678915499,0.4264376,0.023579952693760866
mHSC-L,mDC,native,cl_scratch_v5,mlp,5,0.6181472,0.017879537358667846,0.6369802,0.018865227954095863,0.6436414,0.009958102903665939,0.55272,0.009588736642540568,0.714,0.02244994432064364,0.21186939999999999,0.00666168244815076,0.32864,0.011596424638654793
mHSC-L,mDC,native,cl_v6_fair,lr,5,0.6125854000000001,0.030047744498381244,0.622009,0.04011970129001461,0.6157838,0.03222501684964651,0.5741656,0.01884551597171062,0.672,0.06177378084592201,0.1994066,0.018330459695272236,0.3694454,0.01662429329144549
mHSC-L,mDC,native,cl_v6_fair,mlp,5,0.5957892,0.06266810666806523,0.6101326,0.057114838911092085,0.6210844,0.03876180462568792,0.5465276,0.0388925964810785,0.685,0.08734987120768982,0.2032642,0.025919992425924826,0.2977712,0.023204593040172024
mHSC-L,mDC,native,minus,lr,5,0.521502,0.03208154218861683,0.5498868,0.0224787630923056,0.536921,0.041798550027483006,0.5118444,0.023889745369928068,0.579,0.0446542271235322,0.1718102,0.013250552930349737,0.4313924,0.024033745514172363
mHSC-L,mDC,native,minus,mlp,5,0.455348,0.019191727280263228,0.4936054,0.012872476134761323,0.5030053999999999,0.015390832785785173,0.4575412,0.01024132490256998,0.497,0.03234192325759246,0.1474778,0.009596967925339752,0.350515,0.035855926277255756
mHSC-L,mDC,native,scGPT_human,lr,5,0.4612404,0.061003572985850574,0.51511,0.05491665087020511,0.48466099999999995,0.053591913908723206,0.4690352,0.034482840552367486,0.528,0.11196428001822725,0.1566768,0.03322371741632775,0.4828152,0.03676830581574299
mHSC-L,mDC,native,scGPT_human,mlp,5,0.49487580000000003,0.05472286423571049,0.553155,0.048125227151671696,0.486396,0.06983585478821032,0.47979700000000003,0.03438010182067529,0.628,0.08121576201698778,0.18635,0.024099878539113006,0.352472,0.036600846919162947
mHSC-L,mDC,native,scconcept,lr,5,0.4923622,0.014371262316164158,0.5196868,0.009088355525616288,0.45451220000000003,0.014550659591922286,0.4996212,0.010665631821884725,0.545,0.014142135623730963,0.161721,0.004196325201887955,0.4595656,0.010186386063761772
mHSC-L,mDC,native,scconcept,mlp,5,0.5058178,0.006943580672822913,0.5432444,0.00848259433428239,0.367383,0.0363327288157661,0.507726,0.0024475954731123413,0.559,0.023958297101421864,0.1658754,0.007109244843160206,0.3537628,0.01940100583371904
mHSC-L,mDC,native,scconcept_encoded,lr,5,0.5355924,0.023417008071912167,0.5505578,0.02059467837476471,0.5376624,0.020890059842901362,0.5195866,0.017653360650029214,0.578,0.04178516483155236,0.1715132,0.012399290566802602,0.407738,0.012788349963932029
mHSC-L,mDC,native,scconcept_encoded,mlp,5,0.543985,0.018597752132986374,0.56533,0.0184801964491723,0.5180228,0.020549474537320905,0.5347832,0.014597019920518024,0.63,0.02258317958127245,0.1869436,0.006701359283011172,0.3419672,0.0266667326487517
mHSC-L,mDC,native,v4_bias_rec_best,lr,5,0.4953498,0.051082884050922574,0.5300022,0.03586897600099562,0.5211406000000001,0.05661346787328966,0.49427719999999997,0.03941933576000488,0.541,0.06036555309114627,0.1605342,0.017912580019639822,0.4482592,0.03938092869600716
mHSC-L,mDC,native,v4_bias_rec_best,mlp,5,0.4214768,0.04003381276071515,0.4778286,0.02435291920571332,0.410903,0.05152735105165022,0.44320160000000003,0.025727488067046108,0.479,0.05489990892524324,0.1421364,0.016290598977324315,0.3945006,0.029497663708165096
mHSC-L,mDC,native,v4_plain_best,lr,5,0.5220304,0.04225903385833615,0.5617052,0.037058794639869226,0.5579154000000001,0.03037450585342908,0.4967334,0.02654600952007664,0.598,0.058446556784809804,0.177448,0.01734302336964349,0.4418116,0.02669446779091129
mHSC-L,mDC,native,v4_plain_best,mlp,5,0.4945372,0.032744908052398006,0.5313352,0.022463635506302173,0.52997,0.03082541494935631,0.475981,0.025437749578136822,0.57,0.034785054261852154,0.1691394,0.010322163002006897,0.3746416,0.028716722971815583
mHSC-L,mDC,native,v4_type_pe_best,lr,5,0.6098404000000001,0.018725133597387224,0.6161844,0.02241352467239368,0.641055,0.014500436683079595,0.5690008,0.013148726317024035,0.65,0.03754996671103718,0.1928782,0.01114235342106864,0.3752388,0.013032034582520105
mHSC-L,mDC,native,v4_type_pe_best,mlp,5,0.5287784,0.03779199571655353,0.5513170000000001,0.031086389986616343,0.582854,0.0345686430627527,0.5039318,0.02057726726657358,0.594,0.05508175741568166,0.176261,0.01634461284949876,0.3227654,0.011550263903478561
mHSC-L,mDC,strict,baseline,lr,5,0.599178,0.03902326279028958,0.600505,0.0334026916699837,0.5493216,0.043782179386595205,0.542839,0.03299591485623638,0.491,0.013928388277184131,0.82521,0.023409025763581025,0.4105792,0.026884991570763038
mHSC-L,mDC,strict,baseline,mlp,5,0.6320486,0.03480840079406119,0.6138632,0.037018521469124085,0.5781442,0.03466869312448915,0.5759652,0.02270707789566947,0.502,0.012884098726725137,0.8436974,0.021654149501654434,0.2988726,0.03871103052929488
mHSC-L,mDC,strict,cl_scratch_v5,lr,5,0.5277614,0.036947447514544214,0.5103696,0.030558141380653367,0.5115982,0.04238433849147585,0.5157166,0.024575851013545782,0.46499999999999997,0.01643167672515497,0.7815126,0.027616414782516575,0.436837,0.02263773542561182
mHSC-L,mDC,strict,cl_scratch_v5,mlp,5,0.6191998000000001,0.0448266061414424,0.6139602000000001,0.03596209203258343,0.5733384,0.041505544625266635,0.5548898,0.03509022955410808,0.5,0.026267851073127402,0.8403362,0.044147463634505675,0.316303,0.03530991696959934
mHSC-L,mDC,strict,cl_v6_fair,lr,5,0.5149922,0.031093488677856652,0.4703458,0.0240374452253146,0.5062598,0.034417907196109404,0.4997442,0.010276947764779188,0.477,0.0174928556845359,0.8016806,0.02939981952053446,0.4549816,0.0186424498132622
mHSC-L,mDC,strict,cl_v6_fair,mlp,5,0.646316,0.0251155932679282,0.6328668000000001,0.02876921646065461,0.6103614,0.02125007457492795,0.5851418,0.015797777203138397,0.504,0.013564659966250548,0.8470588,0.022797534238596928,0.2819536,0.020077256312554272
mHSC-L,mDC,strict,minus,lr,5,0.48734,0.04145124517791955,0.4741128,0.03532749278055265,0.49294059999999995,0.05491348176031091,0.483224,0.028880577078721957,0.451,0.019595917942265423,0.7579832,0.03293424691350936,0.4729108,0.028565556108012338
mHSC-L,mDC,strict,minus,mlp,5,0.5575754,0.014868866864694163,0.5629776,0.026697470416502028,0.4932136,0.027607172282579015,0.5289432,0.016717426146389883,0.475,0.004472135954999583,0.7983194,0.007516318902228677,0.3175716,0.037373695688813005
mHSC-L,mDC,strict,scGPT_human,lr,5,0.5636524,0.0237983717644716,0.5534736,0.03607745871094581,0.5520668,0.021734724239336447,0.5221958,0.021291769775197176,0.477,0.012083045973594563,0.8016806,0.020307528462124576,0.4089908,0.016352313101209867
mHSC-L,mDC,strict,scGPT_human,mlp,5,0.6624408,0.018584723429741965,0.642558,0.015977721677385696,0.5845512,0.01690488811438867,0.599245,0.01772297257234239,0.514,0.009695359714832668,0.8638656,0.016294970446122343,0.2667526,0.010227226145930277
mHSC-L,mDC,strict,scconcept,lr,5,0.5300512,0.016320562335900072,0.5086836,0.030499912790694993,0.405992,0.030221362259170246,0.5153696,0.01693085997343314,0.46,0.0151657508881031,0.7731094,0.025488747828012245,0.3992988,0.014599996841095551
mHSC-L,mDC,strict,scconcept,mlp,5,0.5242846,0.03102931688967709,0.5199504,0.02119231674546226,0.339068,0.0401106269609439,0.5212092,0.02466091657177405,0.464,0.008602325267042615,0.779832,0.014457835079983428,0.3406134,0.023589867660502025
mHSC-L,mDC,strict,scconcept_encoded,lr,5,0.502862,0.0207324038451888,0.4746304,0.013985620180742784,0.4918626,0.022899322658978365,0.4992572,0.017995373721042845,0.463,0.005999999999999979,0.7781512,0.010084066667768484,0.4313602,0.015426843869048518
mHSC-L,mDC,strict,scconcept_encoded,mlp,5,0.5395384,0.036388114964092305,0.5194998,0.03231214459239744,0.5120196,0.031010921286540323,0.5346488,0.0440951363957523,0.46,0.009486832980505129,0.773109,0.015944203962568976,0.34125900000000003,0.029891599856815963
mHSC-L,mDC,strict,v4_bias_rec_best,lr,5,0.524662,0.03861697811584952,0.5050536,0.04095707529890285,0.5024856,0.029829161158839157,0.5182134,0.022425129079673093,0.463,0.011661903789690588,0.7781512,0.0195997501045294,0.4378044,0.019882329648207728
mHSC-L,mDC,strict,v4_bias_rec_best,mlp,5,0.634344,0.036206232065764586,0.5838752,0.03587098448830194,0.5510309999999999,0.03243412346279763,0.5777738,0.015111445680675288,0.513,0.016309506430300102,0.862185,0.027411068625648273,0.292707,0.022774281968922748
mHSC-L,mDC,strict,v4_plain_best,lr,5,0.5390758,0.023123960788757638,0.5507034,0.02081323767797789,0.5237978,0.025295593840825328,0.511509,0.023607046617482662,0.46599999999999997,0.02083266665599965,0.7831934,0.035012973233360216,0.4432208,0.026113208729683157
mHSC-L,mDC,strict,v4_plain_best,mlp,5,0.6074778,0.04336063948974921,0.6007936,0.036612838631277955,0.5657362,0.03753592141615812,0.5573864,0.02867600042962756,0.497,0.022715633383201116,0.8352942,0.03817743425323395,0.2858424,0.02777245059838976
mHSC-L,mDC,strict,v4_type_pe_best,lr,5,0.5269274,0.023743015634918825,0.5240378,0.032002517215994127,0.518501,0.03646300655184651,0.5068138,0.02604093730571157,0.46900000000000003,0.014966629547095756,0.7882354,0.025153986662952668,0.4402492,0.017878667370920007
mHSC-L,mDC,strict,v4_type_pe_best,mlp,5,0.6641882,0.02768845361806976,0.6576666,0.026081706689555412,0.6026748,0.03018960930121489,0.6045428,0.026058259937302028,0.514,0.013928388277184131,0.8638656,0.023408997044726206,0.26391,0.024838526228421854
mHSC-L,mDC,topology_matched,baseline,lr,5,0.6185238,0.02758341991414409,0.5930234,0.024789340512405715,0.5701428,0.03712326519798602,0.5686336,0.022782180269675656,0.502,0.017204650534085267,0.8436976,0.028915484160566957,0.3637942,0.016364919473067986
mHSC-L,mDC,topology_matched,baseline,mlp,5,0.5912434,0.03885240475234449,0.5619358,0.029160882746583655,0.5287916,0.03827994168543101,0.5647058,0.024081275459576466,0.487,0.01939071942966532,0.8184876,0.03258939423554848,0.2933658,0.010247963883620986
mHSC-L,mDC,topology_matched,cl_scratch_v5,lr,5,0.4772074,0.02660685584280864,0.461194,0.017384221259521517,0.4899312,0.04845014130175473,0.4851966,0.031060112856201912,0.45,0.010488088481701525,0.7563024,0.01762704427406934,0.4386198,0.017368542407467578
mHSC-L,mDC,topology_matched,cl_scratch_v5,mlp,5,0.5693032,0.027646237736082633,0.5585594,0.04406454392184266,0.51903,0.033960915635477214,0.5416026,0.02689710570749204,0.474,0.014966629547095755,0.7966386,0.025154066840970275,0.3057442,0.023690541930483564
mHSC-L,mDC,topology_matched,cl_v6_fair,lr,5,0.559536,0.05009688347991319,0.5230274,0.04200173290520286,0.5612946,0.031583307506339496,0.527932,0.024872482883701023,0.483,0.016911534525287767,0.8117648,0.028422589286692387,0.41067159999999997,0.026445759089880547
mHSC-L,mDC,topology_matched,cl_v6_fair,mlp,5,0.5956886,0.03369945334630816,0.5943284,0.05201331002964528,0.5494746,0.03309154708139224,0.5513336,0.029073592111054997,0.485,0.012649110640673528,0.815126,0.02125896497010144,0.2925226,0.013604677983693698
mHSC-L,mDC,topology_matched,minus,lr,5,0.5394532,0.04705549025310438,0.5106498,0.0389849259709442,0.5799172,0.028395442637155714,0.5108756,0.02716120896867442,0.46699999999999997,0.019390719429665308,0.7848738,0.03258952832061245,0.437873,0.024589985815368007
mHSC-L,mDC,topology_matched,minus,mlp,5,0.5388016,0.020127674744987306,0.5440638,0.013996478677153062,0.5372083999999999,0.026299818855649932,0.502661,0.01462845676071128,0.472,0.01749285568453589,0.7932774,0.029399956718335493,0.359297,0.021811323086873925
mHSC-L,mDC,topology_matched,scGPT_human,lr,5,0.5007184,0.04350809018378076,0.4911862,0.03808258407934001,0.529601,0.042557422304458255,0.480398,0.028716022308112245,0.455,0.015811388300841885,0.7647058,0.02657375759955674,0.4431132,0.0255887455526839
mHSC-L,mDC,topology_matched,scGPT_human,mlp,5,0.5594994,0.044152652018197035,0.5543664,0.047824278205112515,0.5240284,0.07327473931335408,0.523219,0.035848760290977985,0.468,0.0150332963783729,0.7865548,0.025266022198992877,0.3289896,0.046675323320144235
mHSC-L,mDC,topology_matched,scconcept,lr,5,0.5039094,0.018760944854670822,0.4671898,0.015708291000614938,0.1674558,0.02237439192827372,0.500536,0.008912948647894235,0.468,0.005999999999999979,0.7865546,0.010083866671074132,0.4141772,0.00869140686885615
mHSC-L,mDC,topology_matched,scconcept,mlp,5,0.4831142,0.025332537002045415,0.4460096,0.010848665274585627,0.042885,0.029242817244581616,0.492924,0.004967895812111996,0.461,0.02745906043549196,0.7747898,0.046149729084361914,0.411872,0.022921953782345864
mHSC-L,mDC,topology_matched,scconcept_encoded,lr,5,0.471179,0.024318871009979048,0.4402628,0.019052295897345292,0.5519402,0.027175582947933274,0.4862744,0.027321863432789487,0.459,0.014628738838327786,0.7714288,0.024586042856873106,0.4596496,0.028568695984241225
mHSC-L,mDC,topology_matched,scconcept_encoded,mlp,5,0.558446,0.023494276017787852,0.5205332,0.019467080720025773,0.5587246,0.035045539365802306,0.5302520000000001,0.023789772365451503,0.481,0.01392838827718412,0.8084034,0.023408781656463897,0.3279634,0.01883800680114538
mHSC-L,mDC,topology_matched,v4_bias_rec_best,lr,5,0.6032881999999999,0.04246513959190525,0.5521322,0.035550265998442264,0.6085608,0.03181558501363755,0.5696018,0.0257904396658917,0.498,0.014000000000000012,0.8369748,0.023529471429677314,0.3891094,0.025981818624568994
mHSC-L,mDC,topology_matched,v4_bias_rec_best,mlp,5,0.6410122,0.03563815315304654,0.5999546,0.030854277995765844,0.6000872,0.022831684917237288,0.5785652,0.022077329760639072,0.516,0.018547236990991423,0.8672266,0.03117188831367134,0.2895618,0.02681866721818965
mHSC-L,mDC,topology_matched,v4_plain_best,lr,5,0.5105223999999999,0.028082125109043996,0.4873404,0.01570073688207023,0.4574602,0.03508653982597885,0.4981368,0.02242108692637357,0.469,0.020832666655999657,0.7882352,0.03501295403361447,0.416745,0.014874107462298372
mHSC-L,mDC,topology_matched,v4_plain_best,mlp,5,0.5113022,0.033229352262119115,0.5066804,0.029211916647833985,0.4474636,0.057018520635316386,0.5061686,0.021473842214191675,0.458,0.010295630140986991,0.7697478,0.01730341878820485,0.3314056,0.027117495832764505
mHSC-L,mDC,topology_matched,v4_type_pe_best,lr,5,0.445808,0.03964476594457332,0.47321640000000004,0.03719214121612254,0.4414302,0.05218306396293724,0.457502,0.026657430686395873,0.455,0.012247448713915884,0.7647058,0.020583797156015698,0.4650976,0.02056075251152058
mHSC-L,mDC,topology_matched,v4_type_pe_best,mlp,5,0.5571042,0.025933589434553792,0.5782864,0.020890801349876444,0.4832288,0.034145825884872055,0.539637,0.027887643141721416,0.475,0.01549193338482966,0.7983192,0.026036905141740615,0.3142366,0.027664897040112043
mHSC-L,mESC,coverage_matched,baseline,mlp,2,0.4410775,0.021885500000000002,0.5300815,0.0032484999999999875,0.710526,0.0,0.5,0.0,0.55102,0.0,1.0,0.0,0.2777135,0.004384500000000013
mHSC-L,mESC,coverage_matched,cl_v6_fair,lr,5,0.5263158,0.017926827844323156,0.5733104,0.007504913419886998,0.703704,0.0,0.5,0.0,0.542857,0.0,1.0,0.0,0.2641774,0.018605129858186957
mHSC-L,mESC,coverage_matched,cl_v6_fair,mlp,5,0.526316,0.0,0.566917,0.0,0.703704,0.0,0.5,0.0,0.542857,0.0,1.0,0.0,0.2828604,0.015782831185817074
mHSC-L,mESC,coverage_matched,minus,mlp,1,0.3125,0.0,0.34324,0.0,0.581818,0.0,0.5,0.0,0.410256,0.0,1.0,0.0,0.509676,0.0
mHSC-L,mESC,coverage_matched,scconcept,mlp,4,0.4847875,0.012326637994603396,0.40660474999999996,0.005990550699852233,0.2933335,0.2933335,0.5,0.0,0.415094,0.0,1.0,0.0,0.261626,0.016196835138384307
mHSC-L,mESC,coverage_matched,scconcept_encoded,lr,5,0.4920636,0.020897952795429504,0.4753328,0.01926595538663993,0.3951128,0.28175037337359465,0.5,0.017568349768831447,0.461538,0.0,1.0,0.0,0.2719602,0.0316868298281794
mHSC-L,mESC,coverage_matched,scconcept_encoded,mlp,5,0.4992062,0.03314393113919954,0.4680026,0.025463466092423476,0.6169174,0.011971146270929954,0.48333319999999996,0.013608385215006236,0.461538,0.0,1.0,0.0,0.2779072,0.01505176185567656
mHSC-L,mESC,coverage_matched,v4_bias_rec_best,mlp,2,0.4834305,0.028197499999999986,0.3156555,0.006925500000000001,0.481928,0.0,0.5,0.0,0.31746,0.0,1.0,0.0,0.3761045,0.022958499999999993
mHSC-L,mESC,coverage_matched,v4_plain_best,mlp,4,0.4916665,0.035721725416754446,0.34810775,0.016153047566558453,0.516129,0.0,0.5,0.0,0.347826,0.0,1.0,0.0,0.3357235,0.01914391435286943
mHSC-L,mESC,coverage_matched,v4_type_pe_best,mlp,2,0.532609,0.05434799999999998,0.5186045,0.02922150000000001,0.666667,0.0,0.5,0.0,0.5,0.0,1.0,0.0,0.261182,0.009528999999999982
mHSC-L,mESC,native,baseline,lr,5,0.5015172,0.0018861536946919119,0.5185862,0.0014059989189184928,0.6796636,0.0009802857950617883,0.4991096,0.0010905128334870737,0.549,0.01067707825203132,0.1629078,0.0031681700964436865,0.2829196,0.014908968248675021
mHSC-L,mESC,native,baseline,mlp,5,0.503784,0.007268350074122735,0.5196102,0.0037256661900927075,0.6800638,0.0008003999999999678,0.4995548,0.0008904000000000023,0.535,0.037682887362833525,0.1587538,0.011181972230335764,0.2843574,0.01843170791435237
mHSC-L,mESC,native,cl_scratch_v5,lr,5,0.5030994,0.0030245380870473366,0.519268,0.002444204901394336,0.6796624,0.0016032000000000047,0.4991098,0.0017803999999999932,0.557,0.005099019513592754,0.1652818,0.0015131144570058154,0.2849198,0.013462228246467959
mHSC-L,mESC,native,cl_scratch_v5,mlp,5,0.5044428,1.6399999999983095e-05,0.5201026,0.00021320000000000228,0.680464,0.0,0.5,0.0,0.555,0.0,0.164688,0.0,0.2811348,0.017700259595836428
mHSC-L,mESC,native,cl_v6_fair,lr,5,0.5040226,0.0016039950872742859,0.5200656,0.0012807412853500337,0.680464,0.0,0.5,0.0,0.56,0.004472135954999534,0.166172,0.0013273299514438746,0.28504,0.013737028863622582
mHSC-L,mESC,native,cl_v6_fair,mlp,5,0.5048798,0.0008576000000000139,0.5204864,0.0009808000000000039,0.680464,0.0,0.5,0.0,0.556,0.0020000000000000018,0.1649848,0.0005935999999999942,0.278799,0.010401193681496373
mHSC-L,mESC,native,minus,lr,5,0.5033014,0.0029281963458757145,0.5203396,0.0011576884900524667,0.680464,0.0,0.5,0.0,0.546,0.0073484692283495405,0.16201759999999998,0.002180644638633262,0.281292,0.012549710036490903
mHSC-L,mESC,native,minus,mlp,5,0.5058469999999999,0.0017097438404626549,0.5203324,0.0004120041747361211,0.680464,0.0,0.5,0.0,0.5650000000000001,0.012247448713915848,0.16765560000000002,0.003634552880341684,0.2866752,0.007135932101694922
mHSC-L,mESC,native,scGPT_human,lr,5,0.4959404,0.0020174273320246326,0.5136267999999999,0.0010608938495438825,0.676456,0.0,0.495549,0.0,0.545,0.012247448713915865,0.1617212,0.0036343079341189565,0.28592039999999996,0.0141745388298879
mHSC-L,mESC,native,scGPT_human,mlp,5,0.4923808,0.0038802583625320744,0.5120096,0.0017833225843912725,0.6776602,0.0009832251827532129,0.496884,0.001090022935538503,0.523,0.027129319932501096,0.1551928,0.008050242341693827,0.2757968,0.005220156066632487
mHSC-L,mESC,native,scconcept,lr,5,0.4989502,0.0015355854127986329,0.517251,0.0005410859451141098,0.678463,0.0,0.497774,0.0,0.551,0.006633249580710806,0.1635014,0.001968356532745021,0.2856104,0.015398468295255862
mHSC-L,mESC,native,scconcept,mlp,5,0.49224060000000003,0.004058734068647527,0.5119526,0.0018547970886325976,0.6768573999999999,0.0008028000000000369,0.495994,0.0008899999999999907,0.521,0.029393876913398162,0.1545994,0.008722143076102347,0.2776886,0.012747843230915578
mHSC-L,mESC,native,scconcept_encoded,lr,5,0.5035997999999999,0.002096940380649852,0.519687,0.0013730134740780778,0.680464,0.0,0.5,0.0,0.546,0.00489897948556636,0.1620176,0.001453649696453725,0.2856856,0.014966000261927043
mHSC-L,mESC,native,scconcept_encoded,mlp,5,0.497051,0.0063679723931562345,0.5145438,0.003271915976916284,0.6776602,0.0009832251827532129,0.496884,0.001090022935538503,0.53,0.018439088914585792,0.15727,0.005471636939710096,0.2880772,0.0191844608618538
mHSC-L,mESC,native,v4_bias_rec_best,lr,5,0.4977246,0.002389207115341829,0.5151396,0.0017910596416646678,0.6772587999999999,0.0009832251827532129,0.496439,0.001090022935538503,0.537,0.008717797887081356,0.1593472,0.0025869606413704872,0.287085,0.013045621748310811
mHSC-L,mESC,native,v4_bias_rec_best,mlp,5,0.4954006,0.005062365557721016,0.5134094,0.002523078801781692,0.6772587999999999,0.0009832251827532129,0.496439,0.001090022935538503,0.541,0.020832666655999647,0.160534,0.0061815418141431345,0.292,0.014819295907700872
mHSC-L,mESC,native,v4_plain_best,lr,5,0.5015524,0.0027873994044628567,0.5179468,0.0015807063484404673,0.6792634,0.0009802857950617883,0.4986644,0.0010905128334870737,0.537,0.010770329614269018,0.1593472,0.003195872488069572,0.286124,0.01549071607124732
mHSC-L,mESC,native,v4_plain_best,mlp,5,0.5008902,0.004361071538051153,0.5173835999999999,0.003199523502023419,0.6800638,0.0008003999999999678,0.4995548,0.0008904000000000023,0.551,0.00489897948556636,0.1635012,0.0014535272133675366,0.2848348,0.016830768127450386
mHSC-L,mESC,native,v4_type_pe_best,lr,5,0.5022754,0.002876377277062224,0.5195892,0.0017489672838563984,0.6796636,0.0009802857950617883,0.4991096,0.0010905128334870737,0.548,0.0040000000000000036,0.1626114,0.0011871999999999994,0.2888596,0.01594435025455727
mHSC-L,mESC,native,v4_type_pe_best,mlp,5,0.502833,0.0032155392082821753,0.5195072000000001,0.001261109892118847,0.680464,0.0,0.5,0.0,0.548,0.014000000000000012,0.162611,0.004154000000000002,0.2839564,0.012618179767303998
mHSC-L,mESC,strict,minus,mlp,2,0.5,0.0,0.875,0.0,0.0,0.0,0.5,0.0,0.875,0.0,1.0,0.0,0.822619,0.0064730000000000065
mHSC-L,mESC,strict,scGPT_human,mlp,1,0.5,0.0,0.875,0.0,0.0,0.0,0.5,0.0,0.875,0.0,1.0,0.0,0.855729,0.0
mHSC-L,mESC,strict,scconcept_encoded,mlp,1,0.5,0.0,0.875,0.0,0.0,0.0,0.5,0.0,0.875,0.0,1.0,0.0,0.855334,0.0
mHSC-L,mESC,strict,v4_bias_rec_best,mlp,3,0.5,0.0,0.875,0.0,0.0,0.0,0.5,0.0,0.875,0.0,1.0,0.0,0.6872683333333334,0.027277676175868723
mHSC-L,mESC,strict,v4_plain_best,mlp,3,0.5,0.0,0.875,0.0,0.0,0.0,0.5,0.0,0.875,0.0,1.0,0.0,0.7614856666666666,0.07805296597539109
mHSC-L,mESC,strict,v4_type_pe_best,mlp,3,0.5,0.0,0.875,0.0,0.0,0.0,0.5,0.0,0.875,0.0,1.0,0.0,0.7862516666666667,0.07660575864486659
mHSC-L,mESC,topology_matched,minus,mlp,3,0.5,0.0,0.875,0.0,0.0,0.0,0.5,0.0,0.875,0.0,1.0,0.0,0.42649033333333336,0.05069671876517805
mHSC-L,mESC,topology_matched,scGPT_human,mlp,2,0.5,0.0,0.875,0.0,0.0,0.0,0.5,0.0,0.875,0.0,1.0,0.0,0.6584925,0.0054155000000000175
mHSC-L,mESC,topology_matched,scconcept,mlp,3,0.5,0.0,0.875,0.0,0.0,0.0,0.5,0.0,0.875,0.0,1.0,0.0,0.6597393333333333,0.12603937354476002
mHSC-L,mESC,topology_matched,scconcept_encoded,mlp,2,0.5,0.0,0.875,0.0,0.0,0.0,0.5,0.0,0.875,0.0,1.0,0.0,0.7267085,0.03971150000000001
mHSC-L,mESC,topology_matched,v4_bias_rec_best,mlp,4,0.5,0.0,0.875,0.0,0.0,0.0,0.5,0.0,0.875,0.0,1.0,0.0,0.5442735,0.12151310411330128
mHSC-L,mESC,topology_matched,v4_plain_best,mlp,3,0.5,0.0,0.875,0.0,0.0,0.0,0.5,0.0,0.875,0.0,1.0,0.0,0.6058186666666666,0.11075649923543487
mHSC-L,mESC,topology_matched,v4_type_pe_best,mlp,1,0.5,0.0,0.875,0.0,0.0,0.0,0.5,0.0,0.875,0.0,1.0,0.0,0.500579,0.0
mHSC-L,mHSC-E,coverage_matched,baseline,lr,5,0.655971,0.04473459839989623,0.666772,0.04285838888245799,0.6052029999999999,0.039589773911958615,0.623908,0.03343456924801037,0.727,0.04965883607174051,0.2209726,0.015093724690744822,0.332146,0.03290121539396379
mHSC-L,mHSC-E,coverage_matched,baseline,mlp,5,0.628979,0.013340470681351533,0.578245,0.011526378616026782,0.4639962,0.022399067287724287,0.555892,0.008835018438011329,0.551,0.024979991993593582,0.1674774,0.007592900752676809,0.321038,0.03353307261793945
mHSC-L,mHSC-E,coverage_matched,cl_scratch_v5,lr,5,0.5717806,0.026774223817694492,0.6079238,0.02872922286035594,0.5075018,0.026560826142272,0.5639216,0.02214034143006833,0.711,0.03826225293941798,0.2161094,0.011629675878544504,0.3914104,0.019596735183188038
mHSC-L,mHSC-E,coverage_matched,cl_scratch_v5,mlp,5,0.58642,0.021481792848828975,0.5558592,0.020134061541576747,0.3998838,0.05444444871389552,0.5275334,0.016688054992718596,0.541,0.03023243291566194,0.1644376,0.009189052064277357,0.3775492,0.0343297982365175
mHSC-L,mHSC-E,coverage_matched,cl_v6_fair,lr,5,0.506576,0.025765167959863937,0.5471266,0.024144605207789174,0.4497898,0.03640701781470161,0.5214764000000001,0.01593177053060958,0.602,0.04399999999999999,0.1829788,0.013373690910141447,0.4341886,0.01743103769257585
mHSC-L,mHSC-E,coverage_matched,cl_v6_fair,mlp,5,0.60959,0.022157979763507335,0.5735806,0.0152382629666245,0.4295472,0.02392031429057737,0.5438476,0.009913171996893816,0.565,0.02738612787525829,0.1717324,0.00832406834666799,0.3288736,0.04641267292712196
mHSC-L,mHSC-E,coverage_matched,minus,lr,5,0.4707516,0.014199572973860857,0.5425516,0.017147585189757765,0.4339866,0.02260159861248755,0.5112751999999999,0.011620244255608415,0.616,0.03277193921634786,0.187234,0.009961143829902264,0.4501284,0.010154274146387823
mHSC-L,mHSC-E,coverage_matched,minus,mlp,5,0.6739434,0.02854336209769269,0.6309188,0.02867194209257545,0.5536474,0.049956634636852786,0.6050752,0.03254783097166385,0.64,0.0596657355607052,0.194529,0.018135232725278158,0.2711022,0.04229683934480211
mHSC-L,mHSC-E,coverage_matched,scGPT_human,lr,5,0.6223414,0.02209963955000171,0.6193412,0.0320263861801484,0.5653007999999999,0.021404141892633777,0.587202,0.013719504903603488,0.673,0.0469680742632695,0.2045592,0.014276003662089755,0.3828602,0.015127351762949126
mHSC-L,mHSC-E,coverage_matched,scGPT_human,mlp,5,0.6970649999999999,0.009700080247090737,0.6216418,0.009468850857416652,0.5820354,0.03777256027647581,0.6245702,0.019798125844634883,0.611,0.009695359714832668,0.1857146,0.002946914902062834,0.2724582,0.009316594429296566
mHSC-L,mHSC-E,coverage_matched,scconcept,lr,5,0.4883934,0.02022917134832763,0.4892908,0.018984535120987307,0.4009642,0.020856786074560964,0.4838988,0.014666240600781096,0.452,0.043657759905886155,0.137386,0.0132696913754616,0.4840344,0.015180259162478088
mHSC-L,mHSC-E,coverage_matched,scconcept,mlp,5,0.466812,0.02335637363975839,0.4533134,0.01050776841389264,0.2761132,0.04883754742163041,0.4552462,0.011496624746420145,0.323,0.018055470085267783,0.0981764,0.005488076442616302,0.4080314,0.02014608815229398
mHSC-L,mHSC-E,coverage_matched,scconcept_encoded,lr,5,0.5210506,0.02920816530081957,0.552125,0.02656463303717934,0.489635,0.02102029192946661,0.5183872,0.020853590294239506,0.607,0.039319206502674994,0.1844986,0.011951202526942633,0.4344524,0.019726388160025653
mHSC-L,mHSC-E,coverage_matched,scconcept_encoded,mlp,5,0.4761136,0.02878422970030638,0.47810159999999996,0.019811827231227305,0.3592936,0.029000489875862442,0.4756244,0.017701526664104416,0.437,0.04965883607174054,0.1328268,0.015093736772582193,0.4147274,0.014103684108771015
mHSC-L,mHSC-E,coverage_matched,v4_bias_rec_best,lr,5,0.4401176,0.05235986685468173,0.49476980000000004,0.036159755123064664,0.3519582,0.018576839035745564,0.4914648,0.01543970061108698,0.523,0.051633322573702324,0.1589664,0.015694124640769233,0.4646576,0.019552003944353108
mHSC-L,mHSC-E,coverage_matched,v4_bias_rec_best,mlp,5,0.6290032,0.006206233653352099,0.5730424,0.006041713419221405,0.4623274,0.03467188531130085,0.5549716,0.0135463388057438,0.557,0.016309506430300064,0.169301,0.0049574768178984,0.3245528,0.03200704402096514
mHSC-L,mHSC-E,coverage_matched,v4_plain_best,lr,5,0.5387888,0.04233256920811682,0.5683972,0.02791188116483732,0.4553066,0.03857810975462639,0.5369208,0.025410451868473325,0.618,0.039824615503479745,0.187842,0.012104598977248271,0.414722,0.027353449223087013
mHSC-L,mHSC-E,coverage_matched,v4_plain_best,mlp,5,0.6047626,0.013738331901653838,0.5615638,0.0081980885186731,0.3966012,0.036882865926606084,0.5277382,0.01613763358612409,0.533,0.02767670500619612,0.162006,0.008412489857349013,0.3604298,0.03457442049492659
mHSC-L,mHSC-E,coverage_matched,v4_type_pe_best,lr,5,0.4754462,0.04642972610903493,0.5057104,0.032020527944429646,0.3579576,0.04990176550223448,0.4858356,0.028064632223494392,0.502,0.0733893725276351,0.1525834,0.022306761097030645,0.4682518,0.03167880353422457
mHSC-L,mHSC-E,coverage_matched,v4_type_pe_best,mlp,5,0.6358478,0.019254302910258803,0.5898092,0.020765527216037655,0.461937,0.058437612538501243,0.567201,0.026892906596349884,0.5800000000000001,0.04571651780264985,0.1762916,0.013895502777517622,0.3085624,0.02937544351733263
mHSC-L,mHSC-E,native,baseline,lr,5,0.655971,0.04473459839989623,0.666772,0.04285838888245799,0.6052029999999999,0.039589773911958615,0.623908,0.03343456924801037,0.727,0.04965883607174051,0.2209726,0.015093724690744822,0.332146,0.03290121539396379
mHSC-L,mHSC-E,native,baseline,mlp,5,0.628979,0.013340470681351533,0.578245,0.011526378616026782,0.4639962,0.022399067287724287,0.555892,0.008835018438011329,0.551,0.024979991993593582,0.1674774,0.007592900752676809,0.321038,0.03353307261793945
mHSC-L,mHSC-E,native,cl_scratch_v5,lr,5,0.5717806,0.026774223817694492,0.6079238,0.02872922286035594,0.5075018,0.026560826142272,0.5639216,0.02214034143006833,0.711,0.03826225293941798,0.2161094,0.011629675878544504,0.3914104,0.019596735183188038
mHSC-L,mHSC-E,native,cl_scratch_v5,mlp,5,0.58642,0.021481792848828975,0.5558592,0.020134061541576747,0.3998838,0.05444444871389552,0.5275334,0.016688054992718596,0.541,0.03023243291566194,0.1644376,0.009189052064277357,0.3775492,0.0343297982365175
mHSC-L,mHSC-E,native,cl_v6_fair,lr,5,0.506576,0.025765167959863937,0.5471266,0.024144605207789174,0.4497898,0.03640701781470161,0.5214764000000001,0.01593177053060958,0.602,0.04399999999999999,0.1829788,0.013373690910141447,0.4341886,0.01743103769257585
mHSC-L,mHSC-E,native,cl_v6_fair,mlp,5,0.60959,0.022157979763507335,0.5735806,0.0152382629666245,0.4295472,0.02392031429057737,0.5438476,0.009913171996893816,0.565,0.02738612787525829,0.1717324,0.00832406834666799,0.3288736,0.04641267292712196
mHSC-L,mHSC-E,native,minus,lr,5,0.4707516,0.014199572973860857,0.5425516,0.017147585189757765,0.4339866,0.02260159861248755,0.5112751999999999,0.011620244255608415,0.616,0.03277193921634786,0.187234,0.009961143829902264,0.4501284,0.010154274146387823
mHSC-L,mHSC-E,native,minus,mlp,5,0.6739434,0.02854336209769269,0.6309188,0.02867194209257545,0.5536474,0.049956634636852786,0.6050752,0.03254783097166385,0.64,0.0596657355607052,0.194529,0.018135232725278158,0.2711022,0.04229683934480211
mHSC-L,mHSC-E,native,scGPT_human,lr,5,0.6223414,0.02209963955000171,0.6193412,0.0320263861801484,0.5653007999999999,0.021404141892633777,0.587202,0.013719504903603488,0.673,0.0469680742632695,0.2045592,0.014276003662089755,0.3828602,0.015127351762949126
mHSC-L,mHSC-E,native,scGPT_human,mlp,5,0.6970649999999999,0.009700080247090737,0.6216418,0.009468850857416652,0.5820354,0.03777256027647581,0.6245702,0.019798125844634883,0.611,0.009695359714832668,0.1857146,0.002946914902062834,0.2724582,0.009316594429296566
mHSC-L,mHSC-E,native,scconcept,lr,5,0.4883934,0.02022917134832763,0.4892908,0.018984535120987307,0.4009642,0.020856786074560964,0.4838988,0.014666240600781096,0.452,0.043657759905886155,0.137386,0.0132696913754616,0.4840344,0.015180259162478088
mHSC-L,mHSC-E,native,scconcept,mlp,5,0.466812,0.02335637363975839,0.4533134,0.01050776841389264,0.2761132,0.04883754742163041,0.4552462,0.011496624746420145,0.323,0.018055470085267783,0.0981764,0.005488076442616302,0.4080314,0.02014608815229398
mHSC-L,mHSC-E,native,scconcept_encoded,lr,5,0.5210506,0.02920816530081957,0.552125,0.02656463303717934,0.489635,0.02102029192946661,0.5183872,0.020853590294239506,0.607,0.039319206502674994,0.1844986,0.011951202526942633,0.4344524,0.019726388160025653
mHSC-L,mHSC-E,native,scconcept_encoded,mlp,5,0.4761136,0.02878422970030638,0.47810159999999996,0.019811827231227305,0.3592936,0.029000489875862442,0.4756244,0.017701526664104416,0.437,0.04965883607174054,0.1328268,0.015093736772582193,0.4147274,0.014103684108771015
mHSC-L,mHSC-E,native,v4_bias_rec_best,lr,5,0.4401176,0.05235986685468173,0.49476980000000004,0.036159755123064664,0.3519582,0.018576839035745564,0.4914648,0.01543970061108698,0.523,0.051633322573702324,0.1589664,0.015694124640769233,0.4646576,0.019552003944353108
mHSC-L,mHSC-E,native,v4_bias_rec_best,mlp,5,0.6290032,0.006206233653352099,0.5730424,0.006041713419221405,0.4623274,0.03467188531130085,0.5549716,0.0135463388057438,0.557,0.016309506430300064,0.169301,0.0049574768178984,0.3245528,0.03200704402096514
mHSC-L,mHSC-E,native,v4_plain_best,lr,5,0.5387888,0.04233256920811682,0.5683972,0.02791188116483732,0.4553066,0.03857810975462639,0.5369208,0.025410451868473325,0.618,0.039824615503479745,0.187842,0.012104598977248271,0.414722,0.027353449223087013
mHSC-L,mHSC-E,native,v4_plain_best,mlp,5,0.6047626,0.013738331901653838,0.5615638,0.0081980885186731,0.3966012,0.036882865926606084,0.5277382,0.01613763358612409,0.533,0.02767670500619612,0.162006,0.008412489857349013,0.3604298,0.03457442049492659
mHSC-L,mHSC-E,native,v4_type_pe_best,lr,5,0.4754462,0.04642972610903493,0.5057104,0.032020527944429646,0.3579576,0.04990176550223448,0.4858356,0.028064632223494392,0.502,0.0733893725276351,0.1525834,0.022306761097030645,0.4682518,0.03167880353422457
mHSC-L,mHSC-E,native,v4_type_pe_best,mlp,5,0.6358478,0.019254302910258803,0.5898092,0.020765527216037655,0.461937,0.058437612538501243,0.567201,0.026892906596349884,0.5800000000000001,0.04571651780264985,0.1762916,0.013895502777517622,0.3085624,0.02937544351733263
mHSC-L,mHSC-E,strict,baseline,lr,5,0.655971,0.04473459839989623,0.666772,0.04285838888245799,0.6052029999999999,0.039589773911958615,0.623908,0.03343456924801037,0.727,0.04965883607174051,0.2209726,0.015093724690744822,0.332146,0.03290121539396379
mHSC-L,mHSC-E,strict,baseline,mlp,5,0.628979,0.013340470681351533,0.578245,0.011526378616026782,0.4639962,0.022399067287724287,0.555892,0.008835018438011329,0.551,0.024979991993593582,0.1674774,0.007592900752676809,0.321038,0.03353307261793945
mHSC-L,mHSC-E,strict,cl_scratch_v5,lr,5,0.5717806,0.026774223817694492,0.6079238,0.02872922286035594,0.5075018,0.026560826142272,0.5639216,0.02214034143006833,0.711,0.03826225293941798,0.2161094,0.011629675878544504,0.3914104,0.019596735183188038
mHSC-L,mHSC-E,strict,cl_scratch_v5,mlp,5,0.58642,0.021481792848828975,0.5558592,0.020134061541576747,0.3998838,0.05444444871389552,0.5275334,0.016688054992718596,0.541,0.03023243291566194,0.1644376,0.009189052064277357,0.3775492,0.0343297982365175
mHSC-L,mHSC-E,strict,cl_v6_fair,lr,5,0.506576,0.025765167959863937,0.5471266,0.024144605207789174,0.4497898,0.03640701781470161,0.5214764000000001,0.01593177053060958,0.602,0.04399999999999999,0.1829788,0.013373690910141447,0.4341886,0.01743103769257585
mHSC-L,mHSC-E,strict,cl_v6_fair,mlp,5,0.60959,0.022157979763507335,0.5735806,0.0152382629666245,0.4295472,0.02392031429057737,0.5438476,0.009913171996893816,0.565,0.02738612787525829,0.1717324,0.00832406834666799,0.3288736,0.04641267292712196
mHSC-L,mHSC-E,strict,minus,lr,5,0.4707516,0.014199572973860857,0.5425516,0.017147585189757765,0.4339866,0.02260159861248755,0.5112751999999999,0.011620244255608415,0.616,0.03277193921634786,0.187234,0.009961143829902264,0.4501284,0.010154274146387823
mHSC-L,mHSC-E,strict,minus,mlp,5,0.6739434,0.02854336209769269,0.6309188,0.02867194209257545,0.5536474,0.049956634636852786,0.6050752,0.03254783097166385,0.64,0.0596657355607052,0.194529,0.018135232725278158,0.2711022,0.04229683934480211
mHSC-L,mHSC-E,strict,scGPT_human,lr,5,0.6223414,0.02209963955000171,0.6193412,0.0320263861801484,0.5653007999999999,0.021404141892633777,0.587202,0.013719504903603488,0.673,0.0469680742632695,0.2045592,0.014276003662089755,0.3828602,0.015127351762949126
mHSC-L,mHSC-E,strict,scGPT_human,mlp,5,0.6970649999999999,0.009700080247090737,0.6216418,0.009468850857416652,0.5820354,0.03777256027647581,0.6245702,0.019798125844634883,0.611,0.009695359714832668,0.1857146,0.002946914902062834,0.2724582,0.009316594429296566
mHSC-L,mHSC-E,strict,scconcept,lr,5,0.4883934,0.02022917134832763,0.4892908,0.018984535120987307,0.4009642,0.020856786074560964,0.4838988,0.014666240600781096,0.452,0.043657759905886155,0.137386,0.0132696913754616,0.4840344,0.015180259162478088
mHSC-L,mHSC-E,strict,scconcept,mlp,5,0.466812,0.02335637363975839,0.4533134,0.01050776841389264,0.2761132,0.04883754742163041,0.4552462,0.011496624746420145,0.323,0.018055470085267783,0.0981764,0.005488076442616302,0.4080314,0.02014608815229398
mHSC-L,mHSC-E,strict,scconcept_encoded,lr,5,0.5210506,0.02920816530081957,0.552125,0.02656463303717934,0.489635,0.02102029192946661,0.5183872,0.020853590294239506,0.607,0.039319206502674994,0.1844986,0.011951202526942633,0.4344524,0.019726388160025653
mHSC-L,mHSC-E,strict,scconcept_encoded,mlp,5,0.4761136,0.02878422970030638,0.47810159999999996,0.019811827231227305,0.3592936,0.029000489875862442,0.4756244,0.017701526664104416,0.437,0.04965883607174054,0.1328268,0.015093736772582193,0.4147274,0.014103684108771015
mHSC-L,mHSC-E,strict,v4_bias_rec_best,lr,5,0.4401176,0.05235986685468173,0.49476980000000004,0.036159755123064664,0.3519582,0.018576839035745564,0.4914648,0.01543970061108698,0.523,0.051633322573702324,0.1589664,0.015694124640769233,0.4646576,0.019552003944353108
mHSC-L,mHSC-E,strict,v4_bias_rec_best,mlp,5,0.6290032,0.006206233653352099,0.5730424,0.006041713419221405,0.4623274,0.03467188531130085,0.5549716,0.0135463388057438,0.557,0.016309506430300064,0.169301,0.0049574768178984,0.3245528,0.03200704402096514
mHSC-L,mHSC-E,strict,v4_plain_best,lr,5,0.5387888,0.04233256920811682,0.5683972,0.02791188116483732,0.4553066,0.03857810975462639,0.5369208,0.025410451868473325,0.618,0.039824615503479745,0.187842,0.012104598977248271,0.414722,0.027353449223087013
mHSC-L,mHSC-E,strict,v4_plain_best,mlp,5,0.6047626,0.013738331901653838,0.5615638,0.0081980885186731,0.3966012,0.036882865926606084,0.5277382,0.01613763358612409,0.533,0.02767670500619612,0.162006,0.008412489857349013,0.3604298,0.03457442049492659
mHSC-L,mHSC-E,strict,v4_type_pe_best,lr,5,0.4754462,0.04642972610903493,0.5057104,0.032020527944429646,0.3579576,0.04990176550223448,0.4858356,0.028064632223494392,0.502,0.0733893725276351,0.1525834,0.022306761097030645,0.4682518,0.03167880353422457
mHSC-L,mHSC-E,strict,v4_type_pe_best,mlp,5,0.6358478,0.019254302910258803,0.5898092,0.020765527216037655,0.461937,0.058437612538501243,0.567201,0.026892906596349884,0.5800000000000001,0.04571651780264985,0.1762916,0.013895502777517622,0.3085624,0.02937544351733263
mHSC-L,mHSC-E,topology_matched,baseline,lr,5,0.6471348,0.028684938984770387,0.658973,0.029717902483183452,0.5856216,0.04113840345759664,0.6080184000000001,0.022667297876897446,0.742,0.04261455150532504,0.2255318,0.012952603759862336,0.3477466,0.020331679179054544
mHSC-L,mHSC-E,topology_matched,baseline,mlp,5,0.6315622,0.020423247179623537,0.5780694000000001,0.017731511042209592,0.4646188,0.015758071917591963,0.5558878,0.008422632590823365,0.543,0.03544009029333869,0.16504539999999998,0.010771947727314681,0.3212156,0.023213362363948904
mHSC-L,mHSC-E,topology_matched,cl_scratch_v5,lr,5,0.562785,0.020624945982959577,0.604421,0.023879962638161736,0.4958188,0.028805522459417383,0.5532036,0.020885995993488053,0.71,0.03974921382870358,0.2158054,0.012081723231393775,0.4003196,0.016943567765969465
mHSC-L,mHSC-E,topology_matched,cl_scratch_v5,mlp,5,0.5965004,0.023599616459595258,0.5709556,0.01674457779222876,0.414307,0.040714573415424615,0.5413462,0.014541320619531064,0.574,0.02615339366124403,0.1744682,0.007949492245420464,0.340487,0.030068408617683784
mHSC-L,mHSC-E,topology_matched,cl_v6_fair,lr,5,0.5468158,0.06048396684874429,0.5880529999999999,0.056088468486846746,0.489217,0.06550412255728642,0.5380572,0.043763140615819617,0.635,0.09327379053088816,0.1930088,0.02835048286290729,0.4131222,0.0418716647932704
mHSC-L,mHSC-E,topology_matched,cl_v6_fair,mlp,5,0.5926604,0.019779335697641624,0.5610418,0.01574844481718753,0.4583704,0.04650280484271888,0.5480338,0.02229769117554549,0.549,0.029393876913398124,0.1668694,0.008934255281779229,0.3469746,0.035443576278925346
mHSC-L,mHSC-E,topology_matched,minus,lr,5,0.4864112,0.05397034540337868,0.553061,0.0411538160174728,0.4414694,0.045919665092855375,0.5113366,0.02241718079152685,0.642,0.050358713248056686,0.195137,0.015306447491171823,0.442758,0.02522769976038244
mHSC-L,mHSC-E,topology_matched,minus,mlp,5,0.6467834,0.011215364151020696,0.6019928,0.009520081436626469,0.5165512,0.009699134526337909,0.5788658,0.008009385529489772,0.583,0.016309506430300075,0.1772038,0.0049573909831684675,0.3168518,0.015161009562690746
mHSC-L,mHSC-E,topology_matched,scGPT_human,lr,5,0.6387054,0.02216318052626927,0.6337032,0.02529271088199129,0.5746114,0.047468382414402974,0.5972956,0.025313423668875772,0.69,0.029999999999999985,0.2097264,0.009118666670078478,0.37578480000000003,0.02302001186272501
mHSC-L,mHSC-E,topology_matched,scGPT_human,mlp,5,0.6885698,0.010618158247078464,0.6076028,0.008776404990655323,0.5837524,0.04508924995428512,0.6204881999999999,0.021444104601498277,0.597,0.02580697580112787,0.181459,0.007843925675323547,0.2745232,0.01935247303473124
mHSC-L,mHSC-E,topology_matched,scconcept,lr,5,0.4847604,0.014642285731401356,0.4800334,0.012459537673605714,0.3819782,0.026204447098918157,0.4809812,0.00988400257790335,0.413,0.036959437225152665,0.1255318,0.011233737070093818,0.4849362,0.010475641353158285
mHSC-L,mHSC-E,topology_matched,scconcept,mlp,5,0.4624652,0.016324022658646374,0.449833,0.007504204688039889,0.2561136,0.030369080312712793,0.44273819999999997,0.011440570919320417,0.339,0.01907878402833891,0.1030394,0.005799185101374157,0.4046088,0.030747900360187194
mHSC-L,mHSC-E,topology_matched,scconcept_encoded,lr,5,0.5269664000000001,0.02804052940727048,0.5580036,0.02140855789258117,0.4879976,0.02713591806149184,0.5269294,0.01417830535148685,0.622,0.03919183588453088,0.1890578,0.011912491198737572,0.433816,0.018383498742078442
mHSC-L,mHSC-E,topology_matched,scconcept_encoded,mlp,5,0.4842798,0.03259395739949353,0.4843892,0.025204844767623562,0.3708128,0.026941564976073695,0.4886726,0.018401461459351547,0.435,0.04939635614091389,0.1322188,0.015014265381962582,0.411155,0.019785669248221047
mHSC-L,mHSC-E,topology_matched,v4_bias_rec_best,lr,5,0.45455219999999996,0.01775182615282157,0.5005152,0.019848035483644232,0.351992,0.028958438203742966,0.4868214,0.012705768683554738,0.513,0.04296510211788166,0.1559272,0.013059468555802723,0.4700222,0.014089977564212092
mHSC-L,mHSC-E,topology_matched,v4_bias_rec_best,mlp,5,0.6202612,0.016210652576623803,0.5683698,0.01704516564190564,0.42410800000000004,0.035957960882119,0.544979,0.015949654328542666,0.531,0.027459060435491945,0.16139799999999999,0.008346316169424689,0.3607682,0.030284493473723476
mHSC-L,mHSC-E,topology_matched,v4_plain_best,lr,5,0.4536316,0.009281338019919321,0.5105938,0.012333976591513396,0.367628,0.01185789588417776,0.4874652,0.01211323684900117,0.524,0.04140048308896889,0.1592704,0.01258351017164924,0.4694562,0.008982614683932529
mHSC-L,mHSC-E,topology_matched,v4_plain_best,mlp,5,0.6074698,0.011172198233114179,0.5572512,0.010514764465265026,0.3878926,0.012000021643313812,0.5268958,0.012660461182753185,0.512,0.026191601707417612,0.155623,0.007960872439626197,0.3706898,0.019163049469225927
mHSC-L,mHSC-E,topology_matched,v4_type_pe_best,lr,5,0.4598648,0.016089760587404644,0.4879478,0.0074776645391459,0.3751278,0.03644249519667937,0.4853716,0.012911325673221945,0.483,0.02521904042583698,0.1468086,0.007665406645442888,0.4706938,0.009623244242977525
mHSC-L,mHSC-E,topology_matched,v4_type_pe_best,mlp,5,0.6345898,0.024765005401978013,0.5854161999999999,0.023084335393508737,0.4494742,0.06702332331479839,0.5617382,0.030055294497974883,0.561,0.042591078878093706,0.1705168,0.012945649993723761,0.3098194,0.033640265210607374
mHSC-L,mHSC-GM,coverage_matched,baseline,lr,5,0.7649002,0.016426839079993424,0.7749204,0.010057931827170031,0.7055996,0.016789837064129013,0.7126664,0.012511691198235364,0.863,0.014352700094407337,0.257612,0.004284559673992172,0.2460588,0.011580072321017694
mHSC-L,mHSC-GM,coverage_matched,baseline,mlp,5,0.8502914,0.008053884841491101,0.8487142,0.006941997505041315,0.757987,0.012691065502943398,0.7602336,0.008525098629341452,0.934,0.014282856857085663,0.278806,0.004263852858624472,0.1731922,0.01626265135087142
mHSC-L,mHSC-GM,coverage_matched,cl_scratch_v5,lr,5,0.7767486,0.017578494049263736,0.7796558,0.015988809316518835,0.7035148,0.02325896040153126,0.7093311999999999,0.01734084037640624,0.867,0.02400000000000002,0.2588056,0.007164158334375354,0.2463998,0.0152828098123349
mHSC-L,mHSC-GM,coverage_matched,cl_scratch_v5,mlp,5,0.8498327999999999,0.004332073886719863,0.8436315999999999,0.004628094623060331,0.766992,0.01416442268502322,0.770283,0.008526982303253605,0.912,0.016911534525287777,0.2722388,0.005048057582872842,0.1800012,0.01019954107595043
mHSC-L,mHSC-GM,coverage_matched,cl_v6_fair,lr,5,0.7687772,0.011071737305409692,0.783271,0.009720040473166774,0.706009,0.0034811410772905907,0.7104868,0.0048662703336333725,0.883,0.00509901951359279,0.2635822,0.001522135788949209,0.2444424,0.005768238504084242
mHSC-L,mHSC-GM,coverage_matched,cl_v6_fair,mlp,5,0.8595954,0.0051822879348797195,0.8517218,0.004445886836166686,0.762613,0.01987353800408977,0.7678462,0.013455862118794201,0.928,0.00244948974278318,0.2770148,0.0007314176371950678,0.1680308,0.01826898004158962
mHSC-L,mHSC-GM,coverage_matched,minus,lr,5,0.6890312,0.03334802246250894,0.7247094,0.026952493959557816,0.6240186,0.0313806688558418,0.6601712000000001,0.021905008143344774,0.863,0.02357965224510321,0.257612,0.0070389502910590375,0.299879,0.020350557682776164
mHSC-L,mHSC-GM,coverage_matched,minus,mlp,5,0.8340948,0.014259389627890792,0.8270301999999999,0.01342741123820968,0.7289804,0.022598893659646294,0.7413198,0.018286840671914866,0.904,0.01067707825203132,0.2698508,0.0031871827936282484,0.182242,0.02150543521996242
mHSC-L,mHSC-GM,coverage_matched,scGPT_human,lr,5,0.7434256,0.006616193455454606,0.7411682,0.006567940115439521,0.6528849999999999,0.014440621510170506,0.6704348,0.008674334842510987,0.816,0.014628738838327758,0.2435822,0.004366801593844169,0.2995826,0.007485283764828162
mHSC-L,mHSC-GM,coverage_matched,scGPT_human,mlp,5,0.8523002,0.006949938745053805,0.846159,0.006638506729679511,0.737073,0.011382162553750505,0.75234,0.008503595898206847,0.906,0.01019803902718558,0.2704476,0.0030440558207759615,0.1818006,0.010331937951807497
mHSC-L,mHSC-GM,coverage_matched,scconcept,lr,5,0.6843899999999999,0.010441348418667031,0.6692794,0.013923105581729968,0.585299,0.022806935076857653,0.6266006,0.014893438388767031,0.732,0.0377624151769984,0.2185076,0.011272419892818047,0.3441378,0.012451425450927301
mHSC-L,mHSC-GM,coverage_matched,scconcept,mlp,5,0.7579056000000001,0.007521381059353397,0.7593728,0.004468614702567211,0.6035348,0.03337233797863133,0.66279,0.013751973312946768,0.848,0.012083045973594584,0.2531342,0.0036066568120629405,0.2517286,0.010456037482717822
mHSC-L,mHSC-GM,coverage_matched,scconcept_encoded,lr,5,0.6791174,0.028110206855162075,0.6763234,0.027315121721127295,0.6236398,0.028979021677068385,0.6468112,0.023145234407108507,0.757,0.04118252056394801,0.22597,0.012293395186033843,0.310959,0.020191232305136784
mHSC-L,mHSC-GM,coverage_matched,scconcept_encoded,mlp,5,0.750393,0.006737848380603426,0.7615726,0.006396116590557108,0.6555894,0.0068282646580225415,0.6760066,0.003864375737425122,0.855,0.006324555320336764,0.2552236,0.0018880378809759233,0.251757,0.015798460051536675
mHSC-L,mHSC-GM,coverage_matched,v4_bias_rec_best,lr,5,0.7281694,0.011924559104637798,0.7442422,0.020393799806804017,0.6619794,0.020859648756390885,0.6798176,0.014989450431553548,0.84,0.025495097567963913,0.2507464,0.007610600412582443,0.2760026,0.012382749429751061
mHSC-L,mHSC-GM,coverage_matched,v4_bias_rec_best,mlp,5,0.8424414,0.010154701740573166,0.8414606,0.0048764246984855505,0.7553896,0.020242008888447793,0.7598064,0.015370772089911432,0.916,0.01067707825203132,0.2734328,0.003187032939898816,0.1768726,0.018742118990124887
mHSC-L,mHSC-GM,coverage_matched,v4_plain_best,lr,5,0.7995954,0.012979546919673271,0.8093276,0.013441983820850238,0.7317548,0.01048644159665233,0.7350654,0.010937770533339986,0.914,0.011575836902790236,0.2728358,0.003455197267885017,0.2238962,0.00634013985334709
mHSC-L,mHSC-GM,coverage_matched,v4_plain_best,mlp,5,0.8534492,0.0077463677785139925,0.8520378,0.0050817554998248155,0.7627102,0.019630397473306523,0.7702218000000001,0.014283126946155751,0.93,0.008366600265340737,0.2776118,0.0024973106654959812,0.17482160000000002,0.013180509088802295
mHSC-L,mHSC-GM,coverage_matched,v4_type_pe_best,lr,5,0.7809806,0.012362556525249924,0.7822294,0.00790470671435695,0.7172558,0.01034823007861732,0.715661,0.008649428212315517,0.868,0.013266499161421611,0.2591042,0.003960381668475918,0.2402966,0.007356632234929229
mHSC-L,mHSC-GM,coverage_matched,v4_type_pe_best,mlp,5,0.858593,0.0035514835210092035,0.856714,0.005947277696560005,0.7745664,0.014282256580806818,0.7782994,0.009242052425733146,0.929,0.018275666882497044,0.2773132,0.005455406947240521,0.1600958,0.004634093369797375
mHSC-L,mHSC-GM,native,baseline,lr,5,0.7649002,0.016426839079993424,0.7749204,0.010057931827170031,0.7055996,0.016789837064129013,0.7126664,0.012511691198235364,0.863,0.014352700094407337,0.257612,0.004284559673992172,0.2460588,0.011580072321017694
mHSC-L,mHSC-GM,native,baseline,mlp,5,0.8502914,0.008053884841491101,0.8487142,0.006941997505041315,0.757987,0.012691065502943398,0.7602336,0.008525098629341452,0.934,0.014282856857085663,0.278806,0.004263852858624472,0.1731922,0.01626265135087142
mHSC-L,mHSC-GM,native,cl_scratch_v5,lr,5,0.7767486,0.017578494049263736,0.7796558,0.015988809316518835,0.7035148,0.02325896040153126,0.7093311999999999,0.01734084037640624,0.867,0.02400000000000002,0.2588056,0.007164158334375354,0.2463998,0.0152828098123349
mHSC-L,mHSC-GM,native,cl_scratch_v5,mlp,5,0.8498327999999999,0.004332073886719863,0.8436315999999999,0.004628094623060331,0.766992,0.01416442268502322,0.770283,0.008526982303253605,0.912,0.016911534525287777,0.2722388,0.005048057582872842,0.1800012,0.01019954107595043
mHSC-L,mHSC-GM,native,cl_v6_fair,lr,5,0.7687772,0.011071737305409692,0.783271,0.009720040473166774,0.706009,0.0034811410772905907,0.7104868,0.0048662703336333725,0.883,0.00509901951359279,0.2635822,0.001522135788949209,0.2444424,0.005768238504084242
mHSC-L,mHSC-GM,native,cl_v6_fair,mlp,5,0.8595954,0.0051822879348797195,0.8517218,0.004445886836166686,0.762613,0.01987353800408977,0.7678462,0.013455862118794201,0.928,0.00244948974278318,0.2770148,0.0007314176371950678,0.1680308,0.01826898004158962
mHSC-L,mHSC-GM,native,minus,lr,5,0.6890312,0.03334802246250894,0.7247094,0.026952493959557816,0.6240186,0.0313806688558418,0.6601712000000001,0.021905008143344774,0.863,0.02357965224510321,0.257612,0.0070389502910590375,0.299879,0.020350557682776164
mHSC-L,mHSC-GM,native,minus,mlp,5,0.8340948,0.014259389627890792,0.8270301999999999,0.01342741123820968,0.7289804,0.022598893659646294,0.7413198,0.018286840671914866,0.904,0.01067707825203132,0.2698508,0.0031871827936282484,0.182242,0.02150543521996242
mHSC-L,mHSC-GM,native,scGPT_human,lr,5,0.7434256,0.006616193455454606,0.7411682,0.006567940115439521,0.6528849999999999,0.014440621510170506,0.6704348,0.008674334842510987,0.816,0.014628738838327758,0.2435822,0.004366801593844169,0.2995826,0.007485283764828162
mHSC-L,mHSC-GM,native,scGPT_human,mlp,5,0.8523002,0.006949938745053805,0.846159,0.006638506729679511,0.737073,0.011382162553750505,0.75234,0.008503595898206847,0.906,0.01019803902718558,0.2704476,0.0030440558207759615,0.1818006,0.010331937951807497
mHSC-L,mHSC-GM,native,scconcept,lr,5,0.6843899999999999,0.010441348418667031,0.6692794,0.013923105581729968,0.585299,0.022806935076857653,0.6266006,0.014893438388767031,0.732,0.0377624151769984,0.2185076,0.011272419892818047,0.3441378,0.012451425450927301
mHSC-L,mHSC-GM,native,scconcept,mlp,5,0.7579056000000001,0.007521381059353397,0.7593728,0.004468614702567211,0.6035348,0.03337233797863133,0.66279,0.013751973312946768,0.848,0.012083045973594584,0.2531342,0.0036066568120629405,0.2517286,0.010456037482717822
mHSC-L,mHSC-GM,native,scconcept_encoded,lr,5,0.6791174,0.028110206855162075,0.6763234,0.027315121721127295,0.6236398,0.028979021677068385,0.6468112,0.023145234407108507,0.757,0.04118252056394801,0.22597,0.012293395186033843,0.310959,0.020191232305136784
mHSC-L,mHSC-GM,native,scconcept_encoded,mlp,5,0.750393,0.006737848380603426,0.7615726,0.006396116590557108,0.6555894,0.0068282646580225415,0.6760066,0.003864375737425122,0.855,0.006324555320336764,0.2552236,0.0018880378809759233,0.251757,0.015798460051536675
mHSC-L,mHSC-GM,native,v4_bias_rec_best,lr,5,0.7281694,0.011924559104637798,0.7442422,0.020393799806804017,0.6619794,0.020859648756390885,0.6798176,0.014989450431553548,0.84,0.025495097567963913,0.2507464,0.007610600412582443,0.2760026,0.012382749429751061
mHSC-L,mHSC-GM,native,v4_bias_rec_best,mlp,5,0.8424414,0.010154701740573166,0.8414606,0.0048764246984855505,0.7553896,0.020242008888447793,0.7598064,0.015370772089911432,0.916,0.01067707825203132,0.2734328,0.003187032939898816,0.1768726,0.018742118990124887
mHSC-L,mHSC-GM,native,v4_plain_best,lr,5,0.7995954,0.012979546919673271,0.8093276,0.013441983820850238,0.7317548,0.01048644159665233,0.7350654,0.010937770533339986,0.914,0.011575836902790236,0.2728358,0.003455197267885017,0.2238962,0.00634013985334709
mHSC-L,mHSC-GM,native,v4_plain_best,mlp,5,0.8534492,0.0077463677785139925,0.8520378,0.0050817554998248155,0.7627102,0.019630397473306523,0.7702218000000001,0.014283126946155751,0.93,0.008366600265340737,0.2776118,0.0024973106654959812,0.17482160000000002,0.013180509088802295
mHSC-L,mHSC-GM,native,v4_type_pe_best,lr,5,0.7809806,0.012362556525249924,0.7822294,0.00790470671435695,0.7172558,0.01034823007861732,0.715661,0.008649428212315517,0.868,0.013266499161421611,0.2591042,0.003960381668475918,0.2402966,0.007356632234929229
mHSC-L,mHSC-GM,native,v4_type_pe_best,mlp,5,0.858593,0.0035514835210092035,0.856714,0.005947277696560005,0.7745664,0.014282256580806818,0.7782994,0.009242052425733146,0.929,0.018275666882497044,0.2773132,0.005455406947240521,0.1600958,0.004634093369797375
mHSC-L,mHSC-GM,strict,baseline,lr,5,0.7649002,0.016426839079993424,0.7749204,0.010057931827170031,0.7055996,0.016789837064129013,0.7126664,0.012511691198235364,0.863,0.014352700094407337,0.257612,0.004284559673992172,0.2460588,0.011580072321017694
mHSC-L,mHSC-GM,strict,baseline,mlp,5,0.8502914,0.008053884841491101,0.8487142,0.006941997505041315,0.757987,0.012691065502943398,0.7602336,0.008525098629341452,0.934,0.014282856857085663,0.278806,0.004263852858624472,0.1731922,0.01626265135087142
mHSC-L,mHSC-GM,strict,cl_scratch_v5,lr,5,0.7767486,0.017578494049263736,0.7796558,0.015988809316518835,0.7035148,0.02325896040153126,0.7093311999999999,0.01734084037640624,0.867,0.02400000000000002,0.2588056,0.007164158334375354,0.2463998,0.0152828098123349
mHSC-L,mHSC-GM,strict,cl_scratch_v5,mlp,5,0.8498327999999999,0.004332073886719863,0.8436315999999999,0.004628094623060331,0.766992,0.01416442268502322,0.770283,0.008526982303253605,0.912,0.016911534525287777,0.2722388,0.005048057582872842,0.1800012,0.01019954107595043
mHSC-L,mHSC-GM,strict,cl_v6_fair,lr,5,0.7687772,0.011071737305409692,0.783271,0.009720040473166774,0.706009,0.0034811410772905907,0.7104868,0.0048662703336333725,0.883,0.00509901951359279,0.2635822,0.001522135788949209,0.2444424,0.005768238504084242
mHSC-L,mHSC-GM,strict,cl_v6_fair,mlp,5,0.8595954,0.0051822879348797195,0.8517218,0.004445886836166686,0.762613,0.01987353800408977,0.7678462,0.013455862118794201,0.928,0.00244948974278318,0.2770148,0.0007314176371950678,0.1680308,0.01826898004158962
mHSC-L,mHSC-GM,strict,minus,lr,5,0.6890312,0.03334802246250894,0.7247094,0.026952493959557816,0.6240186,0.0313806688558418,0.6601712000000001,0.021905008143344774,0.863,0.02357965224510321,0.257612,0.0070389502910590375,0.299879,0.020350557682776164
mHSC-L,mHSC-GM,strict,minus,mlp,5,0.8340948,0.014259389627890792,0.8270301999999999,0.01342741123820968,0.7289804,0.022598893659646294,0.7413198,0.018286840671914866,0.904,0.01067707825203132,0.2698508,0.0031871827936282484,0.182242,0.02150543521996242
mHSC-L,mHSC-GM,strict,scGPT_human,lr,5,0.7434256,0.006616193455454606,0.7411682,0.006567940115439521,0.6528849999999999,0.014440621510170506,0.6704348,0.008674334842510987,0.816,0.014628738838327758,0.2435822,0.004366801593844169,0.2995826,0.007485283764828162
mHSC-L,mHSC-GM,strict,scGPT_human,mlp,5,0.8523002,0.006949938745053805,0.846159,0.006638506729679511,0.737073,0.011382162553750505,0.75234,0.008503595898206847,0.906,0.01019803902718558,0.2704476,0.0030440558207759615,0.1818006,0.010331937951807497
mHSC-L,mHSC-GM,strict,scconcept,lr,5,0.6843899999999999,0.010441348418667031,0.6692794,0.013923105581729968,0.585299,0.022806935076857653,0.6266006,0.014893438388767031,0.732,0.0377624151769984,0.2185076,0.011272419892818047,0.3441378,0.012451425450927301
mHSC-L,mHSC-GM,strict,scconcept,mlp,5,0.7579056000000001,0.007521381059353397,0.7593728,0.004468614702567211,0.6035348,0.03337233797863133,0.66279,0.013751973312946768,0.848,0.012083045973594584,0.2531342,0.0036066568120629405,0.2517286,0.010456037482717822
mHSC-L,mHSC-GM,strict,scconcept_encoded,lr,5,0.6791174,0.028110206855162075,0.6763234,0.027315121721127295,0.6236398,0.028979021677068385,0.6468112,0.023145234407108507,0.757,0.04118252056394801,0.22597,0.012293395186033843,0.310959,0.020191232305136784
mHSC-L,mHSC-GM,strict,scconcept_encoded,mlp,5,0.750393,0.006737848380603426,0.7615726,0.006396116590557108,0.6555894,0.0068282646580225415,0.6760066,0.003864375737425122,0.855,0.006324555320336764,0.2552236,0.0018880378809759233,0.251757,0.015798460051536675
mHSC-L,mHSC-GM,strict,v4_bias_rec_best,lr,5,0.7281694,0.011924559104637798,0.7442422,0.020393799806804017,0.6619794,0.020859648756390885,0.6798176,0.014989450431553548,0.84,0.025495097567963913,0.2507464,0.007610600412582443,0.2760026,0.012382749429751061
mHSC-L,mHSC-GM,strict,v4_bias_rec_best,mlp,5,0.8424414,0.010154701740573166,0.8414606,0.0048764246984855505,0.7553896,0.020242008888447793,0.7598064,0.015370772089911432,0.916,0.01067707825203132,0.2734328,0.003187032939898816,0.1768726,0.018742118990124887
mHSC-L,mHSC-GM,strict,v4_plain_best,lr,5,0.7995954,0.012979546919673271,0.8093276,0.013441983820850238,0.7317548,0.01048644159665233,0.7350654,0.010937770533339986,0.914,0.011575836902790236,0.2728358,0.003455197267885017,0.2238962,0.00634013985334709
mHSC-L,mHSC-GM,strict,v4_plain_best,mlp,5,0.8534492,0.0077463677785139925,0.8520378,0.0050817554998248155,0.7627102,0.019630397473306523,0.7702218000000001,0.014283126946155751,0.93,0.008366600265340737,0.2776118,0.0024973106654959812,0.17482160000000002,0.013180509088802295
mHSC-L,mHSC-GM,strict,v4_type_pe_best,lr,5,0.7809806,0.012362556525249924,0.7822294,0.00790470671435695,0.7172558,0.01034823007861732,0.715661,0.008649428212315517,0.868,0.013266499161421611,0.2591042,0.003960381668475918,0.2402966,0.007356632234929229
mHSC-L,mHSC-GM,strict,v4_type_pe_best,mlp,5,0.858593,0.0035514835210092035,0.856714,0.005947277696560005,0.7745664,0.014282256580806818,0.7782994,0.009242052425733146,0.929,0.018275666882497044,0.2773132,0.005455406947240521,0.1600958,0.004634093369797375
mHSC-L,mHSC-GM,topology_matched,baseline,lr,5,0.7649002,0.016426839079993424,0.7749204,0.010057931827170031,0.7055996,0.016789837064129013,0.7126664,0.012511691198235364,0.863,0.014352700094407337,0.257612,0.004284559673992172,0.2460588,0.011580072321017694
mHSC-L,mHSC-GM,topology_matched,baseline,mlp,5,0.8502914,0.008053884841491101,0.8487142,0.006941997505041315,0.757987,0.012691065502943398,0.7602336,0.008525098629341452,0.934,0.014282856857085663,0.278806,0.004263852858624472,0.1731922,0.01626265135087142
mHSC-L,mHSC-GM,topology_matched,cl_scratch_v5,lr,5,0.7767486,0.017578494049263736,0.7796558,0.015988809316518835,0.7035148,0.02325896040153126,0.7093311999999999,0.01734084037640624,0.867,0.02400000000000002,0.2588056,0.007164158334375354,0.2463998,0.0152828098123349
mHSC-L,mHSC-GM,topology_matched,cl_scratch_v5,mlp,5,0.8498327999999999,0.004332073886719863,0.8436315999999999,0.004628094623060331,0.766992,0.01416442268502322,0.770283,0.008526982303253605,0.912,0.016911534525287777,0.2722388,0.005048057582872842,0.1800012,0.01019954107595043
mHSC-L,mHSC-GM,topology_matched,cl_v6_fair,lr,5,0.7687772,0.011071737305409692,0.783271,0.009720040473166774,0.706009,0.0034811410772905907,0.7104868,0.0048662703336333725,0.883,0.00509901951359279,0.2635822,0.001522135788949209,0.2444424,0.005768238504084242
mHSC-L,mHSC-GM,topology_matched,cl_v6_fair,mlp,5,0.8595954,0.0051822879348797195,0.8517218,0.004445886836166686,0.762613,0.01987353800408977,0.7678462,0.013455862118794201,0.928,0.00244948974278318,0.2770148,0.0007314176371950678,0.1680308,0.01826898004158962
mHSC-L,mHSC-GM,topology_matched,minus,lr,5,0.6890312,0.03334802246250894,0.7247094,0.026952493959557816,0.6240186,0.0313806688558418,0.6601712000000001,0.021905008143344774,0.863,0.02357965224510321,0.257612,0.0070389502910590375,0.299879,0.020350557682776164
mHSC-L,mHSC-GM,topology_matched,minus,mlp,5,0.8340948,0.014259389627890792,0.8270301999999999,0.01342741123820968,0.7289804,0.022598893659646294,0.7413198,0.018286840671914866,0.904,0.01067707825203132,0.2698508,0.0031871827936282484,0.182242,0.02150543521996242
mHSC-L,mHSC-GM,topology_matched,scGPT_human,lr,5,0.7434256,0.006616193455454606,0.7411682,0.006567940115439521,0.6528849999999999,0.014440621510170506,0.6704348,0.008674334842510987,0.816,0.014628738838327758,0.2435822,0.004366801593844169,0.2995826,0.007485283764828162
mHSC-L,mHSC-GM,topology_matched,scGPT_human,mlp,5,0.8523002,0.006949938745053805,0.846159,0.006638506729679511,0.737073,0.011382162553750505,0.75234,0.008503595898206847,0.906,0.01019803902718558,0.2704476,0.0030440558207759615,0.1818006,0.010331937951807497
mHSC-L,mHSC-GM,topology_matched,scconcept,lr,5,0.6843899999999999,0.010441348418667031,0.6692794,0.013923105581729968,0.585299,0.022806935076857653,0.6266006,0.014893438388767031,0.732,0.0377624151769984,0.2185076,0.011272419892818047,0.3441378,0.012451425450927301
mHSC-L,mHSC-GM,topology_matched,scconcept,mlp,5,0.7579056000000001,0.007521381059353397,0.7593728,0.004468614702567211,0.6035348,0.03337233797863133,0.66279,0.013751973312946768,0.848,0.012083045973594584,0.2531342,0.0036066568120629405,0.2517286,0.010456037482717822
mHSC-L,mHSC-GM,topology_matched,scconcept_encoded,lr,5,0.6791174,0.028110206855162075,0.6763234,0.027315121721127295,0.6236398,0.028979021677068385,0.6468112,0.023145234407108507,0.757,0.04118252056394801,0.22597,0.012293395186033843,0.310959,0.020191232305136784
mHSC-L,mHSC-GM,topology_matched,scconcept_encoded,mlp,5,0.750393,0.006737848380603426,0.7615726,0.006396116590557108,0.6555894,0.0068282646580225415,0.6760066,0.003864375737425122,0.855,0.006324555320336764,0.2552236,0.0018880378809759233,0.251757,0.015798460051536675
mHSC-L,mHSC-GM,topology_matched,v4_bias_rec_best,lr,5,0.7281694,0.011924559104637798,0.7442422,0.020393799806804017,0.6619794,0.020859648756390885,0.6798176,0.014989450431553548,0.84,0.025495097567963913,0.2507464,0.007610600412582443,0.2760026,0.012382749429751061
mHSC-L,mHSC-GM,topology_matched,v4_bias_rec_best,mlp,5,0.8424414,0.010154701740573166,0.8414606,0.0048764246984855505,0.7553896,0.020242008888447793,0.7598064,0.015370772089911432,0.916,0.01067707825203132,0.2734328,0.003187032939898816,0.1768726,0.018742118990124887
mHSC-L,mHSC-GM,topology_matched,v4_plain_best,lr,5,0.7995954,0.012979546919673271,0.8093276,0.013441983820850238,0.7317548,0.01048644159665233,0.7350654,0.010937770533339986,0.914,0.011575836902790236,0.2728358,0.003455197267885017,0.2238962,0.00634013985334709
mHSC-L,mHSC-GM,topology_matched,v4_plain_best,mlp,5,0.8534492,0.0077463677785139925,0.8520378,0.0050817554998248155,0.7627102,0.019630397473306523,0.7702218000000001,0.014283126946155751,0.93,0.008366600265340737,0.2776118,0.0024973106654959812,0.17482160000000002,0.013180509088802295
mHSC-L,mHSC-GM,topology_matched,v4_type_pe_best,lr,5,0.7809806,0.012362556525249924,0.7822294,0.00790470671435695,0.7172558,0.01034823007861732,0.715661,0.008649428212315517,0.868,0.013266499161421611,0.2591042,0.003960381668475918,0.2402966,0.007356632234929229
mHSC-L,mHSC-GM,topology_matched,v4_type_pe_best,mlp,5,0.858593,0.0035514835210092035,0.856714,0.005947277696560005,0.7745664,0.014282256580806818,0.7782994,0.009242052425733146,0.929,0.018275666882497044,0.2773132,0.005455406947240521,0.1600958,0.004634093369797375
