network_group,negative_protocol,embedding,clf,auroc_mean,auroc_std,auroc_min,auroc_max,auroc_count,auprc_mean,auprc_std,auprc_min,auprc_max,auprc_count,auprc_lift_mean,auprc_lift_std,auprc_lift_min,auprc_lift_max,auprc_lift_count,precision_at_k_mean,precision_at_k_std,precision_at_k_min,precision_at_k_max,precision_at_k_count,recall_at_k_mean,recall_at_k_std,recall_at_k_min,recall_at_k_max,recall_at_k_count,f1_mean,f1_std,f1_min,f1_max,f1_count,specificity_mean,specificity_std,specificity_min,specificity_max,specificity_count,random_auprc_baseline_mean,random_auprc_baseline_std,random_auprc_baseline_min,random_auprc_baseline_max,random_auprc_baseline_count,test_positive_ratio_mean,test_positive_ratio_std,test_positive_ratio_min,test_positive_ratio_max,test_positive_ratio_count,test_negative_to_positive_ratio_mean,test_negative_to_positive_ratio_std,test_negative_to_positive_ratio_min,test_negative_to_positive_ratio_max,test_negative_to_positive_ratio_count,delta_auprc_vs_baseline_mean,delta_auprc_vs_baseline_std,delta_auprc_vs_baseline_min,delta_auprc_vs_baseline_max,delta_auprc_vs_baseline_count,lift_ratio_vs_baseline_mean,lift_ratio_vs_baseline_std,lift_ratio_vs_baseline_min,lift_ratio_vs_baseline_max,lift_ratio_vs_baseline_count,delta_precision_at_k_vs_baseline_mean,delta_precision_at_k_vs_baseline_std,delta_precision_at_k_vs_baseline_min,delta_precision_at_k_vs_baseline_max,delta_precision_at_k_vs_baseline_count,delta_recall_at_k_vs_baseline_mean,delta_recall_at_k_vs_baseline_std,delta_recall_at_k_vs_baseline_min,delta_recall_at_k_vs_baseline_max,delta_recall_at_k_vs_baseline_count,test_cosine_delta_mean,test_cosine_delta_std,test_cosine_delta_min,test_cosine_delta_max,test_cosine_delta_count,test_l2_delta_mean,test_l2_delta_std,test_l2_delta_min,test_l2_delta_max,test_l2_delta_count,test_pos_cosine_mean_mean,test_pos_cosine_mean_std,test_pos_cosine_mean_min,test_pos_cosine_mean_max,test_pos_cosine_mean_count,test_neg_cosine_mean_mean,test_neg_cosine_mean_std,test_neg_cosine_mean_min,test_neg_cosine_mean_max,test_neg_cosine_mean_count,test_pos_l2_mean_mean,test_pos_l2_mean_std,test_pos_l2_mean_min,test_pos_l2_mean_max,test_pos_l2_mean_count,test_neg_l2_mean_mean,test_neg_l2_mean_std,test_neg_l2_mean_min,test_neg_l2_mean_max,test_neg_l2_mean_count
Non-Specific,full_candidate,baseline,lr,0.819876728445225,0.04897823189718691,0.7222727272727273,0.8755231659615075,12,0.16914000723311362,0.04528035583136966,0.0715178817849518,0.2332113513055053,12,10.312138870142178,3.7186237428998683,4.288606773242457,16.1347213678903,12,0.2194279610165628,0.04633381274895095,0.1379310344827586,0.3146067415730337,12,0.2194279610165628,0.04633381274895095,0.1379310344827586,0.3146067415730337,12,0.18651973541396713,0.05001521891889442,0.0888888888888888,0.2469135802469135,12,0.9919758336462273,0.0073590469944155015,0.9811653914067098,1.0,12,0.017586949135686442,0.005334047247314535,0.0110616946059984,0.0271604938271604,12,0.017586949135686442,0.005334047247314535,0.0110616946059984,0.0271604938271604,12,60.52944862900869,17.259857910211498,35.81818181818182,89.4020618556701,12,0.0,0.0,0.0,0.0,12,1.0,0.0,1.0,1.0,12,0.0,0.0,0.0,0.0,12,0.0,0.0,0.0,0.0,12,0.12519072958578661,0.050900454160149954,0.0452101156115531,0.2317942567169666,12,0.046690384546915674,0.041667285370859404,-0.0195740461349487,0.1115617752075195,12,0.16635515354573724,0.059783563740647555,0.0836746171116828,0.2767662107944488,12,0.041164423959950576,0.014533266948557088,0.023390619084239,0.0772869288921356,12,0.83065365254879,0.03607633677509946,0.767549991607666,0.8800994753837585,12,0.8773440370957056,0.03175090717303562,0.8394590020179749,0.9426965117454528,12
Non-Specific,full_candidate,baseline,mlp,0.80995529073795,0.10506287752771976,0.5032954545454547,0.8975155279503105,12,0.17517425342524884,0.07399867887277141,0.0588702940287349,0.2728822243428576,12,10.59920886345771,5.288392055786206,4.3403462233912835,21.551805409224446,12,0.20917695302745157,0.075954330741072,0.0769230769230769,0.2878787878787879,12,0.20917695302745157,0.075954330741072,0.0769230769230769,0.2878787878787879,12,0.09211595541994506,0.12227086015106106,0.0,0.3193277310924369,12,0.9992391571068301,0.0010786750134680373,0.9966159052453468,1.0,12,0.017586949135686442,0.005334047247314535,0.0110616946059984,0.0271604938271604,12,0.017586949135686442,0.005334047247314535,0.0110616946059984,0.0271604938271604,12,60.52944862900869,17.259857910211498,35.81818181818182,89.4020618556701,12,0.0,0.0,0.0,0.0,12,1.0,0.0,1.0,1.0,12,0.0,0.0,0.0,0.0,12,0.0,0.0,0.0,0.0,12,0.12519072958578661,0.050900454160149954,0.0452101156115531,0.2317942567169666,12,0.046690384546915674,0.041667285370859404,-0.0195740461349487,0.1115617752075195,12,0.16635515354573724,0.059783563740647555,0.0836746171116828,0.2767662107944488,12,0.041164423959950576,0.014533266948557088,0.023390619084239,0.0772869288921356,12,0.83065365254879,0.03607633677509946,0.767549991607666,0.8800994753837585,12,0.8773440370957056,0.03175090717303562,0.8394590020179749,0.9426965117454528,12
Non-Specific,full_candidate,cl_scratch_v5,lr,0.8276055609426004,0.04039117731879523,0.7607954545454546,0.8860774138963831,12,0.1910561549671107,0.04548422300386936,0.1006804442755869,0.277888941861421,12,11.54140061006497,3.6490964061300044,6.037354917077439,17.934998049995457,12,0.24647507543963096,0.07053932172372095,0.1034482758620689,0.3695652173913043,12,0.24647507543963096,0.07053932172372095,0.1034482758620689,0.3695652173913043,12,0.21730238750718447,0.07400161256084142,0.1025641025641025,0.3655913978494624,12,0.9918444765793636,0.007710006231506648,0.9758883248730964,1.0,12,0.017586949135686442,0.005334047247314535,0.0110616946059984,0.0271604938271604,12,0.017586949135686442,0.005334047247314535,0.0110616946059984,0.0271604938271604,12,60.52944862900869,17.259857910211498,35.81818181818182,89.4020618556701,12,0.021916147733997072,0.03814846784250277,-0.026352434319226403,0.1264331770084117,12,1.16607084853458,0.2582818387695502,0.8768833282672819,1.8347861643372736,12,0.02704711442306812,0.051467041654523885,-0.0392156862745098,0.15217391304347833,12,0.02704711442306812,0.051467041654523885,-0.0392156862745098,0.15217391304347833,12,0.12231885548681017,0.048281679623201915,0.0609431322664022,0.2217836417257785,12,0.10644767681757605,0.06013017584606339,0.0200505256652832,0.2161344289779663,12,0.1631326389809449,0.06772752039624687,0.0888311341404914,0.2981187999248504,12,0.040813783494134705,0.02314510033613035,0.0199273638427257,0.0961245000362396,12,1.4840632279713948,0.05579548147998458,1.4035743474960327,1.5555849075317385,12,1.590510904788971,0.02971938113094202,1.541280746459961,1.631689429283142,12
Non-Specific,full_candidate,cl_scratch_v5,mlp,0.8152686983443234,0.09635575156023737,0.5552272727272728,0.8941840827183968,12,0.20265252203339387,0.08966331693043009,0.0545415067322921,0.3202992793560086,12,12.295274262560532,6.182189435786229,3.186278676800192,21.007670287327425,12,0.2407213008550149,0.08437941160841443,0.0769230769230769,0.3484848484848485,12,0.2407213008550149,0.08437941160841443,0.0769230769230769,0.3484848484848485,12,0.13156827721280087,0.12961882312412,0.0,0.3052631578947368,12,0.9990356661829272,0.0009776278570719301,0.997155441365388,1.0,12,0.017586949135686442,0.005334047247314535,0.0110616946059984,0.0271604938271604,12,0.017586949135686442,0.005334047247314535,0.0110616946059984,0.0271604938271604,12,60.52944862900869,17.259857910211498,35.81818181818182,89.4020618556701,12,0.027478268608145024,0.04260551644705673,-0.0385922151353188,0.1047799582282237,12,1.159534382624858,0.3247901491117713,0.6494516435616069,1.8315490084617665,12,0.03154434782756334,0.049107550607761834,-0.0476190476190477,0.10869565217391308,12,0.03154434782756334,0.049107550607761834,-0.0476190476190477,0.10869565217391308,12,0.12231885548681017,0.048281679623201915,0.0609431322664022,0.2217836417257785,12,0.10644767681757605,0.06013017584606339,0.0200505256652832,0.2161344289779663,12,0.1631326389809449,0.06772752039624687,0.0888311341404914,0.2981187999248504,12,0.040813783494134705,0.02314510033613035,0.0199273638427257,0.0961245000362396,12,1.4840632279713948,0.05579548147998458,1.4035743474960327,1.5555849075317385,12,1.590510904788971,0.02971938113094202,1.541280746459961,1.631689429283142,12
Non-Specific,full_candidate,cl_v6_fair,lr,0.8314813002643814,0.03939905764088489,0.7510227272727272,0.8868211390009836,12,0.19288100595593505,0.043504599153158824,0.1254714750286674,0.2786090569350928,12,11.593947769962922,3.362367603618121,6.876058648834329,18.61208476817096,12,0.23835020923797182,0.04270347744396754,0.1724137931034483,0.32608695652173914,12,0.23835020923797182,0.04270347744396754,0.1724137931034483,0.32608695652173914,12,0.21294915230530043,0.059866020737399564,0.12669683257918551,0.3269230769230769,12,0.9915093963706317,0.00779711869976093,0.9773104593248478,0.99875,12,0.01758694913568649,0.0053340472473145445,0.011061694605998403,0.027160493827160494,12,0.01758694913568649,0.0053340472473145445,0.011061694605998403,0.027160493827160494,12,60.52944862900869,17.259857910211498,35.81818181818182,89.4020618556701,12,0.02374099872282144,0.04157848937394881,-0.032253493257412946,0.1271532920820835,12,1.192655239045452,0.30857120951242684,0.8616984418774621,1.839540787407387,12,0.018922248221409005,0.044887520803579904,-0.02247191011235955,0.10869565217391314,12,0.018922248221409005,0.044887520803579904,-0.02247191011235955,0.10869565217391314,12,0.12324659045164783,0.04629642468164669,0.062038715928792953,0.22216252982616425,12,0.08906518419583638,0.048925605005945956,0.014967203140258789,0.17778074741363525,12,0.16424058564007282,0.0647333827642249,0.0919417142868042,0.2860060930252075,12,0.04099399518842498,0.023514588099823017,0.019093360751867294,0.09820497781038284,12,1.2445679207642872,0.04383748057013747,1.1758252382278442,1.2997376918792725,12,1.3336331049601238,0.02512003947963919,1.2919577360153198,1.3718053102493286,12
Non-Specific,full_candidate,cl_v6_fair,mlp,0.8228325550603923,0.09477334918972263,0.5743181818181818,0.8993562638796639,12,0.1908022967338712,0.06856615345053614,0.08077816464092673,0.2851776135949069,12,11.522488059429081,4.883870576242504,3.599806413998222,21.286869750899243,12,0.2196017073151132,0.0663894144469401,0.10256410256410256,0.29775280898876405,12,0.2196017073151132,0.0663894144469401,0.10256410256410256,0.29775280898876405,12,0.07456979955826747,0.10595022443412289,0.0,0.3,12,0.999456711778258,0.0007334356115050618,0.9977977610570747,1.0,12,0.01758694913568649,0.0053340472473145445,0.011061694605998403,0.027160493827160494,12,0.01758694913568649,0.0053340472473145445,0.011061694605998403,0.027160493827160494,12,60.52944862900869,17.259857910211498,35.81818181818182,89.4020618556701,12,0.01562804330862236,0.05505378952760259,-0.04090882515209465,0.1591718614840963,12,1.1924243141351727,0.5084602632674319,0.7337400237767611,2.2632110742382547,12,0.010424754287661646,0.04449702602101928,-0.06896551724137932,0.09090909090909093,12,0.010424754287661646,0.04449702602101928,-0.06896551724137932,0.09090909090909093,12,0.12324659045164783,0.04629642468164669,0.062038715928792953,0.22216252982616425,12,0.08906518419583638,0.048925605005945956,0.014967203140258789,0.17778074741363525,12,0.16424058564007282,0.0647333827642249,0.0919417142868042,0.2860060930252075,12,0.04099399518842498,0.023514588099823017,0.019093360751867294,0.09820497781038284,12,1.2445679207642872,0.04383748057013747,1.1758252382278442,1.2997376918792725,12,1.3336331049601238,0.02512003947963919,1.2919577360153198,1.3718053102493286,12
Non-Specific,full_candidate,minus,lr,0.8276287495113303,0.04405918938146321,0.7386363636363636,0.8824441766193947,12,0.1843735116244887,0.048357048327311664,0.1182591623810067,0.2478488733985609,12,11.410934082101157,4.599050348904607,4.905439798118177,18.616339173809344,12,0.24462074041245482,0.06997956883392124,0.1304347826086956,0.3636363636363636,12,0.24462074041245482,0.06997956883392124,0.1304347826086956,0.3636363636363636,12,0.1984642933941052,0.06164123708877053,0.1130434782608695,0.3037974683544304,12,0.9924369029418947,0.006165258606374205,0.9822335025380712,0.9980811403508772,12,0.017586949135686442,0.005334047247314535,0.0110616946059984,0.0271604938271604,12,0.017586949135686442,0.005334047247314535,0.0110616946059984,0.0271604938271604,12,60.52944862900869,17.259857910211498,35.81818181818182,89.4020618556701,12,0.015233504391375101,0.037354153773107,-0.03894002962055762,0.07163440754351108,12,1.1334636096431,0.31877644296017715,0.8040342592224731,1.9557065471943618,12,0.02519277939589198,0.07711408470561915,-0.0869565217391304,0.1818181818181818,12,0.02519277939589198,0.07711408470561915,-0.0869565217391304,0.1818181818181818,12,0.12896738946437833,0.0429183543658122,0.0676143653690815,0.2132933232933282,12,0.05298968652884161,0.03396957012722194,-0.0002062320709228,0.1157838106155395,12,0.1581775266677141,0.05486006674642353,0.0900762230157852,0.2717746496200561,12,0.029210137203335717,0.020044909884484503,0.0105169638991355,0.0798491463065147,12,0.7551766932010651,0.027234503007351012,0.7109338045120239,0.7899052500724792,12,0.8081663797299067,0.016966992850747407,0.7893958687782288,0.8381547331809998,12
Non-Specific,full_candidate,minus,mlp,0.8277777348300667,0.09049218327415431,0.5502272727272728,0.8988263352994357,12,0.1959076444698916,0.09003379384215617,0.0184730121637105,0.3205423903922368,12,11.92677888557701,6.694614765676377,1.361964805888114,24.778554684456942,12,0.2200046040330916,0.10046882158148665,0.0,0.3539325842696629,12,0.2200046040330916,0.10046882158148665,0.0,0.3539325842696629,12,0.12148036717951649,0.13946159547554654,0.0,0.3501945525291828,12,0.9990667135663549,0.0009995135594196103,0.9968801614975225,1.0,12,0.017586949135686442,0.005334047247314535,0.0110616946059984,0.0271604938271604,12,0.017586949135686442,0.005334047247314535,0.0110616946059984,0.0271604938271604,12,60.52944862900869,17.259857910211498,35.81818181818182,89.4020618556701,12,0.02073339104464277,0.04267671273218771,-0.06265311026073361,0.08759098708236349,12,1.1028815415449167,0.3562247222571802,0.31379174282183353,1.6951348300777187,12,0.010827651005640038,0.05816292134544854,-0.0909090909090909,0.0769230769230769,12,0.010827651005640038,0.05816292134544854,-0.0909090909090909,0.0769230769230769,12,0.12896738946437833,0.0429183543658122,0.0676143653690815,0.2132933232933282,12,0.05298968652884161,0.03396957012722194,-0.0002062320709228,0.1157838106155395,12,0.1581775266677141,0.05486006674642353,0.0900762230157852,0.2717746496200561,12,0.029210137203335717,0.020044909884484503,0.0105169638991355,0.0798491463065147,12,0.7551766932010651,0.027234503007351012,0.7109338045120239,0.7899052500724792,12,0.8081663797299067,0.016966992850747407,0.7893958687782288,0.8381547331809998,12
Non-Specific,full_candidate,scGPT_human,lr,0.8225141016456394,0.027521745327249502,0.7547727272727273,0.8621612733491186,12,0.18753234271788558,0.06384417825960889,0.1107051667862393,0.3155606462563513,12,10.82355942503874,2.5271275079409583,6.66293829912213,14.536970421326439,12,0.2297559593729719,0.05808698404988522,0.1366459627329192,0.3043478260869565,12,0.2297559593729719,0.05808698404988522,0.1366459627329192,0.3043478260869565,12,0.20590219240178642,0.09769207505781569,0.0,0.3,12,0.9904906759532107,0.0035802389580828937,0.985285462036492,0.9975,12,0.017586949135686442,0.005334047247314535,0.0110616946059984,0.0271604938271604,12,0.017586949135686442,0.005334047247314535,0.0110616946059984,0.0271604938271604,12,60.52944862900869,17.259857910211498,35.81818181818182,89.4020618556701,12,0.018392335484771972,0.06759857107602564,-0.08209697840604749,0.16410488140334198,12,1.1693447636072234,0.4496901970982819,0.5772590832693004,2.0835169038471983,12,0.010327998356409114,0.04909873154495044,-0.08695652173913049,0.08695652173913049,12,0.010327998356409114,0.04909873154495044,-0.08695652173913049,0.08695652173913049,12,0.11067759276678162,0.04141428768446784,0.0590741522610187,0.2035559527575969,12,0.1468299527963002,0.07839229017944395,0.0587272644042968,0.3249484300613403,12,0.13779508322477338,0.051748635900025826,0.0770670771598815,0.2366579622030258,12,0.027117490457991698,0.017739637898065694,0.0114346668124198,0.0730383992195129,12,2.0188401440779367,0.07909967589648492,1.8883479833602903,2.118883848190308,12,2.165670096874237,0.05415228105809434,2.046781301498413,2.213296413421631,12
Non-Specific,full_candidate,scGPT_human,mlp,0.8474735330686146,0.046111919101676835,0.7351136363636362,0.9102044820355516,12,0.2328322433135331,0.08908148766034316,0.0474223849749122,0.340320185184677,12,14.390862377699202,7.629426305941771,3.4963231104230807,27.52618957687179,12,0.25789655711944187,0.09270101281228597,0.0,0.3503649635036496,12,0.25789655711944187,0.09270101281228597,0.0,0.3503649635036496,12,0.1615121113132463,0.12454972040046083,0.0,0.3555555555555555,12,0.9988882014408887,0.0013794976453318196,0.9949238578680204,1.0,12,0.017586949135686442,0.005334047247314535,0.0110616946059984,0.0271604938271604,12,0.017586949135686442,0.005334047247314535,0.0110616946059984,0.0271604938271604,12,60.52944862900869,17.259857910211498,35.81818181818182,89.4020618556701,12,0.057657989888284265,0.06982918950497088,-0.048617385103362415,0.19213900237038628,12,1.408434716991353,0.585717089214426,0.791193599130186,2.605126147935612,12,0.04871960409199035,0.06928351826911165,-0.0909090909090909,0.1538461538461538,12,0.04871960409199035,0.06928351826911165,-0.0909090909090909,0.1538461538461538,12,0.11067759276678162,0.04141428768446784,0.0590741522610187,0.2035559527575969,12,0.1468299527963002,0.07839229017944395,0.0587272644042968,0.3249484300613403,12,0.13779508322477338,0.051748635900025826,0.0770670771598815,0.2366579622030258,12,0.027117490457991698,0.017739637898065694,0.0114346668124198,0.0730383992195129,12,2.0188401440779367,0.07909967589648492,1.8883479833602903,2.118883848190308,12,2.165670096874237,0.05415228105809434,2.046781301498413,2.213296413421631,12
Non-Specific,full_candidate,scconcept,lr,0.7549876298677863,0.06035457993990069,0.5959090909090908,0.8201197053406999,12,0.10319583457698649,0.018785851922384154,0.0698208097946331,0.1341367500220213,12,6.314809750523698,1.8150046638708712,2.5706752697115007,8.805163685836593,12,0.14943286758836294,0.047988984492137815,0.0606060606060606,0.2403100775193798,12,0.14943286758836294,0.047988984492137815,0.0606060606060606,0.2403100775193798,12,0.12598494703335503,0.050493594915819354,0.0454545454545454,0.2429906542056074,12,0.9889493064082154,0.006372404392286439,0.9733502538071066,0.9975,12,0.017586949135686442,0.005334047247314535,0.0110616946059984,0.0271604938271604,12,0.017586949135686442,0.005334047247314535,0.0110616946059984,0.0271604938271604,12,60.52944862900869,17.259857910211498,35.81818181818182,89.4020618556701,12,-0.06594417265612713,0.04355883938294057,-0.14485273267816678,0.0340451431327847,12,0.6635780344730934,0.2771988136253833,0.3788778639320575,1.4760367936393246,12,-0.06999509342819989,0.05800137006753701,-0.1685393258426967,0.015503875968992192,12,-0.06999509342819989,0.05800137006753701,-0.1685393258426967,0.015503875968992192,12,0.05262491131240188,0.037597852005630865,0.0091712642461061,0.1210091568063944,12,1.0992363293965657,1.2041176226916264,-0.4287757873535156,3.4785194396972656,12,0.05730077554471786,0.038883994324628704,0.0113355321809649,0.1248378753662109,12,0.004675864232315942,0.003257381312707749,0.0012676710030063,0.0124327298253774,12,29.843911329905193,1.114918113211238,28.1187686920166,31.435829162597656,12,30.943147659301758,0.5959285452564985,29.416423797607425,31.624099731445312,12
Non-Specific,full_candidate,scconcept,mlp,0.7806506053125588,0.08688083889290013,0.5449999999999999,0.8866132088446579,12,0.08391673419390432,0.03856582557144253,0.0201914422855194,0.1613631176368498,12,5.080996855329896,2.64285200530189,1.4886599721414795,9.711854719882487,12,0.1089330015453893,0.06189295777754643,0.0,0.1987577639751552,12,0.1089330015453893,0.06189295777754643,0.0,0.1987577639751552,12,0.009972690171530267,0.026922256445517774,0.0,0.0915032679738562,12,0.9997323374423662,0.0005252091348963432,0.9983079526226736,1.0,12,0.017586949135686442,0.005334047247314535,0.0110616946059984,0.0271604938271604,12,0.017586949135686442,0.005334047247314535,0.0110616946059984,0.0271604938271604,12,60.52944862900869,17.259857910211498,35.81818181818182,89.4020618556701,12,-0.09125751923134452,0.06525790228440348,-0.20183434941019057,0.003220632349544783,12,0.503516130180819,0.20472795400725377,0.2603609491375307,1.020365383430605,12,-0.10024395148206226,0.07202898998568662,-0.2121212121212122,0.025641025641025605,12,-0.10024395148206226,0.07202898998568662,-0.2121212121212122,0.025641025641025605,12,0.05262491131240188,0.037597852005630865,0.0091712642461061,0.1210091568063944,12,1.0992363293965657,1.2041176226916264,-0.4287757873535156,3.4785194396972656,12,0.05730077554471786,0.038883994324628704,0.0113355321809649,0.1248378753662109,12,0.004675864232315942,0.003257381312707749,0.0012676710030063,0.0124327298253774,12,29.843911329905193,1.114918113211238,28.1187686920166,31.435829162597656,12,30.943147659301758,0.5959285452564985,29.416423797607425,31.624099731445312,12
Non-Specific,full_candidate,scconcept_encoded,lr,0.7624844050971687,0.05670730833423988,0.6259090909090909,0.8414219685054254,12,0.07524626184930494,0.023447553646530287,0.0224018840999717,0.1037028924504219,12,4.525113309163958,1.7509975992504916,1.6516298186433722,7.206080761338478,12,0.11056016840229461,0.05125856829525324,0.0,0.1739130434782608,12,0.11056016840229461,0.05125856829525324,0.0,0.1739130434782608,12,0.09212258790200083,0.04527784339334084,0.0,0.1686746987951807,12,0.9901499797823828,0.008005267413503487,0.9712351945854484,0.9975417032484636,12,0.017586949135686442,0.005334047247314535,0.0110616946059984,0.0271604938271604,12,0.017586949135686442,0.005334047247314535,0.0110616946059984,0.0271604938271604,12,60.52944862900869,17.259857910211498,35.81818181818182,89.4020618556701,12,-0.09389374538380868,0.051025278794774566,-0.17179975372811218,-0.020926065611640003,12,0.47893053956955245,0.18474985360677207,0.11535373414205119,0.7074009312165747,12,-0.1088677926142682,0.05776017681686774,-0.1966292134831461,-0.04347826086956519,12,-0.1088677926142682,0.05776017681686774,-0.1966292134831461,-0.04347826086956519,12,0.05855913615475094,0.034040818851856475,0.0097441896796226,0.120678961277008,12,1.3631782531738281,1.1132902047879891,0.0715274810791015,3.574453353881836,12,0.1793781264374653,0.07826818101487802,0.1004130467772483,0.364502876996994,12,0.12081899028271431,0.07160873010793166,0.0616405196487903,0.3035429418087005,12,24.801204681396484,2.034048000830593,20.764970779418945,26.984643936157227,12,26.164382934570312,2.2329328011728324,20.90616226196289,27.87017250061035,12
Non-Specific,full_candidate,scconcept_encoded,mlp,0.7518108646619336,0.04899912023426799,0.6834090909090909,0.8497815429721238,12,0.07140958933129028,0.025814023320343785,0.0241512708265621,0.1214123650751449,12,4.208073068121954,1.5517693085632438,1.7806073309401738,7.3073653265724134,12,0.0790785553394835,0.03739726715432417,0.0,0.1292134831460674,12,0.0790785553394835,0.03739726715432417,0.0,0.1292134831460674,12,0.001016260162601625,0.003520428470668446,0.0,0.0121951219512195,12,0.9996836567530102,0.0009474002073230932,0.9966850828729282,1.0,12,0.017586949135686442,0.005334047247314535,0.0110616946059984,0.0271604938271604,12,0.017586949135686442,0.005334047247314535,0.0110616946059984,0.0271604938271604,12,60.52944862900869,17.259857910211498,35.81818181818182,89.4020618556701,12,-0.10376466409395853,0.06817606426893673,-0.1996720916986156,-0.027522519469642695,12,0.45071905018572395,0.18674397946220295,0.2506372550903799,0.7677403378008715,12,-0.13009839768796805,0.06254848731093789,-0.2142857142857143,0.0,12,-0.13009839768796805,0.06254848731093789,-0.2142857142857143,0.0,12,0.05855913615475094,0.034040818851856475,0.0097441896796226,0.120678961277008,12,1.3631782531738281,1.1132902047879891,0.0715274810791015,3.574453353881836,12,0.1793781264374653,0.07826818101487802,0.1004130467772483,0.364502876996994,12,0.12081899028271431,0.07160873010793166,0.0616405196487903,0.3035429418087005,12,24.801204681396484,2.034048000830593,20.764970779418945,26.984643936157227,12,26.164382934570312,2.2329328011728324,20.90616226196289,27.87017250061035,12
Non-Specific,full_candidate,v4_bias_rec_best,lr,0.8266732830795086,0.04516735911666406,0.6927272727272727,0.861904066631512,12,0.17547987220884134,0.04587816936484302,0.1049175703884307,0.2678121994962045,12,10.676108689766876,3.884554168066432,5.596784960468894,19.116821857832885,12,0.236844624387776,0.05215852806790783,0.1428571428571428,0.3260869565217391,12,0.236844624387776,0.05215852806790783,0.1428571428571428,0.3260869565217391,12,0.19371262387924884,0.06725571720568055,0.0772946859903381,0.3111111111111111,12,0.9916779671644207,0.007651131985150752,0.9754653130287648,0.9980811403508772,12,0.017586949135686442,0.005334047247314535,0.0110616946059984,0.0271604938271604,12,0.017586949135686442,0.005334047247314535,0.0110616946059984,0.0271604938271604,12,60.52944862900869,17.259857910211498,35.81818181818182,89.4020618556701,12,0.006339864975727746,0.05652273212687958,-0.08722643117535281,0.1163564346431952,12,1.1132125443881937,0.4339058784358476,0.5926879421127865,2.1243610555152213,12,0.017416663371213194,0.06079057643112987,-0.0952380952380952,0.10869565217391308,12,0.017416663371213194,0.06079057643112987,-0.0952380952380952,0.10869565217391308,12,0.1264881798997521,0.049776755483293335,0.0481981299817562,0.2191743589937687,12,0.08348462978998818,0.06505349688431626,-0.0335950851440429,0.1719300746917724,12,0.1711394923428694,0.06850058858839986,0.087150365114212,0.3147524297237396,12,0.04465131244311724,0.026108742517813283,0.02109588496387,0.1104055419564247,12,1.4855291446050007,0.05606758919097222,1.4166560173034668,1.5772194862365725,12,1.569013774394989,0.04618070348269529,1.5187512636184692,1.635715365409851,12
Non-Specific,full_candidate,v4_bias_rec_best,mlp,0.83034748756043,0.06585296879050465,0.6510227272727273,0.8937884287845733,12,0.18145860588699028,0.08155742185364999,0.0302371327519632,0.2936985744793817,12,10.550952106946054,4.956025933107946,2.229301332894747,21.43610960051518,12,0.22369044909745386,0.08141887002718884,0.0,0.3181818181818182,12,0.22369044909745386,0.08141887002718884,0.0,0.3181818181818182,12,0.08309031180517683,0.10157029702543534,0.0,0.2771084337349397,12,0.9993434504149034,0.0008965655333020493,0.9973389612772986,1.0,12,0.017586949135686442,0.005334047247314535,0.0110616946059984,0.0271604938271604,12,0.017586949135686442,0.005334047247314535,0.0110616946059984,0.0271604938271604,12,60.52944862900869,17.259857910211498,35.81818181818182,89.4020618556701,12,0.006284352461741474,0.043699746901564814,-0.046003170187735115,0.1267944867648474,12,1.0381120290689667,0.3619637587442667,0.5136229273324896,2.006259513084317,12,0.014513496070002303,0.058554642729290673,-0.0909090909090909,0.1282051282051282,12,0.014513496070002303,0.058554642729290673,-0.0909090909090909,0.1282051282051282,12,0.1264881798997521,0.049776755483293335,0.0481981299817562,0.2191743589937687,12,0.08348462978998818,0.06505349688431626,-0.0335950851440429,0.1719300746917724,12,0.1711394923428694,0.06850058858839986,0.087150365114212,0.3147524297237396,12,0.04465131244311724,0.026108742517813283,0.02109588496387,0.1104055419564247,12,1.4855291446050007,0.05606758919097222,1.4166560173034668,1.5772194862365725,12,1.569013774394989,0.04618070348269529,1.5187512636184692,1.635715365409851,12
Non-Specific,full_candidate,v4_plain_best,lr,0.8280493664695213,0.035273714591445085,0.7676136363636363,0.8860063656611494,12,0.1751686095706334,0.04958313889796324,0.1008902440735938,0.2811312223840141,12,10.53876701187182,3.5442767971805464,4.98373625541788,17.5693568768045,12,0.24074353076970353,0.05273864242824521,0.1443298969072164,0.3478260869565217,12,0.24074353076970353,0.05273864242824521,0.1443298969072164,0.3478260869565217,12,0.20032897370337222,0.0551100397090968,0.12,0.325,12,0.992114619066956,0.007038292734089254,0.976311336717428,0.99875,12,0.017586949135686442,0.005334047247314535,0.0110616946059984,0.0271604938271604,12,0.017586949135686442,0.005334047247314535,0.0110616946059984,0.0271604938271604,12,60.52944862900869,17.259857910211498,35.81818181818182,89.4020618556701,12,0.0060286023375197935,0.05228159905537163,-0.05541872051163699,0.12967545753100482,12,1.0847919689722918,0.35048992846049976,0.7154110521212508,1.85619360647551,12,0.02131556975314068,0.0493537414925019,-0.0449438202247191,0.13043478260869568,12,0.02131556975314068,0.0493537414925019,-0.0449438202247191,0.13043478260869568,12,0.127387104400744,0.045856779892731805,0.0600024927407503,0.2203933261334896,12,0.10369410117467241,0.06261360435246478,0.0031794309616088,0.2133079767227172,12,0.1645215358585119,0.06262945401369356,0.0875632315874099,0.2779949903488159,12,0.03713443145776784,0.021435113176149222,0.0178849920630455,0.0895783826708793,12,1.4777942299842834,0.05591993814073416,1.3876904249191284,1.5520920753479004,12,1.5814883311589558,0.03569842747258808,1.5201702117919922,1.6430206298828125,12
Non-Specific,full_candidate,v4_plain_best,mlp,0.8374757871298454,0.0811410109648437,0.6131818181818183,0.9107487506265608,12,0.19607615084650612,0.08365737122878365,0.0192934035435691,0.2988644591664062,12,11.95994524797213,6.494548686849785,1.4224500248940526,24.1731173140363,12,0.23167189568457422,0.09226638319692827,0.0,0.3043478260869565,12,0.23167189568457422,0.09226638319692827,0.0,0.3043478260869565,12,0.13401380980722968,0.1166822820160759,0.0,0.3048780487804878,12,0.9988143870376947,0.0014118793693767278,0.995346869712352,1.0,12,0.017586949135686442,0.005334047247314535,0.0110616946059984,0.0271604938271604,12,0.017586949135686442,0.005334047247314535,0.0110616946059984,0.0271604938271604,12,60.52944862900869,17.259857910211498,35.81818181818182,89.4020618556701,12,0.0209018974212573,0.052487320563756434,-0.0395768904851658,0.1463887179411975,12,1.1251977246389606,0.4310506282196694,0.32772731751860945,2.1617621853680293,12,0.022494942657122662,0.05254566116600985,-0.0909090909090909,0.13043478260869568,12,0.022494942657122662,0.05254566116600985,-0.0909090909090909,0.13043478260869568,12,0.127387104400744,0.045856779892731805,0.0600024927407503,0.2203933261334896,12,0.10369410117467241,0.06261360435246478,0.0031794309616088,0.2133079767227172,12,0.1645215358585119,0.06262945401369356,0.0875632315874099,0.2779949903488159,12,0.03713443145776784,0.021435113176149222,0.0178849920630455,0.0895783826708793,12,1.4777942299842834,0.05591993814073416,1.3876904249191284,1.5520920753479004,12,1.5814883311589558,0.03569842747258808,1.5201702117919922,1.6430206298828125,12
Non-Specific,full_candidate,v4_type_pe_best,lr,0.8297705695967487,0.04657114982617761,0.7079545454545455,0.8896682829597,12,0.1980296755554465,0.04146557176684606,0.1314681844283385,0.2838255087027292,12,11.891149560094783,3.3807611163374824,8.222309392831209,19.775864363613135,12,0.24352052642874655,0.04525551399735601,0.1379310344827586,0.2992700729927007,12,0.24352052642874655,0.04525551399735601,0.1379310344827586,0.2992700729927007,12,0.19611180607852297,0.05465201703745905,0.1194029850746268,0.2921348314606741,12,0.9917686252677534,0.007393207547165124,0.9799882283696292,0.9985380116959064,12,0.017586949135686442,0.005334047247314535,0.0110616946059984,0.0271604938271604,12,0.017586949135686442,0.005334047247314535,0.0110616946059984,0.0271604938271604,12,60.52944862900869,17.259857910211498,35.81818181818182,89.4020618556701,12,0.02888966832233289,0.04639060924196311,-0.027845192608385888,0.13236974384971992,12,1.238149042511837,0.36451416388848096,0.8707255447319323,1.9855286883570455,12,0.02409256541218373,0.04493043191680664,-0.051282051282051294,0.09090909090909091,12,0.02409256541218373,0.04493043191680664,-0.051282051282051294,0.09090909090909091,12,0.12556721378738678,0.05354730317402994,0.0549669191241264,0.2376838400959968,12,0.10446349779764807,0.06530971970916828,0.0041940212249755,0.2186422348022461,12,0.16914058973391846,0.07101170465809702,0.0869600251317024,0.306522935628891,12,0.043573375946531635,0.022327745199951555,0.0234760623425245,0.0999177172780036,12,1.4841833710670471,0.05761553559731012,1.4094473123550415,1.5643759965896606,12,1.5886468688646953,0.03604045687327722,1.534393548965454,1.657076358795166,12
Non-Specific,full_candidate,v4_type_pe_best,mlp,0.8280238946733193,0.07390109391229854,0.6482954545454545,0.9032000385876652,12,0.18925024722819508,0.0782503741892064,0.0251238511139408,0.2803384695767341,12,11.344687397841716,5.7277376456634865,1.8523130230369127,21.493831414366227,12,0.2335297066008911,0.0992754521026607,0.0,0.3314606741573033,12,0.2335297066008911,0.0992754521026607,0.0,0.3314606741573033,12,0.10216589107452051,0.10711278073646442,0.0,0.2639593908629442,12,0.9992192968050814,0.0013713335461914404,0.995346869712352,1.0,12,0.017586949135686442,0.005334047247314535,0.0110616946059984,0.0271604938271604,12,0.017586949135686442,0.005334047247314535,0.0110616946059984,0.0271604938271604,12,60.52944862900869,17.259857910211498,35.81818181818182,89.4020618556701,12,0.014075993802946265,0.050999789729597705,-0.042465550935382596,0.12121991403349178,12,1.1023686722567294,0.44496206884926537,0.4267661904606374,1.962018892017643,12,0.024352753573439523,0.07342990805690756,-0.0909090909090909,0.1538461538461538,12,0.024352753573439523,0.07342990805690756,-0.0909090909090909,0.1538461538461538,12,0.12556721378738678,0.05354730317402994,0.0549669191241264,0.2376838400959968,12,0.10446349779764807,0.06530971970916828,0.0041940212249755,0.2186422348022461,12,0.16914058973391846,0.07101170465809702,0.0869600251317024,0.306522935628891,12,0.043573375946531635,0.022327745199951555,0.0234760623425245,0.0999177172780036,12,1.4841833710670471,0.05761553559731012,1.4094473123550415,1.5643759965896606,12,1.5886468688646953,0.03604045687327722,1.534393548965454,1.657076358795166,12
Non-Specific,tf_stratified_1to10,baseline,lr,0.7034067499636896,0.04917426471950887,0.6165279429250892,0.7862830539027663,12,0.2900164576142978,0.08784233436337235,0.1676148797164637,0.5315277644579459,12,3.0520482724741043,1.031411940534849,1.8433609807268871,5.8468054090374055,12,0.31417351794743076,0.09755985281548069,0.1379310344827586,0.5454545454545454,12,0.31417351794743076,0.09755985281548069,0.1379310344827586,0.5454545454545454,12,0.2952976199899545,0.07396724650842688,0.15625,0.4,12,0.9328602482382591,0.024748122466591714,0.896551724137931,0.990909090909091,12,0.09623965111254697,0.008609799069753985,0.0909090909090909,0.115744069015097,12,0.09623965111254697,0.008609799069753985,0.0909090909090909,0.115744069015097,12,9.458854060449264,0.8320156482089186,7.639751552795031,10.0,12,0.0,0.0,0.0,0.0,12,1.0,0.0,1.0,1.0,12,0.0,0.0,0.0,0.0,12,0.0,0.0,0.0,0.0,12,0.13628057514627773,0.04904396313709661,0.0653778761625289,0.2339867204427719,12,0.06931655108928676,0.038632510945936935,0.025178849697113,0.1442217826843261,12,0.16635515354573724,0.059783563740647555,0.0836746171116828,0.2767662107944488,12,0.030074578399459484,0.015778643544949653,0.0048294402658939,0.0606628693640232,12,0.83065365254879,0.03607633677509946,0.767549991607666,0.8800994753837585,12,0.8999702036380768,0.026151306621075496,0.8617569804191589,0.9506614804267884,12
Non-Specific,tf_stratified_1to10,baseline,mlp,0.710080062195534,0.07122291491786152,0.5870045623039635,0.8267351721651341,12,0.3225175453125557,0.08346307114603815,0.2064239566349308,0.4879189242296206,12,3.3985268893077563,0.9994011717148249,1.8479858974936674,5.367108166525827,12,0.311886699097831,0.08092970236030737,0.1666666666666666,0.4651162790697674,12,0.311886699097831,0.08092970236030737,0.1666666666666666,0.4651162790697674,12,0.21489988306243582,0.12696588457832067,0.0,0.4,12,0.9877541751309434,0.015056091233900273,0.945273631840796,1.0,12,0.09623965111254697,0.008609799069753985,0.0909090909090909,0.115744069015097,12,0.09623965111254697,0.008609799069753985,0.0909090909090909,0.115744069015097,12,9.458854060449264,0.8320156482089186,7.639751552795031,10.0,12,0.0,0.0,0.0,0.0,12,1.0,0.0,1.0,1.0,12,0.0,0.0,0.0,0.0,12,0.0,0.0,0.0,0.0,12,0.13628057514627773,0.04904396313709661,0.0653778761625289,0.2339867204427719,12,0.06931655108928676,0.038632510945936935,0.025178849697113,0.1442217826843261,12,0.16635515354573724,0.059783563740647555,0.0836746171116828,0.2767662107944488,12,0.030074578399459484,0.015778643544949653,0.0048294402658939,0.0606628693640232,12,0.83065365254879,0.03607633677509946,0.767549991607666,0.8800994753837585,12,0.8999702036380768,0.026151306621075496,0.8617569804191589,0.9506614804267884,12
Non-Specific,tf_stratified_1to10,cl_scratch_v5,lr,0.7056482363950572,0.04220487485327952,0.6456294500833206,0.7650513004703108,12,0.2970540472097745,0.08800767699940056,0.1753510583421977,0.5107842120420186,12,3.121575805282827,1.0279772134451624,1.9288616417641749,5.618626332462205,12,0.32613446022562814,0.09847033991256254,0.1724137931034483,0.5454545454545454,12,0.32613446022562814,0.09847033991256254,0.1724137931034483,0.5454545454545454,12,0.3031981743784566,0.0843812089301789,0.1304347826086956,0.4186046511627907,12,0.9375281889515192,0.024334903417849604,0.8955223880597015,0.9818181818181818,12,0.09623965111254697,0.008609799069753985,0.0909090909090909,0.115744069015097,12,0.09623965111254697,0.008609799069753985,0.0909090909090909,0.115744069015097,12,9.458854060449264,0.8320156482089186,7.639751552795031,10.0,12,0.007037589595476716,0.04025079090135888,-0.049310527033330276,0.08487379015870228,12,1.0320308883433391,0.1433943626470945,0.8279136806690953,1.307307762822671,12,0.011960942278197361,0.05418756595427046,-0.07692307692307693,0.09302325581395349,12,0.011960942278197361,0.05418756595427046,-0.07692307692307693,0.09302325581395349,12,0.1327402528064946,0.04758621452815828,0.0779383620247244,0.2199239879846573,12,0.1272110044956207,0.059201901737974315,0.0695486068725586,0.2528802156448364,12,0.1631326389809449,0.06772752039624687,0.0888311341404914,0.2981187999248504,12,0.030392386174450278,0.022187491704018972,0.006085567176342,0.0781948119401931,12,1.4840632279713948,0.05579548147998458,1.4035743474960327,1.5555849075317385,12,1.6112742324670155,0.04420454040475978,1.5046793222427368,1.6684352159500122,12
Non-Specific,tf_stratified_1to10,cl_scratch_v5,mlp,0.7058373086366972,0.09341663908553938,0.5356073567151411,0.8302565951565412,12,0.3256926468595267,0.10159602448459483,0.1542310566172931,0.5082868089600427,12,3.4346733040781126,1.1636189813788946,1.380735173526244,5.591154898560471,12,0.3347125824534136,0.0928555233935154,0.1428571428571428,0.4883720930232558,12,0.3347125824534136,0.0928555233935154,0.1428571428571428,0.4883720930232558,12,0.19972143511792248,0.150705896367155,0.0,0.4022346368715084,12,0.9905492254333211,0.00896929045174275,0.9701492537313432,1.0,12,0.09623965111254697,0.008609799069753985,0.0909090909090909,0.115744069015097,12,0.09623965111254697,0.008609799069753985,0.0909090909090909,0.115744069015097,12,9.458854060449264,0.8320156482089186,7.639751552795031,10.0,12,0.003175101546970998,0.08349582967780418,-0.2068080839838622,0.1014393255693033,12,1.020224057817637,0.24448512579764461,0.5303976769931174,1.3668204629158338,12,0.022825883355582638,0.0645761550605272,-0.09090909090909088,0.15217391304347833,12,0.022825883355582638,0.0645761550605272,-0.09090909090909088,0.15217391304347833,12,0.1327402528064946,0.04758621452815828,0.0779383620247244,0.2199239879846573,12,0.1272110044956207,0.059201901737974315,0.0695486068725586,0.2528802156448364,12,0.1631326389809449,0.06772752039624687,0.0888311341404914,0.2981187999248504,12,0.030392386174450278,0.022187491704018972,0.006085567176342,0.0781948119401931,12,1.4840632279713948,0.05579548147998458,1.4035743474960327,1.5555849075317385,12,1.6112742324670155,0.04420454040475978,1.5046793222427368,1.6684352159500122,12
Non-Specific,tf_stratified_1to10,cl_v6_fair,lr,0.7051156687094111,0.04933637829323084,0.6387441296773215,0.782594195060393,12,0.2916770173755113,0.08088321321435703,0.2094819500166631,0.5141385143908079,12,3.0701270351259535,0.9719446277910156,1.9810559409875625,5.655523658298887,12,0.3223647237809744,0.08287361363993254,0.21739130434782608,0.5454545454545454,12,0.3223647237809744,0.08287361363993254,0.21739130434782608,0.5454545454545454,12,0.3066557531172796,0.07250043980433288,0.2109090909090909,0.47058823529411764,12,0.9264763125902648,0.028953746301055957,0.8794871794871795,0.9818181818181818,12,0.09623965111254701,0.008609799069754004,0.09090909090909091,0.11574406901509705,12,0.09623965111254701,0.008609799069754004,0.09090909090909091,0.11574406901509705,12,9.458854060449264,0.8320156482089187,7.6397515527950315,10.0,12,0.0016605597612135727,0.03600687408101753,-0.037178028976975974,0.09294624198599544,12,1.021356632162411,0.1392266332161723,0.8796223042142944,1.33653618666118,12,0.008191205833543684,0.05884149384063238,-0.0674157303370786,0.13793103448275865,12,0.008191205833543684,0.05884149384063238,-0.0674157303370786,0.13793103448275865,12,0.13457069468374053,0.0443838258498945,0.07961312495172024,0.21851123124361038,12,0.10926212867101033,0.0497173685423896,0.05612802505493164,0.21212613582611084,12,0.16424058564007282,0.0647333827642249,0.0919417142868042,0.2860060930252075,12,0.029669890956332285,0.02339274833999903,0.002152123488485813,0.07895222306251526,12,1.2445679207642872,0.04383748057013747,1.1758252382278442,1.2997376918792725,12,1.3538300494352977,0.03948977817808946,1.260043740272522,1.4061506986618042,12
Non-Specific,tf_stratified_1to10,cl_v6_fair,mlp,0.6911015556859704,0.11692626216365325,0.47015457788347204,0.8257376359593773,12,0.32235381106478206,0.1347215510550509,0.11026648758215134,0.5120767953363146,12,3.4068307867572933,1.515647265734039,1.0729156713493773,5.63284474869946,12,0.3144378500251768,0.13424361892078077,0.06896551724137931,0.49612403100775193,12,0.3144378500251768,0.13424361892078077,0.06896551724137931,0.49612403100775193,12,0.2329045136489268,0.16379244589256384,0.0,0.4444444444444444,12,0.9900733098339849,0.010866770328683677,0.966832504145937,1.0,12,0.09623965111254701,0.008609799069754004,0.09090909090909091,0.11574406901509705,12,0.09623965111254701,0.008609799069754004,0.09090909090909091,0.11574406901509705,12,9.458854060449264,0.8320156482089187,7.6397515527950315,10.0,12,-0.0001637342477736429,0.07815560295977418,-0.16904381899998328,0.12380484527774849,12,0.97469055319695,0.2825222379005309,0.39478130589400967,1.447697679387467,12,0.002551150927345841,0.08796173685622731,-0.20689655172413787,0.12418300653594777,12,0.002551150927345841,0.08796173685622731,-0.20689655172413787,0.12418300653594777,12,0.13457069468374053,0.0443838258498945,0.07961312495172024,0.21851123124361038,12,0.10926212867101033,0.0497173685423896,0.05612802505493164,0.21212613582611084,12,0.16424058564007282,0.0647333827642249,0.0919417142868042,0.2860060930252075,12,0.029669890956332285,0.02339274833999903,0.002152123488485813,0.07895222306251526,12,1.2445679207642872,0.04383748057013747,1.1758252382278442,1.2997376918792725,12,1.3538300494352977,0.03948977817808946,1.260043740272522,1.4061506986618042,12
Non-Specific,tf_stratified_1to10,minus,lr,0.7034197700817203,0.03809143232601958,0.6532974801797707,0.769079382248663,12,0.2885982788076176,0.06698724786053666,0.200040508508301,0.4612285607178354,12,3.0373918553326305,0.8228686803451407,1.8396861530714577,5.073514167896191,12,0.329036606124973,0.08608708815635292,0.238095238095238,0.5454545454545454,12,0.329036606124973,0.08608708815635292,0.238095238095238,0.5454545454545454,12,0.3149469656958606,0.08009508605269124,0.1985815602836879,0.5,12,0.9334232810205488,0.02849880257993939,0.8712574850299402,0.990909090909091,12,0.09623965111254697,0.008609799069753985,0.0909090909090909,0.115744069015097,12,0.09623965111254697,0.008609799069753985,0.0909090909090909,0.115744069015097,12,9.458854060449264,0.8320156482089186,7.639751552795031,10.0,12,-0.0014181788066801638,0.027290687121717297,-0.0702992037401105,0.0324256287918373,12,1.011991401494716,0.08566851601899793,0.8677412386692502,1.1934531638640213,12,0.014863088177542208,0.046935558618608805,-0.04347826086956519,0.103448275862069,12,0.014863088177542208,0.046935558618608805,-0.04347826086956519,0.103448275862069,12,0.13469614926725623,0.041980841116900834,0.0764559637755155,0.2120306752622127,12,0.06485172112782792,0.030940081233819226,0.0309280753135681,0.1308236122131347,12,0.1581775266677141,0.05486006674642353,0.0900762230157852,0.2717746496200561,12,0.023481377400457817,0.018193077359867815,0.0047915000468492,0.0713880360126495,12,0.7551766932010651,0.027234503007351012,0.7109338045120239,0.7899052500724792,12,0.8200284143288931,0.022470743671857106,0.7671967148780823,0.853194534778595,12
Non-Specific,tf_stratified_1to10,minus,mlp,0.6879777478514356,0.09906403081321619,0.5140495867768594,0.8240249984976864,12,0.30082769508060686,0.12078854265240403,0.1027835036699218,0.518185162883519,12,3.1567457928433806,1.336097976795958,1.13061854036914,5.70003679171871,12,0.3027317898073057,0.1118241175265515,0.0909090909090909,0.5038759689922481,12,0.3027317898073057,0.1118241175265515,0.0909090909090909,0.5038759689922481,12,0.19453081812212455,0.18064269837839364,0.0,0.4529616724738676,12,0.9908465998874152,0.009798399190977289,0.9701492537313432,1.0,12,0.09623965111254697,0.008609799069753985,0.0909090909090909,0.115744069015097,12,0.09623965111254697,0.008609799069753985,0.0909090909090909,0.115744069015097,12,9.458854060449264,0.8320156482089186,7.639751552795031,10.0,12,-0.021689850231948887,0.11227078454079834,-0.3376063194886641,0.08423858156639102,12,0.9467837149858608,0.2904498853045746,0.23339209551377194,1.3046198829905038,12,-0.009154909290525292,0.096862156422939,-0.2727272727272727,0.08029197080291972,12,-0.009154909290525292,0.096862156422939,-0.2727272727272727,0.08029197080291972,12,0.13469614926725623,0.041980841116900834,0.0764559637755155,0.2120306752622127,12,0.06485172112782792,0.030940081233819226,0.0309280753135681,0.1308236122131347,12,0.1581775266677141,0.05486006674642353,0.0900762230157852,0.2717746496200561,12,0.023481377400457817,0.018193077359867815,0.0047915000468492,0.0713880360126495,12,0.7551766932010651,0.027234503007351012,0.7109338045120239,0.7899052500724792,12,0.8200284143288931,0.022470743671857106,0.7671967148780823,0.853194534778595,12
Non-Specific,tf_stratified_1to10,scGPT_human,lr,0.7086451490623489,0.048673386435956575,0.5877417562995506,0.7630434782608696,12,0.30855824358532463,0.07362715994105677,0.1669750113801026,0.4573154134589912,12,3.2546578718612142,0.8862330922806249,1.44262261384921,5.030469548048903,12,0.32348883427321823,0.06629948291630185,0.186335403726708,0.4242424242424242,12,0.32348883427321823,0.06629948291630185,0.186335403726708,0.4242424242424242,12,0.3153879586861811,0.08520240237370534,0.1428571428571428,0.4266666666666667,12,0.9318120518760153,0.03422284400142325,0.8569105691056911,0.9818181818181818,12,0.09623965111254697,0.008609799069753985,0.0909090909090909,0.115744069015097,12,0.09623965111254697,0.008609799069753985,0.0909090909090909,0.115744069015097,12,9.458854060449264,0.8320156482089186,7.639751552795031,10.0,12,0.01854178597102687,0.09803347184222518,-0.21380200347667583,0.17499594109991407,12,1.1143210771131051,0.31437067206413905,0.5977594816806758,1.6425804079379365,12,0.009315316325787497,0.07991847530063068,-0.18181818181818182,0.1379310344827586,12,0.009315316325787497,0.07991847530063068,-0.18181818181818182,0.1379310344827586,12,0.11340027411157882,0.043042842072484225,0.0637356042861938,0.2007025182247162,12,0.14320188760757444,0.08663372858040329,0.0622274875640869,0.3329073190689087,12,0.13779508322477338,0.051748635900025826,0.0770670771598815,0.2366579622030258,12,0.02439480911319451,0.013539560514183034,0.0106049859896302,0.0571053549647331,12,2.0188401440779367,0.07909967589648492,1.8883479833602903,2.118883848190308,12,2.162042031685511,0.07229270253270352,1.9900981187820437,2.229982852935791,12
Non-Specific,tf_stratified_1to10,scGPT_human,mlp,0.7276631242744181,0.06417528616229579,0.6104576561163387,0.8061895318790938,12,0.38194980787556077,0.0914993630888319,0.1978204719927241,0.5090341748288782,12,4.038543484466737,1.1203098737109825,1.770964225458674,5.599375923117662,12,0.37470128328591784,0.09117735866156915,0.1666666666666666,0.5116279069767442,12,0.37470128328591784,0.09117735866156915,0.1666666666666666,0.5116279069767442,12,0.2765154212791265,0.11658409468983721,0.0,0.4090909090909091,12,0.9903777573380891,0.0073025311202223695,0.978441127694859,1.0,12,0.09623965111254697,0.008609799069753985,0.0909090909090909,0.115744069015097,12,0.09623965111254697,0.008609799069753985,0.0909090909090909,0.115744069015097,12,9.458854060449264,0.8320156482089186,7.639751552795031,10.0,12,0.05943226256300508,0.0930891448005868,-0.15621858568806407,0.19976788350352653,12,1.2178476575484052,0.29801757029813525,0.6452720351991212,1.7529415198124898,12,0.06281458418808684,0.0843422348070051,-0.09090909090909088,0.2051282051282052,12,0.06281458418808684,0.0843422348070051,-0.09090909090909088,0.2051282051282052,12,0.11340027411157882,0.043042842072484225,0.0637356042861938,0.2007025182247162,12,0.14320188760757444,0.08663372858040329,0.0622274875640869,0.3329073190689087,12,0.13779508322477338,0.051748635900025826,0.0770670771598815,0.2366579622030258,12,0.02439480911319451,0.013539560514183034,0.0106049859896302,0.0571053549647331,12,2.0188401440779367,0.07909967589648492,1.8883479833602903,2.118883848190308,12,2.162042031685511,0.07229270253270352,1.9900981187820437,2.229982852935791,12
Non-Specific,tf_stratified_1to10,scconcept,lr,0.6093658057572743,0.05292705144606014,0.5284562038293381,0.6800460223537146,12,0.18649259238183333,0.02755549557395528,0.1326823102480732,0.2221682683748497,12,1.9554038447975077,0.3579373507119471,1.3449161447872884,2.443850952123347,12,0.21532901175579797,0.038618789640523184,0.1363636363636363,0.2727272727272727,12,0.21532901175579797,0.038618789640523184,0.1363636363636363,0.2727272727272727,12,0.1995148489361703,0.07424261975769152,0.0,0.2830188679245283,12,0.9151914184378662,0.03632697841108679,0.8642276422764228,0.990909090909091,12,0.09623965111254697,0.008609799069753985,0.0909090909090909,0.115744069015097,12,0.09623965111254697,0.008609799069753985,0.0909090909090909,0.115744069015097,12,9.458854060449264,0.8320156482089186,7.639751552795031,10.0,12,-0.10352386523246444,0.08632205685269216,-0.33025885884033973,-0.015180710654219581,12,0.6814047728441318,0.16887918762544843,0.37866113320131267,0.9094310082738527,12,-0.09884450619163282,0.09090716343548816,-0.2727272727272727,0.06896551724137931,12,-0.09884450619163282,0.09090716343548816,-0.2727272727272727,0.06896551724137931,12,0.0526944559581655,0.03849009613521457,0.008089046459645,0.1233605095185339,12,0.9716728528340658,1.235365090394109,-0.1545276641845703,3.564861297607422,12,0.05730077554471786,0.038883994324628704,0.0113355321809649,0.1248378753662109,12,0.004606319586552325,0.0028697471174873547,0.0006305931019596,0.0101815136149525,12,29.843911329905193,1.114918113211238,28.1187686920166,31.435829162597656,12,30.815584182739258,0.8256583160773682,28.536052703857425,31.683629989624023,12
Non-Specific,tf_stratified_1to10,scconcept,mlp,0.580908297742264,0.06719692378566339,0.4809917355371901,0.674406315024606,12,0.16727443298012337,0.0477631046286333,0.1031631516834319,0.2492029333060028,12,1.7543810322825655,0.5486160427643281,1.045699219336606,2.741232266366031,12,0.17611066534728068,0.05855372425250273,0.0909090909090909,0.2564102564102564,12,0.17611066534728068,0.05855372425250273,0.0909090909090909,0.2564102564102564,12,0.05630966269698167,0.05616012820665813,0.0,0.141025641025641,12,0.9966979071192026,0.00451147537358489,0.9875968992248062,1.0,12,0.09623965111254697,0.008609799069753985,0.0909090909090909,0.115744069015097,12,0.09623965111254697,0.008609799069753985,0.0909090909090909,0.115744069015097,12,9.458854060449264,0.8320156482089186,7.639751552795031,10.0,12,-0.15524311233243232,0.10135818275302225,-0.3295615384317142,-0.016113665987493586,12,0.5522719351695874,0.21211382480068802,0.2516595045997738,0.939266272708145,12,-0.13577603375055033,0.09689814396544763,-0.2727272727272727,0.02564102564102569,12,-0.13577603375055033,0.09689814396544763,-0.2727272727272727,0.02564102564102569,12,0.0526944559581655,0.03849009613521457,0.008089046459645,0.1233605095185339,12,0.9716728528340658,1.235365090394109,-0.1545276641845703,3.564861297607422,12,0.05730077554471786,0.038883994324628704,0.0113355321809649,0.1248378753662109,12,0.004606319586552325,0.0028697471174873547,0.0006305931019596,0.0101815136149525,12,29.843911329905193,1.114918113211238,28.1187686920166,31.435829162597656,12,30.815584182739258,0.8256583160773682,28.536052703857425,31.683629989624023,12
Non-Specific,tf_stratified_1to10,scconcept_encoded,lr,0.592470315797637,0.05964804233861988,0.4560165383518677,0.6771102117088207,12,0.15560884597920474,0.025438100909564804,0.1128860202426191,0.1941573333669945,12,1.63845137362756,0.35015251204908293,1.0105986574101145,2.13573066703694,12,0.1753556346936713,0.04967071971500309,0.119047619047619,0.2727272727272727,12,0.1753556346936713,0.04967071971500309,0.119047619047619,0.2727272727272727,12,0.16872685173641147,0.038880559995654734,0.1176470588235294,0.2535211267605634,12,0.914918881906949,0.0213042134157225,0.8832335329341318,0.9545454545454546,12,0.09623965111254697,0.008609799069753985,0.0909090909090909,0.115744069015097,12,0.09623965111254697,0.008609799069753985,0.0909090909090909,0.115744069015097,12,9.458854060449264,0.8320156482089186,7.639751552795031,10.0,12,-0.13440761163509304,0.09499073841709113,-0.3693281286369623,0.026268539510482303,12,0.5819644092595913,0.22205009075653456,0.3051574097665348,1.1567196155551227,12,-0.13881788325375946,0.07333017837014097,-0.2727272727272727,0.0,12,-0.13881788325375946,0.07333017837014097,-0.2727272727272727,0.0,12,0.06622376261899864,0.033418392028427515,0.0212800130248069,0.1296238154172897,12,1.1990246772766113,1.1074314267727994,-0.2150440216064453,3.559751510620117,12,0.1793781264374653,0.07826818101487802,0.1004130467772483,0.364502876996994,12,0.11315436381846662,0.07205598356135016,0.0484704971313476,0.30266273021698,12,24.801204681396484,2.034048000830593,20.764970779418945,26.984643936157227,12,26.000229358673096,2.3670783316032176,20.5499267578125,27.76032066345215,12
Non-Specific,tf_stratified_1to10,scconcept_encoded,mlp,0.6067547055386864,0.06660174705387427,0.4738406658739596,0.7121083124855375,12,0.17386220035290342,0.039597225517409504,0.1109983756602392,0.2395481357402434,12,1.8223348689126293,0.46134247575165166,1.2209821322626315,2.5580943254596793,12,0.196245806582205,0.06315338780304547,0.0869565217391304,0.2773722627737226,12,0.196245806582205,0.06315338780304547,0.0869565217391304,0.2773722627737226,12,0.07416383778590496,0.06668449161885771,0.0,0.1818181818181818,12,0.9904705298030322,0.007620597339900833,0.9794933655006032,1.0,12,0.09623965111254697,0.008609799069753985,0.0909090909090909,0.115744069015097,12,0.09623965111254697,0.008609799069753985,0.0909090909090909,0.115744069015097,12,9.458854060449264,0.8320156482089186,7.639751552795031,10.0,12,-0.1486553449596523,0.08367570301228665,-0.31911464933280137,-0.0427094388810329,12,0.5627916000295812,0.16327891360723748,0.3459678780923403,0.8250962650479534,12,-0.11564089251562602,0.09051311807767438,-0.27131782945736427,0.02564102564102569,12,-0.11564089251562602,0.09051311807767438,-0.27131782945736427,0.02564102564102569,12,0.06622376261899864,0.033418392028427515,0.0212800130248069,0.1296238154172897,12,1.1990246772766113,1.1074314267727994,-0.2150440216064453,3.559751510620117,12,0.1793781264374653,0.07826818101487802,0.1004130467772483,0.364502876996994,12,0.11315436381846662,0.07205598356135016,0.0484704971313476,0.30266273021698,12,24.801204681396484,2.034048000830593,20.764970779418945,26.984643936157227,12,26.000229358673096,2.3670783316032176,20.5499267578125,27.76032066345215,12
Non-Specific,tf_stratified_1to10,v4_bias_rec_best,lr,0.69819216813839,0.05829680120286162,0.576953236384374,0.7526463452650412,12,0.28770782695975133,0.11987230187890875,0.1557884406731735,0.6238868689450086,12,3.05188374317741,1.3879418386300981,1.3946774688836494,6.8627555583950945,12,0.3079728413155972,0.12467567191477262,0.119047619047619,0.6363636363636364,12,0.3079728413155972,0.12467567191477262,0.119047619047619,0.6363636363636364,12,0.27236329687837846,0.07170226909652541,0.1265822784810126,0.3724696356275304,12,0.9288161866852421,0.030170297299660188,0.8938640132669984,1.0,12,0.09623965111254697,0.008609799069753985,0.0909090909090909,0.115744069015097,12,0.09623965111254697,0.008609799069753985,0.0909090909090909,0.115744069015097,12,9.458854060449264,0.8320156482089186,7.639751552795031,10.0,12,-0.0023086306545464508,0.048443748235995523,-0.0905674392143378,0.09235910448706264,12,0.9804724011560152,0.17218302852896164,0.6323715136992393,1.2545902713069284,12,-0.00620067663183356,0.07489063296458706,-0.119047619047619,0.1379310344827586,12,-0.00620067663183356,0.07489063296458706,-0.119047619047619,0.1379310344827586,12,0.14207660158475235,0.04735420889384776,0.0737906992435455,0.2254714295268058,12,0.12907243768374121,0.06183569919282528,0.0535929203033447,0.2421193122863769,12,0.1711394923428694,0.06850058858839986,0.087150365114212,0.3147524297237396,12,0.029062890758116997,0.026640971342691538,-0.0022296791430562,0.0923220738768577,12,1.4855291446050007,0.05606758919097222,1.4166560173034668,1.5772194862365725,12,1.614601582288742,0.05668572236581512,1.494441270828247,1.7059046030044556,12
Non-Specific,tf_stratified_1to10,v4_bias_rec_best,mlp,0.7099921534250232,0.0772797995813593,0.574244368406045,0.8177813833303288,12,0.30229390434083037,0.09570185226004138,0.181303671113821,0.4401660645109726,12,3.1770488016018867,1.065825806230136,1.623099531876113,4.841826709620699,12,0.3258773560619641,0.07339298909504703,0.2307692307692307,0.4573643410852713,12,0.3258773560619641,0.07339298909504703,0.2307692307692307,0.4573643410852713,12,0.16009787964089972,0.13264301191411668,0.0,0.3434343434343434,12,0.9918383581737288,0.008856508063181164,0.9734660033167496,1.0,12,0.09623965111254697,0.008609799069753985,0.0909090909090909,0.115744069015097,12,0.09623965111254697,0.008609799069753985,0.0909090909090909,0.115744069015097,12,9.458854060449264,0.8320156482089186,7.639751552795031,10.0,12,-0.020223640971725357,0.08465895492391412,-0.2307453891962105,0.08372283254855106,12,0.9496209340507334,0.22888153749090967,0.476042866882693,1.2566136704517126,12,0.013990656964133109,0.06190517958594692,-0.09090909090909088,0.13138686131386862,12,0.013990656964133109,0.06190517958594692,-0.09090909090909088,0.13138686131386862,12,0.14207660158475235,0.04735420889384776,0.0737906992435455,0.2254714295268058,12,0.12907243768374121,0.06183569919282528,0.0535929203033447,0.2421193122863769,12,0.1711394923428694,0.06850058858839986,0.087150365114212,0.3147524297237396,12,0.029062890758116997,0.026640971342691538,-0.0022296791430562,0.0923220738768577,12,1.4855291446050007,0.05606758919097222,1.4166560173034668,1.5772194862365725,12,1.614601582288742,0.05668572236581512,1.494441270828247,1.7059046030044556,12
Non-Specific,tf_stratified_1to10,v4_plain_best,lr,0.7038268028205579,0.05833338053904922,0.6266395779868834,0.7958677685950414,12,0.28600336156491013,0.10517448691789093,0.1478881882763396,0.550544499884622,12,3.0288257048798495,1.232269682563131,1.3239513998072316,6.055989498730842,12,0.3044836339526727,0.08569024837038271,0.1428571428571428,0.4545454545454545,12,0.3044836339526727,0.08569024837038271,0.1428571428571428,0.4545454545454545,12,0.30658315342331977,0.10060893914823497,0.1234567901234567,0.5333333333333333,12,0.9305482718688074,0.029000628694747323,0.8888888888888888,1.0,12,0.09623965111254697,0.008609799069753985,0.0909090909090909,0.115744069015097,12,0.09623965111254697,0.008609799069753985,0.0909090909090909,0.115744069015097,12,9.458854060449264,0.8320156482089186,7.639751552795031,10.0,12,-0.004013096049387627,0.05118182472615569,-0.09846769161117169,0.10782583488814096,12,0.9863126656790566,0.19726597306655233,0.6003030589075727,1.3819284372669811,12,-0.009689883994758022,0.05002838398674496,-0.0952380952380952,0.06896551724137931,12,-0.009689883994758022,0.05002838398674496,-0.0952380952380952,0.06896551724137931,12,0.13487667322624472,0.04489237986240669,0.0735146924853324,0.2175406776368618,12,0.12801400820414222,0.06419258021110605,0.0597100257873535,0.2569319009780884,12,0.1645215358585119,0.06262945401369356,0.0875632315874099,0.2779949903488159,12,0.029644862632267132,0.021618797103830606,0.0073908097110688,0.0804347395896911,12,1.4777942299842834,0.05591993814073416,1.3876904249191284,1.5520920753479004,12,1.6058082381884258,0.05433756602926015,1.4830549955368042,1.6866445541381836,12
Non-Specific,tf_stratified_1to10,v4_plain_best,mlp,0.7155961861432169,0.06699950546276975,0.5747863247863247,0.821296797067484,12,0.3242298148130139,0.07595751699680031,0.2253383926066794,0.4365430370555317,12,3.4077369282522922,0.8879868773184437,1.9751272825132977,4.704204443789553,12,0.3273783745589574,0.06317419985587855,0.2422360248447205,0.4157303370786517,12,0.3273783745589574,0.06317419985587855,0.2422360248447205,0.4157303370786517,12,0.19936961383755514,0.12720899515864592,0.0,0.384180790960452,12,0.9907837544939091,0.009012933256304064,0.9751243781094528,1.0,12,0.09623965111254697,0.008609799069753985,0.0909090909090909,0.115744069015097,12,0.09623965111254697,0.008609799069753985,0.0909090909090909,0.115744069015097,12,9.458854060449264,0.8320156482089186,7.639751552795031,10.0,12,0.0017122695004581634,0.08237350643898009,-0.21505143055190648,0.0723726970538971,12,1.0361671286480199,0.22672285325026686,0.5116793821221756,1.2908085175561297,12,0.015491675461126378,0.06922834657071536,-0.09090909090909088,0.103448275862069,12,0.015491675461126378,0.06922834657071536,-0.09090909090909088,0.103448275862069,12,0.13487667322624472,0.04489237986240669,0.0735146924853324,0.2175406776368618,12,0.12801400820414222,0.06419258021110605,0.0597100257873535,0.2569319009780884,12,0.1645215358585119,0.06262945401369356,0.0875632315874099,0.2779949903488159,12,0.029644862632267132,0.021618797103830606,0.0073908097110688,0.0804347395896911,12,1.4777942299842834,0.05591993814073416,1.3876904249191284,1.5520920753479004,12,1.6058082381884258,0.05433756602926015,1.4830549955368042,1.6866445541381836,12
Non-Specific,tf_stratified_1to10,v4_type_pe_best,lr,0.7004982756692146,0.05752419719744171,0.5919232962646136,0.7712758027134358,12,0.29487416640456504,0.06645643364900695,0.1655009943178469,0.4138000361876606,12,3.1136295938672753,0.8375907321263704,1.4816279491312019,4.551800398064267,12,0.3147192457346691,0.06543877273048428,0.1904761904761904,0.4545454545454545,12,0.3147192457346691,0.06543877273048428,0.1904761904761904,0.4545454545454545,12,0.31836834416865195,0.06844175252057252,0.1927710843373494,0.4705882352941176,12,0.9322126473366459,0.02653396725479664,0.8888888888888888,0.9818181818181818,12,0.09623965111254697,0.008609799069753985,0.0909090909090909,0.115744069015097,12,0.09623965111254697,0.008609799069753985,0.0909090909090909,0.115744069015097,12,9.458854060449264,0.8320156482089186,7.639751552795031,10.0,12,0.004857708790267266,0.06853552525416728,-0.11772772827028533,0.12706835687526657,12,1.0571383200456343,0.2647635639471495,0.6717964044268657,1.617869885450757,12,0.0005457277872383398,0.06718987642153684,-0.09090909090909094,0.1379310344827586,12,0.0005457277872383398,0.06718987642153684,-0.09090909090909094,0.1379310344827586,12,0.13516120309941468,0.05170811995575476,0.0714630177244544,0.2328644916415214,12,0.12938341498374936,0.06618212014828537,0.0588408708572387,0.2683637142181396,12,0.16914058973391846,0.07101170465809702,0.0869600251317024,0.306522935628891,12,0.03397938663450377,0.02241551697077592,0.0093547627329826,0.0844162479043006,12,1.4841833710670471,0.05761553559731012,1.4094473123550415,1.5643759965896606,12,1.6135667860507965,0.054380122861234705,1.493297815322876,1.7067978382110596,12
Non-Specific,tf_stratified_1to10,v4_type_pe_best,mlp,0.698416980662369,0.10785714512320677,0.4765755053507729,0.8320653806862568,12,0.3222687316780262,0.1104760532989792,0.1047124564253187,0.4706873221481168,12,3.3963787559920977,1.2482993476000002,1.151837020678506,5.177560543629285,12,0.3392999959916508,0.12294058651301523,0.1034482758620689,0.4961240310077519,12,0.3392999959916508,0.12294058651301523,0.1034482758620689,0.4961240310077519,12,0.2217522385924009,0.16744779285418587,0.0,0.4761904761904761,12,0.9895706984761028,0.012743209249017232,0.9545454545454546,1.0,12,0.09623965111254697,0.008609799069753985,0.0909090909090909,0.115744069015097,12,0.09623965111254697,0.008609799069753985,0.0909090909090909,0.115744069015097,12,9.458854060449264,0.8320156482089186,7.639751552795031,10.0,12,-0.0002488136345294827,0.08447024300972938,-0.17459785015681592,0.129906161361721,12,1.0023173602545827,0.2911589954432848,0.37489650026404137,1.4923761407435503,12,0.02741329689381976,0.09106522761097968,-0.1724137931034483,0.2173913043478261,12,0.02741329689381976,0.09106522761097968,-0.1724137931034483,0.2173913043478261,12,0.13516120309941468,0.05170811995575476,0.0714630177244544,0.2328644916415214,12,0.12938341498374936,0.06618212014828537,0.0588408708572387,0.2683637142181396,12,0.16914058973391846,0.07101170465809702,0.0869600251317024,0.306522935628891,12,0.03397938663450377,0.02241551697077592,0.0093547627329826,0.0844162479043006,12,1.4841833710670471,0.05761553559731012,1.4094473123550415,1.5643759965896606,12,1.6135667860507965,0.054380122861234705,1.493297815322876,1.7067978382110596,12
STRING,full_candidate,baseline,lr,0.8627031811621331,0.03105601669421003,0.8048753665689149,0.9130543303802748,12,0.32071396649012945,0.11965701341919349,0.1177274692873717,0.5047323840334488,12,20.973958738845536,7.680958133691269,7.875575510599912,33.648112828084706,12,0.37255760424065015,0.09680245259342432,0.2258064516129032,0.5223880597014925,12,0.37255760424065015,0.09680245259342432,0.2258064516129032,0.5223880597014925,12,0.3521750881229089,0.08385798437544209,0.2456140350877192,0.5151515151515151,12,0.9946115951389367,0.004028258523355209,0.9868755292125316,0.9990716795968436,12,0.016428931677187276,0.006503084146213565,0.0095482628580598,0.0275833676410045,12,0.016428931677187276,0.006503084146213565,0.0095482628580598,0.0275833676410045,12,68.84685098062228,25.700807444977087,35.25373134328358,103.7310924369748,12,0.0,0.0,0.0,0.0,12,1.0,0.0,1.0,1.0,12,0.0,0.0,0.0,0.0,12,0.0,0.0,0.0,0.0,12,0.1625890784586469,0.03639870142994593,0.1056888550519943,0.2357314378023147,12,0.06551200151443479,0.037391558667753205,-0.021291971206665,0.1317187547683715,12,0.20313542212049163,0.041833298600669644,0.1514802128076553,0.2909674644470215,12,0.040546343661844696,0.011589937804707788,0.0249116085469722,0.0609584785997867,12,0.7877804785966873,0.034998282942379416,0.7477558851242065,0.8793565034866333,12,0.8532924801111221,0.017864778176415894,0.8260430097579956,0.8800122141838074,12
STRING,full_candidate,baseline,mlp,0.8742793189758201,0.056367539885987264,0.7351662112932604,0.928892625099738,12,0.40195005747061635,0.16646261827802605,0.0906123201003641,0.6068020800448791,12,25.16503619734244,8.763141227175849,7.863450403709762,39.565290171540376,12,0.3989697089850585,0.15458420526564376,0.09375,0.582089552238806,12,0.3989697089850585,0.15458420526564376,0.09375,0.582089552238806,12,0.3783671252747473,0.16520897850697505,0.0,0.5614035087719298,12,0.9985311334051555,0.0017738062268973756,0.993649449618967,1.0,12,0.016428931677187276,0.006503084146213565,0.0095482628580598,0.0275833676410045,12,0.016428931677187276,0.006503084146213565,0.0095482628580598,0.0275833676410045,12,68.84685098062228,25.700807444977087,35.25373134328358,103.7310924369748,12,0.0,0.0,0.0,0.0,12,1.0,0.0,1.0,1.0,12,0.0,0.0,0.0,0.0,12,0.0,0.0,0.0,0.0,12,0.1625890784586469,0.03639870142994593,0.1056888550519943,0.2357314378023147,12,0.06551200151443479,0.037391558667753205,-0.021291971206665,0.1317187547683715,12,0.20313542212049163,0.041833298600669644,0.1514802128076553,0.2909674644470215,12,0.040546343661844696,0.011589937804707788,0.0249116085469722,0.0609584785997867,12,0.7877804785966873,0.034998282942379416,0.7477558851242065,0.8793565034866333,12,0.8532924801111221,0.017864778176415894,0.8260430097579956,0.8800122141838074,12
STRING,full_candidate,cl_scratch_v5,lr,0.8641862500537779,0.03995306947662652,0.7674123406193077,0.9188048558075914,12,0.3464519579102343,0.11860501172848006,0.1142226593681249,0.5407220898723311,12,22.47229558275485,7.795976155761946,9.369942670101405,36.67982873989896,12,0.3827220845854062,0.11574088326662185,0.1935483870967742,0.6129032258064516,12,0.3827220845854062,0.11574088326662185,0.1935483870967742,0.6129032258064516,12,0.37454915442821474,0.11566226185955872,0.1568627450980392,0.5862068965517241,12,0.9949310171518483,0.0035951376722576536,0.9877222692633362,0.9988727537961674,12,0.016428931677187276,0.006503084146213565,0.0095482628580598,0.0275833676410045,12,0.016428931677187276,0.006503084146213565,0.0095482628580598,0.0275833676410045,12,68.84685098062228,25.700807444977087,35.25373134328358,103.7310924369748,12,0.025737991420104914,0.060188754555476696,-0.0627635204303934,0.1423562792230415,12,1.1059817282519038,0.23998912889678167,0.8756499039573533,1.6972825426286344,12,0.010164480344756038,0.08294535841456942,-0.10447761194029848,0.18181818181818177,12,0.010164480344756038,0.08294535841456942,-0.10447761194029848,0.18181818181818177,12,0.1534860082902014,0.02517786188343468,0.112453781068325,0.1872206255793571,12,0.12237223982810973,0.059957563287298725,-0.0082978010177612,0.2285001277923584,12,0.19335695356130597,0.03269810255816497,0.1469433009624481,0.2544654607772827,12,0.03987094527110452,0.017792166806026573,0.0194359123706817,0.0672448351979255,12,1.4350001414616902,0.0356077723874936,1.3668478727340698,1.5013633966445925,12,1.5573723812898,0.040355286557305484,1.466011881828308,1.6032826900482178,12
STRING,full_candidate,cl_scratch_v5,mlp,0.8740661360252302,0.04680745326148558,0.7455828779599272,0.9215006269235152,12,0.39868838849759247,0.17157021643780543,0.0694631210544146,0.6399344543935865,12,25.081633957590473,10.256445414899781,6.028096474003448,43.946160476416736,12,0.4223860309941527,0.13993179616557233,0.1875,0.5806451612903226,12,0.4223860309941527,0.13993179616557233,0.1875,0.5806451612903226,12,0.3617745532276006,0.190714919597354,0.0,0.5806451612903226,12,0.9983832475642772,0.0013622685770230433,0.9953429297205758,1.0,12,0.016428931677187276,0.006503084146213565,0.0095482628580598,0.0275833676410045,12,0.016428931677187276,0.006503084146213565,0.0095482628580598,0.0275833676410045,12,68.84685098062228,25.700807444977087,35.25373134328358,103.7310924369748,12,-0.0032616689730239437,0.0342125246009084,-0.06070338538802322,0.042972570095737905,12,0.9738078937161045,0.11645969090711067,0.7665968709053669,1.112326353762529,12,0.02341632200909416,0.04139556406973604,-0.032258064516129004,0.09375,12,0.02341632200909416,0.04139556406973604,-0.032258064516129004,0.09375,12,0.1534860082902014,0.02517786188343468,0.112453781068325,0.1872206255793571,12,0.12237223982810973,0.059957563287298725,-0.0082978010177612,0.2285001277923584,12,0.19335695356130597,0.03269810255816497,0.1469433009624481,0.2544654607772827,12,0.03987094527110452,0.017792166806026573,0.0194359123706817,0.0672448351979255,12,1.4350001414616902,0.0356077723874936,1.3668478727340698,1.5013633966445925,12,1.5573723812898,0.040355286557305484,1.466011881828308,1.6032826900482178,12
STRING,full_candidate,cl_v6_fair,lr,0.8608680758406164,0.0405214833254874,0.7749961475241423,0.9100336258976405,12,0.33162718972752586,0.11717771663418132,0.0817345631619586,0.49293785480030927,12,21.58431056078864,8.383972550134098,6.704870778092281,35.148243762064766,12,0.3885967685804161,0.10763341025298737,0.12903225806451613,0.532258064516129,12,0.3885967685804161,0.10763341025298737,0.12903225806451613,0.532258064516129,12,0.3677924678334675,0.10742445726133015,0.14545454545454545,0.55,12,0.9944519705170712,0.004653613998104983,0.9834885690093141,0.9987401365957165,12,0.016428931677187317,0.006503084146213552,0.009548262858059858,0.027583367641004528,12,0.016428931677187317,0.006503084146213552,0.009548262858059858,0.027583367641004528,12,68.84685098062228,25.700807444977084,35.25373134328358,103.73109243697479,12,0.01091322323739645,0.073724762575379,-0.11888633831787254,0.18505841723803268,12,1.0562943017422974,0.31084112209269155,0.6942692615131708,1.9064440600079964,12,0.0160391643397659,0.07360898596613073,-0.10447761194029848,0.15151515151515155,12,0.0160391643397659,0.07360898596613073,-0.10447761194029848,0.15151515151515155,12,0.1568711979004244,0.028538314577409962,0.10901803337037563,0.19617611914873123,12,0.10303832093874614,0.05448773265595977,-0.01471853256225586,0.19357836246490479,12,0.1966045449177424,0.034820234431870926,0.13695108890533447,0.2607298791408539,12,0.03973334701731801,0.017244328390872733,0.020535191521048546,0.06469307839870453,12,1.2038064102331798,0.031110444620684227,1.1505964994430542,1.2677361965179443,12,1.3068447311719258,0.03486705107912939,1.2275081872940063,1.344174861907959,12
STRING,full_candidate,cl_v6_fair,mlp,0.875460486442579,0.04749311562680187,0.7454918032786885,0.9188677695350512,12,0.40882699144385853,0.1521176792609318,0.0911140294285968,0.5631710914609865,12,25.872208826189397,8.62765320293879,7.906989366350415,38.15359564430669,12,0.4118375367750116,0.1281851311696077,0.1875,0.5645933014354066,12,0.4118375367750116,0.1281851311696077,0.1875,0.5645933014354066,12,0.36427233322814373,0.18752798619341182,0.0,0.5434782608695652,12,0.9983646188818635,0.0013339032148202423,0.9953429297205758,1.0,12,0.016428931677187317,0.006503084146213552,0.009548262858059858,0.027583367641004528,12,0.016428931677187317,0.006503084146213552,0.009548262858059858,0.027583367641004528,12,68.84685098062228,25.700807444977084,35.25373134328358,103.73109243697479,12,0.006876933973242156,0.04208295500776136,-0.05006313996200962,0.10313958828758946,12,1.0372429002388677,0.121698107829868,0.9160522340787817,1.3451006956427152,12,0.012867827789953172,0.045528185406019835,-0.048387096774193616,0.09375,12,0.012867827789953172,0.045528185406019835,-0.048387096774193616,0.09375,12,0.1568711979004244,0.028538314577409962,0.10901803337037563,0.19617611914873123,12,0.10303832093874614,0.05448773265595977,-0.01471853256225586,0.19357836246490479,12,0.1966045449177424,0.034820234431870926,0.13695108890533447,0.2607298791408539,12,0.03973334701731801,0.017244328390872733,0.020535191521048546,0.06469307839870453,12,1.2038064102331798,0.031110444620684227,1.1505964994430542,1.2677361965179443,12,1.3068447311719258,0.03486705107912939,1.2275081872940063,1.344174861907959,12
STRING,full_candidate,minus,lr,0.8709308986474354,0.030032005313002954,0.8177424863387978,0.921380941525134,12,0.34197058461651286,0.09803912158847718,0.148276789648566,0.4803941912537262,12,22.64029868495382,7.757389569315427,11.63944436245005,34.97031419096221,12,0.3855114697533371,0.09204898962822387,0.2258064516129032,0.532258064516129,12,0.3855114697533371,0.09204898962822387,0.2258064516129032,0.532258064516129,12,0.3864268667135642,0.07141429759913952,0.2745098039215686,0.5378151260504201,12,0.9950728174424542,0.003774127868797125,0.9860287891617272,0.9990053709966182,12,0.016428931677187276,0.006503084146213565,0.0095482628580598,0.0275833676410045,12,0.016428931677187276,0.006503084146213565,0.0095482628580598,0.0275833676410045,12,68.84685098062228,25.700807444977087,35.25373134328358,103.7310924369748,12,0.021256618126383433,0.039783711184870764,-0.06665620850315446,0.09757083433704189,12,1.1081686725924837,0.15829640051537724,0.86793752370219,1.4779166737445744,12,0.012953865512687013,0.04785744071419798,-0.07462686567164178,0.09090909090909088,12,0.012953865512687013,0.04785744071419798,-0.07462686567164178,0.09090909090909088,12,0.18248440457197523,0.04432429919099403,0.1042684875428676,0.261676624417305,12,0.0765629261732101,0.04350117579034777,-0.0250422358512878,0.1424046754837036,12,0.21250380451480544,0.04234788046570543,0.1581365466117859,0.2977164685726166,12,0.03001939994283014,0.01476082070193716,0.0152397779747843,0.0616428852081298,12,0.7128595809141794,0.029362567042631474,0.6662689447402954,0.7755095958709717,12,0.7894225070873896,0.01848374936632579,0.7504673600196838,0.8098212480545044,12
STRING,full_candidate,minus,mlp,0.8718704204180852,0.0592945855367905,0.7102345173041894,0.9429813062806338,12,0.40319518460313475,0.16269192074791297,0.036670048395741,0.63509723403606,12,25.737248254334204,10.156698781769414,3.1822726373429147,38.72359996841064,12,0.4182085357060632,0.14251419870999987,0.0625,0.5671641791044776,12,0.4182085357060632,0.14251419870999987,0.0625,0.5671641791044776,12,0.3544032691210584,0.19530609849113506,0.0,0.5806451612903226,12,0.9985632375631152,0.0011807196924338123,0.9961210240496507,1.0,12,0.016428931677187276,0.006503084146213565,0.0095482628580598,0.0275833676410045,12,0.016428931677187276,0.006503084146213565,0.0095482628580598,0.0275833676410045,12,68.84685098062228,25.700807444977087,35.25373134328358,103.7310924369748,12,0.0012451271325183491,0.04873562052391015,-0.0958649621786406,0.0772456637626775,12,0.9929701280855712,0.2347991951890485,0.4046916396702401,1.3941580486579577,12,0.019238826721004753,0.04691265196858881,-0.03125,0.12903225806451618,12,0.019238826721004753,0.04691265196858881,-0.03125,0.12903225806451618,12,0.18248440457197523,0.04432429919099403,0.1042684875428676,0.261676624417305,12,0.0765629261732101,0.04350117579034777,-0.0250422358512878,0.1424046754837036,12,0.21250380451480544,0.04234788046570543,0.1581365466117859,0.2977164685726166,12,0.03001939994283014,0.01476082070193716,0.0152397779747843,0.0616428852081298,12,0.7128595809141794,0.029362567042631474,0.6662689447402954,0.7755095958709717,12,0.7894225070873896,0.01848374936632579,0.7504673600196838,0.8098212480545044,12
STRING,full_candidate,scGPT_human,lr,0.8717383661482487,0.024360657883357072,0.8391559461848178,0.9160007979026558,12,0.3634832061468554,0.114517151741451,0.1755547457159559,0.5784312198746672,12,23.59225887181741,7.033163703325144,13.164855196543217,34.213736298280054,12,0.39975293240124316,0.09451494523746172,0.2352941176470588,0.5806451612903226,12,0.39975293240124316,0.09451494523746172,0.2352941176470588,0.5806451612903226,12,0.4006166640456197,0.11205337036056867,0.1578947368421052,0.5794392523364486,12,0.994510388544124,0.0027432974040044102,0.9902624894157492,0.998407643312102,12,0.016428931677187276,0.006503084146213565,0.0095482628580598,0.0275833676410045,12,0.016428931677187276,0.006503084146213565,0.0095482628580598,0.0275833676410045,12,68.84685098062228,25.700807444977087,35.25373134328358,103.7310924369748,12,0.042769239656726,0.0704915225544715,-0.0469691930426325,0.13711408455312551,12,1.1976137321373252,0.3117540126512181,0.7889252126999766,1.6921858534578431,12,0.02719532816059304,0.08073998336407916,-0.08602150537634412,0.2121212121212121,12,0.02719532816059304,0.08073998336407916,-0.08602150537634412,0.2121212121212121,12,0.11301271889048313,0.023452257570043888,0.073700450360775,0.1608501151204109,12,0.098194678624471,0.08517155863507264,-0.1047401428222656,0.2265609502792358,12,0.13947226665914056,0.027841673062533996,0.1026307865977287,0.1998065412044525,12,0.02645954776865736,0.012710324550048382,0.014017448760569,0.0510649718344211,12,2.0439568360646567,0.049476733063591835,1.961501955986023,2.125665664672852,12,2.1421515146891275,0.0867677901131561,1.9217371940612795,2.2076516151428223,12
STRING,full_candidate,scGPT_human,mlp,0.8710987173889583,0.055348985671682324,0.7230904561331416,0.9325971731448764,12,0.433595619458157,0.14040030393849098,0.1782180887864952,0.6350678950465672,12,28.083318893081344,8.973481855793175,14.61963225109872,45.67667945084194,12,0.4392696900699318,0.12307156456148208,0.2258064516129032,0.6129032258064516,12,0.4392696900699318,0.12307156456148208,0.2258064516129032,0.6129032258064516,12,0.3843265089754193,0.20103708473141024,0.0,0.6143344709897611,12,0.9984597485484983,0.0014412331765165803,0.995766299745978,1.0,12,0.016428931677187276,0.006503084146213565,0.0095482628580598,0.0275833676410045,12,0.016428931677187276,0.006503084146213565,0.0095482628580598,0.0275833676410045,12,68.84685098062228,25.700807444977087,35.25373134328358,103.7310924369748,12,0.0316455619875406,0.08353518944432478,-0.05873241103208099,0.2789141502010172,12,1.2752507865379508,0.8857583912138003,0.8840954069889846,4.078104057948036,12,0.04029998108487332,0.07165935345679349,-0.03030303030303033,0.25,12,0.04029998108487332,0.07165935345679349,-0.03030303030303033,0.25,12,0.11301271889048313,0.023452257570043888,0.073700450360775,0.1608501151204109,12,0.098194678624471,0.08517155863507264,-0.1047401428222656,0.2265609502792358,12,0.13947226665914056,0.027841673062533996,0.1026307865977287,0.1998065412044525,12,0.02645954776865736,0.012710324550048382,0.014017448760569,0.0510649718344211,12,2.0439568360646567,0.049476733063591835,1.961501955986023,2.125665664672852,12,2.1421515146891275,0.0867677901131561,1.9217371940612795,2.2076516151428223,12
STRING,full_candidate,scconcept,lr,0.7960516479727233,0.056730105469571156,0.6802419354838709,0.8641247431178812,12,0.1394323137225584,0.07345085534146686,0.0561885385692486,0.2656573246854231,12,9.304032778707915,5.598047769317477,2.3801568892690654,21.001398108855216,12,0.1904039756762087,0.09654797493877101,0.064516129032258,0.34375,12,0.1904039756762087,0.09654797493877101,0.064516129032258,0.34375,12,0.1605255762892342,0.08365205372296079,0.0512820512820512,0.3333333333333333,12,0.9910498046450898,0.008045356310129283,0.9725806451612904,0.9972133757961784,12,0.016428931677187276,0.006503084146213565,0.0095482628580598,0.0275833676410045,12,0.016428931677187276,0.006503084146213565,0.0095482628580598,0.0275833676410045,12,68.84685098062228,25.700807444977087,35.25373134328358,103.7310924369748,12,-0.18128165276757102,0.12380239803965169,-0.3660042254689277,0.023553530063436773,12,0.47243722092258467,0.2910002055122936,0.19715323683002928,1.0972869099396503,12,-0.18215362856444142,0.1045975348857473,-0.35820895522388063,0.03125,12,-0.18215362856444142,0.1045975348857473,-0.35820895522388063,0.03125,12,0.0035636318110239666,0.005743599487103682,-0.0055469521321356,0.0138553204014897,12,-0.582390308380127,0.8828439784512971,-3.0463085174560547,0.4549770355224609,12,0.0069606755569111166,0.007281786243187373,-0.0035128565505146,0.0215851124376058,12,0.0033970437458871253,0.0022686011951161987,0.001168314833194,0.0080713517963886,12,31.191957632700603,0.6711719885056874,29.46255874633789,31.899911880493164,12,30.609567324320476,1.082647249039393,27.912288665771484,31.519752502441406,12
STRING,full_candidate,scconcept,mlp,0.7743948205645476,0.05556628976217578,0.6483909492500514,0.8346515111054349,12,0.12432525170032045,0.08264398788245922,0.0276157666400376,0.3070877240193068,12,7.6149763004574345,4.526174928908305,2.265383695665035,17.472577339200875,12,0.15709212409149523,0.09085741826777421,0.0,0.3162790697674418,12,0.15709212409149523,0.09085741826777421,0.0,0.3162790697674418,12,0.0638047618920504,0.08110109534301448,0.0,0.2371541501976284,12,0.9992508284394122,0.0010978768102785522,0.9967741935483873,1.0,12,0.016428931677187276,0.006503084146213565,0.0095482628580598,0.0275833676410045,12,0.016428931677187276,0.006503084146213565,0.0095482628580598,0.0275833676410045,12,68.84685098062228,25.700807444977087,35.25373134328358,103.7310924369748,12,-0.27762480577029597,0.12890958743573114,-0.4752623563020798,-0.0338119163927183,12,0.3152962546378503,0.17409093723443445,0.14091375697764408,0.6433471340985584,12,-0.24187758489356326,0.10610127784577023,-0.38709677419354843,0.0,12,-0.24187758489356326,0.10610127784577023,-0.38709677419354843,0.0,12,0.0035636318110239666,0.005743599487103682,-0.0055469521321356,0.0138553204014897,12,-0.582390308380127,0.8828439784512971,-3.0463085174560547,0.4549770355224609,12,0.0069606755569111166,0.007281786243187373,-0.0035128565505146,0.0215851124376058,12,0.0033970437458871253,0.0022686011951161987,0.001168314833194,0.0080713517963886,12,31.191957632700603,0.6711719885056874,29.46255874633789,31.899911880493164,12,30.609567324320476,1.082647249039393,27.912288665771484,31.519752502441406,12
STRING,full_candidate,scconcept_encoded,lr,0.7739930636449861,0.047569611453267574,0.6741126463940826,0.836736755332118,12,0.11260858016187814,0.0582532457126765,0.0445035725796341,0.2082114332127551,12,7.007139157170486,2.9397824921135665,3.208477156470192,11.902674310572296,12,0.16866421838184395,0.07868005368764737,0.0840336134453781,0.3157894736842105,12,0.16866421838184395,0.07868005368764737,0.0840336134453781,0.3157894736842105,12,0.11958297689923471,0.06192559934460429,0.0344827586206896,0.1951219512195122,12,0.9923050613198754,0.007990936849439762,0.9725806451612904,0.9977455075923348,12,0.016428931677187276,0.006503084146213565,0.0095482628580598,0.0275833676410045,12,0.016428931677187276,0.006503084146213565,0.0095482628580598,0.0275833676410045,12,68.84685098062228,25.700807444977087,35.25373134328358,103.7310924369748,12,-0.2081053863282513,0.09253257448206337,-0.4011216569889372,-0.0732238967077376,12,0.3545267033944881,0.12947525792361095,0.17512085365388053,0.5414411156010146,12,-0.2038933858588062,0.07928739312591053,-0.35820895522388063,-0.09375,12,-0.2038933858588062,0.07928739312591053,-0.35820895522388063,-0.09375,12,0.03662037632117665,0.03336569486066562,-0.023984707891941,0.1102028340101242,12,0.13498655954996744,0.7355886505432264,-1.3275222778320312,1.255451202392578,12,0.13442289860298232,0.08328234077662454,0.0295555777847766,0.3339008390903473,12,0.09780252228180562,0.05506348996487982,0.0535402856767177,0.223698005080223,12,26.16480032602946,2.3204398110283955,21.554954528808597,28.785531997680664,12,26.299786885579426,2.5156478177971153,20.22743225097656,28.25142288208008,12
STRING,full_candidate,scconcept_encoded,mlp,0.7501112813758385,0.054747953192428776,0.6462592459420586,0.8110411111251532,12,0.08276579161645516,0.049659687217720294,0.026940087088316,0.1736407273502368,12,4.890568927869309,1.7875284764311403,2.2099561763092916,7.670101410992291,12,0.12424680172512209,0.07333472300220603,0.0405405405405405,0.2822966507177033,12,0.12424680172512209,0.07333472300220603,0.0405405405405405,0.2822966507177033,12,0.02804914795664183,0.04103665501573352,0.0,0.1052631578947368,12,0.9992867450506692,0.0010870565259104821,0.9964664310954064,1.0,12,0.016428931677187276,0.006503084146213565,0.0095482628580598,0.0275833676410045,12,0.016428931677187276,0.006503084146213565,0.0095482628580598,0.0275833676410045,12,68.84685098062228,25.700807444977087,35.25373134328358,103.7310924369748,12,-0.31918426585416126,0.136652497794932,-0.4965891485910178,-0.035871124680218504,12,0.2247796174177953,0.1436640913989423,0.10473270300294005,0.6041253039268072,12,-0.27472290725993637,0.13255175271761582,-0.45454545454545453,0.03125,12,-0.27472290725993637,0.13255175271761582,-0.45454545454545453,0.03125,12,0.03662037632117665,0.03336569486066562,-0.023984707891941,0.1102028340101242,12,0.13498655954996744,0.7355886505432264,-1.3275222778320312,1.255451202392578,12,0.13442289860298232,0.08328234077662454,0.0295555777847766,0.3339008390903473,12,0.09780252228180562,0.05506348996487982,0.0535402856767177,0.223698005080223,12,26.16480032602946,2.3204398110283955,21.554954528808597,28.785531997680664,12,26.299786885579426,2.5156478177971153,20.22743225097656,28.25142288208008,12
STRING,full_candidate,v4_bias_rec_best,lr,0.8620078988747722,0.029987973718868462,0.8087431693989071,0.906451021775121,12,0.33215988010910147,0.11984448993033858,0.1502023391957563,0.5175809576738754,12,21.06426241756779,5.663963102251041,12.321437050800348,29.10454762596477,12,0.38072288779461444,0.09739730720515125,0.2436974789915966,0.532258064516129,12,0.38072288779461444,0.09739730720515125,0.2436974789915966,0.532258064516129,12,0.34093063501703313,0.11098696613273082,0.16,0.5190839694656488,12,0.9942851548034568,0.004899112555726426,0.9822580645161292,0.998673827995491,12,0.016428931677187276,0.006503084146213565,0.0095482628580598,0.0275833676410045,12,0.016428931677187276,0.006503084146213565,0.0095482628580598,0.0275833676410045,12,68.84685098062228,25.700807444977087,35.25373134328358,103.7310924369748,12,0.011445913618972028,0.05458444262367155,-0.04572330020465348,0.12984504685063952,12,1.0661554338446393,0.23738871136997014,0.8274080364099761,1.6360006380462753,12,0.008165283553964309,0.03754598432168021,-0.03875968992248069,0.08064516129032262,12,0.008165283553964309,0.03754598432168021,-0.03875968992248069,0.08064516129032262,12,0.18348107207566497,0.04960055868000624,0.1125824823975563,0.2808698117733001,12,0.1429031391938527,0.08346643753123346,-0.0247235298156738,0.2913466691970825,12,0.22767933333913482,0.05374995098572315,0.1742023527622223,0.3350854516029358,12,0.04419826126346982,0.015363097446130914,0.0284538939595222,0.0735207870602607,12,1.3888132870197296,0.06184044582862127,1.2938145399093628,1.5250060558319092,12,1.5317164262135823,0.035342801894773165,1.487837791442871,1.585161209106445,12
STRING,full_candidate,v4_bias_rec_best,mlp,0.8695772727621072,0.038045518464295276,0.7841530054644809,0.9078336942892968,12,0.3822870480155212,0.15480151864326144,0.0426382581483718,0.6105530538793397,12,23.988050651597685,8.32930463762586,3.700201339938409,35.48758669957555,12,0.40481284962753966,0.14097893144653803,0.0625,0.5806451612903226,12,0.40481284962753966,0.14097893144653803,0.0625,0.5806451612903226,12,0.3417414166581589,0.17456987880358624,0.0,0.5957446808510638,12,0.9982159071128099,0.0020185687228194424,0.993649449618967,1.0,12,0.016428931677187276,0.006503084146213565,0.0095482628580598,0.0275833676410045,12,0.016428931677187276,0.006503084146213565,0.0095482628580598,0.0275833676410045,12,68.84685098062228,25.700807444977087,35.25373134328358,103.7310924369748,12,-0.019663009455095155,0.06073701308779352,-0.13566744751412968,0.09794173478615686,12,0.9506663826847191,0.2505066540289659,0.47055696290686266,1.49976297937049,12,0.005843140642481208,0.0673604461172066,-0.08955223880597019,0.1470588235294118,12,0.005843140642481208,0.0673604461172066,-0.08955223880597019,0.1470588235294118,12,0.18348107207566497,0.04960055868000624,0.1125824823975563,0.2808698117733001,12,0.1429031391938527,0.08346643753123346,-0.0247235298156738,0.2913466691970825,12,0.22767933333913482,0.05374995098572315,0.1742023527622223,0.3350854516029358,12,0.04419826126346982,0.015363097446130914,0.0284538939595222,0.0735207870602607,12,1.3888132870197296,0.06184044582862127,1.2938145399093628,1.5250060558319092,12,1.5317164262135823,0.035342801894773165,1.487837791442871,1.585161209106445,12
STRING,full_candidate,v4_plain_best,lr,0.8599196067995719,0.03042841067682944,0.8004113181241389,0.8915963752422204,12,0.34546115746971756,0.09963963707764698,0.192112562558407,0.5322416640023191,12,22.62248384573707,6.88772112363867,14.185281104621149,34.99504311983447,12,0.38037452900632923,0.08860727591985654,0.2258064516129032,0.5,12,0.38037452900632923,0.08860727591985654,0.2258064516129032,0.5,12,0.37441210467659647,0.08078681309158875,0.2666666666666666,0.5263157894736842,12,0.994521001206743,0.00542517495834472,0.980948348856901,0.9990716795968436,12,0.016428931677187276,0.006503084146213565,0.0095482628580598,0.0275833676410045,12,0.016428931677187276,0.006503084146213565,0.0095482628580598,0.0275833676410045,12,68.84685098062228,25.700807444977087,35.25373134328358,103.7310924369748,12,0.02474719097958818,0.06683783513683095,-0.0929415229004602,0.16356660220165004,12,1.1454163164032085,0.29386283511659356,0.815859798498087,1.8011739060248821,12,0.007816924765679134,0.07785454274848592,-0.11940298507462688,0.2121212121212121,12,0.007816924765679134,0.07785454274848592,-0.11940298507462688,0.2121212121212121,12,0.15525379994263247,0.032396183110774655,0.1052585765719413,0.211707167327404,12,0.12456060449282325,0.07256885449142729,-0.0351698398590087,0.2440595626831054,12,0.19070714836319283,0.036843182925595255,0.1444834470748901,0.2704373598098755,12,0.03545334842056031,0.016038691424482675,0.0157117135822772,0.0589032024145126,12,1.4226194222768147,0.04275380769701051,1.344097375869751,1.500198245048523,12,1.547180026769638,0.04545019305181256,1.444442868232727,1.5939452648162842,12
STRING,full_candidate,v4_plain_best,mlp,0.8734137630187456,0.045496847028686345,0.7709471766848816,0.9231077887446762,12,0.4110525117668251,0.16336339497135005,0.0870248996478697,0.5863972272246226,12,25.93010393452195,9.620956998308735,7.552129572566731,43.95360203388104,12,0.4071915164571897,0.13826645195589146,0.09375,0.5454545454545454,12,0.4071915164571897,0.13826645195589146,0.09375,0.5454545454545454,12,0.3804026877713729,0.18162951440397468,0.0,0.5714285714285714,12,0.9984836119955527,0.0017236369276675233,0.9944961896697714,1.0,12,0.016428931677187276,0.006503084146213565,0.0095482628580598,0.0275833676410045,12,0.016428931677187276,0.006503084146213565,0.0095482628580598,0.0275833676410045,12,68.84685098062228,25.700807444977087,35.25373134328358,103.7310924369748,12,0.009102454296208701,0.038978841367951184,-0.04433054103294509,0.07966656620155943,12,1.0260689500072273,0.09781885063733792,0.9253815907204286,1.2019036569264776,12,0.008221807472131212,0.03666001349436003,-0.059701492537313494,0.06451612903225812,12,0.008221807472131212,0.03666001349436003,-0.059701492537313494,0.06451612903225812,12,0.15525379994263247,0.032396183110774655,0.1052585765719413,0.211707167327404,12,0.12456060449282325,0.07256885449142729,-0.0351698398590087,0.2440595626831054,12,0.19070714836319283,0.036843182925595255,0.1444834470748901,0.2704373598098755,12,0.03545334842056031,0.016038691424482675,0.0157117135822772,0.0589032024145126,12,1.4226194222768147,0.04275380769701051,1.344097375869751,1.500198245048523,12,1.547180026769638,0.04545019305181256,1.444442868232727,1.5939452648162842,12
STRING,full_candidate,v4_type_pe_best,lr,0.8741985581829254,0.02262410298223604,0.8351783968719452,0.9070197277793928,12,0.3498946238244331,0.11257290664444232,0.1389717677507377,0.5001649570263282,12,23.09844065190961,8.315606140565759,10.00639177960548,36.55286338378966,12,0.3822682824882539,0.11187219004494976,0.1612903225806451,0.5483870967741935,12,0.3822682824882539,0.11187219004494976,0.1612903225806451,0.5483870967741935,12,0.37364365548075584,0.12356749029519258,0.1276595744680851,0.5391304347826087,12,0.9950295503908145,0.004561817824501019,0.985182049110923,0.998806445195942,12,0.016428931677187276,0.006503084146213565,0.0095482628580598,0.0275833676410045,12,0.016428931677187276,0.006503084146213565,0.0095482628580598,0.0275833676410045,12,68.84685098062228,25.700807444977087,35.25373134328358,103.7310924369748,12,0.029180657334303625,0.05922298157534285,-0.07566386822799387,0.178217854085132,12,1.1252899342874256,0.22072054894824367,0.8500911163588434,1.736121688482397,12,0.00971067824760375,0.048645083290488354,-0.06451612903225809,0.09677419354838712,12,0.00971067824760375,0.048645083290488354,-0.06451612903225809,0.09677419354838712,12,0.1593705657869577,0.03297829311483567,0.1126596815884113,0.2172425836324691,12,0.12414729595184325,0.06500422272251113,-0.010658860206604,0.2397593259811401,12,0.20062341168522832,0.039590598840017546,0.1451796889305114,0.2828927040100097,12,0.04125284589827056,0.016128409776697005,0.0228955540806055,0.0656501203775405,12,1.4298446377118428,0.03698520086877765,1.3655869960784912,1.4980509281158447,12,1.553991933663686,0.04262985701587804,1.4682347774505615,1.6053463220596311,12
STRING,full_candidate,v4_type_pe_best,mlp,0.8810733457701997,0.0449565782068005,0.7651183970856102,0.9193006953151716,12,0.40920617085946315,0.1742674598763784,0.0391914791750878,0.6285962892984599,12,25.59544708098936,9.759913613848587,3.401085552163105,40.9192785204943,12,0.42660682493320135,0.14459501474087325,0.09375,0.5970149253731343,12,0.42660682493320135,0.14459501474087325,0.09375,0.5970149253731343,12,0.3742200009902432,0.1892450581677825,0.0,0.5576923076923077,12,0.9983622532539527,0.001442419438328891,0.995967741935484,1.0,12,0.016428931677187276,0.006503084146213565,0.0095482628580598,0.0275833676410045,12,0.016428931677187276,0.006503084146213565,0.0095482628580598,0.0275833676410045,12,68.84685098062228,25.700807444977087,35.25373134328358,103.7310924369748,12,0.007256113388846706,0.03998075983838756,-0.0514208409252763,0.1104777965634331,12,0.989113827930861,0.20764352466028613,0.4325182175191905,1.3696540298455193,12,0.027637115948142915,0.03608598935616918,-0.019138755980861233,0.11764705882352944,12,0.027637115948142915,0.03608598935616918,-0.019138755980861233,0.11764705882352944,12,0.1593705657869577,0.03297829311483567,0.1126596815884113,0.2172425836324691,12,0.12414729595184325,0.06500422272251113,-0.010658860206604,0.2397593259811401,12,0.20062341168522832,0.039590598840017546,0.1451796889305114,0.2828927040100097,12,0.04125284589827056,0.016128409776697005,0.0228955540806055,0.0656501203775405,12,1.4298446377118428,0.03698520086877765,1.3655869960784912,1.4980509281158447,12,1.553991933663686,0.04262985701587804,1.4682347774505615,1.6053463220596311,12
STRING,tf_stratified_1to10,baseline,lr,0.832760397270961,0.035556511300467955,0.7787620930725231,0.8742324413966205,12,0.4597577539420843,0.0925565484960874,0.2739490569362794,0.5666709104776959,12,5.035927365891829,1.0210224861804293,3.013439626299074,6.233380015254656,12,0.45407748324841496,0.08921067287343842,0.2258064516129032,0.5483870967741935,12,0.45407748324841496,0.08921067287343842,0.2258064516129032,0.5483870967741935,12,0.4647941227216353,0.07801188081553206,0.3098591549295774,0.56,12,0.9431940814971943,0.01867807587757376,0.9064516129032258,0.9705882352941176,12,0.0913221667612868,0.00093848607544383,0.0909090909090909,0.094017094017094,12,0.0913221667612868,0.00093848607544383,0.0909090909090909,0.094017094017094,12,9.951280985103807,0.11009406407025653,9.636363636363637,10.0,12,0.0,0.0,0.0,0.0,12,1.0,0.0,1.0,1.0,12,0.0,0.0,0.0,0.0,12,0.0,0.0,0.0,0.0,12,0.15698394008601702,0.03555847973439712,0.104433286935091,0.230552326887846,12,0.0704317837953567,0.030764479550836756,0.0255144834518432,0.137000024318695,12,0.20313542212049163,0.041833298600669644,0.1514802128076553,0.2909674644470215,12,0.04615148203447456,0.013232038509040667,0.0241074748337268,0.0630487203598022,12,0.7877804785966873,0.034998282942379416,0.7477558851242065,0.8793565034866333,12,0.8582122623920441,0.025719310293868237,0.8247211575508118,0.9172164797782898,12
STRING,tf_stratified_1to10,baseline,mlp,0.8248251711699973,0.1144432667161332,0.54638671875,0.9353121778494912,12,0.5116651877379137,0.19075486136471737,0.1145271117324021,0.7231722381955527,12,5.605284935462108,2.095134123651067,1.2597982290564231,7.8871920101539095,12,0.47474442167811093,0.1883823306727738,0.125,0.6935483870967742,12,0.47474442167811093,0.1883823306727738,0.125,0.6935483870967742,12,0.40315422872687506,0.2595229959007743,0.0,0.6666666666666666,12,0.9896359954245613,0.007713695783225498,0.9789473684210528,1.0,12,0.0913221667612868,0.00093848607544383,0.0909090909090909,0.094017094017094,12,0.0913221667612868,0.00093848607544383,0.0909090909090909,0.094017094017094,12,9.951280985103807,0.11009406407025653,9.636363636363637,10.0,12,0.0,0.0,0.0,0.0,12,1.0,0.0,1.0,1.0,12,0.0,0.0,0.0,0.0,12,0.0,0.0,0.0,0.0,12,0.15698394008601702,0.03555847973439712,0.104433286935091,0.230552326887846,12,0.0704317837953567,0.030764479550836756,0.0255144834518432,0.137000024318695,12,0.20313542212049163,0.041833298600669644,0.1514802128076553,0.2909674644470215,12,0.04615148203447456,0.013232038509040667,0.0241074748337268,0.0630487203598022,12,0.7877804785966873,0.034998282942379416,0.7477558851242065,0.8793565034866333,12,0.8582122623920441,0.025719310293868237,0.8247211575508118,0.9172164797782898,12
STRING,tf_stratified_1to10,cl_scratch_v5,lr,0.8409599311625685,0.04566741438456719,0.75703125,0.9037678476996298,12,0.45577493775499006,0.0987767321729634,0.2516127332265292,0.6573961866924273,12,4.987995035818927,1.064857394275861,2.7677400654918216,7.125326410601797,12,0.47137700993545084,0.07659417632984335,0.3225806451612903,0.5967741935483871,12,0.47137700993545084,0.07659417632984335,0.3225806451612903,0.5967741935483871,12,0.46993437525386295,0.07568049219244218,0.3225806451612903,0.5942028985507246,12,0.9447177772376011,0.01676272469445148,0.9067226890756304,0.9647058823529412,12,0.0913221667612868,0.00093848607544383,0.0909090909090909,0.094017094017094,12,0.0913221667612868,0.00093848607544383,0.0909090909090909,0.094017094017094,12,9.951280985103807,0.11009406407025653,9.636363636363637,10.0,12,-0.003982816187094192,0.06117484695595385,-0.09888125896523431,0.11968549565894637,12,0.995678004811594,0.12656164289561203,0.8255049674565459,1.2424336171123385,12,0.017299526687035858,0.05367141801391745,-0.05882352941176472,0.12121212121212122,12,0.017299526687035858,0.05367141801391745,-0.05882352941176472,0.12121212121212122,12,0.14896595136572913,0.023639253300198684,0.1121741645038127,0.1869079023599624,12,0.130444864432017,0.047708163478991684,0.0564764738082885,0.2242584228515625,12,0.19335695356130597,0.03269810255816497,0.1469433009624481,0.2544654607772827,12,0.04439100219557676,0.01692777590177737,0.0241567771881818,0.071894884109497,12,1.4350001414616902,0.0356077723874936,1.3668478727340698,1.5013633966445925,12,1.5654450058937073,0.03415824639939921,1.4772809743881226,1.6126701831817627,12
STRING,tf_stratified_1to10,cl_scratch_v5,mlp,0.8378174163140241,0.10799510290634869,0.57998046875,0.9220227690376944,12,0.5367007301310801,0.16450570039418988,0.1713820167662202,0.7211892848252818,12,5.880506688183988,1.810232770022061,1.8852021844284224,7.862502335647813,12,0.4965980889831009,0.15616731998406996,0.15625,0.7096774193548387,12,0.4965980889831009,0.15616731998406996,0.15625,0.7096774193548387,12,0.38841054933521413,0.2553403266823287,0.0,0.6468646864686468,12,0.987200054500346,0.01033496538885191,0.9669669669669668,1.0,12,0.0913221667612868,0.00093848607544383,0.0909090909090909,0.094017094017094,12,0.0913221667612868,0.00093848607544383,0.0909090909090909,0.094017094017094,12,9.951280985103807,0.11009406407025653,9.636363636363637,10.0,12,0.025035542393166427,0.048323423104652735,-0.02905213831165132,0.1524386502440483,12,1.106721989064334,0.20933761895778033,0.9540212394711556,1.5898107363629128,12,0.02185366730499,0.05917389464261727,-0.05042016806722688,0.1612903225806452,12,0.02185366730499,0.05917389464261727,-0.05042016806722688,0.1612903225806452,12,0.14896595136572913,0.023639253300198684,0.1121741645038127,0.1869079023599624,12,0.130444864432017,0.047708163478991684,0.0564764738082885,0.2242584228515625,12,0.19335695356130597,0.03269810255816497,0.1469433009624481,0.2544654607772827,12,0.04439100219557676,0.01692777590177737,0.0241567771881818,0.071894884109497,12,1.4350001414616902,0.0356077723874936,1.3668478727340698,1.5013633966445925,12,1.5654450058937073,0.03415824639939921,1.4772809743881226,1.6126701831817627,12
STRING,tf_stratified_1to10,cl_v6_fair,lr,0.8412802004056924,0.04490781559572922,0.7695109261186264,0.9049841353781068,12,0.4535268109215604,0.08157124956475778,0.26403571500942136,0.5450049913357552,12,4.966390825363399,0.8947330447215947,2.904392865103635,5.995054904693307,12,0.4517397140037427,0.06469537152180056,0.3225806451612903,0.543010752688172,12,0.4517397140037427,0.06469537152180056,0.3225806451612903,0.543010752688172,12,0.45737352382808094,0.07653622480203967,0.27586206896551724,0.5522388059701493,12,0.943846178635273,0.016640349747534148,0.9176470588235294,0.9764705882352941,12,0.09132216676128681,0.0009384860754438341,0.09090909090909091,0.09401709401709402,12,0.09132216676128681,0.0009384860754438341,0.09090909090909091,0.09401709401709402,12,9.951280985103807,0.11009406407025653,9.636363636363637,10.0,12,-0.00623094302052397,0.0364146269826327,-0.08843610319804457,0.044987582158168615,12,0.9936145438557503,0.08195286198430883,0.8290763231490966,1.1174691097304643,12,-0.002337769244672263,0.04956122949283551,-0.0625,0.09677419354838712,12,-0.002337769244672263,0.04956122949283551,-0.0625,0.09677419354838712,12,0.1534996715684732,0.027768105815460572,0.11081290245056152,0.19891461730003357,12,0.11118310689926147,0.04458666803547133,0.044123053550720215,0.19585394859313965,12,0.1966045449177424,0.034820234431870926,0.13695108890533447,0.2607298791408539,12,0.043104873349269233,0.015840867337223317,0.02613818645477295,0.07219287753105164,12,1.2038064102331798,0.031110444620684227,1.1505964994430542,1.2677361965179443,12,1.3149895171324413,0.028748329601051822,1.2387932538986206,1.3464504480361938,12
STRING,tf_stratified_1to10,cl_v6_fair,mlp,0.8431854815472747,0.09880124684185726,0.587109375,0.9258657070181524,12,0.5414414055231221,0.15661934860166982,0.1529428038101181,0.7203524803897026,12,5.930564051952595,1.7215046034028119,1.682370841911299,7.923877284286728,12,0.5097762481892164,0.143416773326394,0.1875,0.6935483870967742,12,0.5097762481892164,0.143416773326394,0.1875,0.6935483870967742,12,0.42090037778260614,0.23249731628674083,0.0,0.6791277258566978,12,0.9866986490874186,0.010664259784267332,0.960960960960961,1.0,12,0.09132216676128681,0.0009384860754438341,0.09090909090909091,0.09401709401709402,12,0.09132216676128681,0.0009384860754438341,0.09090909090909091,0.09401709401709402,12,9.951280985103807,0.11009406407025653,9.636363636363637,10.0,12,0.029776217785208448,0.07078448998546706,-0.027367634019049014,0.23630185991155567,12,1.1254208128896919,0.2737866790739254,0.9463148007517231,1.914291577465618,12,0.03503182651110558,0.09065938438154855,-0.05882352941176466,0.29032258064516137,12,0.03503182651110558,0.09065938438154855,-0.05882352941176466,0.29032258064516137,12,0.1534996715684732,0.027768105815460572,0.11081290245056152,0.19891461730003357,12,0.11118310689926147,0.04458666803547133,0.044123053550720215,0.19585394859313965,12,0.1966045449177424,0.034820234431870926,0.13695108890533447,0.2607298791408539,12,0.043104873349269233,0.015840867337223317,0.02613818645477295,0.07219287753105164,12,1.2038064102331798,0.031110444620684227,1.1505964994430542,1.2677361965179443,12,1.3149895171324413,0.028748329601051822,1.2387932538986206,1.3464504480361938,12
STRING,tf_stratified_1to10,minus,lr,0.8424941047054282,0.04727754002173124,0.7586914062500001,0.911409307244844,12,0.4593572574860862,0.0946389421230327,0.2964797496961837,0.592149296472978,12,5.031627303395006,1.0402204464976563,3.261277246658021,6.418134310158734,12,0.4695412455533143,0.06829277629422635,0.3445378151260504,0.5967741935483871,12,0.4695412455533143,0.06829277629422635,0.3445378151260504,0.5967741935483871,12,0.46333578717956114,0.07521524173519724,0.3272727272727272,0.6074074074074074,12,0.9464340193895883,0.012672140474480639,0.9184873949579831,0.9622641509433962,12,0.0913221667612868,0.00093848607544383,0.0909090909090909,0.094017094017094,12,0.0913221667612868,0.00093848607544383,0.0909090909090909,0.094017094017094,12,9.951280985103807,0.11009406407025653,9.636363636363637,10.0,12,-0.0004004964559981237,0.04323925494836231,-0.061365867364763904,0.07667722391103027,12,1.0054076350219894,0.1161280522981799,0.8704209299032155,1.2798959221417046,12,0.01546376230489927,0.06126175905682563,-0.0625,0.16129032258064518,12,0.01546376230489927,0.06126175905682563,-0.0625,0.16129032258064518,12,0.17646128141010797,0.04349867350169468,0.1031059063971042,0.2577897608280182,12,0.07786823312441503,0.034584271650395,0.0260547399520874,0.1474062800407409,12,0.21250380451480544,0.04234788046570543,0.1581365466117859,0.2977164685726166,12,0.03604252310469742,0.01691210000534444,0.0199799574911594,0.0781841725111007,12,0.7128595809141794,0.029362567042631474,0.6662689447402954,0.7755095958709717,12,0.7907278140385946,0.015424892604465548,0.7549365758895874,0.8136752247810364,12
STRING,tf_stratified_1to10,minus,mlp,0.8306529564181954,0.12768398629954486,0.46240234375,0.9315023979203084,12,0.5284507775536456,0.1739946132199282,0.0863108882399444,0.7208100540073032,12,5.78952091288611,1.9118584547748412,0.9494197706393885,7.812650907950131,12,0.49287515282410604,0.14929857466787463,0.09375,0.6505376344086021,12,0.49287515282410604,0.14929857466787463,0.09375,0.6505376344086021,12,0.41017785182085587,0.20999887654919727,0.0,0.6191950464396285,12,0.9872234220074451,0.008857904846529036,0.975813953488372,1.0,12,0.0913221667612868,0.00093848607544383,0.0909090909090909,0.094017094017094,12,0.0913221667612868,0.00093848607544383,0.0909090909090909,0.094017094017094,12,9.951280985103807,0.11009406407025653,9.636363636363637,10.0,12,0.016785589815731854,0.0883686607819004,-0.057652642265452525,0.282043513010244,12,1.066630414833176,0.33383636856288035,0.7536284372700658,2.091273714564064,12,0.018130731145995154,0.11505290060072407,-0.08064516129032262,0.3548387096774194,12,0.018130731145995154,0.11505290060072407,-0.08064516129032262,0.3548387096774194,12,0.17646128141010797,0.04349867350169468,0.1031059063971042,0.2577897608280182,12,0.07786823312441503,0.034584271650395,0.0260547399520874,0.1474062800407409,12,0.21250380451480544,0.04234788046570543,0.1581365466117859,0.2977164685726166,12,0.03604252310469742,0.01691210000534444,0.0199799574911594,0.0781841725111007,12,0.7128595809141794,0.029362567042631474,0.6662689447402954,0.7755095958709717,12,0.7907278140385946,0.015424892604465548,0.7549365758895874,0.8136752247810364,12
STRING,tf_stratified_1to10,scGPT_human,lr,0.8525294723976886,0.035263934355219996,0.8102287974013136,0.9153225806451613,12,0.5019122600771496,0.10105475836311527,0.336475652927787,0.690961315006347,12,5.49424242408636,1.0944442123972884,3.7012321822056573,7.489129091681702,12,0.4928647423622352,0.0850124347303201,0.2903225806451613,0.6290322580645161,12,0.4928647423622352,0.0850124347303201,0.2903225806451613,0.6290322580645161,12,0.49295940127546145,0.0929782151758153,0.25,0.6166666666666667,12,0.9514360302769022,0.01881910395334297,0.9236486486486486,0.9882352941176472,12,0.0913221667612868,0.00093848607544383,0.0909090909090909,0.094017094017094,12,0.0913221667612868,0.00093848607544383,0.0909090909090909,0.094017094017094,12,9.951280985103807,0.11009406407025653,9.636363636363637,10.0,12,0.04215450613506533,0.06624919641188322,-0.08235420217841222,0.15325062397286615,12,1.1033938801911665,0.14493982822424853,0.8408310347083664,1.2850057224607496,12,0.038787259113820256,0.05587562491349072,-0.0430622009569378,0.12121212121212122,12,0.038787259113820256,0.05587562491349072,-0.0430622009569378,0.12121212121212122,12,0.10771435677694774,0.02089560904203258,0.0757092162966728,0.1535969749093055,12,0.1068571309248606,0.06066699980803874,0.0158100128173828,0.2216140031814575,12,0.13947226665914056,0.027841673062533996,0.1026307865977287,0.1998065412044525,12,0.03175790988219276,0.013063534825790568,0.0099724372848868,0.0537212677299976,12,2.0439568360646567,0.049476733063591835,1.961501955986023,2.125665664672852,12,2.150813966989517,0.06396928859618727,1.9773119688034055,2.202704668045044,12
STRING,tf_stratified_1to10,scGPT_human,mlp,0.8520229244689975,0.08245571448962391,0.69521484375,0.9262691697514542,12,0.5588778240924964,0.15328060874521976,0.2165360486311228,0.7233636510255249,12,6.115731980234603,1.6651113119458032,2.381896534942351,7.957000161280775,12,0.5196820720911635,0.13880139822482582,0.25,0.6505376344086021,12,0.5196820720911635,0.13880139822482582,0.25,0.6505376344086021,12,0.45765906346103663,0.22619312137109324,0.0,0.6707317073170732,12,0.9858311314526196,0.008111223281628279,0.9748427672955976,1.0,12,0.0913221667612868,0.00093848607544383,0.0909090909090909,0.094017094017094,12,0.0913221667612868,0.00093848607544383,0.0909090909090909,0.094017094017094,12,9.951280985103807,0.11009406407025653,9.636363636363637,10.0,12,0.04721263635458275,0.0997946189023201,-0.04191745322282142,0.29620803345289065,12,1.2207899712137749,0.5229723209408083,0.8378143344077823,2.6563258032205503,12,0.04493765041305256,0.09851050576008083,-0.048387096774193616,0.30303030303030304,12,0.04493765041305256,0.09851050576008083,-0.048387096774193616,0.30303030303030304,12,0.10771435677694774,0.02089560904203258,0.0757092162966728,0.1535969749093055,12,0.1068571309248606,0.06066699980803874,0.0158100128173828,0.2216140031814575,12,0.13947226665914056,0.027841673062533996,0.1026307865977287,0.1998065412044525,12,0.03175790988219276,0.013063534825790568,0.0099724372848868,0.0537212677299976,12,2.0439568360646567,0.049476733063591835,1.961501955986023,2.125665664672852,12,2.150813966989517,0.06396928859618727,1.9773119688034055,2.202704668045044,12
STRING,tf_stratified_1to10,scconcept,lr,0.7383969458121667,0.05334879770963924,0.6609781477627471,0.8179930795847751,12,0.2805351857850431,0.08443617415286443,0.1895878974604946,0.4734442353248578,12,3.07193047385216,0.9276492041920625,2.0854668720654406,5.2078865885734364,12,0.3102754639625093,0.08123628000317551,0.1932773109243697,0.4411764705882353,12,0.3102754639625093,0.08123628000317551,0.1932773109243697,0.4411764705882353,12,0.30848382957442316,0.08933233489372416,0.1153846153846153,0.4210526315789473,12,0.9305609539770786,0.025932705511395024,0.8932773109243698,0.9685534591194968,12,0.0913221667612868,0.00093848607544383,0.0909090909090909,0.094017094017094,12,0.0913221667612868,0.00093848607544383,0.0909090909090909,0.094017094017094,12,9.951280985103807,0.11009406407025653,9.636363636363637,10.0,12,-0.17922256815704118,0.07253680893149154,-0.2827587602325963,-0.08436115947578482,12,0.612253041649862,0.12404585138517299,0.40835876512080915,0.8354835700420032,12,-0.14380201928590566,0.06814534224624302,-0.2311827956989248,-0.032258064516129004,12,-0.14380201928590566,0.06814534224624302,-0.2311827956989248,-0.032258064516129004,12,0.004470633707872633,0.005974739506853442,-0.0056796113494783,0.0148917539045214,12,-0.3431539535522461,0.539421865164377,-1.054718017578125,0.6293430328369141,12,0.0069606755569111166,0.007281786243187373,-0.0035128565505146,0.0215851124376058,12,0.002490041849038458,0.0033966243203432055,-0.002193306107074,0.0088943541049957,12,31.191957632700603,0.6711719885056874,29.46255874633789,31.899911880493164,12,30.848803679148357,0.8792253995197691,28.416481018066406,31.61419677734375,12
STRING,tf_stratified_1to10,scconcept,mlp,0.6735478764380484,0.08841214561183834,0.4880332986472424,0.7668517204276458,12,0.24036192854325597,0.09536579907736238,0.0867734820090601,0.4130060038789813,12,2.635426816666354,1.0551375454991143,0.9545083020996612,4.543066042668794,12,0.2828412514079664,0.10197146901649295,0.064516129032258,0.4210526315789473,12,0.2828412514079664,0.10197146901649295,0.064516129032258,0.4210526315789473,12,0.11220686439142956,0.13443748963003838,0.0,0.35,12,0.9927280005501026,0.008443190776342478,0.9774774774774776,1.0,12,0.0913221667612868,0.00093848607544383,0.0909090909090909,0.094017094017094,12,0.0913221667612868,0.00093848607544383,0.0909090909090909,0.094017094017094,12,9.951280985103807,0.11009406407025653,9.636363636363637,10.0,12,-0.27130325919465775,0.20444673770111557,-0.5328313177279809,0.2984788921465792,12,0.6742516929651344,0.9270815761225478,0.2632027481343965,3.6061854492933425,12,-0.19190317027014447,0.17764841676869517,-0.46774193548387105,0.28125,12,-0.19190317027014447,0.17764841676869517,-0.46774193548387105,0.28125,12,0.004470633707872633,0.005974739506853442,-0.0056796113494783,0.0148917539045214,12,-0.3431539535522461,0.539421865164377,-1.054718017578125,0.6293430328369141,12,0.0069606755569111166,0.007281786243187373,-0.0035128565505146,0.0215851124376058,12,0.002490041849038458,0.0033966243203432055,-0.002193306107074,0.0088943541049957,12,31.191957632700603,0.6711719885056874,29.46255874633789,31.899911880493164,12,30.848803679148357,0.8792253995197691,28.416481018066406,31.61419677734375,12
STRING,tf_stratified_1to10,scconcept_encoded,lr,0.7097124632637276,0.04681231309611383,0.6312174817898023,0.7713704705246078,12,0.23217120118071544,0.0612995320001201,0.157008526374102,0.3386329602828465,12,2.542844223722857,0.6756594415600301,1.7270937901151222,3.724962563111312,12,0.2652814203707727,0.07399411367248504,0.0967741935483871,0.3529411764705882,12,0.2652814203707727,0.07399411367248504,0.0967741935483871,0.3529411764705882,12,0.2650967168113817,0.09305644310118785,0.0377358490566037,0.3859649122807017,12,0.9302584843405343,0.019161214142232475,0.8974789915966387,0.9647058823529412,12,0.0913221667612868,0.00093848607544383,0.0909090909090909,0.094017094017094,12,0.0913221667612868,0.00093848607544383,0.0909090909090909,0.094017094017094,12,9.951280985103807,0.11009406407025653,9.636363636363637,10.0,12,-0.22758655276136888,0.06992915909114282,-0.33384122175829956,-0.11280383648725442,12,0.5087312729670469,0.0969177956751347,0.36924435809414163,0.6600795306735784,12,-0.18879606287764228,0.06624845476912297,-0.32835820895522394,-0.12121212121212122,12,-0.18879606287764228,0.06624845476912297,-0.32835820895522394,-0.12121212121212122,12,0.0341172326977054,0.029832035871642983,-0.0228144712746143,0.080283872783184,12,0.26010704040527344,0.5899418523347072,-1.0567512512207031,1.3396739959716797,12,0.13442289860298232,0.08328234077662454,0.0295555777847766,0.3339008390903473,12,0.1003056659052769,0.06470171953787082,0.052370049059391,0.2664839923381805,12,26.16480032602946,2.3204398110283955,21.554954528808597,28.785531997680664,12,26.424907366434734,2.3001055565761424,21.511842727661133,28.165637969970703,12
STRING,tf_stratified_1to10,scconcept_encoded,mlp,0.6545704860031086,0.06028564043352552,0.558792924037461,0.7629464575446187,12,0.19009838473548155,0.05529485790922866,0.1118354848949711,0.296355634979376,12,2.0822174719111786,0.6097528657850794,1.2301903338446822,3.2599119847731366,12,0.204789895513668,0.06401032653536529,0.1290322580645161,0.3302325581395349,12,0.204789895513668,0.06401032653536529,0.1290322580645161,0.3302325581395349,12,0.06215106750297112,0.07527628683434603,0.0,0.2056737588652482,12,0.994065154655816,0.006713984031890537,0.981081081081081,1.0,12,0.0913221667612868,0.00093848607544383,0.0909090909090909,0.094017094017094,12,0.0913221667612868,0.00093848607544383,0.0909090909090909,0.094017094017094,12,9.951280985103807,0.11009406407025653,9.636363636363637,10.0,12,-0.3215668030024321,0.18086942607396606,-0.5659688699867491,0.0566403829814838,12,0.46259458922616786,0.3433829020614913,0.2106623546327542,1.4945587304587467,12,-0.2699545261644429,0.16472303225450236,-0.5322580645161291,0.03125,12,-0.2699545261644429,0.16472303225450236,-0.5322580645161291,0.03125,12,0.0341172326977054,0.029832035871642983,-0.0228144712746143,0.080283872783184,12,0.26010704040527344,0.5899418523347072,-1.0567512512207031,1.3396739959716797,12,0.13442289860298232,0.08328234077662454,0.0295555777847766,0.3339008390903473,12,0.1003056659052769,0.06470171953787082,0.052370049059391,0.2664839923381805,12,26.16480032602946,2.3204398110283955,21.554954528808597,28.785531997680664,12,26.424907366434734,2.3001055565761424,21.511842727661133,28.165637969970703,12
STRING,tf_stratified_1to10,v4_bias_rec_best,lr,0.8397125368430206,0.04111870392305197,0.754296875,0.8864013266998341,12,0.44272457568062734,0.09834168731761901,0.284270322437784,0.592289817878181,12,4.848184027748444,1.077116385176755,3.1269735468156243,6.4196573808731925,12,0.46412394266579593,0.08925694086979397,0.3333333333333333,0.5967741935483871,12,0.46412394266579593,0.08925694086979397,0.3333333333333333,0.5967741935483871,12,0.4636224578373331,0.087629672741697,0.3430656934306569,0.5964912280701754,12,0.9404251781387073,0.02274583025375345,0.9092436974789916,0.9823529411764704,12,0.0913221667612868,0.00093848607544383,0.0909090909090909,0.094017094017094,12,0.0913221667612868,0.00093848607544383,0.0909090909090909,0.094017094017094,12,9.951280985103807,0.11009406407025653,9.636363636363637,10.0,12,-0.017033178261456974,0.09459409104771993,-0.22322642917656121,0.1717464961645715,12,0.9872492224315182,0.249838971582375,0.5648763886370362,1.6269285906120852,12,0.01004645941738097,0.07805396515799383,-0.09375,0.1935483870967742,12,0.01004645941738097,0.07805396515799383,-0.09375,0.1935483870967742,12,0.17784773372113702,0.049499350653476284,0.1106826290488243,0.2747214585542679,12,0.1501794854799906,0.066654895141619,0.0586081743240356,0.2974387407302856,12,0.22767933333913482,0.05374995098572315,0.1742023527622223,0.3350854516029358,12,0.04983159961799777,0.014945859294958173,0.0334345251321792,0.0829252302646637,12,1.3888132870197296,0.06184044582862127,1.2938145399093628,1.5250060558319092,12,1.5389927724997203,0.046889986331094514,1.476994514465332,1.6347757577896118,12
STRING,tf_stratified_1to10,v4_bias_rec_best,mlp,0.8557585566503149,0.07535235653262214,0.64189453125,0.92566048098046,12,0.5569378974819722,0.13704903768257726,0.200420150423111,0.7083677284522869,12,6.097055889479343,1.4961865600260422,2.2046216546542214,7.683879698957853,12,0.526838105963061,0.1295247689796214,0.1875,0.7096774193548387,12,0.526838105963061,0.1295247689796214,0.1875,0.7096774193548387,12,0.44887959581622594,0.1819373659512666,0.0,0.6237942122186495,12,0.9865496989109249,0.008683267656284091,0.9722488038277513,1.0,12,0.0913221667612868,0.00093848607544383,0.0909090909090909,0.094017094017094,12,0.0913221667612868,0.00093848607544383,0.0909090909090909,0.094017094017094,12,9.951280985103807,0.11009406407025653,9.636363636363637,10.0,12,0.04527270974405847,0.11346682465346497,-0.06303384884949603,0.32007509998429406,12,1.2100184999184396,0.42486773577152537,0.9042060340313355,2.2384243110978357,12,0.05209368428495011,0.13437331769003993,-0.09569377990430628,0.3870967741935484,12,0.05209368428495011,0.13437331769003993,-0.09569377990430628,0.3870967741935484,12,0.17784773372113702,0.049499350653476284,0.1106826290488243,0.2747214585542679,12,0.1501794854799906,0.066654895141619,0.0586081743240356,0.2974387407302856,12,0.22767933333913482,0.05374995098572315,0.1742023527622223,0.3350854516029358,12,0.04983159961799777,0.014945859294958173,0.0334345251321792,0.0829252302646637,12,1.3888132870197296,0.06184044582862127,1.2938145399093628,1.5250060558319092,12,1.5389927724997203,0.046889986331094514,1.476994514465332,1.6347757577896118,12
STRING,tf_stratified_1to10,v4_plain_best,lr,0.8417073991709567,0.04690564156221233,0.7573017442271026,0.8957975986277873,12,0.464026039920038,0.10600903208838129,0.2915085915529387,0.6227250134185748,12,5.0775449945900855,1.1438758363102894,3.206594507082326,6.849975147604323,12,0.48156696376618174,0.08781117765659169,0.3529411764705882,0.5967741935483871,12,0.48156696376618174,0.08781117765659169,0.3529411764705882,0.5967741935483871,12,0.48030908866640337,0.08319461964044414,0.3636363636363636,0.5939086294416244,12,0.9463201712987824,0.014620078346586568,0.920945945945946,0.973529411764706,12,0.0913221667612868,0.00093848607544383,0.0909090909090909,0.094017094017094,12,0.0913221667612868,0.00093848607544383,0.0909090909090909,0.094017094017094,12,9.951280985103807,0.11009406407025653,9.636363636363637,10.0,12,0.004268285977953641,0.07060253747338786,-0.08313007891422503,0.16808542641205554,12,1.0160931690225061,0.16740569598525606,0.8379588820039066,1.4410932507385659,12,0.027489480517766784,0.06783183340307515,-0.06976744186046518,0.1515151515151515,12,0.027489480517766784,0.06783183340307515,-0.06976744186046518,0.1515151515151515,12,0.15195328990618384,0.031290579769217924,0.1032781116664409,0.211038950830698,12,0.12983332077662146,0.05538760142572195,0.0498406887054443,0.2356735467910766,12,0.19070714836319283,0.036843182925595255,0.1444834470748901,0.2704373598098755,12,0.03875385845700894,0.015363697414632584,0.0216018557548522,0.065686821937561,12,1.4226194222768147,0.04275380769701051,1.344097375869751,1.500198245048523,12,1.5524527430534363,0.03679287426229535,1.456519365310669,1.5981364250183103,12
STRING,tf_stratified_1to10,v4_plain_best,mlp,0.8225992014306943,0.10343838719622007,0.58671875,0.93246604813769,12,0.5038477165491564,0.18725697685895765,0.1196371007186575,0.7252325519785366,12,5.520980561835624,2.0555888273504412,1.3160081079052328,7.860585079509306,12,0.4688796716926094,0.16741071939119936,0.15625,0.7096774193548387,12,0.4688796716926094,0.16741071939119936,0.15625,0.7096774193548387,12,0.3933078069569924,0.2666716366368024,0.0,0.7115384615384616,12,0.9894512056927941,0.009138998847207517,0.975813953488372,1.0,12,0.0913221667612868,0.00093848607544383,0.0909090909090909,0.094017094017094,12,0.0913221667612868,0.00093848607544383,0.0909090909090909,0.094017094017094,12,9.951280985103807,0.11009406407025653,9.636363636363637,10.0,12,-0.00781747118875731,0.04146671646616433,-0.08955311630443674,0.05642161857280209,12,0.994105260320664,0.10374690105395318,0.8127033228932536,1.218304716972598,12,-0.005864749985501463,0.06063435491912495,-0.10852713178294576,0.1290322580645162,12,-0.005864749985501463,0.06063435491912495,-0.10852713178294576,0.1290322580645162,12,0.15195328990618384,0.031290579769217924,0.1032781116664409,0.211038950830698,12,0.12983332077662146,0.05538760142572195,0.0498406887054443,0.2356735467910766,12,0.19070714836319283,0.036843182925595255,0.1444834470748901,0.2704373598098755,12,0.03875385845700894,0.015363697414632584,0.0216018557548522,0.065686821937561,12,1.4226194222768147,0.04275380769701051,1.344097375869751,1.500198245048523,12,1.5524527430534363,0.03679287426229535,1.456519365310669,1.5981364250183103,12
STRING,tf_stratified_1to10,v4_type_pe_best,lr,0.8502047482209182,0.029406501206019547,0.8064453125000001,0.8978624696496705,12,0.4575820462585829,0.08361947121470986,0.3164759912568848,0.5497522610902769,12,5.011079134005511,0.918682252730386,3.4812359038257332,6.0472748719930465,12,0.4854033817358443,0.06126824584088008,0.3870967741935484,0.5806451612903226,12,0.4854033817358443,0.06126824584088008,0.3870967741935484,0.5806451612903226,12,0.49129103544940483,0.07051151574255285,0.3809523809523809,0.6165413533834586,12,0.943564717730454,0.015148604023694282,0.9201680672268908,0.976470588235294,12,0.0913221667612868,0.00093848607544383,0.0909090909090909,0.094017094017094,12,0.0913221667612868,0.00093848607544383,0.0909090909090909,0.094017094017094,12,9.951280985103807,0.11009406407025653,9.636363636363637,10.0,12,-0.002175707683501407,0.03849160599768029,-0.07315191677476462,0.04252693432060539,12,1.0031511509773343,0.08577514180615316,0.870909348932172,1.1552366516468686,12,0.031325898487429345,0.06092000376085669,-0.0558139534883722,0.16129032258064518,12,0.031325898487429345,0.06092000376085669,-0.0558139534883722,0.16129032258064518,12,0.1563005383747319,0.03256787149880761,0.1115302219986915,0.2183176055550575,12,0.1339537401994069,0.05451165881995616,0.057124376296997,0.2451897859573364,12,0.20062341168522832,0.039590598840017546,0.1451796889305114,0.2828927040100097,12,0.044322873310496363,0.015149863929350877,0.0245250519365072,0.0696451812982559,12,1.4298446377118428,0.03698520086877765,1.3655869960784912,1.4980509281158447,12,1.5637983779112499,0.04064425884406496,1.463145732879639,1.612384796142578,12
STRING,tf_stratified_1to10,v4_type_pe_best,mlp,0.851198232107851,0.08836936584520569,0.6415039062500001,0.9307180314643002,12,0.5563719513335631,0.15799272927322464,0.2171271308063857,0.7200128172782897,12,6.098124557245356,1.7408926217056875,2.3883984388702433,7.804009890500177,12,0.5272681246658412,0.12986365958908277,0.25,0.6774193548387096,12,0.5272681246658412,0.12986365958908277,0.25,0.6774193548387096,12,0.4006504775258066,0.24350006491699572,0.0,0.6542056074766355,12,0.9904705082637761,0.007881006693188976,0.9804804804804804,1.0,12,0.0913221667612868,0.00093848607544383,0.0909090909090909,0.094017094017094,12,0.0913221667612868,0.00093848607544383,0.0909090909090909,0.094017094017094,12,9.951280985103807,0.11009406407025653,9.636363636363637,10.0,12,0.04470676359564948,0.10126394062172767,-0.04094919332791519,0.33891485600316595,12,1.1962909405976996,0.43788713668960233,0.8779676672097739,2.311318490838989,12,0.05252370298773029,0.11838218271015429,-0.08527131782945746,0.3870967741935484,12,0.05252370298773029,0.11838218271015429,-0.08527131782945746,0.3870967741935484,12,0.1563005383747319,0.03256787149880761,0.1115302219986915,0.2183176055550575,12,0.1339537401994069,0.05451165881995616,0.057124376296997,0.2451897859573364,12,0.20062341168522832,0.039590598840017546,0.1451796889305114,0.2828927040100097,12,0.044322873310496363,0.015149863929350877,0.0245250519365072,0.0696451812982559,12,1.4298446377118428,0.03698520086877765,1.3655869960784912,1.4980509281158447,12,1.5637983779112499,0.04064425884406496,1.463145732879639,1.612384796142578,12
Specific,full_candidate,baseline,lr,0.8329696007287161,0.04401109916610748,0.7511869820441989,0.8924000611643632,11,0.6516145191610154,0.24020798789933046,0.2139213405380163,0.8845069496019338,11,2.6540541967803986,1.5042123013939943,1.3925486389659996,6.176978708035227,11,0.6074066356895744,0.197060494309079,0.25,0.8021082894106373,11,0.6074066356895744,0.197060494309079,0.25,0.8021082894106373,11,0.5977671454724532,0.2224396444389487,0.1666666666666666,0.8048949434310783,11,0.8062517003244255,0.1357275486072688,0.6187845303867403,0.9865470852017936,11,0.3420532351400166,0.2116357055981574,0.0346320346320346,0.5926724137931034,11,0.3420532351400166,0.2116357055981574,0.0346320346320346,0.5926724137931034,11,5.413008015462591,8.207813353012334,0.6872727272727273,27.875,11,0.0,0.0,0.0,0.0,11,1.0,0.0,1.0,1.0,11,0.0,0.0,0.0,0.0,11,0.0,0.0,0.0,0.0,11,0.0131068357943811,0.026153976716105507,-0.0201051351614296,0.0653340518474578,11,-0.005000293254852309,0.04012009527659519,-0.0786205530166626,0.0343352556228637,11,0.048006968869065636,0.041190982434806914,0.0058367825113236,0.1584547609090805,11,0.034900133074684536,0.02445780891398922,0.0092350337654352,0.0931207090616226,11,0.891999667341059,0.04882295492403333,0.8087942004203796,0.9931120276451112,11,0.8869993740862067,0.03083344998683158,0.8431294560432434,0.9310947060585022,11
Specific,full_candidate,baseline,mlp,0.8523156546671055,0.040390478372627214,0.7754384125887924,0.910055967621757,11,0.6648769039605343,0.2511573629049126,0.1719828942636216,0.8821990097365625,11,2.662110845880325,1.4586044601305583,1.4067596896090766,5.662431257881267,11,0.6195295546850902,0.2212331425132031,0.125,0.8035457594633445,11,0.6195295546850902,0.2212331425132031,0.125,0.8035457594633445,11,0.5651350500421016,0.2933312269955068,0.0,0.8094905792044662,11,0.8321715896630189,0.1473357262754679,0.5555555555555556,1.0,11,0.3420532351400166,0.2116357055981574,0.0346320346320346,0.5926724137931034,11,0.3420532351400166,0.2116357055981574,0.0346320346320346,0.5926724137931034,11,5.413008015462591,8.207813353012334,0.6872727272727273,27.875,11,0.0,0.0,0.0,0.0,11,1.0,0.0,1.0,1.0,11,0.0,0.0,0.0,0.0,11,0.0,0.0,0.0,0.0,11,0.0131068357943811,0.026153976716105507,-0.0201051351614296,0.0653340518474578,11,-0.005000293254852309,0.04012009527659519,-0.0786205530166626,0.0343352556228637,11,0.048006968869065636,0.041190982434806914,0.0058367825113236,0.1584547609090805,11,0.034900133074684536,0.02445780891398922,0.0092350337654352,0.0931207090616226,11,0.891999667341059,0.04882295492403333,0.8087942004203796,0.9931120276451112,11,0.8869993740862067,0.03083344998683158,0.8431294560432434,0.9310947060585022,11
Specific,full_candidate,cl_scratch_v5,lr,0.8276983127342127,0.04818908026174722,0.7544252044252043,0.8938820523488715,11,0.6439829398192113,0.2544819281180928,0.1564808773616198,0.8855278501113408,11,2.4917903542286437,1.178031021732693,1.3747482593346647,4.616186115965033,11,0.6092137278763391,0.1916904873178239,0.25,0.7997125059894585,11,0.6092137278763391,0.1916904873178239,0.25,0.7997125059894585,11,0.5957601465200452,0.21950589549770466,0.1818181818181818,0.8099211868335652,11,0.80680643145908,0.14692653314368026,0.5582010582010583,0.9910313901345292,11,0.3420532351400166,0.2116357055981574,0.0346320346320346,0.5926724137931034,11,0.3420532351400166,0.2116357055981574,0.0346320346320346,0.5926724137931034,11,5.413008015462591,8.207813353012334,0.6872727272727273,27.875,11,-0.007631579341804165,0.020935687903964086,-0.057440463176396506,0.011298728893751164,11,0.9699351073482578,0.08368509168809943,0.7314879243373633,1.0311509468485502,11,0.0018070921867646443,0.01840795337406461,-0.029090909090909056,0.04285714285714293,11,0.0018070921867646443,0.01840795337406461,-0.029090909090909056,0.04285714285714293,11,0.011188815432516009,0.036573913523084485,-0.0253584962338209,0.1041202992200851,11,-0.00566235455599699,0.03417567557509652,-0.0557185411453247,0.0582681894302368,11,0.04807439615780654,0.061567960786121534,0.0083787832409143,0.2209299206733703,11,0.036885580725290516,0.03162239093064321,0.0115257762372493,0.1168096214532852,11,1.6107247309251265,0.05395696068218223,1.514305830001831,1.7287898063659668,11,1.6050623763691296,0.05455435665490943,1.4796531200408936,1.6755932569503784,11
Specific,full_candidate,cl_scratch_v5,mlp,0.8237342822903057,0.08817957165425756,0.5868834080717489,0.9071009449298923,11,0.6571801738080726,0.27941154290755227,0.0591414405296672,0.8919469892577212,11,2.3342828735157135,1.1003716895145346,1.4322656462121084,5.038312068662928,11,0.6133750474369498,0.22399866854569145,0.125,0.8049932523616734,11,0.6133750474369498,0.22399866854569145,0.125,0.8049932523616734,11,0.5893116910506584,0.2625213954729186,0.0,0.8114063512637719,11,0.8383044441498574,0.13738331779774274,0.5978835978835979,1.0,11,0.3420532351400166,0.2116357055981574,0.0346320346320346,0.5926724137931034,11,0.3420532351400166,0.2116357055981574,0.0346320346320346,0.5926724137931034,11,5.413008015462591,8.207813353012334,0.6872727272727273,27.875,11,-0.007696730152461722,0.040059661855999726,-0.11284145373395439,0.025317097453013804,11,0.9420251326494234,0.20282698504037355,0.34387978399184904,1.0633362884060404,11,-0.006154507248140368,0.02245968894944137,-0.0563909774436091,0.025454545454545507,11,-0.006154507248140368,0.02245968894944137,-0.0563909774436091,0.025454545454545507,11,0.011188815432516009,0.036573913523084485,-0.0253584962338209,0.1041202992200851,11,-0.00566235455599699,0.03417567557509652,-0.0557185411453247,0.0582681894302368,11,0.04807439615780654,0.061567960786121534,0.0083787832409143,0.2209299206733703,11,0.036885580725290516,0.03162239093064321,0.0115257762372493,0.1168096214532852,11,1.6107247309251265,0.05395696068218223,1.514305830001831,1.7287898063659668,11,1.6050623763691296,0.05455435665490943,1.4796531200408936,1.6755932569503784,11
Specific,full_candidate,cl_v6_fair,lr,0.8342268468026652,0.043839321706297105,0.7661159211159212,0.8959530172344818,11,0.6461662576824254,0.2580138694096949,0.17735291546247542,0.8892868706506982,11,2.5317235218400373,1.293944728517244,1.3899799956597156,5.121065433978978,11,0.6178237405339272,0.1830017773140459,0.35714285714285715,0.8029689608636977,11,0.6178237405339272,0.1830017773140459,0.35714285714285715,0.8029689608636977,11,0.5786383353890868,0.2596698084296656,0.0,0.8099442379182156,11,0.8130384683007573,0.13957684219449643,0.5634920634920635,0.9865470852017937,11,0.3420532351400166,0.21163570559815736,0.03463203463203463,0.5926724137931034,11,0.3420532351400166,0.21163570559815736,0.03463203463203463,0.5926724137931034,11,5.413008015462591,8.207813353012334,0.6872727272727273,27.875,11,-0.005448261478590053,0.028588316917224518,-0.06784523090470629,0.03144110325883975,11,0.9754038806392717,0.07420573152444708,0.8290566757689029,1.04607190008199,11,0.01041710484435273,0.04505016450891332,-0.03383458646616533,0.125,11,0.01041710484435273,0.04505016450891332,-0.03383458646616533,0.125,11,0.014274344440888275,0.03485849012324552,-0.02254057116806507,0.10289689153432846,11,-0.0073233842849731445,0.03334828953831477,-0.0620654821395874,0.048302531242370605,11,0.050244958817281506,0.06102404458903119,0.006655216217041016,0.2202570140361786,11,0.035970614376393234,0.03260136392249404,0.005379975773394108,0.11736012250185013,11,1.3550800735300237,0.050051551493300206,1.2792330980300903,1.4643938541412354,11,1.3477566892450505,0.04650595171747503,1.2371714115142822,1.4059537649154663,11
Specific,full_candidate,cl_v6_fair,mlp,0.816112316217399,0.1360861564694832,0.4254484304932735,0.914259889588837,11,0.6630835125897184,0.2836891824261122,0.031479289326539414,0.9042346616807945,11,2.3486471902321098,1.4185181954245463,0.9089644793038256,6.0296346765078335,11,0.6079132558761384,0.2559553015752413,0.0,0.8164642375168691,11,0.6079132558761384,0.2559553015752413,0.0,0.8164642375168691,11,0.5903916726523597,0.27735729195809167,0.0,0.8150843532914324,11,0.8377543439217076,0.12665175252813152,0.6349206349206349,1.0,11,0.3420532351400166,0.21163570559815736,0.03463203463203463,0.5926724137931034,11,0.3420532351400166,0.21163570559815736,0.03463203463203463,0.5926724137931034,11,5.413008015462591,8.207813353012334,0.6872727272727273,27.875,11,-0.001793391370815906,0.04727396054118764,-0.1405036049370822,0.027863674042124642,11,0.9423083399759189,0.2527851629373668,0.18303732741168313,1.0648490731106843,11,-0.011616298808951663,0.04095603355454129,-0.125,0.020242914979757165,11,-0.011616298808951663,0.04095603355454129,-0.125,0.020242914979757165,11,0.014274344440888275,0.03485849012324552,-0.02254057116806507,0.10289689153432846,11,-0.0073233842849731445,0.03334828953831477,-0.0620654821395874,0.048302531242370605,11,0.050244958817281506,0.06102404458903119,0.006655216217041016,0.2202570140361786,11,0.035970614376393234,0.03260136392249404,0.005379975773394108,0.11736012250185013,11,1.3550800735300237,0.050051551493300206,1.2792330980300903,1.4643938541412354,11,1.3477566892450505,0.04650595171747503,1.2371714115142822,1.4059537649154663,11
Specific,full_candidate,minus,lr,0.8214684629961724,0.05308243499259081,0.7331838565022422,0.8952169112352178,11,0.6341485005631283,0.2649134982334887,0.1230256686792659,0.8909058289121408,11,2.3724997365992038,1.0549167591550537,1.3959103469566096,4.706296173376274,11,0.6112114042247042,0.20414245920104349,0.25,0.8126497364638237,11,0.6112114042247042,0.20414245920104349,0.25,0.8126497364638237,11,0.5825063060775603,0.26316648356652644,0.0,0.8189635138275622,11,0.8151356232656167,0.12802648039684747,0.6243093922651933,0.9955156950672646,11,0.3420532351400166,0.2116357055981574,0.0346320346320346,0.5926724137931034,11,0.3420532351400166,0.2116357055981574,0.0346320346320346,0.5926724137931034,11,5.413008015462591,8.207813353012334,0.6872727272727273,27.875,11,-0.017466018597887142,0.03691476832026975,-0.09089567185875042,0.02042275815198058,11,0.9431032384040262,0.13467773702435057,0.575097689505189,1.0512794834122787,11,0.0038047685351297474,0.017723900974011466,-0.03550295857988167,0.025454545454545507,11,0.0038047685351297474,0.017723900974011466,-0.03550295857988167,0.025454545454545507,11,0.021160733716731692,0.030967501148762552,-0.0054716374725103,0.1023908704519271,11,-0.0011765577576377361,0.018828204363063452,-0.0308126807212829,0.0332632660865783,11,0.05084581402215087,0.05126735133576229,0.0225923359394073,0.1951162070035934,11,0.029685080305419144,0.024947623588729904,0.0057327821850776,0.0927253365516662,11,0.8124185258691962,0.02110942645739946,0.7876096963882446,0.8697206974029541,11,0.8112419681115584,0.022605692862712187,0.7656214237213135,0.843765377998352,11
Specific,full_candidate,minus,mlp,0.8293355984500109,0.06647423603950137,0.6709641255605381,0.9057631409605094,11,0.6592038392492819,0.27124060070538114,0.1161184476337623,0.8955783420026769,11,2.4607839809658114,1.105623934580839,1.41763601458902,4.9868264451910855,11,0.6127750712864228,0.2251853668921446,0.125,0.8102539530426449,11,0.6127750712864228,0.2251853668921446,0.125,0.8102539530426449,11,0.581794093969322,0.27691206710846894,0.0,0.8147905759162304,11,0.8382174245081956,0.13296424319050792,0.5714285714285714,1.0,11,0.3420532351400166,0.2116357055981574,0.0346320346320346,0.5926724137931034,11,0.3420532351400166,0.2116357055981574,0.0346320346320346,0.5926724137931034,11,5.413008015462591,8.207813353012334,0.6872727272727273,27.875,11,-0.00567306471125236,0.02469625198587671,-0.05586444662985929,0.01690316648171608,11,0.9641619775947998,0.10337096065478198,0.6751744010992846,1.0192562148103563,11,-0.006754483398667314,0.022103470741906567,-0.04999999999999999,0.024271844660194164,11,-0.006754483398667314,0.022103470741906567,-0.04999999999999999,0.024271844660194164,11,0.021160733716731692,0.030967501148762552,-0.0054716374725103,0.1023908704519271,11,-0.0011765577576377361,0.018828204363063452,-0.0308126807212829,0.0332632660865783,11,0.05084581402215087,0.05126735133576229,0.0225923359394073,0.1951162070035934,11,0.029685080305419144,0.024947623588729904,0.0057327821850776,0.0927253365516662,11,0.8124185258691962,0.02110942645739946,0.7876096963882446,0.8697206974029541,11,0.8112419681115584,0.022605692862712187,0.7656214237213135,0.843765377998352,11
Specific,full_candidate,scGPT_human,lr,0.8038878363852607,0.05889457890712874,0.7344459106156275,0.8920924613144293,11,0.6194617043882414,0.2503119206442551,0.1830828263830454,0.8880390686623031,11,2.430339110457194,1.253427601716689,1.3427281924814303,5.286516611810441,11,0.5937505992503067,0.19247721019319594,0.25,0.7997125059894585,11,0.5937505992503067,0.19247721019319594,0.25,0.7997125059894585,11,0.5923248787989457,0.20380806473499508,0.2,0.8040366111241493,11,0.804966813276287,0.12823054101366113,0.6164021164021164,0.9955156950672646,11,0.3420532351400166,0.2116357055981574,0.0346320346320346,0.5926724137931034,11,0.3420532351400166,0.2116357055981574,0.0346320346320346,0.5926724137931034,11,5.413008015462591,8.207813353012334,0.6872727272727273,27.875,11,-0.03215281477277397,0.024190896219519704,-0.06559876069290393,0.003532119060369321,11,0.9355378427343966,0.05316505343987619,0.8521712251981703,1.0039933197381423,11,-0.013656036439267705,0.017622673437978072,-0.045112781954887216,0.0071428571428571175,11,-0.013656036439267705,0.017622673437978072,-0.045112781954887216,0.0071428571428571175,11,0.011747529264539463,0.03423906507072849,-0.0227769976481795,0.0996102392673492,11,-0.020625114440917944,0.027062416773381445,-0.0678918361663818,0.0332379341125488,11,0.04036730714142319,0.051137706307580175,0.0111490590497851,0.1865173876285553,11,0.028619777876883686,0.02272864381821437,0.0073495567776262,0.086907148361206,11,2.1845456036654385,0.041708697964814946,2.1096649169921875,2.2363386154174805,11,2.1639204892245205,0.047848133840007724,2.0438363552093506,2.195889711380005,11
Specific,full_candidate,scGPT_human,mlp,0.8523352997928729,0.03635013607600193,0.7836332132991317,0.9039342443947708,11,0.6757545631495799,0.25072396636185756,0.1622245809745809,0.8962937134365028,11,2.6900951217152875,1.429309128982711,1.4453550702488105,5.782513277945532,11,0.6249358474931109,0.21713531003431985,0.125,0.8124156545209177,11,0.6249358474931109,0.21713531003431985,0.125,0.8124156545209177,11,0.5807001500583824,0.28508032933064675,0.0,0.8166819431714024,11,0.8426413772769951,0.13656064318313227,0.6296296296296297,1.0,11,0.3420532351400166,0.2116357055981574,0.0346320346320346,0.5926724137931034,11,0.3420532351400166,0.2116357055981574,0.0346320346320346,0.5926724137931034,11,5.413008015462591,8.207813353012334,0.6872727272727273,27.875,11,0.010877659189045697,0.018016261318221306,-0.012730688661308553,0.055489030551854834,11,1.0170121578793343,0.04669255511518263,0.9432599775063513,1.1388180161223618,11,0.00540629280802073,0.029741001169079004,-0.03007518796992481,0.08284023668639062,11,0.00540629280802073,0.029741001169079004,-0.03007518796992481,0.08284023668639062,11,0.011747529264539463,0.03423906507072849,-0.0227769976481795,0.0996102392673492,11,-0.020625114440917944,0.027062416773381445,-0.0678918361663818,0.0332379341125488,11,0.04036730714142319,0.051137706307580175,0.0111490590497851,0.1865173876285553,11,0.028619777876883686,0.02272864381821437,0.0073495567776262,0.086907148361206,11,2.1845456036654385,0.041708697964814946,2.1096649169921875,2.2363386154174805,11,2.1639204892245205,0.047848133840007724,2.0438363552093506,2.195889711380005,11
Specific,full_candidate,scconcept,lr,0.7779755907078729,0.0648219012580299,0.6894618834080717,0.8721393658464597,11,0.5941714387589919,0.23436065952514645,0.2255374311914078,0.8602537217326713,11,2.541863622642106,2.0603583641794003,1.2653458580531893,8.498337558686117,11,0.5719979726992471,0.20053875790579817,0.25,0.7867752755150934,11,0.5719979726992471,0.20053875790579817,0.25,0.7867752755150934,11,0.5730836597615986,0.21013004396224721,0.2222222222222222,0.8002790048825854,11,0.7935597664004166,0.1313260151392011,0.58994708994709,1.0,11,0.3420532351400166,0.2116357055981574,0.0346320346320346,0.5926724137931034,11,0.3420532351400166,0.2116357055981574,0.0346320346320346,0.5926724137931034,11,5.413008015462591,8.207813353012334,0.6872727272727273,27.875,11,-0.05744308040202361,0.06198846108169286,-0.1584720911608074,0.08039338010912167,11,0.922502399664291,0.17686762408148268,0.6639355127333042,1.375808135396547,11,-0.03540866299032719,0.030807934206923734,-0.09398496240601495,0.0,11,-0.03540866299032719,0.030807934206923734,-0.09398496240601495,0.0,11,0.005149020387431218,0.005261362341075875,-0.0013287467882037,0.0141994478181004,11,-0.29436683654785156,0.6180842130864201,-1.6423931121826172,0.378671646118164,11,0.009840067962861828,0.00842104532790348,0.0027314634062349,0.0272139217704534,11,0.004691047575430579,0.0041592263060696265,-4.63254691567272e-05,0.0135081438347697,11,31.120106610384855,0.5984189380875972,30.400297164916992,32.29415512084961,11,30.825739773837004,0.5129402599817205,29.85371398925781,31.71797180175781,11
Specific,full_candidate,scconcept,mlp,0.8054568316670863,0.06858760437945516,0.6636771300448431,0.8862451748607356,11,0.6176163652140936,0.27030759664472936,0.0732328733723683,0.8751907950350881,11,2.157920734298084,0.7552638012287725,1.3049309633743158,3.6115490266637282,11,0.5976230736033741,0.21790242328254514,0.125,0.7941970310391363,11,0.5976230736033741,0.21790242328254514,0.125,0.7941970310391363,11,0.5397952605734413,0.3033457406369302,0.0,0.8043334070307319,11,0.8137941985956313,0.17412465777525987,0.5052910052910053,1.0,11,0.3420532351400166,0.2116357055981574,0.0346320346320346,0.5926724137931034,11,0.3420532351400166,0.2116357055981574,0.0346320346320346,0.5926724137931034,11,5.413008015462591,8.207813353012334,0.6872727272727273,27.875,11,-0.04726053874644067,0.0526508120079779,-0.155622499929786,0.041456477725716034,11,0.8879281587596416,0.18995891375906784,0.42581486772814925,1.1037124984176248,11,-0.02190648108171607,0.04789526822758996,-0.12142857142857139,0.08284023668639062,11,-0.02190648108171607,0.04789526822758996,-0.12142857142857139,0.08284023668639062,11,0.005149020387431218,0.005261362341075875,-0.0013287467882037,0.0141994478181004,11,-0.29436683654785156,0.6180842130864201,-1.6423931121826172,0.378671646118164,11,0.009840067962861828,0.00842104532790348,0.0027314634062349,0.0272139217704534,11,0.004691047575430579,0.0041592263060696265,-4.63254691567272e-05,0.0135081438347697,11,31.120106610384855,0.5984189380875972,30.400297164916992,32.29415512084961,11,30.825739773837004,0.5129402599817205,29.85371398925781,31.71797180175781,11
Specific,full_candidate,scconcept_encoded,lr,0.7794137710463235,0.10028925883348111,0.5263452914798207,0.8825697567116331,11,0.5921358491121271,0.2744871029237401,0.0426549458420431,0.8715445496144125,11,1.9871525183861338,0.7555939455136775,1.2316615611889958,3.6561839163020764,11,0.5575050093338125,0.24589623251376913,0.0,0.7886919022520364,11,0.5575050093338125,0.24589623251376913,0.0,0.7886919022520364,11,0.5568052953052338,0.2538368267014929,0.0,0.7997231195200738,11,0.7912576496491767,0.14591209390534668,0.544973544973545,0.9775784753363228,11,0.3420532351400166,0.2116357055981574,0.0346320346320346,0.5926724137931034,11,0.3420532351400166,0.2116357055981574,0.0346320346320346,0.5926724137931034,11,5.413008015462591,8.207813353012334,0.6872727272727273,27.875,11,-0.05947867004888836,0.04618454212035239,-0.1712663946959732,-0.012962399987521245,11,0.8515141864072717,0.2244115622262593,0.19939546814153786,0.9853450558038522,11,-0.049901626355761876,0.06921726743832389,-0.25,-0.009446693657219951,11,-0.049901626355761876,0.06921726743832389,-0.25,-0.009446693657219951,11,0.004793563349680482,0.040544201103444866,-0.0408244505524635,0.1045466810464859,11,-0.30566874417391693,0.5694252783156477,-1.0562896728515625,0.8508167266845703,11,0.13143982805989002,0.10438262663427038,0.0549659356474876,0.3499095439910888,11,0.12664626471020957,0.07055130709012156,0.070036880671978,0.274757444858551,11,26.060860200361773,2.396296129593046,21.573226928710938,29.27579498291016,11,25.755191456187855,2.0960498049161056,21.944011688232425,28.27617454528809,11
Specific,full_candidate,scconcept_encoded,mlp,0.8050886165175793,0.05932616199792442,0.6967488789237668,0.8767495852736127,11,0.6123034817599016,0.26901297176834144,0.0790508411640983,0.8645881481627387,11,2.161402700874156,0.8069845962262802,1.3307104636052283,3.9617501311107373,11,0.5793496204467544,0.24583321823409024,0.0,0.785816962146622,11,0.5793496204467544,0.24583321823409024,0.0,0.785816962146622,11,0.5584044059149409,0.2804773397356547,0.0,0.7968533086534012,11,0.804201509513646,0.17931385753692225,0.4682539682539682,1.0,11,0.3420532351400166,0.2116357055981574,0.0346320346320346,0.5926724137931034,11,0.3420532351400166,0.2116357055981574,0.0346320346320346,0.5926724137931034,11,5.413008015462591,8.207813353012334,0.6872727272727273,27.875,11,-0.05257342220063268,0.03924125232570382,-0.12904897438909158,0.0065399867819857516,11,0.8796920356841768,0.16288336509263002,0.45964362620230315,1.0163612155684232,11,-0.040179934238335685,0.041112292538414884,-0.125,0.03550295857988173,11,-0.040179934238335685,0.041112292538414884,-0.125,0.03550295857988173,11,0.004793563349680482,0.040544201103444866,-0.0408244505524635,0.1045466810464859,11,-0.30566874417391693,0.5694252783156477,-1.0562896728515625,0.8508167266845703,11,0.13143982805989002,0.10438262663427038,0.0549659356474876,0.3499095439910888,11,0.12664626471020957,0.07055130709012156,0.070036880671978,0.274757444858551,11,26.060860200361773,2.396296129593046,21.573226928710938,29.27579498291016,11,25.755191456187855,2.0960498049161056,21.944011688232425,28.27617454528809,11
Specific,full_candidate,v4_bias_rec_best,lr,0.8152861157659047,0.06423309064588284,0.6743273542600897,0.8949804327378698,11,0.6410498069477178,0.24867835805697167,0.1938796560083464,0.8846708288299503,11,2.5368974870217462,1.3172467951060416,1.3709306356592676,5.5982750672410075,11,0.5929185551574462,0.22235783968886458,0.125,0.8036437246963563,11,0.5929185551574462,0.22235783968886458,0.125,0.8036437246963563,11,0.5922137977966789,0.2256170990226229,0.1666666666666666,0.8083526682134571,11,0.806043800369178,0.14201233566081395,0.5687830687830688,0.9865470852017936,11,0.3420532351400166,0.2116357055981574,0.0346320346320346,0.5926724137931034,11,0.3420532351400166,0.2116357055981574,0.0346320346320346,0.5926724137931034,11,5.413008015462591,8.207813353012334,0.6872727272727273,27.875,11,-0.010564712213297644,0.010641138868805645,-0.03303686199976652,0.004441555759164162,11,0.9728124499372396,0.03627213327658092,0.9027463166754821,1.0056973331960581,11,-0.0144880805321283,0.04204139907071889,-0.125,0.02427184466019411,11,-0.0144880805321283,0.04204139907071889,-0.125,0.02427184466019411,11,0.01753980856896798,0.0402968666162647,-0.0340547449886798,0.1203326880931854,11,-0.023205171931873655,0.06346798283056886,-0.137022852897644,0.0697411298751831,11,0.055952359160239,0.06671179093369467,-0.0074143707752227,0.2392956316471099,11,0.038412550591270994,0.031341842196562573,0.0059650815092027,0.1189629435539245,11,1.6178679249503396,0.08296633509817566,1.516535401344299,1.8324304819107056,11,1.5946627530184658,0.06834620269368434,1.475326418876648,1.6954076290130615,11
Specific,full_candidate,v4_bias_rec_best,mlp,0.8342198497339249,0.06674958818487968,0.6720852017937219,0.9170625042335568,11,0.6574227989293254,0.27998131592115905,0.0656555379452816,0.897663822160024,11,2.348433144193692,1.098561697456076,1.4318983644284002,5.02920522103458,11,0.602134338666668,0.2595250258002648,0.0,0.8124156545209177,11,0.602134338666668,0.2595250258002648,0.0,0.8124156545209177,11,0.592780263032945,0.2771979563902395,0.0,0.813525276196853,11,0.8300557813301203,0.13696753463352734,0.6187845303867403,1.0,11,0.3420532351400166,0.2116357055981574,0.0346320346320346,0.5926724137931034,11,0.3420532351400166,0.2116357055981574,0.0346320346320346,0.5926724137931034,11,5.413008015462591,8.207813353012334,0.6872727272727273,27.875,11,-0.007454105031208857,0.03761887792157559,-0.10632735631833999,0.019860648058256936,11,0.9432383250458162,0.19013322746691672,0.3817562102696238,1.0244161043088718,11,-0.01739521601842222,0.04516710518518151,-0.125,0.01619433198380571,11,-0.01739521601842222,0.04516710518518151,-0.125,0.01619433198380571,11,0.01753980856896798,0.0402968666162647,-0.0340547449886798,0.1203326880931854,11,-0.023205171931873655,0.06346798283056886,-0.137022852897644,0.0697411298751831,11,0.055952359160239,0.06671179093369467,-0.0074143707752227,0.2392956316471099,11,0.038412550591270994,0.031341842196562573,0.0059650815092027,0.1189629435539245,11,1.6178679249503396,0.08296633509817566,1.516535401344299,1.8324304819107056,11,1.5946627530184658,0.06834620269368434,1.475326418876648,1.6954076290130615,11
Specific,full_candidate,v4_plain_best,lr,0.8321845610084441,0.05109555155240349,0.7513473016969219,0.8951195638838659,11,0.6449971718761636,0.2477985368286828,0.2192600373482726,0.884820310293008,11,2.608178218501601,1.5030123551584538,1.372532322292176,6.331133578431378,11,0.6048642353324994,0.20699708324702773,0.25,0.8059415428845232,11,0.6048642353324994,0.20699708324702773,0.25,0.8059415428845232,11,0.5964961163883746,0.22726529288949326,0.1666666666666666,0.8130344349433788,11,0.8103826845882774,0.13460213675186541,0.6084656084656085,0.9865470852017936,11,0.3420532351400166,0.2116357055981574,0.0346320346320346,0.5926724137931034,11,0.3420532351400166,0.2116357055981574,0.0346320346320346,0.5926724137931034,11,5.413008015462591,8.207813353012334,0.6872727272727273,27.875,11,-0.00661734728485181,0.020381483673604265,-0.04220097484299229,0.035079108394162506,11,0.9841491294200219,0.04507271368851875,0.8982331056893506,1.0478194090581283,11,-0.0025424003570749306,0.022576951358226047,-0.06428571428571428,0.02127659574468077,11,-0.0025424003570749306,0.022576951358226047,-0.06428571428571428,0.02127659574468077,11,0.011638616804372164,0.02515710921191103,-0.0185732152312994,0.0691885501146316,11,-0.008657466281544065,0.04318932942204706,-0.076849341392517,0.0522575378417968,11,0.04388912860304112,0.044353537866338874,0.0099080307409167,0.1642069369554519,11,0.03225051179866895,0.024711117749848473,0.0112087083980441,0.0950183868408203,11,1.5977426984093406,0.059858897192970245,1.5031533241271973,1.7294590473175049,11,1.5890852321277966,0.06204115921898664,1.4337899684906006,1.656102180480957,11
Specific,full_candidate,v4_plain_best,mlp,0.8459552121577314,0.043486576608274694,0.7690934540252565,0.9095394736842106,11,0.6643819413124956,0.26657818469650746,0.1108460160262086,0.8951685330908802,11,2.4832740289805164,1.0990414745222168,1.4216260155933214,4.956578639869536,11,0.6029873306369252,0.2541913745954902,0.0,0.8110661268556005,11,0.6029873306369252,0.2541913745954902,0.0,0.8110661268556005,11,0.589584531184778,0.2740568908164313,0.0,0.8060801473975127,11,0.8355186586221494,0.14915329334227886,0.5661375661375662,1.0,11,0.3420532351400166,0.2116357055981574,0.0346320346320346,0.5926724137931034,11,0.3420532351400166,0.2116357055981574,0.0346320346320346,0.5926724137931034,11,5.413008015462591,8.207813353012334,0.6872727272727273,27.875,11,-0.0004949626480387228,0.03146632678046506,-0.061136878237413,0.03493430690310051,11,0.9751488671455654,0.12206178368127885,0.6445176800914854,1.0794341720856202,11,-0.01654222404816493,0.046309637793022426,-0.125,0.02127659574468077,11,-0.01654222404816493,0.046309637793022426,-0.125,0.02127659574468077,11,0.011638616804372164,0.02515710921191103,-0.0185732152312994,0.0691885501146316,11,-0.008657466281544065,0.04318932942204706,-0.076849341392517,0.0522575378417968,11,0.04388912860304112,0.044353537866338874,0.0099080307409167,0.1642069369554519,11,0.03225051179866895,0.024711117749848473,0.0112087083980441,0.0950183868408203,11,1.5977426984093406,0.059858897192970245,1.5031533241271973,1.7294590473175049,11,1.5890852321277966,0.06204115921898664,1.4337899684906006,1.656102180480957,11
Specific,full_candidate,v4_type_pe_best,lr,0.8271816758593651,0.047846111423039475,0.7539494129834254,0.8929699210019576,11,0.6444944454453986,0.2582794766176017,0.1644997225126816,0.8833061656643608,11,2.481915990711,1.1523544270644708,1.3983715879879173,4.749929487553686,11,0.608055230268694,0.20069065651412388,0.25,0.8040249161475802,11,0.608055230268694,0.20069065651412388,0.25,0.8040249161475802,11,0.5803099786123294,0.2633948159893607,0.0,0.8111469368954399,11,0.8091529520893016,0.14202504338575667,0.5846560846560847,0.9865470852017936,11,0.3420532351400166,0.2116357055981574,0.0346320346320346,0.5926724137931034,11,0.3420532351400166,0.2116357055981574,0.0346320346320346,0.5926724137931034,11,5.413008015462591,8.207813353012334,0.6872727272727273,27.875,11,-0.007120073715616815,0.02202720004610127,-0.04942161802533471,0.021123558928789032,11,0.9681744870534114,0.07528905300646259,0.7689729416380883,1.028795375692825,11,0.0006485945791195829,0.013716022852993243,-0.021428571428571408,0.029787234042553123,11,0.0006485945791195829,0.013716022852993243,-0.021428571428571408,0.029787234042553123,11,0.011183434758674,0.029888814805757752,-0.0235254988074302,0.079059399664402,11,-0.011893565004522162,0.049362845388329184,-0.0888906717300415,0.0616489648818969,11,0.050990574485198975,0.05160923326171455,0.0147127034142613,0.1960390657186508,11,0.039807139726524964,0.029710610318263775,0.0113540021702647,0.1169796660542488,11,1.6115868199955334,0.05566767687281978,1.535374641418457,1.7352479696273804,11,1.5996932549910112,0.06156662206507744,1.4464839696884155,1.6745426654815674,11
Specific,full_candidate,v4_type_pe_best,mlp,0.8413489838914866,0.04912790586692219,0.7623318385650224,0.908807068346542,11,0.6668285828410192,0.2714037608880055,0.0984319864888579,0.8940387676998692,11,2.4417283895522646,0.9962562002264133,1.4483813938689607,4.507818984896816,11,0.6207574427354692,0.22356278659852538,0.125,0.8063427800269906,11,0.6207574427354692,0.22356278659852538,0.125,0.8063427800269906,11,0.587498909475296,0.2689404283682381,0.0,0.8152346406710497,11,0.8302537449822881,0.15068236002845073,0.5793650793650794,1.0,11,0.3420532351400166,0.2116357055981574,0.0346320346320346,0.5926724137931034,11,0.3420532351400166,0.2116357055981574,0.0346320346320346,0.5926724137931034,11,5.413008015462591,8.207813353012334,0.6872727272727273,27.875,11,0.0019516788804849093,0.04523589185069371,-0.0876128554026141,0.058660914996935265,11,0.9740904238152402,0.1589631075674139,0.5723359111399636,1.130250889999233,11,0.0012278880503790496,0.037211452111574395,-0.08571428571428569,0.05339805825242716,11,0.0012278880503790496,0.037211452111574395,-0.08571428571428569,0.05339805825242716,11,0.011183434758674,0.029888814805757752,-0.0235254988074302,0.079059399664402,11,-0.011893565004522162,0.049362845388329184,-0.0888906717300415,0.0616489648818969,11,0.050990574485198975,0.05160923326171455,0.0147127034142613,0.1960390657186508,11,0.039807139726524964,0.029710610318263775,0.0113540021702647,0.1169796660542488,11,1.6115868199955334,0.05566767687281978,1.535374641418457,1.7352479696273804,11,1.5996932549910112,0.06156662206507744,1.4464839696884155,1.6745426654815674,11
Specific,tf_stratified_1to10,baseline,lr,0.7520076539552925,0.07155841175721202,0.61875,0.848102245321709,11,0.6431588040584101,0.2552264625987584,0.1660141287141086,0.888307240699563,11,1.6294837953134014,0.28748166743621206,1.3747413822064967,2.3639081051894126,11,0.607700144140641,0.19849736475977586,0.25,0.7989203778677463,11,0.607700144140641,0.19849736475977586,0.25,0.7989203778677463,11,0.5779243833253112,0.2638640919412395,0.0,0.8049849988460651,11,0.738728660788016,0.13929905715339902,0.5494791666666666,0.975,11,0.41470558202166213,0.1945652318522682,0.0909090909090909,0.6237298266586969,11,0.41470558202166213,0.1945652318522682,0.0909090909090909,0.6237298266586969,11,2.450967209944613,2.8430302198657245,0.603258265452803,10.0,11,0.0,0.0,0.0,0.0,11,1.0,0.0,1.0,1.0,11,0.0,0.0,0.0,0.0,11,0.0,0.0,0.0,0.0,11,0.01721544093875718,0.020921708121123286,-0.0058326576836407,0.0621111690998077,11,-0.001705120910297754,0.03352852565913455,-0.0847222805023193,0.0317708849906921,11,0.048006968869065636,0.041190982434806914,0.0058367825113236,0.1584547609090805,11,0.030791527930308427,0.026722955259721914,0.0072959270328283,0.0963435918092727,11,0.891999667341059,0.04882295492403333,0.8087942004203796,0.9931120276451112,11,0.8902945464307611,0.0382430605386517,0.8405650854110718,0.9524005651474,11
Specific,tf_stratified_1to10,baseline,mlp,0.7733926619437355,0.06326943353051764,0.6796875,0.8809631282322444,11,0.6688280216267327,0.24560172436682276,0.1747339252562236,0.8963609694221767,11,1.7406739943377885,0.4279227684990932,1.4020952540262466,2.547578737924142,11,0.6133032040705219,0.22130442414939927,0.125,0.8043184885290149,11,0.6133032040705219,0.22130442414939927,0.125,0.8043184885290149,11,0.5836942800346414,0.2734116591066454,0.0,0.8135259356533159,11,0.7797843628035249,0.15693178069616492,0.5977291159772912,1.0,11,0.41470558202166213,0.1945652318522682,0.0909090909090909,0.6237298266586969,11,0.41470558202166213,0.1945652318522682,0.0909090909090909,0.6237298266586969,11,2.450967209944613,2.8430302198657245,0.603258265452803,10.0,11,0.0,0.0,0.0,0.0,11,1.0,0.0,1.0,1.0,11,0.0,0.0,0.0,0.0,11,0.0,0.0,0.0,0.0,11,0.01721544093875718,0.020921708121123286,-0.0058326576836407,0.0621111690998077,11,-0.001705120910297754,0.03352852565913455,-0.0847222805023193,0.0317708849906921,11,0.048006968869065636,0.041190982434806914,0.0058367825113236,0.1584547609090805,11,0.030791527930308427,0.026722955259721914,0.0072959270328283,0.0963435918092727,11,0.891999667341059,0.04882295492403333,0.8087942004203796,0.9931120276451112,11,0.8902945464307611,0.0382430605386517,0.8405650854110718,0.9524005651474,11
Specific,tf_stratified_1to10,cl_scratch_v5,lr,0.751422812306427,0.06906585457004986,0.634375,0.8416538774036292,11,0.6436908747292373,0.24807803886502164,0.1702956219144549,0.8864144395304119,11,1.6455923958747447,0.28997152492906175,1.3414289129419,2.262586698958185,11,0.6042819864676154,0.1920051096991446,0.25,0.7955465587044535,11,0.6042819864676154,0.1920051096991446,0.25,0.7955465587044535,11,0.5967916731082797,0.21581655495061566,0.1818181818181818,0.8036044362292052,11,0.7312878284011668,0.14111779956459664,0.5729166666666666,0.975,11,0.41470558202166213,0.1945652318522682,0.0909090909090909,0.6237298266586969,11,0.41470558202166213,0.1945652318522682,0.0909090909090909,0.6237298266586969,11,2.450967209944613,2.8430302198657245,0.603258265452803,10.0,11,0.0005320706708271318,0.023427945377768482,-0.03174498711131524,0.04391703205149661,11,1.01054632388018,0.05361486945132582,0.9571381789297139,1.1494747821710058,11,-0.003418157673025567,0.02272202546821593,-0.051063829787234116,0.035502958579881616,11,-0.003418157673025567,0.02272202546821593,-0.051063829787234116,0.035502958579881616,11,0.01634177472442387,0.031694394276249,-0.0114728026092052,0.0967800766229629,11,0.0036291750994595635,0.030894943485059157,-0.0572061538696289,0.0436701774597168,11,0.04807439615780654,0.061567960786121534,0.0083787832409143,0.2209299206733703,11,0.03173262143338263,0.0357699125314396,0.0044799447059631,0.1241498440504074,11,1.6107247309251265,0.05395696068218223,1.514305830001831,1.7287898063659668,11,1.6143539060245862,0.06496207930922107,1.457099676132202,1.709033489227295,11
Specific,tf_stratified_1to10,cl_scratch_v5,mlp,0.7608882372533927,0.11662341728128883,0.4453125,0.8757141567469273,11,0.6715778101117604,0.2611842103368928,0.1139355627532664,0.8930503068463161,11,1.7039499434252088,0.4753922936642095,1.2532911902859305,2.7039320993904545,11,0.6279564834992358,0.1955820038094212,0.25,0.7997125059894585,11,0.6279564834992358,0.1955820038094212,0.25,0.7997125059894585,11,0.5820983723527041,0.26952850971026376,0.0,0.8130155820348305,11,0.7950909189974305,0.14842212091940343,0.6004765687053217,1.0,11,0.41470558202166213,0.1945652318522682,0.0909090909090909,0.6237298266586969,11,0.41470558202166213,0.1945652318522682,0.0909090909090909,0.6237298266586969,11,2.450967209944613,2.8430302198657245,0.603258265452803,10.0,11,0.002749788485027742,0.029475965343323716,-0.06079836250295721,0.027696717308076324,11,0.9812790797616402,0.11648614425084589,0.6520517557549019,1.066116966971065,11,0.014653279428713977,0.037997533664180246,-0.012135922330097082,0.125,11,0.014653279428713977,0.037997533664180246,-0.012135922330097082,0.125,11,0.01634177472442387,0.031694394276249,-0.0114728026092052,0.0967800766229629,11,0.0036291750994595635,0.030894943485059157,-0.0572061538696289,0.0436701774597168,11,0.04807439615780654,0.061567960786121534,0.0083787832409143,0.2209299206733703,11,0.03173262143338263,0.0357699125314396,0.0044799447059631,0.1241498440504074,11,1.6107247309251265,0.05395696068218223,1.514305830001831,1.7287898063659668,11,1.6143539060245862,0.06496207930922107,1.457099676132202,1.709033489227295,11
Specific,tf_stratified_1to10,cl_v6_fair,lr,0.7429972332270541,0.08063329302218776,0.6176305910797225,0.8436528714582339,11,0.6329189676522686,0.2643156610179544,0.16048316173316174,0.8871962049306631,11,1.5939852645279542,0.30609658369462384,1.3396493217061398,2.3413862159535554,11,0.5987617293837842,0.201323798654284,0.25,0.7958792525155726,11,0.5987617293837842,0.201323798654284,0.25,0.7958792525155726,11,0.5899418710729503,0.22577110947189727,0.16666666666666666,0.8066682102338504,11,0.7294590655867753,0.13564422135472526,0.5703125,0.9625,11,0.41470558202166213,0.1945652318522682,0.09090909090909091,0.6237298266586969,11,0.41470558202166213,0.1945652318522682,0.09090909090909091,0.6237298266586969,11,2.450967209944613,2.8430302198657245,0.603258265452803,10.0,11,-0.010239836406141482,0.036464686390999035,-0.08496866203133513,0.03862386589277533,11,0.9791850218631315,0.07876468115284961,0.80779261046288,1.1085517001134138,11,-0.00893841475685671,0.026527226610589837,-0.05917159763313612,0.02857142857142858,11,-0.00893841475685671,0.026527226610589837,-0.05917159763313612,0.02857142857142858,11,0.01946332607820461,0.02966137624596999,-0.009567562490701675,0.09597253054380417,11,0.0007236328991976651,0.03031838683316964,-0.054668545722961426,0.052837252616882324,11,0.050244958817281506,0.06102404458903119,0.006655216217041016,0.2202570140361786,11,0.0307816327390769,0.03602444905709235,0.0006143979844637215,0.12428448349237442,11,1.3550800735300237,0.050051551493300206,1.2792330980300903,1.4643938541412354,11,1.3558037064292214,0.053194478846422116,1.2271215915679932,1.4300401210784912,11
Specific,tf_stratified_1to10,cl_v6_fair,mlp,0.7590399379897298,0.11214180478904914,0.475,0.8746372793046081,11,0.6698518243697289,0.2658448879305,0.11793214649683421,0.9002405982925992,11,1.699325813367574,0.4914307892848161,1.2972536114651763,2.7702429325136007,11,0.619317006227943,0.21972941917335104,0.125,0.8070175438596491,11,0.619317006227943,0.21972941917335104,0.125,0.8070175438596491,11,0.5794602860174662,0.28142313466824986,0.0,0.8102331606217616,11,0.7851888891784049,0.15393883134855954,0.5966850828729282,1.0,11,0.41470558202166213,0.1945652318522682,0.09090909090909091,0.6237298266586969,11,0.41470558202166213,0.1945652318522682,0.09090909090909091,0.6237298266586969,11,2.450967209944613,2.8430302198657245,0.603258265452803,10.0,11,0.001023802742996179,0.03173225889144462,-0.056801778759389396,0.037288262251823245,11,0.9763818450456321,0.11136953900416695,0.6749241529594364,1.087402281733162,11,0.006013802157421033,0.0240660589287443,-0.019417475728155276,0.0714285714285714,11,0.006013802157421033,0.0240660589287443,-0.019417475728155276,0.0714285714285714,11,0.01946332607820461,0.02966137624596999,-0.009567562490701675,0.09597253054380417,11,0.0007236328991976651,0.03031838683316964,-0.054668545722961426,0.052837252616882324,11,0.050244958817281506,0.06102404458903119,0.006655216217041016,0.2202570140361786,11,0.0307816327390769,0.03602444905709235,0.0006143979844637215,0.12428448349237442,11,1.3550800735300237,0.050051551493300206,1.2792330980300903,1.4643938541412354,11,1.3558037064292214,0.053194478846422116,1.2271215915679932,1.4300401210784912,11
Specific,tf_stratified_1to10,minus,lr,0.7478140478528222,0.08484880121156915,0.5890625,0.8340963902036395,11,0.6384968667335521,0.2694613143949788,0.1422122179196406,0.8881406365601815,11,1.588811917756078,0.27924704068805545,1.4177460183450874,2.3571773917014935,11,0.5938594043150364,0.23023358010550946,0.125,0.8011499760421658,11,0.5938594043150364,0.23023358010550946,0.125,0.8011499760421658,11,0.5909888240422763,0.23489994073379952,0.1333333333333333,0.8084617153368591,11,0.7362608101512307,0.1232036331837112,0.5939226519337016,0.925,11,0.41470558202166213,0.1945652318522682,0.0909090909090909,0.6237298266586969,11,0.41470558202166213,0.1945652318522682,0.0909090909090909,0.6237298266586969,11,2.450967209944613,2.8430302198657245,0.603258265452803,10.0,11,-0.004661937324857996,0.027187194186075948,-0.06415108832158412,0.03187093767331117,11,0.9779102132461776,0.06544079655814905,0.854883989844283,1.0393693298141318,11,-0.013840739825604631,0.04053647164182643,-0.125,0.027272727272727226,11,-0.013840739825604631,0.04053647164182643,-0.125,0.027272727272727226,11,0.02379320036958561,0.025425346611068694,0.0033295527100563,0.094291515648365,11,0.001852241429415609,0.01798849592743966,-0.0332222580909729,0.0244727134704589,11,0.05084581402215087,0.05126735133576229,0.0225923359394073,0.1951162070035934,11,0.027052613652565227,0.027924871750907094,0.0057072076015174,0.1008246913552284,11,0.8124185258691962,0.02110942645739946,0.7876096963882446,0.8697206974029541,11,0.8142707672986117,0.024871150848357376,0.7632118463516235,0.8620618581771851,11
Specific,tf_stratified_1to10,minus,mlp,0.7588868006177155,0.11884776191264493,0.4453125,0.8639394369285134,11,0.6684020307284899,0.262389382367427,0.1244370459419378,0.8956890450483871,11,1.688107695092011,0.3941647182113073,1.368807505361316,2.513398572084833,11,0.6261685409515607,0.20080429912519046,0.25,0.8021082894106373,11,0.6261685409515607,0.20080429912519046,0.25,0.8021082894106373,11,0.5827213204389713,0.2716212171030543,0.0,0.8099019149929939,11,0.7967125166337765,0.13285349880949796,0.6338363780778395,1.0,11,0.41470558202166213,0.1945652318522682,0.0909090909090909,0.6237298266586969,11,0.41470558202166213,0.1945652318522682,0.0909090909090909,0.6237298266586969,11,2.450967209944613,2.8430302198657245,0.603258265452803,10.0,11,-0.00042599089824275275,0.027731563855883885,-0.05029687931428581,0.0392100520947648,11,0.9774392708695854,0.09288612963677784,0.712151608564094,1.049999782724207,11,0.012865336881038813,0.04194770765852459,-0.035502958579881616,0.125,11,0.012865336881038813,0.04194770765852459,-0.035502958579881616,0.125,11,0.02379320036958561,0.025425346611068694,0.0033295527100563,0.094291515648365,11,0.001852241429415609,0.01798849592743966,-0.0332222580909729,0.0244727134704589,11,0.05084581402215087,0.05126735133576229,0.0225923359394073,0.1951162070035934,11,0.027052613652565227,0.027924871750907094,0.0057072076015174,0.1008246913552284,11,0.8124185258691962,0.02110942645739946,0.7876096963882446,0.8697206974029541,11,0.8142707672986117,0.024871150848357376,0.7632118463516235,0.8620618581771851,11
Specific,tf_stratified_1to10,scGPT_human,lr,0.7273430512809645,0.08014742416325961,0.5578125,0.8198046453386094,11,0.6279356820897095,0.24120230734263964,0.2125476600051172,0.8802591072152888,11,1.627342867524691,0.3279228048421105,1.359281490861447,2.3380242600562897,11,0.6016951465887429,0.17671431946648153,0.3428571428571428,0.8001916626736943,11,0.6016951465887429,0.17671431946648153,0.3428571428571428,0.8001916626736943,11,0.5913109179012236,0.2033620877945375,0.2,0.8017723880597015,11,0.7240859765595113,0.1289302260945755,0.5729166666666666,0.9875,11,0.41470558202166213,0.1945652318522682,0.0909090909090909,0.6237298266586969,11,0.41470558202166213,0.1945652318522682,0.0909090909090909,0.6237298266586969,11,2.450967209944613,2.8430302198657245,0.603258265452803,10.0,11,-0.015223121968700544,0.03851874152483765,-0.08517969487418597,0.04653353129100862,11,0.9995939287266308,0.10815231575380008,0.8849910750407083,1.2802986206742897,11,-0.00600499755189812,0.05329242929587021,-0.08085106382978724,0.125,11,-0.00600499755189812,0.05329242929587021,-0.08085106382978724,0.125,11,0.013410903090103092,0.027722090723433943,-0.0141693027690052,0.0867465808987617,11,-0.02367427132346408,0.03155049270969521,-0.1004889011383056,0.0152285099029541,11,0.04036730714142319,0.051137706307580175,0.0111490590497851,0.1865173876285553,11,0.02695640405132007,0.026401450630340783,0.0084713380783796,0.0997708067297935,11,2.1845456036654385,0.041708697964814946,2.1096649169921875,2.2363386154174805,11,2.1608713323419746,0.05778146169726342,2.0112392902374268,2.2062137126922607,11
Specific,tf_stratified_1to10,scGPT_human,mlp,0.774167176684135,0.08218424718654664,0.5921875,0.8861540644062987,11,0.6861186127935534,0.23909286038384817,0.2289059433791244,0.8984595040796041,11,1.8191982015682873,0.45760204344614336,1.4343493881509461,2.6002218992360753,11,0.6230116972684817,0.22265247323661938,0.125,0.8073790129372305,11,0.6230116972684817,0.22265247323661938,0.125,0.8073790129372305,11,0.5897912297399073,0.27582363563080314,0.0,0.8152629129827826,11,0.7903459507565209,0.14861661810737054,0.6354249404289118,1.0,11,0.41470558202166213,0.1945652318522682,0.0909090909090909,0.6237298266586969,11,0.41470558202166213,0.1945652318522682,0.0909090909090909,0.6237298266586969,11,2.450967209944613,2.8430302198657245,0.603258265452803,10.0,11,0.017290591166820655,0.02551788246310697,-0.025949460766632904,0.056799001213870826,11,1.0468265664896417,0.09992201577808393,0.9391754417132169,1.310025760844466,11,0.009708493197959855,0.008059913864958294,-0.003759398496240629,0.02127659574468077,11,0.009708493197959855,0.008059913864958294,-0.003759398496240629,0.02127659574468077,11,0.013410903090103092,0.027722090723433943,-0.0141693027690052,0.0867465808987617,11,-0.02367427132346408,0.03155049270969521,-0.1004889011383056,0.0152285099029541,11,0.04036730714142319,0.051137706307580175,0.0111490590497851,0.1865173876285553,11,0.02695640405132007,0.026401450630340783,0.0084713380783796,0.0997708067297935,11,2.1845456036654385,0.041708697964814946,2.1096649169921875,2.2363386154174805,11,2.1608713323419746,0.05778146169726342,2.0112392902374268,2.2062137126922607,11
Specific,tf_stratified_1to10,scconcept,lr,0.6818526133754822,0.0952692198178816,0.4953125,0.8012999265851275,11,0.5916168005993897,0.23498310269960546,0.2466790700130247,0.8642325730413686,11,1.5671627336445135,0.5308259144290908,1.2555356224694205,3.0583378618865527,11,0.5612553133952146,0.20106559293290255,0.25,0.7896502156205079,11,0.5612553133952146,0.20106559293290255,0.25,0.7896502156205079,11,0.5664805168058188,0.20524968603546656,0.2222222222222222,0.7977813727755951,11,0.6935545209991976,0.1400057951147536,0.5442708333333334,1.0,11,0.41470558202166213,0.1945652318522682,0.0909090909090909,0.6237298266586969,11,0.41470558202166213,0.1945652318522682,0.0909090909090909,0.6237298266586969,11,2.450967209944613,2.8430302198657245,0.603258265452803,10.0,11,-0.05154200345902046,0.06897388852666546,-0.15483278998793815,0.1120165860028507,11,0.95962379268921,0.24729714011729545,0.787500253751553,1.6747412817842358,11,-0.0464448307454265,0.03462741404861423,-0.11914893617021283,0.0,11,-0.0464448307454265,0.03462741404861423,-0.11914893617021283,0.0,11,0.004187377698888813,0.006357495980735899,-0.0032471409067511,0.0177123947069048,11,-0.44348127191716974,0.708503207925789,-2.184854507446289,0.2672309875488281,11,0.009840067962861828,0.00842104532790348,0.0027314634062349,0.0272139217704534,11,0.005652690263972982,0.003141289801861707,0.0022278905380517,0.0121378889307379,11,31.120106610384855,0.5984189380875972,30.400297164916992,32.29415512084961,11,30.676625338467684,0.6443699461386575,29.31125259399414,31.919248580932617,11
Specific,tf_stratified_1to10,scconcept,mlp,0.7175246296254536,0.12193514163396618,0.4109375,0.8335418305626845,11,0.632991911052395,0.2552453349397133,0.1346878907256266,0.882420480397195,11,1.5978945391999333,0.34514436508539936,1.3204601364501154,2.3789462945872732,11,0.5894277534052823,0.22490831817927437,0.125,0.8059415428845232,11,0.5894277534052823,0.22490831817927437,0.125,0.8059415428845232,11,0.5463115785886967,0.2951915055811425,0.0,0.809313154831199,11,0.7523877649002678,0.17933623056849535,0.5052083333333334,1.0,11,0.41470558202166213,0.1945652318522682,0.0909090909090909,0.6237298266586969,11,0.41470558202166213,0.1945652318522682,0.0909090909090909,0.6237298266586969,11,2.450967209944613,2.8430302198657245,0.603258265452803,10.0,11,-0.03583611057433761,0.040616593522044525,-0.12154308685914866,0.03602499067129472,11,0.9284967989619414,0.10061344584563474,0.7593872086433721,1.0886055676352966,11,-0.0238754506652395,0.03552300607858525,-0.1092233009708738,0.023668639053254503,11,-0.0238754506652395,0.03552300607858525,-0.1092233009708738,0.023668639053254503,11,0.004187377698888813,0.006357495980735899,-0.0032471409067511,0.0177123947069048,11,-0.44348127191716974,0.708503207925789,-2.184854507446289,0.2672309875488281,11,0.009840067962861828,0.00842104532790348,0.0027314634062349,0.0272139217704534,11,0.005652690263972982,0.003141289801861707,0.0022278905380517,0.0121378889307379,11,31.120106610384855,0.5984189380875972,30.400297164916992,32.29415512084961,11,30.676625338467684,0.6443699461386575,29.31125259399414,31.919248580932617,11
Specific,tf_stratified_1to10,scconcept_encoded,lr,0.684175893687171,0.1311780778982317,0.34375,0.8058366916799903,11,0.5841748039544868,0.2703894324670419,0.073944268950404,0.8704085634290306,11,1.3914523559343637,0.25978648461264925,0.8133869584544441,1.8697345198812503,11,0.5499648410122043,0.24728510895012606,0.0,0.7872544321993292,11,0.5499648410122043,0.24728510895012606,0.0,0.7872544321993292,11,0.5536438402886223,0.2532791421243194,0.0,0.8002764340013822,11,0.7018033268658402,0.13325546579140782,0.5416666666666666,0.95,11,0.41470558202166213,0.1945652318522682,0.0909090909090909,0.6237298266586969,11,0.41470558202166213,0.1945652318522682,0.0909090909090909,0.6237298266586969,11,2.450967209944613,2.8430302198657245,0.603258265452803,10.0,11,-0.05898400010392325,0.0487792596853123,-0.1548294154204608,-0.0040155934219704426,11,0.8674480237626494,0.161724535038759,0.44540949329525287,0.9954077281711526,11,-0.057735303128436714,0.06979329202360045,-0.25,-0.006696428571428603,11,-0.057735303128436714,0.06979329202360045,-0.25,-0.006696428571428603,11,-0.006349170072512172,0.03271728737824813,-0.057388536632061,0.0615658164024353,11,-0.6088945215398615,0.4386302751586089,-1.2572288513183594,0.2601566314697265,11,0.13143982805989002,0.10438262663427038,0.0549659356474876,0.3499095439910888,11,0.1377889981324022,0.08744175742621589,0.0508139505982399,0.311111569404602,11,26.060860200361773,2.396296129593046,21.573226928710938,29.27579498291016,11,25.45196567882191,2.3656244120179113,21.106922149658203,28.50485038757324,11
Specific,tf_stratified_1to10,scconcept_encoded,mlp,0.7228702861564064,0.08660880289343488,0.515625,0.8242948709681579,11,0.6137309683201129,0.26028316585209277,0.1146257067641871,0.8581374891990217,11,1.519481630210035,0.31042258728597427,1.2608827744060582,2.3013978063757112,11,0.5856931052240654,0.21280277903231334,0.125,0.7824628653569717,11,0.5856931052240654,0.21280277903231334,0.125,0.7824628653569717,11,0.5578387656510141,0.2818788974345134,0.0,0.8030472776159534,11,0.7296221534436708,0.1872493391056734,0.4921875,1.0,11,0.41470558202166213,0.1945652318522682,0.0909090909090909,0.6237298266586969,11,0.41470558202166213,0.1945652318522682,0.0909090909090909,0.6237298266586969,11,2.450967209944613,2.8430302198657245,0.603258265452803,10.0,11,-0.05509705330661976,0.036422731633208145,-0.11927384516514694,-0.010288169464209795,11,0.8873937345195521,0.11483501876015613,0.6560014410258571,0.9780869262554321,11,-0.02761009884645649,0.031477363331398084,-0.0898058252427184,0.03550295857988173,11,-0.02761009884645649,0.031477363331398084,-0.0898058252427184,0.03550295857988173,11,-0.006349170072512172,0.03271728737824813,-0.057388536632061,0.0615658164024353,11,-0.6088945215398615,0.4386302751586089,-1.2572288513183594,0.2601566314697265,11,0.13143982805989002,0.10438262663427038,0.0549659356474876,0.3499095439910888,11,0.1377889981324022,0.08744175742621589,0.0508139505982399,0.311111569404602,11,26.060860200361773,2.396296129593046,21.573226928710938,29.27579498291016,11,25.45196567882191,2.3656244120179113,21.106922149658203,28.50485038757324,11
Specific,tf_stratified_1to10,v4_bias_rec_best,lr,0.7261126692956702,0.12463160195194033,0.4046875,0.834154425514902,11,0.6270704514778035,0.26891458563689824,0.0924815459353176,0.8880676373791181,11,1.530276188911793,0.30874804493307023,1.0172970052884938,2.25964792932736,11,0.5925756967709928,0.2261538187719516,0.125,0.7968375658840441,11,0.5925756967709928,0.2261538187719516,0.125,0.7968375658840441,11,0.5790124690453875,0.26090083206428616,0.0,0.8069444444444445,11,0.7363176121994267,0.12399912687666109,0.5989583333333334,0.9375,11,0.41470558202166213,0.1945652318522682,0.0909090909090909,0.6237298266586969,11,0.41470558202166213,0.1945652318522682,0.0909090909090909,0.6237298266586969,11,2.450967209944613,2.8430302198657245,0.603258265452803,10.0,11,-0.016088352580606605,0.029463295913411215,-0.07353258277879099,0.016773210637524905,11,0.9458567681123071,0.13468493227832173,0.5570703328183544,1.0420470522694096,11,-0.015124447369648302,0.04264330699643725,-0.125,0.044642857142857095,11,-0.015124447369648302,0.04264330699643725,-0.125,0.044642857142857095,11,0.020846191222186772,0.03552901454342706,-0.0406849384307861,0.1030500531196594,11,-0.0064125277779319085,0.05748653642950321,-0.1165970563888549,0.0550692081451416,11,0.055952359160239,0.06671179093369467,-0.0074143707752227,0.2392956316471099,11,0.03510616793805219,0.03878429272934472,0.0030655788723379,0.1362455785274505,11,1.6178679249503396,0.08296633509817566,1.516535401344299,1.8324304819107056,11,1.6114553971724077,0.07725793403835327,1.4759591817855835,1.735071897506714,11
Specific,tf_stratified_1to10,v4_bias_rec_best,mlp,0.7510897419290455,0.14193067510334767,0.3625,0.8840518964650048,11,0.669744674456934,0.26783884143875897,0.0795895570793111,0.8934692055477889,11,1.6748149452080958,0.526796705738148,0.8754851278724223,2.741092307935985,11,0.6096248139867423,0.253005173050818,0.0,0.8059415428845232,11,0.6096248139867423,0.253005173050818,0.0,0.8059415428845232,11,0.5908940345206556,0.2738612360310777,0.0,0.814290312198262,11,0.7907006084593551,0.14580136095394847,0.61248654467169,1.0,11,0.41470558202166213,0.1945652318522682,0.0909090909090909,0.6237298266586969,11,0.41470558202166213,0.1945652318522682,0.0909090909090909,0.6237298266586969,11,2.450967209944613,2.8430302198657245,0.603258265452803,10.0,11,0.0009166528302012904,0.038599265334546586,-0.0951443681769125,0.03409368021280523,11,0.9663137250319539,0.1752557037532161,0.455490008380478,1.083855396815938,11,-0.0036783900837796053,0.04297177953665251,-0.125,0.0357142857142857,11,-0.0036783900837796053,0.04297177953665251,-0.125,0.0357142857142857,11,0.020846191222186772,0.03552901454342706,-0.0406849384307861,0.1030500531196594,11,-0.0064125277779319085,0.05748653642950321,-0.1165970563888549,0.0550692081451416,11,0.055952359160239,0.06671179093369467,-0.0074143707752227,0.2392956316471099,11,0.03510616793805219,0.03878429272934472,0.0030655788723379,0.1362455785274505,11,1.6178679249503396,0.08296633509817566,1.516535401344299,1.8324304819107056,11,1.6114553971724077,0.07725793403835327,1.4759591817855835,1.735071897506714,11
Specific,tf_stratified_1to10,v4_plain_best,lr,0.746664656895632,0.07526566565892633,0.6385315263727175,0.8418602251770076,11,0.6348042358436055,0.26023281782591384,0.1402137455822983,0.8879760768151683,11,1.591670576396646,0.291512137278597,1.3848869241863297,2.3335905155546945,11,0.593940585605096,0.226077491942896,0.125,0.8011499760421658,11,0.593940585605096,0.226077491942896,0.125,0.8011499760421658,11,0.5808533034124856,0.2612219168613083,0.0,0.8130659767141009,11,0.7384909327367513,0.13186261375407818,0.5939226519337016,0.9625,11,0.41470558202166213,0.1945652318522682,0.0909090909090909,0.6237298266586969,11,0.41470558202166213,0.1945652318522682,0.0909090909090909,0.6237298266586969,11,2.450967209944613,2.8430302198657245,0.603258265452803,10.0,11,-0.008354568214804571,0.030794740782345113,-0.06483578618980967,0.029529263593703114,11,0.978994246069612,0.07553504788908565,0.844589232665607,1.1005049757953436,11,-0.013759558535544997,0.04265757823798892,-0.125,0.023636363636363678,11,-0.013759558535544997,0.04265757823798892,-0.125,0.023636363636363678,11,0.015865769194947,0.02199055408791073,-0.0082962783053517,0.0648046731948852,11,-0.0022896311499855816,0.03987051918514817,-0.0895177125930786,0.0496836900711059,11,0.04388912860304112,0.044353537866338874,0.0099080307409167,0.1642069369554519,11,0.028023359408094087,0.02721719262292932,0.0051546199247241,0.0994022637605667,11,1.5977426984093406,0.059858897192970245,1.5031533241271973,1.7294590473175049,11,1.595453067259355,0.07093058463202628,1.4136356115341189,1.6860110759735107,11
Specific,tf_stratified_1to10,v4_plain_best,mlp,0.7642963890599717,0.08696209906830371,0.5625,0.8741729968145062,11,0.6806095229546811,0.23354011500888863,0.2251608848667672,0.8907731763227164,11,1.8200074807094295,0.5177762262675494,1.4069301401191447,2.7969757760613363,11,0.6296185689424191,0.18890499874942757,0.25,0.7968960863697706,11,0.6296185689424191,0.18890499874942757,0.25,0.7968960863697706,11,0.5905519281338867,0.2684764624464346,0.0,0.8061257738677093,11,0.7865853474036372,0.15149868384237922,0.6041666666666666,1.0,11,0.41470558202166213,0.1945652318522682,0.0909090909090909,0.6237298266586969,11,0.41470558202166213,0.1945652318522682,0.0909090909090909,0.6237298266586969,11,2.450967209944613,2.8430302198657245,0.603258265452803,10.0,11,0.011781501327948491,0.02072616576621028,-0.018154801445681046,0.05042695961054358,11,1.0399318483779554,0.08920708291377426,0.9640598444119419,1.2885928392932242,11,0.01631536487189718,0.03991351719933415,-0.011278195488721776,0.125,11,0.01631536487189718,0.03991351719933415,-0.011278195488721776,0.125,11,0.015865769194947,0.02199055408791073,-0.0082962783053517,0.0648046731948852,11,-0.0022896311499855816,0.03987051918514817,-0.0895177125930786,0.0496836900711059,11,0.04388912860304112,0.044353537866338874,0.0099080307409167,0.1642069369554519,11,0.028023359408094087,0.02721719262292932,0.0051546199247241,0.0994022637605667,11,1.5977426984093406,0.059858897192970245,1.5031533241271973,1.7294590473175049,11,1.595453067259355,0.07093058463202628,1.4136356115341189,1.6860110759735107,11
Specific,tf_stratified_1to10,v4_type_pe_best,lr,0.745916286030311,0.08999593897473536,0.5390625,0.8435883877790531,11,0.6479101327602913,0.24979947324873195,0.2156964892939196,0.8887602014190799,11,1.676204577745304,0.3578837236570227,1.3939164626594647,2.3726613822331157,11,0.5991401167454425,0.22141762323703357,0.125,0.7968960863697706,11,0.5991401167454425,0.22141762323703357,0.125,0.7968960863697706,11,0.6026348078442556,0.21621252773915853,0.2,0.8081087307072103,11,0.7433697950591704,0.1372278944497321,0.6028594122319301,0.9875,11,0.41470558202166213,0.1945652318522682,0.0909090909090909,0.6237298266586969,11,0.41470558202166213,0.1945652318522682,0.0909090909090909,0.6237298266586969,11,2.450967209944613,2.8430302198657245,0.603258265452803,10.0,11,0.004751328701881174,0.020375104081787204,-0.029134872724727978,0.049682360579811014,11,1.02630448799415,0.09430865547501831,0.9340940801344967,1.299265857458244,11,-0.008560027395198505,0.041842551858751485,-0.125,0.033482142857142794,11,-0.008560027395198505,0.041842551858751485,-0.125,0.033482142857142794,11,0.015447450463067381,0.024392209181852084,-0.0049962131306529,0.0688293725252151,11,-0.000631895932284282,0.0442582175058738,-0.0979468822479248,0.0574567317962646,11,0.050990574485198975,0.05160923326171455,0.0147127034142613,0.1960390657186508,11,0.035543124022131556,0.03346440927712401,0.0103600211441516,0.1272096931934356,11,1.6115868199955334,0.05566767687281978,1.535374641418457,1.7352479696273804,11,1.610954924063249,0.06957275550108105,1.4374277591705322,1.702964186668396,11
Specific,tf_stratified_1to10,v4_type_pe_best,mlp,0.7644717691722438,0.10623480444650235,0.4859375,0.87560453449232,11,0.6699392895167366,0.2646942255615238,0.0922328746605798,0.8946504804425784,11,1.6765975552075696,0.4567119567542792,1.014561621266378,2.5162003621780284,11,0.6073676752686737,0.25350992134659855,0.0,0.80067081935793,11,0.6073676752686737,0.25350992134659855,0.0,0.80067081935793,11,0.5961099210710014,0.2676211544274012,0.0,0.8072487644151565,11,0.7813932316517008,0.14875968471979206,0.56353591160221,1.0,11,0.41470558202166213,0.1945652318522682,0.0909090909090909,0.6237298266586969,11,0.41470558202166213,0.1945652318522682,0.0909090909090909,0.6237298266586969,11,2.450967209944613,2.8430302198657245,0.603258265452803,10.0,11,0.0011112678900039737,0.03201975332362867,-0.0825010505956438,0.03982734413691913,11,0.9708492795373164,0.1504558507119423,0.5278475517867112,1.097957677959093,11,-0.005935528801848091,0.04210451696523373,-0.125,0.029585798816568087,11,-0.005935528801848091,0.04210451696523373,-0.125,0.029585798816568087,11,0.015447450463067381,0.024392209181852084,-0.0049962131306529,0.0688293725252151,11,-0.000631895932284282,0.0442582175058738,-0.0979468822479248,0.0574567317962646,11,0.050990574485198975,0.05160923326171455,0.0147127034142613,0.1960390657186508,11,0.035543124022131556,0.03346440927712401,0.0103600211441516,0.1272096931934356,11,1.6115868199955334,0.05566767687281978,1.535374641418457,1.7352479696273804,11,1.610954924063249,0.06957275550108105,1.4374277591705322,1.702964186668396,11
