[2026-05-28 13:19:07] ======================================================================
[2026-05-28 13:19:07] GRN BEELINE Full Benchmark - Embedding Only
[2026-05-28 13:19:07] ======================================================================
[2026-05-28 13:24:52] ======================================================================
[2026-05-28 13:24:52] GRN BEELINE Full Benchmark - Embedding Only
[2026-05-28 13:24:52] ======================================================================
[2026-05-28 13:24:52] Vocab: 60697 genes
[2026-05-28 13:24:52] Loaded minus: (60697, 256)
[2026-05-28 13:24:52] Loaded baseline: (60697, 256)
[2026-05-28 13:24:52] Loaded scGPT_human: (60697, 512)
[2026-05-28 13:24:52] Loaded v4_bias_rec_best: (60697, 256)
[2026-05-28 13:24:52] Loaded v4_plain_best: (60697, 256)
[2026-05-28 13:24:52] Loaded v4_type_pe_best: (60697, 256)
[2026-05-28 13:24:52] Loaded scconcept: (60697, 512)
[2026-05-28 13:24:52] Loaded scconcept_encoded: (60697, 512)
[2026-05-28 13:24:52] SKIP embedding GF-12L95M: [Errno 2] No such file or directory: '/root/autodl-tmp/projects/comparison-SC-embedding/gene_embeddings/intersect/GF-12L95M/GF-12L95M_emb.csv'
[2026-05-28 13:24:52] BEELINE data already present.
[2026-05-28 13:24:52] 
--- Part 1: scGREAT pre-processed datasets ---
[2026-05-28 13:24:52] 
--- Part 2: BEELINE datasets (from raw data) ---
[2026-05-28 13:24:52] 
  Cell type: hESC (human), networks: ['Specific', 'Non-Specific', 'STRING']
[2026-05-28 13:24:54] 
======================================================================
[2026-05-28 13:24:54] Dataset: hESC_Specific_500 (500 genes)
[2026-05-28 13:24:54] ======================================================================
[2026-05-28 13:24:54] Train: 3446 (pos=539)
[2026-05-28 13:24:54] Test:  1051 (pos=173)
[2026-05-28 13:24:54] 
Embedding            Clf       Coverage    AUROC    AUPRC
[2026-05-28 13:24:54] ------------------------------------------------------------
[2026-05-28 13:24:55] minus                lr         442/500  0.7773  0.3766
[2026-05-28 13:25:00] minus                mlp        442/500  0.8029  0.4060
[2026-05-28 13:25:00] baseline             lr         442/500  0.8162  0.4474
[2026-05-28 13:25:03] baseline             mlp        442/500  0.8259  0.3922
[2026-05-28 13:25:04] scGPT_human          lr         442/500  0.7600  0.3795
[2026-05-28 13:25:08] scGPT_human          mlp        442/500  0.8367  0.4852
[2026-05-28 13:25:09] v4_bias_rec_best     lr         442/500  0.8162  0.4341
[2026-05-28 13:25:13] v4_bias_rec_best     mlp        442/500  0.8026  0.3856
[2026-05-28 13:25:14] v4_plain_best        lr         442/500  0.7904  0.4069
[2026-05-28 13:25:17] v4_plain_best        mlp        442/500  0.8349  0.4684
[2026-05-28 13:25:18] v4_type_pe_best      lr         442/500  0.8006  0.3959
[2026-05-28 13:25:20] v4_type_pe_best      mlp        442/500  0.8279  0.4207
[2026-05-28 13:25:21] scconcept            lr         442/500  0.7769  0.3823
[2026-05-28 13:25:35] scconcept            mlp        442/500  0.8080  0.4328
[2026-05-28 13:25:36] scconcept_encoded    lr         442/500  0.7706  0.3670
[2026-05-28 13:25:40] scconcept_encoded    mlp        442/500  0.8166  0.3999
[2026-05-28 13:25:42] 
======================================================================
[2026-05-28 13:25:42] Dataset: hESC_Specific_1000 (1000 genes)
[2026-05-28 13:25:42] ======================================================================
[2026-05-28 13:25:42] Train: 8445 (pos=1353)
[2026-05-28 13:25:42] Test:  2551 (pos=415)
[2026-05-28 13:25:42] 
Embedding            Clf       Coverage    AUROC    AUPRC
[2026-05-28 13:25:42] ------------------------------------------------------------
[2026-05-28 13:25:43] minus                lr        893/1000  0.8434  0.4337
[2026-05-28 13:25:45] minus                mlp       893/1000  0.8499  0.4709
[2026-05-28 13:25:45] baseline             lr        893/1000  0.8524  0.4636
[2026-05-28 13:25:48] baseline             mlp       893/1000  0.8578  0.4826
[2026-05-28 13:25:49] scGPT_human          lr        893/1000  0.8283  0.4293
[2026-05-28 13:25:55] scGPT_human          mlp       893/1000  0.8428  0.4500
[2026-05-28 13:25:55] v4_bias_rec_best     lr        893/1000  0.8511  0.4542
[2026-05-28 13:25:58] v4_bias_rec_best     mlp       893/1000  0.8546  0.4629
[2026-05-28 13:25:58] v4_plain_best        lr        893/1000  0.8501  0.4654
[2026-05-28 13:26:04] v4_plain_best        mlp       893/1000  0.8445  0.4943
[2026-05-28 13:26:04] v4_type_pe_best      lr        893/1000  0.8499  0.4586
[2026-05-28 13:26:07] v4_type_pe_best      mlp       893/1000  0.8600  0.5110
[2026-05-28 13:26:08] scconcept            lr        893/1000  0.8137  0.3935
[2026-05-28 13:26:14] scconcept            mlp       893/1000  0.8109  0.4054
[2026-05-28 13:26:16] scconcept_encoded    lr        893/1000  0.8330  0.4247
[2026-05-28 13:26:21] scconcept_encoded    mlp       893/1000  0.8324  0.4155
[2026-05-28 13:26:22] 
======================================================================
[2026-05-28 13:26:22] Dataset: hESC_Non-Specific_500 (500 genes)
[2026-05-28 13:26:22] ======================================================================
[2026-05-28 13:26:22] Train: 6125 (pos=108)
[2026-05-28 13:26:22] Test:  1866 (pos=43)
[2026-05-28 13:26:22] 
Embedding            Clf       Coverage    AUROC    AUPRC
[2026-05-28 13:26:22] ------------------------------------------------------------
[2026-05-28 13:26:23] minus                lr         442/500  0.8705  0.2321
[2026-05-28 13:26:24] minus                mlp        442/500  0.8136  0.1467
[2026-05-28 13:26:24] baseline             lr         442/500  0.8614  0.2378
[2026-05-28 13:26:26] baseline             mlp        442/500  0.8736  0.1810
[2026-05-28 13:26:26] scGPT_human          lr         442/500  0.8608  0.2016
[2026-05-28 13:26:29] scGPT_human          mlp        442/500  0.8548  0.1553
[2026-05-28 13:26:30] v4_bias_rec_best     lr         442/500  0.8426  0.1312
[2026-05-28 13:26:31] v4_bias_rec_best     mlp        442/500  0.8754  0.1980
[2026-05-28 13:26:32] v4_plain_best        lr         442/500  0.8741  0.1799
[2026-05-28 13:26:33] v4_plain_best        mlp        442/500  0.8798  0.2060
[2026-05-28 13:26:34] v4_type_pe_best      lr         442/500  0.8469  0.1805
[2026-05-28 13:26:35] v4_type_pe_best      mlp        442/500  0.8335  0.1623
[2026-05-28 13:26:35] scconcept            lr         442/500  0.8204  0.1345
[2026-05-28 13:26:38] scconcept            mlp        442/500  0.8403  0.1082
[2026-05-28 13:26:39] scconcept_encoded    lr         442/500  0.8055  0.0866
[2026-05-28 13:26:42] scconcept_encoded    mlp        442/500  0.7938  0.1041
[2026-05-28 13:26:43] 
======================================================================
[2026-05-28 13:26:43] Dataset: hESC_Non-Specific_1000 (1000 genes)
[2026-05-28 13:26:43] ======================================================================
[2026-05-28 13:26:43] Train: 32243 (pos=456)
[2026-05-28 13:26:43] Test:  9732 (pos=169)
[2026-05-28 13:26:43] 
Embedding            Clf       Coverage    AUROC    AUPRC
[2026-05-28 13:26:43] ------------------------------------------------------------
[2026-05-28 13:26:45] minus                lr        893/1000  0.8780  0.1362
[2026-05-28 13:26:53] minus                mlp       893/1000  0.8914  0.1761
[2026-05-28 13:26:55] baseline             lr        893/1000  0.8678  0.1438
[2026-05-28 13:27:03] baseline             mlp       893/1000  0.8952  0.1746
[2026-05-28 13:27:06] scGPT_human          lr        893/1000  0.8256  0.1183
[2026-05-28 13:27:34] scGPT_human          mlp       893/1000  0.8701  0.1498
[2026-05-28 13:27:36] v4_bias_rec_best     lr        893/1000  0.8563  0.1407
[2026-05-28 13:27:44] v4_bias_rec_best     mlp       893/1000  0.8839  0.1599
[2026-05-28 13:27:45] v4_plain_best        lr        893/1000  0.8833  0.1648
[2026-05-28 13:27:55] v4_plain_best        mlp       893/1000  0.9021  0.1498
[2026-05-28 13:27:56] v4_type_pe_best      lr        893/1000  0.8832  0.1820
[2026-05-28 13:28:04] v4_type_pe_best      mlp       893/1000  0.9027  0.1637
[2026-05-28 13:28:08] scconcept            lr        893/1000  0.7976  0.1040
[2026-05-28 13:28:30] scconcept            mlp       893/1000  0.8530  0.1489
[2026-05-28 13:28:36] scconcept_encoded    lr        893/1000  0.8382  0.1049
[2026-05-28 13:28:39] ======================================================================
[2026-05-28 13:28:39] GRN BEELINE Full Benchmark - Embedding Only
[2026-05-28 13:28:39] ======================================================================
[2026-05-28 13:29:17] scconcept_encoded    mlp       893/1000  0.8597  0.1084
[2026-05-28 13:29:19] 
======================================================================
[2026-05-28 13:29:19] Dataset: hESC_STRING_500 (500 genes)
[2026-05-28 13:29:19] ======================================================================
[2026-05-28 13:29:19] Train: 9177 (pos=60)
[2026-05-28 13:29:19] Test:  2799 (pos=35)
[2026-05-28 13:29:19] 
Embedding            Clf       Coverage    AUROC    AUPRC
[2026-05-28 13:29:19] ------------------------------------------------------------
[2026-05-28 13:29:20] minus                lr         442/500  0.8300  0.2805
[2026-05-28 13:29:27] minus                mlp        442/500  0.8033  0.2084
[2026-05-28 13:29:27] baseline             lr         442/500  0.8115  0.2919
[2026-05-28 13:29:33] baseline             mlp        442/500  0.7654  0.0928
[2026-05-28 13:29:34] scGPT_human          lr         442/500  0.8734  0.2924
[2026-05-28 13:29:46] scGPT_human          mlp        442/500  0.7940  0.0723
[2026-05-28 13:29:46] v4_bias_rec_best     lr         442/500  0.8156  0.2326
[2026-05-28 13:29:53] v4_bias_rec_best     mlp        442/500  0.8097  0.0982
[2026-05-28 13:29:53] v4_plain_best        lr         442/500  0.8126  0.2513
[2026-05-28 13:30:00] v4_plain_best        mlp        442/500  0.8039  0.0518
[2026-05-28 13:30:00] v4_type_pe_best      lr         442/500  0.8493  0.2978
[2026-05-28 13:30:08] v4_type_pe_best      mlp        442/500  0.8509  0.2819
[2026-05-28 13:30:08] scconcept            lr         442/500  0.7684  0.2277
[2026-05-28 13:30:13] scconcept            mlp        442/500  0.7391  0.0305
[2026-05-28 13:30:13] scconcept_encoded    lr         442/500  0.7571  0.1058
[2026-05-28 13:30:18] scconcept_encoded    mlp        442/500  0.7115  0.0340
[2026-05-28 13:30:19] 
======================================================================
[2026-05-28 13:30:19] Dataset: hESC_STRING_1000 (1000 genes)
[2026-05-28 13:30:19] ======================================================================
[2026-05-28 13:30:19] Train: 41435 (pos=278)
[2026-05-28 13:30:19] Test:  12511 (pos=133)
[2026-05-28 13:30:19] 
Embedding            Clf       Coverage    AUROC    AUPRC
[2026-05-28 13:30:19] ------------------------------------------------------------
[2026-05-28 13:30:21] minus                lr        893/1000  0.8242  0.2252
[2026-05-28 13:30:34] minus                mlp       893/1000  0.8283  0.2244
[2026-05-28 13:30:35] baseline             lr        893/1000  0.8370  0.2110
[2026-05-28 13:30:57] baseline             mlp       893/1000  0.8224  0.2237
[2026-05-28 13:31:01] scGPT_human          lr        893/1000  0.8379  0.1676
[2026-05-28 13:31:31] scGPT_human          mlp       893/1000  0.8556  0.2204
[2026-05-28 13:31:33] v4_bias_rec_best     lr        893/1000  0.8364  0.1947
[2026-05-28 13:31:57] v4_bias_rec_best     mlp       893/1000  0.8241  0.2289
[2026-05-28 13:31:59] v4_plain_best        lr        893/1000  0.7966  0.2183
[2026-05-28 13:32:19] v4_plain_best        mlp       893/1000  0.8007  0.2335
[2026-05-28 13:32:21] v4_type_pe_best      lr        893/1000  0.8444  0.2105
[2026-05-28 13:32:38] v4_type_pe_best      mlp       893/1000  0.8259  0.2836
[2026-05-28 13:32:42] scconcept            lr        893/1000  0.7862  0.0636
[2026-05-28 13:33:06] scconcept            mlp       893/1000  0.7771  0.0961
[2026-05-28 13:33:11] scconcept_encoded    lr        893/1000  0.7560  0.0487
[2026-05-28 13:33:29] scconcept_encoded    mlp       893/1000  0.7128  0.0279
[2026-05-28 13:33:29] 
  Cell type: hHep (human), networks: ['Specific', 'Non-Specific', 'STRING']
[2026-05-28 13:33:30]   hHep_Specific_500: too few edges after filtering, skipping
[2026-05-28 13:33:31] 
======================================================================
[2026-05-28 13:33:31] Dataset: hHep_Specific_1000 (1000 genes)
[2026-05-28 13:33:31] ======================================================================
[2026-05-28 13:33:31] Train: 3836 (pos=877)
[2026-05-28 13:33:31] Test:  1160 (pos=268)
[2026-05-28 13:33:31] 
Embedding            Clf       Coverage    AUROC    AUPRC
[2026-05-28 13:33:31] ------------------------------------------------------------
[2026-05-28 13:33:31] minus                lr        962/1000  0.8779  0.7286
[2026-05-28 13:33:33] minus                mlp       962/1000  0.8994  0.7858
[2026-05-28 13:33:33] baseline             lr        962/1000  0.8833  0.7321
[2026-05-28 13:33:34] baseline             mlp       962/1000  0.9075  0.7909
[2026-05-28 13:33:35] scGPT_human          lr        962/1000  0.8497  0.6709
[2026-05-28 13:33:37] scGPT_human          mlp       962/1000  0.9092  0.7848
[2026-05-28 13:33:37] v4_bias_rec_best     lr        962/1000  0.8793  0.7218
[2026-05-28 13:33:38] v4_bias_rec_best     mlp       962/1000  0.9067  0.7888
[2026-05-28 13:33:39] v4_plain_best        lr        962/1000  0.8870  0.7684
[2026-05-28 13:33:40] v4_plain_best        mlp       962/1000  0.9043  0.7897
[2026-05-28 13:33:40] v4_type_pe_best      lr        962/1000  0.8868  0.7541
[2026-05-28 13:33:42] v4_type_pe_best      mlp       962/1000  0.9078  0.8028
[2026-05-28 13:33:42] scconcept            lr        962/1000  0.8297  0.6238
[2026-05-28 13:33:45] scconcept            mlp       962/1000  0.8762  0.7262
[2026-05-28 13:33:45] scconcept_encoded    lr        962/1000  0.8329  0.6316
[2026-05-28 13:33:48] scconcept_encoded    mlp       962/1000  0.8750  0.7385
[2026-05-28 13:33:49] 
======================================================================
[2026-05-28 13:33:49] Dataset: hHep_Non-Specific_500 (500 genes)
[2026-05-28 13:33:49] ======================================================================
[2026-05-28 13:33:49] Train: 5739 (pos=61)
[2026-05-28 13:33:49] Test:  1753 (pos=31)
[2026-05-28 13:33:49] 
Embedding            Clf       Coverage    AUROC    AUPRC
[2026-05-28 13:33:49] ------------------------------------------------------------
[2026-05-28 13:33:49] minus                lr         487/500  0.8201  0.1351
[2026-05-28 13:33:51] minus                mlp        487/500  0.8528  0.1032
[2026-05-28 13:33:51] baseline             lr         487/500  0.7582  0.0836
[2026-05-28 13:33:52] baseline             mlp        487/500  0.7279  0.0643
[2026-05-28 13:33:53] scGPT_human          lr         487/500  0.7999  0.1100
[2026-05-28 13:33:55] scGPT_human          mlp        487/500  0.8079  0.1432
[2026-05-28 13:33:55] v4_bias_rec_best     lr         487/500  0.8275  0.1567
[2026-05-28 13:33:57] v4_bias_rec_best     mlp        487/500  0.7902  0.1198
[2026-05-28 13:33:58] v4_plain_best        lr         487/500  0.7973  0.1219
[2026-05-28 13:33:59] v4_plain_best        mlp        487/500  0.7701  0.0709
[2026-05-28 13:33:59] v4_type_pe_best      lr         487/500  0.8232  0.1577
[2026-05-28 13:34:01] v4_type_pe_best      mlp        487/500  0.7219  0.0515
[2026-05-28 13:34:01] scconcept            lr         487/500  0.7751  0.0993
[2026-05-28 13:34:04] scconcept            mlp        487/500  0.7465  0.0526
[2026-05-28 13:34:05] scconcept_encoded    lr         487/500  0.7451  0.0499
[2026-05-28 13:34:08] scconcept_encoded    mlp        487/500  0.6837  0.0491
[2026-05-28 13:34:09] 
======================================================================
[2026-05-28 13:34:09] Dataset: hHep_Non-Specific_1000 (1000 genes)
[2026-05-28 13:34:09] ======================================================================
[2026-05-28 13:34:09] Train: 29174 (pos=246)
[2026-05-28 13:34:09] Test:  8805 (pos=102)
[2026-05-28 13:34:09] 
Embedding            Clf       Coverage    AUROC    AUPRC
[2026-05-28 13:34:09] ------------------------------------------------------------
[2026-05-28 13:34:10] minus                lr        962/1000  0.8540  0.1270
[2026-05-28 13:34:18] minus                mlp       962/1000  0.8733  0.1731
[2026-05-28 13:34:19] baseline             lr        962/1000  0.8335  0.1440
[2026-05-28 13:34:27] baseline             mlp       962/1000  0.8585  0.1537
[2026-05-28 13:34:29] scGPT_human          lr        962/1000  0.8343  0.1462
[2026-05-28 13:34:42] scGPT_human          mlp       962/1000  0.8813  0.1436
[2026-05-28 13:34:44] v4_bias_rec_best     lr        962/1000  0.8123  0.1103
[2026-05-28 13:34:51] v4_bias_rec_best     mlp       962/1000  0.8445  0.1036
[2026-05-28 13:34:52] v4_plain_best        lr        962/1000  0.8259  0.1097
[2026-05-28 13:35:00] v4_plain_best        mlp       962/1000  0.8764  0.1486
[2026-05-28 13:35:01] v4_type_pe_best      lr        962/1000  0.8367  0.1396
[2026-05-28 13:35:09] v4_type_pe_best      mlp       962/1000  0.8720  0.1940
[2026-05-28 13:35:12] scconcept            lr        962/1000  0.7649  0.0928
[2026-05-28 13:35:31] scconcept            mlp       962/1000  0.8029  0.0824
[2026-05-28 13:35:34] scconcept_encoded    lr        962/1000  0.8202  0.0622
[2026-05-28 13:35:47] scconcept_encoded    mlp       962/1000  0.7946  0.0461
[2026-05-28 13:35:48] 
======================================================================
[2026-05-28 13:35:48] Dataset: hHep_STRING_500 (500 genes)
[2026-05-28 13:35:48] ======================================================================
[2026-05-28 13:35:48] Train: 8033 (pos=182)
[2026-05-28 13:35:48] Test:  2446 (pos=74)
[2026-05-28 13:35:48] 
Embedding            Clf       Coverage    AUROC    AUPRC
[2026-05-28 13:35:48] ------------------------------------------------------------
[2026-05-28 13:35:49] minus                lr         487/500  0.8768  0.4320
[2026-05-28 13:35:51] minus                mlp        487/500  0.9314  0.5887
[2026-05-28 13:35:52] baseline             lr         487/500  0.9074  0.5086
[2026-05-28 13:35:54] baseline             mlp        487/500  0.9286  0.5847
[2026-05-28 13:35:55] scGPT_human          lr         487/500  0.8876  0.5185
[2026-05-28 13:35:59] scGPT_human          mlp        487/500  0.9035  0.5813
[2026-05-28 13:36:00] v4_bias_rec_best     lr         487/500  0.9121  0.5366
[2026-05-28 13:36:04] v4_bias_rec_best     mlp        487/500  0.8986  0.5641
[2026-05-28 13:36:05] v4_plain_best        lr         487/500  0.8608  0.4102
[2026-05-28 13:36:07] v4_plain_best        mlp        487/500  0.9285  0.5436
[2026-05-28 13:36:07] v4_type_pe_best      lr         487/500  0.8970  0.4404
[2026-05-28 13:36:09] v4_type_pe_best      mlp        487/500  0.9085  0.5875
[2026-05-28 13:36:10] scconcept            lr         487/500  0.7880  0.1401
[2026-05-28 13:36:13] scconcept            mlp        487/500  0.7749  0.1150
[2026-05-28 13:36:14] scconcept_encoded    lr         487/500  0.7826  0.1111
[2026-05-28 13:36:19] scconcept_encoded    mlp        487/500  0.7923  0.1478
[2026-05-28 13:36:20] 
======================================================================
[2026-05-28 13:36:20] Dataset: hHep_STRING_1000 (1000 genes)
[2026-05-28 13:36:20] ======================================================================
[2026-05-28 13:36:20] Train: 40670 (pos=595)
[2026-05-28 13:36:20] Test:  12277 (pos=229)
[2026-05-28 13:36:20] 
Embedding            Clf       Coverage    AUROC    AUPRC
[2026-05-28 13:36:20] ------------------------------------------------------------
[2026-05-28 13:36:22] minus                lr        962/1000  0.8802  0.3888
[2026-05-28 13:36:36] minus                mlp       962/1000  0.8916  0.4843
[2026-05-28 13:36:38] baseline             lr        962/1000  0.8737  0.4056
[2026-05-28 13:36:49] baseline             mlp       962/1000  0.8874  0.4290
[2026-05-28 13:36:53] scGPT_human          lr        962/1000  0.8823  0.3842
[2026-05-28 13:37:31] scGPT_human          mlp       962/1000  0.8773  0.4711
[2026-05-28 13:37:33] v4_bias_rec_best     lr        962/1000  0.8757  0.3927
[2026-05-28 13:37:56] v4_bias_rec_best     mlp       962/1000  0.8883  0.4725
[2026-05-28 13:37:58] v4_plain_best        lr        962/1000  0.8800  0.3509
[2026-05-28 13:38:14] v4_plain_best        mlp       962/1000  0.8855  0.4496
[2026-05-28 13:38:16] v4_type_pe_best      lr        962/1000  0.8823  0.3901
[2026-05-28 13:38:27] v4_type_pe_best      mlp       962/1000  0.8944  0.4238
[2026-05-28 13:38:30] scconcept            lr        962/1000  0.8442  0.1866
[2026-05-28 13:39:11] scconcept            mlp       962/1000  0.8125  0.2295
[2026-05-28 13:39:16] scconcept_encoded    lr        962/1000  0.8239  0.1828
[2026-05-28 13:39:41] scconcept_encoded    mlp       962/1000  0.8161  0.2115
[2026-05-28 13:39:41] 
  Cell type: mDC (mouse), networks: ['Specific', 'Non-Specific', 'STRING']
[2026-05-28 13:39:41] 
======================================================================
[2026-05-28 13:39:41] Dataset: mDC_Specific_500 (500 genes)
[2026-05-28 13:39:41] ======================================================================
[2026-05-28 13:39:41] Train: 765 (pos=23)
[2026-05-28 13:39:41] Test:  234 (pos=10)
[2026-05-28 13:39:41] 
Embedding            Clf       Coverage    AUROC    AUPRC
[2026-05-28 13:39:41] ------------------------------------------------------------
[2026-05-28 13:39:41] minus                lr         387/500  0.7603  0.1196
[2026-05-28 13:39:41] minus                mlp        387/500  0.6522  0.1175
[2026-05-28 13:39:41] baseline             lr         387/500  0.7991  0.2275
[2026-05-28 13:39:42] baseline             mlp        387/500  0.8281  0.1765
[2026-05-28 13:39:42] scGPT_human          lr         387/500  0.7750  0.2778
[2026-05-28 13:39:42] scGPT_human          mlp        387/500  0.7179  0.1527
[2026-05-28 13:39:42] v4_bias_rec_best     lr         387/500  0.7562  0.1449
[2026-05-28 13:39:42] v4_bias_rec_best     mlp        387/500  0.4607  0.0412
[2026-05-28 13:39:42] v4_plain_best        lr         387/500  0.8701  0.2150
[2026-05-28 13:39:43] v4_plain_best        mlp        387/500  0.7772  0.1224
[2026-05-28 13:39:43] v4_type_pe_best      lr         387/500  0.7714  0.1715
[2026-05-28 13:39:43] v4_type_pe_best      mlp        387/500  0.7058  0.0792
[2026-05-28 13:39:43] scconcept            lr         387/500  0.6987  0.2617
[2026-05-28 13:39:43] scconcept            mlp        387/500  0.6460  0.0808
[2026-05-28 13:39:43] scconcept_encoded    lr         387/500  0.5317  0.0503
[2026-05-28 13:39:44] scconcept_encoded    mlp        387/500  0.5442  0.0511
[2026-05-28 13:39:44] 
======================================================================
[2026-05-28 13:39:44] Dataset: mDC_Specific_1000 (1000 genes)
[2026-05-28 13:39:44] ======================================================================
[2026-05-28 13:39:44] Train: 6140 (pos=453)
[2026-05-28 13:39:44] Test:  1853 (pos=143)
[2026-05-28 13:39:44] 
Embedding            Clf       Coverage    AUROC    AUPRC
[2026-05-28 13:39:44] ------------------------------------------------------------
[2026-05-28 13:39:45] minus                lr        803/1000  0.8228  0.3673
[2026-05-28 13:39:46] minus                mlp       803/1000  0.8626  0.4263
[2026-05-28 13:39:46] baseline             lr        803/1000  0.8060  0.3363
[2026-05-28 13:39:48] baseline             mlp       803/1000  0.8624  0.4311
[2026-05-28 13:39:49] scGPT_human          lr        803/1000  0.8125  0.3033
[2026-05-28 13:39:51] scGPT_human          mlp       803/1000  0.8626  0.4261
[2026-05-28 13:39:52] v4_bias_rec_best     lr        803/1000  0.7981  0.3066
[2026-05-28 13:39:54] v4_bias_rec_best     mlp       803/1000  0.8596  0.4389
[2026-05-28 13:39:54] v4_plain_best        lr        803/1000  0.7974  0.3040
[2026-05-28 13:39:56] v4_plain_best        mlp       803/1000  0.8631  0.4383
[2026-05-28 13:39:56] v4_type_pe_best      lr        803/1000  0.8175  0.3201
[2026-05-28 13:39:58] v4_type_pe_best      mlp       803/1000  0.8347  0.3918
[2026-05-28 13:39:59] scconcept            lr        803/1000  0.7343  0.2218
[2026-05-28 13:40:02] scconcept            mlp       803/1000  0.8185  0.3138
[2026-05-28 13:40:03] scconcept_encoded    lr        803/1000  0.8131  0.2743
[2026-05-28 13:40:06] scconcept_encoded    mlp       803/1000  0.8324  0.2814
[2026-05-28 13:40:06] 
======================================================================
[2026-05-28 13:40:06] Dataset: mDC_Non-Specific_500 (500 genes)
[2026-05-28 13:40:06] ======================================================================
[2026-05-28 13:40:06] Train: 2676 (pos=20)
[2026-05-28 13:40:06] Test:  819 (pos=13)
[2026-05-28 13:40:06] 
Embedding            Clf       Coverage    AUROC    AUPRC
[2026-05-28 13:40:06] ------------------------------------------------------------
[2026-05-28 13:40:06] minus                lr         387/500  0.7265  0.2227
[2026-05-28 13:40:07] minus                mlp        387/500  0.5668  0.0213
[2026-05-28 13:40:07] baseline             lr         387/500  0.7431  0.1627
[2026-05-28 13:40:08] baseline             mlp        387/500  0.5152  0.0190
[2026-05-28 13:40:08] scGPT_human          lr         387/500  0.6665  0.0966
[2026-05-28 13:40:09] scGPT_human          mlp        387/500  0.6653  0.0488
[2026-05-28 13:40:09] v4_bias_rec_best     lr         387/500  0.7063  0.2053
[2026-05-28 13:40:10] v4_bias_rec_best     mlp        387/500  0.5826  0.0205
[2026-05-28 13:40:10] v4_plain_best        lr         387/500  0.7639  0.1954
[2026-05-28 13:40:11] v4_plain_best        mlp        387/500  0.5878  0.0195
[2026-05-28 13:40:11] v4_type_pe_best      lr         387/500  0.7042  0.2377
[2026-05-28 13:40:12] v4_type_pe_best      mlp        387/500  0.5894  0.0489
[2026-05-28 13:40:12] scconcept            lr         387/500  0.5838  0.1013
[2026-05-28 13:40:13] scconcept            mlp        387/500  0.5406  0.0265
[2026-05-28 13:40:13] scconcept_encoded    lr         387/500  0.6416  0.0298
[2026-05-28 13:40:15] scconcept_encoded    mlp        387/500  0.7143  0.0322
[2026-05-28 13:40:15] 
======================================================================
[2026-05-28 13:40:15] Dataset: mDC_Non-Specific_1000 (1000 genes)
[2026-05-28 13:40:15] ======================================================================
[2026-05-28 13:40:15] Train: 29935 (pos=351)
[2026-05-28 13:40:15] Test:  9037 (pos=141)
[2026-05-28 13:40:15] 
Embedding            Clf       Coverage    AUROC    AUPRC
[2026-05-28 13:40:15] ------------------------------------------------------------
[2026-05-28 13:40:16] minus                lr        803/1000  0.8697  0.2471
[2026-05-28 13:40:24] minus                mlp       803/1000  0.8692  0.1608
[2026-05-28 13:40:25] baseline             lr        803/1000  0.8530  0.1696
[2026-05-28 13:40:32] baseline             mlp       803/1000  0.8666  0.1514
[2026-05-28 13:40:35] scGPT_human          lr        803/1000  0.8216  0.1971
[2026-05-28 13:40:52] scGPT_human          mlp       803/1000  0.8495  0.2184
[2026-05-28 13:40:54] v4_bias_rec_best     lr        803/1000  0.8496  0.1712
[2026-05-28 13:40:58] ======================================================================
[2026-05-28 13:40:58] GRN BEELINE Full Benchmark - Embedding Only
[2026-05-28 13:40:58] ======================================================================
[2026-05-28 13:40:58] Vocab: 60697 genes
[2026-05-28 13:40:58] SKIP embedding minus: 'type'
[2026-05-28 13:40:58] SKIP embedding baseline: 'type'
[2026-05-28 13:40:58] SKIP embedding scGPT_human: 'type'
[2026-05-28 13:40:58] SKIP embedding v4_bias_rec_best: 'type'
[2026-05-28 13:40:58] SKIP embedding v4_plain_best: 'type'
[2026-05-28 13:40:58] SKIP embedding v4_type_pe_best: 'type'
[2026-05-28 13:40:58] SKIP embedding scconcept: 'type'
[2026-05-28 13:40:58] SKIP embedding scconcept_encoded: 'type'
[2026-05-28 13:40:58] SKIP embedding cl_scratch_v5: 'type'
[2026-05-28 13:40:58] No embedding loaded successfully. Exiting.
[2026-05-28 13:41:02] v4_bias_rec_best     mlp       803/1000  0.8780  0.1559
[2026-05-28 13:41:03] v4_plain_best        lr        803/1000  0.8633  0.1863
[2026-05-28 13:41:12] v4_plain_best        mlp       803/1000  0.8907  0.2585
[2026-05-28 13:41:13] v4_type_pe_best      lr        803/1000  0.8622  0.1839
[2026-05-28 13:41:20] v4_type_pe_best      mlp       803/1000  0.8759  0.1508
[2026-05-28 13:41:23] scconcept            lr        803/1000  0.7448  0.1157
[2026-05-28 13:41:36] scconcept            mlp       803/1000  0.7916  0.0843
[2026-05-28 13:41:39] scconcept_encoded    lr        803/1000  0.7498  0.0916
[2026-05-28 13:41:52] scconcept_encoded    mlp       803/1000  0.7164  0.0446
[2026-05-28 13:41:52] 
======================================================================
[2026-05-28 13:41:52] Dataset: mDC_STRING_500 (500 genes)
[2026-05-28 13:41:52] ======================================================================
[2026-05-28 13:41:52] Train: 4206 (pos=89)
[2026-05-28 13:41:52] Test:  1283 (pos=36)
[2026-05-28 13:41:52] 
Embedding            Clf       Coverage    AUROC    AUPRC
[2026-05-28 13:41:52] ------------------------------------------------------------
[2026-05-28 13:41:53] minus                lr         387/500  0.8384  0.2730
[2026-05-28 13:41:54] minus                mlp        387/500  0.7997  0.2157
[2026-05-28 13:41:54] baseline             lr         387/500  0.7955  0.2000
[2026-05-28 13:41:55] ======================================================================
[2026-05-28 13:41:55] GRN BEELINE Full Benchmark - Embedding Only
[2026-05-28 13:41:55] ======================================================================
[2026-05-28 13:41:55] Vocab: 60697 genes
[2026-05-28 13:41:55] Loaded minus: (60697, 256)
[2026-05-28 13:41:55] Loaded baseline: (60697, 256)
[2026-05-28 13:41:55] Loaded scGPT_human: (60697, 512)
[2026-05-28 13:41:55] Loaded v4_bias_rec_best: (60697, 256)
[2026-05-28 13:41:55] baseline             mlp        387/500  0.8653  0.4749
[2026-05-28 13:41:55] Loaded v4_plain_best: (60697, 256)
[2026-05-28 13:41:55] Loaded v4_type_pe_best: (60697, 256)
[2026-05-28 13:41:56] Loaded scconcept: (60697, 512)
[2026-05-28 13:41:56] Loaded scconcept_encoded: (60697, 512)
[2026-05-28 13:41:56] Loaded cl_scratch_v5: (60697, 256)
[2026-05-28 13:41:56] scGPT_human          lr         387/500  0.8476  0.3275
[2026-05-28 13:41:56] BEELINE data already present.
[2026-05-28 13:41:56] 
--- Part 1: scGREAT pre-processed datasets ---
[2026-05-28 13:41:56] 
--- Part 2: BEELINE datasets (from raw data) ---
[2026-05-28 13:41:56] 
  Cell type: hESC (human), networks: ['Specific', 'Non-Specific', 'STRING']
[2026-05-28 13:41:58] 
======================================================================
[2026-05-28 13:41:58] Dataset: hESC_Specific_500 (500 genes)
[2026-05-28 13:41:58] ======================================================================
[2026-05-28 13:41:58] Train: 3446 (pos=539)
[2026-05-28 13:41:58] Test:  1051 (pos=173)
[2026-05-28 13:41:58] 
Embedding            Clf       Coverage    AUROC    AUPRC
[2026-05-28 13:41:58] ------------------------------------------------------------
[2026-05-28 13:41:58] scGPT_human          mlp        387/500  0.8907  0.5008
[2026-05-28 13:41:58] minus                lr         442/500  0.7773  0.3766
[2026-05-28 13:41:58] v4_bias_rec_best     lr         387/500  0.8273  0.3269
[2026-05-28 13:42:05] v4_bias_rec_best     mlp        387/500  0.8625  0.3989
[2026-05-28 13:42:06] minus                mlp        442/500  0.8029  0.4060
[2026-05-28 13:42:06] v4_plain_best        lr         387/500  0.8618  0.3438
[2026-05-28 13:42:06] baseline             lr         442/500  0.8162  0.4474
[2026-05-28 13:42:12] baseline             mlp        442/500  0.8259  0.3922
[2026-05-28 13:42:14] v4_plain_best        mlp        387/500  0.8973  0.5484
[2026-05-28 13:42:14] scGPT_human          lr         442/500  0.7600  0.3795
[2026-05-28 13:42:14] v4_type_pe_best      lr         387/500  0.8352  0.2786
[2026-05-28 13:42:23] scGPT_human          mlp        442/500  0.8367  0.4852
[2026-05-28 13:42:23] v4_type_pe_best      mlp        387/500  0.8860  0.4631
[2026-05-28 13:42:24] v4_bias_rec_best     lr         442/500  0.8162  0.4341
[2026-05-28 13:42:24] scconcept            lr         387/500  0.6644  0.0613
[2026-05-28 13:42:30] v4_bias_rec_best     mlp        442/500  0.8026  0.3856
[2026-05-28 13:42:30] v4_plain_best        lr         442/500  0.7904  0.4069
[2026-05-28 13:42:33] scconcept            mlp        387/500  0.7228  0.1239
[2026-05-28 13:42:34] scconcept_encoded    lr         387/500  0.7056  0.0949
[2026-05-28 13:42:35] v4_plain_best        mlp        442/500  0.8349  0.4684
[2026-05-28 13:42:36] v4_type_pe_best      lr         442/500  0.8006  0.3959
[2026-05-28 13:42:41] v4_type_pe_best      mlp        442/500  0.8279  0.4207
[2026-05-28 13:42:43] scconcept_encoded    mlp        387/500  0.7354  0.0742
[2026-05-28 13:42:43] scconcept            lr         442/500  0.7769  0.3823
[2026-05-28 13:42:44] 
======================================================================
[2026-05-28 13:42:44] Dataset: mDC_STRING_1000 (1000 genes)
[2026-05-28 13:42:44] ======================================================================
[2026-05-28 13:42:44] Train: 30695 (pos=600)
[2026-05-28 13:42:44] Test:  9265 (pos=217)
[2026-05-28 13:42:44] 
Embedding            Clf       Coverage    AUROC    AUPRC
[2026-05-28 13:42:44] ------------------------------------------------------------
[2026-05-28 13:42:49] minus                lr        803/1000  0.8978  0.3925
[2026-05-28 13:42:59] scconcept            mlp        442/500  0.8080  0.4328
[2026-05-28 13:43:01] scconcept_encoded    lr         442/500  0.7706  0.3670
[2026-05-28 13:43:10] scconcept_encoded    mlp        442/500  0.8166  0.3999
[2026-05-28 13:43:11] cl_scratch_v5        lr         442/500  0.7952  0.4197
[2026-05-28 13:43:17] cl_scratch_v5        mlp        442/500  0.8288  0.4517
[2026-05-28 13:43:23] 
======================================================================
[2026-05-28 13:43:23] Dataset: hESC_Specific_1000 (1000 genes)
[2026-05-28 13:43:23] ======================================================================
[2026-05-28 13:43:23] Train: 8445 (pos=1353)
[2026-05-28 13:43:23] Test:  2551 (pos=415)
[2026-05-28 13:43:23] 
Embedding            Clf       Coverage    AUROC    AUPRC
[2026-05-28 13:43:23] ------------------------------------------------------------
[2026-05-28 13:43:25] minus                lr        893/1000  0.8434  0.4337
[2026-05-28 13:43:33] minus                mlp       893/1000  0.8499  0.4709
[2026-05-28 13:43:35] baseline             lr        893/1000  0.8524  0.4636
[2026-05-28 13:43:45] baseline             mlp       893/1000  0.8578  0.4826
[2026-05-28 13:43:48] scGPT_human          lr        893/1000  0.8283  0.4293
[2026-05-28 13:43:56] minus                mlp       803/1000  0.9047  0.5035
[2026-05-28 13:44:00] baseline             lr        803/1000  0.8854  0.3854
[2026-05-28 13:44:14] scGPT_human          mlp       893/1000  0.8428  0.4500
[2026-05-28 13:44:15] v4_bias_rec_best     lr        893/1000  0.8511  0.4542
[2026-05-28 13:44:28] v4_bias_rec_best     mlp       893/1000  0.8546  0.4629
[2026-05-28 13:44:29] v4_plain_best        lr        893/1000  0.8501  0.4654
[2026-05-28 13:44:38] baseline             mlp       803/1000  0.9093  0.5013
[2026-05-28 13:44:46] scGPT_human          lr        803/1000  0.8764  0.3570
[2026-05-28 13:44:50] v4_plain_best        mlp       893/1000  0.8445  0.4943
[2026-05-28 13:44:51] v4_type_pe_best      lr        893/1000  0.8499  0.4586
[2026-05-28 13:45:04] v4_type_pe_best      mlp       893/1000  0.8600  0.5110
[2026-05-28 13:45:06] scconcept            lr        893/1000  0.8137  0.3935
[2026-05-28 13:45:33] scconcept            mlp       893/1000  0.8109  0.4054
[2026-05-28 13:45:40] scconcept_encoded    lr        893/1000  0.8330  0.4247
[2026-05-28 13:45:56] scconcept_encoded    mlp       893/1000  0.8324  0.4155
[2026-05-28 13:45:58] cl_scratch_v5        lr        893/1000  0.8442  0.4458
[2026-05-28 13:46:08] cl_scratch_v5        mlp       893/1000  0.8579  0.4647
[2026-05-28 13:46:14] 
======================================================================
[2026-05-28 13:46:14] Dataset: hESC_Non-Specific_500 (500 genes)
[2026-05-28 13:46:14] ======================================================================
[2026-05-28 13:46:14] Train: 6125 (pos=108)
[2026-05-28 13:46:14] Test:  1866 (pos=43)
[2026-05-28 13:46:14] 
Embedding            Clf       Coverage    AUROC    AUPRC
[2026-05-28 13:46:14] ------------------------------------------------------------
[2026-05-28 13:46:15] minus                lr         442/500  0.8705  0.2321
[2026-05-28 13:46:22] minus                mlp        442/500  0.8136  0.1467
[2026-05-28 13:46:23] baseline             lr         442/500  0.8614  0.2378
[2026-05-28 13:46:30] scGPT_human          mlp       803/1000  0.9066  0.5543
[2026-05-28 13:46:31] baseline             mlp        442/500  0.8736  0.1810
[2026-05-28 13:46:32] scGPT_human          lr         442/500  0.8608  0.2016
[2026-05-28 13:46:34] v4_bias_rec_best     lr        803/1000  0.8932  0.3733
[2026-05-28 13:46:43] scGPT_human          mlp        442/500  0.8548  0.1553
[2026-05-28 13:46:44] v4_bias_rec_best     lr         442/500  0.8426  0.1312
[2026-05-28 13:46:53] v4_bias_rec_best     mlp        442/500  0.8754  0.1980
[2026-05-28 13:46:54] v4_plain_best        lr         442/500  0.8741  0.1799
[2026-05-28 13:47:03] v4_plain_best        mlp        442/500  0.8798  0.2060
[2026-05-28 13:47:03] v4_type_pe_best      lr         442/500  0.8469  0.1805
[2026-05-28 13:47:11] v4_type_pe_best      mlp        442/500  0.8335  0.1623
[2026-05-28 13:47:12] scconcept            lr         442/500  0.8204  0.1345
[2026-05-28 13:47:25] scconcept            mlp        442/500  0.8403  0.1082
[2026-05-28 13:47:25] v4_bias_rec_best     mlp       803/1000  0.9072  0.4574
[2026-05-28 13:47:26] scconcept_encoded    lr         442/500  0.8055  0.0866
[2026-05-28 13:47:29] v4_plain_best        lr        803/1000  0.8910  0.3789
[2026-05-28 13:47:35] scconcept_encoded    mlp        442/500  0.7938  0.1041
[2026-05-28 13:47:36] cl_scratch_v5        lr         442/500  0.8681  0.2119
[2026-05-28 13:47:44] cl_scratch_v5        mlp        442/500  0.8796  0.1835
[2026-05-28 13:47:50] 
======================================================================
[2026-05-28 13:47:50] Dataset: hESC_Non-Specific_1000 (1000 genes)
[2026-05-28 13:47:50] ======================================================================
[2026-05-28 13:47:50] Train: 32243 (pos=456)
[2026-05-28 13:47:50] Test:  9732 (pos=169)
[2026-05-28 13:47:50] 
Embedding            Clf       Coverage    AUROC    AUPRC
[2026-05-28 13:47:50] ------------------------------------------------------------
[2026-05-28 13:47:54] minus                lr        893/1000  0.8780  0.1362
[2026-05-28 13:48:25] v4_plain_best        mlp       803/1000  0.9130  0.5433
[2026-05-28 13:48:29] v4_type_pe_best      lr        803/1000  0.9004  0.4297
[2026-05-28 13:48:32] minus                mlp       893/1000  0.8914  0.1761
[2026-05-28 13:48:36] baseline             lr        893/1000  0.8678  0.1438
[2026-05-28 13:49:14] baseline             mlp       893/1000  0.8952  0.1746
[2026-05-28 13:49:23] v4_type_pe_best      mlp       803/1000  0.9179  0.5551
[2026-05-28 13:49:24] scGPT_human          lr        893/1000  0.8256  0.1183
[2026-05-28 13:49:30] scconcept            lr        803/1000  0.8436  0.2090
[2026-05-28 13:51:30] scconcept            mlp       803/1000  0.8290  0.2848
[2026-05-28 13:51:32] scGPT_human          mlp       893/1000  0.8701  0.1498
[2026-05-28 13:51:34] v4_bias_rec_best     lr        893/1000  0.8563  0.1407
[2026-05-28 13:51:38] scconcept_encoded    lr        803/1000  0.8291  0.2104
[2026-05-28 13:51:55] v4_bias_rec_best     mlp       893/1000  0.8839  0.1599
[2026-05-28 13:51:57] v4_plain_best        lr        893/1000  0.8833  0.1648
[2026-05-28 13:52:21] scconcept_encoded    mlp       803/1000  0.8214  0.2394
[2026-05-28 13:52:21] 
  Cell type: mESC (mouse), networks: ['Specific', 'Non-Specific', 'STRING']
[2026-05-28 13:52:22] v4_plain_best        mlp       893/1000  0.9021  0.1498
[2026-05-28 13:52:23]   mESC_Specific_500: too few edges after filtering, skipping
[2026-05-28 13:52:24] v4_type_pe_best      lr        893/1000  0.8832  0.1820
[2026-05-28 13:52:25]   mESC_Specific_1000: too few edges after filtering, skipping
[2026-05-28 13:52:26]   mESC_Non-Specific_500: too few edges after filtering, skipping
[2026-05-28 13:52:28]   mESC_Non-Specific_1000: too few edges after filtering, skipping
[2026-05-28 13:52:29]   mESC_STRING_500: too few edges after filtering, skipping
[2026-05-28 13:52:30]   mESC_STRING_1000: too few edges after filtering, skipping
[2026-05-28 13:52:30] 
  Cell type: mHSC-E (mouse), networks: ['Specific', 'Non-Specific', 'STRING']
[2026-05-28 13:52:32] 
======================================================================
[2026-05-28 13:52:32] Dataset: mHSC-E_Specific_500 (500 genes)
[2026-05-28 13:52:32] ======================================================================
[2026-05-28 13:52:32] Train: 1914 (pos=770)
[2026-05-28 13:52:32] Test:  584 (pos=238)
[2026-05-28 13:52:32] 
Embedding            Clf       Coverage    AUROC    AUPRC
[2026-05-28 13:52:32] ------------------------------------------------------------
[2026-05-28 13:52:32] v4_type_pe_best      mlp       893/1000  0.9027  0.1637
[2026-05-28 13:52:32] minus                lr         457/500  0.7857  0.6989
[2026-05-28 13:52:33] minus                mlp        457/500  0.8519  0.8063
[2026-05-28 13:52:33] baseline             lr         457/500  0.8081  0.7446
[2026-05-28 13:52:33] baseline             mlp        457/500  0.8554  0.8050
[2026-05-28 13:52:33] scGPT_human          lr         457/500  0.7574  0.6833
[2026-05-28 13:52:35] scGPT_human          mlp        457/500  0.8575  0.8190
[2026-05-28 13:52:36] v4_bias_rec_best     lr         457/500  0.8068  0.7455
[2026-05-28 13:52:37] scconcept            lr        893/1000  0.7976  0.1040
[2026-05-28 13:52:37] v4_bias_rec_best     mlp        457/500  0.8664  0.8185
[2026-05-28 13:52:37] v4_plain_best        lr         457/500  0.7896  0.7258
[2026-05-28 13:52:38] v4_plain_best        mlp        457/500  0.8597  0.8109
[2026-05-28 13:52:38] v4_type_pe_best      lr         457/500  0.8070  0.7593
[2026-05-28 13:52:40] v4_type_pe_best      mlp        457/500  0.8573  0.8167
[2026-05-28 13:52:40] scconcept            lr         457/500  0.7222  0.5899
[2026-05-28 13:52:44] scconcept            mlp        457/500  0.8264  0.7542
[2026-05-28 13:52:45] scconcept_encoded    lr         457/500  0.7856  0.6964
[2026-05-28 13:52:48] scconcept_encoded    mlp        457/500  0.8311  0.7602
[2026-05-28 13:52:50] 
======================================================================
[2026-05-28 13:52:50] Dataset: mHSC-E_Specific_1000 (1000 genes)
[2026-05-28 13:52:50] ======================================================================
[2026-05-28 13:52:50] Train: 9983 (pos=4937)
[2026-05-28 13:52:50] Test:  3013 (pos=1490)
[2026-05-28 13:52:50] 
Embedding            Clf       Coverage    AUROC    AUPRC
[2026-05-28 13:52:50] ------------------------------------------------------------
[2026-05-28 13:52:51] minus                lr        917/1000  0.8943  0.8876
[2026-05-28 13:53:06] minus                mlp       917/1000  0.8975  0.8920
[2026-05-28 13:53:07] baseline             lr        917/1000  0.8916  0.8841
[2026-05-28 13:53:16] baseline             mlp       917/1000  0.8920  0.8815
[2026-05-28 13:53:16] scconcept            mlp       893/1000  0.8530  0.1489
[2026-05-28 13:53:17] scGPT_human          lr        917/1000  0.8916  0.8877
[2026-05-28 13:53:23] scconcept_encoded    lr        893/1000  0.8382  0.1049
[2026-05-28 13:53:39] scGPT_human          mlp       917/1000  0.8999  0.8943
[2026-05-28 13:53:39] v4_bias_rec_best     lr        917/1000  0.8941  0.8842
[2026-05-28 13:53:58] v4_bias_rec_best     mlp       917/1000  0.8983  0.8930
[2026-05-28 13:53:59] v4_plain_best        lr        917/1000  0.8944  0.8845
[2026-05-28 13:54:03] scconcept_encoded    mlp       893/1000  0.8597  0.1084
[2026-05-28 13:54:05] cl_scratch_v5        lr        893/1000  0.8804  0.1596
[2026-05-28 13:54:11] v4_plain_best        mlp       917/1000  0.8953  0.8877
[2026-05-28 13:54:12] v4_type_pe_best      lr        917/1000  0.8922  0.8828
[2026-05-28 13:54:31] cl_scratch_v5        mlp       893/1000  0.8832  0.1531
[2026-05-28 13:54:32] v4_type_pe_best      mlp       917/1000  0.8976  0.8921
[2026-05-28 13:54:33] scconcept            lr        917/1000  0.8704  0.8573
[2026-05-28 13:54:33] 
======================================================================
[2026-05-28 13:54:33] Dataset: hESC_STRING_500 (500 genes)
[2026-05-28 13:54:33] ======================================================================
[2026-05-28 13:54:33] Train: 9177 (pos=60)
[2026-05-28 13:54:33] Test:  2799 (pos=35)
[2026-05-28 13:54:33] 
Embedding            Clf       Coverage    AUROC    AUPRC
[2026-05-28 13:54:33] ------------------------------------------------------------
[2026-05-28 13:54:33] minus                lr         442/500  0.8300  0.2805
[2026-05-28 13:54:40] minus                mlp        442/500  0.8033  0.2084
[2026-05-28 13:54:41] baseline             lr         442/500  0.8115  0.2919
[2026-05-28 13:54:47] baseline             mlp        442/500  0.7654  0.0928
[2026-05-28 13:54:48] scGPT_human          lr         442/500  0.8734  0.2924
[2026-05-28 13:54:55] scconcept            mlp       917/1000  0.8833  0.8724
[2026-05-28 13:54:59] scGPT_human          mlp        442/500  0.7940  0.0723
[2026-05-28 13:54:59] v4_bias_rec_best     lr         442/500  0.8156  0.2326
[2026-05-28 13:55:00] scconcept_encoded    lr        917/1000  0.8815  0.8714
[2026-05-28 13:55:05] v4_bias_rec_best     mlp        442/500  0.8097  0.0982
[2026-05-28 13:55:06] v4_plain_best        lr         442/500  0.8126  0.2513
[2026-05-28 13:55:12] v4_plain_best        mlp        442/500  0.8039  0.0518
[2026-05-28 13:55:13] v4_type_pe_best      lr         442/500  0.8493  0.2978
[2026-05-28 13:55:21] scconcept_encoded    mlp       917/1000  0.8746  0.8632
[2026-05-28 13:55:22] v4_type_pe_best      mlp        442/500  0.8509  0.2819
[2026-05-28 13:55:22] scconcept            lr         442/500  0.7684  0.2277
[2026-05-28 13:55:23] 
======================================================================
[2026-05-28 13:55:23] Dataset: mHSC-E_Non-Specific_500 (500 genes)
[2026-05-28 13:55:23] ======================================================================
[2026-05-28 13:55:23] Train: 8032 (pos=177)
[2026-05-28 13:55:23] Test:  2452 (pos=71)
[2026-05-28 13:55:23] 
Embedding            Clf       Coverage    AUROC    AUPRC
[2026-05-28 13:55:23] ------------------------------------------------------------
[2026-05-28 13:55:23] minus                lr         457/500  0.8057  0.1758
[2026-05-28 13:55:29] minus                mlp        457/500  0.8655  0.3202
[2026-05-28 13:55:30] baseline             lr         457/500  0.7961  0.1520
[2026-05-28 13:55:33] scconcept            mlp        442/500  0.7391  0.0305
[2026-05-28 13:55:34] scconcept_encoded    lr         442/500  0.7571  0.1058
[2026-05-28 13:55:36] baseline             mlp        457/500  0.8629  0.2528
[2026-05-28 13:55:37] scGPT_human          lr         457/500  0.8396  0.2404
[2026-05-28 13:55:44] scconcept_encoded    mlp        442/500  0.7115  0.0340
[2026-05-28 13:55:44] cl_scratch_v5        lr         442/500  0.7790  0.2540
[2026-05-28 13:55:51] cl_scratch_v5        mlp        442/500  0.8044  0.2257
[2026-05-28 13:55:51] scGPT_human          mlp        457/500  0.8671  0.2797
[2026-05-28 13:55:52] v4_bias_rec_best     lr         457/500  0.8493  0.1729
[2026-05-28 13:55:53] 
======================================================================
[2026-05-28 13:55:53] Dataset: hESC_STRING_1000 (1000 genes)
[2026-05-28 13:55:53] ======================================================================
[2026-05-28 13:55:53] Train: 41435 (pos=278)
[2026-05-28 13:55:53] Test:  12511 (pos=133)
[2026-05-28 13:55:53] 
Embedding            Clf       Coverage    AUROC    AUPRC
[2026-05-28 13:55:53] ------------------------------------------------------------
[2026-05-28 13:55:54] v4_bias_rec_best     mlp        457/500  0.8725  0.3004
[2026-05-28 13:55:54] v4_plain_best        lr         457/500  0.8272  0.1404
[2026-05-28 13:55:55] minus                lr        893/1000  0.8242  0.2252
[2026-05-28 13:55:59] v4_plain_best        mlp        457/500  0.8634  0.2683
[2026-05-28 13:55:59] v4_type_pe_best      lr         457/500  0.8174  0.2318
[2026-05-28 13:56:10] v4_type_pe_best      mlp        457/500  0.8336  0.2534
[2026-05-28 13:56:11] scconcept            lr         457/500  0.7164  0.0765
[2026-05-28 13:56:20] scconcept            mlp        457/500  0.7756  0.0834
[2026-05-28 13:56:22] scconcept_encoded    lr         457/500  0.7619  0.0865
[2026-05-28 13:56:30] minus                mlp       893/1000  0.8283  0.2244
[2026-05-28 13:56:31] scconcept_encoded    mlp        457/500  0.7630  0.0885
[2026-05-28 13:56:32] baseline             lr        893/1000  0.8370  0.2110
[2026-05-28 13:56:32] 
======================================================================
[2026-05-28 13:56:32] Dataset: mHSC-E_Non-Specific_1000 (1000 genes)
[2026-05-28 13:56:32] ======================================================================
[2026-05-28 13:56:32] Train: 36844 (pos=502)
[2026-05-28 13:56:32] Test:  11119 (pos=189)
[2026-05-28 13:56:32] 
Embedding            Clf       Coverage    AUROC    AUPRC
[2026-05-28 13:56:32] ------------------------------------------------------------
[2026-05-28 13:56:35] minus                lr        917/1000  0.8663  0.2260
[2026-05-28 13:57:10] minus                mlp       917/1000  0.8763  0.3239
[2026-05-28 13:57:13] baseline             lr        917/1000  0.8652  0.2280
[2026-05-28 13:57:29] baseline             mlp       893/1000  0.8224  0.2237
[2026-05-28 13:57:34] scGPT_human          lr        893/1000  0.8379  0.1676
[2026-05-28 13:57:40] baseline             mlp       917/1000  0.8825  0.2950
[2026-05-28 13:57:45] scGPT_human          lr        917/1000  0.8288  0.2008
[2026-05-28 13:58:46] scGPT_human          mlp       893/1000  0.8556  0.2204
[2026-05-28 13:58:49] v4_bias_rec_best     lr        893/1000  0.8364  0.1947
[2026-05-28 13:58:50] scGPT_human          mlp       917/1000  0.8872  0.3363
[2026-05-28 13:58:53] v4_bias_rec_best     lr        917/1000  0.8526  0.1976
[2026-05-28 13:59:21] v4_bias_rec_best     mlp       917/1000  0.8649  0.2232
[2026-05-28 13:59:23] v4_plain_best        lr        917/1000  0.8497  0.1852
[2026-05-28 13:59:50] v4_bias_rec_best     mlp       893/1000  0.8241  0.2289
[2026-05-28 13:59:51] v4_plain_best        mlp       917/1000  0.8708  0.2460
[2026-05-28 13:59:53] v4_plain_best        lr        893/1000  0.7966  0.2183
[2026-05-28 13:59:53] v4_type_pe_best      lr        917/1000  0.8622  0.2130
[2026-05-28 14:00:33] v4_type_pe_best      mlp       917/1000  0.8770  0.2926
[2026-05-28 14:00:38] scconcept            lr        917/1000  0.7841  0.0983
[2026-05-28 14:00:46] v4_plain_best        mlp       893/1000  0.8007  0.2335
[2026-05-28 14:00:48] v4_type_pe_best      lr        893/1000  0.8444  0.2105
[2026-05-28 14:01:36] v4_type_pe_best      mlp       893/1000  0.8259  0.2836
[2026-05-28 14:01:41] scconcept            lr        893/1000  0.7862  0.0636
[2026-05-28 14:02:01] scconcept            mlp       917/1000  0.8237  0.1494
[2026-05-28 14:02:09] scconcept_encoded    lr        917/1000  0.7966  0.0768
[2026-05-28 14:02:40] scconcept            mlp       893/1000  0.7771  0.0961
[2026-05-28 14:02:46] scconcept_encoded    lr        893/1000  0.7560  0.0487
[2026-05-28 14:02:47] scconcept_encoded    mlp       917/1000  0.7743  0.0646
[2026-05-28 14:02:48] 
======================================================================
[2026-05-28 14:02:48] Dataset: mHSC-E_STRING_500 (500 genes)
[2026-05-28 14:02:48] ======================================================================
[2026-05-28 14:02:48] Train: 9560 (pos=159)
[2026-05-28 14:02:48] Test:  2915 (pos=69)
[2026-05-28 14:02:48] 
Embedding            Clf       Coverage    AUROC    AUPRC
[2026-05-28 14:02:48] ------------------------------------------------------------
[2026-05-28 14:02:48] minus                lr         457/500  0.9206  0.4641
[2026-05-28 14:02:58] minus                mlp        457/500  0.9355  0.6372
[2026-05-28 14:02:59] baseline             lr         457/500  0.8832  0.4512
[2026-05-28 14:03:10] baseline             mlp        457/500  0.9136  0.6220
[2026-05-28 14:03:10] scGPT_human          lr         457/500  0.8956  0.5261
[2026-05-28 14:03:26] scGPT_human          mlp        457/500  0.9227  0.6032
[2026-05-28 14:03:26] v4_bias_rec_best     lr         457/500  0.8843  0.5369
[2026-05-28 14:03:34] scconcept_encoded    mlp       893/1000  0.7128  0.0279
[2026-05-28 14:03:37] cl_scratch_v5        lr        893/1000  0.8271  0.1962
[2026-05-28 14:03:37] v4_bias_rec_best     mlp        457/500  0.8805  0.6151
[2026-05-28 14:03:37] v4_plain_best        lr         457/500  0.8905  0.5310
[2026-05-28 14:03:53] v4_plain_best        mlp        457/500  0.9200  0.6239
[2026-05-28 14:03:53] v4_type_pe_best      lr         457/500  0.8647  0.4664
[2026-05-28 14:04:06] v4_type_pe_best      mlp        457/500  0.8973  0.5784
[2026-05-28 14:04:07] scconcept            lr         457/500  0.8033  0.1083
[2026-05-28 14:04:07] cl_scratch_v5        mlp       893/1000  0.8305  0.1885
[2026-05-28 14:04:07] 
  Cell type: hHep (human), networks: ['Specific', 'Non-Specific', 'STRING']
[2026-05-28 14:04:08]   hHep_Specific_500: too few edges after filtering, skipping
[2026-05-28 14:04:09] 
======================================================================
[2026-05-28 14:04:09] Dataset: hHep_Specific_1000 (1000 genes)
[2026-05-28 14:04:09] ======================================================================
[2026-05-28 14:04:09] Train: 3836 (pos=877)
[2026-05-28 14:04:09] Test:  1160 (pos=268)
[2026-05-28 14:04:09] 
Embedding            Clf       Coverage    AUROC    AUPRC
[2026-05-28 14:04:09] ------------------------------------------------------------
[2026-05-28 14:04:10] minus                lr        962/1000  0.8779  0.7286
[2026-05-28 14:04:14] minus                mlp       962/1000  0.8994  0.7858
[2026-05-28 14:04:14] baseline             lr        962/1000  0.8833  0.7321
[2026-05-28 14:04:17] scconcept            mlp        457/500  0.8285  0.1483
[2026-05-28 14:04:18] baseline             mlp       962/1000  0.9075  0.7909
[2026-05-28 14:04:18] scGPT_human          lr        962/1000  0.8497  0.6709
[2026-05-28 14:04:19] scconcept_encoded    lr         457/500  0.7663  0.1358
[2026-05-28 14:04:23] scGPT_human          mlp       962/1000  0.9092  0.7848
[2026-05-28 14:04:23] v4_bias_rec_best     lr        962/1000  0.8793  0.7218
[2026-05-28 14:04:27] v4_bias_rec_best     mlp       962/1000  0.9067  0.7888
[2026-05-28 14:04:28] v4_plain_best        lr        962/1000  0.8870  0.7684
[2026-05-28 14:04:30] scconcept_encoded    mlp        457/500  0.7709  0.0672
[2026-05-28 14:04:31] v4_plain_best        mlp       962/1000  0.9043  0.7897
[2026-05-28 14:04:31] v4_type_pe_best      lr        962/1000  0.8868  0.7541
[2026-05-28 14:04:32] 
======================================================================
[2026-05-28 14:04:32] Dataset: mHSC-E_STRING_1000 (1000 genes)
[2026-05-28 14:04:32] ======================================================================
[2026-05-28 14:04:32] Train: 40670 (pos=500)
[2026-05-28 14:04:32] Test:  12277 (pos=202)
[2026-05-28 14:04:32] 
Embedding            Clf       Coverage    AUROC    AUPRC
[2026-05-28 14:04:32] ------------------------------------------------------------
[2026-05-28 14:04:33] v4_type_pe_best      mlp       962/1000  0.9078  0.8028
[2026-05-28 14:04:33] scconcept            lr        962/1000  0.8297  0.6238
[2026-05-28 14:04:34] minus                lr        917/1000  0.8872  0.4798
[2026-05-28 14:04:37] scconcept            mlp       962/1000  0.8762  0.7262
[2026-05-28 14:04:39] scconcept_encoded    lr        962/1000  0.8329  0.6316
[2026-05-28 14:04:45] scconcept_encoded    mlp       962/1000  0.8750  0.7385
[2026-05-28 14:04:45] cl_scratch_v5        lr        962/1000  0.8847  0.7384
[2026-05-28 14:04:50] cl_scratch_v5        mlp       962/1000  0.8969  0.7572
[2026-05-28 14:04:51] 
======================================================================
[2026-05-28 14:04:51] Dataset: hHep_Non-Specific_500 (500 genes)
[2026-05-28 14:04:51] ======================================================================
[2026-05-28 14:04:51] Train: 5739 (pos=61)
[2026-05-28 14:04:51] Test:  1753 (pos=31)
[2026-05-28 14:04:51] 
Embedding            Clf       Coverage    AUROC    AUPRC
[2026-05-28 14:04:51] ------------------------------------------------------------
[2026-05-28 14:04:52] minus                lr         487/500  0.8201  0.1351
[2026-05-28 14:04:56] minus                mlp        487/500  0.8528  0.1032
[2026-05-28 14:04:57] baseline             lr         487/500  0.7582  0.0836
[2026-05-28 14:05:00] baseline             mlp        487/500  0.7279  0.0643
[2026-05-28 14:05:01] scGPT_human          lr         487/500  0.7999  0.1100
[2026-05-28 14:05:08] scGPT_human          mlp        487/500  0.8079  0.1432
[2026-05-28 14:05:08] v4_bias_rec_best     lr         487/500  0.8275  0.1567
[2026-05-28 14:05:13] v4_bias_rec_best     mlp        487/500  0.7902  0.1198
[2026-05-28 14:05:14] v4_plain_best        lr         487/500  0.7973  0.1219
[2026-05-28 14:05:18] v4_plain_best        mlp        487/500  0.7701  0.0709
[2026-05-28 14:05:18] v4_type_pe_best      lr         487/500  0.8232  0.1577
[2026-05-28 14:05:20] minus                mlp       917/1000  0.8988  0.5308
[2026-05-28 14:05:21] v4_type_pe_best      mlp        487/500  0.7219  0.0515
[2026-05-28 14:05:21] scconcept            lr         487/500  0.7751  0.0993
[2026-05-28 14:05:22] baseline             lr        917/1000  0.8848  0.4496
[2026-05-28 14:05:26] scconcept            mlp        487/500  0.7465  0.0526
[2026-05-28 14:05:27] scconcept_encoded    lr         487/500  0.7451  0.0499
[2026-05-28 14:05:33] scconcept_encoded    mlp        487/500  0.6837  0.0491
[2026-05-28 14:05:34] cl_scratch_v5        lr         487/500  0.7901  0.1102
[2026-05-28 14:05:39] cl_scratch_v5        mlp        487/500  0.8199  0.1230
[2026-05-28 14:05:41] 
======================================================================
[2026-05-28 14:05:41] Dataset: hHep_Non-Specific_1000 (1000 genes)
[2026-05-28 14:05:41] ======================================================================
[2026-05-28 14:05:41] Train: 29174 (pos=246)
[2026-05-28 14:05:41] Test:  8805 (pos=102)
[2026-05-28 14:05:41] 
Embedding            Clf       Coverage    AUROC    AUPRC
[2026-05-28 14:05:41] ------------------------------------------------------------
[2026-05-28 14:05:43] minus                lr        962/1000  0.8540  0.1270
[2026-05-28 14:06:03] minus                mlp       962/1000  0.8733  0.1731
[2026-05-28 14:06:05] baseline             lr        962/1000  0.8335  0.1440
[2026-05-28 14:06:05] baseline             mlp       917/1000  0.8942  0.5214
[2026-05-28 14:06:10] scGPT_human          lr        917/1000  0.8822  0.4288
[2026-05-28 14:06:19] baseline             mlp       962/1000  0.8585  0.1537
[2026-05-28 14:06:23] scGPT_human          lr        962/1000  0.8343  0.1462
[2026-05-28 14:07:00] scGPT_human          mlp       962/1000  0.8813  0.1436
[2026-05-28 14:07:02] scGPT_human          mlp       917/1000  0.9038  0.5512
[2026-05-28 14:07:03] v4_bias_rec_best     lr        962/1000  0.8123  0.1103
[2026-05-28 14:07:05] v4_bias_rec_best     lr        917/1000  0.8795  0.4371
[2026-05-28 14:07:21] v4_bias_rec_best     mlp       962/1000  0.8445  0.1036
[2026-05-28 14:07:23] v4_plain_best        lr        962/1000  0.8259  0.1097
[2026-05-28 14:07:45] v4_plain_best        mlp       962/1000  0.8764  0.1486
[2026-05-28 14:07:47] v4_type_pe_best      lr        962/1000  0.8367  0.1396
[2026-05-28 14:08:05] v4_type_pe_best      mlp       962/1000  0.8720  0.1940
[2026-05-28 14:08:09] scconcept            lr        962/1000  0.7649  0.0928
[2026-05-28 14:08:48] v4_bias_rec_best     mlp       917/1000  0.8944  0.5212
[2026-05-28 14:08:51] v4_plain_best        lr        917/1000  0.8828  0.4754
[2026-05-28 14:09:06] scconcept            mlp       962/1000  0.8029  0.0824
[2026-05-28 14:09:11] scconcept_encoded    lr        962/1000  0.8202  0.0622
[2026-05-28 14:09:34] v4_plain_best        mlp       917/1000  0.8884  0.5215
[2026-05-28 14:09:37] v4_type_pe_best      lr        917/1000  0.9003  0.4814
[2026-05-28 14:09:49] scconcept_encoded    mlp       962/1000  0.7946  0.0461
[2026-05-28 14:09:50] cl_scratch_v5        lr        962/1000  0.8264  0.1609
[2026-05-28 14:10:11] v4_type_pe_best      mlp       917/1000  0.9081  0.5433
[2026-05-28 14:10:11] cl_scratch_v5        mlp       962/1000  0.8666  0.1448
[2026-05-28 14:10:12] 
======================================================================
[2026-05-28 14:10:12] Dataset: hHep_STRING_500 (500 genes)
[2026-05-28 14:10:12] ======================================================================
[2026-05-28 14:10:12] Train: 8033 (pos=182)
[2026-05-28 14:10:12] Test:  2446 (pos=74)
[2026-05-28 14:10:12] 
Embedding            Clf       Coverage    AUROC    AUPRC
[2026-05-28 14:10:12] ------------------------------------------------------------
[2026-05-28 14:10:13] minus                lr         487/500  0.8768  0.4320
[2026-05-28 14:10:17] scconcept            lr        917/1000  0.8426  0.1642
[2026-05-28 14:10:18] minus                mlp        487/500  0.9314  0.5887
[2026-05-28 14:10:18] baseline             lr         487/500  0.9074  0.5086
[2026-05-28 14:10:24] baseline             mlp        487/500  0.9286  0.5847
[2026-05-28 14:10:25] scGPT_human          lr         487/500  0.8876  0.5185
[2026-05-28 14:10:37] scGPT_human          mlp        487/500  0.9035  0.5813
[2026-05-28 14:10:38] v4_bias_rec_best     lr         487/500  0.9121  0.5366
[2026-05-28 14:10:51] v4_bias_rec_best     mlp        487/500  0.8986  0.5641
[2026-05-28 14:10:52] v4_plain_best        lr         487/500  0.8608  0.4102
[2026-05-28 14:10:58] v4_plain_best        mlp        487/500  0.9285  0.5436
[2026-05-28 14:10:58] v4_type_pe_best      lr         487/500  0.8970  0.4404
[2026-05-28 14:11:06] v4_type_pe_best      mlp        487/500  0.9085  0.5875
[2026-05-28 14:11:07] scconcept            lr         487/500  0.7880  0.1401
[2026-05-28 14:11:17] scconcept            mlp       917/1000  0.8280  0.2055
[2026-05-28 14:11:17] scconcept            mlp        487/500  0.7749  0.1150
[2026-05-28 14:11:18] scconcept_encoded    lr         487/500  0.7826  0.1111
[2026-05-28 14:11:26] scconcept_encoded    lr        917/1000  0.8161  0.1788
[2026-05-28 14:11:28] scconcept_encoded    mlp        487/500  0.7923  0.1478
[2026-05-28 14:11:29] cl_scratch_v5        lr         487/500  0.8688  0.4421
[2026-05-28 14:11:35] cl_scratch_v5        mlp        487/500  0.9286  0.5780
[2026-05-28 14:11:37] 
======================================================================
[2026-05-28 14:11:37] Dataset: hHep_STRING_1000 (1000 genes)
[2026-05-28 14:11:37] ======================================================================
[2026-05-28 14:11:37] Train: 40670 (pos=595)
[2026-05-28 14:11:37] Test:  12277 (pos=229)
[2026-05-28 14:11:37] 
Embedding            Clf       Coverage    AUROC    AUPRC
[2026-05-28 14:11:37] ------------------------------------------------------------
[2026-05-28 14:11:39] minus                lr        962/1000  0.8802  0.3888
[2026-05-28 14:12:21] minus                mlp       962/1000  0.8916  0.4843
[2026-05-28 14:12:24] baseline             lr        962/1000  0.8737  0.4056
[2026-05-28 14:12:25] scconcept_encoded    mlp       917/1000  0.8355  0.1939
[2026-05-28 14:12:25] 
  Cell type: mHSC-GM (mouse), networks: ['Specific', 'Non-Specific', 'STRING']
[2026-05-28 14:12:26] 
======================================================================
[2026-05-28 14:12:26] Dataset: mHSC-GM_Specific_500 (500 genes)
[2026-05-28 14:12:26] ======================================================================
[2026-05-28 14:12:26] Train: 2680 (pos=1488)
[2026-05-28 14:12:26] Test:  818 (pos=453)
[2026-05-28 14:12:26] 
Embedding            Clf       Coverage    AUROC    AUPRC
[2026-05-28 14:12:26] ------------------------------------------------------------
[2026-05-28 14:12:26] minus                lr         449/500  0.7661  0.8009
[2026-05-28 14:12:30] minus                mlp        449/500  0.7917  0.8272
[2026-05-28 14:12:31] baseline             lr         449/500  0.7525  0.7822
[2026-05-28 14:12:35] baseline             mlp        449/500  0.7826  0.8097
[2026-05-28 14:12:36] scGPT_human          lr         449/500  0.7336  0.7577
[2026-05-28 14:12:41] scGPT_human          mlp        449/500  0.7881  0.8309
[2026-05-28 14:12:41] v4_bias_rec_best     lr         449/500  0.7706  0.7835
[2026-05-28 14:12:49] v4_bias_rec_best     mlp        449/500  0.7814  0.8147
[2026-05-28 14:12:49] v4_plain_best        lr         449/500  0.7463  0.7728
[2026-05-28 14:12:52] v4_plain_best        mlp        449/500  0.7658  0.8009
[2026-05-28 14:12:52] v4_type_pe_best      lr         449/500  0.7511  0.7887
[2026-05-28 14:12:53] baseline             mlp       962/1000  0.8874  0.4290
[2026-05-28 14:12:54] v4_type_pe_best      mlp        449/500  0.7754  0.8128
[2026-05-28 14:12:54] scconcept            lr         449/500  0.7180  0.7440
[2026-05-28 14:12:58] scconcept            mlp        449/500  0.7384  0.7669
[2026-05-28 14:12:58] scGPT_human          lr        962/1000  0.8823  0.3842
[2026-05-28 14:12:58] scconcept_encoded    lr         449/500  0.7237  0.7570
[2026-05-28 14:13:00] scconcept_encoded    mlp        449/500  0.7312  0.7744
[2026-05-28 14:13:02] 
======================================================================
[2026-05-28 14:13:02] Dataset: mHSC-GM_Specific_1000 (1000 genes)
[2026-05-28 14:13:02] ======================================================================
[2026-05-28 14:13:02] Train: 11519 (pos=5615)
[2026-05-28 14:13:02] Test:  3475 (pos=1695)
[2026-05-28 14:13:02] 
Embedding            Clf       Coverage    AUROC    AUPRC
[2026-05-28 14:13:02] ------------------------------------------------------------
[2026-05-28 14:13:03] minus                lr        895/1000  0.8692  0.8525
[2026-05-28 14:13:13] minus                mlp       895/1000  0.8747  0.8612
[2026-05-28 14:13:14] baseline             lr        895/1000  0.8684  0.8544
[2026-05-28 14:13:25] baseline             mlp       895/1000  0.8714  0.8612
[2026-05-28 14:13:27] scGPT_human          lr        895/1000  0.8642  0.8459
[2026-05-28 14:13:44] scGPT_human          mlp       895/1000  0.8783  0.8678
[2026-05-28 14:13:44] v4_bias_rec_best     lr        895/1000  0.8628  0.8465
[2026-05-28 14:13:54] v4_bias_rec_best     mlp       895/1000  0.8755  0.8640
[2026-05-28 14:13:55] v4_plain_best        lr        895/1000  0.8692  0.8495
[2026-05-28 14:14:06] v4_plain_best        mlp       895/1000  0.8743  0.8591
[2026-05-28 14:14:07] v4_type_pe_best      lr        895/1000  0.8663  0.8483
[2026-05-28 14:14:16] v4_type_pe_best      mlp       895/1000  0.8748  0.8574
[2026-05-28 14:14:17] scconcept            lr        895/1000  0.8448  0.8155
[2026-05-28 14:14:33] scconcept            mlp       895/1000  0.8456  0.8245
[2026-05-28 14:14:35] scGPT_human          mlp       962/1000  0.8773  0.4711
[2026-05-28 14:14:38] scconcept_encoded    lr        895/1000  0.8505  0.8257
[2026-05-28 14:14:38] v4_bias_rec_best     lr        962/1000  0.8757  0.3927
[2026-05-28 14:15:20] scconcept_encoded    mlp       895/1000  0.8487  0.8284
[2026-05-28 14:15:21] 
======================================================================
[2026-05-28 14:15:21] Dataset: mHSC-GM_Non-Specific_500 (500 genes)
[2026-05-28 14:15:21] ======================================================================
[2026-05-28 14:15:21] Train: 5740 (pos=99)
[2026-05-28 14:15:21] Test:  1751 (pos=44)
[2026-05-28 14:15:21] 
Embedding            Clf       Coverage    AUROC    AUPRC
[2026-05-28 14:15:21] ------------------------------------------------------------
[2026-05-28 14:15:21] minus                lr         449/500  0.7840  0.1914
[2026-05-28 14:15:26] minus                mlp        449/500  0.8330  0.1863
[2026-05-28 14:15:27] baseline             lr         449/500  0.7902  0.2040
[2026-05-28 14:15:31] baseline             mlp        449/500  0.7491  0.0942
[2026-05-28 14:15:32] scGPT_human          lr         449/500  0.7992  0.2566
[2026-05-28 14:15:40] scGPT_human          mlp        449/500  0.7959  0.2827
[2026-05-28 14:15:40] v4_bias_rec_best     lr         449/500  0.8115  0.1633
[2026-05-28 14:15:42] v4_bias_rec_best     mlp       962/1000  0.8883  0.4725
[2026-05-28 14:15:43] v4_bias_rec_best     mlp        449/500  0.7611  0.1101
[2026-05-28 14:15:43] v4_plain_best        lr         449/500  0.7979  0.2092
[2026-05-28 14:15:45] v4_plain_best        lr        962/1000  0.8800  0.3509
[2026-05-28 14:15:46] v4_plain_best        mlp        449/500  0.7391  0.0670
[2026-05-28 14:15:46] v4_type_pe_best      lr         449/500  0.7736  0.1937
[2026-05-28 14:15:50] v4_type_pe_best      mlp        449/500  0.7506  0.0997
[2026-05-28 14:15:51] scconcept            lr         449/500  0.7521  0.1290
[2026-05-28 14:15:57] scconcept            mlp        449/500  0.7565  0.1400
[2026-05-28 14:15:58] scconcept_encoded    lr         449/500  0.7208  0.0694
[2026-05-28 14:16:04] scconcept_encoded    mlp        449/500  0.7127  0.0788
[2026-05-28 14:16:05] 
======================================================================
[2026-05-28 14:16:05] Dataset: mHSC-GM_Non-Specific_1000 (1000 genes)
[2026-05-28 14:16:05] ======================================================================
[2026-05-28 14:16:05] Train: 36836 (pos=351)
[2026-05-28 14:16:05] Test:  11127 (pos=142)
[2026-05-28 14:16:05] 
Embedding            Clf       Coverage    AUROC    AUPRC
[2026-05-28 14:16:05] ------------------------------------------------------------
[2026-05-28 14:16:08] minus                lr        895/1000  0.8189  0.2270
[2026-05-28 14:16:25] v4_plain_best        mlp       962/1000  0.8855  0.4496
[2026-05-28 14:16:28] v4_type_pe_best      lr        962/1000  0.8823  0.3901
[2026-05-28 14:16:41] minus                mlp       895/1000  0.8553  0.2823
[2026-05-28 14:16:43] baseline             lr        895/1000  0.8386  0.2054
[2026-05-28 14:16:58] v4_type_pe_best      mlp       962/1000  0.8944  0.4238
[2026-05-28 14:17:03] scconcept            lr        962/1000  0.8442  0.1866
[2026-05-28 14:17:16] baseline             mlp       895/1000  0.8577  0.2697
[2026-05-28 14:17:21] scGPT_human          lr        895/1000  0.8174  0.1803
[2026-05-28 14:18:07] scGPT_human          mlp       895/1000  0.8548  0.2977
[2026-05-28 14:18:10] v4_bias_rec_best     lr        895/1000  0.8526  0.2351
[2026-05-28 14:18:58] scconcept            mlp       962/1000  0.8125  0.2295
[2026-05-28 14:19:04] v4_bias_rec_best     mlp       895/1000  0.8510  0.2879
[2026-05-28 14:19:05] scconcept_encoded    lr        962/1000  0.8239  0.1828
[2026-05-28 14:19:06] v4_plain_best        lr        895/1000  0.8292  0.2114
[2026-05-28 14:20:02] v4_plain_best        mlp       895/1000  0.8464  0.2967
[2026-05-28 14:20:04] v4_type_pe_best      lr        895/1000  0.8513  0.2353
[2026-05-28 14:20:16] scconcept_encoded    mlp       962/1000  0.8161  0.2115
[2026-05-28 14:20:18] cl_scratch_v5        lr        962/1000  0.8695  0.3842
[2026-05-28 14:20:36] v4_type_pe_best      mlp       895/1000  0.8564  0.2679
[2026-05-28 14:20:41] scconcept            lr        895/1000  0.7721  0.0916
[2026-05-28 14:20:43] cl_scratch_v5        mlp       962/1000  0.8912  0.4170
[2026-05-28 14:20:43] 
  Cell type: mDC (mouse), networks: ['Specific', 'Non-Specific', 'STRING']
[2026-05-28 14:20:44] 
======================================================================
[2026-05-28 14:20:44] Dataset: mDC_Specific_500 (500 genes)
[2026-05-28 14:20:44] ======================================================================
[2026-05-28 14:20:44] Train: 765 (pos=23)
[2026-05-28 14:20:44] Test:  234 (pos=10)
[2026-05-28 14:20:44] 
Embedding            Clf       Coverage    AUROC    AUPRC
[2026-05-28 14:20:44] ------------------------------------------------------------
[2026-05-28 14:20:44] minus                lr         387/500  0.7603  0.1196
[2026-05-28 14:20:44] minus                mlp        387/500  0.6522  0.1175
[2026-05-28 14:20:45] baseline             lr         387/500  0.7991  0.2275
[2026-05-28 14:20:45] baseline             mlp        387/500  0.8281  0.1765
[2026-05-28 14:20:45] scGPT_human          lr         387/500  0.7750  0.2778
[2026-05-28 14:20:47] scGPT_human          mlp        387/500  0.7179  0.1527
[2026-05-28 14:20:47] v4_bias_rec_best     lr         387/500  0.7562  0.1449
[2026-05-28 14:20:47] v4_bias_rec_best     mlp        387/500  0.4607  0.0412
[2026-05-28 14:20:47] v4_plain_best        lr         387/500  0.8701  0.2150
[2026-05-28 14:20:48] v4_plain_best        mlp        387/500  0.7772  0.1224
[2026-05-28 14:20:48] v4_type_pe_best      lr         387/500  0.7714  0.1715
[2026-05-28 14:20:49] v4_type_pe_best      mlp        387/500  0.7058  0.0792
[2026-05-28 14:20:49] scconcept            lr         387/500  0.6987  0.2617
[2026-05-28 14:20:50] scconcept            mlp        387/500  0.6460  0.0808
[2026-05-28 14:20:51] scconcept_encoded    lr         387/500  0.5317  0.0503
[2026-05-28 14:20:52] scconcept_encoded    mlp        387/500  0.5442  0.0511
[2026-05-28 14:20:52] cl_scratch_v5        lr         387/500  0.8103  0.1773
[2026-05-28 14:20:52] cl_scratch_v5        mlp        387/500  0.5920  0.0740
[2026-05-28 14:20:53] 
======================================================================
[2026-05-28 14:20:53] Dataset: mDC_Specific_1000 (1000 genes)
[2026-05-28 14:20:53] ======================================================================
[2026-05-28 14:20:53] Train: 6140 (pos=453)
[2026-05-28 14:20:53] Test:  1853 (pos=143)
[2026-05-28 14:20:53] 
Embedding            Clf       Coverage    AUROC    AUPRC
[2026-05-28 14:20:53] ------------------------------------------------------------
[2026-05-28 14:20:54] minus                lr        803/1000  0.8228  0.3673
[2026-05-28 14:20:58] minus                mlp       803/1000  0.8626  0.4263
[2026-05-28 14:20:59] baseline             lr        803/1000  0.8060  0.3363
[2026-05-28 14:21:04] baseline             mlp       803/1000  0.8624  0.4311
[2026-05-28 14:21:06] scGPT_human          lr        803/1000  0.8125  0.3033
[2026-05-28 14:21:13] scGPT_human          mlp       803/1000  0.8626  0.4261
[2026-05-28 14:21:14] v4_bias_rec_best     lr        803/1000  0.7981  0.3066
[2026-05-28 14:21:21] v4_bias_rec_best     mlp       803/1000  0.8596  0.4389
[2026-05-28 14:21:22] v4_plain_best        lr        803/1000  0.7974  0.3040
[2026-05-28 14:21:25] scconcept            mlp       895/1000  0.7935  0.0741
[2026-05-28 14:21:26] v4_plain_best        mlp       803/1000  0.8631  0.4383
[2026-05-28 14:21:26] v4_type_pe_best      lr        803/1000  0.8175  0.3201
[2026-05-28 14:21:31] v4_type_pe_best      mlp       803/1000  0.8347  0.3918
[2026-05-28 14:21:33] scconcept_encoded    lr        895/1000  0.7723  0.0716
[2026-05-28 14:21:33] scconcept            lr        803/1000  0.7343  0.2218
[2026-05-28 14:21:40] scconcept            mlp       803/1000  0.8185  0.3138
[2026-05-28 14:21:42] scconcept_encoded    lr        803/1000  0.8131  0.2743
[2026-05-28 14:21:51] scconcept_encoded    mlp       803/1000  0.8324  0.2814
[2026-05-28 14:21:51] cl_scratch_v5        lr        803/1000  0.8318  0.3535
[2026-05-28 14:21:58] cl_scratch_v5        mlp       803/1000  0.8685  0.4261
[2026-05-28 14:21:59] 
======================================================================
[2026-05-28 14:21:59] Dataset: mDC_Non-Specific_500 (500 genes)
[2026-05-28 14:21:59] ======================================================================
[2026-05-28 14:21:59] Train: 2676 (pos=20)
[2026-05-28 14:21:59] Test:  819 (pos=13)
[2026-05-28 14:21:59] 
Embedding            Clf       Coverage    AUROC    AUPRC
[2026-05-28 14:21:59] ------------------------------------------------------------
[2026-05-28 14:21:59] minus                lr         387/500  0.7265  0.2227
[2026-05-28 14:22:00] minus                mlp        387/500  0.5668  0.0213
[2026-05-28 14:22:00] baseline             lr         387/500  0.7431  0.1627
[2026-05-28 14:22:02] baseline             mlp        387/500  0.5152  0.0190
[2026-05-28 14:22:02] scGPT_human          lr         387/500  0.6665  0.0966
[2026-05-28 14:22:05] scGPT_human          mlp        387/500  0.6653  0.0488
[2026-05-28 14:22:05] v4_bias_rec_best     lr         387/500  0.7063  0.2053
[2026-05-28 14:22:07] v4_bias_rec_best     mlp        387/500  0.5826  0.0205
[2026-05-28 14:22:08] v4_plain_best        lr         387/500  0.7639  0.1954
[2026-05-28 14:22:10] v4_plain_best        mlp        387/500  0.5878  0.0195
[2026-05-28 14:22:10] v4_type_pe_best      lr         387/500  0.7042  0.2377
[2026-05-28 14:22:12] v4_type_pe_best      mlp        387/500  0.5894  0.0489
[2026-05-28 14:22:12] scconcept            lr         387/500  0.5838  0.1013
[2026-05-28 14:22:15] scconcept            mlp        387/500  0.5406  0.0265
[2026-05-28 14:22:15] scconcept_encoded    lr         387/500  0.6416  0.0298
[2026-05-28 14:22:18] scconcept_encoded    mlp       895/1000  0.7626  0.0569
[2026-05-28 14:22:18] scconcept_encoded    mlp        387/500  0.7143  0.0322
[2026-05-28 14:22:18] cl_scratch_v5        lr         387/500  0.7606  0.2371
[2026-05-28 14:22:19] 
======================================================================
[2026-05-28 14:22:19] Dataset: mHSC-GM_STRING_500 (500 genes)
[2026-05-28 14:22:19] ======================================================================
[2026-05-28 14:22:19] Train: 8408 (pos=62)
[2026-05-28 14:22:19] Test:  2570 (pos=39)
[2026-05-28 14:22:19] 
Embedding            Clf       Coverage    AUROC    AUPRC
[2026-05-28 14:22:19] ------------------------------------------------------------
[2026-05-28 14:22:19] minus                lr         449/500  0.8634  0.2026
[2026-05-28 14:22:19] cl_scratch_v5        mlp        387/500  0.5276  0.0964
[2026-05-28 14:22:20] 
======================================================================
[2026-05-28 14:22:20] Dataset: mDC_Non-Specific_1000 (1000 genes)
[2026-05-28 14:22:20] ======================================================================
[2026-05-28 14:22:20] Train: 29935 (pos=351)
[2026-05-28 14:22:20] Test:  9037 (pos=141)
[2026-05-28 14:22:20] 
Embedding            Clf       Coverage    AUROC    AUPRC
[2026-05-28 14:22:20] ------------------------------------------------------------
[2026-05-28 14:22:22] minus                lr        803/1000  0.8697  0.2471
[2026-05-28 14:22:22] minus                mlp        449/500  0.8590  0.2686
[2026-05-28 14:22:23] baseline             lr         449/500  0.8667  0.1291
[2026-05-28 14:22:29] baseline             mlp        449/500  0.7180  0.1526
[2026-05-28 14:22:29] scGPT_human          lr         449/500  0.8533  0.2859
[2026-05-28 14:22:40] scGPT_human          mlp        449/500  0.7732  0.1913
[2026-05-28 14:22:41] v4_bias_rec_best     lr         449/500  0.8104  0.1583
[2026-05-28 14:22:42] minus                mlp       803/1000  0.8692  0.1608
[2026-05-28 14:22:45] baseline             lr        803/1000  0.8530  0.1696
[2026-05-28 14:22:46] v4_bias_rec_best     mlp        449/500  0.8439  0.2860
[2026-05-28 14:22:47] v4_plain_best        lr         449/500  0.8445  0.2409
[2026-05-28 14:22:53] v4_plain_best        mlp        449/500  0.7944  0.1767
[2026-05-28 14:22:53] v4_type_pe_best      lr         449/500  0.8496  0.1440
[2026-05-28 14:23:00] v4_type_pe_best      mlp        449/500  0.8488  0.2182
[2026-05-28 14:23:01] scconcept            lr         449/500  0.6804  0.0718
[2026-05-28 14:23:04] baseline             mlp       803/1000  0.8666  0.1514
[2026-05-28 14:23:08] scconcept            mlp        449/500  0.6226  0.0238
[2026-05-28 14:23:08] scGPT_human          lr        803/1000  0.8216  0.1971
[2026-05-28 14:23:09] scconcept_encoded    lr         449/500  0.6427  0.0400
[2026-05-28 14:23:18] scconcept_encoded    mlp        449/500  0.6223  0.0489
[2026-05-28 14:23:19] 
======================================================================
[2026-05-28 14:23:19] Dataset: mHSC-GM_STRING_1000 (1000 genes)
[2026-05-28 14:23:19] ======================================================================
[2026-05-28 14:23:19] Train: 43738 (pos=314)
[2026-05-28 14:23:19] Test:  13205 (pos=141)
[2026-05-28 14:23:19] 
Embedding            Clf       Coverage    AUROC    AUPRC
[2026-05-28 14:23:19] ------------------------------------------------------------
[2026-05-28 14:23:23] minus                lr        895/1000  0.8538  0.3462
[2026-05-28 14:24:00] scGPT_human          mlp       803/1000  0.8495  0.2184
[2026-05-28 14:24:01] minus                mlp       895/1000  0.8942  0.4332
[2026-05-28 14:24:03] v4_bias_rec_best     lr        803/1000  0.8496  0.1712
[2026-05-28 14:24:04] baseline             lr        895/1000  0.8647  0.3492
[2026-05-28 14:24:25] v4_bias_rec_best     mlp       803/1000  0.8780  0.1559
[2026-05-28 14:24:28] v4_plain_best        lr        803/1000  0.8633  0.1863
[2026-05-28 14:24:57] v4_plain_best        mlp       803/1000  0.8907  0.2585
[2026-05-28 14:24:58] v4_type_pe_best      lr        803/1000  0.8622  0.1839
[2026-05-28 14:25:30] ======================================================================
[2026-05-28 14:25:30] GRN BEELINE Full Benchmark - Embedding Only
[2026-05-28 14:25:30] ======================================================================
[2026-05-28 14:25:30] Vocab: 60697 genes
[2026-05-28 14:25:30] Loaded minus: (60697, 256)
[2026-05-28 14:25:30] Loaded baseline: (60697, 256)
[2026-05-28 14:25:30] Loaded scGPT_human: (60697, 512)
[2026-05-28 14:25:30] Loaded v4_bias_rec_best: (60697, 256)
[2026-05-28 14:25:31] Loaded v4_plain_best: (60697, 256)
[2026-05-28 14:25:31] Loaded v4_type_pe_best: (60697, 256)
[2026-05-28 14:25:31] Loaded scconcept: (60697, 512)
[2026-05-28 14:25:31] Loaded scconcept_encoded: (60697, 512)
[2026-05-28 14:25:31] Loaded cl_scratch_v5: (60697, 256)
[2026-05-28 14:25:31] BEELINE data already present.
[2026-05-28 14:25:31] 
--- Part 1: scGREAT pre-processed datasets ---
[2026-05-28 14:25:31] 
--- Part 2: BEELINE datasets (from raw data) ---
[2026-05-28 14:25:31] 
  Cell type: hESC (human), networks: ['Specific', 'Non-Specific', 'STRING']
[2026-05-28 14:25:33] 
======================================================================
[2026-05-28 14:25:33] Dataset: hESC_Specific_500 (500 genes)
[2026-05-28 14:25:33] ======================================================================
[2026-05-28 14:25:33] Train: 3446 (pos=539)
[2026-05-28 14:25:33] Test:  1051 (pos=173)
[2026-05-28 14:25:33] 
Embedding            Clf       Coverage    AUROC    AUPRC
[2026-05-28 14:25:33] ------------------------------------------------------------
[2026-05-28 14:25:33] minus                lr         442/500  0.7773  0.3766
[2026-05-28 14:25:35] minus                mlp        442/500  0.8029  0.4060
[2026-05-28 14:25:35] baseline             lr         442/500  0.8162  0.4474
[2026-05-28 14:25:36] baseline             mlp        442/500  0.8259  0.3922
[2026-05-28 14:25:36] scGPT_human          lr         442/500  0.7600  0.3795
[2026-05-28 14:25:38] scGPT_human          mlp        442/500  0.8367  0.4852
[2026-05-28 14:25:38] v4_bias_rec_best     lr         442/500  0.8162  0.4341
[2026-05-28 14:25:40] v4_bias_rec_best     mlp        442/500  0.8026  0.3856
[2026-05-28 14:25:40] v4_plain_best        lr         442/500  0.7904  0.4069
[2026-05-28 14:25:41] v4_plain_best        mlp        442/500  0.8349  0.4684
[2026-05-28 14:25:41] v4_type_pe_best      lr         442/500  0.8006  0.3959
[2026-05-28 14:25:42] v4_type_pe_best      mlp        442/500  0.8279  0.4207
[2026-05-28 14:25:43] scconcept            lr         442/500  0.7769  0.3823
[2026-05-28 14:25:47] scconcept            mlp        442/500  0.8080  0.4328
[2026-05-28 14:25:48] scconcept_encoded    lr         442/500  0.7706  0.3670
[2026-05-28 14:25:50] scconcept_encoded    mlp        442/500  0.8166  0.3999
[2026-05-28 14:25:50] cl_scratch_v5        lr         442/500  0.7952  0.4197
[2026-05-28 14:25:51] cl_scratch_v5        mlp        442/500  0.8288  0.4517
[2026-05-28 14:25:53] 
======================================================================
[2026-05-28 14:25:53] Dataset: hESC_Specific_1000 (1000 genes)
[2026-05-28 14:25:53] ======================================================================
[2026-05-28 14:25:53] Train: 8445 (pos=1353)
[2026-05-28 14:25:53] Test:  2551 (pos=415)
[2026-05-28 14:25:53] 
Embedding            Clf       Coverage    AUROC    AUPRC
[2026-05-28 14:25:53] ------------------------------------------------------------
[2026-05-28 14:25:53] minus                lr        893/1000  0.8434  0.4337
[2026-05-28 14:25:56] minus                mlp       893/1000  0.8499  0.4709
[2026-05-28 14:25:56] baseline             lr        893/1000  0.8524  0.4636
[2026-05-28 14:25:58] baseline             mlp       893/1000  0.8578  0.4826
[2026-05-28 14:25:59] scGPT_human          lr        893/1000  0.8283  0.4293
[2026-05-28 14:26:05] scGPT_human          mlp       893/1000  0.8428  0.4500
[2026-05-28 14:26:06] v4_bias_rec_best     lr        893/1000  0.8511  0.4542
[2026-05-28 14:26:08] v4_bias_rec_best     mlp       893/1000  0.8546  0.4629
[2026-05-28 14:26:08] v4_plain_best        lr        893/1000  0.8501  0.4654
[2026-05-28 14:26:13] v4_plain_best        mlp       893/1000  0.8445  0.4943
[2026-05-28 14:26:14] v4_type_pe_best      lr        893/1000  0.8499  0.4586
[2026-05-28 14:26:17] v4_type_pe_best      mlp       893/1000  0.8600  0.5110
[2026-05-28 14:26:18] scconcept            lr        893/1000  0.8137  0.3935
[2026-05-28 14:26:24] scconcept            mlp       893/1000  0.8109  0.4054
[2026-05-28 14:26:25] scconcept_encoded    lr        893/1000  0.8330  0.4247
[2026-05-28 14:26:29] scconcept_encoded    mlp       893/1000  0.8324  0.4155
[2026-05-28 14:26:29] cl_scratch_v5        lr        893/1000  0.8442  0.4458
[2026-05-28 14:26:32] cl_scratch_v5        mlp       893/1000  0.8579  0.4647
[2026-05-28 14:26:33] 
======================================================================
[2026-05-28 14:26:33] Dataset: hESC_Non-Specific_500 (500 genes)
[2026-05-28 14:26:33] ======================================================================
[2026-05-28 14:26:33] Train: 6125 (pos=108)
[2026-05-28 14:26:33] Test:  1866 (pos=43)
[2026-05-28 14:26:33] 
Embedding            Clf       Coverage    AUROC    AUPRC
[2026-05-28 14:26:33] ------------------------------------------------------------
[2026-05-28 14:26:34] minus                lr         442/500  0.8705  0.2321
[2026-05-28 14:26:35] minus                mlp        442/500  0.8136  0.1467
[2026-05-28 14:26:35] baseline             lr         442/500  0.8614  0.2378
[2026-05-28 14:26:37] baseline             mlp        442/500  0.8736  0.1810
[2026-05-28 14:26:37] scGPT_human          lr         442/500  0.8608  0.2016
[2026-05-28 14:26:40] scGPT_human          mlp        442/500  0.8548  0.1553
[2026-05-28 14:26:40] v4_bias_rec_best     lr         442/500  0.8426  0.1312
[2026-05-28 14:26:42] v4_bias_rec_best     mlp        442/500  0.8754  0.1980
[2026-05-28 14:26:42] v4_plain_best        lr         442/500  0.8741  0.1799
[2026-05-28 14:26:44] v4_plain_best        mlp        442/500  0.8798  0.2060
[2026-05-28 14:26:44] v4_type_pe_best      lr         442/500  0.8469  0.1805
[2026-05-28 14:26:46] v4_type_pe_best      mlp        442/500  0.8335  0.1623
[2026-05-28 14:26:46] scconcept            lr         442/500  0.8204  0.1345
[2026-05-28 14:26:49] scconcept            mlp        442/500  0.8403  0.1082
[2026-05-28 14:26:49] scconcept_encoded    lr         442/500  0.8055  0.0866
[2026-05-28 14:26:52] scconcept_encoded    mlp        442/500  0.7938  0.1041
[2026-05-28 14:26:52] cl_scratch_v5        lr         442/500  0.8681  0.2119
[2026-05-28 14:26:54] cl_scratch_v5        mlp        442/500  0.8796  0.1835
[2026-05-28 14:26:55] 
======================================================================
[2026-05-28 14:26:55] Dataset: hESC_Non-Specific_1000 (1000 genes)
[2026-05-28 14:26:55] ======================================================================
[2026-05-28 14:26:55] Train: 32243 (pos=456)
[2026-05-28 14:26:55] Test:  9732 (pos=169)
[2026-05-28 14:26:55] 
Embedding            Clf       Coverage    AUROC    AUPRC
[2026-05-28 14:26:55] ------------------------------------------------------------
[2026-05-28 14:26:57] minus                lr        893/1000  0.8780  0.1362
[2026-05-28 14:27:05] minus                mlp       893/1000  0.8914  0.1761
[2026-05-28 14:27:06] baseline             lr        893/1000  0.8678  0.1438
[2026-05-28 14:27:14] baseline             mlp       893/1000  0.8952  0.1746
[2026-05-28 14:27:17] scGPT_human          lr        893/1000  0.8256  0.1183
[2026-05-28 14:27:44] scGPT_human          mlp       893/1000  0.8701  0.1498
[2026-05-28 14:27:45] v4_bias_rec_best     lr        893/1000  0.8563  0.1407
[2026-05-28 14:27:53] v4_bias_rec_best     mlp       893/1000  0.8839  0.1599
[2026-05-28 14:27:55] v4_plain_best        lr        893/1000  0.8833  0.1648
[2026-05-28 14:28:04] v4_plain_best        mlp       893/1000  0.9021  0.1498
[2026-05-28 14:28:05] v4_type_pe_best      lr        893/1000  0.8832  0.1820
[2026-05-28 14:28:13] v4_type_pe_best      mlp       893/1000  0.9027  0.1637
[2026-05-28 14:28:16] scconcept            lr        893/1000  0.7976  0.1040
[2026-05-28 14:28:32] scconcept            mlp       893/1000  0.8530  0.1489
[2026-05-28 14:28:36] scconcept_encoded    lr        893/1000  0.8382  0.1049
[2026-05-28 14:28:50] scconcept_encoded    mlp       893/1000  0.8597  0.1084
[2026-05-28 14:28:52] cl_scratch_v5        lr        893/1000  0.8804  0.1596
[2026-05-28 14:29:01] cl_scratch_v5        mlp       893/1000  0.8832  0.1531
[2026-05-28 14:29:02] 
======================================================================
[2026-05-28 14:29:02] Dataset: hESC_STRING_500 (500 genes)
[2026-05-28 14:29:02] ======================================================================
[2026-05-28 14:29:02] Train: 9177 (pos=60)
[2026-05-28 14:29:02] Test:  2799 (pos=35)
[2026-05-28 14:29:02] 
Embedding            Clf       Coverage    AUROC    AUPRC
[2026-05-28 14:29:02] ------------------------------------------------------------
[2026-05-28 14:29:02] minus                lr         442/500  0.8300  0.2805
[2026-05-28 14:29:05] minus                mlp        442/500  0.8033  0.2084
[2026-05-28 14:29:05] baseline             lr         442/500  0.8115  0.2919
[2026-05-28 14:29:07] baseline             mlp        442/500  0.7654  0.0928
[2026-05-28 14:29:08] scGPT_human          lr         442/500  0.8734  0.2924
[2026-05-28 14:29:12] scGPT_human          mlp        442/500  0.7940  0.0723
[2026-05-28 14:29:12] v4_bias_rec_best     lr         442/500  0.8156  0.2326
[2026-05-28 14:29:14] v4_bias_rec_best     mlp        442/500  0.8097  0.0982
[2026-05-28 14:29:15] v4_plain_best        lr         442/500  0.8126  0.2513
[2026-05-28 14:29:17] v4_plain_best        mlp        442/500  0.8039  0.0518
[2026-05-28 14:29:17] v4_type_pe_best      lr         442/500  0.8493  0.2978
[2026-05-28 14:29:20] v4_type_pe_best      mlp        442/500  0.8509  0.2819
[2026-05-28 14:29:21] scconcept            lr         442/500  0.7684  0.2277
[2026-05-28 14:29:25] scconcept            mlp        442/500  0.7391  0.0305
[2026-05-28 14:29:26] scconcept_encoded    lr         442/500  0.7571  0.1058
[2026-05-28 14:29:30] scconcept_encoded    mlp        442/500  0.7115  0.0340
[2026-05-28 14:29:30] cl_scratch_v5        lr         442/500  0.7790  0.2540
[2026-05-28 14:29:32] cl_scratch_v5        mlp        442/500  0.8044  0.2257
[2026-05-28 14:29:34] 
======================================================================
[2026-05-28 14:29:34] Dataset: hESC_STRING_1000 (1000 genes)
[2026-05-28 14:29:34] ======================================================================
[2026-05-28 14:29:34] Train: 41435 (pos=278)
[2026-05-28 14:29:34] Test:  12511 (pos=133)
[2026-05-28 14:29:34] 
Embedding            Clf       Coverage    AUROC    AUPRC
[2026-05-28 14:29:34] ------------------------------------------------------------
[2026-05-28 14:29:36] minus                lr        893/1000  0.8242  0.2252
[2026-05-28 14:29:49] minus                mlp       893/1000  0.8283  0.2244
[2026-05-28 14:29:50] baseline             lr        893/1000  0.8370  0.2110
[2026-05-28 14:30:11] baseline             mlp       893/1000  0.8224  0.2237
[2026-05-28 14:30:15] scGPT_human          lr        893/1000  0.8379  0.1676
[2026-05-28 14:30:40] scGPT_human          mlp       893/1000  0.8556  0.2204
[2026-05-28 14:30:42] v4_bias_rec_best     lr        893/1000  0.8364  0.1947
[2026-05-28 14:31:05] v4_bias_rec_best     mlp       893/1000  0.8241  0.2289
[2026-05-28 14:31:07] v4_plain_best        lr        893/1000  0.7966  0.2183
[2026-05-28 14:31:27] v4_plain_best        mlp       893/1000  0.8007  0.2335
[2026-05-28 14:31:29] v4_type_pe_best      lr        893/1000  0.8444  0.2105
[2026-05-28 14:31:45] v4_type_pe_best      mlp       893/1000  0.8259  0.2836
[2026-05-28 14:31:49] scconcept            lr        893/1000  0.7862  0.0636
[2026-05-28 14:32:12] scconcept            mlp       893/1000  0.7771  0.0961
[2026-05-28 14:32:17] scconcept_encoded    lr        893/1000  0.7560  0.0487
[2026-05-28 14:32:35] scconcept_encoded    mlp       893/1000  0.7128  0.0279
[2026-05-28 14:32:37] cl_scratch_v5        lr        893/1000  0.8271  0.1962
[2026-05-28 14:32:47] cl_scratch_v5        mlp       893/1000  0.8305  0.1885
[2026-05-28 14:32:47] 
  Cell type: hHep (human), networks: ['Specific', 'Non-Specific', 'STRING']
[2026-05-28 14:32:48]   hHep_Specific_500: too few edges after filtering, skipping
[2026-05-28 14:32:49] 
======================================================================
[2026-05-28 14:32:49] Dataset: hHep_Specific_1000 (1000 genes)
[2026-05-28 14:32:49] ======================================================================
[2026-05-28 14:32:49] Train: 3836 (pos=877)
[2026-05-28 14:32:49] Test:  1160 (pos=268)
[2026-05-28 14:32:49] 
Embedding            Clf       Coverage    AUROC    AUPRC
[2026-05-28 14:32:49] ------------------------------------------------------------
[2026-05-28 14:32:50] minus                lr        962/1000  0.8779  0.7286
[2026-05-28 14:32:51] minus                mlp       962/1000  0.8994  0.7858
[2026-05-28 14:32:51] baseline             lr        962/1000  0.8833  0.7321
[2026-05-28 14:32:52] baseline             mlp       962/1000  0.9075  0.7909
[2026-05-28 14:32:53] scGPT_human          lr        962/1000  0.8497  0.6709
[2026-05-28 14:32:55] scGPT_human          mlp       962/1000  0.9092  0.7848
[2026-05-28 14:32:55] v4_bias_rec_best     lr        962/1000  0.8793  0.7218
[2026-05-28 14:32:56] v4_bias_rec_best     mlp       962/1000  0.9067  0.7888
[2026-05-28 14:32:56] v4_plain_best        lr        962/1000  0.8870  0.7684
[2026-05-28 14:32:58] v4_plain_best        mlp       962/1000  0.9043  0.7897
[2026-05-28 14:32:58] v4_type_pe_best      lr        962/1000  0.8868  0.7541
[2026-05-28 14:32:59] v4_type_pe_best      mlp       962/1000  0.9078  0.8028
[2026-05-28 14:33:00] scconcept            lr        962/1000  0.8297  0.6238
[2026-05-28 14:33:02] scconcept            mlp       962/1000  0.8762  0.7262
[2026-05-28 14:33:02] scconcept_encoded    lr        962/1000  0.8329  0.6316
[2026-05-28 14:33:05] scconcept_encoded    mlp       962/1000  0.8750  0.7385
[2026-05-28 14:33:05] cl_scratch_v5        lr        962/1000  0.8847  0.7384
[2026-05-28 14:33:07] cl_scratch_v5        mlp       962/1000  0.8969  0.7572
[2026-05-28 14:33:08] 
======================================================================
[2026-05-28 14:33:08] Dataset: hHep_Non-Specific_500 (500 genes)
[2026-05-28 14:33:08] ======================================================================
[2026-05-28 14:33:08] Train: 5739 (pos=61)
[2026-05-28 14:33:08] Test:  1753 (pos=31)
[2026-05-28 14:33:08] 
Embedding            Clf       Coverage    AUROC    AUPRC
[2026-05-28 14:33:08] ------------------------------------------------------------
[2026-05-28 14:33:08] minus                lr         487/500  0.8201  0.1351
[2026-05-28 14:33:09] minus                mlp        487/500  0.8528  0.1032
[2026-05-28 14:33:10] baseline             lr         487/500  0.7582  0.0836
[2026-05-28 14:33:11] baseline             mlp        487/500  0.7279  0.0643
[2026-05-28 14:33:11] scGPT_human          lr         487/500  0.7999  0.1100
[2026-05-28 14:33:14] scGPT_human          mlp        487/500  0.8079  0.1432
[2026-05-28 14:33:14] v4_bias_rec_best     lr         487/500  0.8275  0.1567
[2026-05-28 14:33:16] v4_bias_rec_best     mlp        487/500  0.7902  0.1198
[2026-05-28 14:33:16] v4_plain_best        lr         487/500  0.7973  0.1219
[2026-05-28 14:33:18] v4_plain_best        mlp        487/500  0.7701  0.0709
[2026-05-28 14:33:18] v4_type_pe_best      lr         487/500  0.8232  0.1577
[2026-05-28 14:33:19] v4_type_pe_best      mlp        487/500  0.7219  0.0515
[2026-05-28 14:33:19] scconcept            lr         487/500  0.7751  0.0993
[2026-05-28 14:33:22] scconcept            mlp        487/500  0.7465  0.0526
[2026-05-28 14:33:22] scconcept_encoded    lr         487/500  0.7451  0.0499
[2026-05-28 14:33:25] scconcept_encoded    mlp        487/500  0.6837  0.0491
[2026-05-28 14:33:25] cl_scratch_v5        lr         487/500  0.7901  0.1102
[2026-05-28 14:33:27] cl_scratch_v5        mlp        487/500  0.8199  0.1230
[2026-05-28 14:33:28] 
======================================================================
[2026-05-28 14:33:28] Dataset: hHep_Non-Specific_1000 (1000 genes)
[2026-05-28 14:33:28] ======================================================================
[2026-05-28 14:33:28] Train: 29174 (pos=246)
[2026-05-28 14:33:28] Test:  8805 (pos=102)
[2026-05-28 14:33:28] 
Embedding            Clf       Coverage    AUROC    AUPRC
[2026-05-28 14:33:28] ------------------------------------------------------------
[2026-05-28 14:33:29] minus                lr        962/1000  0.8540  0.1270
[2026-05-28 14:33:36] minus                mlp       962/1000  0.8733  0.1731
[2026-05-28 14:33:38] baseline             lr        962/1000  0.8335  0.1440
[2026-05-28 14:33:45] baseline             mlp       962/1000  0.8585  0.1537
[2026-05-28 14:33:47] scGPT_human          lr        962/1000  0.8343  0.1462
[2026-05-28 14:34:00] scGPT_human          mlp       962/1000  0.8813  0.1436
[2026-05-28 14:34:01] v4_bias_rec_best     lr        962/1000  0.8123  0.1103
[2026-05-28 14:34:09] v4_bias_rec_best     mlp       962/1000  0.8445  0.1036
[2026-05-28 14:34:10] v4_plain_best        lr        962/1000  0.8259  0.1097
[2026-05-28 14:34:17] v4_plain_best        mlp       962/1000  0.8764  0.1486
[2026-05-28 14:34:18] v4_type_pe_best      lr        962/1000  0.8367  0.1396
[2026-05-28 14:34:25] v4_type_pe_best      mlp       962/1000  0.8720  0.1940
[2026-05-28 14:34:28] scconcept            lr        962/1000  0.7649  0.0928
[2026-05-28 14:34:48] scconcept            mlp       962/1000  0.8029  0.0824
[2026-05-28 14:34:52] scconcept_encoded    lr        962/1000  0.8202  0.0622
[2026-05-28 14:35:05] scconcept_encoded    mlp       962/1000  0.7946  0.0461
[2026-05-28 14:35:07] cl_scratch_v5        lr        962/1000  0.8264  0.1609
[2026-05-28 14:35:14] cl_scratch_v5        mlp       962/1000  0.8666  0.1448
[2026-05-28 14:35:15] 
======================================================================
[2026-05-28 14:35:15] Dataset: hHep_STRING_500 (500 genes)
[2026-05-28 14:35:15] ======================================================================
[2026-05-28 14:35:15] Train: 8033 (pos=182)
[2026-05-28 14:35:15] Test:  2446 (pos=74)
[2026-05-28 14:35:15] 
Embedding            Clf       Coverage    AUROC    AUPRC
[2026-05-28 14:35:15] ------------------------------------------------------------
[2026-05-28 14:35:15] minus                lr         487/500  0.8768  0.4320
[2026-05-28 14:35:18] minus                mlp        487/500  0.9314  0.5887
[2026-05-28 14:35:18] baseline             lr         487/500  0.9074  0.5086
[2026-05-28 14:35:21] baseline             mlp        487/500  0.9286  0.5847
[2026-05-28 14:35:21] scGPT_human          lr         487/500  0.8876  0.5185
[2026-05-28 14:35:26] scGPT_human          mlp        487/500  0.9035  0.5813
[2026-05-28 14:35:26] v4_bias_rec_best     lr         487/500  0.9121  0.5366
[2026-05-28 14:35:31] v4_bias_rec_best     mlp        487/500  0.8986  0.5641
[2026-05-28 14:35:31] v4_plain_best        lr         487/500  0.8608  0.4102
[2026-05-28 14:35:33] v4_plain_best        mlp        487/500  0.9285  0.5436
[2026-05-28 14:35:34] v4_type_pe_best      lr         487/500  0.8970  0.4404
[2026-05-28 14:35:36] v4_type_pe_best      mlp        487/500  0.9085  0.5875
[2026-05-28 14:35:37] scconcept            lr         487/500  0.7880  0.1401
[2026-05-28 14:35:41] scconcept            mlp        487/500  0.7749  0.1150
[2026-05-28 14:35:41] scconcept_encoded    lr         487/500  0.7826  0.1111
[2026-05-28 14:35:46] scconcept_encoded    mlp        487/500  0.7923  0.1478
[2026-05-28 14:35:47] cl_scratch_v5        lr         487/500  0.8688  0.4421
[2026-05-28 14:35:49] cl_scratch_v5        mlp        487/500  0.9286  0.5780
[2026-05-28 14:35:50] 
======================================================================
[2026-05-28 14:35:50] Dataset: hHep_STRING_1000 (1000 genes)
[2026-05-28 14:35:50] ======================================================================
[2026-05-28 14:35:50] Train: 40670 (pos=595)
[2026-05-28 14:35:50] Test:  12277 (pos=229)
[2026-05-28 14:35:50] 
Embedding            Clf       Coverage    AUROC    AUPRC
[2026-05-28 14:35:50] ------------------------------------------------------------
[2026-05-28 14:35:52] minus                lr        962/1000  0.8802  0.3888
[2026-05-28 14:36:06] minus                mlp       962/1000  0.8916  0.4843
[2026-05-28 14:36:07] baseline             lr        962/1000  0.8737  0.4056
[2026-05-28 14:36:18] baseline             mlp       962/1000  0.8874  0.4290
[2026-05-28 14:36:21] scGPT_human          lr        962/1000  0.8823  0.3842
[2026-05-28 14:36:59] scGPT_human          mlp       962/1000  0.8773  0.4711
[2026-05-28 14:37:01] v4_bias_rec_best     lr        962/1000  0.8757  0.3927
[2026-05-28 14:37:25] v4_bias_rec_best     mlp       962/1000  0.8883  0.4725
[2026-05-28 14:37:27] v4_plain_best        lr        962/1000  0.8800  0.3509
[2026-05-28 14:37:43] v4_plain_best        mlp       962/1000  0.8855  0.4496
[2026-05-28 14:37:45] v4_type_pe_best      lr        962/1000  0.8823  0.3901
[2026-05-28 14:37:55] v4_type_pe_best      mlp       962/1000  0.8944  0.4238
[2026-05-28 14:37:59] scconcept            lr        962/1000  0.8442  0.1866
[2026-05-28 14:38:40] scconcept            mlp       962/1000  0.8125  0.2295
[2026-05-28 14:38:45] scconcept_encoded    lr        962/1000  0.8239  0.1828
[2026-05-28 14:39:11] scconcept_encoded    mlp       962/1000  0.8161  0.2115
[2026-05-28 14:39:12] cl_scratch_v5        lr        962/1000  0.8695  0.3842
[2026-05-28 14:39:23] cl_scratch_v5        mlp       962/1000  0.8912  0.4170
[2026-05-28 14:39:23] 
  Cell type: mDC (mouse), networks: ['Specific', 'Non-Specific', 'STRING']
[2026-05-28 14:39:23] 
======================================================================
[2026-05-28 14:39:23] Dataset: mDC_Specific_500 (500 genes)
[2026-05-28 14:39:23] ======================================================================
[2026-05-28 14:39:23] Train: 765 (pos=23)
[2026-05-28 14:39:23] Test:  234 (pos=10)
[2026-05-28 14:39:23] 
Embedding            Clf       Coverage    AUROC    AUPRC
[2026-05-28 14:39:23] ------------------------------------------------------------
[2026-05-28 14:39:23] minus                lr         387/500  0.7603  0.1196
[2026-05-28 14:39:24] minus                mlp        387/500  0.6522  0.1175
[2026-05-28 14:39:24] baseline             lr         387/500  0.7991  0.2275
[2026-05-28 14:39:24] baseline             mlp        387/500  0.8281  0.1765
[2026-05-28 14:39:24] scGPT_human          lr         387/500  0.7750  0.2778
[2026-05-28 14:39:24] scGPT_human          mlp        387/500  0.7179  0.1527
[2026-05-28 14:39:24] v4_bias_rec_best     lr         387/500  0.7562  0.1449
[2026-05-28 14:39:25] v4_bias_rec_best     mlp        387/500  0.4607  0.0412
[2026-05-28 14:39:25] v4_plain_best        lr         387/500  0.8701  0.2150
[2026-05-28 14:39:25] v4_plain_best        mlp        387/500  0.7772  0.1224
[2026-05-28 14:39:25] v4_type_pe_best      lr         387/500  0.7714  0.1715
[2026-05-28 14:39:25] v4_type_pe_best      mlp        387/500  0.7058  0.0792
[2026-05-28 14:39:25] scconcept            lr         387/500  0.6987  0.2617
[2026-05-28 14:39:26] scconcept            mlp        387/500  0.6460  0.0808
[2026-05-28 14:39:26] scconcept_encoded    lr         387/500  0.5317  0.0503
[2026-05-28 14:39:26] scconcept_encoded    mlp        387/500  0.5442  0.0511
[2026-05-28 14:39:26] cl_scratch_v5        lr         387/500  0.8103  0.1773
[2026-05-28 14:39:26] cl_scratch_v5        mlp        387/500  0.5920  0.0740
[2026-05-28 14:39:27] 
======================================================================
[2026-05-28 14:39:27] Dataset: mDC_Specific_1000 (1000 genes)
[2026-05-28 14:39:27] ======================================================================
[2026-05-28 14:39:27] Train: 6140 (pos=453)
[2026-05-28 14:39:27] Test:  1853 (pos=143)
[2026-05-28 14:39:27] 
Embedding            Clf       Coverage    AUROC    AUPRC
[2026-05-28 14:39:27] ------------------------------------------------------------
[2026-05-28 14:39:27] minus                lr        803/1000  0.8228  0.3673
[2026-05-28 14:39:29] minus                mlp       803/1000  0.8626  0.4263
[2026-05-28 14:39:29] baseline             lr        803/1000  0.8060  0.3363
[2026-05-28 14:39:31] baseline             mlp       803/1000  0.8624  0.4311
[2026-05-28 14:39:31] scGPT_human          lr        803/1000  0.8125  0.3033
[2026-05-28 14:39:34] scGPT_human          mlp       803/1000  0.8626  0.4261
[2026-05-28 14:39:34] v4_bias_rec_best     lr        803/1000  0.7981  0.3066
[2026-05-28 14:39:36] v4_bias_rec_best     mlp       803/1000  0.8596  0.4389
[2026-05-28 14:39:36] v4_plain_best        lr        803/1000  0.7974  0.3040
[2026-05-28 14:39:38] v4_plain_best        mlp       803/1000  0.8631  0.4383
[2026-05-28 14:39:38] v4_type_pe_best      lr        803/1000  0.8175  0.3201
[2026-05-28 14:39:41] v4_type_pe_best      mlp       803/1000  0.8347  0.3918
[2026-05-28 14:39:41] scconcept            lr        803/1000  0.7343  0.2218
[2026-05-28 14:39:45] scconcept            mlp       803/1000  0.8185  0.3138
[2026-05-28 14:39:46] scconcept_encoded    lr        803/1000  0.8131  0.2743
[2026-05-28 14:39:48] scconcept_encoded    mlp       803/1000  0.8324  0.2814
[2026-05-28 14:39:49] cl_scratch_v5        lr        803/1000  0.8318  0.3535
[2026-05-28 14:39:51] cl_scratch_v5        mlp       803/1000  0.8685  0.4261
[2026-05-28 14:39:51] 
======================================================================
[2026-05-28 14:39:51] Dataset: mDC_Non-Specific_500 (500 genes)
[2026-05-28 14:39:51] ======================================================================
[2026-05-28 14:39:51] Train: 2676 (pos=20)
[2026-05-28 14:39:51] Test:  819 (pos=13)
[2026-05-28 14:39:51] 
Embedding            Clf       Coverage    AUROC    AUPRC
[2026-05-28 14:39:51] ------------------------------------------------------------
[2026-05-28 14:39:51] minus                lr         387/500  0.7265  0.2227
[2026-05-28 14:39:52] minus                mlp        387/500  0.5668  0.0213
[2026-05-28 14:39:52] baseline             lr         387/500  0.7431  0.1627
[2026-05-28 14:39:53] baseline             mlp        387/500  0.5152  0.0190
[2026-05-28 14:39:53] scGPT_human          lr         387/500  0.6665  0.0966
[2026-05-28 14:39:54] scGPT_human          mlp        387/500  0.6653  0.0488
[2026-05-28 14:39:54] v4_bias_rec_best     lr         387/500  0.7063  0.2053
[2026-05-28 14:39:55] v4_bias_rec_best     mlp        387/500  0.5826  0.0205
[2026-05-28 14:39:55] v4_plain_best        lr         387/500  0.7639  0.1954
[2026-05-28 14:39:55] v4_plain_best        mlp        387/500  0.5878  0.0195
[2026-05-28 14:39:55] v4_type_pe_best      lr         387/500  0.7042  0.2377
[2026-05-28 14:39:56] v4_type_pe_best      mlp        387/500  0.5894  0.0489
[2026-05-28 14:39:56] scconcept            lr         387/500  0.5838  0.1013
[2026-05-28 14:39:57] scconcept            mlp        387/500  0.5406  0.0265
[2026-05-28 14:39:58] scconcept_encoded    lr         387/500  0.6416  0.0298
[2026-05-28 14:39:59] scconcept_encoded    mlp        387/500  0.7143  0.0322
[2026-05-28 14:39:59] cl_scratch_v5        lr         387/500  0.7606  0.2371
[2026-05-28 14:40:00] cl_scratch_v5        mlp        387/500  0.5276  0.0964
[2026-05-28 14:40:00] 
======================================================================
[2026-05-28 14:40:00] Dataset: mDC_Non-Specific_1000 (1000 genes)
[2026-05-28 14:40:00] ======================================================================
[2026-05-28 14:40:00] Train: 29935 (pos=351)
[2026-05-28 14:40:00] Test:  9037 (pos=141)
[2026-05-28 14:40:00] 
Embedding            Clf       Coverage    AUROC    AUPRC
[2026-05-28 14:40:00] ------------------------------------------------------------
[2026-05-28 14:40:01] minus                lr        803/1000  0.8697  0.2471
[2026-05-28 14:40:08] minus                mlp       803/1000  0.8692  0.1608
[2026-05-28 14:40:10] baseline             lr        803/1000  0.8530  0.1696
[2026-05-28 14:40:17] baseline             mlp       803/1000  0.8666  0.1514
[2026-05-28 14:40:20] scGPT_human          lr        803/1000  0.8216  0.1971
[2026-05-28 14:40:38] scGPT_human          mlp       803/1000  0.8495  0.2184
[2026-05-28 14:40:39] v4_bias_rec_best     lr        803/1000  0.8496  0.1712
[2026-05-28 14:40:46] v4_bias_rec_best     mlp       803/1000  0.8780  0.1559
[2026-05-28 14:40:48] v4_plain_best        lr        803/1000  0.8633  0.1863
[2026-05-28 14:40:56] v4_plain_best        mlp       803/1000  0.8907  0.2585
[2026-05-28 14:40:57] v4_type_pe_best      lr        803/1000  0.8622  0.1839
[2026-05-28 14:41:04] v4_type_pe_best      mlp       803/1000  0.8759  0.1508
[2026-05-28 14:41:07] scconcept            lr        803/1000  0.7448  0.1157
[2026-05-28 14:41:20] scconcept            mlp       803/1000  0.7916  0.0843
[2026-05-28 14:41:24] scconcept_encoded    lr        803/1000  0.7498  0.0916
[2026-05-28 14:41:37] scconcept_encoded    mlp       803/1000  0.7164  0.0446
[2026-05-28 14:41:39] cl_scratch_v5        lr        803/1000  0.8675  0.1933
[2026-05-28 14:41:47] cl_scratch_v5        mlp       803/1000  0.8850  0.2457
[2026-05-28 14:41:48] 
======================================================================
[2026-05-28 14:41:48] Dataset: mDC_STRING_500 (500 genes)
[2026-05-28 14:41:48] ======================================================================
[2026-05-28 14:41:48] Train: 4206 (pos=89)
[2026-05-28 14:41:48] Test:  1283 (pos=36)
[2026-05-28 14:41:48] 
Embedding            Clf       Coverage    AUROC    AUPRC
[2026-05-28 14:41:48] ------------------------------------------------------------
[2026-05-28 14:41:48] minus                lr         387/500  0.8384  0.2730
[2026-05-28 14:41:49] minus                mlp        387/500  0.7997  0.2157
[2026-05-28 14:41:49] baseline             lr         387/500  0.7955  0.2000
[2026-05-28 14:41:50] baseline             mlp        387/500  0.8653  0.4749
[2026-05-28 14:41:51] scGPT_human          lr         387/500  0.8476  0.3275
[2026-05-28 14:41:52] scGPT_human          mlp        387/500  0.8907  0.5008
[2026-05-28 14:41:53] v4_bias_rec_best     lr         387/500  0.8273  0.3269
[2026-05-28 14:41:54] v4_bias_rec_best     mlp        387/500  0.8625  0.3989
[2026-05-28 14:41:54] v4_plain_best        lr         387/500  0.8618  0.3438
[2026-05-28 14:41:56] v4_plain_best        mlp        387/500  0.8973  0.5484
[2026-05-28 14:41:56] v4_type_pe_best      lr         387/500  0.8352  0.2786
[2026-05-28 14:41:58] v4_type_pe_best      mlp        387/500  0.8860  0.4631
[2026-05-28 14:41:58] scconcept            lr         387/500  0.6644  0.0613
[2026-05-28 14:42:00] scconcept            mlp        387/500  0.7228  0.1239
[2026-05-28 14:42:00] scconcept_encoded    lr         387/500  0.7056  0.0949
[2026-05-28 14:42:02] scconcept_encoded    mlp        387/500  0.7354  0.0742
[2026-05-28 14:42:02] cl_scratch_v5        lr         387/500  0.8597  0.3849
[2026-05-28 14:42:03] cl_scratch_v5        mlp        387/500  0.8741  0.3903
[2026-05-28 14:42:04] 
======================================================================
[2026-05-28 14:42:04] Dataset: mDC_STRING_1000 (1000 genes)
[2026-05-28 14:42:04] ======================================================================
[2026-05-28 14:42:04] Train: 30695 (pos=600)
[2026-05-28 14:42:04] Test:  9265 (pos=217)
[2026-05-28 14:42:04] 
Embedding            Clf       Coverage    AUROC    AUPRC
[2026-05-28 14:42:04] ------------------------------------------------------------
[2026-05-28 14:42:05] minus                lr        803/1000  0.8978  0.3925
[2026-05-28 14:42:18] minus                mlp       803/1000  0.9047  0.5035
[2026-05-28 14:42:19] baseline             lr        803/1000  0.8854  0.3854
[2026-05-28 14:42:27] baseline             mlp       803/1000  0.9093  0.5013
[2026-05-28 14:42:30] scGPT_human          lr        803/1000  0.8764  0.3570
[2026-05-28 14:42:54] scGPT_human          mlp       803/1000  0.9066  0.5543
[2026-05-28 14:42:55] v4_bias_rec_best     lr        803/1000  0.8932  0.3733
[2026-05-28 14:43:06] v4_bias_rec_best     mlp       803/1000  0.9072  0.4574
[2026-05-28 14:43:07] v4_plain_best        lr        803/1000  0.8910  0.3789
[2026-05-28 14:43:20] v4_plain_best        mlp       803/1000  0.9130  0.5433
[2026-05-28 14:43:21] v4_type_pe_best      lr        803/1000  0.9004  0.4297
[2026-05-28 14:43:33] v4_type_pe_best      mlp       803/1000  0.9179  0.5551
[2026-05-28 14:43:36] scconcept            lr        803/1000  0.8436  0.2090
[2026-05-28 14:44:01] scconcept            mlp       803/1000  0.8290  0.2848
[2026-05-28 14:44:05] scconcept_encoded    lr        803/1000  0.8291  0.2104
[2026-05-28 14:44:22] scconcept_encoded    mlp       803/1000  0.8214  0.2394
[2026-05-28 14:44:23] cl_scratch_v5        lr        803/1000  0.8964  0.3911
[2026-05-28 14:44:37] cl_scratch_v5        mlp       803/1000  0.9198  0.5429
[2026-05-28 14:44:37] 
  Cell type: mESC (mouse), networks: ['Specific', 'Non-Specific', 'STRING']
[2026-05-28 14:44:39]   mESC_Specific_500: too few edges after filtering, skipping
[2026-05-28 14:44:40]   mESC_Specific_1000: too few edges after filtering, skipping
[2026-05-28 14:44:41]   mESC_Non-Specific_500: too few edges after filtering, skipping
[2026-05-28 14:44:42]   mESC_Non-Specific_1000: too few edges after filtering, skipping
[2026-05-28 14:44:44]   mESC_STRING_500: too few edges after filtering, skipping
[2026-05-28 14:44:45]   mESC_STRING_1000: too few edges after filtering, skipping
[2026-05-28 14:44:45] 
  Cell type: mHSC-E (mouse), networks: ['Specific', 'Non-Specific', 'STRING']
[2026-05-28 14:44:46] 
======================================================================
[2026-05-28 14:44:46] Dataset: mHSC-E_Specific_500 (500 genes)
[2026-05-28 14:44:46] ======================================================================
[2026-05-28 14:44:46] Train: 1914 (pos=770)
[2026-05-28 14:44:46] Test:  584 (pos=238)
[2026-05-28 14:44:46] 
Embedding            Clf       Coverage    AUROC    AUPRC
[2026-05-28 14:44:46] ------------------------------------------------------------
[2026-05-28 14:44:46] minus                lr         457/500  0.7857  0.6989
[2026-05-28 14:44:47] minus                mlp        457/500  0.8519  0.8063
[2026-05-28 14:44:47] baseline             lr         457/500  0.8081  0.7446
[2026-05-28 14:44:48] baseline             mlp        457/500  0.8554  0.8050
[2026-05-28 14:44:48] scGPT_human          lr         457/500  0.7574  0.6833
[2026-05-28 14:44:49] scGPT_human          mlp        457/500  0.8575  0.8190
[2026-05-28 14:44:49] v4_bias_rec_best     lr         457/500  0.8068  0.7455
[2026-05-28 14:44:49] v4_bias_rec_best     mlp        457/500  0.8664  0.8185
[2026-05-28 14:44:50] v4_plain_best        lr         457/500  0.7896  0.7258
[2026-05-28 14:44:51] v4_plain_best        mlp        457/500  0.8597  0.8109
[2026-05-28 14:44:51] v4_type_pe_best      lr         457/500  0.8070  0.7593
[2026-05-28 14:44:51] v4_type_pe_best      mlp        457/500  0.8573  0.8167
[2026-05-28 14:44:51] scconcept            lr         457/500  0.7222  0.5899
[2026-05-28 14:44:53] scconcept            mlp        457/500  0.8264  0.7542
[2026-05-28 14:44:53] scconcept_encoded    lr         457/500  0.7856  0.6964
[2026-05-28 14:44:54] scconcept_encoded    mlp        457/500  0.8311  0.7602
[2026-05-28 14:44:54] cl_scratch_v5        lr         457/500  0.8142  0.7586
[2026-05-28 14:44:55] cl_scratch_v5        mlp        457/500  0.8543  0.7975
[2026-05-28 14:44:57] 
======================================================================
[2026-05-28 14:44:57] Dataset: mHSC-E_Specific_1000 (1000 genes)
[2026-05-28 14:44:57] ======================================================================
[2026-05-28 14:44:57] Train: 9983 (pos=4937)
[2026-05-28 14:44:57] Test:  3013 (pos=1490)
[2026-05-28 14:44:57] 
Embedding            Clf       Coverage    AUROC    AUPRC
[2026-05-28 14:44:57] ------------------------------------------------------------
[2026-05-28 14:44:57] minus                lr        917/1000  0.8943  0.8876
[2026-05-28 14:45:02] minus                mlp       917/1000  0.8975  0.8920
[2026-05-28 14:45:03] baseline             lr        917/1000  0.8916  0.8841
[2026-05-28 14:45:06] baseline             mlp       917/1000  0.8920  0.8815
[2026-05-28 14:45:07] scGPT_human          lr        917/1000  0.8916  0.8877
[2026-05-28 14:45:16] scGPT_human          mlp       917/1000  0.8999  0.8943
[2026-05-28 14:45:16] v4_bias_rec_best     lr        917/1000  0.8941  0.8842
[2026-05-28 14:45:23] v4_bias_rec_best     mlp       917/1000  0.8983  0.8930
[2026-05-28 14:45:23] v4_plain_best        lr        917/1000  0.8944  0.8845
[2026-05-28 14:45:28] v4_plain_best        mlp       917/1000  0.8953  0.8877
[2026-05-28 14:45:29] v4_type_pe_best      lr        917/1000  0.8922  0.8828
[2026-05-28 14:45:37] v4_type_pe_best      mlp       917/1000  0.8976  0.8921
[2026-05-28 14:45:37] scconcept            lr        917/1000  0.8704  0.8573
[2026-05-28 14:45:47] scconcept            mlp       917/1000  0.8833  0.8724
[2026-05-28 14:45:49] scconcept_encoded    lr        917/1000  0.8815  0.8714
[2026-05-28 14:45:59] scconcept_encoded    mlp       917/1000  0.8746  0.8632
[2026-05-28 14:45:59] cl_scratch_v5        lr        917/1000  0.8931  0.8850
[2026-05-28 14:46:07] cl_scratch_v5        mlp       917/1000  0.8989  0.8919
[2026-05-28 14:46:08] 
======================================================================
[2026-05-28 14:46:08] Dataset: mHSC-E_Non-Specific_500 (500 genes)
[2026-05-28 14:46:08] ======================================================================
[2026-05-28 14:46:08] Train: 8032 (pos=177)
[2026-05-28 14:46:08] Test:  2452 (pos=71)
[2026-05-28 14:46:08] 
Embedding            Clf       Coverage    AUROC    AUPRC
[2026-05-28 14:46:08] ------------------------------------------------------------
[2026-05-28 14:46:08] minus                lr         457/500  0.8057  0.1758
[2026-05-28 14:46:11] minus                mlp        457/500  0.8655  0.3202
[2026-05-28 14:46:11] baseline             lr         457/500  0.7961  0.1520
[2026-05-28 14:46:14] baseline             mlp        457/500  0.8629  0.2528
[2026-05-28 14:46:14] scGPT_human          lr         457/500  0.8396  0.2404
[2026-05-28 14:46:20] scGPT_human          mlp        457/500  0.8671  0.2797
[2026-05-28 14:46:20] v4_bias_rec_best     lr         457/500  0.8493  0.1729
[2026-05-28 14:46:23] v4_bias_rec_best     mlp        457/500  0.8725  0.3004
[2026-05-28 14:46:23] v4_plain_best        lr         457/500  0.8272  0.1404
[2026-05-28 14:46:25] v4_plain_best        mlp        457/500  0.8634  0.2683
[2026-05-28 14:46:25] v4_type_pe_best      lr         457/500  0.8174  0.2318
[2026-05-28 14:46:29] v4_type_pe_best      mlp        457/500  0.8336  0.2534
[2026-05-28 14:46:30] scconcept            lr         457/500  0.7164  0.0765
[2026-05-28 14:46:33] scconcept            mlp        457/500  0.7756  0.0834
[2026-05-28 14:46:34] scconcept_encoded    lr         457/500  0.7619  0.0865
[2026-05-28 14:46:38] scconcept_encoded    mlp        457/500  0.7630  0.0885
[2026-05-28 14:46:38] cl_scratch_v5        lr         457/500  0.8247  0.2003
[2026-05-28 14:46:42] cl_scratch_v5        mlp        457/500  0.8565  0.2795
[2026-05-28 14:46:43] 
======================================================================
[2026-05-28 14:46:43] Dataset: mHSC-E_Non-Specific_1000 (1000 genes)
[2026-05-28 14:46:43] ======================================================================
[2026-05-28 14:46:43] Train: 36844 (pos=502)
[2026-05-28 14:46:43] Test:  11119 (pos=189)
[2026-05-28 14:46:43] 
Embedding            Clf       Coverage    AUROC    AUPRC
[2026-05-28 14:46:43] ------------------------------------------------------------
[2026-05-28 14:46:44] minus                lr        917/1000  0.8663  0.2260
[2026-05-28 14:46:56] minus                mlp       917/1000  0.8763  0.3239
[2026-05-28 14:46:58] baseline             lr        917/1000  0.8652  0.2280
[2026-05-28 14:47:10] baseline             mlp       917/1000  0.8825  0.2950
[2026-05-28 14:47:13] scGPT_human          lr        917/1000  0.8288  0.2008
[2026-05-28 14:47:37] scGPT_human          mlp       917/1000  0.8872  0.3363
[2026-05-28 14:47:39] v4_bias_rec_best     lr        917/1000  0.8526  0.1976
[2026-05-28 14:47:48] v4_bias_rec_best     mlp       917/1000  0.8649  0.2232
[2026-05-28 14:47:50] v4_plain_best        lr        917/1000  0.8497  0.1852
[2026-05-28 14:48:00] v4_plain_best        mlp       917/1000  0.8708  0.2460
[2026-05-28 14:48:01] v4_type_pe_best      lr        917/1000  0.8622  0.2130
[2026-05-28 14:48:15] v4_type_pe_best      mlp       917/1000  0.8770  0.2926
[2026-05-28 14:48:18] scconcept            lr        917/1000  0.7841  0.0983
[2026-05-28 14:48:52] scconcept            mlp       917/1000  0.8237  0.1494
[2026-05-28 14:48:57] scconcept_encoded    lr        917/1000  0.7966  0.0768
[2026-05-28 14:49:13] scconcept_encoded    mlp       917/1000  0.7743  0.0646
[2026-05-28 14:49:14] cl_scratch_v5        lr        917/1000  0.8569  0.2394
[2026-05-28 14:49:28] cl_scratch_v5        mlp       917/1000  0.8801  0.3443
[2026-05-28 14:49:29] 
======================================================================
[2026-05-28 14:49:29] Dataset: mHSC-E_STRING_500 (500 genes)
[2026-05-28 14:49:29] ======================================================================
[2026-05-28 14:49:29] Train: 9560 (pos=159)
[2026-05-28 14:49:29] Test:  2915 (pos=69)
[2026-05-28 14:49:29] 
Embedding            Clf       Coverage    AUROC    AUPRC
[2026-05-28 14:49:29] ------------------------------------------------------------
[2026-05-28 14:49:29] minus                lr         457/500  0.9206  0.4641
[2026-05-28 14:49:33] minus                mlp        457/500  0.9355  0.6372
[2026-05-28 14:49:33] baseline             lr         457/500  0.8832  0.4512
[2026-05-28 14:49:36] baseline             mlp        457/500  0.9136  0.6220
[2026-05-28 14:49:37] scGPT_human          lr         457/500  0.8956  0.5261
[2026-05-28 14:49:43] scGPT_human          mlp        457/500  0.9227  0.6032
[2026-05-28 14:49:43] v4_bias_rec_best     lr         457/500  0.8843  0.5369
[2026-05-28 14:49:47] v4_bias_rec_best     mlp        457/500  0.8805  0.6151
[2026-05-28 14:49:48] v4_plain_best        lr         457/500  0.8905  0.5310
[2026-05-28 14:49:53] v4_plain_best        mlp        457/500  0.9200  0.6239
[2026-05-28 14:49:53] v4_type_pe_best      lr         457/500  0.8647  0.4664
[2026-05-28 14:49:57] v4_type_pe_best      mlp        457/500  0.8973  0.5784
[2026-05-28 14:49:58] scconcept            lr         457/500  0.8033  0.1083
[2026-05-28 14:50:03] scconcept            mlp        457/500  0.8285  0.1483
[2026-05-28 14:50:04] scconcept_encoded    lr         457/500  0.7663  0.1358
[2026-05-28 14:50:08] scconcept_encoded    mlp        457/500  0.7709  0.0672
[2026-05-28 14:50:08] cl_scratch_v5        lr         457/500  0.9064  0.5184
[2026-05-28 14:50:12] cl_scratch_v5        mlp        457/500  0.9118  0.6037
[2026-05-28 14:50:13] 
======================================================================
[2026-05-28 14:50:13] Dataset: mHSC-E_STRING_1000 (1000 genes)
[2026-05-28 14:50:13] ======================================================================
[2026-05-28 14:50:13] Train: 40670 (pos=500)
[2026-05-28 14:50:13] Test:  12277 (pos=202)
[2026-05-28 14:50:13] 
Embedding            Clf       Coverage    AUROC    AUPRC
[2026-05-28 14:50:13] ------------------------------------------------------------
[2026-05-28 14:50:15] minus                lr        917/1000  0.8872  0.4798
[2026-05-28 14:50:32] minus                mlp       917/1000  0.8988  0.5308
[2026-05-28 14:50:34] baseline             lr        917/1000  0.8848  0.4496
[2026-05-28 14:50:51] baseline             mlp       917/1000  0.8942  0.5214
[2026-05-28 14:50:55] scGPT_human          lr        917/1000  0.8822  0.4288
[2026-05-28 14:51:16] scGPT_human          mlp       917/1000  0.9038  0.5512
[2026-05-28 14:51:18] v4_bias_rec_best     lr        917/1000  0.8795  0.4371
[2026-05-28 14:51:55] v4_bias_rec_best     mlp       917/1000  0.8944  0.5212
[2026-05-28 14:51:56] v4_plain_best        lr        917/1000  0.8828  0.4754
[2026-05-28 14:52:12] v4_plain_best        mlp       917/1000  0.8884  0.5215
[2026-05-28 14:52:14] v4_type_pe_best      lr        917/1000  0.9003  0.4814
[2026-05-28 14:52:27] v4_type_pe_best      mlp       917/1000  0.9081  0.5433
[2026-05-28 14:52:30] scconcept            lr        917/1000  0.8426  0.1642
[2026-05-28 14:52:53] scconcept            mlp       917/1000  0.8280  0.2055
[2026-05-28 14:52:58] scconcept_encoded    lr        917/1000  0.8161  0.1788
[2026-05-28 14:53:22] scconcept_encoded    mlp       917/1000  0.8355  0.1939
[2026-05-28 14:53:24] cl_scratch_v5        lr        917/1000  0.8767  0.4877
[2026-05-28 14:53:35] cl_scratch_v5        mlp       917/1000  0.8987  0.5647
[2026-05-28 14:53:35] 
  Cell type: mHSC-GM (mouse), networks: ['Specific', 'Non-Specific', 'STRING']
[2026-05-28 14:53:37] 
======================================================================
[2026-05-28 14:53:37] Dataset: mHSC-GM_Specific_500 (500 genes)
[2026-05-28 14:53:37] ======================================================================
[2026-05-28 14:53:37] Train: 2680 (pos=1488)
[2026-05-28 14:53:37] Test:  818 (pos=453)
[2026-05-28 14:53:37] 
Embedding            Clf       Coverage    AUROC    AUPRC
[2026-05-28 14:53:37] ------------------------------------------------------------
[2026-05-28 14:53:37] minus                lr         449/500  0.7661  0.8009
[2026-05-28 14:53:38] minus                mlp        449/500  0.7917  0.8272
[2026-05-28 14:53:38] baseline             lr         449/500  0.7525  0.7822
[2026-05-28 14:53:40] baseline             mlp        449/500  0.7826  0.8097
[2026-05-28 14:53:40] scGPT_human          lr         449/500  0.7336  0.7577
[2026-05-28 14:53:41] scGPT_human          mlp        449/500  0.7881  0.8309
[2026-05-28 14:53:42] v4_bias_rec_best     lr         449/500  0.7706  0.7835
[2026-05-28 14:53:44] v4_bias_rec_best     mlp        449/500  0.7814  0.8147
[2026-05-28 14:53:44] v4_plain_best        lr         449/500  0.7463  0.7728
[2026-05-28 14:53:45] v4_plain_best        mlp        449/500  0.7658  0.8009
[2026-05-28 14:53:45] v4_type_pe_best      lr         449/500  0.7511  0.7887
[2026-05-28 14:53:46] v4_type_pe_best      mlp        449/500  0.7754  0.8128
[2026-05-28 14:53:46] scconcept            lr         449/500  0.7180  0.7440
[2026-05-28 14:53:48] scconcept            mlp        449/500  0.7384  0.7669
[2026-05-28 14:53:49] scconcept_encoded    lr         449/500  0.7237  0.7570
[2026-05-28 14:53:50] scconcept_encoded    mlp        449/500  0.7312  0.7744
[2026-05-28 14:53:50] cl_scratch_v5        lr         449/500  0.7559  0.7766
[2026-05-28 14:53:52] cl_scratch_v5        mlp        449/500  0.7833  0.8030
[2026-05-28 14:53:53] 
======================================================================
[2026-05-28 14:53:53] Dataset: mHSC-GM_Specific_1000 (1000 genes)
[2026-05-28 14:53:53] ======================================================================
[2026-05-28 14:53:53] Train: 11519 (pos=5615)
[2026-05-28 14:53:53] Test:  3475 (pos=1695)
[2026-05-28 14:53:53] 
Embedding            Clf       Coverage    AUROC    AUPRC
[2026-05-28 14:53:53] ------------------------------------------------------------
[2026-05-28 14:53:54] minus                lr        895/1000  0.8692  0.8525
[2026-05-28 14:53:58] minus                mlp       895/1000  0.8747  0.8612
[2026-05-28 14:53:58] baseline             lr        895/1000  0.8684  0.8544
[2026-05-28 14:54:02] baseline             mlp       895/1000  0.8714  0.8612
[2026-05-28 14:54:03] scGPT_human          lr        895/1000  0.8642  0.8459
[2026-05-28 14:54:08] scGPT_human          mlp       895/1000  0.8783  0.8678
[2026-05-28 14:54:09] v4_bias_rec_best     lr        895/1000  0.8628  0.8465
[2026-05-28 14:54:12] v4_bias_rec_best     mlp       895/1000  0.8755  0.8640
[2026-05-28 14:54:13] v4_plain_best        lr        895/1000  0.8692  0.8495
[2026-05-28 14:54:16] v4_plain_best        mlp       895/1000  0.8743  0.8591
[2026-05-28 14:54:17] v4_type_pe_best      lr        895/1000  0.8663  0.8483
[2026-05-28 14:54:20] v4_type_pe_best      mlp       895/1000  0.8748  0.8574
[2026-05-28 14:54:21] scconcept            lr        895/1000  0.8448  0.8155
[2026-05-28 14:54:27] scconcept            mlp       895/1000  0.8456  0.8245
[2026-05-28 14:54:30] scconcept_encoded    lr        895/1000  0.8505  0.8257
[2026-05-28 14:54:46] scconcept_encoded    mlp       895/1000  0.8487  0.8284
[2026-05-28 14:54:47] cl_scratch_v5        lr        895/1000  0.8724  0.8618
[2026-05-28 14:54:51] cl_scratch_v5        mlp       895/1000  0.8691  0.8626
[2026-05-28 14:54:52] 
======================================================================
[2026-05-28 14:54:52] Dataset: mHSC-GM_Non-Specific_500 (500 genes)
[2026-05-28 14:54:52] ======================================================================
[2026-05-28 14:54:52] Train: 5740 (pos=99)
[2026-05-28 14:54:52] Test:  1751 (pos=44)
[2026-05-28 14:54:52] 
Embedding            Clf       Coverage    AUROC    AUPRC
[2026-05-28 14:54:52] ------------------------------------------------------------
[2026-05-28 14:54:52] minus                lr         449/500  0.7840  0.1914
[2026-05-28 14:54:54] minus                mlp        449/500  0.8330  0.1863
[2026-05-28 14:54:54] baseline             lr         449/500  0.7902  0.2040
[2026-05-28 14:54:55] baseline             mlp        449/500  0.7491  0.0942
[2026-05-28 14:54:56] scGPT_human          lr         449/500  0.7992  0.2566
[2026-05-28 14:54:59] scGPT_human          mlp        449/500  0.7959  0.2827
[2026-05-28 14:54:59] v4_bias_rec_best     lr         449/500  0.8115  0.1633
[2026-05-28 14:55:00] v4_bias_rec_best     mlp        449/500  0.7611  0.1101
[2026-05-28 14:55:01] v4_plain_best        lr         449/500  0.7979  0.2092
[2026-05-28 14:55:02] v4_plain_best        mlp        449/500  0.7391  0.0670
[2026-05-28 14:55:02] v4_type_pe_best      lr         449/500  0.7736  0.1937
[2026-05-28 14:55:03] v4_type_pe_best      mlp        449/500  0.7506  0.0997
[2026-05-28 14:55:04] scconcept            lr         449/500  0.7521  0.1290
[2026-05-28 14:55:06] scconcept            mlp        449/500  0.7565  0.1400
[2026-05-28 14:55:07] scconcept_encoded    lr         449/500  0.7208  0.0694
[2026-05-28 14:55:09] scconcept_encoded    mlp        449/500  0.7127  0.0788
[2026-05-28 14:55:10] cl_scratch_v5        lr         449/500  0.7720  0.2042
[2026-05-28 14:55:11] cl_scratch_v5        mlp        449/500  0.7446  0.0675
[2026-05-28 14:55:12] 
======================================================================
[2026-05-28 14:55:12] Dataset: mHSC-GM_Non-Specific_1000 (1000 genes)
[2026-05-28 14:55:12] ======================================================================
[2026-05-28 14:55:12] Train: 36836 (pos=351)
[2026-05-28 14:55:12] Test:  11127 (pos=142)
[2026-05-28 14:55:12] 
Embedding            Clf       Coverage    AUROC    AUPRC
[2026-05-28 14:55:12] ------------------------------------------------------------
[2026-05-28 14:55:14] minus                lr        895/1000  0.8189  0.2270
[2026-05-28 14:55:26] minus                mlp       895/1000  0.8553  0.2823
[2026-05-28 14:55:28] baseline             lr        895/1000  0.8386  0.2054
[2026-05-28 14:55:41] baseline             mlp       895/1000  0.8577  0.2697
[2026-05-28 14:55:45] scGPT_human          lr        895/1000  0.8174  0.1803
[2026-05-28 14:56:02] scGPT_human          mlp       895/1000  0.8548  0.2977
[2026-05-28 14:56:03] v4_bias_rec_best     lr        895/1000  0.8526  0.2351
[2026-05-28 14:56:22] v4_bias_rec_best     mlp       895/1000  0.8510  0.2879
[2026-05-28 14:56:24] v4_plain_best        lr        895/1000  0.8292  0.2114
[2026-05-28 14:56:42] v4_plain_best        mlp       895/1000  0.8464  0.2967
[2026-05-28 14:56:44] v4_type_pe_best      lr        895/1000  0.8513  0.2353
[2026-05-28 14:56:56] v4_type_pe_best      mlp       895/1000  0.8564  0.2679
[2026-05-28 14:56:59] scconcept            lr        895/1000  0.7721  0.0916
[2026-05-28 14:57:15] scconcept            mlp       895/1000  0.7935  0.0741
[2026-05-28 14:57:19] scconcept_encoded    lr        895/1000  0.7723  0.0716
[2026-05-28 14:57:34] scconcept_encoded    mlp       895/1000  0.7626  0.0569
[2026-05-28 14:57:36] cl_scratch_v5        lr        895/1000  0.8434  0.2172
[2026-05-28 14:57:48] cl_scratch_v5        mlp       895/1000  0.8485  0.2504
[2026-05-28 14:57:49] 
======================================================================
[2026-05-28 14:57:49] Dataset: mHSC-GM_STRING_500 (500 genes)
[2026-05-28 14:57:49] ======================================================================
[2026-05-28 14:57:49] Train: 8408 (pos=62)
[2026-05-28 14:57:49] Test:  2570 (pos=39)
[2026-05-28 14:57:49] 
Embedding            Clf       Coverage    AUROC    AUPRC
[2026-05-28 14:57:49] ------------------------------------------------------------
[2026-05-28 14:57:49] minus                lr         449/500  0.8634  0.2026
[2026-05-28 14:57:51] minus                mlp        449/500  0.8590  0.2686
[2026-05-28 14:57:52] baseline             lr         449/500  0.8667  0.1291
[2026-05-28 14:57:54] baseline             mlp        449/500  0.7180  0.1526
[2026-05-28 14:57:54] scGPT_human          lr         449/500  0.8533  0.2859
[2026-05-28 14:57:58] scGPT_human          mlp        449/500  0.7732  0.1913
[2026-05-28 14:57:58] v4_bias_rec_best     lr         449/500  0.8104  0.1583
[2026-05-28 14:58:01] v4_bias_rec_best     mlp        449/500  0.8439  0.2860
[2026-05-28 14:58:01] v4_plain_best        lr         449/500  0.8445  0.2409
[2026-05-28 14:58:03] v4_plain_best        mlp        449/500  0.7944  0.1767
[2026-05-28 14:58:03] v4_type_pe_best      lr         449/500  0.8496  0.1440
[2026-05-28 14:58:06] v4_type_pe_best      mlp        449/500  0.8488  0.2182
[2026-05-28 14:58:06] scconcept            lr         449/500  0.6804  0.0718
[2026-05-28 14:58:10] scconcept            mlp        449/500  0.6226  0.0238
[2026-05-28 14:58:11] scconcept_encoded    lr         449/500  0.6427  0.0400
[2026-05-28 14:58:14] scconcept_encoded    mlp        449/500  0.6223  0.0489
[2026-05-28 14:58:14] cl_scratch_v5        lr         449/500  0.8351  0.1327
[2026-05-28 14:58:17] cl_scratch_v5        mlp        449/500  0.8607  0.2074
[2026-05-28 14:58:18] 
======================================================================
[2026-05-28 14:58:18] Dataset: mHSC-GM_STRING_1000 (1000 genes)
[2026-05-28 14:58:18] ======================================================================
[2026-05-28 14:58:18] Train: 43738 (pos=314)
[2026-05-28 14:58:18] Test:  13205 (pos=141)
[2026-05-28 14:58:18] 
Embedding            Clf       Coverage    AUROC    AUPRC
[2026-05-28 14:58:18] ------------------------------------------------------------
[2026-05-28 14:58:20] minus                lr        895/1000  0.8538  0.3462
[2026-05-28 14:58:32] minus                mlp       895/1000  0.8942  0.4332
[2026-05-28 14:58:34] baseline             lr        895/1000  0.8647  0.3492
[2026-05-28 14:58:51] baseline             mlp       895/1000  0.8712  0.4141
[2026-05-28 14:58:55] scGPT_human          lr        895/1000  0.8651  0.3189
[2026-05-28 14:59:16] scGPT_human          mlp       895/1000  0.8743  0.3703
[2026-05-28 14:59:18] v4_bias_rec_best     lr        895/1000  0.8443  0.2938
[2026-05-28 14:59:35] v4_bias_rec_best     mlp       895/1000  0.8678  0.3892
[2026-05-28 14:59:37] v4_plain_best        lr        895/1000  0.8604  0.3659
[2026-05-28 14:59:48] v4_plain_best        mlp       895/1000  0.8585  0.3774
[2026-05-28 14:59:50] v4_type_pe_best      lr        895/1000  0.8624  0.3716
[2026-05-28 15:00:06] v4_type_pe_best      mlp       895/1000  0.8887  0.4445
[2026-05-28 15:00:10] scconcept            lr        895/1000  0.8147  0.0751
[2026-05-28 15:00:28] scconcept            mlp       895/1000  0.7793  0.0479
[2026-05-28 15:00:33] scconcept_encoded    lr        895/1000  0.7885  0.0607
[2026-05-28 15:01:04] scconcept_encoded    mlp       895/1000  0.7810  0.0848
[2026-05-28 15:01:06] cl_scratch_v5        lr        895/1000  0.8575  0.3596
[2026-05-28 15:01:17] cl_scratch_v5        mlp       895/1000  0.8888  0.4076
[2026-05-28 15:01:17] 
  Cell type: mHSC-L (mouse), networks: ['Specific', 'Non-Specific', 'STRING']
[2026-05-28 15:01:19] 
======================================================================
[2026-05-28 15:01:19] Dataset: mHSC-L_Specific_500 (500 genes)
[2026-05-28 15:01:19] ======================================================================
[2026-05-28 15:01:19] Train: 3065 (pos=1820)
[2026-05-28 15:01:19] Test:  934 (pos=553)
[2026-05-28 15:01:19] 
Embedding            Clf       Coverage    AUROC    AUPRC
[2026-05-28 15:01:19] ------------------------------------------------------------
[2026-05-28 15:01:19] minus                lr         442/500  0.7864  0.8219
[2026-05-28 15:01:20] minus                mlp        442/500  0.7959  0.8418
[2026-05-28 15:01:20] baseline             lr         442/500  0.7777  0.8205
[2026-05-28 15:01:21] baseline             mlp        442/500  0.7803  0.8278
[2026-05-28 15:01:21] scGPT_human          lr         442/500  0.7372  0.7958
[2026-05-28 15:01:24] scGPT_human          mlp        442/500  0.8109  0.8617
[2026-05-28 15:01:24] v4_bias_rec_best     lr         442/500  0.7604  0.8111
[2026-05-28 15:01:26] v4_bias_rec_best     mlp        442/500  0.8028  0.8473
[2026-05-28 15:01:26] v4_plain_best        lr         442/500  0.7723  0.8147
[2026-05-28 15:01:27] v4_plain_best        mlp        442/500  0.7939  0.8369
[2026-05-28 15:01:27] v4_type_pe_best      lr         442/500  0.7801  0.8198
[2026-05-28 15:01:29] v4_type_pe_best      mlp        442/500  0.7987  0.8378
[2026-05-28 15:01:29] scconcept            lr         442/500  0.7088  0.7488
[2026-05-28 15:01:31] scconcept            mlp        442/500  0.7390  0.7854
[2026-05-28 15:01:31] scconcept_encoded    lr         442/500  0.6957  0.7517
[2026-05-28 15:01:34] scconcept_encoded    mlp        442/500  0.7248  0.7750
[2026-05-28 15:01:34] cl_scratch_v5        lr         442/500  0.7516  0.8107
[2026-05-28 15:01:35] cl_scratch_v5        mlp        442/500  0.7929  0.8416
[2026-05-28 15:01:37] 
======================================================================
[2026-05-28 15:01:37] Dataset: mHSC-L_Specific_1000 (1000 genes)
[2026-05-28 15:01:37] ======================================================================
[2026-05-28 15:01:37] Train: 12287 (pos=6953)
[2026-05-28 15:01:37] Test:  3708 (pos=2098)
[2026-05-28 15:01:37] 
Embedding            Clf       Coverage    AUROC    AUPRC
[2026-05-28 15:01:37] ------------------------------------------------------------
[2026-05-28 15:01:37] minus                lr        898/1000  0.8677  0.8905
[2026-05-28 15:01:42] minus                mlp       898/1000  0.8695  0.8934
[2026-05-28 15:01:43] baseline             lr        898/1000  0.8571  0.8815
[2026-05-28 15:01:46] baseline             mlp       898/1000  0.8555  0.8772
[2026-05-28 15:01:48] scGPT_human          lr        898/1000  0.8543  0.8752
[2026-05-28 15:01:53] scGPT_human          mlp       898/1000  0.8620  0.8867
[2026-05-28 15:01:53] v4_bias_rec_best     lr        898/1000  0.8551  0.8794
[2026-05-28 15:02:01] v4_bias_rec_best     mlp       898/1000  0.8571  0.8829
[2026-05-28 15:02:01] v4_plain_best        lr        898/1000  0.8604  0.8804
[2026-05-28 15:02:06] v4_plain_best        mlp       898/1000  0.8640  0.8888
[2026-05-28 15:02:06] v4_type_pe_best      lr        898/1000  0.8618  0.8826
[2026-05-28 15:02:14] v4_type_pe_best      mlp       898/1000  0.8614  0.8829
[2026-05-28 15:02:15] scconcept            lr        898/1000  0.8400  0.8596
[2026-05-28 15:02:27] scconcept            mlp       898/1000  0.8461  0.8695
[2026-05-28 15:02:31] scconcept_encoded    lr        898/1000  0.8435  0.8631
[2026-05-28 15:02:37] scconcept_encoded    mlp       898/1000  0.8261  0.8495
[2026-05-28 15:02:37] cl_scratch_v5        lr        898/1000  0.8574  0.8811
[2026-05-28 15:02:41] cl_scratch_v5        mlp       898/1000  0.8645  0.8855
[2026-05-28 15:02:41] 
======================================================================
[2026-05-28 15:02:41] Dataset: mHSC-L_Non-Specific_500 (500 genes)
[2026-05-28 15:02:41] ======================================================================
[2026-05-28 15:02:41] Train: 6123 (pos=126)
[2026-05-28 15:02:41] Test:  1867 (pos=51)
[2026-05-28 15:02:41] 
Embedding            Clf       Coverage    AUROC    AUPRC
[2026-05-28 15:02:41] ------------------------------------------------------------
[2026-05-28 15:02:42] minus                lr         442/500  0.7910  0.1360
[2026-05-28 15:02:43] minus                mlp        442/500  0.8313  0.2442
[2026-05-28 15:02:43] baseline             lr         442/500  0.7786  0.1455
[2026-05-28 15:02:45] baseline             mlp        442/500  0.7469  0.1344
[2026-05-28 15:02:45] scGPT_human          lr         442/500  0.8118  0.3057
[2026-05-28 15:02:48] scGPT_human          mlp        442/500  0.8252  0.3325
[2026-05-28 15:02:49] v4_bias_rec_best     lr         442/500  0.8113  0.2417
[2026-05-28 15:02:50] v4_bias_rec_best     mlp        442/500  0.7995  0.1881
[2026-05-28 15:02:50] v4_plain_best        lr         442/500  0.8084  0.2958
[2026-05-28 15:02:52] v4_plain_best        mlp        442/500  0.7799  0.1437
[2026-05-28 15:02:52] v4_type_pe_best      lr         442/500  0.8083  0.2363
[2026-05-28 15:02:54] v4_type_pe_best      mlp        442/500  0.7560  0.1617
[2026-05-28 15:02:54] scconcept            lr         442/500  0.7367  0.1071
[2026-05-28 15:02:57] scconcept            mlp        442/500  0.7566  0.1140
[2026-05-28 15:02:58] scconcept_encoded    lr         442/500  0.7458  0.1218
[2026-05-28 15:03:00] scconcept_encoded    mlp        442/500  0.7273  0.0591
[2026-05-28 15:03:01] cl_scratch_v5        lr         442/500  0.7792  0.2294
[2026-05-28 15:03:02] cl_scratch_v5        mlp        442/500  0.7529  0.1410
[2026-05-28 15:03:03] 
======================================================================
[2026-05-28 15:03:03] Dataset: mHSC-L_Non-Specific_1000 (1000 genes)
[2026-05-28 15:03:03] ======================================================================
[2026-05-28 15:03:03] Train: 38381 (pos=409)
[2026-05-28 15:03:03] Test:  11582 (pos=161)
[2026-05-28 15:03:03] 
Embedding            Clf       Coverage    AUROC    AUPRC
[2026-05-28 15:03:03] ------------------------------------------------------------
[2026-05-28 15:03:04] minus                lr        898/1000  0.8195  0.1891
[2026-05-28 15:03:17] minus                mlp       898/1000  0.8396  0.2406
[2026-05-28 15:03:19] baseline             lr        898/1000  0.8288  0.1556
[2026-05-28 15:03:37] baseline             mlp       898/1000  0.8345  0.1924
[2026-05-28 15:03:40] scGPT_human          lr        898/1000  0.8130  0.1799
[2026-05-28 15:04:04] scGPT_human          mlp       898/1000  0.8575  0.2872
[2026-05-28 15:04:06] v4_bias_rec_best     lr        898/1000  0.8143  0.1734
[2026-05-28 15:04:18] v4_bias_rec_best     mlp       898/1000  0.8087  0.1660
[2026-05-28 15:04:20] v4_plain_best        lr        898/1000  0.8201  0.2107
[2026-05-28 15:04:34] v4_plain_best        mlp       898/1000  0.8498  0.2611
[2026-05-28 15:04:35] v4_type_pe_best      lr        898/1000  0.8394  0.1945
[2026-05-28 15:04:45] v4_type_pe_best      mlp       898/1000  0.8293  0.1701
[2026-05-28 15:04:48] scconcept            lr        898/1000  0.7960  0.1082
[2026-05-28 15:05:07] scconcept            mlp       898/1000  0.8181  0.1284
[2026-05-28 15:05:11] scconcept_encoded    lr        898/1000  0.7937  0.1031
[2026-05-28 15:05:28] scconcept_encoded    mlp       898/1000  0.7712  0.0581
[2026-05-28 15:05:30] cl_scratch_v5        lr        898/1000  0.8385  0.1677
[2026-05-28 15:05:42] cl_scratch_v5        mlp       898/1000  0.8585  0.2154
[2026-05-28 15:05:43] 
======================================================================
[2026-05-28 15:05:43] Dataset: mHSC-L_STRING_500 (500 genes)
[2026-05-28 15:05:43] ======================================================================
[2026-05-28 15:05:43] Train: 8032 (pos=77)
[2026-05-28 15:05:43] Test:  2447 (pos=39)
[2026-05-28 15:05:43] 
Embedding            Clf       Coverage    AUROC    AUPRC
[2026-05-28 15:05:43] ------------------------------------------------------------
[2026-05-28 15:05:43] minus                lr         442/500  0.8912  0.3322
[2026-05-28 15:05:45] minus                mlp        442/500  0.8373  0.3398
[2026-05-28 15:05:45] baseline             lr         442/500  0.8559  0.3068
[2026-05-28 15:05:47] baseline             mlp        442/500  0.8273  0.3350
[2026-05-28 15:05:48] scGPT_human          lr         442/500  0.8570  0.4180
[2026-05-28 15:05:53] scGPT_human          mlp        442/500  0.8757  0.4473
[2026-05-28 15:05:53] v4_bias_rec_best     lr         442/500  0.8707  0.3316
[2026-05-28 15:05:56] v4_bias_rec_best     mlp        442/500  0.8934  0.4890
[2026-05-28 15:05:56] v4_plain_best        lr         442/500  0.8751  0.3660
[2026-05-28 15:05:58] v4_plain_best        mlp        442/500  0.8655  0.4186
[2026-05-28 15:05:59] v4_type_pe_best      lr         442/500  0.8493  0.4878
[2026-05-28 15:06:01] v4_type_pe_best      mlp        442/500  0.8396  0.3240
[2026-05-28 15:06:01] scconcept            lr         442/500  0.8154  0.3126
[2026-05-28 15:06:05] scconcept            mlp        442/500  0.7022  0.0478
[2026-05-28 15:06:06] scconcept_encoded    lr         442/500  0.7988  0.1496
[2026-05-28 15:06:09] scconcept_encoded    mlp        442/500  0.7059  0.0392
[2026-05-28 15:06:10] cl_scratch_v5        lr         442/500  0.8790  0.4042
[2026-05-28 15:06:12] cl_scratch_v5        mlp        442/500  0.8595  0.3947
[2026-05-28 15:06:13] 
======================================================================
[2026-05-28 15:06:13] Dataset: mHSC-L_STRING_1000 (1000 genes)
[2026-05-28 15:06:13] ======================================================================
[2026-05-28 15:06:13] Train: 50644 (pos=348)
[2026-05-28 15:06:13] Test:  15290 (pos=164)
[2026-05-28 15:06:13] 
Embedding            Clf       Coverage    AUROC    AUPRC
[2026-05-28 15:06:13] ------------------------------------------------------------
[2026-05-28 15:06:15] minus                lr        898/1000  0.8640  0.3232
[2026-05-28 15:06:28] minus                mlp       898/1000  0.8896  0.3907
[2026-05-28 15:06:30] baseline             lr        898/1000  0.8566  0.2975
[2026-05-28 15:06:56] baseline             mlp       898/1000  0.8623  0.3252
[2026-05-28 15:07:00] scGPT_human          lr        898/1000  0.8573  0.3225
[2026-05-28 15:07:22] scGPT_human          mlp       898/1000  0.8615  0.3147
[2026-05-28 15:07:25] v4_bias_rec_best     lr        898/1000  0.8571  0.2617
[2026-05-28 15:07:38] v4_bias_rec_best     mlp       898/1000  0.8729  0.3413
[2026-05-28 15:07:40] v4_plain_best        lr        898/1000  0.8584  0.2860
[2026-05-28 15:07:53] v4_plain_best        mlp       898/1000  0.8713  0.3555
[2026-05-28 15:07:55] v4_type_pe_best      lr        898/1000  0.8773  0.3054
[2026-05-28 15:08:08] v4_type_pe_best      mlp       898/1000  0.8973  0.3773
[2026-05-28 15:08:12] scconcept            lr        898/1000  0.8195  0.0934
[2026-05-28 15:08:39] scconcept            mlp       898/1000  0.7694  0.0818
[2026-05-28 15:08:44] scconcept_encoded    lr        898/1000  0.7845  0.0585
[2026-05-28 15:09:11] scconcept_encoded    mlp       898/1000  0.7396  0.0496
[2026-05-28 15:09:13] cl_scratch_v5        lr        898/1000  0.8752  0.2842
[2026-05-28 15:09:26] cl_scratch_v5        mlp       898/1000  0.8870  0.3737
[2026-05-28 15:09:26] 
======================================================================
[2026-05-28 15:09:26] FINAL SUMMARY (LR results)
[2026-05-28 15:09:26] ======================================================================
[2026-05-28 15:09:26] 
Dataset                             minus            baseline         scGPT_human      v4_bias_rec_best v4_plain_best    v4_type_pe_best  scconcept        scconcept_encoded cl_scratch_v5   
[2026-05-28 15:09:26] --------------------------------------------------------------------------------------------------------------------------------------------------------------------------------------------
[2026-05-28 15:09:26] hESC_Specific_500                   0.7773/0.3766  0.8162/0.4474  0.7600/0.3795  0.8162/0.4341  0.7904/0.4069  0.8006/0.3959  0.7769/0.3823  0.7706/0.3670  0.7952/0.4197  
[2026-05-28 15:09:26] hESC_Specific_1000                  0.8434/0.4337  0.8524/0.4636  0.8283/0.4293  0.8511/0.4542  0.8501/0.4654  0.8499/0.4586  0.8137/0.3935  0.8330/0.4247  0.8442/0.4458  
[2026-05-28 15:09:26] hESC_Non-Specific_500               0.8705/0.2321  0.8614/0.2378  0.8608/0.2016  0.8426/0.1312  0.8741/0.1799  0.8469/0.1805  0.8204/0.1345  0.8055/0.0866  0.8681/0.2119  
[2026-05-28 15:09:26] hESC_Non-Specific_1000              0.8780/0.1362  0.8678/0.1438  0.8256/0.1183  0.8563/0.1407  0.8833/0.1648  0.8832/0.1820  0.7976/0.1040  0.8382/0.1049  0.8804/0.1596  
[2026-05-28 15:09:26] hESC_STRING_500                     0.8300/0.2805  0.8115/0.2919  0.8734/0.2924  0.8156/0.2326  0.8126/0.2513  0.8493/0.2978  0.7684/0.2277  0.7571/0.1058  0.7790/0.2540  
[2026-05-28 15:09:26] hESC_STRING_1000                    0.8242/0.2252  0.8370/0.2110  0.8379/0.1676  0.8364/0.1947  0.7966/0.2183  0.8444/0.2105  0.7862/0.0636  0.7560/0.0487  0.8271/0.1962  
[2026-05-28 15:09:26] hHep_Specific_1000                  0.8779/0.7286  0.8833/0.7321  0.8497/0.6709  0.8793/0.7218  0.8870/0.7684  0.8868/0.7541  0.8297/0.6238  0.8329/0.6316  0.8847/0.7384  
[2026-05-28 15:09:26] hHep_Non-Specific_500               0.8201/0.1351  0.7582/0.0836  0.7999/0.1100  0.8275/0.1567  0.7973/0.1219  0.8232/0.1577  0.7751/0.0993  0.7451/0.0499  0.7901/0.1102  
[2026-05-28 15:09:26] hHep_Non-Specific_1000              0.8540/0.1270  0.8335/0.1440  0.8343/0.1462  0.8123/0.1103  0.8259/0.1097  0.8367/0.1396  0.7649/0.0928  0.8202/0.0622  0.8264/0.1609  
[2026-05-28 15:09:26] hHep_STRING_500                     0.8768/0.4320  0.9074/0.5086  0.8876/0.5185  0.9121/0.5366  0.8608/0.4102  0.8970/0.4404  0.7880/0.1401  0.7826/0.1111  0.8688/0.4421  
[2026-05-28 15:09:26] hHep_STRING_1000                    0.8802/0.3888  0.8737/0.4056  0.8823/0.3842  0.8757/0.3927  0.8800/0.3509  0.8823/0.3901  0.8442/0.1866  0.8239/0.1828  0.8695/0.3842  
[2026-05-28 15:09:26] mDC_Specific_500                    0.7603/0.1196  0.7991/0.2275  0.7750/0.2778  0.7562/0.1449  0.8701/0.2150  0.7714/0.1715  0.6987/0.2617  0.5317/0.0503  0.8103/0.1773  
[2026-05-28 15:09:26] mDC_Specific_1000                   0.8228/0.3673  0.8060/0.3363  0.8125/0.3033  0.7981/0.3066  0.7974/0.3040  0.8175/0.3201  0.7343/0.2218  0.8131/0.2743  0.8318/0.3535  
[2026-05-28 15:09:26] mDC_Non-Specific_500                0.7265/0.2227  0.7431/0.1627  0.6665/0.0966  0.7063/0.2053  0.7639/0.1954  0.7042/0.2377  0.5838/0.1013  0.6416/0.0298  0.7606/0.2371  
[2026-05-28 15:09:26] mDC_Non-Specific_1000               0.8697/0.2471  0.8530/0.1696  0.8216/0.1971  0.8496/0.1712  0.8633/0.1863  0.8622/0.1839  0.7448/0.1157  0.7498/0.0916  0.8675/0.1933  
[2026-05-28 15:09:26] mDC_STRING_500                      0.8384/0.2730  0.7955/0.2000  0.8476/0.3275  0.8273/0.3269  0.8618/0.3438  0.8352/0.2786  0.6644/0.0613  0.7056/0.0949  0.8597/0.3849  
[2026-05-28 15:09:26] mDC_STRING_1000                     0.8978/0.3925  0.8854/0.3854  0.8764/0.3570  0.8932/0.3733  0.8910/0.3789  0.9004/0.4297  0.8436/0.2090  0.8291/0.2104  0.8964/0.3911  
[2026-05-28 15:09:26] mHSC-E_Specific_500                 0.7857/0.6989  0.8081/0.7446  0.7574/0.6833  0.8068/0.7455  0.7896/0.7258  0.8070/0.7593  0.7222/0.5899  0.7856/0.6964  0.8142/0.7586  
[2026-05-28 15:09:26] mHSC-E_Specific_1000                0.8943/0.8876  0.8916/0.8841  0.8916/0.8877  0.8941/0.8842  0.8944/0.8845  0.8922/0.8828  0.8704/0.8573  0.8815/0.8714  0.8931/0.8850  
[2026-05-28 15:09:26] mHSC-E_Non-Specific_500             0.8057/0.1758  0.7961/0.1520  0.8396/0.2404  0.8493/0.1729  0.8272/0.1404  0.8174/0.2318  0.7164/0.0765  0.7619/0.0865  0.8247/0.2003  
[2026-05-28 15:09:26] mHSC-E_Non-Specific_1000            0.8663/0.2260  0.8652/0.2280  0.8288/0.2008  0.8526/0.1976  0.8497/0.1852  0.8622/0.2130  0.7841/0.0983  0.7966/0.0768  0.8569/0.2394  
[2026-05-28 15:09:26] mHSC-E_STRING_500                   0.9206/0.4641  0.8832/0.4512  0.8956/0.5261  0.8843/0.5369  0.8905/0.5310  0.8647/0.4664  0.8033/0.1083  0.7663/0.1358  0.9064/0.5184  
[2026-05-28 15:09:26] mHSC-E_STRING_1000                  0.8872/0.4798  0.8848/0.4496  0.8822/0.4288  0.8795/0.4371  0.8828/0.4754  0.9003/0.4814  0.8426/0.1642  0.8161/0.1788  0.8767/0.4877  
[2026-05-28 15:09:26] mHSC-GM_Specific_500                0.7661/0.8009  0.7525/0.7822  0.7336/0.7577  0.7706/0.7835  0.7463/0.7728  0.7511/0.7887  0.7180/0.7440  0.7237/0.7570  0.7559/0.7766  
[2026-05-28 15:09:26] mHSC-GM_Specific_1000               0.8692/0.8525  0.8684/0.8544  0.8642/0.8459  0.8628/0.8465  0.8692/0.8495  0.8663/0.8483  0.8448/0.8155  0.8505/0.8257  0.8724/0.8618  
[2026-05-28 15:09:26] mHSC-GM_Non-Specific_500            0.7840/0.1914  0.7902/0.2040  0.7992/0.2566  0.8115/0.1633  0.7979/0.2092  0.7736/0.1937  0.7521/0.1290  0.7208/0.0694  0.7720/0.2042  
[2026-05-28 15:09:26] mHSC-GM_Non-Specific_1000           0.8189/0.2270  0.8386/0.2054  0.8174/0.1803  0.8526/0.2351  0.8292/0.2114  0.8513/0.2353  0.7721/0.0916  0.7723/0.0716  0.8434/0.2172  
[2026-05-28 15:09:26] mHSC-GM_STRING_500                  0.8634/0.2026  0.8667/0.1291  0.8533/0.2859  0.8104/0.1583  0.8445/0.2409  0.8496/0.1440  0.6804/0.0718  0.6427/0.0400  0.8351/0.1327  
[2026-05-28 15:09:26] mHSC-GM_STRING_1000                 0.8538/0.3462  0.8647/0.3492  0.8651/0.3189  0.8443/0.2938  0.8604/0.3659  0.8624/0.3716  0.8147/0.0751  0.7885/0.0607  0.8575/0.3596  
[2026-05-28 15:09:26] mHSC-L_Specific_500                 0.7864/0.8219  0.7777/0.8205  0.7372/0.7958  0.7604/0.8111  0.7723/0.8147  0.7801/0.8198  0.7088/0.7488  0.6957/0.7517  0.7516/0.8107  
[2026-05-28 15:09:26] mHSC-L_Specific_1000                0.8677/0.8905  0.8571/0.8815  0.8543/0.8752  0.8551/0.8794  0.8604/0.8804  0.8618/0.8826  0.8400/0.8596  0.8435/0.8631  0.8574/0.8811  
[2026-05-28 15:09:26] mHSC-L_Non-Specific_500             0.7910/0.1360  0.7786/0.1455  0.8118/0.3057  0.8113/0.2417  0.8084/0.2958  0.8083/0.2363  0.7367/0.1071  0.7458/0.1218  0.7792/0.2294  
[2026-05-28 15:09:26] mHSC-L_Non-Specific_1000            0.8195/0.1891  0.8288/0.1556  0.8130/0.1799  0.8143/0.1734  0.8201/0.2107  0.8394/0.1945  0.7960/0.1082  0.7937/0.1031  0.8385/0.1677  
[2026-05-28 15:09:26] mHSC-L_STRING_500                   0.8912/0.3322  0.8559/0.3068  0.8570/0.4180  0.8707/0.3316  0.8751/0.3660  0.8493/0.4878  0.8154/0.3126  0.7988/0.1496  0.8790/0.4042  
[2026-05-28 15:09:26] mHSC-L_STRING_1000                  0.8640/0.3232  0.8566/0.2975  0.8573/0.3225  0.8571/0.2617  0.8584/0.2860  0.8773/0.3054  0.8195/0.0934  0.7845/0.0585  0.8752/0.2842  
[2026-05-28 15:09:26] 
======================================================================
[2026-05-28 15:09:26] FINAL SUMMARY (MLP results)
[2026-05-28 15:09:26] ======================================================================
[2026-05-28 15:09:26] 
Dataset                             minus            baseline         scGPT_human      v4_bias_rec_best v4_plain_best    v4_type_pe_best  scconcept        scconcept_encoded cl_scratch_v5   
[2026-05-28 15:09:26] --------------------------------------------------------------------------------------------------------------------------------------------------------------------------------------------
[2026-05-28 15:09:26] hESC_Specific_500                   0.8029/0.4060  0.8259/0.3922  0.8367/0.4852  0.8026/0.3856  0.8349/0.4684  0.8279/0.4207  0.8080/0.4328  0.8166/0.3999  0.8288/0.4517  
[2026-05-28 15:09:26] hESC_Specific_1000                  0.8499/0.4709  0.8578/0.4826  0.8428/0.4500  0.8546/0.4629  0.8445/0.4943  0.8600/0.5110  0.8109/0.4054  0.8324/0.4155  0.8579/0.4647  
[2026-05-28 15:09:26] hESC_Non-Specific_500               0.8136/0.1467  0.8736/0.1810  0.8548/0.1553  0.8754/0.1980  0.8798/0.2060  0.8335/0.1623  0.8403/0.1082  0.7938/0.1041  0.8796/0.1835  
[2026-05-28 15:09:26] hESC_Non-Specific_1000              0.8914/0.1761  0.8952/0.1746  0.8701/0.1498  0.8839/0.1599  0.9021/0.1498  0.9027/0.1637  0.8530/0.1489  0.8597/0.1084  0.8832/0.1531  
[2026-05-28 15:09:26] hESC_STRING_500                     0.8033/0.2084  0.7654/0.0928  0.7940/0.0723  0.8097/0.0982  0.8039/0.0518  0.8509/0.2819  0.7391/0.0305  0.7115/0.0340  0.8044/0.2257  
[2026-05-28 15:09:26] hESC_STRING_1000                    0.8283/0.2244  0.8224/0.2237  0.8556/0.2204  0.8241/0.2289  0.8007/0.2335  0.8259/0.2836  0.7771/0.0961  0.7128/0.0279  0.8305/0.1885  
[2026-05-28 15:09:26] hHep_Specific_1000                  0.8994/0.7858  0.9075/0.7909  0.9092/0.7848  0.9067/0.7888  0.9043/0.7897  0.9078/0.8028  0.8762/0.7262  0.8750/0.7385  0.8969/0.7572  
[2026-05-28 15:09:26] hHep_Non-Specific_500               0.8528/0.1032  0.7279/0.0643  0.8079/0.1432  0.7902/0.1198  0.7701/0.0709  0.7219/0.0515  0.7465/0.0526  0.6837/0.0491  0.8199/0.1230  
[2026-05-28 15:09:26] hHep_Non-Specific_1000              0.8733/0.1731  0.8585/0.1537  0.8813/0.1436  0.8445/0.1036  0.8764/0.1486  0.8720/0.1940  0.8029/0.0824  0.7946/0.0461  0.8666/0.1448  
[2026-05-28 15:09:26] hHep_STRING_500                     0.9314/0.5887  0.9286/0.5847  0.9035/0.5813  0.8986/0.5641  0.9285/0.5436  0.9085/0.5875  0.7749/0.1150  0.7923/0.1478  0.9286/0.5780  
[2026-05-28 15:09:26] hHep_STRING_1000                    0.8916/0.4843  0.8874/0.4290  0.8773/0.4711  0.8883/0.4725  0.8855/0.4496  0.8944/0.4238  0.8125/0.2295  0.8161/0.2115  0.8912/0.4170  
[2026-05-28 15:09:26] mDC_Specific_500                    0.6522/0.1175  0.8281/0.1765  0.7179/0.1527  0.4607/0.0412  0.7772/0.1224  0.7058/0.0792  0.6460/0.0808  0.5442/0.0511  0.5920/0.0740  
[2026-05-28 15:09:26] mDC_Specific_1000                   0.8626/0.4263  0.8624/0.4311  0.8626/0.4261  0.8596/0.4389  0.8631/0.4383  0.8347/0.3918  0.8185/0.3138  0.8324/0.2814  0.8685/0.4261  
[2026-05-28 15:09:26] mDC_Non-Specific_500                0.5668/0.0213  0.5152/0.0190  0.6653/0.0488  0.5826/0.0205  0.5878/0.0195  0.5894/0.0489  0.5406/0.0265  0.7143/0.0322  0.5276/0.0964  
[2026-05-28 15:09:26] mDC_Non-Specific_1000               0.8692/0.1608  0.8666/0.1514  0.8495/0.2184  0.8780/0.1559  0.8907/0.2585  0.8759/0.1508  0.7916/0.0843  0.7164/0.0446  0.8850/0.2457  
[2026-05-28 15:09:26] mDC_STRING_500                      0.7997/0.2157  0.8653/0.4749  0.8907/0.5008  0.8625/0.3989  0.8973/0.5484  0.8860/0.4631  0.7228/0.1239  0.7354/0.0742  0.8741/0.3903  
[2026-05-28 15:09:26] mDC_STRING_1000                     0.9047/0.5035  0.9093/0.5013  0.9066/0.5543  0.9072/0.4574  0.9130/0.5433  0.9179/0.5551  0.8290/0.2848  0.8214/0.2394  0.9198/0.5429  
[2026-05-28 15:09:26] mHSC-E_Specific_500                 0.8519/0.8063  0.8554/0.8050  0.8575/0.8190  0.8664/0.8185  0.8597/0.8109  0.8573/0.8167  0.8264/0.7542  0.8311/0.7602  0.8543/0.7975  
[2026-05-28 15:09:26] mHSC-E_Specific_1000                0.8975/0.8920  0.8920/0.8815  0.8999/0.8943  0.8983/0.8930  0.8953/0.8877  0.8976/0.8921  0.8833/0.8724  0.8746/0.8632  0.8989/0.8919  
[2026-05-28 15:09:26] mHSC-E_Non-Specific_500             0.8655/0.3202  0.8629/0.2528  0.8671/0.2797  0.8725/0.3004  0.8634/0.2683  0.8336/0.2534  0.7756/0.0834  0.7630/0.0885  0.8565/0.2795  
[2026-05-28 15:09:26] mHSC-E_Non-Specific_1000            0.8763/0.3239  0.8825/0.2950  0.8872/0.3363  0.8649/0.2232  0.8708/0.2460  0.8770/0.2926  0.8237/0.1494  0.7743/0.0646  0.8801/0.3443  
[2026-05-28 15:09:26] mHSC-E_STRING_500                   0.9355/0.6372  0.9136/0.6220  0.9227/0.6032  0.8805/0.6151  0.9200/0.6239  0.8973/0.5784  0.8285/0.1483  0.7709/0.0672  0.9118/0.6037  
[2026-05-28 15:09:26] mHSC-E_STRING_1000                  0.8988/0.5308  0.8942/0.5214  0.9038/0.5512  0.8944/0.5212  0.8884/0.5215  0.9081/0.5433  0.8280/0.2055  0.8355/0.1939  0.8987/0.5647  
[2026-05-28 15:09:26] mHSC-GM_Specific_500                0.7917/0.8272  0.7826/0.8097  0.7881/0.8309  0.7814/0.8147  0.7658/0.8009  0.7754/0.8128  0.7384/0.7669  0.7312/0.7744  0.7833/0.8030  
[2026-05-28 15:09:26] mHSC-GM_Specific_1000               0.8747/0.8612  0.8714/0.8612  0.8783/0.8678  0.8755/0.8640  0.8743/0.8591  0.8748/0.8574  0.8456/0.8245  0.8487/0.8284  0.8691/0.8626  
[2026-05-28 15:09:26] mHSC-GM_Non-Specific_500            0.8330/0.1863  0.7491/0.0942  0.7959/0.2827  0.7611/0.1101  0.7391/0.0670  0.7506/0.0997  0.7565/0.1400  0.7127/0.0788  0.7446/0.0675  
[2026-05-28 15:09:26] mHSC-GM_Non-Specific_1000           0.8553/0.2823  0.8577/0.2697  0.8548/0.2977  0.8510/0.2879  0.8464/0.2967  0.8564/0.2679  0.7935/0.0741  0.7626/0.0569  0.8485/0.2504  
[2026-05-28 15:09:26] mHSC-GM_STRING_500                  0.8590/0.2686  0.7180/0.1526  0.7732/0.1913  0.8439/0.2860  0.7944/0.1767  0.8488/0.2182  0.6226/0.0238  0.6223/0.0489  0.8607/0.2074  
[2026-05-28 15:09:26] mHSC-GM_STRING_1000                 0.8942/0.4332  0.8712/0.4141  0.8743/0.3703  0.8678/0.3892  0.8585/0.3774  0.8887/0.4445  0.7793/0.0479  0.7810/0.0848  0.8888/0.4076  
[2026-05-28 15:09:26] mHSC-L_Specific_500                 0.7959/0.8418  0.7803/0.8278  0.8109/0.8617  0.8028/0.8473  0.7939/0.8369  0.7987/0.8378  0.7390/0.7854  0.7248/0.7750  0.7929/0.8416  
[2026-05-28 15:09:26] mHSC-L_Specific_1000                0.8695/0.8934  0.8555/0.8772  0.8620/0.8867  0.8571/0.8829  0.8640/0.8888  0.8614/0.8829  0.8461/0.8695  0.8261/0.8495  0.8645/0.8855  
[2026-05-28 15:09:26] mHSC-L_Non-Specific_500             0.8313/0.2442  0.7469/0.1344  0.8252/0.3325  0.7995/0.1881  0.7799/0.1437  0.7560/0.1617  0.7566/0.1140  0.7273/0.0591  0.7529/0.1410  
[2026-05-28 15:09:26] mHSC-L_Non-Specific_1000            0.8396/0.2406  0.8345/0.1924  0.8575/0.2872  0.8087/0.1660  0.8498/0.2611  0.8293/0.1701  0.8181/0.1284  0.7712/0.0581  0.8585/0.2154  
[2026-05-28 15:09:26] mHSC-L_STRING_500                   0.8373/0.3398  0.8273/0.3350  0.8757/0.4473  0.8934/0.4890  0.8655/0.4186  0.8396/0.3240  0.7022/0.0478  0.7059/0.0392  0.8595/0.3947  
[2026-05-28 15:09:26] mHSC-L_STRING_1000                  0.8896/0.3907  0.8623/0.3252  0.8615/0.3147  0.8729/0.3413  0.8713/0.3555  0.8973/0.3773  0.7694/0.0818  0.7396/0.0496  0.8870/0.3737  
[2026-05-28 15:09:26] 
======================================================================
[2026-05-28 15:09:26] AVERAGE ACROSS BEELINE DATASETS (LR)
[2026-05-28 15:09:26] ======================================================================
[2026-05-28 15:09:26]   minus                AUROC: 0.8395±0.0461  AUPRC: 0.3818±0.2413  (n=35)
[2026-05-28 15:09:26]   baseline             AUROC: 0.8357±0.0433  AUPRC: 0.3769±0.2488  (n=35)
[2026-05-28 15:09:26]   scGPT_human          AUROC: 0.8285±0.0510  AUPRC: 0.3854±0.2326  (n=35)
[2026-05-28 15:09:26]   v4_bias_rec_best     AUROC: 0.8355±0.0433  AUPRC: 0.3768±0.2482  (n=35)
[2026-05-28 15:09:26]   v4_plain_best        AUROC: 0.8395±0.0408  AUPRC: 0.3862±0.2408  (n=35)
[2026-05-28 15:09:26]   v4_type_pe_best      AUROC: 0.8401±0.0448  AUPRC: 0.3935±0.2404  (n=35)
[2026-05-28 15:09:26]   scconcept            AUROC: 0.7735±0.0614  AUPRC: 0.2706±0.2598  (n=35)
[2026-05-28 15:09:26]   scconcept_encoded    AUROC: 0.7716±0.0686  AUPRC: 0.2527±0.2788  (n=35)
[2026-05-28 15:09:26]   cl_scratch_v5        AUROC: 0.8385±0.0433  AUPRC: 0.3908±0.2415  (n=35)
[2026-05-28 15:09:27] Conference table saved to /root/autodl-tmp/projects/comparison-SC-embedding/scripts/grn_inference/legacy/results/grn_beeline_full/conference_table.md
[2026-05-28 15:09:27] 
Results saved to /root/autodl-tmp/projects/comparison-SC-embedding/scripts/grn_inference/legacy/results/grn_beeline_full/grn_beeline_full_results.csv
[2026-05-28 15:09:27] 
Done!
[2026-06-01 13:51:36] ======================================================================
[2026-06-01 13:51:36] GRN BEELINE Full Benchmark - Embedding Only
[2026-06-01 13:51:36] ======================================================================
[2026-06-01 13:51:36] Vocab: 60697 genes
[2026-06-01 13:51:36] Loaded minus: (60697, 256)
[2026-06-01 13:51:36] Loaded baseline: (60697, 256)
[2026-06-01 13:51:38] Loaded scGPT_human: (60697, 512)
[2026-06-01 13:51:38] Loaded v4_bias_rec_best: (60697, 256)
[2026-06-01 13:51:39] Loaded v4_plain_best: (60697, 256)
[2026-06-01 13:51:57] ======================================================================
[2026-06-01 13:51:57] GRN BEELINE Full Benchmark - Embedding Only
[2026-06-01 13:51:57] ======================================================================
[2026-06-01 13:51:57] Vocab: 60697 genes
[2026-06-01 13:51:57] Loaded minus: (60697, 256)
[2026-06-01 13:51:57] Loaded baseline: (60697, 256)
[2026-06-01 13:51:58] Loaded scGPT_human: (60697, 512)
[2026-06-01 13:51:58] Loaded v4_bias_rec_best: (60697, 256)
[2026-06-01 14:32:52] ======================================================================
[2026-06-01 14:32:52] GRN BEELINE Full Benchmark - Embedding Only
[2026-06-01 14:32:52] ======================================================================
[2026-06-01 14:32:52] Vocab: 60697 genes
[2026-06-01 14:32:52] Loaded minus: (60697, 256)
[2026-06-01 14:32:52] Loaded baseline: (60697, 256)
[2026-06-01 14:32:52] Loaded scGPT_human: (60697, 512)
[2026-06-01 14:32:52] Loaded v4_bias_rec_best: (60697, 256)
[2026-06-01 14:32:52] Loaded v4_plain_best: (60697, 256)
[2026-06-01 14:32:52] Loaded v4_type_pe_best: (60697, 256)
[2026-06-01 14:32:52] Loaded scconcept: (60697, 512)
[2026-06-01 14:32:52] Loaded scconcept_encoded: (60697, 512)
[2026-06-01 14:32:52] Loaded cl_scratch_v5: (60697, 256)
[2026-06-01 14:32:52] BEELINE data already present.
[2026-06-01 14:32:52] 
--- Part 1: scGREAT pre-processed datasets ---
[2026-06-01 14:32:52] 
--- Part 2: BEELINE datasets (from raw data) ---
[2026-06-01 14:32:52] 
  Cell type: hESC (human), networks: ['Specific', 'Non-Specific', 'STRING']
[2026-06-01 14:32:53] 
======================================================================
[2026-06-01 14:32:53] Dataset: hESC_Specific_500 (500 genes)
[2026-06-01 14:32:53] ======================================================================
[2026-06-01 14:32:53] Train: 3446 (pos=539)
[2026-06-01 14:32:53] Test:  1051 (pos=173)
[2026-06-01 14:32:53] 
Embedding            Clf       Coverage    AUROC    AUPRC
[2026-06-01 14:32:53] ------------------------------------------------------------
[2026-06-01 14:32:53] minus                lr         442/500  0.7772  0.3766
[2026-06-01 14:32:55] minus                mlp        442/500  0.8029  0.4060
[2026-06-01 14:32:55] baseline             lr         442/500  0.8162  0.4475
[2026-06-01 14:32:56] baseline             mlp        442/500  0.8259  0.3922
[2026-06-01 14:32:57] scGPT_human          lr         442/500  0.7592  0.3790
[2026-06-01 14:32:58] scGPT_human          mlp        442/500  0.8367  0.4852
[2026-06-01 14:32:58] v4_bias_rec_best     lr         442/500  0.8161  0.4339
[2026-06-01 14:33:00] v4_bias_rec_best     mlp        442/500  0.8026  0.3856
[2026-06-01 14:33:00] v4_plain_best        lr         442/500  0.7901  0.4065
[2026-06-01 14:33:01] v4_plain_best        mlp        442/500  0.8349  0.4684
[2026-06-01 14:33:01] v4_type_pe_best      lr         442/500  0.8005  0.3955
[2026-06-01 14:33:02] v4_type_pe_best      mlp        442/500  0.8279  0.4207
[2026-06-01 14:33:02] scconcept            lr         442/500  0.7765  0.3817
[2026-06-01 14:33:06] scconcept            mlp        442/500  0.8080  0.4328
[2026-06-01 14:33:07] scconcept_encoded    lr         442/500  0.7702  0.3665
[2026-06-01 14:33:09] scconcept_encoded    mlp        442/500  0.8166  0.3999
[2026-06-01 14:33:09] cl_scratch_v5        lr         442/500  0.7951  0.4197
[2026-06-01 14:33:10] cl_scratch_v5        mlp        442/500  0.8288  0.4517
[2026-06-01 14:33:11] 
======================================================================
[2026-06-01 14:33:11] Dataset: hESC_Specific_1000 (1000 genes)
[2026-06-01 14:33:11] ======================================================================
[2026-06-01 14:33:11] Train: 8445 (pos=1353)
[2026-06-01 14:33:11] Test:  2551 (pos=415)
[2026-06-01 14:33:11] 
Embedding            Clf       Coverage    AUROC    AUPRC
[2026-06-01 14:33:11] ------------------------------------------------------------
[2026-06-01 14:33:11] minus                lr        893/1000  0.8433  0.4339
[2026-06-01 14:33:13] minus                mlp       893/1000  0.8499  0.4709
[2026-06-01 14:33:14] baseline             lr        893/1000  0.8524  0.4636
[2026-06-01 14:33:16] baseline             mlp       893/1000  0.8578  0.4826
[2026-06-01 14:33:17] scGPT_human          lr        893/1000  0.8285  0.4296
[2026-06-01 14:33:22] scGPT_human          mlp       893/1000  0.8428  0.4500
[2026-06-01 14:33:22] v4_bias_rec_best     lr        893/1000  0.8511  0.4544
[2026-06-01 14:33:24] v4_bias_rec_best     mlp       893/1000  0.8546  0.4629
[2026-06-01 14:33:25] v4_plain_best        lr        893/1000  0.8501  0.4651
[2026-06-01 14:33:29] v4_plain_best        mlp       893/1000  0.8445  0.4943
[2026-06-01 14:33:30] v4_type_pe_best      lr        893/1000  0.8499  0.4586
[2026-06-01 14:33:32] v4_type_pe_best      mlp       893/1000  0.8600  0.5110
[2026-06-01 14:33:33] scconcept            lr        893/1000  0.8137  0.3935
[2026-06-01 14:33:38] scconcept            mlp       893/1000  0.8109  0.4054
[2026-06-01 14:33:39] scconcept_encoded    lr        893/1000  0.8329  0.4243
[2026-06-01 14:33:43] scconcept_encoded    mlp       893/1000  0.8324  0.4155
[2026-06-01 14:33:43] cl_scratch_v5        lr        893/1000  0.8442  0.4458
[2026-06-01 14:33:45] cl_scratch_v5        mlp       893/1000  0.8579  0.4647
[2026-06-01 14:33:46] 
======================================================================
[2026-06-01 14:33:46] Dataset: hESC_Non-Specific_500 (500 genes)
[2026-06-01 14:33:46] ======================================================================
[2026-06-01 14:33:46] Train: 6125 (pos=108)
[2026-06-01 14:33:46] Test:  1866 (pos=43)
[2026-06-01 14:33:46] 
Embedding            Clf       Coverage    AUROC    AUPRC
[2026-06-01 14:33:46] ------------------------------------------------------------
[2026-06-01 14:33:47] minus                lr         442/500  0.8705  0.2321
[2026-06-01 14:33:48] minus                mlp        442/500  0.8136  0.1467
[2026-06-01 14:33:48] baseline             lr         442/500  0.8614  0.2378
[2026-06-01 14:33:50] baseline             mlp        442/500  0.8736  0.1810
[2026-06-01 14:33:50] scGPT_human          lr         442/500  0.8608  0.2016
[2026-06-01 14:33:52] scGPT_human          mlp        442/500  0.8548  0.1553
[2026-06-01 14:33:52] v4_bias_rec_best     lr         442/500  0.8426  0.1312
[2026-06-01 14:33:54] v4_bias_rec_best     mlp        442/500  0.8754  0.1980
[2026-06-01 14:33:54] v4_plain_best        lr         442/500  0.8741  0.1799
[2026-06-01 14:33:56] v4_plain_best        mlp        442/500  0.8798  0.2060
[2026-06-01 14:33:56] v4_type_pe_best      lr         442/500  0.8469  0.1805
[2026-06-01 14:33:57] v4_type_pe_best      mlp        442/500  0.8335  0.1623
[2026-06-01 14:33:58] scconcept            lr         442/500  0.8205  0.1347
[2026-06-01 14:34:00] scconcept            mlp        442/500  0.8403  0.1082
[2026-06-01 14:34:00] scconcept_encoded    lr         442/500  0.8055  0.0867
[2026-06-01 14:34:03] scconcept_encoded    mlp        442/500  0.7938  0.1041
[2026-06-01 14:34:03] cl_scratch_v5        lr         442/500  0.8681  0.2119
[2026-06-01 14:34:04] cl_scratch_v5        mlp        442/500  0.8796  0.1835
[2026-06-01 14:34:06] 
======================================================================
[2026-06-01 14:34:06] Dataset: hESC_Non-Specific_1000 (1000 genes)
[2026-06-01 14:34:06] ======================================================================
[2026-06-01 14:34:06] Train: 32243 (pos=456)
[2026-06-01 14:34:06] Test:  9732 (pos=169)
[2026-06-01 14:34:06] 
Embedding            Clf       Coverage    AUROC    AUPRC
[2026-06-01 14:34:06] ------------------------------------------------------------
[2026-06-01 14:34:07] minus                lr        893/1000  0.8780  0.1362
[2026-06-01 14:34:14] minus                mlp       893/1000  0.8914  0.1761
[2026-06-01 14:34:15] baseline             lr        893/1000  0.8678  0.1438
[2026-06-01 14:34:22] baseline             mlp       893/1000  0.8952  0.1746
[2026-06-01 14:34:25] scGPT_human          lr        893/1000  0.8256  0.1183
[2026-06-01 14:34:49] scGPT_human          mlp       893/1000  0.8701  0.1498
[2026-06-01 14:34:50] v4_bias_rec_best     lr        893/1000  0.8563  0.1407
[2026-06-01 14:34:57] v4_bias_rec_best     mlp       893/1000  0.8839  0.1599
[2026-06-01 14:34:58] v4_plain_best        lr        893/1000  0.8833  0.1648
[2026-06-01 14:35:07] v4_plain_best        mlp       893/1000  0.9021  0.1498
[2026-06-01 14:35:08] v4_type_pe_best      lr        893/1000  0.8832  0.1820
[2026-06-01 14:35:15] v4_type_pe_best      mlp       893/1000  0.9027  0.1637
[2026-06-01 14:35:18] scconcept            lr        893/1000  0.7976  0.1040
[2026-06-01 14:35:32] scconcept            mlp       893/1000  0.8530  0.1489
[2026-06-01 14:35:36] scconcept_encoded    lr        893/1000  0.8383  0.1049
[2026-06-01 14:35:49] scconcept_encoded    mlp       893/1000  0.8597  0.1084
[2026-06-01 14:35:50] cl_scratch_v5        lr        893/1000  0.8804  0.1596
[2026-06-01 14:35:58] cl_scratch_v5        mlp       893/1000  0.8832  0.1531
[2026-06-01 14:36:00] 
======================================================================
[2026-06-01 14:36:00] Dataset: hESC_STRING_500 (500 genes)
[2026-06-01 14:36:00] ======================================================================
[2026-06-01 14:36:00] Train: 9177 (pos=60)
[2026-06-01 14:36:00] Test:  2799 (pos=35)
[2026-06-01 14:36:00] 
Embedding            Clf       Coverage    AUROC    AUPRC
[2026-06-01 14:36:00] ------------------------------------------------------------
[2026-06-01 14:36:00] minus                lr         442/500  0.8300  0.2805
[2026-06-01 14:36:02] minus                mlp        442/500  0.8033  0.2084
[2026-06-01 14:36:02] baseline             lr         442/500  0.8115  0.2919
[2026-06-01 14:36:04] baseline             mlp        442/500  0.7654  0.0928
[2026-06-01 14:36:05] scGPT_human          lr         442/500  0.8734  0.2924
[2026-06-01 14:36:08] scGPT_human          mlp        442/500  0.7940  0.0723
[2026-06-01 14:36:08] v4_bias_rec_best     lr         442/500  0.8156  0.2326
[2026-06-01 14:36:10] v4_bias_rec_best     mlp        442/500  0.8097  0.0982
[2026-06-01 14:36:11] v4_plain_best        lr         442/500  0.8126  0.2513
[2026-06-01 14:36:13] v4_plain_best        mlp        442/500  0.8039  0.0518
[2026-06-01 14:36:13] v4_type_pe_best      lr         442/500  0.8493  0.2978
[2026-06-01 14:36:16] v4_type_pe_best      mlp        442/500  0.8509  0.2819
[2026-06-01 14:36:16] scconcept            lr         442/500  0.7684  0.2277
[2026-06-01 14:36:20] scconcept            mlp        442/500  0.7391  0.0305
[2026-06-01 14:36:20] scconcept_encoded    lr         442/500  0.7571  0.1058
[2026-06-01 14:36:23] scconcept_encoded    mlp        442/500  0.7115  0.0340
[2026-06-01 14:36:24] cl_scratch_v5        lr         442/500  0.7790  0.2540
[2026-06-01 14:36:26] cl_scratch_v5        mlp        442/500  0.8044  0.2257
[2026-06-01 14:36:28] 
======================================================================
[2026-06-01 14:36:28] Dataset: hESC_STRING_1000 (1000 genes)
[2026-06-01 14:36:28] ======================================================================
[2026-06-01 14:36:28] Train: 41435 (pos=278)
[2026-06-01 14:36:28] Test:  12511 (pos=133)
[2026-06-01 14:36:28] 
Embedding            Clf       Coverage    AUROC    AUPRC
[2026-06-01 14:36:28] ------------------------------------------------------------
[2026-06-01 14:36:29] minus                lr        893/1000  0.8242  0.2252
[2026-06-01 14:36:41] minus                mlp       893/1000  0.8283  0.2244
[2026-06-01 14:36:43] baseline             lr        893/1000  0.8370  0.2110
[2026-06-01 14:37:02] baseline             mlp       893/1000  0.8224  0.2237
[2026-06-01 14:37:05] scGPT_human          lr        893/1000  0.8379  0.1676
[2026-06-01 14:37:29] scGPT_human          mlp       893/1000  0.8556  0.2204
[2026-06-01 14:37:30] v4_bias_rec_best     lr        893/1000  0.8364  0.1947
[2026-06-01 14:37:52] v4_bias_rec_best     mlp       893/1000  0.8241  0.2289
[2026-06-01 14:37:53] v4_plain_best        lr        893/1000  0.7966  0.2183
[2026-06-01 14:38:12] v4_plain_best        mlp       893/1000  0.8007  0.2335
[2026-06-01 14:38:14] v4_type_pe_best      lr        893/1000  0.8444  0.2105
[2026-06-01 14:38:29] v4_type_pe_best      mlp       893/1000  0.8259  0.2836
[2026-06-01 14:38:32] scconcept            lr        893/1000  0.7862  0.0636
[2026-06-01 14:38:52] scconcept            mlp       893/1000  0.7771  0.0961
[2026-06-01 14:38:56] scconcept_encoded    lr        893/1000  0.7560  0.0487
[2026-06-01 14:39:11] scconcept_encoded    mlp       893/1000  0.7128  0.0279
[2026-06-01 14:39:12] cl_scratch_v5        lr        893/1000  0.8271  0.1962
[2026-06-01 14:39:23] cl_scratch_v5        mlp       893/1000  0.8305  0.1885
[2026-06-01 14:39:23] 
  Cell type: hHep (human), networks: ['Specific', 'Non-Specific', 'STRING']
[2026-06-01 14:39:23]   hHep_Specific_500: too few edges after filtering, skipping
[2026-06-01 14:39:24] 
======================================================================
[2026-06-01 14:39:24] Dataset: hHep_Specific_1000 (1000 genes)
[2026-06-01 14:39:24] ======================================================================
[2026-06-01 14:39:24] Train: 3836 (pos=877)
[2026-06-01 14:39:24] Test:  1160 (pos=268)
[2026-06-01 14:39:24] 
Embedding            Clf       Coverage    AUROC    AUPRC
[2026-06-01 14:39:24] ------------------------------------------------------------
[2026-06-01 14:39:24] minus                lr        962/1000  0.8779  0.7286
[2026-06-01 14:39:25] minus                mlp       962/1000  0.8994  0.7858
[2026-06-01 14:39:26] baseline             lr        962/1000  0.8833  0.7325
[2026-06-01 14:39:27] baseline             mlp       962/1000  0.9075  0.7909
[2026-06-01 14:39:27] scGPT_human          lr        962/1000  0.8496  0.6707
[2026-06-01 14:39:29] scGPT_human          mlp       962/1000  0.9092  0.7848
[2026-06-01 14:39:29] v4_bias_rec_best     lr        962/1000  0.8792  0.7212
[2026-06-01 14:39:30] v4_bias_rec_best     mlp       962/1000  0.9067  0.7888
[2026-06-01 14:39:30] v4_plain_best        lr        962/1000  0.8870  0.7685
[2026-06-01 14:39:32] v4_plain_best        mlp       962/1000  0.9043  0.7897
[2026-06-01 14:39:32] v4_type_pe_best      lr        962/1000  0.8867  0.7540
[2026-06-01 14:39:33] v4_type_pe_best      mlp       962/1000  0.9078  0.8028
[2026-06-01 14:39:33] scconcept            lr        962/1000  0.8299  0.6243
[2026-06-01 14:39:35] scconcept            mlp       962/1000  0.8762  0.7262
[2026-06-01 14:39:36] scconcept_encoded    lr        962/1000  0.8328  0.6312
[2026-06-01 14:39:38] scconcept_encoded    mlp       962/1000  0.8750  0.7385
[2026-06-01 14:39:38] cl_scratch_v5        lr        962/1000  0.8846  0.7378
[2026-06-01 14:39:40] cl_scratch_v5        mlp       962/1000  0.8969  0.7572
[2026-06-01 14:39:40] 
======================================================================
[2026-06-01 14:39:40] Dataset: hHep_Non-Specific_500 (500 genes)
[2026-06-01 14:39:40] ======================================================================
[2026-06-01 14:39:40] Train: 5739 (pos=61)
[2026-06-01 14:39:40] Test:  1753 (pos=31)
[2026-06-01 14:39:40] 
Embedding            Clf       Coverage    AUROC    AUPRC
[2026-06-01 14:39:40] ------------------------------------------------------------
[2026-06-01 14:39:40] minus                lr         487/500  0.8201  0.1351
[2026-06-01 14:39:42] minus                mlp        487/500  0.8528  0.1032
[2026-06-01 14:39:42] baseline             lr         487/500  0.7582  0.0836
[2026-06-01 14:39:43] baseline             mlp        487/500  0.7279  0.0643
[2026-06-01 14:39:43] scGPT_human          lr         487/500  0.7999  0.1100
[2026-06-01 14:39:46] scGPT_human          mlp        487/500  0.8079  0.1432
[2026-06-01 14:39:46] v4_bias_rec_best     lr         487/500  0.8275  0.1567
[2026-06-01 14:39:47] v4_bias_rec_best     mlp        487/500  0.7902  0.1198
[2026-06-01 14:39:48] v4_plain_best        lr         487/500  0.7973  0.1219
[2026-06-01 14:39:49] v4_plain_best        mlp        487/500  0.7701  0.0709
[2026-06-01 14:39:49] v4_type_pe_best      lr         487/500  0.8232  0.1577
[2026-06-01 14:39:50] v4_type_pe_best      mlp        487/500  0.7219  0.0515
[2026-06-01 14:39:51] scconcept            lr         487/500  0.7751  0.0993
[2026-06-01 14:39:53] scconcept            mlp        487/500  0.7465  0.0526
[2026-06-01 14:39:53] scconcept_encoded    lr         487/500  0.7451  0.0499
[2026-06-01 14:39:55] scconcept_encoded    mlp        487/500  0.6837  0.0491
[2026-06-01 14:39:55] cl_scratch_v5        lr         487/500  0.7901  0.1102
[2026-06-01 14:39:57] cl_scratch_v5        mlp        487/500  0.8199  0.1230
[2026-06-01 14:39:58] 
======================================================================
[2026-06-01 14:39:58] Dataset: hHep_Non-Specific_1000 (1000 genes)
[2026-06-01 14:39:58] ======================================================================
[2026-06-01 14:39:58] Train: 29174 (pos=246)
[2026-06-01 14:39:58] Test:  8805 (pos=102)
[2026-06-01 14:39:58] 
Embedding            Clf       Coverage    AUROC    AUPRC
[2026-06-01 14:39:58] ------------------------------------------------------------
[2026-06-01 14:39:59] minus                lr        962/1000  0.8540  0.1270
[2026-06-01 14:40:05] minus                mlp       962/1000  0.8733  0.1731
[2026-06-01 14:40:06] baseline             lr        962/1000  0.8335  0.1440
[2026-06-01 14:40:13] baseline             mlp       962/1000  0.8585  0.1537
[2026-06-01 14:40:15] scGPT_human          lr        962/1000  0.8343  0.1462
[2026-06-01 14:40:26] scGPT_human          mlp       962/1000  0.8813  0.1436
[2026-06-01 14:40:27] v4_bias_rec_best     lr        962/1000  0.8123  0.1103
[2026-06-01 14:40:34] v4_bias_rec_best     mlp       962/1000  0.8445  0.1036
[2026-06-01 14:40:34] v4_plain_best        lr        962/1000  0.8259  0.1097
[2026-06-01 14:40:41] v4_plain_best        mlp       962/1000  0.8764  0.1486
[2026-06-01 14:40:42] v4_type_pe_best      lr        962/1000  0.8367  0.1396
[2026-06-01 14:40:49] v4_type_pe_best      mlp       962/1000  0.8720  0.1940
[2026-06-01 14:40:51] scconcept            lr        962/1000  0.7649  0.0928
[2026-06-01 14:41:08] scconcept            mlp       962/1000  0.8029  0.0824
[2026-06-01 14:41:11] scconcept_encoded    lr        962/1000  0.8202  0.0622
[2026-06-01 14:41:22] scconcept_encoded    mlp       962/1000  0.7946  0.0461
[2026-06-01 14:41:23] cl_scratch_v5        lr        962/1000  0.8264  0.1609
[2026-06-01 14:41:30] cl_scratch_v5        mlp       962/1000  0.8666  0.1448
[2026-06-01 14:41:31] 
======================================================================
[2026-06-01 14:41:31] Dataset: hHep_STRING_500 (500 genes)
[2026-06-01 14:41:31] ======================================================================
[2026-06-01 14:41:31] Train: 8033 (pos=182)
[2026-06-01 14:41:31] Test:  2446 (pos=74)
[2026-06-01 14:41:31] 
Embedding            Clf       Coverage    AUROC    AUPRC
[2026-06-01 14:41:31] ------------------------------------------------------------
[2026-06-01 14:41:31] minus                lr         487/500  0.8768  0.4320
[2026-06-01 14:41:33] minus                mlp        487/500  0.9314  0.5887
[2026-06-01 14:41:34] baseline             lr         487/500  0.9074  0.5086
[2026-06-01 14:41:36] baseline             mlp        487/500  0.9286  0.5847
[2026-06-01 14:41:36] scGPT_human          lr         487/500  0.8876  0.5185
[2026-06-01 14:41:40] scGPT_human          mlp        487/500  0.9035  0.5813
[2026-06-01 14:41:41] v4_bias_rec_best     lr         487/500  0.9121  0.5366
[2026-06-01 14:41:45] v4_bias_rec_best     mlp        487/500  0.8986  0.5641
[2026-06-01 14:41:45] v4_plain_best        lr         487/500  0.8608  0.4102
[2026-06-01 14:41:47] v4_plain_best        mlp        487/500  0.9285  0.5436
[2026-06-01 14:41:48] v4_type_pe_best      lr         487/500  0.8970  0.4404
[2026-06-01 14:41:50] v4_type_pe_best      mlp        487/500  0.9085  0.5875
[2026-06-01 14:41:50] scconcept            lr         487/500  0.7880  0.1401
[2026-06-01 14:41:53] scconcept            mlp        487/500  0.7749  0.1150
[2026-06-01 14:41:54] scconcept_encoded    lr         487/500  0.7826  0.1111
[2026-06-01 14:41:58] scconcept_encoded    mlp        487/500  0.7923  0.1478
[2026-06-01 14:41:59] cl_scratch_v5        lr         487/500  0.8688  0.4421
[2026-06-01 14:42:01] cl_scratch_v5        mlp        487/500  0.9286  0.5780
[2026-06-01 14:42:01] 
======================================================================
[2026-06-01 14:42:01] Dataset: hHep_STRING_1000 (1000 genes)
[2026-06-01 14:42:01] ======================================================================
[2026-06-01 14:42:01] Train: 40670 (pos=595)
[2026-06-01 14:42:01] Test:  12277 (pos=229)
[2026-06-01 14:42:01] 
Embedding            Clf       Coverage    AUROC    AUPRC
[2026-06-01 14:42:01] ------------------------------------------------------------
[2026-06-01 14:42:03] minus                lr        962/1000  0.8802  0.3888
[2026-06-01 14:42:18] minus                mlp       962/1000  0.8916  0.4843
[2026-06-01 14:42:19] baseline             lr        962/1000  0.8737  0.4056
[2026-06-01 14:42:29] baseline             mlp       962/1000  0.8874  0.4290
[2026-06-01 14:42:32] scGPT_human          lr        962/1000  0.8823  0.3842
[2026-06-01 14:43:04] scGPT_human          mlp       962/1000  0.8773  0.4711
[2026-06-01 14:43:05] v4_bias_rec_best     lr        962/1000  0.8757  0.3927
[2026-06-01 14:43:27] v4_bias_rec_best     mlp       962/1000  0.8883  0.4725
[2026-06-01 14:43:29] v4_plain_best        lr        962/1000  0.8800  0.3509
[2026-06-01 14:43:44] v4_plain_best        mlp       962/1000  0.8855  0.4496
[2026-06-01 14:43:46] v4_type_pe_best      lr        962/1000  0.8823  0.3901
[2026-06-01 14:43:56] v4_type_pe_best      mlp       962/1000  0.8944  0.4238
[2026-06-01 14:43:59] scconcept            lr        962/1000  0.8442  0.1866
[2026-06-01 14:44:34] scconcept            mlp       962/1000  0.8125  0.2295
[2026-06-01 14:44:39] scconcept_encoded    lr        962/1000  0.8238  0.1842
[2026-06-01 14:45:01] scconcept_encoded    mlp       962/1000  0.8161  0.2115
[2026-06-01 14:45:02] cl_scratch_v5        lr        962/1000  0.8695  0.3842
[2026-06-01 14:45:12] cl_scratch_v5        mlp       962/1000  0.8912  0.4170
[2026-06-01 14:45:12] 
  Cell type: mDC (mouse), networks: ['Specific', 'Non-Specific', 'STRING']
[2026-06-01 14:45:12] 
======================================================================
[2026-06-01 14:45:12] Dataset: mDC_Specific_500 (500 genes)
[2026-06-01 14:45:12] ======================================================================
[2026-06-01 14:45:12] Train: 765 (pos=23)
[2026-06-01 14:45:12] Test:  234 (pos=10)
[2026-06-01 14:45:12] 
Embedding            Clf       Coverage    AUROC    AUPRC
[2026-06-01 14:45:12] ------------------------------------------------------------
[2026-06-01 14:45:12] minus                lr         387/500  0.7603  0.1196
[2026-06-01 14:45:13] minus                mlp        387/500  0.6522  0.1175
[2026-06-01 14:45:13] baseline             lr         387/500  0.7991  0.2275
[2026-06-01 14:45:13] baseline             mlp        387/500  0.8281  0.1765
[2026-06-01 14:45:13] scGPT_human          lr         387/500  0.7750  0.2778
[2026-06-01 14:45:13] scGPT_human          mlp        387/500  0.7179  0.1527
[2026-06-01 14:45:13] v4_bias_rec_best     lr         387/500  0.7562  0.1449
[2026-06-01 14:45:14] v4_bias_rec_best     mlp        387/500  0.4607  0.0412
[2026-06-01 14:45:14] v4_plain_best        lr         387/500  0.8701  0.2150
[2026-06-01 14:45:14] v4_plain_best        mlp        387/500  0.7772  0.1224
[2026-06-01 14:45:14] v4_type_pe_best      lr         387/500  0.7714  0.1715
[2026-06-01 14:45:14] v4_type_pe_best      mlp        387/500  0.7058  0.0792
[2026-06-01 14:45:14] scconcept            lr         387/500  0.6987  0.2617
[2026-06-01 14:45:15] scconcept            mlp        387/500  0.6460  0.0808
[2026-06-01 14:45:15] scconcept_encoded    lr         387/500  0.5317  0.0503
[2026-06-01 14:45:15] scconcept_encoded    mlp        387/500  0.5442  0.0511
[2026-06-01 14:45:15] cl_scratch_v5        lr         387/500  0.8103  0.1773
[2026-06-01 14:45:15] cl_scratch_v5        mlp        387/500  0.5920  0.0740
[2026-06-01 14:45:16] 
======================================================================
[2026-06-01 14:45:16] Dataset: mDC_Specific_1000 (1000 genes)
[2026-06-01 14:45:16] ======================================================================
[2026-06-01 14:45:16] Train: 6140 (pos=453)
[2026-06-01 14:45:16] Test:  1853 (pos=143)
[2026-06-01 14:45:16] 
Embedding            Clf       Coverage    AUROC    AUPRC
[2026-06-01 14:45:16] ------------------------------------------------------------
[2026-06-01 14:45:16] minus                lr        803/1000  0.8228  0.3675
[2026-06-01 14:45:17] minus                mlp       803/1000  0.8626  0.4263
[2026-06-01 14:45:17] baseline             lr        803/1000  0.8059  0.3362
[2026-06-01 14:45:19] baseline             mlp       803/1000  0.8624  0.4311
[2026-06-01 14:45:19] scGPT_human          lr        803/1000  0.8127  0.3047
[2026-06-01 14:45:22] scGPT_human          mlp       803/1000  0.8626  0.4261
[2026-06-01 14:45:22] v4_bias_rec_best     lr        803/1000  0.7981  0.3067
[2026-06-01 14:45:24] v4_bias_rec_best     mlp       803/1000  0.8596  0.4389
[2026-06-01 14:45:24] v4_plain_best        lr        803/1000  0.7974  0.3039
[2026-06-01 14:45:25] v4_plain_best        mlp       803/1000  0.8631  0.4383
[2026-06-01 14:45:26] v4_type_pe_best      lr        803/1000  0.8180  0.3217
[2026-06-01 14:45:28] v4_type_pe_best      mlp       803/1000  0.8347  0.3918
[2026-06-01 14:45:28] scconcept            lr        803/1000  0.7344  0.2219
[2026-06-01 14:45:31] scconcept            mlp       803/1000  0.8185  0.3138
[2026-06-01 14:45:32] scconcept_encoded    lr        803/1000  0.8127  0.2742
[2026-06-01 14:45:35] scconcept_encoded    mlp       803/1000  0.8324  0.2814
[2026-06-01 14:45:35] cl_scratch_v5        lr        803/1000  0.8317  0.3535
[2026-06-01 14:45:37] cl_scratch_v5        mlp       803/1000  0.8685  0.4261
[2026-06-01 14:45:37] 
======================================================================
[2026-06-01 14:45:37] Dataset: mDC_Non-Specific_500 (500 genes)
[2026-06-01 14:45:37] ======================================================================
[2026-06-01 14:45:37] Train: 2676 (pos=20)
[2026-06-01 14:45:37] Test:  819 (pos=13)
[2026-06-01 14:45:37] 
Embedding            Clf       Coverage    AUROC    AUPRC
[2026-06-01 14:45:37] ------------------------------------------------------------
[2026-06-01 14:45:37] minus                lr         387/500  0.7265  0.2227
[2026-06-01 14:45:38] minus                mlp        387/500  0.5668  0.0213
[2026-06-01 14:45:38] baseline             lr         387/500  0.7431  0.1627
[2026-06-01 14:45:38] baseline             mlp        387/500  0.5152  0.0190
[2026-06-01 14:45:38] scGPT_human          lr         387/500  0.6665  0.0966
[2026-06-01 14:45:39] scGPT_human          mlp        387/500  0.6653  0.0488
[2026-06-01 14:45:39] v4_bias_rec_best     lr         387/500  0.7063  0.2053
[2026-06-01 14:45:40] v4_bias_rec_best     mlp        387/500  0.5826  0.0205
[2026-06-01 14:45:40] v4_plain_best        lr         387/500  0.7639  0.1954
[2026-06-01 14:45:41] v4_plain_best        mlp        387/500  0.5878  0.0195
[2026-06-01 14:45:41] v4_type_pe_best      lr         387/500  0.7042  0.2377
[2026-06-01 14:45:42] v4_type_pe_best      mlp        387/500  0.5894  0.0489
[2026-06-01 14:45:42] scconcept            lr         387/500  0.5838  0.1013
[2026-06-01 14:45:43] scconcept            mlp        387/500  0.5406  0.0265
[2026-06-01 14:45:43] scconcept_encoded    lr         387/500  0.6416  0.0298
[2026-06-01 14:45:44] scconcept_encoded    mlp        387/500  0.7143  0.0322
[2026-06-01 14:45:44] cl_scratch_v5        lr         387/500  0.7606  0.2371
[2026-06-01 14:45:45] cl_scratch_v5        mlp        387/500  0.5276  0.0964
[2026-06-01 14:45:45] 
======================================================================
[2026-06-01 14:45:45] Dataset: mDC_Non-Specific_1000 (1000 genes)
[2026-06-01 14:45:45] ======================================================================
[2026-06-01 14:45:45] Train: 29935 (pos=351)
[2026-06-01 14:45:45] Test:  9037 (pos=141)
[2026-06-01 14:45:45] 
Embedding            Clf       Coverage    AUROC    AUPRC
[2026-06-01 14:45:45] ------------------------------------------------------------
[2026-06-01 14:45:46] minus                lr        803/1000  0.8697  0.2471
[2026-06-01 14:45:53] minus                mlp       803/1000  0.8692  0.1608
[2026-06-01 14:45:54] baseline             lr        803/1000  0.8530  0.1696
[2026-06-01 14:46:00] baseline             mlp       803/1000  0.8666  0.1514
[2026-06-01 14:46:03] scGPT_human          lr        803/1000  0.8216  0.1971
[2026-06-01 14:46:18] scGPT_human          mlp       803/1000  0.8495  0.2184
[2026-06-01 14:46:19] v4_bias_rec_best     lr        803/1000  0.8496  0.1712
[2026-06-01 14:46:26] v4_bias_rec_best     mlp       803/1000  0.8780  0.1559
[2026-06-01 14:46:27] v4_plain_best        lr        803/1000  0.8633  0.1863
[2026-06-01 14:46:35] v4_plain_best        mlp       803/1000  0.8907  0.2586
[2026-06-01 14:46:36] v4_type_pe_best      lr        803/1000  0.8622  0.1839
[2026-06-01 14:46:43] v4_type_pe_best      mlp       803/1000  0.8759  0.1508
[2026-06-01 14:46:45] scconcept            lr        803/1000  0.7448  0.1157
[2026-06-01 14:46:56] scconcept            mlp       803/1000  0.7916  0.0843
[2026-06-01 14:46:59] scconcept_encoded    lr        803/1000  0.7497  0.0915
[2026-06-01 14:47:10] scconcept_encoded    mlp       803/1000  0.7164  0.0446
[2026-06-01 14:47:11] cl_scratch_v5        lr        803/1000  0.8675  0.1933
[2026-06-01 14:47:19] cl_scratch_v5        mlp       803/1000  0.8850  0.2457
[2026-06-01 14:47:19] 
======================================================================
[2026-06-01 14:47:19] Dataset: mDC_STRING_500 (500 genes)
[2026-06-01 14:47:19] ======================================================================
[2026-06-01 14:47:19] Train: 4206 (pos=89)
[2026-06-01 14:47:19] Test:  1283 (pos=36)
[2026-06-01 14:47:19] 
Embedding            Clf       Coverage    AUROC    AUPRC
[2026-06-01 14:47:19] ------------------------------------------------------------
[2026-06-01 14:47:19] minus                lr         387/500  0.8385  0.2730
[2026-06-01 14:47:20] minus                mlp        387/500  0.7997  0.2157
[2026-06-01 14:47:20] baseline             lr         387/500  0.7955  0.2000
[2026-06-01 14:47:21] baseline             mlp        387/500  0.8653  0.4749
[2026-06-01 14:47:22] scGPT_human          lr         387/500  0.8476  0.3276
[2026-06-01 14:47:23] scGPT_human          mlp        387/500  0.8907  0.5008
[2026-06-01 14:47:23] v4_bias_rec_best     lr         387/500  0.8273  0.3269
[2026-06-01 14:47:25] v4_bias_rec_best     mlp        387/500  0.8625  0.3989
[2026-06-01 14:47:25] v4_plain_best        lr         387/500  0.8618  0.3438
[2026-06-01 14:47:26] v4_plain_best        mlp        387/500  0.8973  0.5484
[2026-06-01 14:47:27] v4_type_pe_best      lr         387/500  0.8352  0.2786
[2026-06-01 14:47:28] v4_type_pe_best      mlp        387/500  0.8860  0.4631
[2026-06-01 14:47:28] scconcept            lr         387/500  0.6643  0.0612
[2026-06-01 14:47:30] scconcept            mlp        387/500  0.7228  0.1239
[2026-06-01 14:47:30] scconcept_encoded    lr         387/500  0.7057  0.0949
[2026-06-01 14:47:32] scconcept_encoded    mlp        387/500  0.7354  0.0742
[2026-06-01 14:47:32] cl_scratch_v5        lr         387/500  0.8597  0.3848
[2026-06-01 14:47:33] cl_scratch_v5        mlp        387/500  0.8741  0.3903
[2026-06-01 14:47:33] 
======================================================================
[2026-06-01 14:47:33] Dataset: mDC_STRING_1000 (1000 genes)
[2026-06-01 14:47:33] ======================================================================
[2026-06-01 14:47:33] Train: 30695 (pos=600)
[2026-06-01 14:47:33] Test:  9265 (pos=217)
[2026-06-01 14:47:33] 
Embedding            Clf       Coverage    AUROC    AUPRC
[2026-06-01 14:47:33] ------------------------------------------------------------
[2026-06-01 14:47:34] minus                lr        803/1000  0.8978  0.3925
[2026-06-01 14:47:47] minus                mlp       803/1000  0.9047  0.5035
[2026-06-01 14:47:48] baseline             lr        803/1000  0.8854  0.3854
[2026-06-01 14:47:55] baseline             mlp       803/1000  0.9093  0.5013
[2026-06-01 14:47:58] scGPT_human          lr        803/1000  0.8764  0.3570
[2026-06-01 14:48:19] scGPT_human          mlp       803/1000  0.9066  0.5543
[2026-06-01 14:48:20] v4_bias_rec_best     lr        803/1000  0.8932  0.3733
[2026-06-01 14:48:30] v4_bias_rec_best     mlp       803/1000  0.9072  0.4574
[2026-06-01 14:48:31] v4_plain_best        lr        803/1000  0.8910  0.3789
[2026-06-01 14:48:43] v4_plain_best        mlp       803/1000  0.9130  0.5433
[2026-06-01 14:48:44] v4_type_pe_best      lr        803/1000  0.9004  0.4297
[2026-06-01 14:48:56] v4_type_pe_best      mlp       803/1000  0.9179  0.5551
[2026-06-01 14:48:59] scconcept            lr        803/1000  0.8436  0.2090
[2026-06-01 14:49:20] scconcept            mlp       803/1000  0.8290  0.2848
[2026-06-01 14:49:23] scconcept_encoded    lr        803/1000  0.8289  0.2090
[2026-06-01 14:49:38] scconcept_encoded    mlp       803/1000  0.8214  0.2394
[2026-06-01 14:49:39] cl_scratch_v5        lr        803/1000  0.8964  0.3911
[2026-06-01 14:49:52] cl_scratch_v5        mlp       803/1000  0.9198  0.5429
[2026-06-01 14:49:52] 
  Cell type: mESC (mouse), networks: ['Specific', 'Non-Specific', 'STRING']
[2026-06-01 14:49:53]   mESC_Specific_500: too few edges after filtering, skipping
[2026-06-01 14:49:54]   mESC_Specific_1000: too few edges after filtering, skipping
[2026-06-01 14:49:55]   mESC_Non-Specific_500: too few edges after filtering, skipping
[2026-06-01 14:49:56]   mESC_Non-Specific_1000: too few edges after filtering, skipping
[2026-06-01 14:49:56]   mESC_STRING_500: too few edges after filtering, skipping
[2026-06-01 14:49:57]   mESC_STRING_1000: too few edges after filtering, skipping
[2026-06-01 14:49:57] 
  Cell type: mHSC-E (mouse), networks: ['Specific', 'Non-Specific', 'STRING']
[2026-06-01 14:49:58] 
======================================================================
[2026-06-01 14:49:58] Dataset: mHSC-E_Specific_500 (500 genes)
[2026-06-01 14:49:58] ======================================================================
[2026-06-01 14:49:58] Train: 1914 (pos=770)
[2026-06-01 14:49:58] Test:  584 (pos=238)
[2026-06-01 14:49:58] 
Embedding            Clf       Coverage    AUROC    AUPRC
[2026-06-01 14:49:58] ------------------------------------------------------------
[2026-06-01 14:49:58] minus                lr         457/500  0.7857  0.6990
[2026-06-01 14:49:59] minus                mlp        457/500  0.8519  0.8063
[2026-06-01 14:49:59] baseline             lr         457/500  0.8080  0.7446
[2026-06-01 14:49:59] baseline             mlp        457/500  0.8554  0.8050
[2026-06-01 14:49:59] scGPT_human          lr         457/500  0.7576  0.6834
[2026-06-01 14:50:00] scGPT_human          mlp        457/500  0.8575  0.8190
[2026-06-01 14:50:00] v4_bias_rec_best     lr         457/500  0.8066  0.7451
[2026-06-01 14:50:01] v4_bias_rec_best     mlp        457/500  0.8664  0.8185
[2026-06-01 14:50:01] v4_plain_best        lr         457/500  0.7896  0.7258
[2026-06-01 14:50:02] v4_plain_best        mlp        457/500  0.8597  0.8109
[2026-06-01 14:50:02] v4_type_pe_best      lr         457/500  0.8072  0.7598
[2026-06-01 14:50:02] v4_type_pe_best      mlp        457/500  0.8573  0.8167
[2026-06-01 14:50:03] scconcept            lr         457/500  0.7220  0.5906
[2026-06-01 14:50:04] scconcept            mlp        457/500  0.8264  0.7542
[2026-06-01 14:50:04] scconcept_encoded    lr         457/500  0.7855  0.6964
[2026-06-01 14:50:05] scconcept_encoded    mlp        457/500  0.8311  0.7602
[2026-06-01 14:50:05] cl_scratch_v5        lr         457/500  0.8142  0.7586
[2026-06-01 14:50:05] cl_scratch_v5        mlp        457/500  0.8543  0.7975
[2026-06-01 14:50:06] 
======================================================================
[2026-06-01 14:50:06] Dataset: mHSC-E_Specific_1000 (1000 genes)
[2026-06-01 14:50:06] ======================================================================
[2026-06-01 14:50:06] Train: 9983 (pos=4937)
[2026-06-01 14:50:06] Test:  3013 (pos=1490)
[2026-06-01 14:50:06] 
Embedding            Clf       Coverage    AUROC    AUPRC
[2026-06-01 14:50:06] ------------------------------------------------------------
[2026-06-01 14:50:07] minus                lr        917/1000  0.8943  0.8876
[2026-06-01 14:50:12] minus                mlp       917/1000  0.8975  0.8920
[2026-06-01 14:50:12] baseline             lr        917/1000  0.8916  0.8841
[2026-06-01 14:50:15] baseline             mlp       917/1000  0.8920  0.8815
[2026-06-01 14:50:16] scGPT_human          lr        917/1000  0.8915  0.8877
[2026-06-01 14:50:23] scGPT_human          mlp       917/1000  0.8999  0.8943
[2026-06-01 14:50:23] v4_bias_rec_best     lr        917/1000  0.8941  0.8842
[2026-06-01 14:50:29] v4_bias_rec_best     mlp       917/1000  0.8983  0.8930
[2026-06-01 14:50:30] v4_plain_best        lr        917/1000  0.8944  0.8845
[2026-06-01 14:50:34] v4_plain_best        mlp       917/1000  0.8953  0.8877
[2026-06-01 14:50:35] v4_type_pe_best      lr        917/1000  0.8922  0.8828
[2026-06-01 14:50:42] v4_type_pe_best      mlp       917/1000  0.8976  0.8921
[2026-06-01 14:50:42] scconcept            lr        917/1000  0.8704  0.8573
[2026-06-01 14:50:50] scconcept            mlp       917/1000  0.8833  0.8724
[2026-06-01 14:50:52] scconcept_encoded    lr        917/1000  0.8815  0.8715
[2026-06-01 14:51:00] scconcept_encoded    mlp       917/1000  0.8746  0.8632
[2026-06-01 14:51:00] cl_scratch_v5        lr        917/1000  0.8931  0.8849
[2026-06-01 14:51:07] cl_scratch_v5        mlp       917/1000  0.8989  0.8919
[2026-06-01 14:51:08] 
======================================================================
[2026-06-01 14:51:08] Dataset: mHSC-E_Non-Specific_500 (500 genes)
[2026-06-01 14:51:08] ======================================================================
[2026-06-01 14:51:08] Train: 8032 (pos=177)
[2026-06-01 14:51:08] Test:  2452 (pos=71)
[2026-06-01 14:51:08] 
Embedding            Clf       Coverage    AUROC    AUPRC
[2026-06-01 14:51:08] ------------------------------------------------------------
[2026-06-01 14:51:08] minus                lr         457/500  0.8057  0.1758
[2026-06-01 14:51:10] minus                mlp        457/500  0.8655  0.3202
[2026-06-01 14:51:10] baseline             lr         457/500  0.7961  0.1520
[2026-06-01 14:51:13] baseline             mlp        457/500  0.8629  0.2528
[2026-06-01 14:51:13] scGPT_human          lr         457/500  0.8396  0.2404
[2026-06-01 14:51:18] scGPT_human          mlp        457/500  0.8671  0.2797
[2026-06-01 14:51:19] v4_bias_rec_best     lr         457/500  0.8493  0.1729
[2026-06-01 14:51:21] v4_bias_rec_best     mlp        457/500  0.8725  0.3004
[2026-06-01 14:51:21] v4_plain_best        lr         457/500  0.8272  0.1404
[2026-06-01 14:51:23] v4_plain_best        mlp        457/500  0.8634  0.2683
[2026-06-01 14:51:23] v4_type_pe_best      lr         457/500  0.8174  0.2318
[2026-06-01 14:51:27] v4_type_pe_best      mlp        457/500  0.8336  0.2534
[2026-06-01 14:51:27] scconcept            lr         457/500  0.7164  0.0765
[2026-06-01 14:51:30] scconcept            mlp        457/500  0.7756  0.0834
[2026-06-01 14:51:31] scconcept_encoded    lr         457/500  0.7618  0.0863
[2026-06-01 14:51:34] scconcept_encoded    mlp        457/500  0.7630  0.0885
[2026-06-01 14:51:34] cl_scratch_v5        lr         457/500  0.8247  0.2003
[2026-06-01 14:51:38] cl_scratch_v5        mlp        457/500  0.8565  0.2795
[2026-06-01 14:51:38] 
======================================================================
[2026-06-01 14:51:38] Dataset: mHSC-E_Non-Specific_1000 (1000 genes)
[2026-06-01 14:51:38] ======================================================================
[2026-06-01 14:51:38] Train: 36844 (pos=502)
[2026-06-01 14:51:38] Test:  11119 (pos=189)
[2026-06-01 14:51:38] 
Embedding            Clf       Coverage    AUROC    AUPRC
[2026-06-01 14:51:38] ------------------------------------------------------------
[2026-06-01 14:51:40] minus                lr        917/1000  0.8663  0.2260
[2026-06-01 14:51:51] minus                mlp       917/1000  0.8763  0.3239
[2026-06-01 14:51:52] baseline             lr        917/1000  0.8652  0.2280
[2026-06-01 14:52:03] baseline             mlp       917/1000  0.8825  0.2950
[2026-06-01 14:52:06] scGPT_human          lr        917/1000  0.8288  0.2008
[2026-06-01 14:52:28] scGPT_human          mlp       917/1000  0.8872  0.3363
[2026-06-01 14:52:29] v4_bias_rec_best     lr        917/1000  0.8526  0.1976
[2026-06-01 14:52:38] v4_bias_rec_best     mlp       917/1000  0.8649  0.2232
[2026-06-01 14:52:40] v4_plain_best        lr        917/1000  0.8497  0.1852
[2026-06-01 14:52:49] v4_plain_best        mlp       917/1000  0.8708  0.2460
[2026-06-01 14:52:50] v4_type_pe_best      lr        917/1000  0.8622  0.2130
[2026-06-01 14:53:03] v4_type_pe_best      mlp       917/1000  0.8770  0.2926
[2026-06-01 14:53:06] scconcept            lr        917/1000  0.7841  0.0983
[2026-06-01 14:53:37] scconcept            mlp       917/1000  0.8237  0.1494
[2026-06-01 14:53:41] scconcept_encoded    lr        917/1000  0.7960  0.0766
[2026-06-01 14:53:55] scconcept_encoded    mlp       917/1000  0.7743  0.0646
[2026-06-01 14:53:56] cl_scratch_v5        lr        917/1000  0.8569  0.2394
[2026-06-01 14:54:11] cl_scratch_v5        mlp       917/1000  0.8801  0.3443
[2026-06-01 14:54:11] 
======================================================================
[2026-06-01 14:54:11] Dataset: mHSC-E_STRING_500 (500 genes)
[2026-06-01 14:54:11] ======================================================================
[2026-06-01 14:54:11] Train: 9560 (pos=159)
[2026-06-01 14:54:11] Test:  2915 (pos=69)
[2026-06-01 14:54:11] 
Embedding            Clf       Coverage    AUROC    AUPRC
[2026-06-01 14:54:11] ------------------------------------------------------------
[2026-06-01 14:54:12] minus                lr         457/500  0.9206  0.4640
[2026-06-01 14:54:15] minus                mlp        457/500  0.9355  0.6372
[2026-06-01 14:54:15] baseline             lr         457/500  0.8832  0.4512
[2026-06-01 14:54:19] baseline             mlp        457/500  0.9136  0.6220
[2026-06-01 14:54:19] scGPT_human          lr         457/500  0.8956  0.5261
[2026-06-01 14:54:24] scGPT_human          mlp        457/500  0.9227  0.6032
[2026-06-01 14:54:25] v4_bias_rec_best     lr         457/500  0.8843  0.5368
[2026-06-01 14:54:29] v4_bias_rec_best     mlp        457/500  0.8805  0.6151
[2026-06-01 14:54:29] v4_plain_best        lr         457/500  0.8905  0.5310
[2026-06-01 14:54:35] v4_plain_best        mlp        457/500  0.9200  0.6239
[2026-06-01 14:54:35] v4_type_pe_best      lr         457/500  0.8647  0.4664
[2026-06-01 14:54:39] v4_type_pe_best      mlp        457/500  0.8973  0.5784
[2026-06-01 14:54:39] scconcept            lr         457/500  0.8033  0.1083
[2026-06-01 14:54:44] scconcept            mlp        457/500  0.8285  0.1483
[2026-06-01 14:54:45] scconcept_encoded    lr         457/500  0.7663  0.1358
[2026-06-01 14:54:48] scconcept_encoded    mlp        457/500  0.7709  0.0672
[2026-06-01 14:54:49] cl_scratch_v5        lr         457/500  0.9064  0.5184
[2026-06-01 14:54:53] cl_scratch_v5        mlp        457/500  0.9118  0.6037
[2026-06-01 14:54:53] 
======================================================================
[2026-06-01 14:54:53] Dataset: mHSC-E_STRING_1000 (1000 genes)
[2026-06-01 14:54:53] ======================================================================
[2026-06-01 14:54:53] Train: 40670 (pos=500)
[2026-06-01 14:54:53] Test:  12277 (pos=202)
[2026-06-01 14:54:53] 
Embedding            Clf       Coverage    AUROC    AUPRC
[2026-06-01 14:54:53] ------------------------------------------------------------
[2026-06-01 14:54:55] minus                lr        917/1000  0.8872  0.4798
[2026-06-01 14:55:12] minus                mlp       917/1000  0.8988  0.5308
[2026-06-01 14:55:13] baseline             lr        917/1000  0.8848  0.4496
[2026-06-01 14:55:30] baseline             mlp       917/1000  0.8942  0.5214
[2026-06-01 14:55:33] scGPT_human          lr        917/1000  0.8822  0.4288
[2026-06-01 14:55:53] scGPT_human          mlp       917/1000  0.9038  0.5512
[2026-06-01 14:55:54] v4_bias_rec_best     lr        917/1000  0.8795  0.4371
[2026-06-01 14:56:31] v4_bias_rec_best     mlp       917/1000  0.8944  0.5212
[2026-06-01 14:56:32] v4_plain_best        lr        917/1000  0.8828  0.4754
[2026-06-01 14:56:47] v4_plain_best        mlp       917/1000  0.8884  0.5215
[2026-06-01 14:56:49] v4_type_pe_best      lr        917/1000  0.9003  0.4814
[2026-06-01 14:57:01] v4_type_pe_best      mlp       917/1000  0.9081  0.5433
[2026-06-01 14:57:04] scconcept            lr        917/1000  0.8426  0.1642
[2026-06-01 14:57:23] scconcept            mlp       917/1000  0.8280  0.2055
[2026-06-01 14:57:28] scconcept_encoded    lr        917/1000  0.8161  0.1780
[2026-06-01 14:57:49] scconcept_encoded    mlp       917/1000  0.8355  0.1939
[2026-06-01 14:57:50] cl_scratch_v5        lr        917/1000  0.8767  0.4877
[2026-06-01 14:58:01] cl_scratch_v5        mlp       917/1000  0.8987  0.5647
[2026-06-01 14:58:01] 
  Cell type: mHSC-GM (mouse), networks: ['Specific', 'Non-Specific', 'STRING']
[2026-06-01 14:58:02] 
======================================================================
[2026-06-01 14:58:02] Dataset: mHSC-GM_Specific_500 (500 genes)
[2026-06-01 14:58:02] ======================================================================
[2026-06-01 14:58:02] Train: 2680 (pos=1488)
[2026-06-01 14:58:02] Test:  818 (pos=453)
[2026-06-01 14:58:02] 
Embedding            Clf       Coverage    AUROC    AUPRC
[2026-06-01 14:58:02] ------------------------------------------------------------
[2026-06-01 14:58:02] minus                lr         449/500  0.7661  0.8010
[2026-06-01 14:58:03] minus                mlp        449/500  0.7917  0.8272
[2026-06-01 14:58:03] baseline             lr         449/500  0.7525  0.7820
[2026-06-01 14:58:05] baseline             mlp        449/500  0.7826  0.8097
[2026-06-01 14:58:05] scGPT_human          lr         449/500  0.7337  0.7577
[2026-06-01 14:58:06] scGPT_human          mlp        449/500  0.7881  0.8309
[2026-06-01 14:58:06] v4_bias_rec_best     lr         449/500  0.7706  0.7835
[2026-06-01 14:58:08] v4_bias_rec_best     mlp        449/500  0.7814  0.8147
[2026-06-01 14:58:08] v4_plain_best        lr         449/500  0.7462  0.7727
[2026-06-01 14:58:09] v4_plain_best        mlp        449/500  0.7658  0.8009
[2026-06-01 14:58:09] v4_type_pe_best      lr         449/500  0.7512  0.7888
[2026-06-01 14:58:11] v4_type_pe_best      mlp        449/500  0.7754  0.8128
[2026-06-01 14:58:11] scconcept            lr         449/500  0.7180  0.7441
[2026-06-01 14:58:12] scconcept            mlp        449/500  0.7384  0.7669
[2026-06-01 14:58:13] scconcept_encoded    lr         449/500  0.7238  0.7572
[2026-06-01 14:58:14] scconcept_encoded    mlp        449/500  0.7312  0.7744
[2026-06-01 14:58:14] cl_scratch_v5        lr         449/500  0.7560  0.7769
[2026-06-01 14:58:15] cl_scratch_v5        mlp        449/500  0.7833  0.8030
[2026-06-01 14:58:16] 
======================================================================
[2026-06-01 14:58:16] Dataset: mHSC-GM_Specific_1000 (1000 genes)
[2026-06-01 14:58:16] ======================================================================
[2026-06-01 14:58:16] Train: 11519 (pos=5615)
[2026-06-01 14:58:16] Test:  3475 (pos=1695)
[2026-06-01 14:58:16] 
Embedding            Clf       Coverage    AUROC    AUPRC
[2026-06-01 14:58:16] ------------------------------------------------------------
[2026-06-01 14:58:17] minus                lr        895/1000  0.8692  0.8525
[2026-06-01 14:58:20] minus                mlp       895/1000  0.8747  0.8612
[2026-06-01 14:58:21] baseline             lr        895/1000  0.8684  0.8544
[2026-06-01 14:58:24] baseline             mlp       895/1000  0.8714  0.8612
[2026-06-01 14:58:25] scGPT_human          lr        895/1000  0.8643  0.8460
[2026-06-01 14:58:30] scGPT_human          mlp       895/1000  0.8783  0.8678
[2026-06-01 14:58:30] v4_bias_rec_best     lr        895/1000  0.8628  0.8465
[2026-06-01 14:58:33] v4_bias_rec_best     mlp       895/1000  0.8755  0.8640
[2026-06-01 14:58:34] v4_plain_best        lr        895/1000  0.8692  0.8495
[2026-06-01 14:58:37] v4_plain_best        mlp       895/1000  0.8743  0.8591
[2026-06-01 14:58:38] v4_type_pe_best      lr        895/1000  0.8663  0.8483
[2026-06-01 14:58:40] v4_type_pe_best      mlp       895/1000  0.8748  0.8574
[2026-06-01 14:58:41] scconcept            lr        895/1000  0.8448  0.8155
[2026-06-01 14:58:46] scconcept            mlp       895/1000  0.8456  0.8245
[2026-06-01 14:58:48] scconcept_encoded    lr        895/1000  0.8506  0.8259
[2026-06-01 14:59:01] scconcept_encoded    mlp       895/1000  0.8487  0.8284
[2026-06-01 14:59:01] cl_scratch_v5        lr        895/1000  0.8724  0.8618
[2026-06-01 14:59:05] cl_scratch_v5        mlp       895/1000  0.8691  0.8626
[2026-06-01 14:59:05] 
======================================================================
[2026-06-01 14:59:05] Dataset: mHSC-GM_Non-Specific_500 (500 genes)
[2026-06-01 14:59:05] ======================================================================
[2026-06-01 14:59:05] Train: 5740 (pos=99)
[2026-06-01 14:59:05] Test:  1751 (pos=44)
[2026-06-01 14:59:05] 
Embedding            Clf       Coverage    AUROC    AUPRC
[2026-06-01 14:59:05] ------------------------------------------------------------
[2026-06-01 14:59:06] minus                lr         449/500  0.7840  0.1915
[2026-06-01 14:59:07] minus                mlp        449/500  0.8330  0.1863
[2026-06-01 14:59:07] baseline             lr         449/500  0.7902  0.2040
[2026-06-01 14:59:09] baseline             mlp        449/500  0.7491  0.0942
[2026-06-01 14:59:09] scGPT_human          lr         449/500  0.7991  0.2566
[2026-06-01 14:59:11] scGPT_human          mlp        449/500  0.7959  0.2827
[2026-06-01 14:59:12] v4_bias_rec_best     lr         449/500  0.8115  0.1633
[2026-06-01 14:59:13] v4_bias_rec_best     mlp        449/500  0.7611  0.1101
[2026-06-01 14:59:13] v4_plain_best        lr         449/500  0.7979  0.2092
[2026-06-01 14:59:14] v4_plain_best        mlp        449/500  0.7391  0.0670
[2026-06-01 14:59:15] v4_type_pe_best      lr         449/500  0.7736  0.1937
[2026-06-01 14:59:16] v4_type_pe_best      mlp        449/500  0.7506  0.0997
[2026-06-01 14:59:16] scconcept            lr         449/500  0.7522  0.1290
[2026-06-01 14:59:18] scconcept            mlp        449/500  0.7565  0.1400
[2026-06-01 14:59:19] scconcept_encoded    lr         449/500  0.7208  0.0694
[2026-06-01 14:59:21] scconcept_encoded    mlp        449/500  0.7127  0.0788
[2026-06-01 14:59:21] cl_scratch_v5        lr         449/500  0.7720  0.2042
[2026-06-01 14:59:22] cl_scratch_v5        mlp        449/500  0.7446  0.0675
[2026-06-01 14:59:23] 
======================================================================
[2026-06-01 14:59:23] Dataset: mHSC-GM_Non-Specific_1000 (1000 genes)
[2026-06-01 14:59:23] ======================================================================
[2026-06-01 14:59:23] Train: 36836 (pos=351)
[2026-06-01 14:59:23] Test:  11127 (pos=142)
[2026-06-01 14:59:23] 
Embedding            Clf       Coverage    AUROC    AUPRC
[2026-06-01 14:59:23] ------------------------------------------------------------
[2026-06-01 14:59:24] minus                lr        895/1000  0.8189  0.2270
[2026-06-01 14:59:36] minus                mlp       895/1000  0.8553  0.2823
[2026-06-01 14:59:37] baseline             lr        895/1000  0.8386  0.2054
[2026-06-01 14:59:50] baseline             mlp       895/1000  0.8577  0.2697
[2026-06-01 14:59:53] scGPT_human          lr        895/1000  0.8174  0.1803
[2026-06-01 15:00:08] scGPT_human          mlp       895/1000  0.8548  0.2977
[2026-06-01 15:00:09] v4_bias_rec_best     lr        895/1000  0.8526  0.2351
[2026-06-01 15:00:28] v4_bias_rec_best     mlp       895/1000  0.8510  0.2879
[2026-06-01 15:00:29] v4_plain_best        lr        895/1000  0.8292  0.2114
[2026-06-01 15:00:47] v4_plain_best        mlp       895/1000  0.8464  0.2967
[2026-06-01 15:00:48] v4_type_pe_best      lr        895/1000  0.8513  0.2353
[2026-06-01 15:01:00] v4_type_pe_best      mlp       895/1000  0.8564  0.2679
[2026-06-01 15:01:03] scconcept            lr        895/1000  0.7721  0.0916
[2026-06-01 15:01:17] scconcept            mlp       895/1000  0.7935  0.0741
[2026-06-01 15:01:21] scconcept_encoded    lr        895/1000  0.7723  0.0716
[2026-06-01 15:01:34] scconcept_encoded    mlp       895/1000  0.7626  0.0569
[2026-06-01 15:01:35] cl_scratch_v5        lr        895/1000  0.8434  0.2172
[2026-06-01 15:01:47] cl_scratch_v5        mlp       895/1000  0.8485  0.2504
[2026-06-01 15:01:47] 
======================================================================
[2026-06-01 15:01:47] Dataset: mHSC-GM_STRING_500 (500 genes)
[2026-06-01 15:01:47] ======================================================================
[2026-06-01 15:01:47] Train: 8408 (pos=62)
[2026-06-01 15:01:47] Test:  2570 (pos=39)
[2026-06-01 15:01:47] 
Embedding            Clf       Coverage    AUROC    AUPRC
[2026-06-01 15:01:47] ------------------------------------------------------------
[2026-06-01 15:01:48] minus                lr         449/500  0.8634  0.2026
[2026-06-01 15:01:50] minus                mlp        449/500  0.8590  0.2686
[2026-06-01 15:01:50] baseline             lr         449/500  0.8667  0.1291
[2026-06-01 15:01:52] baseline             mlp        449/500  0.7180  0.1526
[2026-06-01 15:01:52] scGPT_human          lr         449/500  0.8533  0.2859
[2026-06-01 15:01:55] scGPT_human          mlp        449/500  0.7732  0.1913
[2026-06-01 15:01:55] v4_bias_rec_best     lr         449/500  0.8104  0.1583
[2026-06-01 15:01:58] v4_bias_rec_best     mlp        449/500  0.8439  0.2860
[2026-06-01 15:01:58] v4_plain_best        lr         449/500  0.8445  0.2409
[2026-06-01 15:02:00] v4_plain_best        mlp        449/500  0.7944  0.1767
[2026-06-01 15:02:00] v4_type_pe_best      lr         449/500  0.8496  0.1440
[2026-06-01 15:02:02] v4_type_pe_best      mlp        449/500  0.8488  0.2182
[2026-06-01 15:02:02] scconcept            lr         449/500  0.6804  0.0718
[2026-06-01 15:02:05] scconcept            mlp        449/500  0.6226  0.0238
[2026-06-01 15:02:06] scconcept_encoded    lr         449/500  0.6427  0.0400
[2026-06-01 15:02:09] scconcept_encoded    mlp        449/500  0.6223  0.0489
[2026-06-01 15:02:09] cl_scratch_v5        lr         449/500  0.8351  0.1327
[2026-06-01 15:02:11] cl_scratch_v5        mlp        449/500  0.8607  0.2074
[2026-06-01 15:02:12] 
======================================================================
[2026-06-01 15:02:12] Dataset: mHSC-GM_STRING_1000 (1000 genes)
[2026-06-01 15:02:12] ======================================================================
[2026-06-01 15:02:12] Train: 43738 (pos=314)
[2026-06-01 15:02:12] Test:  13205 (pos=141)
[2026-06-01 15:02:12] 
Embedding            Clf       Coverage    AUROC    AUPRC
[2026-06-01 15:02:12] ------------------------------------------------------------
[2026-06-01 15:02:13] minus                lr        895/1000  0.8538  0.3462
[2026-06-01 15:02:26] minus                mlp       895/1000  0.8942  0.4332
[2026-06-01 15:02:27] baseline             lr        895/1000  0.8647  0.3492
[2026-06-01 15:02:43] baseline             mlp       895/1000  0.8712  0.4141
[2026-06-01 15:02:46] scGPT_human          lr        895/1000  0.8651  0.3189
[2026-06-01 15:03:04] scGPT_human          mlp       895/1000  0.8743  0.3703
[2026-06-01 15:03:05] v4_bias_rec_best     lr        895/1000  0.8443  0.2938
[2026-06-01 15:03:22] v4_bias_rec_best     mlp       895/1000  0.8678  0.3892
[2026-06-01 15:03:24] v4_plain_best        lr        895/1000  0.8604  0.3659
[2026-06-01 15:03:34] v4_plain_best        mlp       895/1000  0.8585  0.3774
[2026-06-01 15:03:35] v4_type_pe_best      lr        895/1000  0.8624  0.3716
[2026-06-01 15:03:52] v4_type_pe_best      mlp       895/1000  0.8887  0.4445
[2026-06-01 15:03:54] scconcept            lr        895/1000  0.8147  0.0751
[2026-06-01 15:04:11] scconcept            mlp       895/1000  0.7793  0.0479
[2026-06-01 15:04:15] scconcept_encoded    lr        895/1000  0.7885  0.0607
[2026-06-01 15:04:42] scconcept_encoded    mlp       895/1000  0.7810  0.0848
[2026-06-01 15:04:43] cl_scratch_v5        lr        895/1000  0.8575  0.3596
[2026-06-01 15:04:54] cl_scratch_v5        mlp       895/1000  0.8888  0.4076
[2026-06-01 15:04:54] 
  Cell type: mHSC-L (mouse), networks: ['Specific', 'Non-Specific', 'STRING']
[2026-06-01 15:04:55] 
======================================================================
[2026-06-01 15:04:55] Dataset: mHSC-L_Specific_500 (500 genes)
[2026-06-01 15:04:55] ======================================================================
[2026-06-01 15:04:55] Train: 3065 (pos=1820)
[2026-06-01 15:04:55] Test:  934 (pos=553)
[2026-06-01 15:04:55] 
Embedding            Clf       Coverage    AUROC    AUPRC
[2026-06-01 15:04:55] ------------------------------------------------------------
[2026-06-01 15:04:55] minus                lr         442/500  0.7866  0.8221
[2026-06-01 15:04:56] minus                mlp        442/500  0.7959  0.8418
[2026-06-01 15:04:56] baseline             lr         442/500  0.7777  0.8205
[2026-06-01 15:04:57] baseline             mlp        442/500  0.7803  0.8278
[2026-06-01 15:04:58] scGPT_human          lr         442/500  0.7370  0.7956
[2026-06-01 15:05:00] scGPT_human          mlp        442/500  0.8109  0.8617
[2026-06-01 15:05:00] v4_bias_rec_best     lr         442/500  0.7603  0.8110
[2026-06-01 15:05:01] v4_bias_rec_best     mlp        442/500  0.8028  0.8473
[2026-06-01 15:05:02] v4_plain_best        lr         442/500  0.7721  0.8145
[2026-06-01 15:05:03] v4_plain_best        mlp        442/500  0.7939  0.8369
[2026-06-01 15:05:03] v4_type_pe_best      lr         442/500  0.7802  0.8198
[2026-06-01 15:05:04] v4_type_pe_best      mlp        442/500  0.7987  0.8378
[2026-06-01 15:05:05] scconcept            lr         442/500  0.7085  0.7487
[2026-06-01 15:05:06] scconcept            mlp        442/500  0.7390  0.7854
[2026-06-01 15:05:07] scconcept_encoded    lr         442/500  0.6957  0.7517
[2026-06-01 15:05:09] scconcept_encoded    mlp        442/500  0.7248  0.7750
[2026-06-01 15:05:09] cl_scratch_v5        lr         442/500  0.7517  0.8107
[2026-06-01 15:05:10] cl_scratch_v5        mlp        442/500  0.7929  0.8416
[2026-06-01 15:05:11] 
======================================================================
[2026-06-01 15:05:11] Dataset: mHSC-L_Specific_1000 (1000 genes)
[2026-06-01 15:05:11] ======================================================================
[2026-06-01 15:05:11] Train: 12287 (pos=6953)
[2026-06-01 15:05:11] Test:  3708 (pos=2098)
[2026-06-01 15:05:11] 
Embedding            Clf       Coverage    AUROC    AUPRC
[2026-06-01 15:05:11] ------------------------------------------------------------
[2026-06-01 15:05:11] minus                lr        898/1000  0.8677  0.8905
[2026-06-01 15:05:16] minus                mlp       898/1000  0.8695  0.8934
[2026-06-01 15:05:17] baseline             lr        898/1000  0.8571  0.8815
[2026-06-01 15:05:20] baseline             mlp       898/1000  0.8555  0.8772
[2026-06-01 15:05:21] scGPT_human          lr        898/1000  0.8543  0.8752
[2026-06-01 15:05:26] scGPT_human          mlp       898/1000  0.8620  0.8867
[2026-06-01 15:05:26] v4_bias_rec_best     lr        898/1000  0.8551  0.8794
[2026-06-01 15:05:33] v4_bias_rec_best     mlp       898/1000  0.8571  0.8829
[2026-06-01 15:05:34] v4_plain_best        lr        898/1000  0.8604  0.8804
[2026-06-01 15:05:38] v4_plain_best        mlp       898/1000  0.8640  0.8888
[2026-06-01 15:05:38] v4_type_pe_best      lr        898/1000  0.8618  0.8826
[2026-06-01 15:05:45] v4_type_pe_best      mlp       898/1000  0.8614  0.8829
[2026-06-01 15:05:46] scconcept            lr        898/1000  0.8400  0.8596
[2026-06-01 15:05:57] scconcept            mlp       898/1000  0.8461  0.8695
[2026-06-01 15:06:00] scconcept_encoded    lr        898/1000  0.8436  0.8631
[2026-06-01 15:06:05] scconcept_encoded    mlp       898/1000  0.8261  0.8495
[2026-06-01 15:06:05] cl_scratch_v5        lr        898/1000  0.8574  0.8811
[2026-06-01 15:06:08] cl_scratch_v5        mlp       898/1000  0.8645  0.8855
[2026-06-01 15:06:09] 
======================================================================
[2026-06-01 15:06:09] Dataset: mHSC-L_Non-Specific_500 (500 genes)
[2026-06-01 15:06:09] ======================================================================
[2026-06-01 15:06:09] Train: 6123 (pos=126)
[2026-06-01 15:06:09] Test:  1867 (pos=51)
[2026-06-01 15:06:09] 
Embedding            Clf       Coverage    AUROC    AUPRC
[2026-06-01 15:06:09] ------------------------------------------------------------
[2026-06-01 15:06:09] minus                lr         442/500  0.7910  0.1360
[2026-06-01 15:06:11] minus                mlp        442/500  0.8313  0.2442
[2026-06-01 15:06:11] baseline             lr         442/500  0.7786  0.1456
[2026-06-01 15:06:12] baseline             mlp        442/500  0.7469  0.1344
[2026-06-01 15:06:12] scGPT_human          lr         442/500  0.8118  0.3057
[2026-06-01 15:06:15] scGPT_human          mlp        442/500  0.8252  0.3325
[2026-06-01 15:06:15] v4_bias_rec_best     lr         442/500  0.8113  0.2417
[2026-06-01 15:06:16] v4_bias_rec_best     mlp        442/500  0.7995  0.1881
[2026-06-01 15:06:17] v4_plain_best        lr         442/500  0.8084  0.2958
[2026-06-01 15:06:18] v4_plain_best        mlp        442/500  0.7799  0.1437
[2026-06-01 15:06:18] v4_type_pe_best      lr         442/500  0.8083  0.2363
[2026-06-01 15:06:20] v4_type_pe_best      mlp        442/500  0.7560  0.1617
[2026-06-01 15:06:20] scconcept            lr         442/500  0.7367  0.1071
[2026-06-01 15:06:22] scconcept            mlp        442/500  0.7566  0.1140
[2026-06-01 15:06:23] scconcept_encoded    lr         442/500  0.7458  0.1218
[2026-06-01 15:06:25] scconcept_encoded    mlp        442/500  0.7273  0.0591
[2026-06-01 15:06:25] cl_scratch_v5        lr         442/500  0.7792  0.2294
[2026-06-01 15:06:27] cl_scratch_v5        mlp        442/500  0.7529  0.1410
[2026-06-01 15:06:27] 
======================================================================
[2026-06-01 15:06:27] Dataset: mHSC-L_Non-Specific_1000 (1000 genes)
[2026-06-01 15:06:27] ======================================================================
[2026-06-01 15:06:27] Train: 38381 (pos=409)
[2026-06-01 15:06:27] Test:  11582 (pos=161)
[2026-06-01 15:06:27] 
Embedding            Clf       Coverage    AUROC    AUPRC
[2026-06-01 15:06:27] ------------------------------------------------------------
[2026-06-01 15:06:28] minus                lr        898/1000  0.8195  0.1891
[2026-06-01 15:06:41] minus                mlp       898/1000  0.8396  0.2406
[2026-06-01 15:06:42] baseline             lr        898/1000  0.8288  0.1556
[2026-06-01 15:06:58] baseline             mlp       898/1000  0.8345  0.1924
[2026-06-01 15:07:01] scGPT_human          lr        898/1000  0.8130  0.1799
[2026-06-01 15:07:22] scGPT_human          mlp       898/1000  0.8575  0.2872
[2026-06-01 15:07:23] v4_bias_rec_best     lr        898/1000  0.8143  0.1734
[2026-06-01 15:07:35] v4_bias_rec_best     mlp       898/1000  0.8087  0.1660
[2026-06-01 15:07:36] v4_plain_best        lr        898/1000  0.8201  0.2107
[2026-06-01 15:07:49] v4_plain_best        mlp       898/1000  0.8498  0.2611
[2026-06-01 15:07:50] v4_type_pe_best      lr        898/1000  0.8394  0.1945
[2026-06-01 15:07:59] v4_type_pe_best      mlp       898/1000  0.8293  0.1701
[2026-06-01 15:08:02] scconcept            lr        898/1000  0.7960  0.1082
[2026-06-01 15:08:18] scconcept            mlp       898/1000  0.8181  0.1284
[2026-06-01 15:08:22] scconcept_encoded    lr        898/1000  0.7938  0.1032
[2026-06-01 15:08:36] scconcept_encoded    mlp       898/1000  0.7712  0.0581
[2026-06-01 15:08:37] cl_scratch_v5        lr        898/1000  0.8385  0.1677
[2026-06-01 15:08:49] cl_scratch_v5        mlp       898/1000  0.8585  0.2154
[2026-06-01 15:08:49] 
======================================================================
[2026-06-01 15:08:49] Dataset: mHSC-L_STRING_500 (500 genes)
[2026-06-01 15:08:49] ======================================================================
[2026-06-01 15:08:49] Train: 8032 (pos=77)
[2026-06-01 15:08:49] Test:  2447 (pos=39)
[2026-06-01 15:08:49] 
Embedding            Clf       Coverage    AUROC    AUPRC
[2026-06-01 15:08:49] ------------------------------------------------------------
[2026-06-01 15:08:50] minus                lr         442/500  0.8912  0.3324
[2026-06-01 15:08:51] minus                mlp        442/500  0.8373  0.3398
[2026-06-01 15:08:52] baseline             lr         442/500  0.8559  0.3070
[2026-06-01 15:08:53] baseline             mlp        442/500  0.8273  0.3350
[2026-06-01 15:08:54] scGPT_human          lr         442/500  0.8570  0.4180
[2026-06-01 15:08:58] scGPT_human          mlp        442/500  0.8757  0.4473
[2026-06-01 15:08:58] v4_bias_rec_best     lr         442/500  0.8707  0.3316
[2026-06-01 15:09:01] v4_bias_rec_best     mlp        442/500  0.8934  0.4890
[2026-06-01 15:09:01] v4_plain_best        lr         442/500  0.8751  0.3661
[2026-06-01 15:09:03] v4_plain_best        mlp        442/500  0.8655  0.4186
[2026-06-01 15:09:03] v4_type_pe_best      lr         442/500  0.8492  0.4878
[2026-06-01 15:09:05] v4_type_pe_best      mlp        442/500  0.8396  0.3240
[2026-06-01 15:09:05] scconcept            lr         442/500  0.8154  0.3126
[2026-06-01 15:09:08] scconcept            mlp        442/500  0.7022  0.0478
[2026-06-01 15:09:09] scconcept_encoded    lr         442/500  0.7988  0.1498
[2026-06-01 15:09:12] scconcept_encoded    mlp        442/500  0.7059  0.0392
[2026-06-01 15:09:12] cl_scratch_v5        lr         442/500  0.8790  0.4043
[2026-06-01 15:09:14] cl_scratch_v5        mlp        442/500  0.8595  0.3947
[2026-06-01 15:09:15] 
======================================================================
[2026-06-01 15:09:15] Dataset: mHSC-L_STRING_1000 (1000 genes)
[2026-06-01 15:09:15] ======================================================================
[2026-06-01 15:09:15] Train: 50644 (pos=348)
[2026-06-01 15:09:15] Test:  15290 (pos=164)
[2026-06-01 15:09:15] 
Embedding            Clf       Coverage    AUROC    AUPRC
[2026-06-01 15:09:15] ------------------------------------------------------------
[2026-06-01 15:09:17] minus                lr        898/1000  0.8640  0.3232
[2026-06-01 15:09:29] minus                mlp       898/1000  0.8896  0.3907
[2026-06-01 15:09:31] baseline             lr        898/1000  0.8566  0.2975
[2026-06-01 15:09:56] baseline             mlp       898/1000  0.8623  0.3252
[2026-06-01 15:10:00] scGPT_human          lr        898/1000  0.8573  0.3225
[2026-06-01 15:10:18] scGPT_human          mlp       898/1000  0.8615  0.3147
[2026-06-01 15:10:20] v4_bias_rec_best     lr        898/1000  0.8571  0.2617
[2026-06-01 15:10:33] v4_bias_rec_best     mlp       898/1000  0.8729  0.3413
[2026-06-01 15:10:34] v4_plain_best        lr        898/1000  0.8584  0.2860
[2026-06-01 15:10:47] v4_plain_best        mlp       898/1000  0.8713  0.3555
[2026-06-01 15:10:49] v4_type_pe_best      lr        898/1000  0.8773  0.3054
[2026-06-01 15:11:01] v4_type_pe_best      mlp       898/1000  0.8973  0.3773
[2026-06-01 15:11:04] scconcept            lr        898/1000  0.8195  0.0934
[2026-06-01 15:11:27] scconcept            mlp       898/1000  0.7694  0.0818
[2026-06-01 15:11:32] scconcept_encoded    lr        898/1000  0.7845  0.0585
[2026-06-01 15:11:55] scconcept_encoded    mlp       898/1000  0.7396  0.0496
[2026-06-01 15:11:57] cl_scratch_v5        lr        898/1000  0.8752  0.2842
[2026-06-01 15:12:09] cl_scratch_v5        mlp       898/1000  0.8870  0.3737
[2026-06-01 15:12:09] 
======================================================================
[2026-06-01 15:12:09] FINAL SUMMARY (LR results)
[2026-06-01 15:12:09] ======================================================================
[2026-06-01 15:12:09] 
Dataset                             minus            baseline         scGPT_human      v4_bias_rec_best v4_plain_best    v4_type_pe_best  scconcept        scconcept_encoded cl_scratch_v5   
[2026-06-01 15:12:09] --------------------------------------------------------------------------------------------------------------------------------------------------------------------------------------------
[2026-06-01 15:12:09] hESC_Specific_500                   0.7772/0.3766  0.8162/0.4475  0.7592/0.3790  0.8161/0.4339  0.7901/0.4065  0.8005/0.3955  0.7765/0.3817  0.7702/0.3665  0.7951/0.4197  
[2026-06-01 15:12:09] hESC_Specific_1000                  0.8433/0.4339  0.8524/0.4636  0.8285/0.4296  0.8511/0.4544  0.8501/0.4651  0.8499/0.4586  0.8137/0.3935  0.8329/0.4243  0.8442/0.4458  
[2026-06-01 15:12:09] hESC_Non-Specific_500               0.8705/0.2321  0.8614/0.2378  0.8608/0.2016  0.8426/0.1312  0.8741/0.1799  0.8469/0.1805  0.8205/0.1347  0.8055/0.0867  0.8681/0.2119  
[2026-06-01 15:12:09] hESC_Non-Specific_1000              0.8780/0.1362  0.8678/0.1438  0.8256/0.1183  0.8563/0.1407  0.8833/0.1648  0.8832/0.1820  0.7976/0.1040  0.8383/0.1049  0.8804/0.1596  
[2026-06-01 15:12:09] hESC_STRING_500                     0.8300/0.2805  0.8115/0.2919  0.8734/0.2924  0.8156/0.2326  0.8126/0.2513  0.8493/0.2978  0.7684/0.2277  0.7571/0.1058  0.7790/0.2540  
[2026-06-01 15:12:09] hESC_STRING_1000                    0.8242/0.2252  0.8370/0.2110  0.8379/0.1676  0.8364/0.1947  0.7966/0.2183  0.8444/0.2105  0.7862/0.0636  0.7560/0.0487  0.8271/0.1962  
[2026-06-01 15:12:09] hHep_Specific_1000                  0.8779/0.7286  0.8833/0.7325  0.8496/0.6707  0.8792/0.7212  0.8870/0.7685  0.8867/0.7540  0.8299/0.6243  0.8328/0.6312  0.8846/0.7378  
[2026-06-01 15:12:09] hHep_Non-Specific_500               0.8201/0.1351  0.7582/0.0836  0.7999/0.1100  0.8275/0.1567  0.7973/0.1219  0.8232/0.1577  0.7751/0.0993  0.7451/0.0499  0.7901/0.1102  
[2026-06-01 15:12:09] hHep_Non-Specific_1000              0.8540/0.1270  0.8335/0.1440  0.8343/0.1462  0.8123/0.1103  0.8259/0.1097  0.8367/0.1396  0.7649/0.0928  0.8202/0.0622  0.8264/0.1609  
[2026-06-01 15:12:09] hHep_STRING_500                     0.8768/0.4320  0.9074/0.5086  0.8876/0.5185  0.9121/0.5366  0.8608/0.4102  0.8970/0.4404  0.7880/0.1401  0.7826/0.1111  0.8688/0.4421  
[2026-06-01 15:12:09] hHep_STRING_1000                    0.8802/0.3888  0.8737/0.4056  0.8823/0.3842  0.8757/0.3927  0.8800/0.3509  0.8823/0.3901  0.8442/0.1866  0.8238/0.1842  0.8695/0.3842  
[2026-06-01 15:12:09] mDC_Specific_500                    0.7603/0.1196  0.7991/0.2275  0.7750/0.2778  0.7562/0.1449  0.8701/0.2150  0.7714/0.1715  0.6987/0.2617  0.5317/0.0503  0.8103/0.1773  
[2026-06-01 15:12:09] mDC_Specific_1000                   0.8228/0.3675  0.8059/0.3362  0.8127/0.3047  0.7981/0.3067  0.7974/0.3039  0.8180/0.3217  0.7344/0.2219  0.8127/0.2742  0.8317/0.3535  
[2026-06-01 15:12:09] mDC_Non-Specific_500                0.7265/0.2227  0.7431/0.1627  0.6665/0.0966  0.7063/0.2053  0.7639/0.1954  0.7042/0.2377  0.5838/0.1013  0.6416/0.0298  0.7606/0.2371  
[2026-06-01 15:12:09] mDC_Non-Specific_1000               0.8697/0.2471  0.8530/0.1696  0.8216/0.1971  0.8496/0.1712  0.8633/0.1863  0.8622/0.1839  0.7448/0.1157  0.7497/0.0915  0.8675/0.1933  
[2026-06-01 15:12:09] mDC_STRING_500                      0.8385/0.2730  0.7955/0.2000  0.8476/0.3276  0.8273/0.3269  0.8618/0.3438  0.8352/0.2786  0.6643/0.0612  0.7057/0.0949  0.8597/0.3848  
[2026-06-01 15:12:09] mDC_STRING_1000                     0.8978/0.3925  0.8854/0.3854  0.8764/0.3570  0.8932/0.3733  0.8910/0.3789  0.9004/0.4297  0.8436/0.2090  0.8289/0.2090  0.8964/0.3911  
[2026-06-01 15:12:09] mHSC-E_Specific_500                 0.7857/0.6990  0.8080/0.7446  0.7576/0.6834  0.8066/0.7451  0.7896/0.7258  0.8072/0.7598  0.7220/0.5906  0.7855/0.6964  0.8142/0.7586  
[2026-06-01 15:12:09] mHSC-E_Specific_1000                0.8943/0.8876  0.8916/0.8841  0.8915/0.8877  0.8941/0.8842  0.8944/0.8845  0.8922/0.8828  0.8704/0.8573  0.8815/0.8715  0.8931/0.8849  
[2026-06-01 15:12:09] mHSC-E_Non-Specific_500             0.8057/0.1758  0.7961/0.1520  0.8396/0.2404  0.8493/0.1729  0.8272/0.1404  0.8174/0.2318  0.7164/0.0765  0.7618/0.0863  0.8247/0.2003  
[2026-06-01 15:12:09] mHSC-E_Non-Specific_1000            0.8663/0.2260  0.8652/0.2280  0.8288/0.2008  0.8526/0.1976  0.8497/0.1852  0.8622/0.2130  0.7841/0.0983  0.7960/0.0766  0.8569/0.2394  
[2026-06-01 15:12:09] mHSC-E_STRING_500                   0.9206/0.4640  0.8832/0.4512  0.8956/0.5261  0.8843/0.5368  0.8905/0.5310  0.8647/0.4664  0.8033/0.1083  0.7663/0.1358  0.9064/0.5184  
[2026-06-01 15:12:09] mHSC-E_STRING_1000                  0.8872/0.4798  0.8848/0.4496  0.8822/0.4288  0.8795/0.4371  0.8828/0.4754  0.9003/0.4814  0.8426/0.1642  0.8161/0.1780  0.8767/0.4877  
[2026-06-01 15:12:09] mHSC-GM_Specific_500                0.7661/0.8010  0.7525/0.7820  0.7337/0.7577  0.7706/0.7835  0.7462/0.7727  0.7512/0.7888  0.7180/0.7441  0.7238/0.7572  0.7560/0.7769  
[2026-06-01 15:12:09] mHSC-GM_Specific_1000               0.8692/0.8525  0.8684/0.8544  0.8643/0.8460  0.8628/0.8465  0.8692/0.8495  0.8663/0.8483  0.8448/0.8155  0.8506/0.8259  0.8724/0.8618  
[2026-06-01 15:12:09] mHSC-GM_Non-Specific_500            0.7840/0.1915  0.7902/0.2040  0.7991/0.2566  0.8115/0.1633  0.7979/0.2092  0.7736/0.1937  0.7522/0.1290  0.7208/0.0694  0.7720/0.2042  
[2026-06-01 15:12:09] mHSC-GM_Non-Specific_1000           0.8189/0.2270  0.8386/0.2054  0.8174/0.1803  0.8526/0.2351  0.8292/0.2114  0.8513/0.2353  0.7721/0.0916  0.7723/0.0716  0.8434/0.2172  
[2026-06-01 15:12:09] mHSC-GM_STRING_500                  0.8634/0.2026  0.8667/0.1291  0.8533/0.2859  0.8104/0.1583  0.8445/0.2409  0.8496/0.1440  0.6804/0.0718  0.6427/0.0400  0.8351/0.1327  
[2026-06-01 15:12:09] mHSC-GM_STRING_1000                 0.8538/0.3462  0.8647/0.3492  0.8651/0.3189  0.8443/0.2938  0.8604/0.3659  0.8624/0.3716  0.8147/0.0751  0.7885/0.0607  0.8575/0.3596  
[2026-06-01 15:12:09] mHSC-L_Specific_500                 0.7866/0.8221  0.7777/0.8205  0.7370/0.7956  0.7603/0.8110  0.7721/0.8145  0.7802/0.8198  0.7085/0.7487  0.6957/0.7517  0.7517/0.8107  
[2026-06-01 15:12:09] mHSC-L_Specific_1000                0.8677/0.8905  0.8571/0.8815  0.8543/0.8752  0.8551/0.8794  0.8604/0.8804  0.8618/0.8826  0.8400/0.8596  0.8436/0.8631  0.8574/0.8811  
[2026-06-01 15:12:09] mHSC-L_Non-Specific_500             0.7910/0.1360  0.7786/0.1456  0.8118/0.3057  0.8113/0.2417  0.8084/0.2958  0.8083/0.2363  0.7367/0.1071  0.7458/0.1218  0.7792/0.2294  
[2026-06-01 15:12:09] mHSC-L_Non-Specific_1000            0.8195/0.1891  0.8288/0.1556  0.8130/0.1799  0.8143/0.1734  0.8201/0.2107  0.8394/0.1945  0.7960/0.1082  0.7938/0.1032  0.8385/0.1677  
[2026-06-01 15:12:09] mHSC-L_STRING_500                   0.8912/0.3324  0.8559/0.3070  0.8570/0.4180  0.8707/0.3316  0.8751/0.3661  0.8492/0.4878  0.8154/0.3126  0.7988/0.1498  0.8790/0.4043  
[2026-06-01 15:12:09] mHSC-L_STRING_1000                  0.8640/0.3232  0.8566/0.2975  0.8573/0.3225  0.8571/0.2617  0.8584/0.2860  0.8773/0.3054  0.8195/0.0934  0.7845/0.0585  0.8752/0.2842  
[2026-06-01 15:12:09] 
======================================================================
[2026-06-01 15:12:09] FINAL SUMMARY (MLP results)
[2026-06-01 15:12:09] ======================================================================
[2026-06-01 15:12:09] 
Dataset                             minus            baseline         scGPT_human      v4_bias_rec_best v4_plain_best    v4_type_pe_best  scconcept        scconcept_encoded cl_scratch_v5   
[2026-06-01 15:12:09] --------------------------------------------------------------------------------------------------------------------------------------------------------------------------------------------
[2026-06-01 15:12:09] hESC_Specific_500                   0.8029/0.4060  0.8259/0.3922  0.8367/0.4852  0.8026/0.3856  0.8349/0.4684  0.8279/0.4207  0.8080/0.4328  0.8166/0.3999  0.8288/0.4517  
[2026-06-01 15:12:09] hESC_Specific_1000                  0.8499/0.4709  0.8578/0.4826  0.8428/0.4500  0.8546/0.4629  0.8445/0.4943  0.8600/0.5110  0.8109/0.4054  0.8324/0.4155  0.8579/0.4647  
[2026-06-01 15:12:09] hESC_Non-Specific_500               0.8136/0.1467  0.8736/0.1810  0.8548/0.1553  0.8754/0.1980  0.8798/0.2060  0.8335/0.1623  0.8403/0.1082  0.7938/0.1041  0.8796/0.1835  
[2026-06-01 15:12:09] hESC_Non-Specific_1000              0.8914/0.1761  0.8952/0.1746  0.8701/0.1498  0.8839/0.1599  0.9021/0.1498  0.9027/0.1637  0.8530/0.1489  0.8597/0.1084  0.8832/0.1531  
[2026-06-01 15:12:09] hESC_STRING_500                     0.8033/0.2084  0.7654/0.0928  0.7940/0.0723  0.8097/0.0982  0.8039/0.0518  0.8509/0.2819  0.7391/0.0305  0.7115/0.0340  0.8044/0.2257  
[2026-06-01 15:12:09] hESC_STRING_1000                    0.8283/0.2244  0.8224/0.2237  0.8556/0.2204  0.8241/0.2289  0.8007/0.2335  0.8259/0.2836  0.7771/0.0961  0.7128/0.0279  0.8305/0.1885  
[2026-06-01 15:12:09] hHep_Specific_1000                  0.8994/0.7858  0.9075/0.7909  0.9092/0.7848  0.9067/0.7888  0.9043/0.7897  0.9078/0.8028  0.8762/0.7262  0.8750/0.7385  0.8969/0.7572  
[2026-06-01 15:12:09] hHep_Non-Specific_500               0.8528/0.1032  0.7279/0.0643  0.8079/0.1432  0.7902/0.1198  0.7701/0.0709  0.7219/0.0515  0.7465/0.0526  0.6837/0.0491  0.8199/0.1230  
[2026-06-01 15:12:09] hHep_Non-Specific_1000              0.8733/0.1731  0.8585/0.1537  0.8813/0.1436  0.8445/0.1036  0.8764/0.1486  0.8720/0.1940  0.8029/0.0824  0.7946/0.0461  0.8666/0.1448  
[2026-06-01 15:12:09] hHep_STRING_500                     0.9314/0.5887  0.9286/0.5847  0.9035/0.5813  0.8986/0.5641  0.9285/0.5436  0.9085/0.5875  0.7749/0.1150  0.7923/0.1478  0.9286/0.5780  
[2026-06-01 15:12:09] hHep_STRING_1000                    0.8916/0.4843  0.8874/0.4290  0.8773/0.4711  0.8883/0.4725  0.8855/0.4496  0.8944/0.4238  0.8125/0.2295  0.8161/0.2115  0.8912/0.4170  
[2026-06-01 15:12:09] mDC_Specific_500                    0.6522/0.1175  0.8281/0.1765  0.7179/0.1527  0.4607/0.0412  0.7772/0.1224  0.7058/0.0792  0.6460/0.0808  0.5442/0.0511  0.5920/0.0740  
[2026-06-01 15:12:09] mDC_Specific_1000                   0.8626/0.4263  0.8624/0.4311  0.8626/0.4261  0.8596/0.4389  0.8631/0.4383  0.8347/0.3918  0.8185/0.3138  0.8324/0.2814  0.8685/0.4261  
[2026-06-01 15:12:09] mDC_Non-Specific_500                0.5668/0.0213  0.5152/0.0190  0.6653/0.0488  0.5826/0.0205  0.5878/0.0195  0.5894/0.0489  0.5406/0.0265  0.7143/0.0322  0.5276/0.0964  
[2026-06-01 15:12:09] mDC_Non-Specific_1000               0.8692/0.1608  0.8666/0.1514  0.8495/0.2184  0.8780/0.1559  0.8907/0.2586  0.8759/0.1508  0.7916/0.0843  0.7164/0.0446  0.8850/0.2457  
[2026-06-01 15:12:09] mDC_STRING_500                      0.7997/0.2157  0.8653/0.4749  0.8907/0.5008  0.8625/0.3989  0.8973/0.5484  0.8860/0.4631  0.7228/0.1239  0.7354/0.0742  0.8741/0.3903  
[2026-06-01 15:12:09] mDC_STRING_1000                     0.9047/0.5035  0.9093/0.5013  0.9066/0.5543  0.9072/0.4574  0.9130/0.5433  0.9179/0.5551  0.8290/0.2848  0.8214/0.2394  0.9198/0.5429  
[2026-06-01 15:12:09] mHSC-E_Specific_500                 0.8519/0.8063  0.8554/0.8050  0.8575/0.8190  0.8664/0.8185  0.8597/0.8109  0.8573/0.8167  0.8264/0.7542  0.8311/0.7602  0.8543/0.7975  
[2026-06-01 15:12:09] mHSC-E_Specific_1000                0.8975/0.8920  0.8920/0.8815  0.8999/0.8943  0.8983/0.8930  0.8953/0.8877  0.8976/0.8921  0.8833/0.8724  0.8746/0.8632  0.8989/0.8919  
[2026-06-01 15:12:09] mHSC-E_Non-Specific_500             0.8655/0.3202  0.8629/0.2528  0.8671/0.2797  0.8725/0.3004  0.8634/0.2683  0.8336/0.2534  0.7756/0.0834  0.7630/0.0885  0.8565/0.2795  
[2026-06-01 15:12:09] mHSC-E_Non-Specific_1000            0.8763/0.3239  0.8825/0.2950  0.8872/0.3363  0.8649/0.2232  0.8708/0.2460  0.8770/0.2926  0.8237/0.1494  0.7743/0.0646  0.8801/0.3443  
[2026-06-01 15:12:09] mHSC-E_STRING_500                   0.9355/0.6372  0.9136/0.6220  0.9227/0.6032  0.8805/0.6151  0.9200/0.6239  0.8973/0.5784  0.8285/0.1483  0.7709/0.0672  0.9118/0.6037  
[2026-06-01 15:12:09] mHSC-E_STRING_1000                  0.8988/0.5308  0.8942/0.5214  0.9038/0.5512  0.8944/0.5212  0.8884/0.5215  0.9081/0.5433  0.8280/0.2055  0.8355/0.1939  0.8987/0.5647  
[2026-06-01 15:12:09] mHSC-GM_Specific_500                0.7917/0.8272  0.7826/0.8097  0.7881/0.8309  0.7814/0.8147  0.7658/0.8009  0.7754/0.8128  0.7384/0.7669  0.7312/0.7744  0.7833/0.8030  
[2026-06-01 15:12:09] mHSC-GM_Specific_1000               0.8747/0.8612  0.8714/0.8612  0.8783/0.8678  0.8755/0.8640  0.8743/0.8591  0.8748/0.8574  0.8456/0.8245  0.8487/0.8284  0.8691/0.8626  
[2026-06-01 15:12:09] mHSC-GM_Non-Specific_500            0.8330/0.1863  0.7491/0.0942  0.7959/0.2827  0.7611/0.1101  0.7391/0.0670  0.7506/0.0997  0.7565/0.1400  0.7127/0.0788  0.7446/0.0675  
[2026-06-01 15:12:09] mHSC-GM_Non-Specific_1000           0.8553/0.2823  0.8577/0.2697  0.8548/0.2977  0.8510/0.2879  0.8464/0.2967  0.8564/0.2679  0.7935/0.0741  0.7626/0.0569  0.8485/0.2504  
[2026-06-01 15:12:09] mHSC-GM_STRING_500                  0.8590/0.2686  0.7180/0.1526  0.7732/0.1913  0.8439/0.2860  0.7944/0.1767  0.8488/0.2182  0.6226/0.0238  0.6223/0.0489  0.8607/0.2074  
[2026-06-01 15:12:09] mHSC-GM_STRING_1000                 0.8942/0.4332  0.8712/0.4141  0.8743/0.3703  0.8678/0.3892  0.8585/0.3774  0.8887/0.4445  0.7793/0.0479  0.7810/0.0848  0.8888/0.4076  
[2026-06-01 15:12:09] mHSC-L_Specific_500                 0.7959/0.8418  0.7803/0.8278  0.8109/0.8617  0.8028/0.8473  0.7939/0.8369  0.7987/0.8378  0.7390/0.7854  0.7248/0.7750  0.7929/0.8416  
[2026-06-01 15:12:09] mHSC-L_Specific_1000                0.8695/0.8934  0.8555/0.8772  0.8620/0.8867  0.8571/0.8829  0.8640/0.8888  0.8614/0.8829  0.8461/0.8695  0.8261/0.8495  0.8645/0.8855  
[2026-06-01 15:12:09] mHSC-L_Non-Specific_500             0.8313/0.2442  0.7469/0.1344  0.8252/0.3325  0.7995/0.1881  0.7799/0.1437  0.7560/0.1617  0.7566/0.1140  0.7273/0.0591  0.7529/0.1410  
[2026-06-01 15:12:09] mHSC-L_Non-Specific_1000            0.8396/0.2406  0.8345/0.1924  0.8575/0.2872  0.8087/0.1660  0.8498/0.2611  0.8293/0.1701  0.8181/0.1284  0.7712/0.0581  0.8585/0.2154  
[2026-06-01 15:12:09] mHSC-L_STRING_500                   0.8373/0.3398  0.8273/0.3350  0.8757/0.4473  0.8934/0.4890  0.8655/0.4186  0.8396/0.3240  0.7022/0.0478  0.7059/0.0392  0.8595/0.3947  
[2026-06-01 15:12:09] mHSC-L_STRING_1000                  0.8896/0.3907  0.8623/0.3252  0.8615/0.3147  0.8729/0.3413  0.8713/0.3555  0.8973/0.3773  0.7694/0.0818  0.7396/0.0496  0.8870/0.3737  
[2026-06-01 15:12:09] 
======================================================================
[2026-06-01 15:12:09] AVERAGE ACROSS BEELINE DATASETS (LR)
[2026-06-01 15:12:09] ======================================================================
[2026-06-01 15:12:09]   minus                AUROC: 0.8395±0.0461  AUPRC: 0.3818±0.2413  (n=35)
[2026-06-01 15:12:09]   baseline             AUROC: 0.8357±0.0433  AUPRC: 0.3769±0.2488  (n=35)
[2026-06-01 15:12:09]   scGPT_human          AUROC: 0.8285±0.0511  AUPRC: 0.3854±0.2326  (n=35)
[2026-06-01 15:12:09]   v4_bias_rec_best     AUROC: 0.8355±0.0433  AUPRC: 0.3768±0.2482  (n=35)
[2026-06-01 15:12:09]   v4_plain_best        AUROC: 0.8395±0.0409  AUPRC: 0.3862±0.2408  (n=35)
[2026-06-01 15:12:09]   v4_type_pe_best      AUROC: 0.8402±0.0448  AUPRC: 0.3935±0.2404  (n=35)
[2026-06-01 15:12:09]   scconcept            AUROC: 0.7735±0.0614  AUPRC: 0.2706±0.2598  (n=35)
[2026-06-01 15:12:09]   scconcept_encoded    AUROC: 0.7715±0.0685  AUPRC: 0.2526±0.2788  (n=35)
[2026-06-01 15:12:09]   cl_scratch_v5        AUROC: 0.8385±0.0433  AUPRC: 0.3908±0.2414  (n=35)
[2026-06-01 15:12:10] Conference table saved to /root/autodl-tmp/projects/comparison-SC-embedding/results/grn_beeline_full/conference_table.md
[2026-06-01 15:12:10] Diagnostics saved to /root/autodl-tmp/projects/comparison-SC-embedding/results/grn_beeline_full/diagnotics
[2026-06-01 15:12:10] 
Results saved to /root/autodl-tmp/projects/comparison-SC-embedding/results/grn_beeline_full/grn_beeline_full_results.csv
[2026-06-01 15:12:10] 
Done!
