dataset,embedding,clf,coverage,negative_protocol,test_pos_cosine_mean,test_neg_cosine_mean,test_cosine_delta,test_pos_l2_mean,test_neg_l2_mean,test_l2_delta,auroc,auprc,random_auprc_baseline,test_positive_ratio,test_negative_to_positive_ratio,auprc_lift,auprc_gain,precision_at_k,recall_at_k,f1,specificity,delta_auprc_vs_baseline,lift_ratio_vs_baseline,delta_precision_at_k_vs_baseline,delta_recall_at_k_vs_baseline
hESC_Specific_500,minus,lr,442/500,tf_stratified_1to10,0.0367692224681377,0.0124549008905887,0.0243143215775489,0.8138553500175476,0.8037540316581726,-0.010101318359375,0.6525736463701726,0.3779165253948262,0.2665615141955836,0.2665615141955836,2.7514792899408285,1.4177460183450874,0.1113550111992425,0.3964497041420118,0.3964497041420118,0.3916913946587537,0.7806451612903226,-0.06415108832158412,0.854883989844283,-0.029585798816568087,-0.029585798816568087
hESC_Specific_500,minus,mlp,442/500,tf_stratified_1to10,0.0367692224681377,0.0124549008905887,0.0243143215775489,0.8138553500175476,0.8037540316581726,-0.010101318359375,0.6847362728256029,0.4109999951974433,0.2665615141955836,0.2665615141955836,2.7514792899408285,1.5418579701489883,0.1444384810018597,0.3846153846153846,0.3846153846153846,0.2904564315352697,0.9204301075268816,0.004422941037880712,1.0108784816866347,-0.035502958579881616,-0.035502958579881616
hESC_Specific_500,baseline,lr,442/500,tf_stratified_1to10,0.0553766153752803,0.0136985620483756,0.0416780533269047,0.8447434306144714,0.848376452922821,0.0036330223083496,0.6891264236177388,0.4420676137164103,0.2665615141955836,0.2665615141955836,2.7514792899408285,1.6584074976106753,0.1755060995208267,0.4260355029585799,0.4260355029585799,0.4242424242424242,0.8043010752688172,0.0,1.0,0.0,0.0
hESC_Specific_500,baseline,mlp,442/500,tf_stratified_1to10,0.0553766153752803,0.0136985620483756,0.0416780533269047,0.8447434306144714,0.848376452922821,0.0036330223083496,0.6876884901698798,0.4065770541595626,0.2665615141955836,0.2665615141955836,2.7514792899408285,1.5252653984447495,0.140015539963979,0.4201183431952662,0.4201183431952662,0.2661290322580645,0.9010752688172043,0.0,1.0,0.0,0.0
hESC_Specific_500,scGPT_human,lr,442/500,tf_stratified_1to10,0.0437144748866558,0.0114664388820528,0.0322480360046029,2.18829083442688,2.163501024246216,-0.024789810180664,0.6553986129668512,0.393632925908249,0.2665615141955836,0.2665615141955836,2.7514792899408285,1.4767057693836085,0.1270714117126654,0.3964497041420118,0.3964497041420118,0.4450402144772118,0.7397849462365591,-0.04843468780816129,0.8904360185968463,-0.029585798816568087,-0.029585798816568087
hESC_Specific_500,scGPT_human,mlp,442/500,tf_stratified_1to10,0.0437144748866558,0.0114664388820528,0.0322480360046029,2.18829083442688,2.163501024246216,-0.024789810180664,0.7070178787300375,0.4633760553734334,0.2665615141955836,0.2665615141955836,2.7514792899408285,1.7383456751879098,0.1968145411778498,0.4378698224852071,0.4378698224852071,0.3972602739726027,0.8602150537634409,0.056799001213870826,1.1397004593170668,0.01775147928994092,0.01775147928994092
hESC_Specific_500,v4_bias_rec_best,lr,442/500,tf_stratified_1to10,0.0545919463038444,0.0030655788723379,0.0515263674315065,1.5563905239105225,1.5392643213272097,-0.0171262025833129,0.655404975504231,0.4020978170101709,0.2665615141955836,0.2665615141955836,2.7514792899408285,1.508461633044073,0.1355363028145872,0.3964497041420118,0.3964497041420118,0.4035087719298245,0.7763440860215054,-0.0399697967062394,0.9095844267572147,-0.029585798816568087,-0.029585798816568087
hESC_Specific_500,v4_bias_rec_best,mlp,442/500,tf_stratified_1to10,0.0545919463038444,0.0030655788723379,0.0515263674315065,1.5563905239105225,1.5392643213272097,-0.0171262025833129,0.6880702424126741,0.4406707343723678,0.2665615141955836,0.2665615141955836,2.7514792899408285,1.6531671336809537,0.1741092201767842,0.4201183431952662,0.4201183431952662,0.3052208835341365,0.9096774193548388,0.03409368021280523,1.083855396815938,0.0,0.0
hESC_Specific_500,v4_plain_best,lr,442/500,tf_stratified_1to10,0.0450887866318225,0.0051546199247241,0.0399341667070984,1.5882607698440552,1.5863674879074097,-0.0018932819366455,0.6385315263727175,0.380977937642621,0.2665615141955836,0.2665615141955836,2.7514792899408285,1.429230842990661,0.1144164234470374,0.3964497041420118,0.3964497041420118,0.382089552238806,0.7806451612903226,-0.06108967607378929,0.8618092025330343,-0.029585798816568087,-0.029585798816568087
hESC_Specific_500,v4_plain_best,mlp,442/500,tf_stratified_1to10,0.0450887866318225,0.0051546199247241,0.0399341667070984,1.5882607698440552,1.5863674879074097,-0.0018932819366455,0.6748234395877075,0.4225439426171904,0.2665615141955836,0.2665615141955836,2.7514792899408285,1.5851648498183355,0.1559824284216068,0.4378698224852071,0.4378698224852071,0.3918918918918919,0.8516129032258064,0.015966888457627837,1.03927149428202,0.01775147928994092,0.01775147928994092
hESC_Specific_500,v4_type_pe_best,lr,442/500,tf_stratified_1to10,0.0604841113090515,0.0103600211441516,0.0501240901648998,1.5795143842697144,1.5796228647232056,0.0001084804534912,0.7019851116625309,0.4129327409916823,0.2665615141955836,0.2665615141955836,2.7514792899408285,1.5491086259687963,0.1463712267960987,0.4497041420118343,0.4497041420118343,0.4444444444444444,0.821505376344086,-0.029134872724727978,0.9340940801344967,0.023668639053254392,0.023668639053254392
hESC_Specific_500,v4_type_pe_best,mlp,442/500,tf_stratified_1to10,0.0604841113090515,0.0103600211441516,0.0501240901648998,1.5795143842697144,1.5796228647232056,0.0001084804534912,0.7178723675001591,0.4464043982964817,0.2665615141955836,0.2665615141955836,2.7514792899408285,1.674676855147748,0.1798428841008981,0.4497041420118343,0.4497041420118343,0.4248366013071895,0.8451612903225807,0.03982734413691913,1.097957677959093,0.029585798816568087,0.029585798816568087
hESC_Specific_500,scconcept,lr,442/500,tf_stratified_1to10,0.0104953302070498,0.0022278905380517,0.0082674396689981,31.53717803955078,30.652246475219727,-0.8849315643310547,0.5993001208882103,0.3481283579770166,0.2665615141955836,0.2665615141955836,2.7514792899408285,1.3059963251918847,0.0815668437814329,0.3609467455621302,0.3609467455621302,0.376068376068376,0.7505376344086021,-0.09393925573939371,0.787500253751553,-0.0650887573964497,-0.0650887573964497
hESC_Specific_500,scconcept,mlp,442/500,tf_stratified_1to10,0.0104953302070498,0.0022278905380517,0.0082674396689981,31.53717803955078,30.652246475219727,-0.8849315643310547,0.6889864477953807,0.4426020448308573,0.2665615141955836,0.2665615141955836,2.7514792899408285,1.6604124048684232,0.1760405306352737,0.4437869822485207,0.4437869822485207,0.3448275862068966,0.8989247311827957,0.03602499067129472,1.0886055676352966,0.023668639053254503,0.023668639053254503
hESC_Specific_500,scconcept_encoded,lr,442/500,tf_stratified_1to10,0.0743086487054824,0.0508139505982399,0.0234946981072425,27.999696731567383,27.37098693847656,-0.6287097930908203,0.5921104536489152,0.3249239590363668,0.2665615141955836,0.2665615141955836,2.7514792899408285,1.218945503130512,0.0583624448407832,0.3491124260355029,0.3491124260355029,0.3473389355742297,0.7290322580645161,-0.11714365468004351,0.735009643218985,-0.07692307692307698,-0.07692307692307698
hESC_Specific_500,scconcept_encoded,mlp,442/500,tf_stratified_1to10,0.0743086487054824,0.0508139505982399,0.0234946981072425,27.999696731567383,27.37098693847656,-0.6287097930908203,0.6839982184895337,0.3962888846953528,0.2665615141955836,0.2665615141955836,2.7514792899408285,1.4866695437683648,0.1297273704997692,0.4556213017751479,0.4556213017751479,0.4361370716510903,0.8236559139784946,-0.010288169464209795,0.9746956465964944,0.03550295857988173,0.03550295857988173
hESC_Specific_500,cl_scratch_v5,lr,442/500,tf_stratified_1to10,0.0488884113729,0.0044799447059631,0.0444084666669368,1.5870281457901,1.5856571197509766,-0.0013710260391235,0.687529426735382,0.4520406947782979,0.2665615141955836,0.2665615141955836,2.7514792899408285,1.6958213046712476,0.1854791805827143,0.4615384615384615,0.4615384615384615,0.4339622641509434,0.8279569892473119,0.009973081061887601,1.0225600807488362,0.035502958579881616,0.035502958579881616
hESC_Specific_500,cl_scratch_v5,mlp,442/500,tf_stratified_1to10,0.0488884113729,0.0044799447059631,0.0444084666669368,1.5870281457901,1.5856571197509766,-0.0013710260391235,0.7096901444295987,0.4334586958206233,0.2665615141955836,0.2665615141955836,2.7514792899408285,1.6261113204158293,0.1668971816250397,0.4437869822485207,0.4437869822485207,0.3481481481481481,0.8838709677419355,0.026881641661060718,1.066116966971065,0.023668639053254503,0.023668639053254503
hESC_Specific_500,minus,lr,442/500,full_candidate,0.0367692224681377,0.0135713936761021,0.0231978287920355,0.8138553500175476,0.8182458877563477,0.0043905377388,0.7817142857142857,0.3729199908351968,0.1618773946360153,0.1618773946360153,5.177514792899408,2.30371875995234,0.2110425961991814,0.3905325443786982,0.3905325443786982,0.3890577507598784,0.8902857142857142,-0.0696713165268667,0.8425831791814388,-0.03550295857988167,-0.03550295857988167
hESC_Specific_500,minus,mlp,442/500,full_candidate,0.0367692224681377,0.0135713936761021,0.0231978287920355,0.8138553500175476,0.8182458877563477,0.0043905377388,0.8177413355874895,0.4040025355944411,0.1618773946360153,0.1618773946360153,5.177514792899408,2.49573164000353,0.2421251409584257,0.3905325443786982,0.3905325443786982,0.3166023166023166,0.944,0.00427754238503103,1.0107012132283408,-0.017751479289940753,-0.017751479289940753
hESC_Specific_500,baseline,lr,442/500,full_candidate,0.0553766153752803,0.0118685904890298,0.0435080248862504,0.8447434306144714,0.8775477409362793,0.0328043103218078,0.8208081149619612,0.4425913073620635,0.1618773946360153,0.1618773946360153,5.177514792899408,2.7341143484378363,0.2807139127260482,0.4260355029585799,0.4260355029585799,0.4268292682926829,0.8982857142857142,0.0,1.0,0.0,0.0
hESC_Specific_500,baseline,mlp,442/500,full_candidate,0.0553766153752803,0.0118685904890298,0.0435080248862504,0.8447434306144714,0.8775477409362793,0.0328043103218078,0.827323753169907,0.3997249932094101,0.1618773946360153,0.1618773946360153,5.177514792899408,2.469307058642747,0.2378475985733947,0.408284023668639,0.408284023668639,0.2203389830508474,0.9531428571428572,0.0,1.0,0.0,0.0
hESC_Specific_500,scGPT_human,lr,442/500,full_candidate,0.0437144748866558,0.0081591820344328,0.0355552928522229,2.18829083442688,2.183892250061035,-0.0043985843658447,0.7637159763313608,0.3771635766567897,0.1618773946360153,0.1618773946360153,5.177514792899408,2.3299335741401683,0.2152861820207744,0.4023668639053254,0.4023668639053254,0.4081632653061224,0.8811428571428571,-0.0654277307052738,0.8521712251981703,-0.023668639053254503,-0.023668639053254503
hESC_Specific_500,scGPT_human,mlp,442/500,full_candidate,0.0437144748866558,0.0081591820344328,0.0355552928522229,2.18829083442688,2.183892250061035,-0.0043985843658447,0.8411800507185123,0.4552140237612649,0.1618773946360153,0.1618773946360153,5.177514792899408,2.812091365720477,0.2933366291252496,0.4911242603550296,0.4911242603550296,0.46,0.9291428571428572,0.055489030551854834,1.1388180161223618,0.08284023668639062,0.08284023668639062
hESC_Specific_500,v4_bias_rec_best,lr,442/500,full_candidate,0.0545919463038444,0.0177206341177225,0.0368713121861219,1.5563905239105225,1.560067653656006,0.0036771297454833,0.8137413355874895,0.4230306791434774,0.1618773946360153,0.1618773946360153,5.177514792899408,2.613278278259115,0.2611532845074621,0.4437869822485207,0.4437869822485207,0.4153354632587859,0.9097142857142856,-0.019560628218586062,0.9558043099961192,0.017751479289940808,0.017751479289940808
hESC_Specific_500,v4_bias_rec_best,mlp,442/500,full_candidate,0.0545919463038444,0.0177206341177225,0.0368713121861219,1.5563905239105225,1.560067653656006,0.0036771297454833,0.8180456466610313,0.4087623007407257,0.1618773946360153,0.1618773946360153,5.177514792899408,2.5251351596054303,0.2468849061047104,0.408284023668639,0.408284023668639,0.3271375464684015,0.936,0.009037307531315653,1.022608812770887,0.0,0.0
hESC_Specific_500,v4_plain_best,lr,442/500,full_candidate,0.0450887866318225,0.0124135194346308,0.0326752671971917,1.5882607698440552,1.608728528022766,0.0204677581787109,0.7921690617075232,0.4003903325190712,0.1618773946360153,0.1618773946360153,5.177514792899408,2.4734172020704754,0.2385129378830558,0.4201183431952662,0.4201183431952662,0.41875,0.904,-0.04220097484299229,0.9046502402080173,-0.005917159763313695,-0.005917159763313695
hESC_Specific_500,v4_plain_best,mlp,442/500,full_candidate,0.0450887866318225,0.0124135194346308,0.0326752671971917,1.5882607698440552,1.608728528022766,0.0204677581787109,0.8259036348267118,0.4314768171069297,0.1618773946360153,0.1618773946360153,5.177514792899408,2.665454420471211,0.2695994224709144,0.4260355029585799,0.4260355029585799,0.3070539419087137,0.96,0.031751823897519627,1.0794341720856202,0.01775147928994092,0.01775147928994092
hESC_Specific_500,v4_type_pe_best,lr,442/500,full_candidate,0.0604841113090515,0.0189565457403659,0.0415275655686855,1.5795143842697144,1.5968804359436035,0.0173660516738891,0.8056196111580727,0.4027157014368013,0.1618773946360153,0.1618773946360153,5.177514792899408,2.487782202958702,0.240838306800786,0.4319526627218935,0.4319526627218935,0.4193548387096774,0.9131428571428571,-0.03987560592526218,0.909904227078184,0.005917159763313584,0.005917159763313584
hESC_Specific_500,v4_type_pe_best,mlp,442/500,full_candidate,0.0604841113090515,0.0189565457403659,0.0415275655686855,1.5795143842697144,1.5968804359436035,0.0173660516738891,0.8265866441251057,0.4514587808524262,0.1618773946360153,0.1618773946360153,5.177514792899408,2.7888932971001954,0.2895813862164109,0.4497041420118343,0.4497041420118343,0.3409090909090909,0.9428571428571428,0.051733787643016116,1.1294234499265186,0.04142011834319531,0.04142011834319531
hESC_Specific_500,scconcept,lr,442/500,full_candidate,0.0104953302070498,0.0017125440062955,0.0087827862007543,31.53717803955078,30.85685539245605,-0.6803226470947266,0.7759797125950972,0.3817691098076946,0.1618773946360153,0.1618773946360153,5.177514792899408,2.358384323309072,0.2198917151716793,0.408284023668639,0.408284023668639,0.4012158054711246,0.8925714285714286,-0.060822197554368906,0.8625770625345492,-0.01775147928994092,-0.01775147928994092
hESC_Specific_500,scconcept,mlp,442/500,full_candidate,0.0104953302070498,0.0017125440062955,0.0087827862007543,31.53717803955078,30.85685539245605,-0.6803226470947266,0.8317261200338124,0.4411814709351261,0.1618773946360153,0.1618773946360153,5.177514792899408,2.725405063054862,0.2793040762991108,0.4911242603550296,0.4911242603550296,0.3851851851851852,0.944,0.041456477725716034,1.1037124984176248,0.08284023668639062,0.08284023668639062
hESC_Specific_500,scconcept_encoded,lr,442/500,full_candidate,0.0743086487054824,0.0845729485154151,-0.0102642998099327,27.999696731567383,27.266830444335938,-0.7328662872314453,0.772574809805579,0.3654340105011662,0.1618773946360153,0.1618773946360153,5.177514792899408,2.257474005699512,0.2035566158651508,0.4023668639053254,0.4023668639053254,0.3769968051118211,0.9028571428571428,-0.07715729686089728,0.8256691996036459,-0.023668639053254503,-0.023668639053254503
hESC_Specific_500,scconcept_encoded,mlp,442/500,full_candidate,0.0743086487054824,0.0845729485154151,-0.0102642998099327,27.999696731567383,27.266830444335938,-0.7328662872314453,0.8238884192730347,0.4062649799913958,0.1618773946360153,0.1618773946360153,5.177514792899408,2.50970792373383,0.2443875853553805,0.4437869822485207,0.4437869822485207,0.3832752613240418,0.928,0.0065399867819857516,1.0163612155684232,0.03550295857988173,0.03550295857988173
hESC_Specific_500,cl_scratch_v5,lr,442/500,full_candidate,0.0488884113729,0.0115257762372493,0.0373626351356506,1.5870281457901,1.6079485416412354,0.0209203958511352,0.7962941673710904,0.4127392863167163,0.1618773946360153,0.1618773946360153,5.177514792899408,2.5497030468322595,0.2508618916807009,0.4142011834319526,0.4142011834319526,0.3885350318471338,0.904,-0.029852021045347177,0.9325517231161373,-0.01183431952662728,-0.01183431952662728
hESC_Specific_500,cl_scratch_v5,mlp,442/500,full_candidate,0.0488884113729,0.0115257762372493,0.0373626351356506,1.5870281457901,1.6079485416412354,0.0209203958511352,0.8206289095519864,0.4250420906624239,0.1618773946360153,0.1618773946360153,5.177514792899408,2.625703802672015,0.2631646960264086,0.4142011834319526,0.4142011834319526,0.3854545454545454,0.9394285714285714,0.025317097453013804,1.0633362884060404,0.00591715976331364,0.00591715976331364
hESC_Specific_1000,minus,lr,893/1000,tf_stratified_1to10,0.0241268798708915,0.0057072076015174,0.0184196722693741,0.8159213662147522,0.8046727180480957,-0.0112486481666564,0.6832370502848275,0.4430740994893214,0.2865090403337969,0.2865090403337969,2.4902912621359223,1.546457657926321,0.1565650591555245,0.4538834951456311,0.4538834951456311,0.3983739837398374,0.8255360623781677,-0.018765537279690103,0.9593678502543175,-0.0024271844660194164,-0.0024271844660194164
hESC_Specific_1000,minus,mlp,893/1000,tf_stratified_1to10,0.0241268798708915,0.0057072076015174,0.0184196722693741,0.8159213662147522,0.8046727180480957,-0.0112486481666564,0.7175369991862071,0.4870185618349565,0.2865090403337969,0.2865090403337969,2.4902912621359223,1.6998366308705521,0.2005095215011596,0.4951456310679611,0.4951456310679611,0.4239766081871345,0.8762183235867447,-0.018121194758456527,0.9641263738956855,0.0024271844660194164,0.0024271844660194164
hESC_Specific_1000,baseline,lr,893/1000,tf_stratified_1to10,0.0317745208740234,0.0072959270328283,0.0244785938411951,0.8531295657157898,0.8501206040382385,-0.0030089616775512,0.7113791423001949,0.4618396367690115,0.2865090403337969,0.2865090403337969,2.4902912621359223,1.6119548487229092,0.1753305964352146,0.4563106796116505,0.4563106796116505,0.3854748603351955,0.8382066276803118,0.0,1.0,0.0,0.0
hESC_Specific_1000,baseline,mlp,893/1000,tf_stratified_1to10,0.0317745208740234,0.0072959270328283,0.0244785938411951,0.8531295657157898,0.8501206040382385,-0.0030089616775512,0.7321166657203959,0.505139756593413,0.2865090403337969,0.2865090403337969,2.4902912621359223,1.7630848785954563,0.2186307162596161,0.4927184466019417,0.4927184466019417,0.4422809457579972,0.8557504873294347,0.0,1.0,0.0,0.0
hESC_Specific_1000,scGPT_human,lr,893/1000,tf_stratified_1to10,0.0237011276185512,0.0084713380783796,0.0152297895401716,2.228891372680664,2.1736090183258057,-0.0552823543548584,0.6951789871117925,0.460630487490913,0.2865090403337969,0.2865090403337969,2.4902912621359223,1.607734565562944,0.174121447157116,0.470873786407767,0.470873786407767,0.4418300653594771,0.8206627680311891,-0.0012091492780985091,0.9973818850054587,0.014563106796116498,0.014563106796116498
hESC_Specific_1000,scGPT_human,mlp,893/1000,tf_stratified_1to10,0.0237011276185512,0.0084713380783796,0.0152297895401716,2.228891372680664,2.1736090183258057,-0.0552823543548584,0.7221051212172827,0.4997097964277635,0.2865090403337969,0.2865090403337969,2.4902912621359223,1.7441327360755434,0.2132007560939666,0.4975728155339806,0.4975728155339806,0.3525423728813559,0.9278752436647172,-0.005429960165649561,0.9892505784888752,0.004854368932038888,0.004854368932038888
hESC_Specific_1000,v4_bias_rec_best,lr,893/1000,tf_stratified_1to10,0.0327793136239051,0.0072726462967693,0.0255066673271358,1.553795337677002,1.5344654321670532,-0.0193299055099487,0.7033713261038248,0.4566035671842785,0.2865090403337969,0.2865090403337969,2.4902912621359223,1.5936794408033799,0.1700945268504816,0.4635922330097087,0.4635922330097087,0.4287616511318242,0.8265107212475633,-0.005236069584732994,0.9886625807577624,0.007281553398058194,0.007281553398058194
hESC_Specific_1000,v4_bias_rec_best,mlp,893/1000,tf_stratified_1to10,0.0327793136239051,0.0072726462967693,0.0255066673271358,1.553795337677002,1.5344654321670532,-0.0193299055099487,0.7050769791252675,0.4604949240322662,0.2865090403337969,0.2865090403337969,2.4902912621359223,1.6072614096077642,0.1739858836984693,0.4684466019417476,0.4684466019417476,0.3930635838150289,0.8596491228070176,-0.04464483256114682,0.9116188500738391,-0.02427184466019411,-0.02427184466019411
hESC_Specific_1000,v4_plain_best,lr,893/1000,tf_stratified_1to10,0.0270776357501745,0.0060153291560709,0.0210623065941035,1.5976769924163818,1.5851917266845703,-0.0124852657318115,0.707154043414902,0.47268592993444,0.2865090403337969,0.2865090403337969,2.4902912621359223,1.6498115709847687,0.1861768896006431,0.4733009708737864,0.4733009708737864,0.4370677731673582,0.8508771929824561,0.010846293165428456,1.0234849768229253,0.016990291262135915,0.016990291262135915
hESC_Specific_1000,v4_plain_best,mlp,893/1000,tf_stratified_1to10,0.0270776357501745,0.0060153291560709,0.0210623065941035,1.5976769924163818,1.5851917266845703,-0.0124852657318115,0.7168864380476542,0.486984955147732,0.2865090403337969,0.2865090403337969,2.4902912621359223,1.699719333743783,0.2004759148139351,0.4830097087378641,0.4830097087378641,0.4079754601226993,0.8957115009746589,-0.018154801445681046,0.9640598444119419,-0.00970873786407761,-0.00970873786407761
hESC_Specific_1000,v4_type_pe_best,lr,893/1000,tf_stratified_1to10,0.0387782528996467,0.0135931009426712,0.0251851519569754,1.581969141960144,1.5734950304031372,-0.0084741115570068,0.7034564904710536,0.4593305851468899,0.2865090403337969,0.2865090403337969,2.4902912621359223,1.6031975277699702,0.172821544813093,0.4635922330097087,0.4635922330097087,0.407202216066482,0.8411306042884991,-0.0025090516221216164,0.9945672665956635,0.007281553398058194,0.007281553398058194
hESC_Specific_1000,v4_type_pe_best,mlp,893/1000,tf_stratified_1to10,0.0387782528996467,0.0135931009426712,0.0251851519569754,1.581969141960144,1.5734950304031372,-0.0084741115570068,0.7197701981490945,0.5002104823074912,0.2865090403337969,0.2865090403337969,2.4902912621359223,1.745880275626632,0.2137014419736942,0.4878640776699029,0.4878640776699029,0.4151515151515151,0.8918128654970761,-0.004929274285921825,0.9902417613708252,-0.004854368932038777,-0.004854368932038777
hESC_Specific_1000,scconcept,lr,893/1000,tf_stratified_1to10,0.0060800118371844,0.0026990817859768,0.0033809300512075,31.80897331237793,30.733423233032227,-1.0755500793457031,0.6357768409697382,0.3939383177176595,0.2865090403337969,0.2865090403337969,2.4902912621359223,1.374959468150472,0.1074292773838626,0.4174757281553398,0.4174757281553398,0.4133663366336633,0.776803118908382,-0.067901319051352,0.8529764150899142,-0.03883495145631072,-0.03883495145631072
hESC_Specific_1000,scconcept,mlp,893/1000,tf_stratified_1to10,0.0060800118371844,0.0026990817859768,0.0033809300512075,31.80897331237793,30.733423233032227,-1.0755500793457031,0.6141096065406234,0.3835966697342644,0.2865090403337969,0.2865090403337969,2.4902912621359223,1.3388641045579421,0.0970876294004675,0.3834951456310679,0.3834951456310679,0.3142437591776799,0.8421052631578947,-0.12154308685914866,0.7593872086433721,-0.1092233009708738,-0.1092233009708738
hESC_Specific_1000,scconcept_encoded,lr,893/1000,tf_stratified_1to10,0.0549659356474876,0.0626298487186431,-0.0076639130711555,28.79084014892578,27.546310424804688,-1.2445297241210938,0.6662798784988362,0.4255599092045848,0.2865090403337969,0.2865090403337969,2.4902912621359223,1.485328032612119,0.1390508688707879,0.4393203883495146,0.4393203883495146,0.423469387755102,0.7992202729044834,-0.03627972756442671,0.9214451842673436,-0.016990291262135915,-0.016990291262135915
hESC_Specific_1000,scconcept_encoded,mlp,893/1000,tf_stratified_1to10,0.0549659356474876,0.0626298487186431,-0.0076639130711555,28.79084014892578,27.546310424804688,-1.2445297241210938,0.6480641666193532,0.3858659114282661,0.2865090403337969,0.2865090403337969,2.4902912621359223,1.3467844190141909,0.0993568710944691,0.4029126213592233,0.4029126213592233,0.3122238586156112,0.8430799220272904,-0.11927384516514694,0.7638795133261497,-0.0898058252427184,-0.0898058252427184
hESC_Specific_1000,cl_scratch_v5,lr,893/1000,tf_stratified_1to10,0.0280963014811277,0.007430175319314,0.0206661261618137,1.5966615676879885,1.583369255065918,-0.0132923126220703,0.6886402562501184,0.4475176494865493,0.2865090403337969,0.2865090403337969,2.4902912621359223,1.5619669416545097,0.1610086091527524,0.441747572815534,0.441747572815534,0.4,0.8362573099415205,-0.0143219872824622,0.9689892634970495,-0.014563106796116498,-0.014563106796116498
hESC_Specific_1000,cl_scratch_v5,mlp,893/1000,tf_stratified_1to10,0.0280963014811277,0.007430175319314,0.0206661261618137,1.5966615676879885,1.583369255065918,-0.0132923126220703,0.7097184371392343,0.4608577189131603,0.2865090403337969,0.2865090403337969,2.4902912621359223,1.6085276694104964,0.1743486785793633,0.4805825242718446,0.4805825242718446,0.3806646525679758,0.8791423001949318,-0.04428203768025274,0.9123370570178753,-0.012135922330097082,-0.012135922330097082
hESC_Specific_1000,minus,lr,893/1000,full_candidate,0.0241268798708915,0.0057327821850776,0.0183940976858139,0.8159213662147522,0.816137433052063,0.0002160668373107,0.8451871486969852,0.4355261894501913,0.1622047244094488,0.1622047244094488,5.165048543689321,2.685040100008461,0.2733214650407425,0.4538834951456311,0.4538834951456311,0.3934426229508196,0.9172932330827068,-0.031393054530684195,0.9327655586370092,-0.014563106796116498,-0.014563106796116498
hESC_Specific_1000,minus,mlp,893/1000,full_candidate,0.0241268798708915,0.0057327821850776,0.0183940976858139,0.8159213662147522,0.816137433052063,0.0002160668373107,0.8387228310460618,0.4429402454884191,0.1622047244094488,0.1622047244094488,5.165048543689321,2.7307481153897686,0.2807355210789702,0.4975728155339806,0.4975728155339806,0.4075691411935953,0.93656015037594,-0.0074283853691565205,0.9835059885165367,0.024271844660194164,0.024271844660194164
hESC_Specific_1000,baseline,lr,893/1000,full_candidate,0.0317745208740234,0.0092350337654352,0.0225394871085882,0.8531295657157898,0.8764384388923645,0.0233088731765747,0.8554279737572085,0.4669192439808755,0.1622047244094488,0.1622047244094488,5.165048543689321,2.878579805124815,0.3047145195714266,0.4684466019417476,0.4684466019417476,0.4131994261119082,0.9337406015037594,0.0,1.0,0.0,0.0
hESC_Specific_1000,baseline,mlp,893/1000,full_candidate,0.0317745208740234,0.0092350337654352,0.0225394871085882,0.8531295657157898,0.8764384388923645,0.0233088731765747,0.8541961320169356,0.4503686308575756,0.1622047244094488,0.1622047244094488,5.165048543689321,2.77654447179185,0.2881639064481268,0.4733009708737864,0.4733009708737864,0.3074433656957929,0.9478383458646616,0.0,1.0,0.0,0.0
hESC_Specific_1000,scGPT_human,lr,893/1000,full_candidate,0.0237011276185512,0.0073495567776262,0.0163515708409249,2.228891372680664,2.1867971420288086,-0.0420942306518554,0.8290905129936491,0.4297000701546105,0.1622047244094488,0.1622047244094488,5.165048543689321,2.6491217917298804,0.2674953457451617,0.4635922330097087,0.4635922330097087,0.4518613607188703,0.9102443609022556,-0.037219173826264995,0.9202877707311,-0.004854368932038888,-0.004854368932038888
hESC_Specific_1000,scGPT_human,mlp,893/1000,full_candidate,0.0237011276185512,0.0073495567776262,0.0163515708409249,2.228891372680664,2.1867971420288086,-0.0420942306518554,0.8548827697277173,0.4582799139384422,0.1622047244094488,0.1622047244094488,5.165048543689321,2.8253179160282604,0.2960751895289934,0.4830097087378641,0.4830097087378641,0.1578947368421052,0.9797932330827068,0.007911283080866582,1.017566239162355,0.009708737864077666,0.009708737864077666
hESC_Specific_1000,v4_bias_rec_best,lr,893/1000,full_candidate,0.0327793136239051,0.0173831693828105,0.0153961442410945,1.553795337677002,1.560212016105652,0.0064166784286499,0.853025882363676,0.4564592219241928,0.1622047244094488,0.1622047244094488,5.165048543689321,2.8140932613773053,0.294254497514744,0.4927184466019417,0.4927184466019417,0.4414535666218035,0.9215225563909776,-0.010460022056682672,0.977597791927567,0.02427184466019411,0.02427184466019411
hESC_Specific_1000,v4_bias_rec_best,mlp,893/1000,full_candidate,0.0327793136239051,0.0173831693828105,0.0153961442410945,1.553795337677002,1.560212016105652,0.0064166784286499,0.8562925441638076,0.4574737840654703,0.1622047244094488,0.1622047244094488,5.165048543689321,2.8203480862288703,0.2952690596560215,0.4611650485436893,0.4611650485436893,0.4486692015209125,0.9060150375939848,0.007105153207894677,1.015776305721749,-0.012135922330097138,-0.012135922330097138
hESC_Specific_1000,v4_plain_best,lr,893/1000,full_candidate,0.0270776357501745,0.0112087083980441,0.0158689273521304,1.5976769924163818,1.6039353609085083,0.0062583684921264,0.850855901890649,0.4624376303448966,0.1622047244094488,0.1622047244094488,5.165048543689321,2.8509504395049454,0.3002329059354477,0.4781553398058252,0.4781553398058252,0.4118476727785614,0.9290413533834586,-0.004481613635978876,0.9904017371445877,0.00970873786407761,0.00970873786407761
hESC_Specific_1000,v4_plain_best,mlp,893/1000,full_candidate,0.0270776357501745,0.0112087083980441,0.0158689273521304,1.5976769924163818,1.6039353609085083,0.0062583684921264,0.8556389836849405,0.4853029377606761,0.1622047244094488,0.1622047244094488,5.165048543689321,2.9919161696896057,0.3230982133512273,0.4854368932038835,0.4854368932038835,0.4617380025940337,0.9149436090225564,0.03493430690310051,1.0775682507828752,0.012135922330097082,0.012135922330097082
hESC_Specific_1000,v4_type_pe_best,lr,893/1000,full_candidate,0.0387782528996467,0.0160342417657375,0.0227440111339092,1.581969141960144,1.5952433347702026,0.0132741928100585,0.8513919811665084,0.4581324403926052,0.1622047244094488,0.1622047244094488,5.165048543689321,2.8244087344592654,0.2959277159831564,0.4660194174757281,0.4660194174757281,0.3892045454545454,0.9271616541353384,-0.008786803588270276,0.9811813205355268,-0.002427184466019472,-0.002427184466019472
hESC_Specific_1000,v4_type_pe_best,mlp,893/1000,full_candidate,0.0387782528996467,0.0160342417657375,0.0227440111339092,1.581969141960144,1.5952433347702026,0.0132741928100585,0.8701519043360829,0.5090295458545109,0.1622047244094488,0.1622047244094488,5.165048543689321,3.138191860365189,0.346824821445062,0.5266990291262136,0.5266990291262136,0.4546762589928058,0.9412593984962406,0.058660914996935265,1.130250889999233,0.05339805825242716,0.05339805825242716
hESC_Specific_1000,scconcept,lr,893/1000,full_candidate,0.0060800118371844,-4.63254691567272e-05,0.0061263373063411,31.80897331237793,30.895753860473636,-0.9132194519042968,0.8134894654719322,0.3915800295294853,0.1622047244094488,0.1622047244094488,5.165048543689321,2.4141098907885747,0.2293753051200364,0.4271844660194174,0.4271844660194174,0.4066496163682864,0.9008458646616542,-0.07533921445139019,0.838646156862029,-0.04126213592233019,-0.04126213592233019
hESC_Specific_1000,scconcept,mlp,893/1000,full_candidate,0.0060800118371844,-4.63254691567272e-05,0.0061263373063411,31.80897331237793,30.895753860473636,-0.9132194519042968,0.8395440588729104,0.4249153602637726,0.1622047244094488,0.1622047244094488,5.165048543689321,2.6196238229853943,0.2627106358543237,0.4514563106796116,0.4514563106796116,0.1325051759834368,0.9816729323308272,-0.025453270593803035,0.9434834736483848,-0.021844660194174803,-0.021844660194174803
hESC_Specific_1000,scconcept_encoded,lr,893/1000,full_candidate,0.0549659356474876,0.070036880671978,-0.0150709450244903,28.79084014892578,27.73455047607422,-1.0562896728515625,0.8341467670997883,0.4248981093994913,0.1622047244094488,0.1622047244094488,5.165048543689321,2.6195174705696798,0.2626933849900424,0.4393203883495146,0.4393203883495146,0.416445623342175,0.913063909774436,-0.04202113458138418,0.9100034210988629,-0.029126213592232997,-0.029126213592232997
hESC_Specific_1000,scconcept_encoded,mlp,893/1000,full_candidate,0.0549659356474876,0.070036880671978,-0.0150709450244903,28.79084014892578,27.73455047607422,-1.0562896728515625,0.8282088336739908,0.3939922240661481,0.1622047244094488,0.1622047244094488,5.165048543689321,2.428981187203923,0.2317874996566992,0.4053398058252427,0.4053398058252427,0.2888198757763975,0.9346804511278196,-0.056376406791427525,0.8748216395887128,-0.06796116504854371,-0.06796116504854371
hESC_Specific_1000,cl_scratch_v5,lr,893/1000,full_candidate,0.0280963014811277,0.0120190232992172,0.0160772781819105,1.5966615676879885,1.6010907888412476,0.0044292211532592,0.8452344833564494,0.4468339463779531,0.1622047244094488,0.1622047244094488,5.165048543689321,2.7547529703883518,0.2846292219685043,0.4660194174757281,0.4660194174757281,0.3938115330520393,0.925281954887218,-0.02008529760292238,0.9569833587673995,-0.002427184466019472,-0.002427184466019472
hESC_Specific_1000,cl_scratch_v5,mlp,893/1000,full_candidate,0.0280963014811277,0.0120190232992172,0.0160772781819105,1.5966615676879885,1.6010907888412476,0.0044292211532592,0.8262048096576392,0.4560637504538412,0.1622047244094488,0.1622047244094488,5.165048543689321,2.8116551605649436,0.2938590260443924,0.4611650485436893,0.4611650485436893,0.3964497041420118,0.9389097744360902,0.005695119596265563,1.0126454624191323,-0.012135922330097138,-0.012135922330097138
hESC_Non-Specific_500,minus,lr,442/500,tf_stratified_1to10,0.1234604716300964,0.0183189287781715,0.1051415428519249,0.7446380257606506,0.818886399269104,0.0742483735084533,0.6565796977473624,0.2511492879632037,0.1117021276595744,0.1117021276595744,7.952380952380952,2.248384101765825,0.1394471603036292,0.238095238095238,0.238095238095238,0.2474226804123711,0.8712574850299402,0.004793408075692396,1.0194572505347999,0.0,0.0
hESC_Non-Specific_500,minus,mlp,442/500,tf_stratified_1to10,0.1234604716300964,0.0183189287781715,0.1051415428519249,0.7446380257606506,0.818886399269104,0.0742483735084533,0.5724622184203022,0.197190813549281,0.1117021276595744,0.1117021276595744,7.952380952380952,1.7653272832030882,0.0854886858897065,0.238095238095238,0.238095238095238,0.0,1.0,-0.009233143085649792,0.9552709712759794,0.0714285714285714,0.0714285714285714
hESC_Non-Specific_500,baseline,lr,442/500,tf_stratified_1to10,0.1642958968877792,0.0401315800845623,0.1241643168032169,0.795403778553009,0.8869232535362244,0.0915194749832153,0.6599301397205588,0.2463558798875113,0.1117021276595744,0.1117021276595744,7.952380952380952,2.2054716866120074,0.1346537522279368,0.238095238095238,0.238095238095238,0.2588235294117647,0.9041916167664672,0.0,1.0,0.0,0.0
hESC_Non-Specific_500,baseline,mlp,442/500,tf_stratified_1to10,0.1642958968877792,0.0401315800845623,0.1241643168032169,0.795403778553009,0.8869232535362244,0.0915194749832153,0.5870045623039635,0.2064239566349308,0.1117021276595744,0.1117021276595744,7.952380952380952,1.8479858974936674,0.0947218289753563,0.1666666666666666,0.1666666666666666,0.0,1.0,0.0,1.0,0.0,0.0
hESC_Non-Specific_500,scGPT_human,lr,442/500,tf_stratified_1to10,0.106045663356781,0.0162726044654846,0.0897730588912963,2.040350914001465,2.200989246368408,0.1606383323669433,0.6556529797547762,0.285522253236097,0.1117021276595744,0.1117021276595744,7.952380952380952,2.5561039813517272,0.1738201255765225,0.2619047619047619,0.2619047619047619,0.2816901408450704,0.94311377245509,0.03916637334858569,1.1589829045950495,0.02380952380952392,0.02380952380952392
hESC_Non-Specific_500,scGPT_human,mlp,442/500,tf_stratified_1to10,0.106045663356781,0.0162726044654846,0.0897730588912963,2.040350914001465,2.200989246368408,0.1606383323669433,0.6104576561163387,0.1978204719927241,0.1117021276595744,0.1117021276595744,7.952380952380952,1.770964225458674,0.0861183443331496,0.1666666666666666,0.1666666666666666,0.1509433962264151,0.9790419161676648,-0.008603484642206699,0.958321287981984,0.0,0.0
hESC_Non-Specific_500,v4_bias_rec_best,lr,442/500,tf_stratified_1to10,0.1471788138151168,0.0178781803697347,0.1293006334453821,1.4543251991271973,1.6297240257263184,0.1753988265991211,0.576953236384374,0.1557884406731735,0.1117021276595744,0.1117021276595744,7.952380952380952,1.3946774688836494,0.044086313013599,0.119047619047619,0.119047619047619,0.1265822784810126,0.9041916167664672,-0.0905674392143378,0.6323715136992393,-0.119047619047619,-0.119047619047619
hESC_Non-Specific_500,v4_bias_rec_best,mlp,442/500,tf_stratified_1to10,0.1471788138151168,0.0178781803697347,0.1293006334453821,1.4543251991271973,1.6297240257263184,0.1753988265991211,0.574244368406045,0.181303671113821,0.1117021276595744,0.1117021276595744,7.952380952380952,1.623099531876113,0.0696015434542466,0.2619047619047619,0.2619047619047619,0.0,1.0,-0.025120285521109786,0.8783073150490182,0.09523809523809532,0.09523809523809532
hESC_Non-Specific_500,v4_plain_best,lr,442/500,tf_stratified_1to10,0.1455498337745666,0.0264584720134735,0.1190913617610931,1.4860448837280271,1.6437772512435913,0.1577323675155639,0.6266395779868834,0.1478881882763396,0.1117021276595744,0.1117021276595744,7.952380952380952,1.3239513998072316,0.0361860606167651,0.1428571428571428,0.1428571428571428,0.1234567901234567,0.8982035928143712,-0.09846769161117169,0.6003030589075727,-0.0952380952380952,-0.0952380952380952
hESC_Non-Specific_500,v4_plain_best,mlp,442/500,tf_stratified_1to10,0.1455498337745666,0.0264584720134735,0.1190913617610931,1.4860448837280271,1.6437772512435913,0.1577323675155639,0.6617122897063016,0.2664538014520058,0.1117021276595744,0.1117021276595744,7.952380952380952,2.3853959368084348,0.1547516737924314,0.2619047619047619,0.2619047619047619,0.0,0.997005988023952,0.06002984481707502,1.2908085175561297,0.09523809523809532,0.09523809523809532
hESC_Non-Specific_500,v4_type_pe_best,lr,442/500,tf_stratified_1to10,0.1524990350008011,0.0357481613755226,0.1167508736252784,1.475090503692627,1.637545824050903,0.1624553203582763,0.5919232962646136,0.1655009943178469,0.1117021276595744,0.1117021276595744,7.952380952380952,1.4816279491312019,0.0537988666582725,0.1904761904761904,0.1904761904761904,0.1927710843373494,0.9011976047904192,-0.08085488556966439,0.6717964044268657,-0.04761904761904759,-0.04761904761904759
hESC_Non-Specific_500,v4_type_pe_best,mlp,442/500,tf_stratified_1to10,0.1524990350008011,0.0357481613755226,0.1167508736252784,1.475090503692627,1.637545824050903,0.1624553203582763,0.5714642144282863,0.1520818468794093,0.1117021276595744,0.1117021276595744,7.952380952380952,1.3614946292061412,0.0403797192198348,0.1666666666666666,0.1666666666666666,0.0,1.0,-0.054342109755521506,0.7367451402376336,0.0,0.0
hESC_Non-Specific_500,scconcept,lr,442/500,tf_stratified_1to10,0.0644096732139587,0.0045515587553381,0.0598581144586205,28.962276458740234,30.9969482421875,2.0346717834472656,0.5742087254063302,0.2076479228139248,0.1117021276595744,0.1117021276595744,7.952380952380952,1.8589433090008518,0.0959457951543503,0.2142857142857142,0.2142857142857142,0.1944444444444444,0.9311377245508982,-0.038707957073586485,0.8428778842572746,-0.023809523809523808,-0.023809523809523808
hESC_Non-Specific_500,scconcept,mlp,442/500,tf_stratified_1to10,0.0644096732139587,0.0045515587553381,0.0598581144586205,28.962276458740234,30.9969482421875,2.0346717834472656,0.5620544625035643,0.1410363120344201,0.1117021276595744,0.1117021276595744,7.952380952380952,1.2626107934509998,0.0293341843748456,0.1428571428571428,0.1428571428571428,0.0,1.0,-0.06538764460051069,0.6832361627669437,-0.023809523809523808,-0.023809523809523808
hESC_Non-Specific_500,scconcept_encoded,lr,442/500,tf_stratified_1to10,0.1030250266194343,0.0554964654147625,0.0475285612046718,26.216440200805664,27.56585693359375,1.349416732788086,0.4560165383518677,0.1128860202426191,0.1117021276595744,0.1117021276595744,7.952380952380952,1.0105986574101145,0.0011838925830446,0.119047619047619,0.119047619047619,0.1379310344827586,0.8832335329341318,-0.1334698596448922,0.45822336489051546,-0.119047619047619,-0.119047619047619
hESC_Non-Specific_500,scconcept_encoded,mlp,442/500,tf_stratified_1to10,0.1030250266194343,0.0554964654147625,0.0475285612046718,26.216440200805664,27.56585693359375,1.349416732788086,0.5892144282862846,0.1637145177538979,0.1117021276595744,0.1117021276595744,7.952380952380952,1.4656347303682298,0.0520123900943234,0.1904761904761904,0.1904761904761904,0.0408163265306122,0.9820359281437124,-0.0427094388810329,0.793098438876616,0.023809523809523808,0.023809523809523808
hESC_Non-Specific_500,cl_scratch_v5,lr,442/500,tf_stratified_1to10,0.1372647583484649,0.0212220437824726,0.1160427145659923,1.4959313869476318,1.6412723064422607,0.1453409194946289,0.6640647276874821,0.2852437235070781,0.1117021276595744,0.1117021276595744,7.952380952380952,2.5536104771109867,0.1735415958475036,0.3095238095238095,0.3095238095238095,0.3058823529411765,0.9101796407185628,0.03888784361956682,1.157852305523714,0.07142857142857148,0.07142857142857148
hESC_Non-Specific_500,cl_scratch_v5,mlp,442/500,tf_stratified_1to10,0.1372647583484649,0.0212220437824726,0.1160427145659923,1.4959313869476318,1.6412723064422607,0.1453409194946289,0.5356073567151411,0.1542310566172931,0.1117021276595744,0.1117021276595744,7.952380952380952,1.380735173526244,0.0425289289577186,0.1428571428571428,0.1428571428571428,0.0,1.0,-0.05219290001763768,0.7471567696479001,-0.023809523809523808,-0.023809523809523808
hESC_Non-Specific_500,minus,lr,442/500,full_candidate,0.1234604716300964,0.0143460100516676,0.1091144615784287,0.7446380257606506,0.8057923913002014,0.0611543655395507,0.8690147329650093,0.2336248470554148,0.0226781857451403,0.0226781857451403,43.095238095238095,10.301743255872141,0.2109466613102744,0.3333333333333333,0.3333333333333333,0.3037974683544304,0.9861878453038674,0.0194734869709407,1.090933286453372,0.09523809523809532,0.09523809523809532
hESC_Non-Specific_500,minus,mlp,442/500,full_candidate,0.1234604716300964,0.0143460100516676,0.1091144615784287,0.7446380257606506,0.8057923913002014,0.0611543655395507,0.8229479084451461,0.1701816347511028,0.0226781857451403,0.0226781857451403,43.095238095238095,7.504199703786752,0.1475034490059624,0.2142857142857142,0.2142857142857142,0.0,1.0,-0.06265311026073361,0.7309116804815854,-0.07142857142857151,-0.07142857142857151
hESC_Non-Specific_500,baseline,lr,442/500,full_candidate,0.1642958968877792,0.0298318900167942,0.134464006870985,0.795403778553009,0.8576496839523315,0.0622459053993225,0.8585701131281243,0.2141513600844741,0.0226781857451403,0.0226781857451403,43.095238095238095,9.44305521134399,0.1914731743393337,0.238095238095238,0.238095238095238,0.2368421052631578,0.9861878453038674,0.0,1.0,0.0,0.0
hESC_Non-Specific_500,baseline,mlp,442/500,full_candidate,0.1642958968877792,0.0298318900167942,0.134464006870985,0.795403778553009,0.8576496839523315,0.0622459053993225,0.8314982899237043,0.2328347450118364,0.0226781857451403,0.0226781857451403,43.095238095238095,10.266903518141017,0.2101565592666961,0.2857142857142857,0.2857142857142857,0.0,1.0,0.0,1.0,0.0,0.0
hESC_Non-Specific_500,scGPT_human,lr,442/500,full_candidate,0.106045663356781,0.0114346668124198,0.0946109965443611,2.040350914001465,2.185377836227417,0.1450269222259521,0.8621612733491186,0.2172143391668409,0.0226781857451403,0.0226781857451403,43.095238095238095,9.57811800326169,0.1945361534217005,0.1904761904761904,0.1904761904761904,0.2388059701492537,0.9906077348066298,0.0030629790823668013,1.01430287008758,-0.04761904761904759,-0.04761904761904759
hESC_Non-Specific_500,scGPT_human,mlp,442/500,full_candidate,0.106045663356781,0.0114346668124198,0.0946109965443611,2.040350914001465,2.185377836227417,0.1450269222259521,0.8546106287818994,0.184217359908474,0.0226781857451403,0.0226781857451403,43.095238095238095,8.123108346440361,0.1615391741633337,0.238095238095238,0.238095238095238,0.0851063829787234,0.998342541436464,-0.048617385103362415,0.791193599130186,-0.0476190476190477,-0.0476190476190477
hESC_Non-Specific_500,v4_bias_rec_best,lr,442/500,full_candidate,0.1471788138151168,0.023526158183813,0.1236526556313037,1.4543251991271973,1.557941198348999,0.1036159992218017,0.8372073138647724,0.1269249289091213,0.0226781857451403,0.0226781857451403,43.095238095238095,5.596784960468894,0.1042467431639809,0.1428571428571428,0.1428571428571428,0.1081081081081081,0.9845303867403314,-0.08722643117535281,0.5926879421127865,-0.0952380952380952,-0.0952380952380952
hESC_Non-Specific_500,v4_bias_rec_best,mlp,442/500,full_candidate,0.1471788138151168,0.023526158183813,0.1236526556313037,1.4543251991271973,1.557941198348999,0.1036159992218017,0.846310181531176,0.2297330036553434,0.0226781857451403,0.0226781857451403,43.095238095238095,10.130131494516611,0.207054817910203,0.2619047619047619,0.2619047619047619,0.0909090909090909,1.0,-0.003101741356492993,0.9866783569765959,-0.02380952380952378,-0.02380952380952378
hESC_Non-Specific_500,v4_plain_best,lr,442/500,full_candidate,0.1455498337745666,0.0228122938424348,0.1227375399321317,1.4860448837280271,1.5947990417480469,0.1087541580200195,0.8718429360694555,0.1744741359598376,0.0226781857451403,0.0226781857451403,43.095238095238095,7.693478566610012,0.1517959502146972,0.238095238095238,0.238095238095238,0.1846153846153846,0.9906077348066298,-0.039677224124636506,0.8147234549013117,0.0,0.0
hESC_Non-Specific_500,v4_plain_best,mlp,442/500,full_candidate,0.1455498337745666,0.0228122938424348,0.1227375399321317,1.4860448837280271,1.5947990417480469,0.1087541580200195,0.8611089187056038,0.2038179022471656,0.0226781857451403,0.0226781857451403,43.095238095238095,8.987398927660765,0.1811397165020252,0.2619047619047619,0.2619047619047619,0.0416666666666666,0.9972375690607734,-0.029016842764670814,0.8753758045724845,-0.02380952380952378,-0.02380952380952378
hESC_Non-Specific_500,v4_type_pe_best,lr,442/500,full_candidate,0.1524990350008011,0.0329599268734455,0.1195391081273555,1.475090503692627,1.5830981731414795,0.1080076694488525,0.8512957116548276,0.1864670596646379,0.0226781857451403,0.0226781857451403,43.095238095238095,8.222309392831209,0.1637888739194975,0.238095238095238,0.238095238095238,0.1818181818181818,0.9845303867403314,-0.027684300419836216,0.8707255447319323,0.0,0.0
hESC_Non-Specific_500,v4_type_pe_best,mlp,442/500,full_candidate,0.1524990350008011,0.0329599268734455,0.1195391081273555,1.475090503692627,1.5830981731414795,0.1080076694488525,0.8847737437516443,0.2224455944380104,0.0226781857451403,0.0226781857451403,43.095238095238095,9.808791449980879,0.19976740869287,0.3095238095238095,0.3095238095238095,0.0,1.0,-0.010389150573826,0.9553797240472084,0.02380952380952378,0.02380952380952378
hESC_Non-Specific_500,scconcept,lr,442/500,full_candidate,0.0644096732139587,0.0026558560784906,0.0617538171354681,28.962276458740234,31.02410888671875,2.061832427978516,0.8201197053406999,0.1341367500220213,0.0226781857451403,0.0226781857451403,43.095238095238095,5.914791929542486,0.1114585642768809,0.1666666666666666,0.1666666666666666,0.1126760563380281,0.9861878453038674,-0.0800146100624528,0.6263642218714358,-0.0714285714285714,-0.0714285714285714
hESC_Non-Specific_500,scconcept,mlp,442/500,full_candidate,0.0644096732139587,0.0026558560784906,0.0617538171354681,28.962276458740234,31.02410888671875,2.061832427978516,0.856162851881084,0.1351120810797236,0.0226781857451403,0.0226781857451403,43.095238095238095,5.95779938475355,0.1124338953345832,0.1428571428571428,0.1428571428571428,0.0,1.0,-0.09772266393211279,0.5802917475776866,-0.1428571428571429,-0.1428571428571429
hESC_Non-Specific_500,scconcept_encoded,lr,442/500,full_candidate,0.1030250266194343,0.0727933198213577,0.0302317067980766,26.216440200805664,27.63629913330078,1.4198589324951172,0.7998092607208629,0.0799357581486088,0.0226781857451403,0.0226781857451403,43.095238095238095,3.5247862878862875,0.0572575724034684,0.0714285714285714,0.0714285714285714,0.0857142857142857,0.9861878453038674,-0.1342156019358653,0.3732675716702306,-0.1666666666666666,-0.1666666666666666
hESC_Non-Specific_500,scconcept_encoded,mlp,442/500,full_candidate,0.1030250266194343,0.0727933198213577,0.0302317067980766,26.216440200805664,27.63629913330078,1.4198589324951172,0.7980202578268877,0.1051170755858705,0.0226781857451403,0.0226781857451403,43.095238095238095,4.635162475834117,0.0824388898407301,0.0714285714285714,0.0714285714285714,0.0,0.9966850828729282,-0.1277176694259659,0.4514664492214285,-0.2142857142857143,-0.2142857142857143
hESC_Non-Specific_500,cl_scratch_v5,lr,442/500,full_candidate,0.1372647583484649,0.0270299483090639,0.110234810039401,1.4959313869476318,1.5968661308288574,0.1009347438812255,0.86517363851618,0.204077751020111,0.0226781857451403,0.0226781857451403,43.095238095238095,8.99885702117255,0.1813995652749706,0.2857142857142857,0.2857142857142857,0.2962962962962963,0.9850828729281768,-0.01007360906436311,0.9529603311396693,0.0476190476190477,0.0476190476190477
hESC_Non-Specific_500,cl_scratch_v5,mlp,442/500,full_candidate,0.1372647583484649,0.0270299483090639,0.110234810039401,1.4959313869476318,1.5968661308288574,0.1009347438812255,0.8484148908182058,0.2324907965968354,0.0226781857451403,0.0226781857451403,43.095238095238095,10.251737030889068,0.209812610851695,0.238095238095238,0.238095238095238,0.0,1.0,-0.00034394841500101636,0.9985227788276035,-0.0476190476190477,-0.0476190476190477
hESC_Non-Specific_1000,minus,lr,893/1000,tf_stratified_1to10,0.1209544092416763,0.0144654503092169,0.1064889589324593,0.7437912821769714,0.8073978424072266,0.0636065602302551,0.6532974801797707,0.2129327610672211,0.115744069015097,0.115744069015097,7.639751552795031,1.8396861530714577,0.097188692052124,0.2422360248447205,0.2422360248447205,0.1985815602836879,0.9243902439024392,-0.00042533950576861823,0.9980064525104679,0.0,0.0
hESC_Non-Specific_1000,minus,mlp,893/1000,tf_stratified_1to10,0.1209544092416763,0.0144654503092169,0.1064889589324593,0.7437912821769714,0.8073978424072266,0.0636065602302551,0.6822350148967328,0.2510057140681756,0.115744069015097,0.115744069015097,7.639751552795031,2.168627007880947,0.1352616450530785,0.2795031055900621,0.2795031055900621,0.0476190476190476,0.997560975609756,-0.010498266319674765,0.9598542771543888,-0.0496894409937888,-0.0496894409937888
hESC_Non-Specific_1000,baseline,lr,893/1000,tf_stratified_1to10,0.1554157882928848,0.0267595835030078,0.1286562047898769,0.7905303835868835,0.87066251039505,0.0801321268081665,0.6478159874766449,0.2133581005729897,0.115744069015097,0.115744069015097,7.639751552795031,1.8433609807268871,0.0976140315578926,0.2422360248447205,0.2422360248447205,0.1777777777777777,0.9308943089430894,0.0,1.0,0.0,0.0
hESC_Non-Specific_1000,baseline,mlp,893/1000,tf_stratified_1to10,0.1554157882928848,0.0267595835030078,0.1286562047898769,0.7905303835868835,0.87066251039505,0.0801321268081665,0.6887643286370752,0.2615039803878504,0.115744069015097,0.115744069015097,7.639751552795031,2.259329420618013,0.1457599113727533,0.3291925465838509,0.3291925465838509,0.1098901098901098,0.9910569105691056,0.0,1.0,0.0,0.0
hESC_Non-Specific_1000,scGPT_human,lr,893/1000,tf_stratified_1to10,0.1024360507726669,0.0106049859896302,0.0918310647830367,2.0609664916992188,2.192922592163086,0.1319561004638672,0.5877417562995506,0.1669750113801026,0.115744069015097,0.115744069015097,7.639751552795031,1.44262261384921,0.0512309423650055,0.186335403726708,0.186335403726708,0.2122015915119363,0.8569105691056911,-0.04638308919288711,0.7826045082501122,-0.0559006211180125,-0.0559006211180125
hESC_Non-Specific_1000,scGPT_human,mlp,893/1000,tf_stratified_1to10,0.1024360507726669,0.0106049859896302,0.0918310647830367,2.0609664916992188,2.192922592163086,0.1319561004638672,0.6911023582285512,0.2739674364575614,0.115744069015097,0.115744069015097,7.639751552795031,2.367010584549491,0.1582233674424643,0.2857142857142857,0.2857142857142857,0.2079207920792079,0.983739837398374,0.012463456069710999,1.047660674423486,-0.04347826086956519,-0.04347826086956519
hESC_Non-Specific_1000,v4_bias_rec_best,lr,893/1000,tf_stratified_1to10,0.1483598798513412,0.0163199324160814,0.1320399474352598,1.4323393106460571,1.57831609249115,0.1459767818450927,0.6079053678735545,0.178677240390363,0.115744069015097,0.115744069015097,7.639751552795031,1.5437269651117707,0.0629331713752659,0.1925465838509316,0.1925465838509316,0.1492537313432835,0.9292682926829268,-0.0346808601826267,0.8374523390980302,-0.049689440993788914,-0.049689440993788914
hESC_Non-Specific_1000,v4_bias_rec_best,mlp,893/1000,tf_stratified_1to10,0.1483598798513412,0.0163199324160814,0.1320399474352598,1.4323393106460571,1.57831609249115,0.1459767818450927,0.6621824976013735,0.2404278632611722,0.115744069015097,0.115744069015097,7.639751552795031,2.077237004945905,0.1246837942460751,0.2857142857142857,0.2857142857142857,0.0467836257309941,0.9951219512195122,-0.0210761171266782,0.9194042205574878,-0.04347826086956519,-0.04347826086956519
hESC_Non-Specific_1000,v4_plain_best,lr,893/1000,tf_stratified_1to10,0.1299788802862167,0.0198270175606012,0.1101518627256155,1.477294683456421,1.5986005067825315,0.1213058233261108,0.6418699186991871,0.2147825910421038,0.115744069015097,0.115744069015097,7.639751552795031,1.8556682244693572,0.0990385220270067,0.2484472049689441,0.2484472049689441,0.2458471760797342,0.916260162601626,0.0014244904691140814,1.006676523953337,0.0062111801242235865,0.0062111801242235865
hESC_Non-Specific_1000,v4_plain_best,mlp,893/1000,tf_stratified_1to10,0.1299788802862167,0.0198270175606012,0.1101518627256155,1.477294683456421,1.5986005067825315,0.1213058233261108,0.6860879664697268,0.2286092685008201,0.115744069015097,0.115744069015097,7.639751552795031,1.9751272825132977,0.112865199485723,0.2422360248447205,0.2422360248447205,0.1722488038277512,0.975609756097561,-0.032894711887030276,0.8742095174297446,-0.08695652173913038,-0.08695652173913038
hESC_Non-Specific_1000,v4_type_pe_best,lr,893/1000,tf_stratified_1to10,0.1408354192972183,0.024292329326272,0.1165430899709463,1.4663459062576294,1.5938514471054075,0.1275055408477783,0.6762232995000758,0.2530234541647655,0.115744069015097,0.115744069015097,7.639751552795031,2.186059781013596,0.1372793851496684,0.3043478260869565,0.3043478260869565,0.2803030303030303,0.946341463414634,0.03966535359177581,1.185909761500742,0.062111801242235976,0.062111801242235976
hESC_Non-Specific_1000,v4_type_pe_best,mlp,893/1000,tf_stratified_1to10,0.1408354192972183,0.024292329326272,0.1165430899709463,1.4663459062576294,1.5938514471054075,0.1275055408477783,0.6896682320860476,0.269495820682392,0.115744069015097,0.115744069015097,7.639751552795031,2.3283769352124684,0.1537517516672949,0.3167701863354037,0.3167701863354037,0.1040462427745664,0.997560975609756,0.007991840294541586,1.0305610655818256,-0.012422360248447173,-0.012422360248447173
hESC_Non-Specific_1000,scconcept,lr,893/1000,tf_stratified_1to10,0.0590610690414905,0.0006305931019596,0.0584304759395308,29.671798706054688,30.907203674316406,1.2354049682617188,0.5315482502651113,0.1679582595997155,0.115744069015097,0.115744069015097,7.639751552795031,1.4511176341813936,0.0522141905846185,0.1739130434782608,0.1739130434782608,0.2027397260273972,0.8642276422764228,-0.04539984097327421,0.7872129492559718,-0.0683229813664597,-0.0683229813664597
hESC_Non-Specific_1000,scconcept,mlp,893/1000,tf_stratified_1to10,0.0590610690414905,0.0006305931019596,0.0584304759395308,29.671798706054688,30.907203674316406,1.2354049682617188,0.5433267686714134,0.1765371997228836,0.115744069015097,0.115744069015097,7.639751552795031,1.5252375454318707,0.0607931307077865,0.1614906832298136,0.1614906832298136,0.0697674418604651,0.9959349593495936,-0.0849667806649668,0.6750841783021884,-0.16770186335403728,-0.16770186335403728
hESC_Non-Specific_1000,scconcept_encoded,lr,893/1000,tf_stratified_1to10,0.1147700026631355,0.0484704971313476,0.0662995055317878,26.529497146606445,27.76032066345215,1.2308235168457031,0.5280184820481745,0.1528775567895592,0.115744069015097,0.115744069015097,7.639751552795031,1.3208241086601051,0.0371334877744621,0.1304347826086956,0.1304347826086956,0.132013201320132,0.9008130081300812,-0.06048054378343051,0.7165303608299599,-0.11180124223602492,-0.11180124223602492
hESC_Non-Specific_1000,scconcept_encoded,mlp,893/1000,tf_stratified_1to10,0.1147700026631355,0.0484704971313476,0.0662995055317878,26.529497146606445,27.76032066345215,1.2308235168457031,0.5601020047467555,0.1478487257653914,0.115744069015097,0.115744069015097,7.639751552795031,1.2773762580103076,0.0321046567502943,0.1304347826086956,0.1304347826086956,0.0122699386503067,0.9991869918699188,-0.11365525462245898,0.565378490782852,-0.1987577639751553,-0.1987577639751553
hESC_Non-Specific_1000,cl_scratch_v5,lr,893/1000,tf_stratified_1to10,0.1322390586137771,0.0185969322919845,0.1136421263217926,1.476069688796997,1.5998859405517578,0.1238162517547607,0.6456294500833206,0.2246097254396523,0.115744069015097,0.115744069015097,7.639751552795031,1.9405722241401024,0.1088656564245553,0.2608695652173913,0.2608695652173913,0.2022471910112359,0.9357723577235773,0.01125162486666259,1.052735869116033,0.018633540372670787,0.018633540372670787
hESC_Non-Specific_1000,cl_scratch_v5,mlp,893/1000,tf_stratified_1to10,0.1322390586137771,0.0185969322919845,0.1136421263217926,1.476069688796997,1.5998859405517578,0.1238162517547607,0.6795738019491997,0.2722292830768167,0.115744069015097,0.115744069015097,7.639751552795031,2.3519933711792063,0.1564852140617196,0.3105590062111801,0.3105590062111801,0.0701754385964912,0.9967479674796748,0.01072530268896632,1.0410139175436603,-0.018633540372670787,-0.018633540372670787
hESC_Non-Specific_1000,minus,lr,893/1000,full_candidate,0.1209544092416763,0.0192578956484794,0.1016965135931968,0.7437912821769714,0.7942813038825989,0.0504900217056274,0.8824441766193947,0.1388255315273856,0.0166150670794633,0.0166150670794633,59.18633540372671,8.3554000031079,0.1222104644479222,0.2049689440993788,0.2049689440993788,0.1130434782608695,0.9941232028544444,-0.012110889650805978,0.9197616482736916,-0.018633540372670898,-0.018633540372670898
hESC_Non-Specific_1000,minus,mlp,893/1000,full_candidate,0.1209544092416763,0.0192578956484794,0.1016965135931968,0.7437912821769714,0.7942813038825989,0.0504900217056274,0.8988263352994357,0.1707024764384473,0.0166150670794633,0.0166150670794633,59.18633540372671,10.273956501171185,0.154087409358984,0.2422360248447205,0.2422360248447205,0.0,0.9995802287753176,0.012559991151142286,1.0794219916825258,0.0434782608695653,0.0434782608695653
hESC_Non-Specific_1000,baseline,lr,893/1000,full_candidate,0.1554157882928848,0.0322752222418785,0.1231405660510063,0.7905303835868835,0.8394590020179749,0.0489286184310913,0.8755231659615075,0.1509364211781916,0.0166150670794633,0.0166150670794633,59.18633540372671,9.084310069668833,0.1343213540987282,0.2236024844720497,0.2236024844720497,0.1196581196581196,0.9938083744359324,0.0,1.0,0.0,0.0
hESC_Non-Specific_1000,baseline,mlp,893/1000,full_candidate,0.1554157882928848,0.0322752222418785,0.1231405660510063,0.7905303835868835,0.8394590020179749,0.0489286184310913,0.8975155279503105,0.158142485287305,0.0166150670794633,0.0166150670794633,59.18633540372671,9.518016661080692,0.1415274182078417,0.1987577639751552,0.1987577639751552,0.0120481927710843,0.9995802287753176,0.0,1.0,0.0,0.0
hESC_Non-Specific_1000,scGPT_human,lr,893/1000,full_candidate,0.1024360507726669,0.0150092458352446,0.0874268049374222,2.0609664916992188,2.17866325378418,0.1176967620849609,0.8220427475721384,0.1107051667862393,0.0166150670794633,0.0166150670794633,59.18633540372671,6.66293829912213,0.0940900997067759,0.1366459627329192,0.1366459627329192,0.132013201320132,0.9871969776471824,-0.040231254391952284,0.7334556227190764,-0.08695652173913049,-0.08695652173913049
hESC_Non-Specific_1000,scGPT_human,mlp,893/1000,full_candidate,0.1024360507726669,0.0150092458352446,0.0874268049374222,2.0609664916992188,2.17866325378418,0.1176967620849609,0.9102044820355516,0.1920718015247109,0.0166150670794633,0.0166150670794633,59.18633540372671,11.560097868164322,0.1754567344452475,0.2546583850931677,0.2546583850931677,0.0,0.9997901143876587,0.03392931623740589,1.214549026314876,0.05590062111801247,0.05590062111801247
hESC_Non-Specific_1000,v4_bias_rec_best,lr,893/1000,full_candidate,0.1483598798513412,0.0299583468586206,0.1184015329927206,1.4323393106460571,1.5187512636184692,0.0864119529724121,0.861904066631512,0.1411856210947449,0.0166150670794633,0.0166150670794633,59.18633540372671,8.49744514539182,0.1245705540152816,0.217391304347826,0.217391304347826,0.0772946859903381,0.9960121733655158,-0.009750800083446698,0.9353979642068286,-0.0062111801242236975,-0.0062111801242236975
hESC_Non-Specific_1000,v4_bias_rec_best,mlp,893/1000,full_candidate,0.1483598798513412,0.0299583468586206,0.1184015329927206,1.4323393106460571,1.5187512636184692,0.0864119529724121,0.8937884287845733,0.1615749477997923,0.0166150670794633,0.0166150670794633,59.18633540372671,9.72460400111797,0.1449598807203289,0.217391304347826,0.217391304347826,0.0122699386503067,0.9998950571938292,0.0034324625124873,1.0217048727054678,0.018633540372670787,0.018633540372670787
hESC_Non-Specific_1000,v4_plain_best,lr,893/1000,full_candidate,0.1299788802862167,0.0258639492094516,0.104114931076765,1.477294683456421,1.5575209856033323,0.0802263021469116,0.8860063656611494,0.1650867266741001,0.0166150670794633,0.0166150670794633,59.18633540372671,9.935965102310783,0.1484716595946367,0.2422360248447205,0.2422360248447205,0.1896551724137931,0.9948578024976388,0.01415030549590851,1.0937501060741532,0.018633540372670815,0.018633540372670815
hESC_Non-Specific_1000,v4_plain_best,mlp,893/1000,full_candidate,0.1299788802862167,0.0258639492094516,0.104114931076765,1.477294683456421,1.5575209856033323,0.0802263021469116,0.9107487506265608,0.1702045708878738,0.0166150670794633,0.0166150670794633,59.18633540372671,10.24398939070499,0.1535895038084104,0.2360248447204969,0.2360248447204969,0.0121951219512195,0.9997901143876587,0.01206208560056879,1.0762735300299284,0.037267080745341685,0.037267080745341685
hESC_Non-Specific_1000,v4_type_pe_best,lr,893/1000,full_candidate,0.1408354192972183,0.0299818348139524,0.1108535844832658,1.4663459062576294,1.5573666095733645,0.0910207033157348,0.8896682829597,0.1849645350092068,0.0166150670794633,0.0166150670794633,59.18633540372671,11.132337541858513,0.1683494679297434,0.2422360248447205,0.2422360248447205,0.2077922077922078,0.9951726309161508,0.0340281138310152,1.2254466719523083,0.018633540372670815,0.018633540372670815
hESC_Non-Specific_1000,v4_type_pe_best,mlp,893/1000,full_candidate,0.1408354192972183,0.0299818348139524,0.1108535844832658,1.4663459062576294,1.5573666095733645,0.0910207033157348,0.9032000385876652,0.1579925302856306,0.0166150670794633,0.0166150670794633,59.18633540372671,9.508991419054448,0.1413774632061673,0.2111801242236025,0.2111801242236025,0.0,0.9998950571938292,-0.00014995500167441778,0.9990517728275106,0.012422360248447284,0.012422360248447284
hESC_Non-Specific_1000,scconcept,lr,893/1000,full_candidate,0.0590610690414905,0.0012676710030063,0.0577933980384841,29.671798706054688,31.047286987304688,1.37548828125,0.7958389851444007,0.0992420524000287,0.0166150670794633,0.0166150670794633,59.18633540372671,5.973015451902371,0.0826269853205654,0.1739130434782608,0.1739130434782608,0.1376811594202898,0.9899254906076188,-0.051694368778162886,0.6575089804392945,-0.049689440993788886,-0.049689440993788886
hESC_Non-Specific_1000,scconcept,mlp,893/1000,full_candidate,0.0590610690414905,0.0012676710030063,0.0577933980384841,29.671798706054688,31.047286987304688,1.37548828125,0.8866132088446579,0.1613631176368498,0.0166150670794633,0.0166150670794633,59.18633540372671,9.711854719882487,0.1447480505573864,0.1987577639751552,0.1987577639751552,0.0,1.0,0.003220632349544783,1.020365383430605,0.0,0.0
hESC_Non-Specific_1000,scconcept_encoded,lr,893/1000,full_candidate,0.1147700026631355,0.0616405196487903,0.0531294830143451,26.529497146606445,27.87017250061035,1.3406753540039062,0.8414219685054254,0.1026101322952027,0.0166150670794633,0.0166150670794633,59.18633540372671,6.1757278381398635,0.0859950652157394,0.1428571428571428,0.1428571428571428,0.1115537848605577,0.9920243467310316,-0.048326288882988885,0.6798235408938434,-0.0807453416149069,-0.0807453416149069
hESC_Non-Specific_1000,scconcept_encoded,mlp,893/1000,full_candidate,0.1147700026631355,0.0616405196487903,0.0531294830143451,26.529497146606445,27.87017250061035,1.3406753540039062,0.8497815429721238,0.1214123650751449,0.0166150670794633,0.0166150670794633,59.18633540372671,7.3073653265724134,0.1047972979956816,0.124223602484472,0.124223602484472,0.0121951219512195,0.9997901143876587,-0.036730120212160114,0.7677403378008715,-0.0745341614906832,-0.0745341614906832
hESC_Non-Specific_1000,cl_scratch_v5,lr,893/1000,full_candidate,0.1322390586137771,0.0282774232327938,0.1039616353809833,1.476069688796997,1.5670369863510132,0.0909672975540161,0.8860774138963831,0.165290220290963,0.0166150670794633,0.0166150670794633,59.18633540372671,9.94821263738781,0.1486751532114996,0.2546583850931677,0.2546583850931677,0.1255605381165919,0.9949627453038096,0.014353799112771404,1.095098313586127,0.031055900621117988,0.031055900621117988
hESC_Non-Specific_1000,cl_scratch_v5,mlp,893/1000,full_candidate,0.1322390586137771,0.0282774232327938,0.1039616353809833,1.476069688796997,1.5670369863510132,0.0909672975540161,0.8941840827183968,0.1683072182697309,0.0166150670794633,0.0166150670794633,59.18633540372671,10.129794689650303,0.1516921511902675,0.2111801242236025,0.2111801242236025,0.0,0.9998950571938292,0.0101647329824259,1.064275788786038,0.012422360248447284,0.012422360248447284
hESC_STRING_500,minus,lr,442/500,tf_stratified_1to10,0.179737314581871,0.0199799574911594,0.1597573570907116,0.74609375,0.8004442453384399,0.0543504953384399,0.7586914062500001,0.4840594262848643,0.0909090909090909,0.0909090909090909,10.0,5.324653689133508,0.3931503353757735,0.46875,0.46875,0.46875,0.946875,-0.028958997324315616,0.9435517400708854,-0.0625,-0.0625
hESC_STRING_500,minus,mlp,442/500,tf_stratified_1to10,0.179737314581871,0.0199799574911594,0.1597573570907116,0.74609375,0.8004442453384399,0.0543504953384399,0.46240234375,0.0863108882399444,0.0909090909090909,0.0909090909090909,10.0,0.9494197706393885,-0.0045982026691464,0.09375,0.09375,0.0,1.0,-0.028216223492457698,0.7536284372700658,-0.03125,-0.03125
hESC_STRING_500,baseline,lr,442/500,tf_stratified_1to10,0.162803828716278,0.0241074748337268,0.1386963538825512,0.802255392074585,0.8486264944076538,0.0463711023330688,0.7929687499999999,0.5130184236091799,0.0909090909090909,0.0909090909090909,10.0,5.64320265970098,0.422109332700089,0.53125,0.53125,0.5588235294117647,0.946875,0.0,1.0,0.0,0.0
hESC_STRING_500,baseline,mlp,442/500,tf_stratified_1to10,0.162803828716278,0.0241074748337268,0.1386963538825512,0.802255392074585,0.8486264944076538,0.0463711023330688,0.54638671875,0.1145271117324021,0.0909090909090909,0.0909090909090909,10.0,1.2597982290564231,0.0236180208233112,0.125,0.125,0.0,1.0,0.0,1.0,0.0,0.0
hESC_STRING_500,scGPT_human,lr,442/500,tf_stratified_1to10,0.1026307865977287,0.0099724372848868,0.0926583493128418,2.125665664672852,2.1949563026428223,0.0692906379699707,0.8230468750000001,0.5220529724634728,0.0909090909090909,0.0909090909090909,10.0,5.742582697098202,0.4311438815543819,0.5,0.5,0.490566037735849,0.975,0.00903454885429289,1.017610573886866,-0.03125,-0.03125
hESC_STRING_500,scGPT_human,mlp,442/500,tf_stratified_1to10,0.1026307865977287,0.0099724372848868,0.0926583493128418,2.125665664672852,2.1949563026428223,0.0692906379699707,0.69521484375,0.3042213220631027,0.0909090909090909,0.0909090909090909,10.0,3.34643454269413,0.2133122311540118,0.25,0.25,0.0,1.0,0.1896942103307006,2.6563258032205503,0.125,0.125
hESC_STRING_500,v4_bias_rec_best,lr,442/500,tf_stratified_1to10,0.1742023527622223,0.0334345251321792,0.140767827630043,1.434825420379639,1.516972899436951,0.082147479057312,0.754296875,0.2897919944326187,0.0909090909090909,0.0909090909090909,10.0,3.1877119387588064,0.1988829035235278,0.4375,0.4375,0.3947368421052631,0.909375,-0.22322642917656121,0.5648763886370362,-0.09375,-0.09375
hESC_STRING_500,v4_bias_rec_best,mlp,442/500,tf_stratified_1to10,0.1742023527622223,0.0334345251321792,0.140767827630043,1.434825420379639,1.516972899436951,0.082147479057312,0.64189453125,0.200420150423111,0.0909090909090909,0.0909090909090909,10.0,2.2046216546542214,0.1095110595140201,0.1875,0.1875,0.0,1.0,0.08589303869070891,1.749979960128585,0.0625,0.0625
hESC_STRING_500,v4_plain_best,lr,442/500,tf_stratified_1to10,0.1456436961889267,0.0252482704818248,0.1203954257071018,1.500198245048523,1.578613042831421,0.0784147977828979,0.8020507812500001,0.4298883446949549,0.0909090909090909,0.0909090909090909,10.0,4.728771791644505,0.338979253785864,0.5625,0.5625,0.5588235294117647,0.946875,-0.08313007891422503,0.8379588820039066,0.03125,0.03125
hESC_STRING_500,v4_plain_best,mlp,442/500,tf_stratified_1to10,0.1456436961889267,0.0252482704818248,0.1203954257071018,1.500198245048523,1.578613042831421,0.0784147977828979,0.58671875,0.1196371007186575,0.0909090909090909,0.0909090909090909,10.0,1.3160081079052328,0.0287280098095666,0.15625,0.15625,0.0,1.0,0.0051099889862554065,1.0446181599182833,0.03125,0.03125
hESC_STRING_500,v4_type_pe_best,lr,442/500,tf_stratified_1to10,0.1451796889305114,0.0317855216562747,0.1133941672742366,1.4980509281158447,1.567223310470581,0.0691723823547363,0.8064453125000001,0.5497522610902769,0.0909090909090909,0.0909090909090909,10.0,6.0472748719930465,0.4588431701811859,0.5,0.5,0.4927536231884058,0.9375,0.03673383748109693,1.0716033494911696,-0.03125,-0.03125
hESC_STRING_500,v4_type_pe_best,mlp,442/500,tf_stratified_1to10,0.1451796889305114,0.0317855216562747,0.1133941672742366,1.4980509281158447,1.567223310470581,0.0691723823547363,0.6415039062500001,0.2171271308063857,0.0909090909090909,0.0909090909090909,10.0,2.3883984388702433,0.1262180398972948,0.25,0.25,0.0,1.0,0.10260001907398361,1.8958579110395566,0.125,0.125
hESC_STRING_500,scconcept,lr,442/500,tf_stratified_1to10,0.0062236804515123,-0.002193306107074,0.0084169865585863,31.6921501159668,31.160192489624023,-0.5319576263427734,0.74345703125,0.3836785972598902,0.0909090909090909,0.0909090909090909,10.0,4.220464569858793,0.2927695063507992,0.375,0.375,0.4210526315789473,0.959375,-0.12933982634928975,0.7478846365022137,-0.15625,-0.15625
hESC_STRING_500,scconcept,mlp,442/500,tf_stratified_1to10,0.0062236804515123,-0.002193306107074,0.0084169865585863,31.6921501159668,31.160192489624023,-0.5319576263427734,0.6984374999999999,0.4130060038789813,0.0909090909090909,0.0909090909090909,10.0,4.543066042668794,0.3220969129698904,0.40625,0.40625,0.35,0.996875,0.2984788921465792,3.6061854492933425,0.28125,0.28125
hESC_STRING_500,scconcept_encoded,lr,442/500,tf_stratified_1to10,0.0837397947907447,0.0563047342002391,0.0274350605905056,28.20102882385254,28.165637969970703,-0.0353908538818359,0.7141601562500001,0.3386329602828465,0.0909090909090909,0.0909090909090909,10.0,3.724962563111312,0.2477238693737556,0.3125,0.3125,0.3636363636363636,0.959375,-0.17438546332633342,0.6600795306735784,-0.21875,-0.21875
hESC_STRING_500,scconcept_encoded,mlp,442/500,tf_stratified_1to10,0.0837397947907447,0.0563047342002391,0.0274350605905056,28.20102882385254,28.165637969970703,-0.0353908538818359,0.6779296874999999,0.1711674947138859,0.0909090909090909,0.0909090909090909,10.0,1.8828424418527452,0.080258403804795,0.15625,0.15625,0.0,1.0,0.0566403829814838,1.4945587304587467,0.03125,0.03125
hESC_STRING_500,cl_scratch_v5,lr,442/500,tf_stratified_1to10,0.1469433009624481,0.0308104250580072,0.1161328759044408,1.5013633966445925,1.5792909860610962,0.0779275894165039,0.75703125,0.4880875684371289,0.0909090909090909,0.0909090909090909,10.0,5.368963252808419,0.397178477528038,0.5,0.5,0.5084745762711864,0.9625,-0.024930855172051014,0.9514035870356121,-0.03125,-0.03125
hESC_STRING_500,cl_scratch_v5,mlp,442/500,tf_stratified_1to10,0.1469433009624481,0.0308104250580072,0.1161328759044408,1.5013633966445925,1.5792909860610962,0.0779275894165039,0.57998046875,0.1713820167662202,0.0909090909090909,0.0909090909090909,10.0,1.8852021844284224,0.0804729258571293,0.15625,0.15625,0.0,1.0,0.0568549050338181,1.4964318419787117,0.03125,0.03125
hESC_STRING_500,minus,lr,442/500,full_candidate,0.179737314581871,0.0152397779747843,0.1644975366070866,0.74609375,0.8039394021034241,0.057845652103424,0.8177424863387978,0.3032259088137757,0.0115232265034209,0.0115232265034209,85.78125,26.314323399245605,0.2917026823103548,0.34375,0.34375,0.3673469387755102,0.9970856102003643,0.053762267037287204,1.215511433467553,0.03125,0.03125
hESC_STRING_500,minus,mlp,442/500,full_candidate,0.179737314581871,0.0152397779747843,0.1644975366070866,0.74609375,0.8039394021034241,0.057845652103424,0.7102345173041894,0.036670048395741,0.0115232265034209,0.0115232265034209,85.78125,3.1822726373429147,0.02514682189232,0.0625,0.0625,0.0,1.0,-0.0539422717046231,0.4046916396702401,-0.03125,-0.03125
hESC_STRING_500,baseline,lr,442/500,full_candidate,0.162803828716278,0.0282930694520473,0.1345107592642307,0.802255392074585,0.8516889810562134,0.0494335889816284,0.8240038706739526,0.2494636417764885,0.0115232265034209,0.0115232265034209,85.78125,21.648766662916003,0.2379404152730675,0.3125,0.3125,0.3076923076923077,0.9956284153005464,0.0,1.0,0.0,0.0
hESC_STRING_500,baseline,mlp,442/500,full_candidate,0.162803828716278,0.0282930694520473,0.1345107592642307,0.802255392074585,0.8516889810562134,0.0494335889816284,0.7351662112932604,0.0906123201003641,0.0115232265034209,0.0115232265034209,85.78125,7.863450403709762,0.0790890935969432,0.09375,0.09375,0.0,1.0,0.0,1.0,0.0,0.0
hESC_STRING_500,scGPT_human,lr,442/500,full_candidate,0.1026307865977287,0.014017448760569,0.0886133378371596,2.125665664672852,2.1732373237609863,0.0475716590881347,0.8689492258652095,0.3449834748554153,0.0115232265034209,0.0115232265034209,85.78125,29.93809717729666,0.3334602483519944,0.34375,0.34375,0.4,0.9970856102003643,0.09551983307892681,1.3829008203308022,0.03125,0.03125
hESC_STRING_500,scGPT_human,mlp,442/500,full_candidate,0.1026307865977287,0.014017448760569,0.0886133378371596,2.125665664672852,2.1732373237609863,0.0475716590881347,0.8860428051001822,0.3695264703013813,0.0115232265034209,0.0115232265034209,85.78125,32.067969000841906,0.3580032437979603,0.34375,0.34375,0.0,1.0,0.2789141502010172,4.078104057948036,0.25,0.25
hESC_STRING_500,v4_bias_rec_best,lr,442/500,full_candidate,0.1742023527622223,0.0291311629116535,0.1450711898505687,1.434825420379639,1.5374737977981567,0.102648377418518,0.8087431693989071,0.2261202914651311,0.0115232265034209,0.0115232265034209,85.78125,19.623001543708508,0.2145970649617101,0.3125,0.3125,0.2545454545454545,0.9941712204007286,-0.023343350311357397,0.9064258416772721,0.0,0.0
hESC_STRING_500,v4_bias_rec_best,mlp,442/500,full_candidate,0.1742023527622223,0.0291311629116535,0.1450711898505687,1.434825420379639,1.5374737977981567,0.102648377418518,0.7841530054644809,0.0426382581483718,0.0115232265034209,0.0115232265034209,85.78125,3.700201339938409,0.0311150316449508,0.0625,0.0625,0.0,1.0,-0.0479740619519923,0.47055696290686266,-0.03125,-0.03125
hESC_STRING_500,v4_plain_best,lr,442/500,full_candidate,0.1456436961889267,0.0266584940254688,0.1189852021634578,1.500198245048523,1.578534483909607,0.0783362388610839,0.8139628870673954,0.2433053598039071,0.0115232265034209,0.0115232265034209,85.78125,21.114343255482922,0.2317821333004861,0.34375,0.34375,0.3508771929824561,0.994535519125683,-0.006158281972581392,0.9753139097596474,0.03125,0.03125
hESC_STRING_500,v4_plain_best,mlp,442/500,full_candidate,0.1456436961889267,0.0266584940254688,0.1189852021634578,1.500198245048523,1.578534483909607,0.0783362388610839,0.7709471766848816,0.0870248996478697,0.0115232265034209,0.0115232265034209,85.78125,7.552129572566731,0.0755016731444487,0.09375,0.09375,0.0,1.0,-0.003587420452494397,0.9604091314677641,0.0,0.0
hESC_STRING_500,v4_type_pe_best,lr,442/500,full_candidate,0.1451796889305114,0.0312588214874267,0.1139208674430847,1.4980509281158447,1.569959282875061,0.0719083547592163,0.8578722677595628,0.2671791957402859,0.0115232265034209,0.0115232265034209,85.78125,23.186144580336805,0.2556559692368649,0.3125,0.3125,0.3137254901960784,0.9959927140255008,0.017715553963797426,1.071014572855751,0.0,0.0
hESC_STRING_500,v4_type_pe_best,mlp,442/500,full_candidate,0.1451796889305114,0.0312588214874267,0.1139208674430847,1.4980509281158447,1.569959282875061,0.0719083547592163,0.7651183970856102,0.0391914791750878,0.0115232265034209,0.0115232265034209,85.78125,3.401085552163105,0.0276682526716669,0.09375,0.09375,0.0,1.0,-0.0514208409252763,0.4325182175191905,0.0,0.0
hESC_STRING_500,scconcept,lr,442/500,full_candidate,0.0062236804515123,0.0025715264491736,0.0036521540023386,31.6921501159668,30.841819763183597,-0.8503303527832031,0.759540072859745,0.242003867296854,0.0115232265034209,0.0115232265034209,85.78125,21.001398108855216,0.230480640793433,0.34375,0.34375,0.3333333333333333,0.995264116575592,-0.007459774479634501,0.9700967466581032,0.03125,0.03125
hESC_STRING_500,scconcept,mlp,442/500,full_candidate,0.0062236804515123,0.0025715264491736,0.0036521540023386,31.6921501159668,30.841819763183597,-0.8503303527832031,0.7524020947176685,0.0568004037076458,0.0115232265034209,0.0115232265034209,85.78125,4.9292100342541625,0.0452771772042248,0.09375,0.09375,0.0,1.0,-0.0338119163927183,0.626850781932661,0.0,0.0
hESC_STRING_500,scconcept_encoded,lr,442/500,full_candidate,0.0837397947907447,0.0607100650668144,0.0230297297239303,28.20102882385254,27.86700820922852,-0.3340206146240234,0.7239071038251366,0.1092840972333622,0.0115232265034209,0.0115232265034209,85.78125,9.483810563032762,0.0977608707299412,0.21875,0.21875,0.1739130434782608,0.9963570127504554,-0.1401795445431263,0.4380762521348794,-0.09375,-0.09375
hESC_STRING_500,scconcept_encoded,mlp,442/500,full_candidate,0.0837397947907447,0.0607100650668144,0.0230297297239303,28.20102882385254,27.86700820922852,-0.3340206146240234,0.7276183970856102,0.0547411954201456,0.0115232265034209,0.0115232265034209,85.78125,4.750509365054534,0.0432179689167246,0.125,0.125,0.0,1.0,-0.035871124680218504,0.6041253039268072,0.03125,0.03125
hESC_STRING_500,cl_scratch_v5,lr,442/500,full_candidate,0.1469433009624481,0.0306132212281227,0.1163300797343254,1.5013633966445925,1.58202862739563,0.0806652307510376,0.7674123406193077,0.2583638918995211,0.0115232265034209,0.0115232265034209,85.78125,22.421141493905427,0.2468406653961001,0.28125,0.28125,0.2903225806451613,0.9923497267759562,0.008900250123032583,1.0356775442691841,-0.03125,-0.03125
hESC_STRING_500,cl_scratch_v5,mlp,442/500,full_candidate,0.1469433009624481,0.0306132212281227,0.1163300797343254,1.5013633966445925,1.58202862739563,0.0806652307510376,0.7455828779599272,0.0694631210544146,0.0115232265034209,0.0115232265034209,85.78125,6.028096474003448,0.0579398945509937,0.1875,0.1875,0.0,1.0,-0.0211491990459495,0.7665968709053669,0.09375,0.09375
hESC_STRING_1000,minus,lr,893/1000,tf_stratified_1to10,0.1729464381933212,0.0260843504220247,0.1468620877712965,0.7311268448829651,0.7802437543869019,0.0491169095039367,0.7747828543181978,0.2964797496961837,0.0909090909090909,0.0909090909090909,10.0,3.261277246658021,0.2055706587870927,0.3445378151260504,0.3445378151260504,0.3940520446096654,0.9184873949579831,-0.042927100501422344,0.8735231758686375,-0.04201680672268909,-0.04201680672268909
hESC_STRING_1000,minus,mlp,893/1000,tf_stratified_1to10,0.1729464381933212,0.0260843504220247,0.1468620877712965,0.7311268448829651,0.7802437543869019,0.0491169095039367,0.8265906362545019,0.5008654723892461,0.0909090909090909,0.0909090909090909,10.0,5.5095201962817075,0.4099563814801551,0.4705882352941176,0.4705882352941176,0.3975903614457831,0.9882352941176472,-0.008914399945444962,0.982513236733693,0.0,0.0
hESC_STRING_1000,baseline,lr,893/1000,tf_stratified_1to10,0.174893707036972,0.0395747125148773,0.1353189945220947,0.774416446685791,0.8247211575508118,0.0503047108650207,0.7787620930725231,0.339406850197606,0.0909090909090909,0.0909090909090909,10.0,3.7334753521736666,0.2484977592885151,0.3865546218487395,0.3865546218487395,0.3908045977011494,0.923529411764706,0.0,1.0,0.0,0.0
hESC_STRING_1000,baseline,mlp,893/1000,tf_stratified_1to10,0.174893707036972,0.0395747125148773,0.1353189945220947,0.774416446685791,0.8247211575508118,0.0503047108650207,0.834534990466775,0.509779872334691,0.0909090909090909,0.0909090909090909,10.0,5.607578595681602,0.4188707814256001,0.4705882352941176,0.4705882352941176,0.4378698224852071,0.9890756302521008,0.0,1.0,0.0,0.0
hESC_STRING_1000,scGPT_human,lr,893/1000,tf_stratified_1to10,0.1028260067105293,0.020469557493925,0.0823564492166042,2.119351863861084,2.159093141555786,0.0397412776947021,0.8102287974013136,0.3739096462292114,0.0909090909090909,0.0909090909090909,10.0,4.113006108521326,0.2830005553201206,0.4285714285714285,0.4285714285714285,0.4444444444444444,0.9352941176470588,0.03450279603160539,1.1016561569441439,0.04201680672268898,0.04201680672268898
hESC_STRING_1000,scGPT_human,mlp,893/1000,tf_stratified_1to10,0.1028260067105293,0.020469557493925,0.0823564492166042,2.119351863861084,2.159093141555786,0.0397412776947021,0.8702810535979099,0.5425271660077108,0.0909090909090909,0.0909090909090909,10.0,5.967798826084819,0.4516180750986198,0.4873949579831932,0.4873949579831932,0.4121212121212121,0.9899159663865548,0.03274729367301976,1.0642381063870638,0.016806722689075626,0.016806722689075626
hESC_STRING_1000,v4_bias_rec_best,lr,893/1000,tf_stratified_1to10,0.1911013722419738,0.0398809686303138,0.15122040361166,1.3869882822036743,1.4839106798171997,0.0969223976135253,0.7771590989336912,0.284270322437784,0.0909090909090909,0.0909090909090909,10.0,3.1269735468156243,0.1933612315286931,0.3361344537815126,0.3361344537815126,0.3430656934306569,0.9092436974789916,-0.05513652775982203,0.837550338987793,-0.050420168067226934,-0.050420168067226934
hESC_STRING_1000,v4_bias_rec_best,mlp,893/1000,tf_stratified_1to10,0.1911013722419738,0.0398809686303138,0.15122040361166,1.3869882822036743,1.4839106798171997,0.0969223976135253,0.8242532307040463,0.4657234657625574,0.0909090909090909,0.0909090909090909,10.0,5.122958123388132,0.3748143748534666,0.4453781512605042,0.4453781512605042,0.4293785310734463,0.9831932773109244,-0.04405640657213361,0.9135775871841233,-0.02521008403361341,-0.02521008403361341
hESC_STRING_1000,v4_plain_best,lr,893/1000,tf_stratified_1to10,0.1444834470748901,0.0268838200718164,0.1175996270030736,1.4641155004501345,1.534877896308899,0.0707623958587646,0.7573017442271026,0.2915085915529387,0.0909090909090909,0.0909090909090909,10.0,3.206594507082326,0.2005995006438477,0.3529411764705882,0.3529411764705882,0.3636363636363636,0.9260504201680672,-0.047898258644667346,0.8588765706502962,-0.03361344537815131,-0.03361344537815131
hESC_STRING_1000,v4_plain_best,mlp,893/1000,tf_stratified_1to10,0.1444834470748901,0.0268838200718164,0.1175996270030736,1.4641155004501345,1.534877896308899,0.0707623958587646,0.8032942588800227,0.4716946707081771,0.0909090909090909,0.0909090909090909,10.0,5.188641377789949,0.3807855797990862,0.4201680672268907,0.4201680672268907,0.425287356321839,0.984873949579832,-0.03808520162651391,0.9252908879040453,-0.05042016806722688,-0.05042016806722688
hESC_STRING_1000,v4_type_pe_best,lr,893/1000,tf_stratified_1to10,0.1536285430192947,0.0324476547539234,0.1211808882653713,1.459605097770691,1.540223240852356,0.080618143081665,0.820489372219476,0.3176978911309674,0.0909090909090909,0.0909090909090909,10.0,3.494676802440642,0.2267888002218765,0.4033613445378151,0.4033613445378151,0.4029850746268656,0.9201680672268908,-0.02170895906663861,0.9360385358928395,0.01680672268907557,0.01680672268907557
hESC_STRING_1000,v4_type_pe_best,mlp,893/1000,tf_stratified_1to10,0.1536285430192947,0.0324476547539234,0.1211808882653713,1.459605097770691,1.540223240852356,0.080618143081665,0.8334192500529624,0.5260892039576857,0.0909090909090909,0.0909090909090909,10.0,5.786981243534543,0.4351801130485947,0.5210084033613446,0.5210084033613446,0.4431818181818182,0.984873949579832,0.01630933162299464,1.031992890477023,0.05042016806722699,0.05042016806722699
hESC_STRING_1000,scconcept,lr,893/1000,tf_stratified_1to10,0.0048144068568944,0.0020356173627078,0.0027787894941866,31.581483840942383,30.81078338623047,-0.7707004547119141,0.6845667678836241,0.2147816921140932,0.0909090909090909,0.0909090909090909,10.0,2.3625986132550256,0.1238726012050022,0.1932773109243697,0.1932773109243697,0.2491103202846975,0.8932773109243698,-0.12462515808351282,0.6328148415067203,-0.1932773109243698,-0.1932773109243698
hESC_STRING_1000,scconcept,mlp,893/1000,tf_stratified_1to10,0.0048144068568944,0.0020356173627078,0.0027787894941866,31.581483840942383,30.81078338623047,-0.7707004547119141,0.6438422427794648,0.203865782662905,0.0909090909090909,0.0909090909090909,10.0,2.2425236092919554,0.1129566917538141,0.2857142857142857,0.2857142857142857,0.0,0.9974789915966388,-0.305914089671786,0.3999094388117758,-0.1848739495798319,-0.1848739495798319
hESC_STRING_1000,scconcept_encoded,lr,893/1000,tf_stratified_1to10,0.0295555777847766,0.052370049059391,-0.0228144712746143,28.785531997680664,27.72878074645996,-1.0567512512207031,0.6429277593390297,0.157008526374102,0.0909090909090909,0.0909090909090909,10.0,1.7270937901151222,0.0660994354650111,0.2436974789915966,0.2436974789915966,0.2214022140221402,0.8974789915966387,-0.18239832382350402,0.4625968105319327,-0.1428571428571429,-0.1428571428571429
hESC_STRING_1000,scconcept_encoded,mlp,893/1000,tf_stratified_1to10,0.0295555777847766,0.052370049059391,-0.0228144712746143,28.785531997680664,27.72878074645996,-1.0567512512207031,0.6516665489725302,0.156765665530669,0.0909090909090909,0.0909090909090909,10.0,1.7244223208373592,0.0658565746215781,0.1764705882352941,0.1764705882352941,0.0,0.9966386554621848,-0.353014206804022,0.30751638901063955,-0.2941176470588235,-0.2941176470588235
hESC_STRING_1000,cl_scratch_v5,lr,893/1000,tf_stratified_1to10,0.1597370207309723,0.0318774245679378,0.1278595961630344,1.4566872119903564,1.542054533958435,0.0853673219680786,0.7730633429842526,0.3345760255866721,0.0909090909090909,0.0909090909090909,10.0,3.6803362814533935,0.2436669346775812,0.3781512605042016,0.3781512605042016,0.3859649122807017,0.9067226890756304,-0.004830824610933926,0.9857668617821904,-0.008403361344537896,-0.008403361344537896
hESC_STRING_1000,cl_scratch_v5,mlp,893/1000,tf_stratified_1to10,0.1597370207309723,0.0318774245679378,0.1278595961630344,1.4566872119903564,1.542054533958435,0.0853673219680786,0.8466386554621848,0.4880028139281374,0.0909090909090909,0.0909090909090909,10.0,5.368030953209512,0.3970937230190465,0.4201680672268907,0.4201680672268907,0.3636363636363636,0.9865546218487397,-0.02177705840655364,0.9572814471728376,-0.05042016806722688,-0.05042016806722688
hESC_STRING_1000,minus,lr,893/1000,full_candidate,0.1729464381933212,0.0248234644532203,0.1481229737401008,0.7311268448829651,0.7855664491653442,0.0544396042823791,0.8324222430384987,0.2407672982946225,0.0095482628580598,0.0095482628580598,103.7310924369748,25.215822173494942,0.2312190354365627,0.2857142857142857,0.2857142857142857,0.3508771929824561,0.9982177576150356,0.01824335953603412,1.0819838064965495,0.008403361344537785,0.008403361344537785
hESC_STRING_1000,minus,mlp,893/1000,full_candidate,0.1729464381933212,0.0248234644532203,0.1481229737401008,0.7311268448829651,0.7855664491653442,0.0544396042823791,0.8528901191066187,0.285768923190061,0.0095482628580598,0.0095482628580598,103.7310924369748,29.928891510233203,0.2762206603320011,0.3193277310924369,0.3193277310924369,0.3592814371257485,0.9985418016850292,0.011406441805737688,1.0415743499190755,0.0336134453781512,0.0336134453781512
hESC_STRING_1000,baseline,lr,893/1000,full_candidate,0.174893707036972,0.0363938994705677,0.1384998075664043,0.774416446685791,0.8296348452568054,0.0552183985710144,0.8350459107816814,0.2225239387585884,0.0095482628580598,0.0095482628580598,103.7310924369748,23.305175199565575,0.2129756759005286,0.2773109243697479,0.2773109243697479,0.2804878048780488,0.9982177576150356,0.0,1.0,0.0,0.0
hESC_STRING_1000,baseline,mlp,893/1000,full_candidate,0.174893707036972,0.0363938994705677,0.1384998075664043,0.774416446685791,0.8296348452568054,0.0552183985710144,0.8631683068561191,0.2743624813843233,0.0095482628580598,0.0095482628580598,103.7310924369748,28.73428239909951,0.2648142185262634,0.2857142857142857,0.2857142857142857,0.3006535947712418,0.999108878807518,0.0,1.0,0.0,0.0
hESC_STRING_1000,scGPT_human,lr,893/1000,full_candidate,0.1028260067105293,0.0168828144669532,0.085943192243576,2.119351863861084,2.172039031982422,0.0526871681213378,0.8452880179939766,0.1755547457159559,0.0095482628580598,0.0095482628580598,103.7310924369748,18.38604030132749,0.166006482857896,0.2352941176470588,0.2352941176470588,0.2393162393162393,0.9929520414776408,-0.0469691930426325,0.7889252126999766,-0.04201680672268912,-0.04201680672268912
hESC_STRING_1000,scGPT_human,mlp,893/1000,full_candidate,0.1028260067105293,0.0168828144669532,0.085943192243576,2.119351863861084,2.172039031982422,0.0526871681213378,0.8305521819875066,0.2810641430853672,0.0095482628580598,0.0095482628580598,103.7310924369748,29.436154750192877,0.2715158802273073,0.3361344537815126,0.3361344537815126,0.3178807947019867,0.9993519118600128,0.006701661701043915,1.0244263051829463,0.05042016806722688,0.05042016806722688
hESC_STRING_1000,v4_bias_rec_best,lr,893/1000,full_candidate,0.1911013722419738,0.0354674533009529,0.1556339189410209,1.3869882822036743,1.5003256797790527,0.1133373975753784,0.8364367133762124,0.1841180952224574,0.0095482628580598,0.0095482628580598,103.7310924369748,19.282889250063025,0.1745698323643976,0.2436974789915966,0.2436974789915966,0.2439024390243902,0.9979747245625404,-0.038405843536130996,0.8274080364099761,-0.03361344537815131,-0.03361344537815131
hESC_STRING_1000,v4_bias_rec_best,mlp,893/1000,full_candidate,0.1911013722419738,0.0354674533009529,0.1556339189410209,1.3869882822036743,1.5003256797790527,0.1133373975753784,0.8296753568569359,0.2328723042398932,0.0095482628580598,0.0095482628580598,103.7310924369748,24.388970821359717,0.2233240413818334,0.3193277310924369,0.3193277310924369,0.2658227848101265,0.9985418016850292,-0.041490177144430096,0.8487760537261244,0.0336134453781512,0.0336134453781512
hESC_STRING_1000,v4_plain_best,lr,893/1000,full_candidate,0.1444834470748901,0.0292783472687006,0.1152050998061895,1.4641155004501345,1.5445494651794434,0.080433964729309,0.8004113181241389,0.2367303723173562,0.0095482628580598,0.0095482628580598,103.7310924369748,24.793030505808638,0.2271821094592963,0.2605042016806723,0.2605042016806723,0.2784810126582278,0.9986228127025276,0.0142064335587678,1.0638422708047608,-0.016806722689075626,-0.016806722689075626
hESC_STRING_1000,v4_plain_best,mlp,893/1000,full_candidate,0.1444834470748901,0.0292783472687006,0.1152050998061895,1.4641155004501345,1.5445494651794434,0.080433964729309,0.8284356840597549,0.2538899894574291,0.0095482628580598,0.0095482628580598,103.7310924369748,26.590175954688718,0.2443417265993692,0.2857142857142857,0.2857142857142857,0.2837837837837837,0.9993519118600128,-0.02047249192689421,0.9253815907204286,0.0,0.0
hESC_STRING_1000,v4_type_pe_best,lr,893/1000,full_candidate,0.1536285430192947,0.0353705212473869,0.1182580217719078,1.459605097770691,1.5389443635940552,0.0793392658233642,0.8595568493113382,0.2164231047880956,0.0095482628580598,0.0095482628580598,103.7310924369748,22.666228193059254,0.2068748419300357,0.2689075630252101,0.2689075630252101,0.2207792207792207,0.9985418016850292,-0.006100833970492797,0.9725834712232401,-0.00840336134453784,-0.00840336134453784
hESC_STRING_1000,v4_type_pe_best,mlp,893/1000,full_candidate,0.1536285430192947,0.0353705212473869,0.1182580217719078,1.459605097770691,1.5389443635940552,0.0793392658233642,0.8444615694625226,0.2621114836850665,0.0095482628580598,0.0095482628580598,103.7310924369748,27.451222026613472,0.2525632208270066,0.3277310924369748,0.3277310924369748,0.2987012987012987,0.9990278677900194,-0.012250997699256805,0.955347401592801,0.04201680672268909,0.04201680672268909
hESC_STRING_1000,scconcept,lr,893/1000,full_candidate,0.0048144068568944,0.001168314833194,0.0036460920237004,31.581483840942383,30.991884231567383,-0.589599609375,0.7834847808209481,0.0561885385692486,0.0095482628580598,0.0095482628580598,103.7310924369748,5.884687026794533,0.0466402757111888,0.0924369747899159,0.0924369747899159,0.0895522388059701,0.9940861957226182,-0.1663354001893398,0.25250559055673727,-0.184873949579832,-0.184873949579832
hESC_STRING_1000,scconcept,mlp,893/1000,full_candidate,0.0048144068568944,0.001168314833194,0.0036460920237004,31.581483840942383,30.991884231567383,-0.589599609375,0.757453013609851,0.0392893713537246,0.0095482628580598,0.0095482628580598,103.7310924369748,4.114818783037585,0.0297411084956647,0.0840336134453781,0.0840336134453781,0.0,1.0,-0.2350731100305987,0.14320242022701554,-0.2016806722689076,-0.2016806722689076
hESC_STRING_1000,scconcept_encoded,lr,893/1000,full_candidate,0.0295555777847766,0.0535402856767177,-0.023984707891941,28.785531997680664,28.06081962585449,-0.7247123718261719,0.7717586062292707,0.0487313670045571,0.0095482628580598,0.0095482628580598,103.7310924369748,5.103689302334444,0.0391831041464973,0.0840336134453781,0.0840336134453781,0.0522875816993464,0.9975696694750488,-0.1737925717540313,0.21899381826700792,-0.1932773109243698,-0.1932773109243698
hESC_STRING_1000,scconcept_encoded,mlp,893/1000,full_candidate,0.0295555777847766,0.0535402856767177,-0.023984707891941,28.785531997680664,28.06081962585449,-0.7247123718261719,0.7162735476562626,0.030754188088932,0.0095482628580598,0.0095482628580598,103.7310924369748,3.2209197155660654,0.0212059252308722,0.0588235294117647,0.0588235294117647,0.0,1.0,-0.2436082932953913,0.11209327140416092,-0.226890756302521,-0.226890756302521
hESC_STRING_1000,cl_scratch_v5,lr,893/1000,full_candidate,0.1597370207309723,0.0323726497590541,0.1273643709719181,1.4566872119903564,1.5538653135299685,0.0971781015396118,0.8315610754995453,0.2108464551277178,0.0095482628580598,0.0095482628580598,103.7310924369748,22.0821795819896,0.201298192269658,0.2689075630252101,0.2689075630252101,0.2641509433962264,0.9984607906675308,-0.011677483630870594,0.9475225735441468,-0.00840336134453784,-0.00840336134453784
hESC_STRING_1000,cl_scratch_v5,mlp,893/1000,full_candidate,0.1597370207309723,0.0323726497590541,0.1273643709719181,1.4566872119903564,1.5538653135299685,0.0971781015396118,0.840981499534357,0.2274072153638538,0.0095482628580598,0.0095482628580598,103.7310924369748,23.816606093106948,0.217858952505794,0.2857142857142857,0.2857142857142857,0.1857142857142857,0.9993519118600128,-0.04695526602046948,0.8288568255267557,0.0,0.0
hHep_Specific_1000,minus,lr,962/1000,tf_stratified_1to10,0.0422914996743202,0.0389619469642639,0.0033295527100563,0.7876096963882446,0.8038110136985779,0.0162013173103332,0.8340963902036395,0.7385267210749085,0.3133097762073027,0.3133097762073027,2.191729323308271,2.3571773917014935,0.4252169448676057,0.6766917293233082,0.6766917293233082,0.6718146718146718,0.8662092624356775,-0.0021087983366154806,0.9971527177925642,0.007518796992481147,0.007518796992481147
hHep_Specific_1000,minus,mlp,962/1000,tf_stratified_1to10,0.0422914996743202,0.0389619469642639,0.0033295527100563,0.7876096963882446,0.8038110136985779,0.0162013173103332,0.8639394369285134,0.751644495630841,0.3133097762073027,0.3133097762073027,2.191729323308271,2.3990457774082103,0.4383347194235383,0.6954887218045113,0.6954887218045113,0.691699604743083,0.888507718696398,-0.0416301903893429,0.9475210905843985,-0.03383458646616544,-0.03383458646616544
hHep_Specific_1000,baseline,lr,962/1000,tf_stratified_1to10,0.0613929629325866,0.0596092194318771,0.0017837435007095,0.8087942004203796,0.8405650854110718,0.0317708849906921,0.848102245321709,0.740635519411524,0.3133097762073027,0.3133097762073027,2.191729323308271,2.3639081051894126,0.4273257432042212,0.6691729323308271,0.6691729323308271,0.6679174484052532,0.8473413379073756,0.0,1.0,0.0,0.0
hHep_Specific_1000,baseline,mlp,962/1000,tf_stratified_1to10,0.0613929629325866,0.0596092194318771,0.0017837435007095,0.8087942004203796,0.8405650854110718,0.0317708849906921,0.8809631282322444,0.7932746860201839,0.3133097762073027,0.3133097762073027,2.191729323308271,2.5319180768087826,0.4799649098128812,0.7293233082706767,0.7293233082706767,0.7336065573770492,0.9262435677530018,0.0,1.0,0.0,0.0
hHep_Specific_1000,scGPT_human,lr,962/1000,tf_stratified_1to10,0.0143393175676465,0.0285086203366518,-0.0141693027690052,2.2363386154174805,2.2062137126922607,-0.0301249027252197,0.7895639613613794,0.655455824537338,0.3133097762073027,0.3133097762073027,2.191729323308271,2.092037575309022,0.3421460483300352,0.5977443609022557,0.5977443609022557,0.6051660516605166,0.8078902229845626,-0.08517969487418597,0.8849910750407083,-0.0714285714285714,-0.0714285714285714
hHep_Specific_1000,scGPT_human,mlp,962/1000,tf_stratified_1to10,0.0143393175676465,0.0285086203366518,-0.0141693027690052,2.2363386154174805,2.2062137126922607,-0.0301249027252197,0.8861540644062987,0.8146749413389824,0.3133097762073027,0.3133097762073027,2.191729323308271,2.6002218992360753,0.5013651651316797,0.7255639097744361,0.7255639097744361,0.7427385892116183,0.9365351629502572,0.021400255318798522,1.0269771060339292,-0.003759398496240629,-0.003759398496240629
hHep_Specific_1000,v4_bias_rec_best,lr,962/1000,tf_stratified_1to10,0.0638421550393104,0.0567699261009693,0.0070722289383411,1.516535401344299,1.5554550886154177,0.0389196872711181,0.834154425514902,0.7079697870448503,0.3133097762073027,0.3133097762073027,2.191729323308271,2.25964792932736,0.3946600108375475,0.650375939849624,0.650375939849624,0.6487523992322457,0.8524871355060034,-0.032665732366673694,0.9558949962423778,-0.018796992481203034,-0.018796992481203034
hHep_Specific_1000,v4_bias_rec_best,mlp,962/1000,tf_stratified_1to10,0.0638421550393104,0.0567699261009693,0.0070722289383411,1.516535401344299,1.5554550886154177,0.0389196872711181,0.8840518964650048,0.7955461262502163,0.3133097762073027,0.3133097762073027,2.191729323308271,2.539167899197119,0.4822363500429135,0.7406015037593985,0.7406015037593985,0.7389558232931727,0.9176672384219554,0.00227144023003234,1.0028633716290987,0.011278195488721776,0.011278195488721776
hHep_Specific_1000,v4_plain_best,lr,962/1000,tf_stratified_1to10,0.0446515567600727,0.0433566942811012,0.0012948624789714,1.507407546043396,1.557091236114502,0.0496836900711059,0.8418602251770076,0.7311367221879255,0.3133097762073027,0.3133097762073027,2.191729323308271,2.3335905155546945,0.4178269459806227,0.6842105263157895,0.6842105263157895,0.6843100189035917,0.8593481989708405,-0.009498797223598476,0.9871748019442199,0.015037593984962405,0.015037593984962405
hHep_Specific_1000,v4_plain_best,mlp,962/1000,tf_stratified_1to10,0.0446515567600727,0.0433566942811012,0.0012948624789714,1.507407546043396,1.557091236114502,0.0496836900711059,0.8741729968145062,0.7946534307936057,0.3133097762073027,0.3133097762073027,2.191729323308271,2.536318656931471,0.481343654586303,0.7180451127819549,0.7180451127819549,0.7368421052631579,0.921097770154374,0.001378744773421814,1.0017380420650241,-0.011278195488721776,-0.011278195488721776
hHep_Specific_1000,v4_type_pe_best,lr,962/1000,tf_stratified_1to10,0.0452897809445858,0.0501939095556736,-0.0049041286110877,1.537998080253601,1.5954548120498655,0.0574567317962646,0.8435883877790531,0.7353228056161123,0.3133097762073027,0.3133097762073027,2.191729323308271,2.346951360782253,0.4220130294088096,0.6578947368421053,0.6578947368421053,0.6554934823091247,0.8370497427101201,-0.00531271379541165,0.9928268174342586,-0.011278195488721776,-0.011278195488721776
hHep_Specific_1000,v4_type_pe_best,mlp,962/1000,tf_stratified_1to10,0.0452897809445858,0.0501939095556736,-0.0049041286110877,1.537998080253601,1.5954548120498655,0.0574567317962646,0.87560453449232,0.7883501723667321,0.3133097762073027,0.3133097762073027,2.191729323308271,2.5162003621780284,0.4750403961594294,0.7406015037593985,0.7406015037593985,0.7334669338677354,0.9142367066895368,-0.004924513653451812,0.9937921709336802,0.011278195488721776,0.011278195488721776
hHep_Specific_1000,scconcept,lr,962/1000,tf_stratified_1to10,0.0027314634062349,0.0030813843477517,-0.0003499209415167,32.29415512084961,31.919248580932617,-0.3749065399169922,0.7604560285791666,0.6164116386074365,0.3133097762073027,0.3133097762073027,2.191729323308271,1.9674191021718557,0.3031018624001338,0.5939849624060151,0.5939849624060151,0.5927209705372617,0.7598627787307033,-0.12422388080408742,0.8322739356292416,-0.07518796992481203,-0.07518796992481203
hHep_Specific_1000,scconcept,mlp,962/1000,tf_stratified_1to10,0.0027314634062349,0.0030813843477517,-0.0003499209415167,32.29415512084961,31.919248580932617,-0.3749065399169922,0.8335418305626845,0.7453471311663306,0.3133097762073027,0.3133097762073027,2.191729323308271,2.3789462945872732,0.4320373549590278,0.7105263157894737,0.7105263157894737,0.7117296222664016,0.9005145797598628,-0.04792755485385336,0.9395826493666358,-0.018796992481203034,-0.018796992481203034
hHep_Specific_1000,scconcept_encoded,lr,962/1000,tf_stratified_1to10,0.0728615671396255,0.0875721275806427,-0.0147105604410171,29.27579498291016,28.50485038757324,-0.7709445953369141,0.7646861579334271,0.5858061039910631,0.3133097762073027,0.3133097762073027,2.191729323308271,1.8697345198812503,0.2724963277837604,0.5827067669172933,0.5827067669172933,0.5813528336380256,0.79073756432247,-0.1548294154204608,0.7909505939662719,-0.0864661654135338,-0.0864661654135338
hHep_Specific_1000,scconcept_encoded,mlp,962/1000,tf_stratified_1to10,0.0728615671396255,0.0875721275806427,-0.0147105604410171,29.27579498291016,28.50485038757324,-0.7709445953369141,0.8242948709681579,0.7210504316795514,0.3133097762073027,0.3133097762073027,2.191729323308271,2.3013978063757112,0.4077406554722487,0.6842105263157895,0.6842105263157895,0.7053941908713693,0.921097770154374,-0.07222425434063251,0.9089542933697057,-0.045112781954887216,-0.045112781954887216
hHep_Specific_1000,cl_scratch_v5,lr,962/1000,tf_stratified_1to10,0.0492720566689968,0.060744859278202,-0.0114728026092052,1.5530115365982056,1.5878329277038574,0.0348213911056518,0.8416538774036292,0.7088905323002087,0.3133097762073027,0.3133097762073027,2.191729323308271,2.262586698958185,0.395580756092906,0.6428571428571429,0.6428571428571429,0.6428571428571429,0.8370497427101201,-0.03174498711131524,0.9571381789297139,-0.02631578947368418,-0.02631578947368418
hHep_Specific_1000,cl_scratch_v5,mlp,962/1000,tf_stratified_1to10,0.0492720566689968,0.060744859278202,-0.0114728026092052,1.5530115365982056,1.5878329277038574,0.0348213911056518,0.8757141567469273,0.8011485247906244,0.3133097762073027,0.3133097762073027,2.191729323308271,2.5570492388993986,0.4878387485833216,0.7218045112781954,0.7218045112781954,0.7215189873417721,0.9365351629502572,0.007873838770440456,1.009925740615704,-0.007518796992481258,-0.007518796992481258
hHep_Specific_1000,minus,lr,962/1000,full_candidate,0.0422914996743202,0.0459293313324451,-0.0036378316581249,0.7876096963882446,0.7952083349227905,0.0075986385345458,0.8773686750660435,0.7270494324379115,0.2305025996533795,0.2305025996533795,3.338345864661654,3.154191898621617,0.496546832784532,0.6729323308270677,0.6729323308270677,0.6846153846153846,0.9144144144144144,-0.006525262128491582,0.9911048429330723,-0.003759398496240518,-0.003759398496240518
hHep_Specific_1000,minus,mlp,962/1000,full_candidate,0.0422914996743202,0.0459293313324451,-0.0036378316581249,0.7876096963882446,0.7952083349227905,0.0075986385345458,0.9057631409605094,0.7996339134147019,0.2305025996533795,0.2305025996533795,3.338345864661654,3.469088481505888,0.5691313137613223,0.7293233082706767,0.7293233082706767,0.7227926078028748,0.9493243243243245,0.002552310478652009,1.0032020692351329,-0.018796992481203034,-0.018796992481203034
hHep_Specific_1000,baseline,lr,962/1000,full_candidate,0.0613929629325866,0.0581332109868526,0.003259751945734,0.8087942004203796,0.8431294560432434,0.0343352556228637,0.8845360868387184,0.7335746945664031,0.2305025996533795,0.2305025996533795,3.338345864661654,3.182500742592592,0.5030720949130236,0.6766917293233082,0.6766917293233082,0.6755218216318786,0.9065315315315317,0.0,1.0,0.0,0.0
hHep_Specific_1000,baseline,mlp,962/1000,full_candidate,0.0613929629325866,0.0581332109868526,0.003259751945734,0.8087942004203796,0.8431294560432434,0.0343352556228637,0.910055967621757,0.7970816029360499,0.2305025996533795,0.2305025996533795,3.338345864661654,3.4580156758954956,0.5665790032826703,0.7481203007518797,0.7481203007518797,0.7176220806794055,0.9594594594594594,0.0,1.0,0.0,0.0
hHep_Specific_1000,scGPT_human,lr,962/1000,full_candidate,0.0143393175676465,0.037116315215826,-0.0227769976481795,2.2363386154174805,2.191355466842652,-0.0449831485748291,0.8518064587143536,0.6705806536245336,0.2305025996533795,0.2305025996533795,3.338345864661654,2.909210805574105,0.440078053971154,0.631578947368421,0.631578947368421,0.6341463414634146,0.8896396396396397,-0.06299404094186956,0.9141272982717817,-0.045112781954887216,-0.045112781954887216
hHep_Specific_1000,scGPT_human,mlp,962/1000,full_candidate,0.0143393175676465,0.037116315215826,-0.0227769976481795,2.2363386154174805,2.191355466842652,-0.0449831485748291,0.9039342443947708,0.7843509142747414,0.2305025996533795,0.2305025996533795,3.338345864661654,3.4027855453874127,0.5538483146213617,0.7180451127819549,0.7180451127819549,0.6936936936936937,0.972972972972973,-0.012730688661308553,0.9840283747430438,-0.03007518796992481,-0.03007518796992481
hHep_Specific_1000,v4_bias_rec_best,lr,962/1000,full_candidate,0.0638421550393104,0.046169314533472,0.0176728405058383,1.516535401344299,1.552277445793152,0.0357420444488525,0.8796124602045653,0.7232573847274358,0.2305025996533795,0.2305025996533795,3.338345864661654,3.137740684118275,0.4927547850740563,0.6541353383458647,0.6541353383458647,0.640625,0.9076576576576576,-0.010317309838967281,0.985935570139772,-0.022556390977443552,-0.022556390977443552
hHep_Specific_1000,v4_bias_rec_best,mlp,962/1000,full_candidate,0.0638421550393104,0.046169314533472,0.0176728405058383,1.516535401344299,1.552277445793152,0.0357420444488525,0.9170625042335568,0.8165432304960193,0.2305025996533795,0.2305025996533795,3.338345864661654,3.542446947339874,0.5860406308426398,0.7481203007518797,0.7481203007518797,0.7298969072164948,0.9527027027027029,0.019461627559969386,1.0244161043088718,0.0,0.0
hHep_Specific_1000,v4_plain_best,lr,962/1000,full_candidate,0.0446515567600727,0.0478466525673866,-0.0031950958073139,1.507407546043396,1.5540701150894165,0.0466625690460205,0.8879906692406693,0.7686538029605656,0.2305025996533795,0.2305025996533795,3.338345864661654,3.3346860474304245,0.538151203307186,0.6917293233082706,0.6917293233082706,0.688212927756654,0.911036036036036,0.035079108394162506,1.0478194090581283,0.015037593984962405,0.015037593984962405
hHep_Specific_1000,v4_plain_best,mlp,962/1000,full_candidate,0.0446515567600727,0.0478466525673866,-0.0031950958073139,1.507407546043396,1.5540701150894165,0.0466625690460205,0.9095394736842106,0.7963749788675305,0.2305025996533795,0.2305025996533795,3.338345864661654,3.454950096289964,0.5658723792141509,0.7142857142857143,0.7142857142857143,0.7352297592997812,0.9740990990990992,-0.0007066240685194014,0.9991134859142194,-0.03383458646616544,-0.03383458646616544
hHep_Specific_1000,v4_type_pe_best,lr,962/1000,full_candidate,0.0452897809445858,0.0523610115051269,-0.0070712305605411,1.537998080253601,1.5777074098587036,0.0397093296051025,0.8863903847456479,0.7546982534951922,0.2305025996533795,0.2305025996533795,3.338345864661654,3.2741420471182403,0.5241956538418127,0.6578947368421053,0.6578947368421053,0.6641074856046065,0.9076576576576576,0.021123558928789032,1.028795375692825,-0.018796992481202923,-0.018796992481202923
hHep_Specific_1000,v4_type_pe_best,mlp,962/1000,full_candidate,0.0452897809445858,0.0523610115051269,-0.0070712305605411,1.537998080253601,1.5777074098587036,0.0397093296051025,0.908807068346542,0.8091777216393811,0.2305025996533795,0.2305025996533795,3.338345864661654,3.5104928224505487,0.5786751219860016,0.7180451127819549,0.7180451127819549,0.7124463519313304,0.9617117117117115,0.01209611870333116,1.0151755085787642,-0.03007518796992481,-0.03007518796992481
hHep_Specific_1000,scconcept,lr,962/1000,full_candidate,0.0027314634062349,0.0020860070362687,0.0006454563699662,32.29415512084961,31.71797180175781,-0.5761833190917969,0.8310408622908624,0.6285048811273799,0.2305025996533795,0.2305025996533795,3.338345864661654,2.726671551958634,0.3980022814740003,0.5827067669172933,0.5827067669172933,0.5908256880733945,0.8671171171171171,-0.10506981343902322,0.856770122773759,-0.09398496240601495,-0.09398496240601495
hHep_Specific_1000,scconcept,mlp,962/1000,full_candidate,0.0027314634062349,0.0020860070362687,0.0006454563699662,32.29415512084961,31.71797180175781,-0.5761833190917969,0.8537157928605297,0.7137260588023568,0.2305025996533795,0.2305025996533795,3.338345864661654,3.096390495706466,0.4832234591489773,0.6954887218045113,0.6954887218045113,0.7232323232323232,0.9436936936936936,-0.08335554413369306,0.8954240772504936,-0.052631578947368474,-0.052631578947368474
hHep_Specific_1000,scconcept_encoded,lr,962/1000,full_candidate,0.0728615671396255,0.0795578509569168,-0.0066962838172912,29.27579498291016,28.27617454528809,-0.9996204376220704,0.8341990957122536,0.6325643186410466,0.2305025996533795,0.2305025996533795,3.338345864661654,2.744282795908902,0.402061718987667,0.6015037593984962,0.6015037593984962,0.6033519553072626,0.8772522522522522,-0.10101037592535655,0.8623038980576324,-0.07518796992481203,-0.07518796992481203
hHep_Specific_1000,scconcept_encoded,mlp,962/1000,full_candidate,0.0728615671396255,0.0795578509569168,-0.0066962838172912,29.27579498291016,28.27617454528809,-0.9996204376220704,0.8478988857278331,0.7114407196743116,0.2305025996533795,0.2305025996533795,3.338345864661654,3.0864759041509613,0.480938120020932,0.7030075187969925,0.7030075187969925,0.7295597484276729,0.9583333333333334,-0.08564088326173835,0.8925569440490406,-0.045112781954887216,-0.045112781954887216
hHep_Specific_1000,cl_scratch_v5,lr,962/1000,full_candidate,0.0492720566689968,0.0594052821397781,-0.0101332254707813,1.5530115365982056,1.5752447843551636,0.022233247756958,0.8845657217367744,0.7368534780184489,0.2305025996533795,0.2305025996533795,3.338345864661654,3.1967252392228955,0.5063508783650694,0.6691729323308271,0.6691729323308271,0.6653306613226453,0.9245495495495496,0.003278783452045797,1.0044695972698237,-0.007518796992481147,-0.007518796992481147
hHep_Specific_1000,cl_scratch_v5,mlp,962/1000,full_candidate,0.0492720566689968,0.0594052821397781,-0.0101332254707813,1.5530115365982056,1.5752447843551636,0.022233247756958,0.9071009449298923,0.7921482727260011,0.2305025996533795,0.2305025996533795,3.338345864661654,3.4366131831797198,0.5616456730726216,0.6917293233082706,0.6917293233082706,0.6879271070615034,0.9752252252252251,-0.004933330210048825,0.9938107589086526,-0.0563909774436091,-0.0563909774436091
hHep_Non-Specific_500,minus,lr,487/500,tf_stratified_1to10,0.2441525161266327,0.0321218408644199,0.2120306752622127,0.7223709225654602,0.853194534778595,0.1308236122131347,0.673127229488704,0.200040508508301,0.0909090909090909,0.0909090909090909,10.0,2.200445593591311,0.1091314175992101,0.2413793103448276,0.2413793103448276,0.2333333333333333,0.9172413793103448,0.0324256287918373,1.1934531638640213,0.103448275862069,0.103448275862069
hHep_Non-Specific_500,minus,mlp,487/500,tf_stratified_1to10,0.2441525161266327,0.0321218408644199,0.2120306752622127,0.7223709225654602,0.853194534778595,0.1308236122131347,0.739833531510107,0.2601613385689936,0.0909090909090909,0.0909090909090909,10.0,2.8617747242589298,0.1692522476599027,0.2758620689655172,0.2758620689655172,0.1714285714285714,0.9896551724137932,-0.019148968013141032,0.9314419569851782,0.0,0.0
hHep_Non-Specific_500,baseline,lr,487/500,tf_stratified_1to10,0.2767662107944488,0.0427794903516769,0.2339867204427719,0.8064396977424622,0.9506614804267884,0.1442217826843261,0.6165279429250892,0.1676148797164637,0.0909090909090909,0.0909090909090909,10.0,1.8437636768811008,0.0767057888073728,0.1379310344827586,0.1379310344827586,0.15625,0.896551724137931,0.0,1.0,0.0,0.0
hHep_Non-Specific_500,baseline,mlp,487/500,tf_stratified_1to10,0.2767662107944488,0.0427794903516769,0.2339867204427719,0.8064396977424622,0.9506614804267884,0.1442217826843261,0.7048751486325803,0.2793103065821346,0.0909090909090909,0.0909090909090909,10.0,3.0724133724034814,0.1884012156730437,0.2758620689655172,0.2758620689655172,0.1212121212121212,0.993103448275862,0.0,1.0,0.0,0.0
hHep_Non-Specific_500,scGPT_human,lr,487/500,tf_stratified_1to10,0.2366579622030258,0.0359554439783096,0.2007025182247162,1.8883479833602903,2.221255302429199,0.3329073190689087,0.7255648038049941,0.2753209175011371,0.0909090909090909,0.0909090909090909,10.0,3.0285300925125083,0.1844118265920461,0.2758620689655172,0.2758620689655172,0.2692307692307692,0.9448275862068966,0.10770603778467339,1.6425804079379365,0.1379310344827586,0.1379310344827586
hHep_Non-Specific_500,scGPT_human,mlp,487/500,tf_stratified_1to10,0.2366579622030258,0.0359554439783096,0.2007025182247162,1.8883479833602903,2.221255302429199,0.3329073190689087,0.709988109393579,0.3624495659525243,0.0909090909090909,0.0909090909090909,10.0,3.986945225477768,0.2715404750434333,0.3793103448275862,0.3793103448275862,0.2777777777777778,0.993103448275862,0.08313925937038968,1.2976591175161005,0.103448275862069,0.103448275862069
hHep_Non-Specific_500,v4_bias_rec_best,lr,487/500,tf_stratified_1to10,0.2750093638896942,0.0495379343628883,0.2254714295268058,1.4637852907180786,1.7059046030044556,0.2421193122863769,0.6702734839476814,0.2102879974185563,0.0909090909090909,0.0909090909090909,10.0,2.31316797160412,0.1193789065094654,0.2758620689655172,0.2758620689655172,0.2686567164179104,0.9,0.04267311770209262,1.2545902713069284,0.1379310344827586,0.1379310344827586
hHep_Non-Specific_500,v4_bias_rec_best,mlp,487/500,tf_stratified_1to10,0.2750093638896942,0.0495379343628883,0.2254714295268058,1.4637852907180786,1.7059046030044556,0.2421193122863769,0.698692033293698,0.2938027658321084,0.0909090909090909,0.0909090909090909,10.0,3.231830424153193,0.2028936749230175,0.3103448275862069,0.3103448275862069,0.1621621621621621,0.9827586206896552,0.014492459249973777,1.0518865896046414,0.034482758620689724,0.034482758620689724
hHep_Non-Specific_500,v4_plain_best,lr,487/500,tf_stratified_1to10,0.2721818685531616,0.0546411909162998,0.2175406776368618,1.4297126531600952,1.6866445541381836,0.2569319009780884,0.6417360285374554,0.2023812617832105,0.0909090909090909,0.0909090909090909,10.0,2.226193879615316,0.1114721708741196,0.2068965517241379,0.2068965517241379,0.2033898305084746,0.9172413793103448,0.034766382066746815,1.2074182323523868,0.06896551724137931,0.06896551724137931
hHep_Non-Specific_500,v4_plain_best,mlp,487/500,tf_stratified_1to10,0.2721818685531616,0.0546411909162998,0.2175406776368618,1.4297126531600952,1.6866445541381836,0.2569319009780884,0.7483947681331747,0.3453386086519457,0.0909090909090909,0.0909090909090909,10.0,3.798724695171403,0.2544295177428548,0.3793103448275862,0.3793103448275862,0.1714285714285714,0.9896551724137932,0.06602830206981108,1.2363976570638815,0.103448275862069,0.103448275862069
hHep_Non-Specific_500,v4_type_pe_best,lr,487/500,tf_stratified_1to10,0.2940828502178192,0.0612183585762977,0.2328644916415214,1.43843412399292,1.7067978382110596,0.2683637142181396,0.6325802615933414,0.2711790662467175,0.0909090909090909,0.0909090909090909,10.0,2.982969728713893,0.1802699753376266,0.2758620689655172,0.2758620689655172,0.2962962962962963,0.9413793103448276,0.10356418653025382,1.617869885450757,0.1379310344827586,0.1379310344827586
hHep_Non-Specific_500,v4_type_pe_best,mlp,487/500,tf_stratified_1to10,0.2940828502178192,0.0612183585762977,0.2328644916415214,1.43843412399292,1.7067978382110596,0.2683637142181396,0.4765755053507729,0.1047124564253187,0.0909090909090909,0.0909090909090909,10.0,1.151837020678506,0.0138033655162278,0.1034482758620689,0.1034482758620689,0.0,1.0,-0.17459785015681592,0.37489650026404137,-0.1724137931034483,-0.1724137931034483
hHep_Non-Specific_500,scconcept,lr,487/500,tf_stratified_1to10,0.1102625504136085,0.0055442433804273,0.1047183070331811,28.514728546142575,31.475595474243164,2.960866928100586,0.6117717003567181,0.1524341690622441,0.0909090909090909,0.0909090909090909,10.0,1.6767758596846853,0.0615250781531532,0.2068965517241379,0.2068965517241379,0.2040816326530612,0.9482758620689656,-0.015180710654219581,0.9094310082738527,0.06896551724137931,0.06896551724137931
hHep_Non-Specific_500,scconcept,mlp,487/500,tf_stratified_1to10,0.1102625504136085,0.0055442433804273,0.1047183070331811,28.514728546142575,31.475595474243164,2.960866928100586,0.5001189060642093,0.1173920595642947,0.0909090909090909,0.0909090909090909,10.0,1.2913126552072418,0.0264829686552038,0.1724137931034483,0.1724137931034483,0.0,1.0,-0.1619182470178399,0.4202926164837892,-0.1034482758620689,-0.1034482758620689
hHep_Non-Specific_500,scconcept_encoded,lr,487/500,tf_stratified_1to10,0.2233573794364929,0.1073529049754142,0.1160044744610786,23.822154998779297,26.783870697021484,2.9617156982421875,0.5624256837098691,0.193883419226946,0.0909090909090909,0.0909090909090909,10.0,2.1327176114964064,0.1029743283178551,0.1379310344827586,0.1379310344827586,0.1454545454545454,0.9241379310344828,0.026268539510482303,1.1567196155551227,0.0,0.0
hHep_Non-Specific_500,scconcept_encoded,mlp,487/500,tf_stratified_1to10,0.2233573794364929,0.1073529049754142,0.1160044744610786,23.822154998779297,26.783870697021484,2.9617156982421875,0.4738406658739596,0.1109983756602392,0.0909090909090909,0.0909090909090909,10.0,1.2209821322626315,0.0200892847511482,0.1034482758620689,0.1034482758620689,0.0,1.0,-0.16831193092189542,0.3974016462854684,-0.1724137931034483,-0.1724137931034483
hHep_Non-Specific_500,cl_scratch_v5,lr,487/500,tf_stratified_1to10,0.278338611125946,0.0584268905222415,0.2199117206037044,1.4155550003051758,1.6684352159500122,0.2528802156448364,0.652794292508918,0.1753510583421977,0.0909090909090909,0.0909090909090909,10.0,1.9288616417641749,0.0844419674331068,0.1724137931034483,0.1724137931034483,0.1304347826086956,0.9517241379310344,0.007736178625734003,1.0461544860385932,0.034482758620689696,0.034482758620689696
hHep_Non-Specific_500,cl_scratch_v5,mlp,487/500,tf_stratified_1to10,0.278338611125946,0.0584268905222415,0.2199117206037044,1.4155550003051758,1.6684352159500122,0.2528802156448364,0.7178359096313912,0.2782039170993693,0.0909090909090909,0.0909090909090909,10.0,3.060243088093063,0.1872948261902784,0.3103448275862069,0.3103448275862069,0.1176470588235294,0.9896551724137932,-0.0011063894827653131,0.996038851926719,0.034482758620689724,0.034482758620689724
hHep_Non-Specific_500,minus,lr,487/500,full_candidate,0.2441525161266327,0.0308591928333044,0.2132933232933282,0.7223709225654602,0.8381547331809998,0.1157838106155395,0.8266586005242993,0.1398679896483026,0.0166762507188039,0.0166762507188039,58.96551724137931,8.387256344772359,0.1231917389294987,0.2413793103448276,0.2413793103448276,0.1739130434782608,0.9923976608187136,0.0683501078633508,1.9557065471943618,0.103448275862069,0.103448275862069
hHep_Non-Specific_500,minus,mlp,487/500,full_candidate,0.2441525161266327,0.0308591928333044,0.2132933232933282,0.7223709225654602,0.8381547331809998,0.1157838106155395,0.836922766686832,0.1075072123638432,0.0166762507188039,0.0166762507188039,58.96551724137931,6.4467255965766705,0.0908309616450393,0.1034482758620689,0.1034482758620689,0.0,0.9994152046783624,-0.0022672892802707983,0.9793459387534157,-0.06896551724137939,-0.06896551724137939
hHep_Non-Specific_500,baseline,lr,487/500,full_candidate,0.2767662107944488,0.0449719540774822,0.2317942567169666,0.8064396977424622,0.9180014729499816,0.1115617752075195,0.7455737043758823,0.0715178817849518,0.0166762507188039,0.0166762507188039,58.96551724137931,4.288606773242457,0.0548416310661479,0.1379310344827586,0.1379310344827586,0.0888888888888888,0.991812865497076,0.0,1.0,0.0,0.0
hHep_Non-Specific_500,baseline,mlp,487/500,full_candidate,0.2767662107944488,0.0449719540774822,0.2317942567169666,0.8064396977424622,0.9180014729499816,0.1115617752075195,0.7610002016535592,0.109774501644114,0.0166762507188039,0.0166762507188039,58.96551724137931,6.582684771003944,0.0930982509253101,0.1724137931034483,0.1724137931034483,0.0,1.0,0.0,1.0,0.0,0.0
hHep_Non-Specific_500,scGPT_human,lr,487/500,full_candidate,0.2366579622030258,0.0331020094454288,0.2035559527575969,1.8883479833602903,2.213296413421631,0.3249484300613403,0.8061302681992337,0.1239227216581194,0.0166762507188039,0.0166762507188039,58.96551724137931,7.431090102188614,0.1072464709393155,0.1724137931034483,0.1724137931034483,0.0512820512820512,0.9947368421052633,0.0524048398731676,1.7327515659754091,0.034482758620689696,0.034482758620689696
hHep_Non-Specific_500,scGPT_human,mlp,487/500,full_candidate,0.2366579622030258,0.0331020094454288,0.2035559527575969,1.8883479833602903,2.213296413421631,0.3249484300613403,0.8126033474490825,0.1363535056417752,0.0166762507188039,0.0166762507188039,58.96551724137931,8.176508493484388,0.1196772549229713,0.2068965517241379,0.2068965517241379,0.0,0.9994152046783624,0.026579003997661207,1.2421236589515992,0.03448275862068961,0.03448275862068961
hHep_Non-Specific_500,v4_bias_rec_best,lr,487/500,full_candidate,0.2750093638896942,0.0558350048959255,0.2191743589937687,1.4637852907180786,1.635715365409851,0.1719300746917724,0.8264166162532769,0.151929802836893,0.0166762507188039,0.0166762507188039,58.96551724137931,9.110549211495073,0.1352535521180891,0.1724137931034483,0.1724137931034483,0.1904761904761904,0.9947368421052633,0.0804119210519412,2.1243610555152213,0.034482758620689696,0.034482758620689696
hHep_Non-Specific_500,v4_bias_rec_best,mlp,487/500,full_candidate,0.2750093638896942,0.0558350048959255,0.2191743589937687,1.4637852907180786,1.635715365409851,0.1719300746917724,0.7608993748739665,0.0969413491245477,0.0166762507188039,0.0166762507188039,58.96551724137931,5.81313814233064,0.0802650984057438,0.2068965517241379,0.2068965517241379,0.0,0.9994152046783624,-0.012833152519566293,0.8830953242568932,0.03448275862068961,0.03448275862068961
hHep_Non-Specific_500,v4_plain_best,lr,487/500,full_candidate,0.2721818685531616,0.051788542419672,0.2203933261334896,1.4297126531600952,1.6430206298828125,0.2133079767227172,0.7913288969550312,0.1140992771215145,0.0166762507188039,0.0166762507188039,58.96551724137931,6.842022169459099,0.0974230264027106,0.1724137931034483,0.1724137931034483,0.12,0.9894736842105264,0.0425813953365627,1.5953950854501167,0.034482758620689696,0.034482758620689696
hHep_Non-Specific_500,v4_plain_best,mlp,487/500,full_candidate,0.2721818685531616,0.051788542419672,0.2203933261334896,1.4297126531600952,1.6430206298828125,0.2133079767227172,0.8030046380318614,0.1399039010759934,0.0166762507188039,0.0166762507188039,58.96551724137931,8.389409792108713,0.1232276503571895,0.2068965517241379,0.2068965517241379,0.064516129032258,0.9994152046783624,0.03012939943187941,1.2744662829766982,0.03448275862068961,0.03448275862068961
hHep_Non-Specific_500,v4_type_pe_best,lr,487/500,full_candidate,0.2940828502178192,0.0563990101218223,0.2376838400959968,1.43843412399292,1.657076358795166,0.2186422348022461,0.8228070175438597,0.1420008060145496,0.0166762507188039,0.0166762507188039,58.96551724137931,8.515151781355238,0.1253245552957457,0.1379310344827586,0.1379310344827586,0.1333333333333333,0.9923976608187136,0.07048292422959779,1.9855286883570455,0.0,0.0
hHep_Non-Specific_500,v4_type_pe_best,mlp,487/500,full_candidate,0.2940828502178192,0.0563990101218223,0.2376838400959968,1.43843412399292,1.657076358795166,0.2186422348022461,0.7215769308328293,0.0673089507087314,0.0166762507188039,0.0166762507188039,58.96551724137931,4.036216044223586,0.0506326999899275,0.1034482758620689,0.1034482758620689,0.0,1.0,-0.042465550935382596,0.6131565135858711,-0.06896551724137939,-0.06896551724137939
hHep_Non-Specific_500,scconcept,lr,487/500,full_candidate,0.1102625504136085,0.0054136114194989,0.1048489389941096,28.514728546142575,31.624099731445312,3.1093711853027344,0.7973180076628352,0.1055630249177365,0.0166762507188039,0.0166762507188039,58.96551724137931,6.330141390756687,0.0888867741989326,0.1379310344827586,0.1379310344827586,0.0454545454545454,0.991812865497076,0.0340451431327847,1.4760367936393246,0.0,0.0
hHep_Non-Specific_500,scconcept,mlp,487/500,full_candidate,0.1102625504136085,0.0054136114194989,0.1048489389941096,28.514728546142575,31.624099731445312,3.1093711853027344,0.766263359548296,0.0465210490945182,0.0166762507188039,0.0166762507188039,58.96551724137931,2.7896587715643864,0.0298447983757143,0.0,0.0,0.0,0.9994152046783624,-0.0632534525495958,0.4237873859390243,-0.1724137931034483,-0.1724137931034483
hHep_Non-Specific_500,scconcept_encoded,lr,487/500,full_candidate,0.2233573794364929,0.1209747195243835,0.1023826599121093,23.822154998779297,26.986421585083008,3.164266586303711,0.7425085702762655,0.0505918161733118,0.0166762507188039,0.0166762507188039,58.96551724137931,3.0337644250134237,0.0339155654545079,0.0689655172413793,0.0689655172413793,0.0769230769230769,0.987719298245614,-0.020926065611640003,0.7074009312165747,-0.0689655172413793,-0.0689655172413793
hHep_Non-Specific_500,scconcept_encoded,mlp,487/500,full_candidate,0.2233573794364929,0.1209747195243835,0.1023826599121093,23.822154998779297,26.986421585083008,3.164266586303711,0.690744101633394,0.0440508067698112,0.0166762507188039,0.0166762507188039,58.96551724137931,2.6415294128517837,0.0273745560510073,0.0344827586206896,0.0344827586206896,0.0,1.0,-0.0657236948743028,0.40128450696704354,-0.13793103448275867,-0.13793103448275867
hHep_Non-Specific_500,cl_scratch_v5,lr,487/500,full_candidate,0.278338611125946,0.0565549694001674,0.2217836417257785,1.4155550003051758,1.631689429283142,0.2161344289779663,0.7797136519459569,0.1006804442755869,0.0166762507188039,0.0166762507188039,58.96551724137931,6.037354917077439,0.084004193556783,0.1034482758620689,0.1034482758620689,0.1025641025641025,0.9953216374269006,0.02916256249063509,1.4077660266606393,-0.034482758620689696,-0.034482758620689696
hHep_Non-Specific_500,cl_scratch_v5,mlp,487/500,full_candidate,0.278338611125946,0.0565549694001674,0.2217836417257785,1.4155550003051758,1.631689429283142,0.2161344289779663,0.7227465214761041,0.1017573860366629,0.0166762507188039,0.0166762507188039,58.96551724137931,6.101934286819204,0.085081135317859,0.1379310344827586,0.1379310344827586,0.0,1.0,-0.008017115607451095,0.9269674151339592,-0.034482758620689696,-0.034482758620689696
hHep_Non-Specific_1000,minus,lr,962/1000,tf_stratified_1to10,0.200519248843193,0.0185016747564077,0.1820175740867853,0.7109338045120239,0.8298115730285645,0.1188777685165405,0.6749760867254756,0.2560847736116886,0.0909090909090909,0.0909090909090909,10.0,2.816932509728575,0.1651756827025976,0.3298969072164948,0.3298969072164948,0.3168316831683168,0.9247422680412372,-4.775138249962785e-05,0.999813567673607,0.07216494845360827,0.07216494845360827
hHep_Non-Specific_1000,minus,mlp,962/1000,tf_stratified_1to10,0.200519248843193,0.0185016747564077,0.1820175740867853,0.7109338045120239,0.8298115730285645,0.1188777685165405,0.6821075565947496,0.268054326164711,0.0909090909090909,0.0909090909090909,10.0,2.948597587811821,0.1771452352556201,0.2577319587628865,0.2577319587628865,0.0,1.0,-0.034861663420424405,0.884913095976974,-0.0824742268041238,-0.0824742268041238
hHep_Non-Specific_1000,baseline,lr,962/1000,tf_stratified_1to10,0.2320575565099716,0.0334539897739887,0.1986035667359829,0.767549991607666,0.905411183834076,0.1378611922264099,0.664804973961101,0.2561325249941882,0.0909090909090909,0.0909090909090909,10.0,2.8174577749360705,0.1652234340850973,0.2577319587628865,0.2577319587628865,0.2564102564102564,0.9247422680412372,0.0,1.0,0.0,0.0
hHep_Non-Specific_1000,baseline,mlp,962/1000,tf_stratified_1to10,0.2320575565099716,0.0334539897739887,0.1986035667359829,0.767549991607666,0.905411183834076,0.1378611922264099,0.6915984695504305,0.3029159895851354,0.0909090909090909,0.0909090909090909,10.0,3.3320758854364896,0.2120068986760444,0.3402061855670103,0.3402061855670103,0.2773722627737226,0.9783505154639176,0.0,1.0,0.0,0.0
hHep_Non-Specific_1000,scGPT_human,lr,962/1000,tf_stratified_1to10,0.1843751668930053,0.0182449892163276,0.1661301776766777,1.92697012424469,2.229982852935791,0.3030127286911011,0.6842756934849611,0.3030258886537915,0.0909090909090909,0.0909090909090909,10.0,3.3332847751917067,0.2121167977447006,0.2783505154639175,0.2783505154639175,0.2764976958525346,0.9072164948453608,0.04689336365960328,1.183082424462365,0.020618556701030966,0.020618556701030966
hHep_Non-Specific_1000,scGPT_human,mlp,962/1000,tf_stratified_1to10,0.1843751668930053,0.0182449892163276,0.1661301776766777,1.92697012424469,2.229982852935791,0.3030127286911011,0.7250770538845784,0.3960226441913786,0.0909090909090909,0.0909090909090909,10.0,4.356249086105166,0.3051135532822877,0.3917525773195876,0.3917525773195876,0.3255813953488372,0.988659793814433,0.09310665460624323,1.3073679099401763,0.0515463917525773,0.0515463917525773
hHep_Non-Specific_1000,v4_bias_rec_best,lr,962/1000,tf_stratified_1to10,0.2213843464851379,0.0354216359555721,0.1859627105295658,1.423442840576172,1.653301477432251,0.2298586368560791,0.6538952067169731,0.2185780412559421,0.0909090909090909,0.0909090909090909,10.0,2.4043584538153633,0.1276689503468512,0.2577319587628865,0.2577319587628865,0.2488038277511961,0.911340206185567,-0.0375544837382461,0.8533787001900744,0.0,0.0
hHep_Non-Specific_1000,v4_bias_rec_best,mlp,962/1000,tf_stratified_1to10,0.2213843464851379,0.0354216359555721,0.1859627105295658,1.423442840576172,1.653301477432251,0.2298586368560791,0.6818949941545329,0.2282872155011499,0.0909090909090909,0.0909090909090909,10.0,2.511159370512649,0.137378124592059,0.2886597938144329,0.2886597938144329,0.109090909090909,0.9927835051546392,-0.0746287740839855,0.7536321070862095,-0.051546391752577414,-0.051546391752577414
hHep_Non-Specific_1000,v4_plain_best,lr,962/1000,tf_stratified_1to10,0.2302284985780716,0.0367898195981979,0.1934386789798736,1.3876904249191284,1.633944392204285,0.2462539672851562,0.6584493569986185,0.2019035362397874,0.0909090909090909,0.0909090909090909,10.0,2.220938898637662,0.1109944453306965,0.2268041237113402,0.2268041237113402,0.2525252525252525,0.9216494845360824,-0.0542289887544008,0.7882776162237448,-0.03092783505154631,-0.03092783505154631
hHep_Non-Specific_1000,v4_plain_best,mlp,962/1000,tf_stratified_1to10,0.2302284985780716,0.0367898195981979,0.1934386789798736,1.3876904249191284,1.633944392204285,0.2462539672851562,0.7397438622595387,0.3676688334081203,0.0909090909090909,0.0909090909090909,10.0,4.0443571674893235,0.2767597424990293,0.3917525773195876,0.3917525773195876,0.2521008403361344,0.9927835051546392,0.0647528438229849,1.2137650241298534,0.0515463917525773,0.0515463917525773
hHep_Non-Specific_1000,v4_type_pe_best,lr,962/1000,tf_stratified_1to10,0.2310583740472793,0.0420000366866588,0.1890583373606205,1.4094473123550415,1.6510862112045288,0.2416388988494873,0.6432192581570837,0.2647039846086687,0.0909090909090909,0.0909090909090909,10.0,2.9117438306953556,0.1737948936995778,0.2886597938144329,0.2886597938144329,0.2972972972972973,0.9051546391752576,0.00857145961448047,1.0334649401307974,0.030927835051546393,0.030927835051546393
hHep_Non-Specific_1000,v4_type_pe_best,mlp,962/1000,tf_stratified_1to10,0.2310583740472793,0.0420000366866588,0.1890583373606205,1.4094473123550415,1.6510862112045288,0.2416388988494873,0.6749229461154214,0.3118855395927449,0.0909090909090909,0.0909090909090909,10.0,3.4307409355201943,0.220976448683654,0.3298969072164948,0.3298969072164948,0.06,1.0,0.008969550007609517,1.0296106851932576,-0.010309278350515538,-0.010309278350515538
hHep_Non-Specific_1000,scconcept,lr,962/1000,tf_stratified_1to10,0.1248378753662109,0.0014773658476769,0.1233605095185339,28.1187686920166,31.683629989624023,3.564861297607422,0.60650972473164,0.2109536871960936,0.0909090909090909,0.0909090909090909,10.0,2.32049055915703,0.1200445962870027,0.2164948453608247,0.2164948453608247,0.2272727272727272,0.8989690721649485,-0.04517883779809462,0.8236114769136809,-0.04123711340206182,-0.04123711340206182
hHep_Non-Specific_1000,scconcept,mlp,962/1000,tf_stratified_1to10,0.1248378753662109,0.0014773658476769,0.1233605095185339,28.1187686920166,31.683629989624023,3.564861297607422,0.5780688702306302,0.191778740553503,0.0909090909090909,0.0909090909090909,10.0,2.1095661460885333,0.1008696496444121,0.1546391752577319,0.1546391752577319,0.1153846153846153,0.9989690721649483,-0.11113724903163238,0.6331086741778055,-0.1855670103092784,-0.1855670103092784
hHep_Non-Specific_1000,scconcept_encoded,lr,962/1000,tf_stratified_1to10,0.213644191622734,0.0840203762054443,0.1296238154172897,24.045108795166016,27.604860305786133,3.559751510620117,0.6148474864491443,0.1695215000700131,0.0909090909090909,0.0909090909090909,10.0,1.8647365007701444,0.0786124091609222,0.1649484536082474,0.1649484536082474,0.1650485436893204,0.9051546391752576,-0.0866110249241751,0.6618507355669088,-0.09278350515463912,-0.09278350515463912
hHep_Non-Specific_1000,scconcept_encoded,mlp,962/1000,tf_stratified_1to10,0.213644191622734,0.0840203762054443,0.1296238154172897,24.045108795166016,27.604860305786133,3.559751510620117,0.6088532256350303,0.1964158986880091,0.0909090909090909,0.0909090909090909,10.0,2.1605748855681,0.1055068077789182,0.1958762886597938,0.1958762886597938,0.0952380952380952,0.9969072164948454,-0.10650009089712628,0.6484170708750449,-0.1443298969072165,-0.1443298969072165
hHep_Non-Specific_1000,cl_scratch_v5,lr,962/1000,tf_stratified_1to10,0.2171028703451156,0.0431698970496654,0.1739329732954502,1.4035743474960327,1.634128451347351,0.2305541038513183,0.6671537889254969,0.2497084680511075,0.0909090909090909,0.0909090909090909,10.0,2.746793148562183,0.1587993771420166,0.268041237113402,0.268041237113402,0.2830188679245283,0.9123711340206184,-0.006424056943080708,0.974919011385897,0.010309278350515483,0.010309278350515483
hHep_Non-Specific_1000,cl_scratch_v5,mlp,962/1000,tf_stratified_1to10,0.2171028703451156,0.0431698970496654,0.1739329732954502,1.4035743474960327,1.634128451347351,0.2305541038513183,0.7022797321713252,0.3198281875006047,0.0909090909090909,0.0909090909090909,10.0,3.5181100625066524,0.2289190965915138,0.3298969072164948,0.3298969072164948,0.1785714285714285,0.9948453608247424,0.01691219791546933,1.05583131461179,-0.010309278350515538,-0.010309278350515538
hHep_Non-Specific_1000,minus,lr,962/1000,full_candidate,0.200519248843193,0.0282797086983919,0.1722395401448011,0.7109338045120239,0.8107632398605347,0.0998294353485107,0.8492820833491841,0.1182591623810067,0.0110616946059984,0.0110616946059984,89.4020618556701,10.690872112567506,0.1071974677750083,0.1546391752577319,0.1546391752577319,0.1259842519685039,0.9974630996309964,-0.004861528735226495,0.9605141208098245,0.0,0.0
hHep_Non-Specific_1000,minus,mlp,962/1000,full_candidate,0.200519248843193,0.0282797086983919,0.1722395401448011,0.7109338045120239,0.8107632398605347,0.0998294353485107,0.8533192500095104,0.1710335778973474,0.0110616946059984,0.0110616946059984,89.4020618556701,15.461788088472577,0.159971883291349,0.2061855670103092,0.2061855670103092,0.1525423728813559,0.9986162361623616,0.06311198124693221,1.584794732525757,0.0515463917525773,0.0515463917525773
hHep_Non-Specific_1000,baseline,lr,962/1000,full_candidate,0.2320575565099716,0.0525831095874309,0.1794744469225406,0.767549991607666,0.8744335770606995,0.1068835854530334,0.8284887729676266,0.1231206911162332,0.0110616946059984,0.0110616946059984,89.4020618556701,11.13036433400257,0.1120589965102348,0.1546391752577319,0.1546391752577319,0.1626016260162601,0.9981549815498156,0.0,1.0,0.0,0.0
hHep_Non-Specific_1000,baseline,mlp,962/1000,full_candidate,0.2320575565099716,0.0525831095874309,0.1794744469225406,0.767549991607666,0.8744335770606995,0.1068835854530334,0.8525275088446761,0.1079215966504152,0.0110616946059984,0.0110616946059984,89.4020618556701,9.756334855953519,0.0968599020444168,0.1546391752577319,0.1546391752577319,0.0,0.9998846863468634,0.0,1.0,0.0,0.0
hHep_Non-Specific_1000,scGPT_human,lr,962/1000,full_candidate,0.1843751668930053,0.0302952136844396,0.1540799532085657,1.92697012424469,2.2048821449279785,0.2779120206832886,0.830683298778864,0.1345743102417952,0.0110616946059984,0.0110616946059984,89.4020618556701,12.165795118662913,0.1235126156357968,0.1649484536082474,0.1649484536082474,0.1696428571428571,0.9875461254612546,0.011453619125562003,1.0930275733649766,0.010309278350515483,0.010309278350515483
hHep_Non-Specific_1000,scGPT_human,mlp,962/1000,full_candidate,0.1843751668930053,0.0302952136844396,0.1540799532085657,1.92697012424469,2.2048821449279785,0.2779120206832886,0.8431026981017232,0.281149373360957,0.0110616946059984,0.0110616946059984,89.4020618556701,25.416483041260133,0.2700876787549586,0.2989690721649484,0.2989690721649484,0.2586206896551724,0.999538745387454,0.17322777671054182,2.605126147935612,0.14432989690721648,0.14432989690721648
hHep_Non-Specific_1000,v4_bias_rec_best,lr,962/1000,full_candidate,0.2213843464851379,0.058717094361782,0.1626672521233558,1.423442840576172,1.5702751874923706,0.1468323469161987,0.8051110101951535,0.1049175703884307,0.0110616946059984,0.0110616946059984,89.4020618556701,9.484764688001539,0.0938558757824323,0.2164948453608247,0.2164948453608247,0.1111111111111111,0.9974630996309964,-0.018203120727802488,0.852152221021748,0.061855670103092786,0.061855670103092786
hHep_Non-Specific_1000,v4_bias_rec_best,mlp,962/1000,full_candidate,0.2213843464851379,0.058717094361782,0.1626672521233558,1.423442840576172,1.5702751874923706,0.1468323469161987,0.8376247051774641,0.0991136686565761,0.0110616946059984,0.0110616946059984,89.4020618556701,8.960080004634188,0.0880519740505777,0.1958762886597938,0.1958762886597938,0.019047619047619,0.9991928044280444,-0.008807927993839101,0.9183858628188187,0.0412371134020619,0.0412371134020619
hHep_Non-Specific_1000,v4_plain_best,lr,962/1000,full_candidate,0.2302284985780716,0.0540029443800449,0.1762255541980266,1.3876904249191284,1.5895828008651731,0.2018923759460449,0.8183387938905161,0.1008902440735938,0.0110616946059984,0.0110616946059984,89.4020618556701,9.120686085374684,0.0898285494675954,0.1443298969072164,0.1443298969072164,0.1360544217687075,0.9953874538745388,-0.022230447042639392,0.8194418270309046,-0.01030927835051551,-0.01030927835051551
hHep_Non-Specific_1000,v4_plain_best,mlp,962/1000,full_candidate,0.2302284985780716,0.0540029443800449,0.1762255541980266,1.3876904249191284,1.5895828008651731,0.2018923759460449,0.8810385123825464,0.1434781001334517,0.0110616946059984,0.0110616946059984,89.4020618556701,12.970716083198333,0.1324164055274533,0.2268041237113402,0.2268041237113402,0.0571428571428571,0.9994234317343174,0.03555650348303649,1.3294660622767915,0.0721649484536083,0.0721649484536083
hHep_Non-Specific_1000,v4_type_pe_best,lr,962/1000,full_candidate,0.2310583740472793,0.0586876608431339,0.1723707132041454,1.4094473123550415,1.6048178672790527,0.1953705549240112,0.8302386873739873,0.1314681844283385,0.0110616946059984,0.0110616946059984,89.4020618556701,11.884994940743306,0.12040648982234,0.2061855670103092,0.2061855670103092,0.1194029850746268,0.9966559040590406,0.008347493312105297,1.0677992727008394,0.0515463917525773,0.0515463917525773
hHep_Non-Specific_1000,v4_type_pe_best,mlp,962/1000,full_candidate,0.2310583740472793,0.0586876608431339,0.1723707132041454,1.4094473123550415,1.6048178672790527,0.1953705549240112,0.8629093040286074,0.1581557659655676,0.0110616946059984,0.0110616946059984,89.4020618556701,14.297607337650133,0.1470940713595692,0.1752577319587628,0.1752577319587628,0.0769230769230769,0.9996540590405903,0.0502341693151524,1.4654691078920314,0.020618556701030882,0.020618556701030882
hHep_Non-Specific_1000,scconcept,lr,962/1000,full_candidate,0.1248378753662109,0.0038287185598164,0.1210091568063944,28.1187686920166,31.597288131713867,3.4785194396972656,0.7553335536577016,0.0887867685747597,0.0110616946059984,0.0110616946059984,89.4020618556701,8.026506944660495,0.0777250739687613,0.1134020618556701,0.1134020618556701,0.1052631578947368,0.9883533210332104,-0.034333922541473494,0.7211360476440125,-0.041237113402061806,-0.041237113402061806
hHep_Non-Specific_1000,scconcept,mlp,962/1000,full_candidate,0.1248378753662109,0.0038287185598164,0.1210091568063944,28.1187686920166,31.597288131713867,3.4785194396972656,0.8217744274736561,0.058352572514672,0.0110616946059984,0.0110616946059984,89.4020618556701,5.275192869908855,0.0472908779086736,0.0824742268041237,0.0824742268041237,0.0,1.0,-0.049569024135743205,0.5406941180057819,-0.07216494845360821,-0.07216494845360821
hHep_Non-Specific_1000,scconcept_encoded,lr,962/1000,full_candidate,0.213644191622734,0.092965230345726,0.120678961277008,24.045108795166016,27.61956214904785,3.574453353881836,0.8167862203750904,0.0617885326749111,0.0110616946059984,0.0110616946059984,89.4020618556701,5.585810752848409,0.0507268380689127,0.0927835051546391,0.0927835051546391,0.0671140939597315,0.994580258302583,-0.061332158441322095,0.501853361240306,-0.061855670103092814,-0.061855670103092814
hHep_Non-Specific_1000,scconcept_encoded,mlp,962/1000,full_candidate,0.213644191622734,0.092965230345726,0.120678961277008,24.045108795166016,27.61956214904785,3.574453353881836,0.7711374681401454,0.0672151875928962,0.0110616946059984,0.0110616946059984,89.4020618556701,6.076391546413475,0.0561534929868978,0.0927835051546391,0.0927835051546391,0.0,1.0,-0.040706409057519,0.6228149849434016,-0.061855670103092814,-0.061855670103092814
hHep_Non-Specific_1000,cl_scratch_v5,lr,962/1000,full_candidate,0.2171028703451156,0.0618880428373813,0.1552148275077343,1.4035743474960327,1.5962138175964355,0.1926394701004028,0.8267697673755089,0.1552483548406734,0.0110616946059984,0.0110616946059984,89.4020618556701,14.034771377297583,0.144186660234675,0.2061855670103092,0.2061855670103092,0.1857142857142857,0.996540590405904,0.0321276637244402,1.2609444719093543,0.0515463917525773,0.0515463917525773
hHep_Non-Specific_1000,cl_scratch_v5,mlp,962/1000,full_candidate,0.2171028703451156,0.0618880428373813,0.1552148275077343,1.4035743474960327,1.5962138175964355,0.1926394701004028,0.8247583168486323,0.1733240865687448,0.0110616946059984,0.0110616946059984,89.4020618556701,15.668854795065192,0.1622623919627464,0.2061855670103092,0.2061855670103092,0.175438596491228,0.9991928044280444,0.06540248991832959,1.6060185537301161,0.0515463917525773,0.0515463917525773
hHep_STRING_500,minus,lr,487/500,tf_stratified_1to10,0.2977164685726166,0.0399267077445983,0.2577897608280182,0.6662689447402954,0.8136752247810364,0.1474062800407409,0.8846084890861009,0.5520032500995119,0.0914051841746248,0.0914051841746248,9.940298507462687,6.039080333178244,0.460598065924887,0.5074626865671642,0.5074626865671642,0.5035971223021583,0.9444444444444444,0.022731374306879548,1.0429483888083744,0.014925373134328401,0.014925373134328401
hHep_STRING_500,minus,mlp,487/500,tf_stratified_1to10,0.2977164685726166,0.0399267077445983,0.2577897608280182,0.6662689447402954,0.8136752247810364,0.1474062800407409,0.9315023979203084,0.6736323224493445,0.0914051841746248,0.0914051841746248,9.940298507462687,7.369738691871189,0.5822271382747196,0.582089552238806,0.582089552238806,0.5585585585585585,0.9804804804804804,0.04177235107352395,1.066110139850398,0.0,0.0
hHep_STRING_500,baseline,lr,487/500,tf_stratified_1to10,0.2909674644470215,0.0604151375591754,0.230552326887846,0.7477558851242065,0.8847559094429016,0.137000024318695,0.8742324413966205,0.5292718757926324,0.0914051841746248,0.0914051841746248,9.940298507462687,5.790392312776114,0.4378666916180075,0.4925373134328358,0.4925373134328358,0.5179856115107914,0.945945945945946,0.0,1.0,0.0,0.0
hHep_STRING_500,baseline,mlp,487/500,tf_stratified_1to10,0.2909674644470215,0.0604151375591754,0.230552326887846,0.7477558851242065,0.8847559094429016,0.137000024318695,0.9353121778494912,0.6318599713758205,0.0914051841746248,0.0914051841746248,9.940298507462687,6.912736701768307,0.5404547872011957,0.582089552238806,0.582089552238806,0.591304347826087,0.978978978978979,0.0,1.0,0.0,0.0
hHep_STRING_500,scGPT_human,lr,487/500,tf_stratified_1to10,0.1998065412044525,0.0462095662951469,0.1535969749093055,1.9810906648635864,2.202704668045044,0.2216140031814575,0.9129353233830846,0.5944532919444679,0.0914051841746248,0.0914051841746248,9.940298507462687,6.503496462616345,0.5030481077698431,0.582089552238806,0.582089552238806,0.5882352941176471,0.9564564564564564,0.06518141615183559,1.1231529940150713,0.08955223880597019,0.08955223880597019
hHep_STRING_500,scGPT_human,mlp,487/500,tf_stratified_1to10,0.1998065412044525,0.0462095662951469,0.1535969749093055,1.9810906648635864,2.202704668045044,0.2216140031814575,0.9099659360853392,0.6446678732434696,0.0914051841746248,0.0914051841746248,9.940298507462687,7.052858971454677,0.5532626890688448,0.6119402985074627,0.6119402985074627,0.5932203389830508,0.975975975975976,0.01280790186764913,1.0202701586551859,0.02985074626865669,0.02985074626865669
hHep_STRING_500,v4_bias_rec_best,lr,487/500,tf_stratified_1to10,0.3350854516029358,0.0603639930486679,0.2747214585542679,1.2938145399093628,1.5912532806396484,0.2974387407302856,0.8864013266998341,0.4486230233058564,0.0914051841746248,0.0914051841746248,9.940298507462687,4.908069792286461,0.3572178391312316,0.5223880597014925,0.5223880597014925,0.5241379310344828,0.93993993993994,-0.08064885248677595,0.8476230153623844,0.02985074626865669,0.02985074626865669
hHep_STRING_500,v4_bias_rec_best,mlp,487/500,tf_stratified_1to10,0.3350854516029358,0.0603639930486679,0.2747214585542679,1.2938145399093628,1.5912532806396484,0.2974387407302856,0.9212832235220296,0.6841592982571642,0.0914051841746248,0.0914051841746248,9.940298507462687,7.484906949589575,0.5927541140825393,0.6417910447761194,0.6417910447761194,0.6111111111111112,0.987987987987988,0.052299326881343644,1.0827704384682992,0.05970149253731338,0.05970149253731338
hHep_STRING_500,v4_plain_best,lr,487/500,tf_stratified_1to10,0.2704373598098755,0.0593984089791774,0.211038950830698,1.344097375869751,1.5797709226608276,0.2356735467910766,0.8848325937878176,0.489899831779914,0.0914051841746248,0.0914051841746248,9.940298507462687,5.359650398428016,0.3984946476052892,0.5074626865671642,0.5074626865671642,0.5,0.951951951951952,-0.03937204401271838,0.9256109273636444,0.014925373134328401,0.014925373134328401
hHep_STRING_500,v4_plain_best,mlp,487/500,tf_stratified_1to10,0.2704373598098755,0.0593984089791774,0.211038950830698,1.344097375869751,1.5797709226608276,0.2356735467910766,0.93246604813769,0.6698535316468492,0.0914051841746248,0.0914051841746248,9.940298507462687,7.328397592494636,0.5784483474722244,0.6119402985074627,0.6119402985074627,0.6218487394957983,0.9774774774774776,0.03799356027102874,1.060129715430938,0.02985074626865669,0.02985074626865669
hHep_STRING_500,v4_type_pe_best,lr,487/500,tf_stratified_1to10,0.2828927040100097,0.0645750984549522,0.2183176055550575,1.3655869960784912,1.6107767820358276,0.2451897859573364,0.8934270090986508,0.4811347198657866,0.0914051841746248,0.0914051841746248,9.940298507462687,5.263757457636145,0.3897295356911617,0.4925373134328358,0.4925373134328358,0.5416666666666666,0.9429429429429428,-0.048137155926845754,0.9090502289494298,0.0,0.0
hHep_STRING_500,v4_type_pe_best,mlp,487/500,tf_stratified_1to10,0.2828927040100097,0.0645750984549522,0.2183176055550575,1.3655869960784912,1.6107767820358276,0.2451897859573364,0.9307180314643002,0.6757036491472618,0.0914051841746248,0.0914051841746248,9.940298507462687,7.3923996242528816,0.5842984649726369,0.6268656716417911,0.6268656716417911,0.6086956521739131,0.9804804804804804,0.04384367777144127,1.0693882818308231,0.04477611940298509,0.04477611940298509
hHep_STRING_500,scconcept,lr,487/500,tf_stratified_1to10,0.0068099596537649,-0.0007785381749272,0.0075884978286921,30.91648292541504,31.545825958251957,0.6293430328369141,0.767020752095379,0.2465131155600361,0.0914051841746248,0.0914051841746248,9.940298507462687,2.6969270702314407,0.1551079313854113,0.2686567164179104,0.2686567164179104,0.2615384615384615,0.9309309309309308,-0.2827587602325963,0.4657589545842777,-0.2238805970149254,-0.2238805970149254
hHep_STRING_500,scconcept,mlp,487/500,tf_stratified_1to10,0.0068099596537649,-0.0007785381749272,0.0075884978286921,30.91648292541504,31.545825958251957,0.6293430328369141,0.7637152077450585,0.2390933288320072,0.0914051841746248,0.0914051841746248,9.940298507462687,2.6157523885650944,0.1476881446573824,0.373134328358209,0.373134328358209,0.0705882352941176,0.9774774774774776,-0.3927666425438133,0.37839606821651023,-0.208955223880597,-0.208955223880597
hHep_STRING_500,scconcept_encoded,lr,487/500,tf_stratified_1to10,0.0788784325122833,0.0840002074837684,-0.0051217749714851,27.214529037475582,27.71002197265625,0.495492935180664,0.7068934606248038,0.1954306540343328,0.0914051841746248,0.0914051841746248,9.940298507462687,2.1380696926442684,0.104025469859708,0.1641791044776119,0.1641791044776119,0.1897810218978102,0.9144144144144144,-0.33384122175829956,0.36924435809414163,-0.32835820895522394,-0.32835820895522394
hHep_STRING_500,scconcept_encoded,mlp,487/500,tf_stratified_1to10,0.0788784325122833,0.0840002074837684,-0.0051217749714851,27.214529037475582,27.71002197265625,0.495492935180664,0.6420711756532652,0.1628740594538607,0.0914051841746248,0.0914051841746248,9.940298507462687,1.7818908295474616,0.0714688752792358,0.1641791044776119,0.1641791044776119,0.028169014084507,0.9954954954954957,-0.4689859119219598,0.2577692318429612,-0.4179104477611941,-0.4179104477611941
hHep_STRING_500,cl_scratch_v5,lr,487/500,tf_stratified_1to10,0.2544654607772827,0.0675575584173202,0.1869079023599624,1.3668478727340698,1.5911062955856323,0.2242584228515625,0.8918470709515485,0.4716227427478933,0.0914051841746248,0.0914051841746248,9.940298507462687,5.159693588570237,0.3802175585732684,0.4925373134328358,0.4925373134328358,0.4806201550387597,0.9534534534534534,-0.057649133044739065,0.8910784122840377,0.0,0.0
hHep_STRING_500,cl_scratch_v5,mlp,487/500,tf_stratified_1to10,0.2544654607772827,0.0675575584173202,0.1869079023599624,1.3668478727340698,1.5911062955856323,0.2242584228515625,0.9220227690376944,0.6028078330641692,0.0914051841746248,0.0914051841746248,9.940298507462687,6.594897636358748,0.5114026488895443,0.5373134328358209,0.5373134328358209,0.4915254237288136,0.9669669669669668,-0.02905213831165132,0.9540212394711556,-0.04477611940298509,-0.04477611940298509
hHep_STRING_500,minus,lr,487/500,full_candidate,0.2977164685726166,0.0360398441553115,0.261676624417305,0.6662689447402954,0.808673620223999,0.1424046754837036,0.8821104047922959,0.4380761755302943,0.0275833676410045,0.0275833676410045,35.25373134328358,15.881895975568447,0.4104928078892897,0.4477611940298507,0.4477611940298507,0.4496124031007752,0.9860287891617272,-0.06665620850315446,0.86793752370219,-0.07462686567164178,-0.07462686567164178
hHep_STRING_500,minus,mlp,487/500,full_candidate,0.2977164685726166,0.0360398441553115,0.261676624417305,0.6662689447402954,0.808673620223999,0.1424046754837036,0.9252878284277176,0.5816689733483752,0.0275833676410045,0.0275833676410045,35.25373134328358,21.087670690495592,0.5540856057073706,0.5671641791044776,0.5671641791044776,0.54,0.9974597798475868,-0.014691625562529564,0.9753645267823529,-0.014925373134328401,-0.014925373134328401
hHep_STRING_500,baseline,lr,487/500,full_candidate,0.2909674644470215,0.0552360266447067,0.2357314378023147,0.7477558851242065,0.8794746398925781,0.1317187547683715,0.9130543303802748,0.5047323840334488,0.0275833676410045,0.0275833676410045,35.25373134328358,18.298432251003707,0.4771490163924442,0.5223880597014925,0.5223880597014925,0.5151515151515151,0.9868755292125316,0.0,1.0,0.0,0.0
hHep_STRING_500,baseline,mlp,487/500,full_candidate,0.2909674644470215,0.0552360266447067,0.2357314378023147,0.7477558851242065,0.8794746398925781,0.1317187547683715,0.921648110000379,0.5963605989109048,0.0275833676410045,0.0275833676410045,35.25373134328358,21.620296936635658,0.5687772312699002,0.582089552238806,0.582089552238806,0.5614035087719298,0.993649449618967,0.0,1.0,0.0,0.0
hHep_STRING_500,scGPT_human,lr,487/500,full_candidate,0.1998065412044525,0.0389564260840415,0.1608501151204109,1.9810906648635864,2.2076516151428223,0.2265609502792358,0.9032220354619788,0.5296248323483597,0.0275833676410045,0.0275833676410045,35.25373134328358,19.20087638468906,0.5020414647073551,0.5074626865671642,0.5074626865671642,0.5245901639344263,0.9902624894157492,0.024892448314910887,1.0493181121369484,-0.01492537313432829,-0.01492537313432829
hHep_STRING_500,scGPT_human,mlp,487/500,full_candidate,0.1998065412044525,0.0389564260840415,0.1608501151204109,1.9810906648635864,2.2076516151428223,0.2265609502792358,0.9035506211533358,0.608622204473109,0.0275833676410045,0.0275833676410045,35.25373134328358,22.064825890525125,0.5810388368321044,0.6119402985074627,0.6119402985074627,0.5871559633027523,0.995766299745978,0.012261605562204236,1.020560723804686,0.02985074626865669,0.02985074626865669
hHep_STRING_500,v4_bias_rec_best,lr,487/500,full_candidate,0.3350854516029358,0.0542156398296356,0.2808698117733001,1.2938145399093628,1.585161209106445,0.2913466691970825,0.906451021775121,0.5096637319801802,0.0275833676410045,0.0275833676410045,35.25373134328358,18.47721201462476,0.4820803643391756,0.5223880597014925,0.5223880597014925,0.5190839694656488,0.987298899237934,0.004931347946731446,1.0097702229988172,0.0,0.0
hHep_STRING_500,v4_bias_rec_best,mlp,487/500,full_candidate,0.3350854516029358,0.0542156398296356,0.2808698117733001,1.2938145399093628,1.585161209106445,0.2913466691970825,0.8914814159515715,0.4606931513967751,0.0275833676410045,0.0275833676410045,35.25373134328358,16.70184574242937,0.4331097837557706,0.4925373134328358,0.4925373134328358,0.4077669902912621,0.993649449618967,-0.13566744751412968,0.7725076945695433,-0.08955223880597019,-0.08955223880597019
hHep_STRING_500,v4_plain_best,lr,487/500,full_candidate,0.2704373598098755,0.0587301924824714,0.211707167327404,1.344097375869751,1.5881569385528564,0.2440595626831054,0.8724360837640753,0.4117908611329886,0.0275833676410045,0.0275833676410045,35.25373134328358,14.92895524913478,0.384207493491984,0.4029850746268656,0.4029850746268656,0.4,0.980948348856901,-0.0929415229004602,0.815859798498087,-0.11940298507462688,-0.11940298507462688
hHep_STRING_500,v4_plain_best,mlp,487/500,full_candidate,0.2704373598098755,0.0587301924824714,0.211707167327404,1.344097375869751,1.5881569385528564,0.2440595626831054,0.9231077887446762,0.5605111561986689,0.0275833676410045,0.0275833676410045,35.25373134328358,20.320620871739823,0.5329277885576643,0.5223880597014925,0.5223880597014925,0.4761904761904761,0.9944961896697714,-0.03584944271223589,0.9398862990316507,-0.059701492537313494,-0.059701492537313494
hHep_STRING_500,v4_type_pe_best,lr,487/500,full_candidate,0.2828927040100097,0.0656501203775405,0.2172425836324691,1.3655869960784912,1.6053463220596311,0.2397593259811401,0.9070197277793928,0.4290685158054549,0.0275833676410045,0.0275833676410045,35.25373134328358,15.555334699872404,0.4014851481644503,0.4776119402985074,0.4776119402985074,0.4776119402985074,0.985182049110923,-0.07566386822799387,0.8500911163588434,-0.04477611940298509,-0.04477611940298509
hHep_STRING_500,v4_type_pe_best,mlp,487/500,full_candidate,0.2828927040100097,0.0656501203775405,0.2172425836324691,1.3655869960784912,1.6053463220596311,0.2397593259811401,0.9103877311158012,0.6005048593755392,0.0275833676410045,0.0275833676410045,35.25373134328358,21.770541842137106,0.5729214917345347,0.5970149253731343,0.5970149253731343,0.5576923076923077,0.9966130397967824,0.004144260464634453,1.0069492526370838,0.01492537313432829,0.01492537313432829
hHep_STRING_500,scconcept,lr,487/500,full_candidate,0.0068099596537649,0.0034980063792318,0.0033119532745331,30.91648292541504,31.3714599609375,0.4549770355224609,0.7889500423370026,0.1387281585645211,0.0275833676410045,0.0275833676410045,35.25373134328358,5.029413390346598,0.1111447909235165,0.1641791044776119,0.1641791044776119,0.1259842519685039,0.9779847586790856,-0.3660042254689277,0.27485487944305853,-0.35820895522388063,-0.35820895522388063
hHep_STRING_500,scconcept,mlp,487/500,full_candidate,0.0068099596537649,0.0034980063792318,0.0033119532745331,30.91648292541504,31.3714599609375,0.4549770355224609,0.7907067119946415,0.160913509662999,0.0275833676410045,0.0275833676410045,35.25373134328358,5.833715148827238,0.1333301420219945,0.2238805970149253,0.2238805970149253,0.0,0.9991532599491956,-0.43544708924790576,0.2698258569678565,-0.3582089552238807,-0.3582089552238807
hHep_STRING_500,scconcept_encoded,lr,487/500,full_candidate,0.0788784325122833,0.0658143833279609,0.0130640491843223,27.214529037475582,28.04034996032715,0.8258209228515625,0.7728809382385279,0.1036107270445116,0.0275833676410045,0.0275833676410045,35.25373134328358,3.7562754625540142,0.076027359403507,0.1641791044776119,0.1641791044776119,0.1612903225806451,0.9801016088060964,-0.4011216569889372,0.20527854031582268,-0.35820895522388063,-0.35820895522388063
hHep_STRING_500,scconcept_encoded,mlp,487/500,full_candidate,0.0788784325122833,0.0658143833279609,0.0130640491843223,27.214529037475582,28.04034996032715,0.8258209228515625,0.8110411111251532,0.1711130225218001,0.0275833676410045,0.0275833676410045,35.25373134328358,6.203485547842581,0.1435296548807956,0.2388059701492537,0.2388059701492537,0.0547945205479452,0.9983065198983913,-0.42524757638910465,0.2869287857619918,-0.3432835820895523,-0.3432835820895523
hHep_STRING_500,cl_scratch_v5,lr,487/500,full_candidate,0.2544654607772827,0.0672448351979255,0.1872206255793571,1.3668478727340698,1.5953480005264282,0.2285001277923584,0.8782179281408368,0.4419688636030554,0.0275833676410045,0.0275833676410045,35.25373134328358,16.02302044316153,0.4143854959620508,0.417910447761194,0.417910447761194,0.4516129032258064,0.9877222692633362,-0.0627635204303934,0.8756499039573533,-0.10447761194029848,-0.10447761194029848
hHep_STRING_500,cl_scratch_v5,mlp,487/500,full_candidate,0.2544654607772827,0.0672448351979255,0.1872206255793571,1.3668478727340698,1.5953480005264282,0.2285001277923584,0.8964481150555436,0.5356572135228815,0.0275833676410045,0.0275833676410045,35.25373134328358,19.419572711150458,0.508073845881877,0.5522388059701493,0.5522388059701493,0.4242424242424242,0.9953429297205758,-0.06070338538802322,0.8982102682523261,-0.02985074626865669,-0.02985074626865669
hHep_STRING_1000,minus,lr,962/1000,tf_stratified_1to10,0.2430940568447113,0.0431184917688369,0.1999755650758743,0.6914915442466736,0.7938032746315002,0.1023117303848266,0.8707831260140616,0.4938555640013022,0.0909090909090909,0.0909090909090909,10.0,5.432411204014325,0.4029464730922113,0.4883720930232558,0.4883720930232558,0.4868735083532219,0.9525581395348838,-0.023545563960550908,0.9544926311751548,-0.013953488372093092,-0.013953488372093092
hHep_STRING_1000,minus,mlp,962/1000,tf_stratified_1to10,0.2430940568447113,0.0431184917688369,0.1999755650758743,0.6914915442466736,0.7938032746315002,0.1023117303848266,0.8920281233098973,0.5860420976720156,0.0909090909090909,0.0909090909090909,10.0,6.446463074392173,0.4951330067629247,0.5255813953488372,0.5255813953488372,0.532967032967033,0.975813953488372,-0.006653305556379219,0.988774494419665,-0.032558139534883734,-0.032558139534883734
hHep_STRING_1000,baseline,lr,962/1000,tf_stratified_1to10,0.2493487745523452,0.0609675198793411,0.1883812546730041,0.7570475935935974,0.8593260645866394,0.1022784709930419,0.8527928610059492,0.5174011279618531,0.0909090909090909,0.0909090909090909,10.0,5.691412407580385,0.4264920370527622,0.5023255813953489,0.5023255813953489,0.508641975308642,0.9595348837209302,0.0,1.0,0.0,0.0
hHep_STRING_1000,baseline,mlp,962/1000,tf_stratified_1to10,0.2493487745523452,0.0609675198793411,0.1883812546730041,0.7570475935935974,0.8593260645866394,0.1022784709930419,0.8850232558139536,0.5926954032283949,0.0909090909090909,0.0909090909090909,10.0,6.519649435512345,0.5017863123193039,0.5581395348837209,0.5581395348837209,0.5459770114942529,0.9823255813953488,0.0,1.0,0.0,0.0
hHep_STRING_1000,scGPT_human,lr,962/1000,tf_stratified_1to10,0.1632704138755798,0.0428675934672355,0.1204028204083442,2.0400166511535645,2.1950721740722656,0.1550555229187011,0.8609367225527312,0.4350469257834409,0.0909090909090909,0.0909090909090909,10.0,4.78551618361785,0.34413783487435,0.4790697674418605,0.4790697674418605,0.4859002169197396,0.9376744186046512,-0.08235420217841222,0.8408310347083664,-0.023255813953488413,-0.023255813953488413
hHep_STRING_1000,scGPT_human,mlp,962/1000,tf_stratified_1to10,0.1632704138755798,0.0428675934672355,0.1204028204083442,2.0400166511535645,2.1950721740722656,0.1550555229187011,0.8940508382909682,0.619254372913131,0.0909090909090909,0.0909090909090909,10.0,6.811798102044442,0.5283452820040401,0.5441860465116279,0.5441860465116279,0.5348837209302325,0.9827906976744186,0.026558969684736145,1.044810487039498,-0.013953488372092981,-0.013953488372092981
hHep_STRING_1000,v4_bias_rec_best,lr,962/1000,tf_stratified_1to10,0.2737665176391601,0.0604643411934375,0.2133021764457225,1.3442550897598269,1.5513947010040283,0.2071396112442016,0.8639913466738778,0.4813095819297368,0.0909090909090909,0.0909090909090909,10.0,5.294405401227105,0.3904004910206459,0.5023255813953489,0.5023255813953489,0.49,0.9595348837209302,-0.03609154603211634,0.9302445547919692,0.0,0.0
hHep_STRING_1000,v4_bias_rec_best,mlp,962/1000,tf_stratified_1to10,0.2737665176391601,0.0604643411934375,0.2133021764457225,1.3442550897598269,1.5513947010040283,0.2071396112442016,0.8898085451595457,0.6078771386534136,0.0909090909090909,0.0909090909090909,10.0,6.686648525187551,0.5169680477443227,0.5581395348837209,0.5581395348837209,0.5493333333333333,0.9734883720930232,0.015181735425018772,1.0256147345539113,0.0,0.0
hHep_STRING_1000,v4_plain_best,lr,962/1000,tf_stratified_1to10,0.2102594375610351,0.0539019107818603,0.1563575267791748,1.3991554975509644,1.5595934391021729,0.1604379415512085,0.8572201189832341,0.4357785811284195,0.0909090909090909,0.0909090909090909,10.0,4.793564392412615,0.3448694902193286,0.4325581395348837,0.4325581395348837,0.3928571428571428,0.9534883720930232,-0.08162254683343362,0.842245131635176,-0.06976744186046518,-0.06976744186046518
hHep_STRING_1000,v4_plain_best,mlp,962/1000,tf_stratified_1to10,0.2102594375610351,0.0539019107818603,0.1563575267791748,1.3991554975509644,1.5595934391021729,0.1604379415512085,0.8898647917793402,0.6085947702489545,0.0909090909090909,0.0909090909090909,10.0,6.6945424727385,0.5176856793398635,0.5627906976744186,0.5627906976744186,0.5409836065573771,0.975813953488372,0.015899367020559607,1.0268255278072955,0.0046511627906976605,0.0046511627906976605
hHep_STRING_1000,v4_type_pe_best,lr,962/1000,tf_stratified_1to10,0.2284082174301147,0.0589171946048736,0.1694910228252411,1.407752275466919,1.5826294422149658,0.1748771667480468,0.8716560302866413,0.4664592014603317,0.0909090909090909,0.0909090909090909,10.0,5.131051216063649,0.3755501105512409,0.4465116279069767,0.4465116279069767,0.4509803921568627,0.9530232558139536,-0.050941926501521406,0.9015426837158397,-0.0558139534883722,-0.0558139534883722
hHep_STRING_1000,v4_type_pe_best,mlp,962/1000,tf_stratified_1to10,0.2284082174301147,0.0589171946048736,0.1694910228252411,1.407752275466919,1.5826294422149658,0.1748771667480468,0.8936592752839372,0.5800712455757895,0.0909090909090909,0.0909090909090909,10.0,6.380783701333685,0.4891621546666985,0.5441860465116279,0.5441860465116279,0.5088757396449705,0.9827906976744186,-0.012624157652605383,0.9787004292865409,-0.013953488372092981,-0.013953488372092981
hHep_STRING_1000,scconcept,lr,962/1000,tf_stratified_1to10,-0.0023953088093549,0.001717007253319,-0.0041123160626739,31.60596466064453,31.61419677734375,0.0082321166992187,0.8074894537587887,0.3036166356330224,0.0909090909090909,0.0909090909090909,10.0,3.3397829919632467,0.2127075447239315,0.3441860465116279,0.3441860465116279,0.3617021276595745,0.9209302325581395,-0.21378449232883073,0.5868109271988433,-0.158139534883721,-0.158139534883721
hHep_STRING_1000,scconcept,mlp,962/1000,tf_stratified_1to10,-0.0023953088093549,0.001717007253319,-0.0041123160626739,31.60596466064453,31.61419677734375,0.0082321166992187,0.7447528393726339,0.2670819210159906,0.0909090909090909,0.0909090909090909,10.0,2.937901131175897,0.1761728301068997,0.3023255813953488,0.3023255813953488,0.1264822134387351,0.9897674418604652,-0.32561348221240427,0.4506225618778263,-0.2558139534883721,-0.2558139534883721
hHep_STRING_1000,scconcept_encoded,lr,962/1000,tf_stratified_1to10,0.0829952880740165,0.0708492845296859,0.0121460035443305,27.68721008300781,28.01595687866211,0.3287467956542969,0.7713704705246078,0.2540732368854413,0.0909090909090909,0.0909090909090909,10.0,2.794805605739855,0.1631641459763504,0.2976744186046511,0.2976744186046511,0.3039215686274509,0.9390697674418604,-0.2633278910764118,0.49105659642893856,-0.20465116279069778,-0.20465116279069778
hHep_STRING_1000,scconcept_encoded,mlp,962/1000,tf_stratified_1to10,0.0829952880740165,0.0708492845296859,0.0121460035443305,27.68721008300781,28.01595687866211,0.3287467956542969,0.7629464575446187,0.2872582977404732,0.0909090909090909,0.0909090909090909,10.0,3.1598412751452054,0.1963492068313822,0.3302325581395349,0.3302325581395349,0.2056737588652482,0.9823255813953488,-0.3054371054879217,0.48466429160034896,-0.22790697674418603,-0.22790697674418603
hHep_STRING_1000,cl_scratch_v5,lr,962/1000,tf_stratified_1to10,0.2200628519058227,0.0638792738318443,0.1561835780739784,1.407650113105774,1.574779987335205,0.1671298742294311,0.8610989724175229,0.4543949241260255,0.0909090909090909,0.0909090909090909,10.0,4.998344165386281,0.3634858332169346,0.4651162790697674,0.4651162790697674,0.4354430379746835,0.9562790697674418,-0.06300620383582761,0.8782256156185401,-0.037209302325581506,-0.037209302325581506
hHep_STRING_1000,cl_scratch_v5,mlp,962/1000,tf_stratified_1to10,0.2200628519058227,0.0638792738318443,0.1561835780739784,1.407650113105774,1.574779987335205,0.1671298742294311,0.9041297998918334,0.6194611495039971,0.0909090909090909,0.0909090909090909,10.0,6.814072644543969,0.5285520585949062,0.5581395348837209,0.5581395348837209,0.5508021390374331,0.9739534883720932,0.026765746275602242,1.0451593620092376,0.0,0.0
hHep_STRING_1000,minus,lr,962/1000,full_candidate,0.2430940568447113,0.0376949124038219,0.2053991444408893,0.6914915442466736,0.7903947830200195,0.0989032387733459,0.8932891360633468,0.3975296890121999,0.0175754107741355,0.0175754107741355,55.89767441860465,22.618514817145357,0.3799542782380644,0.4604651162790698,0.4604651162790698,0.4294478527607362,0.9965884506573474,-0.018273954524366975,0.9560514805283088,0.0046511627906976605,0.0046511627906976605
hHep_STRING_1000,minus,mlp,962/1000,full_candidate,0.2430940568447113,0.0376949124038219,0.2053991444408893,0.6914915442466736,0.7903947830200195,0.0989032387733459,0.9109734622871892,0.4838916532470467,0.0175754107741355,0.0175754107741355,55.89767441860465,27.53230974033086,0.4663162424729111,0.4790697674418605,0.4790697674418605,0.4522292993630573,0.99767016142453,0.006563461757408184,1.0137504171646032,0.023255813953488358,0.023255813953488358
hHep_STRING_1000,baseline,lr,962/1000,full_candidate,0.2493487745523452,0.0609584785997867,0.1883902959525585,0.7570475935935974,0.8448357582092285,0.0877881646156311,0.8792001919601218,0.4158036435365669,0.0175754107741355,0.0175754107741355,55.89767441860465,23.658260332013178,0.3982282327624314,0.4558139534883721,0.4558139534883721,0.4088050314465409,0.9968380762190048,0.0,1.0,0.0,0.0
hHep_STRING_1000,baseline,mlp,962/1000,full_candidate,0.2493487745523452,0.0609584785997867,0.1883902959525585,0.7570475935935974,0.8448357582092285,0.0877881646156311,0.9019950694113869,0.4773281914896385,0.0175754107741355,0.0175754107741355,55.89767441860465,27.158864030198885,0.4597527807155029,0.4558139534883721,0.4558139534883721,0.4290657439446367,0.99900149775337,0.0,1.0,0.0,0.0
hHep_STRING_1000,scGPT_human,lr,962/1000,full_candidate,0.1632704138755798,0.0364657118916511,0.1268047019839286,2.0400166511535645,2.1983916759490967,0.1583750247955322,0.894838362611122,0.3934660116268069,0.0175754107741355,0.0175754107741355,55.89767441860465,22.387301024329016,0.3758906008526713,0.4232558139534884,0.4232558139534884,0.4420485175202156,0.9938425694791146,-0.022337631909760014,0.9462784122818886,-0.032558139534883734,-0.032558139534883734
hHep_STRING_1000,scGPT_human,mlp,962/1000,full_candidate,0.1632704138755798,0.0364657118916511,0.1268047019839286,2.0400166511535645,2.1983916759490967,0.1583750247955322,0.8995584143165097,0.4712490563545897,0.0175754107741355,0.0175754107741355,55.89767441860465,26.812975378538177,0.4536736455804542,0.4837209302325581,0.4837209302325581,0.4334365325077399,0.9968380762190048,-0.006079135135048819,0.9872642445105178,0.027906976744185963,0.027906976744185963
hHep_STRING_1000,v4_bias_rec_best,lr,962/1000,full_candidate,0.2737665176391601,0.0621099025011062,0.2116566151380539,1.3442550897598269,1.5387170314788818,0.1944619417190551,0.8828044754573565,0.4003308243823485,0.0175754107741355,0.0175754107741355,55.89767441860465,22.77789290543851,0.382755413608213,0.4372093023255814,0.4372093023255814,0.4171779141104294,0.9964220336162424,-0.015472819154218387,0.9627881587986671,-0.018604651162790697,-0.018604651162790697
hHep_STRING_1000,v4_bias_rec_best,mlp,962/1000,full_candidate,0.2737665176391601,0.0621099025011062,0.2116566151380539,1.3442550897598269,1.5387170314788818,0.1944619417190551,0.8929357901132795,0.4420796380596483,0.0175754107741355,0.0175754107741355,55.89767441860465,25.153303313412504,0.4245042272855127,0.4837209302325581,0.4837209302325581,0.4817927170868347,0.9953403228490596,-0.035248553429990226,0.9261544696951858,0.027906976744185963,0.027906976744185963
hHep_STRING_1000,v4_plain_best,lr,962/1000,full_candidate,0.2102594375610351,0.0553386323153972,0.1549208052456379,1.3991554975509644,1.5585724115371704,0.159416913986206,0.8844094323630831,0.3604613500389879,0.0175754107741355,0.0175754107741355,55.89767441860465,20.50941253500906,0.3428859392648524,0.3906976744186046,0.3906976744186046,0.3654485049833887,0.9974205358628724,-0.05534229349757902,0.8669028173325468,-0.06511627906976752,-0.06511627906976752
hHep_STRING_1000,v4_plain_best,mlp,962/1000,full_candidate,0.2102594375610351,0.0553386323153972,0.1549208052456379,1.3991554975509644,1.5585724115371704,0.159416913986206,0.8980653051430605,0.4824411793069136,0.0175754107741355,0.0175754107741355,55.89767441860465,27.449781146332494,0.464865768532778,0.4837209302325581,0.4837209302325581,0.488235294117647,0.9965052421367948,0.005112987817275094,1.0107116820427442,0.027906976744185963,0.027906976744185963
hHep_STRING_1000,v4_type_pe_best,lr,962/1000,full_candidate,0.2284082174301147,0.0622605122625827,0.1661477051675319,1.407752275466919,1.5664104223251345,0.1586581468582153,0.8899878863874731,0.3956517884239635,0.0175754107741355,0.0175754107741355,55.89767441860465,22.511666640885373,0.378076377649828,0.427906976744186,0.427906976744186,0.3949044585987261,0.9969212847395572,-0.020151855112603423,0.9515351646724298,-0.02790697674418613,-0.02790697674418613
hHep_STRING_1000,v4_type_pe_best,mlp,962/1000,full_candidate,0.2284082174301147,0.0622605122625827,0.1661477051675319,1.407752275466919,1.5664104223251345,0.1586581468582153,0.9088468073084172,0.4716025828677823,0.0175754107741355,0.0175754107741355,55.89767441860465,26.833090214984153,0.4540271720936468,0.4697674418604651,0.4697674418604651,0.4842767295597484,0.9978365784656348,-0.005725608621856226,0.9880048806587606,0.013953488372092981,0.013953488372092981
hHep_STRING_1000,scconcept,lr,962/1000,full_candidate,-0.0023953088093549,0.0015878282720223,-0.0039831370813772,31.60596466064453,31.519752502441406,-0.086212158203125,0.8641247431178812,0.1927711527464479,0.0175754107741355,0.0175754107741355,55.89767441860465,10.968230286266522,0.1751957419723123,0.2790697674418604,0.2790697674418604,0.1954397394136807,0.9948410717257448,-0.223032490790119,0.46361102347939165,-0.1767441860465117,-0.1767441860465117
hHep_STRING_1000,scconcept,mlp,962/1000,full_candidate,-0.0023953088093549,0.0015878282720223,-0.0039831370813772,31.60596466064453,31.519752502441406,-0.086212158203125,0.8346515111054349,0.3070877240193068,0.0175754107741355,0.0175754107741355,55.89767441860465,17.472577339200875,0.2895123132451712,0.3162790697674418,0.3162790697674418,0.2371541501976284,0.99933433183558,-0.17024046747033172,0.6433471340985584,-0.13953488372093031,-0.13953488372093031
hHep_STRING_1000,scconcept_encoded,lr,962/1000,full_candidate,0.0829952880740165,0.0590607412159442,0.0239345468580722,27.68721008300781,28.25142288208008,0.5642127990722656,0.836736755332118,0.1840821830520193,0.0175754107741355,0.0175754107741355,55.89767441860465,10.473848117559799,0.1665067722778838,0.2558139534883721,0.2558139534883721,0.1798561151079136,0.9968380762190048,-0.23172146048454761,0.4427142135800708,-0.2,-0.2
hHep_STRING_1000,scconcept_encoded,mlp,962/1000,full_candidate,0.0829952880740165,0.0590607412159442,0.0239345468580722,27.68721008300781,28.25142288208008,0.5642127990722656,0.7653728709261689,0.0733201449521826,0.0175754107741355,0.0175754107741355,55.89767441860465,4.171745735814193,0.0557447341780471,0.1116279069767441,0.1116279069767441,0.0,0.9999167914794476,-0.4040080465374559,0.1536053102653883,-0.344186046511628,-0.344186046511628
hHep_STRING_1000,cl_scratch_v5,lr,962/1000,full_candidate,0.2200628519058227,0.0665984600782394,0.1534643918275833,1.407650113105774,1.570226550102234,0.1625764369964599,0.8798360598636927,0.3926929370923596,0.0175754107741355,0.0175754107741355,55.89767441860465,22.34331488116672,0.3751175263182241,0.427906976744186,0.427906976744186,0.3860759493670886,0.9966716591778998,-0.02311070644420732,0.9444191824591963,-0.02790697674418613,-0.02790697674418613
hHep_STRING_1000,cl_scratch_v5,mlp,962/1000,full_candidate,0.2200628519058227,0.0665984600782394,0.1534643918275833,1.407650113105774,1.570226550102234,0.1625764369964599,0.8970443559467001,0.4724484611445697,0.0175754107741355,0.0175754107741355,55.89767441860465,26.881218721774573,0.4548730503704342,0.4790697674418605,0.4790697674418605,0.4984615384615384,0.9975869529039774,-0.004879730345068833,0.9897769911099527,0.023255813953488358,0.023255813953488358
mDC_Specific_500,minus,lr,387/500,tf_stratified_1to10,0.1951162070035934,0.1008246913552284,0.094291515648365,0.7964341044425964,0.7632118463516235,-0.0332222580909729,0.5890625,0.1422122179196406,0.0909090909090909,0.0909090909090909,10.0,1.5643343971160466,0.0513031270105497,0.125,0.125,0.1333333333333333,0.925,-0.023801910794468,0.8566271980654305,-0.125,-0.125
mDC_Specific_500,minus,mlp,387/500,tf_stratified_1to10,0.1951162070035934,0.1008246913552284,0.094291515648365,0.7964341044425964,0.7632118463516235,-0.0332222580909729,0.4453125,0.1244370459419378,0.0909090909090909,0.0909090909090909,10.0,1.368807505361316,0.0335279550328469,0.25,0.25,0.0,1.0,-0.05029687931428581,0.712151608564094,0.125,0.125
mDC_Specific_500,baseline,lr,387/500,tf_stratified_1to10,0.1584547609090805,0.0963435918092727,0.0621111690998077,0.9355329275131226,0.8508106470108032,-0.0847222805023193,0.61875,0.1660141287141086,0.0909090909090909,0.0909090909090909,10.0,1.8261554158551947,0.0751050378050177,0.25,0.25,0.0,0.975,0.0,1.0,0.0,0.0
mDC_Specific_500,baseline,mlp,387/500,tf_stratified_1to10,0.1584547609090805,0.0963435918092727,0.0621111690998077,0.9355329275131226,0.8508106470108032,-0.0847222805023193,0.6796875,0.1747339252562236,0.0909090909090909,0.0909090909090909,10.0,1.9220731778184599,0.0838248343471327,0.125,0.125,0.0,1.0,0.0,1.0,0.0,0.0
mDC_Specific_500,scGPT_human,lr,387/500,tf_stratified_1to10,0.1865173876285553,0.0997708067297935,0.0867465808987617,2.1117281913757324,2.0112392902374268,-0.1004889011383056,0.5578125,0.2125476600051172,0.0909090909090909,0.0909090909090909,10.0,2.3380242600562897,0.1216385690960263,0.375,0.375,0.2,0.9875,0.04653353129100862,1.2802986206742897,0.125,0.125
mDC_Specific_500,scGPT_human,mlp,387/500,tf_stratified_1to10,0.1865173876285553,0.0997708067297935,0.0867465808987617,2.1117281913757324,2.0112392902374268,-0.1004889011383056,0.5921875,0.2289059433791244,0.0909090909090909,0.0909090909090909,10.0,2.5179653771703685,0.1379968524700335,0.125,0.125,0.0,1.0,0.05417201812290079,1.310025760844466,0.0,0.0
mDC_Specific_500,v4_bias_rec_best,lr,387/500,tf_stratified_1to10,0.2392956316471099,0.1362455785274505,0.1030500531196594,1.5925562381744385,1.4759591817855835,-0.1165970563888549,0.4046875,0.0924815459353176,0.0909090909090909,0.0909090909090909,10.0,1.0172970052884938,0.0015724550262266,0.125,0.125,0.0,0.9375,-0.07353258277879099,0.5570703328183544,-0.125,-0.125
mDC_Specific_500,v4_bias_rec_best,mlp,387/500,tf_stratified_1to10,0.2392956316471099,0.1362455785274505,0.1030500531196594,1.5925562381744385,1.4759591817855835,-0.1165970563888549,0.3625,0.0795895570793111,0.0909090909090909,0.0909090909090909,10.0,0.8754851278724223,-0.0113195338297797,0.0,0.0,0.0,1.0,-0.0951443681769125,0.455490008380478,-0.125,-0.125
mDC_Specific_500,v4_plain_best,lr,387/500,tf_stratified_1to10,0.1642069369554519,0.0994022637605667,0.0648046731948852,1.5031533241271973,1.4136356115341189,-0.0895177125930786,0.640625,0.1402137455822983,0.0909090909090909,0.0909090909090909,10.0,1.5423512014052814,0.0493046546732074,0.125,0.125,0.0,0.9625,-0.025800383131810295,0.844589232665607,-0.125,-0.125
mDC_Specific_500,v4_plain_best,mlp,387/500,tf_stratified_1to10,0.1642069369554519,0.0994022637605667,0.0648046731948852,1.5031533241271973,1.4136356115341189,-0.0895177125930786,0.5625,0.2251608848667672,0.0909090909090909,0.0909090909090909,10.0,2.4767697335344394,0.1342517939576763,0.25,0.25,0.0,1.0,0.05042695961054358,1.2885928392932242,0.125,0.125
mDC_Specific_500,v4_type_pe_best,lr,387/500,tf_stratified_1to10,0.1960390657186508,0.1272096931934356,0.0688293725252151,1.535374641418457,1.4374277591705322,-0.0979468822479248,0.5390625,0.2156964892939196,0.0909090909090909,0.0909090909090909,10.0,2.3726613822331157,0.1247873983848287,0.125,0.125,0.2,0.9875,0.049682360579811014,1.299265857458244,-0.125,-0.125
mDC_Specific_500,v4_type_pe_best,mlp,387/500,tf_stratified_1to10,0.1960390657186508,0.1272096931934356,0.0688293725252151,1.535374641418457,1.4374277591705322,-0.0979468822479248,0.4859375,0.0922328746605798,0.0909090909090909,0.0909090909090909,10.0,1.014561621266378,0.0013237837514889,0.0,0.0,0.0,1.0,-0.0825010505956438,0.5278475517867112,-0.125,-0.125
mDC_Specific_500,scconcept,lr,387/500,tf_stratified_1to10,0.0272139217704534,0.0095015270635485,0.0177123947069048,31.49610710144043,29.31125259399414,-2.184854507446289,0.4953125,0.2780307147169593,0.0909090909090909,0.0909090909090909,10.0,3.0583378618865527,0.1871216238078684,0.25,0.25,0.2222222222222222,1.0,0.1120165860028507,1.6747412817842358,0.0,0.0
mDC_Specific_500,scconcept,mlp,387/500,tf_stratified_1to10,0.0272139217704534,0.0095015270635485,0.0177123947069048,31.49610710144043,29.31125259399414,-2.184854507446289,0.4109375,0.1346878907256266,0.0909090909090909,0.0909090909090909,10.0,1.4815667979818927,0.0437787998165356,0.125,0.125,0.0,1.0,-0.04004603453059702,0.7708170610150551,0.0,0.0
mDC_Specific_500,scconcept_encoded,lr,387/500,tf_stratified_1to10,0.3499095439910888,0.2883437275886535,0.0615658164024353,22.36415100097656,21.106922149658203,-1.2572288513183594,0.34375,0.073944268950404,0.0909090909090909,0.0909090909090909,10.0,0.8133869584544441,-0.0169648219586868,0.0,0.0,0.0,0.95,-0.09206985976370459,0.44540949329525287,-0.25,-0.25
mDC_Specific_500,scconcept_encoded,mlp,387/500,tf_stratified_1to10,0.3499095439910888,0.2883437275886535,0.0615658164024353,22.36415100097656,21.106922149658203,-1.2572288513183594,0.515625,0.1146257067641871,0.0909090909090909,0.0909090909090909,10.0,1.2608827744060582,0.0237166158550962,0.125,0.125,0.0,1.0,-0.060108218492036514,0.6560014410258571,0.0,0.0
mDC_Specific_500,cl_scratch_v5,lr,387/500,tf_stratified_1to10,0.2209299206733703,0.1241498440504074,0.0967800766229629,1.514305830001831,1.457099676132202,-0.0572061538696289,0.634375,0.1702956219144549,0.0909090909090909,0.0909090909090909,10.0,1.8732518410590042,0.079386531005364,0.25,0.25,0.1818181818181818,0.975,0.00428149320034632,1.02578993266121,0.0,0.0
mDC_Specific_500,cl_scratch_v5,mlp,387/500,tf_stratified_1to10,0.2209299206733703,0.1241498440504074,0.0967800766229629,1.514305830001831,1.457099676132202,-0.0572061538696289,0.4453125,0.1139355627532664,0.0909090909090909,0.0909090909090909,10.0,1.2532911902859305,0.0230264718441755,0.25,0.25,0.0,1.0,-0.06079836250295721,0.6520517557549019,0.125,0.125
mDC_Specific_500,minus,lr,387/500,full_candidate,0.1951162070035934,0.0927253365516662,0.1023908704519271,0.7964341044425964,0.7656214237213135,-0.0308126807212829,0.7331838565022422,0.1230256686792659,0.0346320346320346,0.0346320346320346,27.875,3.5523661831138065,0.0883936340472313,0.25,0.25,0.0,0.9955156950672646,-0.09089567185875042,0.575097689505189,0.0,0.0
mDC_Specific_500,minus,mlp,387/500,full_candidate,0.1951162070035934,0.0927253365516662,0.1023908704519271,0.7964341044425964,0.7656214237213135,-0.0308126807212829,0.6709641255605381,0.1161184476337623,0.0346320346320346,0.0346320346320346,27.875,3.35292017542489,0.0814864130017277,0.125,0.125,0.0,1.0,-0.05586444662985929,0.6751744010992846,0.0,0.0
mDC_Specific_500,baseline,lr,387/500,full_candidate,0.1584547609090805,0.0931207090616226,0.0653340518474578,0.9355329275131226,0.85691237449646,-0.0786205530166626,0.8346412556053812,0.2139213405380163,0.0346320346320346,0.0346320346320346,27.875,6.176978708035227,0.1792893059059817,0.25,0.25,0.1666666666666666,0.9865470852017936,0.0,1.0,0.0,0.0
mDC_Specific_500,baseline,mlp,387/500,full_candidate,0.1584547609090805,0.0931207090616226,0.0653340518474578,0.9355329275131226,0.85691237449646,-0.0786205530166626,0.8682735426008968,0.1719828942636216,0.0346320346320346,0.0346320346320346,27.875,4.966006071862078,0.137350859631587,0.125,0.125,0.0,1.0,0.0,1.0,0.0,0.0
mDC_Specific_500,scGPT_human,lr,387/500,full_candidate,0.1865173876285553,0.086907148361206,0.0996102392673492,2.1117281913757324,2.0438363552093506,-0.0678918361663818,0.7399103139013453,0.1830828263830454,0.0346320346320346,0.0346320346320346,27.875,5.286516611810441,0.1484507917510107,0.25,0.25,0.2,0.9955156950672646,-0.03083851415497091,0.8558418057898691,0.0,0.0
mDC_Specific_500,scGPT_human,mlp,387/500,full_candidate,0.1865173876285553,0.086907148361206,0.0996102392673492,2.1117281913757324,2.0438363552093506,-0.0678918361663818,0.8424887892376681,0.1622245809745809,0.0346320346320346,0.0346320346320346,27.875,4.684234775641028,0.1275925463425463,0.125,0.125,0.0,1.0,-0.009758313289040699,0.9432599775063513,0.0,0.0
mDC_Specific_500,v4_bias_rec_best,lr,387/500,full_candidate,0.2392956316471099,0.1189629435539245,0.1203326880931854,1.5925562381744385,1.475326418876648,-0.1172298192977905,0.6743273542600897,0.1938796560083464,0.0346320346320346,0.0346320346320346,27.875,5.5982750672410075,0.1592476213763117,0.125,0.125,0.1666666666666666,0.9865470852017936,-0.020041684529669923,0.9063128321874541,-0.125,-0.125
mDC_Specific_500,v4_bias_rec_best,mlp,387/500,full_candidate,0.2392956316471099,0.1189629435539245,0.1203326880931854,1.5925562381744385,1.475326418876648,-0.1172298192977905,0.6720852017937219,0.0656555379452816,0.0346320346320346,0.0346320346320346,27.875,1.8958036581700082,0.031023503313247,0.0,0.0,0.0,1.0,-0.10632735631833999,0.3817562102696238,-0.125,-0.125
mDC_Specific_500,v4_plain_best,lr,387/500,full_candidate,0.1642069369554519,0.0950183868408203,0.0691885501146316,1.5031533241271973,1.4337899684906006,-0.0693633556365966,0.8789237668161436,0.2192600373482726,0.0346320346320346,0.0346320346320346,27.875,6.331133578431378,0.184628002716238,0.25,0.25,0.1666666666666666,0.9865470852017936,0.005338696810256283,1.0249563545031524,0.0,0.0
mDC_Specific_500,v4_plain_best,mlp,387/500,full_candidate,0.1642069369554519,0.0950183868408203,0.0691885501146316,1.5031533241271973,1.4337899684906006,-0.0693633556365966,0.8245515695067265,0.1108460160262086,0.0346320346320346,0.0346320346320346,27.875,3.2006787127567766,0.0762139813941739,0.0,0.0,0.0,1.0,-0.061136878237413,0.6445176800914854,-0.125,-0.125
mDC_Specific_500,v4_type_pe_best,lr,387/500,full_candidate,0.1960390657186508,0.1169796660542488,0.079059399664402,1.535374641418457,1.4464839696884155,-0.0888906717300415,0.7684977578475336,0.1644997225126816,0.0346320346320346,0.0346320346320346,27.875,4.749929487553686,0.129867687880647,0.25,0.25,0.0,0.9865470852017936,-0.04942161802533471,0.7689729416380883,0.0,0.0
mDC_Specific_500,v4_type_pe_best,mlp,387/500,full_candidate,0.1960390657186508,0.1169796660542488,0.079059399664402,1.535374641418457,1.4464839696884155,-0.0888906717300415,0.7623318385650224,0.0984319864888579,0.0346320346320346,0.0346320346320346,27.875,2.8422236098657745,0.0637999518568232,0.125,0.125,0.0,1.0,-0.0735509077747637,0.5723359111399636,0.0,0.0
mDC_Specific_500,scconcept,lr,387/500,full_candidate,0.0272139217704534,0.0135081438347697,0.0137057779356837,31.49610710144043,29.85371398925781,-1.6423931121826172,0.6894618834080717,0.294314720647138,0.0346320346320346,0.0346320346320346,27.875,8.498337558686117,0.2596826860151034,0.25,0.25,0.2222222222222222,1.0,0.08039338010912167,1.375808135396547,0.0,0.0
mDC_Specific_500,scconcept,mlp,387/500,full_candidate,0.0272139217704534,0.0135081438347697,0.0137057779356837,31.49610710144043,29.85371398925781,-1.6423931121826172,0.6636771300448431,0.0732328733723683,0.0346320346320346,0.0346320346320346,27.875,2.114599218627137,0.0386008387403337,0.125,0.125,0.0,1.0,-0.09875002089125329,0.42581486772814925,0.0,0.0
mDC_Specific_500,scconcept_encoded,lr,387/500,full_candidate,0.3499095439910888,0.2453628629446029,0.1045466810464859,22.36415100097656,21.96055030822754,-0.4036006927490234,0.5263452914798207,0.0426549458420431,0.0346320346320346,0.0346320346320346,27.875,1.2316615611889958,0.0080229112100084,0.0,0.0,0.0,0.9775784753363228,-0.1712663946959732,0.19939546814153786,-0.25,-0.25
mDC_Specific_500,scconcept_encoded,mlp,387/500,full_candidate,0.3499095439910888,0.2453628629446029,0.1045466810464859,22.36415100097656,21.96055030822754,-0.4036006927490234,0.6967488789237668,0.0790508411640983,0.0346320346320346,0.0346320346320346,27.875,2.282593038613341,0.0444188065320636,0.0,0.0,0.0,1.0,-0.09293205309952329,0.45964362620230315,-0.125,-0.125
mDC_Specific_500,cl_scratch_v5,lr,387/500,full_candidate,0.2209299206733703,0.1168096214532852,0.1041202992200851,1.514305830001831,1.4796531200408936,-0.0346527099609375,0.7942825112107623,0.1564808773616198,0.0346320346320346,0.0346320346320346,27.875,4.518385333816776,0.1218488427295852,0.25,0.25,0.1818181818181818,0.9910313901345292,-0.057440463176396506,0.7314879243373633,0.0,0.0
mDC_Specific_500,cl_scratch_v5,mlp,387/500,full_candidate,0.2209299206733703,0.1168096214532852,0.1041202992200851,1.514305830001831,1.4796531200408936,-0.0346527099609375,0.5868834080717489,0.0591414405296672,0.0346320346320346,0.0346320346320346,27.875,1.7077090952941423,0.0245094058976325,0.125,0.125,0.0,1.0,-0.11284145373395439,0.34387978399184904,0.0,0.0
mDC_Specific_1000,minus,lr,803/1000,tf_stratified_1to10,0.088008813560009,0.0501084364950656,0.0379003770649433,0.8140340447425842,0.8143919110298157,0.0003578662872314,0.6745381773399014,0.3029304181503209,0.1674641148325359,0.1674641148325359,4.971428571428572,1.8089273540976303,0.135466303317785,0.3285714285714285,0.3285714285714285,0.3285714285714285,0.8649425287356322,0.009121446405150113,1.0310454999075434,-0.021428571428571463,-0.021428571428571463
mDC_Specific_1000,minus,mlp,803/1000,tf_stratified_1to10,0.088008813560009,0.0501084364950656,0.0379003770649433,0.8140340447425842,0.8143919110298157,0.0003578662872314,0.7216286945812808,0.4209040670955462,0.1674641148325359,0.1674641148325359,4.971428571428572,2.513398572084833,0.2534399522630103,0.4142857142857143,0.4142857142857143,0.3611111111111111,0.9468390804597702,-0.005723951217109224,0.9865832740199582,0.01428571428571429,0.01428571428571429
mDC_Specific_1000,baseline,lr,803/1000,tf_stratified_1to10,0.0718092173337936,0.0408553294837474,0.0309538878500461,0.9156622886657716,0.9189121723175048,0.0032498836517333,0.6833076765188835,0.2938089717451708,0.1674641148325359,0.1674641148325359,4.971428571428572,1.7544592884211625,0.1263448569126349,0.35,0.35,0.2988505747126437,0.882183908045977,0.0,1.0,0.0,0.0
mDC_Specific_1000,baseline,mlp,803/1000,tf_stratified_1to10,0.0718092173337936,0.0408553294837474,0.0309538878500461,0.9156622886657716,0.9189121723175048,0.0032498836517333,0.7248819786535303,0.4266280183126554,0.1674641148325359,0.1674641148325359,4.971428571428572,2.547578737924142,0.2591639034801195,0.4,0.4,0.3618090452261306,0.9669540229885056,0.0,1.0,0.0,0.0
mDC_Specific_1000,scGPT_human,lr,803/1000,tf_stratified_1to10,0.0663967132568359,0.0467884130775928,0.019608300179243,2.1096649169921875,2.095125675201416,-0.0145392417907714,0.6751642036124794,0.3137092106937007,0.1674641148325359,0.1674641148325359,4.971428571428572,1.8732921438566699,0.1462450958611648,0.3428571428571428,0.3428571428571428,0.3505154639175257,0.8563218390804598,0.019900238948529936,1.067731896784248,-0.007142857142857173,-0.007142857142857173
mDC_Specific_1000,scGPT_human,mlp,803/1000,tf_stratified_1to10,0.0663967132568359,0.0467884130775928,0.019608300179243,2.1096649169921875,2.095125675201416,-0.0145392417907714,0.7191553776683088,0.4006785575460225,0.1674641148325359,0.1674641148325359,4.971428571428572,2.3926233864891056,0.2332144427134866,0.4142857142857143,0.4142857142857143,0.3157894736842105,0.971264367816092,-0.025949460766632904,0.9391754417132169,0.01428571428571429,0.01428571428571429
mDC_Specific_1000,v4_bias_rec_best,lr,803/1000,tf_stratified_1to10,0.0981063470244407,0.0622152462601661,0.0358911007642746,1.662531852722168,1.6354600191116333,-0.0270718336105346,0.6562192118226602,0.3061627729373615,0.1674641148325359,0.1674641148325359,4.971428571428572,1.8282291298259585,0.1386986581048256,0.3428571428571428,0.3428571428571428,0.3095238095238095,0.8951149425287356,0.012353801192190705,1.0420470522694096,-0.007142857142857173,-0.007142857142857173
mDC_Specific_1000,v4_bias_rec_best,mlp,803/1000,tf_stratified_1to10,0.0981063470244407,0.0622152462601661,0.0358911007642746,1.662531852722168,1.6354600191116333,-0.0270718336105346,0.7317374794745485,0.4590345970227726,0.1674641148325359,0.1674641148325359,4.971428571428572,2.741092307935985,0.2915704821902367,0.4357142857142857,0.4357142857142857,0.3886255924170616,0.956896551724138,0.032406578710117206,1.075959799448446,0.0357142857142857,0.0357142857142857
mDC_Specific_1000,v4_plain_best,lr,803/1000,tf_stratified_1to10,0.0794920399785041,0.0462095774710178,0.0332824625074863,1.5980713367462158,1.5754398107528689,-0.0226315259933471,0.6853345648604268,0.3233382353388739,0.1674641148325359,0.1674641148325359,4.971428571428572,1.930791176737847,0.155874120506338,0.3428571428571428,0.3428571428571428,0.3282442748091603,0.8864942528735632,0.029529263593703114,1.1005049757953436,-0.007142857142857173,-0.007142857142857173
mDC_Specific_1000,v4_plain_best,mlp,803/1000,tf_stratified_1to10,0.0794920399785041,0.0462095774710178,0.0332824625074863,1.5980713367462158,1.5754398107528689,-0.0226315259933471,0.7506516830870279,0.4683930725461568,0.1674641148325359,0.1674641148325359,4.971428571428572,2.7969757760613363,0.3009289577136209,0.45,0.45,0.3243243243243243,0.978448275862069,0.04176505423350141,1.097895713457089,0.04999999999999999,0.04999999999999999
mDC_Specific_1000,v4_type_pe_best,lr,803/1000,tf_stratified_1to10,0.0762228667736053,0.05381291359663,0.0224099531769752,1.6443028450012207,1.6121093034744265,-0.0321935415267944,0.6642087438423645,0.3031093876846487,0.1674641148325359,0.1674641148325359,4.971428571428572,1.8099960578883305,0.1356452728521127,0.35,0.35,0.3346303501945525,0.8936781609195402,0.00930041593947789,1.0316546356097813,0.0,0.0
mDC_Specific_1000,v4_type_pe_best,mlp,803/1000,tf_stratified_1to10,0.0762228667736053,0.05381291359663,0.0224099531769752,1.6443028450012207,1.6121093034744265,-0.0321935415267944,0.7332358374384236,0.4179827532944975,0.1674641148325359,0.1674641148325359,4.971428571428572,2.495954155387142,0.2505186384619616,0.3785714285714285,0.3785714285714285,0.3163265306122449,0.9640804597701148,-0.008645265018157877,0.9797358245425358,-0.02142857142857152,-0.02142857142857152
mDC_Specific_1000,scconcept,lr,803/1000,tf_stratified_1to10,0.0251280609518289,0.0121378889307379,0.0129901720210909,30.400297164916992,29.971359252929688,-0.4289379119873047,0.6128951149425288,0.2466790700130247,0.1674641148325359,0.1674641148325359,4.971428571428572,1.4730264466492045,0.0792149551804888,0.2785714285714286,0.2785714285714286,0.2984126984126984,0.8160919540229885,-0.047129901732146096,0.8395899844303487,-0.0714285714285714,-0.0714285714285714
mDC_Specific_1000,scconcept,mlp,803/1000,tf_stratified_1to10,0.0251280609518289,0.0121378889307379,0.0129901720210909,30.400297164916992,29.971359252929688,-0.4289379119873047,0.6894345238095239,0.3557755809998648,0.1674641148325359,0.1674641148325359,4.971428571428572,2.1244884693991923,0.1883114661673289,0.35,0.35,0.1176470588235294,0.9942528735632185,-0.07085243731279062,0.8339245565890935,-0.050000000000000044,-0.050000000000000044
mDC_Specific_1000,scconcept_encoded,lr,803/1000,tf_stratified_1to10,0.3292049169540405,0.311111569404602,0.0180933475494384,21.573226928710938,21.33791923522949,-0.2353076934814453,0.6488608374384237,0.2739126723683994,0.1674641148325359,0.1674641148325359,4.971428571428572,1.6356499578570134,0.1064485575358635,0.3214285714285714,0.3214285714285714,0.3176895306859206,0.8663793103448276,-0.019896299376771398,0.9322815118320211,-0.02857142857142858,-0.02857142857142858
mDC_Specific_1000,scconcept_encoded,mlp,803/1000,tf_stratified_1to10,0.3292049169540405,0.311111569404602,0.0180933475494384,21.573226928710938,21.33791923522949,-0.2353076934814453,0.7143113711001641,0.3102456630155324,0.1674641148325359,0.1674641148325359,4.971428571428572,1.8526098162927505,0.1427815481829965,0.3785714285714285,0.3785714285714285,0.1685393258426966,0.9669540229885056,-0.11638235529712299,0.7272041443564264,-0.02142857142857152,-0.02142857142857152
mDC_Specific_1000,cl_scratch_v5,lr,803/1000,tf_stratified_1to10,0.08405751734972,0.0553466156125068,0.0287109017372131,1.634212851524353,1.6142871379852295,-0.0199257135391235,0.6867097701149424,0.3377260037966674,0.1674641148325359,0.1674641148325359,4.971428571428572,2.0167067083858137,0.1702618889641315,0.3642857142857142,0.3642857142857142,0.3563636363636364,0.8764367816091954,0.04391703205149661,1.1494747821710058,0.014285714285714235,0.014285714285714235
mDC_Specific_1000,cl_scratch_v5,mlp,803/1000,tf_stratified_1to10,0.08405751734972,0.0553466156125068,0.0287109017372131,1.634212851524353,1.6142871379852295,-0.0199257135391235,0.7523963464696223,0.4528115955917029,0.1674641148325359,0.1674641148325359,4.971428571428572,2.7039320993904545,0.285347480759167,0.4,0.4,0.34375,0.9727011494252874,0.02618357727904752,1.061373318570603,0.0,0.0
mDC_Specific_1000,minus,lr,803/1000,full_candidate,0.088008813560009,0.0457600876688957,0.0422487258911132,0.8140340447425842,0.8146149516105652,0.0005809068679809,0.8197653958944281,0.3571173248090394,0.075880758807588,0.075880758807588,12.178571428571429,4.706296173376274,0.2812365660014514,0.3785714285714285,0.3785714285714285,0.3534136546184739,0.9618768328445748,0.017419527559257797,1.0512794834122787,0.021428571428571408,0.021428571428571408
mDC_Specific_1000,minus,mlp,803/1000,full_candidate,0.088008813560009,0.0457600876688957,0.0422487258911132,0.8140340447425842,0.8146149516105652,0.0005809068679809,0.810982404692082,0.3784041747028462,0.075880758807588,0.075880758807588,12.178571428571429,4.9868264451910855,0.3025234158952581,0.4071428571428571,0.4071428571428571,0.3054187192118227,0.9812316715542522,-0.051265405840989375,0.8806864433453669,-0.04999999999999999,-0.04999999999999999
mDC_Specific_1000,baseline,lr,803/1000,full_candidate,0.0718092173337936,0.0400807037949562,0.0317285135388374,0.9156622886657716,0.9214350581169128,0.0057727694511413,0.8081524926686218,0.3396977972497816,0.075880758807588,0.075880758807588,12.178571428571429,4.476731685184626,0.2638170384421936,0.3571428571428571,0.3571428571428571,0.3373493975903614,0.9607038123167156,0.0,1.0,0.0,0.0
mDC_Specific_1000,baseline,mlp,803/1000,full_candidate,0.0718092173337936,0.0400807037949562,0.0317285135388374,0.9156622886657716,0.9214350581169128,0.0057727694511413,0.8650879765395894,0.4296695805438356,0.075880758807588,0.075880758807588,12.178571428571429,5.662431257881267,0.3537888217362476,0.4571428571428571,0.4571428571428571,0.3179487179487179,0.9859237536656892,0.0,1.0,0.0,0.0
mDC_Specific_1000,scGPT_human,lr,803/1000,full_candidate,0.0663967132568359,0.0440508536994457,0.0223458595573902,2.1096649169921875,2.098433256149292,-0.0112316608428955,0.8196732299958106,0.3099248419207103,0.075880758807588,0.075880758807588,12.178571428571429,4.084366666740793,0.2340440831131222,0.3642857142857142,0.3642857142857142,0.3674911660777385,0.9466275659824048,-0.029772955329071316,0.9123545823078179,0.0071428571428571175,0.0071428571428571175
mDC_Specific_1000,scGPT_human,mlp,803/1000,full_candidate,0.0663967132568359,0.0440508536994457,0.0223458595573902,2.1096649169921875,2.098433256149292,-0.0112316608428955,0.8535295349811479,0.43878149534546,0.075880758807588,0.075880758807588,12.178571428571429,5.782513277945532,0.3629007365378719,0.4285714285714285,0.4285714285714285,0.4107142857142857,0.9777126099706744,0.009111914801624432,1.0212067952078232,-0.02857142857142858,-0.02857142857142858
mDC_Specific_1000,v4_bias_rec_best,lr,803/1000,full_candidate,0.0981063470244407,0.0652324929833412,0.0328738540410995,1.662531852722168,1.6005440950393677,-0.0619877576828002,0.7970465018852115,0.3066609352500151,0.075880758807588,0.075880758807588,12.178571428571429,4.041353039544846,0.230780176442427,0.3142857142857143,0.3142857142857143,0.2956521739130435,0.9671554252199414,-0.03303686199976652,0.9027463166754821,-0.042857142857142816,-0.042857142857142816
mDC_Specific_1000,v4_bias_rec_best,mlp,803/1000,full_candidate,0.0981063470244407,0.0652324929833412,0.0328738540410995,1.662531852722168,1.6005440950393677,-0.0619877576828002,0.8275680770842061,0.3816199083711873,0.075880758807588,0.075880758807588,12.178571428571429,5.02920522103458,0.3057391495635992,0.3714285714285714,0.3714285714285714,0.3060109289617486,0.9912023460410556,-0.04804967217264827,0.8881706447269748,-0.08571428571428569,-0.08571428571428569
mDC_Specific_1000,v4_plain_best,lr,803/1000,full_candidate,0.0794920399785041,0.0512873940169811,0.028204645961523,1.5980713367462158,1.569377303123474,-0.0286940336227417,0.7993171344784248,0.3051278074195027,0.075880758807588,0.075880758807588,12.178571428571429,4.021148604921307,0.2292470486119146,0.2928571428571428,0.2928571428571428,0.3125,0.955425219941349,-0.034569989830278924,0.8982331056893506,-0.06428571428571428,-0.06428571428571428
mDC_Specific_1000,v4_plain_best,mlp,803/1000,full_candidate,0.0794920399785041,0.0512873940169811,0.028204645961523,1.5980713367462158,1.569377303123474,-0.0286940336227417,0.8180163385002095,0.3761089482827829,0.075880758807588,0.075880758807588,12.178571428571429,4.956578639869536,0.3002281894751948,0.3785714285714285,0.3785714285714285,0.321608040201005,0.9841642228739004,-0.053560632261052676,0.8753446027217923,-0.07857142857142857,-0.07857142857142857
mDC_Specific_1000,v4_type_pe_best,lr,803/1000,full_candidate,0.0762228667736053,0.0598626546561718,0.0163602121174335,1.6443028450012207,1.5958948135375977,-0.048408031463623,0.8183242563887726,0.3166468046163874,0.075880758807588,0.075880758807588,12.178571428571429,4.172952532265966,0.2407660458087993,0.3357142857142857,0.3357142857142857,0.3175965665236051,0.9671554252199414,-0.02305099263339422,0.9321426490839305,-0.021428571428571408,-0.021428571428571408
mDC_Specific_1000,v4_type_pe_best,mlp,803/1000,full_candidate,0.0762228667736053,0.0598626546561718,0.0163602121174335,1.6443028450012207,1.5958948135375977,-0.048408031463623,0.8165291160452451,0.3420567251412215,0.075880758807588,0.075880758807588,12.178571428571429,4.507818984896816,0.2661759663336335,0.3714285714285714,0.3714285714285714,0.3248730964467005,0.9853372434017597,-0.0876128554026141,0.7960924874138822,-0.08571428571428569,-0.08571428571428569
mDC_Specific_1000,scconcept,lr,803/1000,full_candidate,0.0251280609518289,0.0109286131337285,0.0141994478181004,30.400297164916992,30.044675827026367,-0.355621337890625,0.7383200670297444,0.2255374311914078,0.075880758807588,0.075880758807588,12.178571428571429,2.972261146772484,0.1496566723838197,0.2785714285714286,0.2785714285714286,0.2818791946308724,0.9319648093841644,-0.11416036605837382,0.6639355127333042,-0.07857142857142851,-0.07857142857142851
mDC_Specific_1000,scconcept,mlp,803/1000,full_candidate,0.0251280609518289,0.0109286131337285,0.0141994478181004,30.400297164916992,30.044675827026367,-0.355621337890625,0.795427314620863,0.2740470806140496,0.075880758807588,0.075880758807588,12.178571428571429,3.6115490266637282,0.1981663218064615,0.3357142857142857,0.3357142857142857,0.1888888888888888,0.9865102639296188,-0.155622499929786,0.6378088955405835,-0.12142857142857139,-0.12142857142857139
mDC_Specific_1000,scconcept_encoded,lr,803/1000,full_candidate,0.3292049169540405,0.274757444858551,0.0544474720954895,21.573226928710938,21.944011688232425,0.3707847595214844,0.8154629241726016,0.2774340099091004,0.075880758807588,0.075880758807588,12.178571428571429,3.6561839163020764,0.2015532511015123,0.3142857142857143,0.3142857142857143,0.3023255813953488,0.95366568914956,-0.06226378734068122,0.8167082982439879,-0.042857142857142816,-0.042857142857142816
mDC_Specific_1000,scconcept_encoded,mlp,803/1000,full_candidate,0.3292049169540405,0.274757444858551,0.0544474720954895,21.573226928710938,21.944011688232425,0.3707847595214844,0.8236007540846252,0.300620606154744,0.075880758807588,0.075880758807588,12.178571428571429,3.9617501311107373,0.224739847347156,0.3785714285714285,0.3785714285714285,0.2291666666666666,0.9824046920821116,-0.12904897438909158,0.6996553160087492,-0.07857142857142857,-0.07857142857142857
mDC_Specific_1000,cl_scratch_v5,lr,803/1000,full_candidate,0.08405751734972,0.059276595711708,0.0247809216380119,1.634212851524353,1.5962393283843994,-0.0379735231399536,0.8317385839966486,0.3502797052764791,0.075880758807588,0.075880758807588,12.178571428571429,4.616186115965033,0.274398946468891,0.4,0.4,0.3734439834024896,0.9671554252199414,0.010581908026697506,1.0311509468485502,0.04285714285714293,0.04285714285714293
mDC_Specific_1000,cl_scratch_v5,mlp,803/1000,full_candidate,0.08405751734972,0.059276595711708,0.0247809216380119,1.634212851524353,1.5962393283843994,-0.0379735231399536,0.8365710096355258,0.3823109428795714,0.075880758807588,0.075880758807588,12.178571428571429,5.038312068662928,0.3064301840719833,0.4214285714285714,0.4214285714285714,0.3800904977375565,0.9771260997067448,-0.04735863766426418,0.88977893756332,-0.0357142857142857,-0.0357142857142857
mDC_Non-Specific_500,minus,lr,387/500,tf_stratified_1to10,0.2717746496200561,0.0713880360126495,0.2003866136074066,0.7419153451919556,0.8003951907157898,0.0584798455238342,0.7123966942148761,0.4612285607178354,0.0909090909090909,0.0909090909090909,10.0,5.073514167896191,0.3703194698087445,0.5454545454545454,0.5454545454545454,0.5,0.990909090909091,-0.0702992037401105,0.8677412386692502,0.0,0.0
mDC_Non-Specific_500,minus,mlp,387/500,tf_stratified_1to10,0.2717746496200561,0.0713880360126495,0.2003866136074066,0.7419153451919556,0.8003951907157898,0.0584798455238342,0.5140495867768594,0.1027835036699218,0.0909090909090909,0.0909090909090909,10.0,1.13061854036914,0.0118744127608309,0.0909090909090909,0.0909090909090909,0.0,0.990909090909091,-0.3376063194886641,0.23339209551377194,-0.2727272727272727,-0.2727272727272727
mDC_Non-Specific_500,baseline,lr,387/500,tf_stratified_1to10,0.2591994106769562,0.0606628693640232,0.1985365413129329,0.8645002841949463,0.9229934215545654,0.0584931373596191,0.7388429752066116,0.5315277644579459,0.0909090909090909,0.0909090909090909,10.0,5.8468054090374055,0.440618673548855,0.5454545454545454,0.5454545454545454,0.4,0.990909090909091,0.0,1.0,0.0,0.0
mDC_Non-Specific_500,baseline,mlp,387/500,tf_stratified_1to10,0.2591994106769562,0.0606628693640232,0.1985365413129329,0.8645002841949463,0.9229934215545654,0.0584931373596191,0.7388429752066116,0.4403898231585859,0.0909090909090909,0.0909090909090909,10.0,4.844288054744445,0.3494807322494949,0.3636363636363636,0.3636363636363636,0.4,0.990909090909091,0.0,1.0,0.0,0.0
mDC_Non-Specific_500,scGPT_human,lr,387/500,tf_stratified_1to10,0.2293932437896728,0.0571053549647331,0.1722878888249397,1.9312942028045652,2.0389859676361084,0.1076917648315429,0.7396694214876034,0.3177257609812701,0.0909090909090909,0.0909090909090909,10.0,3.4949833707939715,0.2268166700721792,0.3636363636363636,0.3636363636363636,0.1428571428571428,0.9818181818181818,-0.21380200347667583,0.5977594816806758,-0.18181818181818182,-0.18181818181818182
mDC_Non-Specific_500,scGPT_human,mlp,387/500,tf_stratified_1to10,0.2293932437896728,0.0571053549647331,0.1722878888249397,1.9312942028045652,2.0389859676361084,0.1076917648315429,0.652892561983471,0.2841712374705218,0.0909090909090909,0.0909090909090909,10.0,3.1258836121757403,0.1932621465614309,0.2727272727272727,0.2727272727272727,0.0,1.0,-0.15621858568806407,0.6452720351991212,-0.09090909090909088,-0.09090909090909088
mDC_Non-Specific_500,v4_bias_rec_best,lr,387/500,tf_stratified_1to10,0.3147524297237396,0.0923220738768577,0.2224303558468818,1.4757388830184937,1.5813088417053225,0.1055699586868286,0.7223140495867768,0.6238868689450086,0.0909090909090909,0.0909090909090909,10.0,6.8627555583950945,0.5329777780359176,0.6363636363636364,0.6363636363636364,0.3076923076923077,1.0,0.09235910448706264,1.173761580603886,0.09090909090909094,0.09090909090909094
mDC_Non-Specific_500,v4_bias_rec_best,mlp,387/500,tf_stratified_1to10,0.3147524297237396,0.0923220738768577,0.2224303558468818,1.4757388830184937,1.5813088417053225,0.1055699586868286,0.715702479338843,0.2096444339623754,0.0909090909090909,0.0909090909090909,10.0,2.3060887735861297,0.1187353430532844,0.2727272727272727,0.2727272727272727,0.0,1.0,-0.2307453891962105,0.476042866882693,-0.09090909090909088,-0.09090909090909088
mDC_Non-Specific_500,v4_plain_best,lr,387/500,tf_stratified_1to10,0.2779949903488159,0.0804347395896911,0.1975602507591247,1.431448459625244,1.539573073387146,0.1081246137619018,0.7958677685950414,0.550544499884622,0.0909090909090909,0.0909090909090909,10.0,6.055989498730842,0.459635408975531,0.4545454545454545,0.4545454545454545,0.5333333333333333,1.0,0.019016735426676035,1.0357775015686517,-0.09090909090909094,-0.09090909090909094
mDC_Non-Specific_500,v4_plain_best,mlp,387/500,tf_stratified_1to10,0.2779949903488159,0.0804347395896911,0.1975602507591247,1.431448459625244,1.539573073387146,0.1081246137619018,0.6694214876033058,0.2253383926066794,0.0909090909090909,0.0909090909090909,10.0,2.4787223186734737,0.1344293016975885,0.2727272727272727,0.2727272727272727,0.0,1.0,-0.21505143055190648,0.5116793821221756,-0.09090909090909088,-0.09090909090909088
mDC_Non-Specific_500,v4_type_pe_best,lr,387/500,tf_stratified_1to10,0.306522935628891,0.0844162479043006,0.2221066877245903,1.4197460412979126,1.5535110235214231,0.1337649822235107,0.7388429752066116,0.4138000361876606,0.0909090909090909,0.0909090909090909,10.0,4.551800398064267,0.3228909452785696,0.4545454545454545,0.4545454545454545,0.4705882352941176,0.9818181818181818,-0.11772772827028533,0.778510670293311,-0.09090909090909094,-0.09090909090909094
mDC_Non-Specific_500,v4_type_pe_best,mlp,387/500,tf_stratified_1to10,0.306522935628891,0.0844162479043006,0.2221066877245903,1.4197460412979126,1.5535110235214231,0.1337649822235107,0.6991735537190082,0.3378823357120647,0.0909090909090909,0.0909090909090909,10.0,3.7167056928327122,0.2469732448029738,0.4545454545454545,0.4545454545454545,0.4761904761904761,0.9545454545454546,-0.10250748744652116,0.7672346588045295,0.09090909090909088,0.09090909090909088
mDC_Non-Specific_500,scconcept,lr,387/500,tf_stratified_1to10,0.1152823269367218,0.0101815136149525,0.1051008133217692,29.39606285095215,30.036243438720703,0.6401805877685547,0.5504132231404959,0.2012689056176062,0.0909090909090909,0.0909090909090909,10.0,2.2139579617936684,0.1103598147085152,0.2727272727272727,0.2727272727272727,0.0,0.990909090909091,-0.33025885884033973,0.37866113320131267,-0.2727272727272727,-0.2727272727272727
mDC_Non-Specific_500,scconcept,mlp,387/500,tf_stratified_1to10,0.1152823269367218,0.0101815136149525,0.1051008133217692,29.39606285095215,30.036243438720703,0.6401805877685547,0.4809917355371901,0.1108282847268717,0.0909090909090909,0.0909090909090909,10.0,1.219111131995589,0.0199191938177808,0.0909090909090909,0.0909090909090909,0.0,1.0,-0.3295615384317142,0.2516595045997738,-0.2727272727272727,-0.2727272727272727
mDC_Non-Specific_500,scconcept_encoded,lr,387/500,tf_stratified_1to10,0.364502876996994,0.30266273021698,0.061840146780014,20.764970779418945,20.5499267578125,-0.2150440216064453,0.615702479338843,0.1621996358209836,0.0909090909090909,0.0909090909090909,10.0,1.7841959940308199,0.0712905449118927,0.2727272727272727,0.2727272727272727,0.1176470588235294,0.9545454545454546,-0.3693281286369623,0.3051574097665348,-0.2727272727272727,-0.2727272727272727
mDC_Non-Specific_500,scconcept_encoded,mlp,387/500,tf_stratified_1to10,0.364502876996994,0.30266273021698,0.061840146780014,20.764970779418945,20.5499267578125,-0.2150440216064453,0.6363636363636364,0.1872076836260439,0.0909090909090909,0.0909090909090909,10.0,2.059284519886483,0.096298592716953,0.2727272727272727,0.2727272727272727,0.0,0.990909090909091,-0.253182139532542,0.4250953899963982,-0.09090909090909088,-0.09090909090909088
mDC_Non-Specific_500,cl_scratch_v5,lr,387/500,tf_stratified_1to10,0.2981187999248504,0.0781948119401931,0.2199239879846573,1.4322205781936646,1.5645345449447632,0.1323139667510986,0.7438016528925621,0.5107842120420186,0.0909090909090909,0.0909090909090909,10.0,5.618626332462205,0.4198751211329277,0.5454545454545454,0.5454545454545454,0.375,0.9818181818181818,-0.02074355241592729,0.9609737180200142,0.0,0.0
mDC_Non-Specific_500,cl_scratch_v5,mlp,387/500,tf_stratified_1to10,0.2981187999248504,0.0781948119401931,0.2199239879846573,1.4322205781936646,1.5645345449447632,0.1323139667510986,0.6049586776859505,0.2335817391747237,0.0909090909090909,0.0909090909090909,10.0,2.569399130921961,0.1426726482656328,0.2727272727272727,0.2727272727272727,0.0,1.0,-0.2068080839838622,0.5303976769931174,-0.09090909090909088,-0.09090909090909088
mDC_Non-Specific_500,minus,lr,387/500,full_candidate,0.2717746496200561,0.0798491463065147,0.1919255033135414,0.7419153451919556,0.8171888589859009,0.0752735137939453,0.7386363636363636,0.2478488733985609,0.0135635018495684,0.0135635018495684,72.72727272727273,18.273221484203034,0.2342853715489924,0.3636363636363636,0.3636363636363636,0.1428571428571428,0.9975,0.053647235570477014,1.2762450212596455,0.1818181818181818,0.1818181818181818
mDC_Non-Specific_500,minus,mlp,387/500,full_candidate,0.2717746496200561,0.0798491463065147,0.1919255033135414,0.7419153451919556,0.8171888589859009,0.0752735137939453,0.5502272727272728,0.0184730121637105,0.0135635018495684,0.0135635018495684,72.72727272727273,1.361964805888114,0.004909510314142,0.0,0.0,0.0,1.0,-0.0403972818650244,0.31379174282183353,-0.0909090909090909,-0.0909090909090909
mDC_Non-Specific_500,baseline,lr,387/500,full_candidate,0.2591994106769562,0.0772869288921356,0.1819124817848205,0.8645002841949463,0.9426965117454528,0.0781962275505065,0.7222727272727273,0.1942016378280839,0.0135635018495684,0.0135635018495684,72.72727272727273,14.31795711623422,0.1806381359785155,0.1818181818181818,0.1818181818181818,0.1666666666666666,1.0,0.0,1.0,0.0,0.0
mDC_Non-Specific_500,baseline,mlp,387/500,full_candidate,0.2591994106769562,0.0772869288921356,0.1819124817848205,0.8645002841949463,0.9426965117454528,0.0781962275505065,0.5032954545454547,0.0588702940287349,0.0135635018495684,0.0135635018495684,72.72727272727273,4.3403462233912835,0.0453067921791664,0.0909090909090909,0.0909090909090909,0.0,1.0,0.0,1.0,0.0,0.0
mDC_Non-Specific_500,scGPT_human,lr,387/500,full_candidate,0.2293932437896728,0.0730383992195129,0.1563548445701599,1.9312942028045652,2.057655572891236,0.1263613700866699,0.7547727272727273,0.1121046594220364,0.0135635018495684,0.0135635018495684,72.72727272727273,8.265170799206523,0.0985411575724679,0.1818181818181818,0.1818181818181818,0.0,0.9975,-0.08209697840604749,0.5772590832693004,0.0,0.0
mDC_Non-Specific_500,scGPT_human,mlp,387/500,full_candidate,0.2293932437896728,0.0730383992195129,0.1563548445701599,1.9312942028045652,2.057655572891236,0.1263613700866699,0.7351136363636362,0.0474223849749122,0.0135635018495684,0.0135635018495684,72.72727272727273,3.4963231104230807,0.0338588831253438,0.0,0.0,0.0,1.0,-0.011447909053822702,0.8055401413786907,-0.0909090909090909,-0.0909090909090909
mDC_Non-Specific_500,v4_bias_rec_best,lr,387/500,full_candidate,0.3147524297237396,0.1104055419564247,0.2043468877673149,1.4757388830184937,1.6293998956680298,0.1536610126495361,0.6927272727272727,0.2150986214867122,0.0135635018495684,0.0135635018495684,72.72727272727273,15.858634729611275,0.2015351196371438,0.2727272727272727,0.2727272727272727,0.25,0.99625,0.0208969836586283,1.1076045696232864,0.09090909090909091,0.09090909090909091
mDC_Non-Specific_500,v4_bias_rec_best,mlp,387/500,full_candidate,0.3147524297237396,0.1104055419564247,0.2043468877673149,1.4757388830184937,1.6293998956680298,0.1536610126495361,0.6510227272727273,0.0302371327519632,0.0135635018495684,0.0135635018495684,72.72727272727273,2.229301332894747,0.0166736309023948,0.0,0.0,0.0,1.0,-0.0286331612767717,0.5136229273324896,-0.0909090909090909,-0.0909090909090909
mDC_Non-Specific_500,v4_plain_best,lr,387/500,full_candidate,0.2779949903488159,0.0895783826708793,0.1884166076779365,1.431448459625244,1.5715439319610596,0.1400954723358154,0.7676136363636363,0.1389339980422596,0.0135635018495684,0.0135635018495684,72.72727272727273,10.243224764752073,0.1253704961926911,0.2727272727272727,0.2727272727272727,0.1538461538461538,0.99875,-0.0552676397858243,0.7154110521212508,0.09090909090909091,0.09090909090909091
mDC_Non-Specific_500,v4_plain_best,mlp,387/500,full_candidate,0.2779949903488159,0.0895783826708793,0.1884166076779365,1.431448459625244,1.5715439319610596,0.1400954723358154,0.6131818181818183,0.0192934035435691,0.0135635018495684,0.0135635018495684,72.72727272727273,1.4224500248940526,0.0057299016940007,0.0,0.0,0.0,1.0,-0.0395768904851658,0.32772731751860945,-0.0909090909090909,-0.0909090909090909
mDC_Non-Specific_500,v4_type_pe_best,lr,387/500,full_candidate,0.306522935628891,0.0999177172780036,0.2066052183508873,1.4197460412979126,1.5858441591262815,0.1660981178283691,0.7079545454545455,0.2093119189475402,0.0135635018495684,0.0135635018495684,72.72727272727273,15.431996933314139,0.1957484170979717,0.2727272727272727,0.2727272727272727,0.1428571428571428,0.9975,0.01511028111945631,1.0778071765431383,0.09090909090909091,0.09090909090909091
mDC_Non-Specific_500,v4_type_pe_best,mlp,387/500,full_candidate,0.306522935628891,0.0999177172780036,0.2066052183508873,1.4197460412979126,1.5858441591262815,0.1660981178283691,0.6482954545454545,0.0251238511139408,0.0135635018495684,0.0135635018495684,72.72727272727273,1.8523130230369127,0.0115603492643724,0.0,0.0,0.0,1.0,-0.0337464429147941,0.4267661904606374,-0.0909090909090909,-0.0909090909090909
mDC_Non-Specific_500,scconcept,lr,387/500,full_candidate,0.1152823269367218,0.0124327298253774,0.1028495971113443,29.39606285095215,30.217103958129883,0.8210411071777344,0.5959090909090908,0.110419955600261,0.0135635018495684,0.0135635018495684,72.72727272727273,8.140962181073808,0.0968564537506925,0.0909090909090909,0.0909090909090909,0.1428571428571428,0.9975,-0.0837816822278229,0.5685840595124628,-0.0909090909090909,-0.0909090909090909
mDC_Non-Specific_500,scconcept,mlp,387/500,full_candidate,0.1152823269367218,0.0124327298253774,0.1028495971113443,29.39606285095215,30.217103958129883,0.8210411071777344,0.5449999999999999,0.0201914422855194,0.0135635018495684,0.0135635018495684,72.72727272727273,1.4886599721414795,0.0066279404359509,0.0,0.0,0.0,1.0,-0.0386788517432155,0.34298184880245125,-0.0909090909090909,-0.0909090909090909
mDC_Non-Specific_500,scconcept_encoded,lr,387/500,full_candidate,0.364502876996994,0.3035429418087005,0.0609599351882934,20.764970779418945,20.90616226196289,0.1411914825439453,0.6259090909090909,0.0224018840999717,0.0135635018495684,0.0135635018495684,72.72727272727273,1.6516298186433722,0.0088383822504033,0.0,0.0,0.0,0.9975,-0.17179975372811218,0.11535373414205119,-0.1818181818181818,-0.1818181818181818
mDC_Non-Specific_500,scconcept_encoded,mlp,387/500,full_candidate,0.364502876996994,0.3035429418087005,0.0609599351882934,20.764970779418945,20.90616226196289,0.1411914825439453,0.6834090909090909,0.0241512708265621,0.0135635018495684,0.0135635018495684,72.72727272727273,1.7806073309401738,0.0105877689769937,0.0,0.0,0.0,1.0,-0.0347190232021728,0.4102454595313171,-0.0909090909090909,-0.0909090909090909
mDC_Non-Specific_500,cl_scratch_v5,lr,387/500,full_candidate,0.2981187999248504,0.0961245000362396,0.2019942998886108,1.4322205781936646,1.587795972824097,0.1555753946304321,0.7607954545454546,0.2138140932260924,0.0135635018495684,0.0135635018495684,72.72727272727273,15.76392996421467,0.2002505913765239,0.1818181818181818,0.1818181818181818,0.1666666666666666,1.0,0.019612455398008516,1.1009901647450078,0.0,0.0
mDC_Non-Specific_500,cl_scratch_v5,mlp,387/500,full_candidate,0.2981187999248504,0.0961245000362396,0.2019942998886108,1.4322205781936646,1.587795972824097,0.1555753946304321,0.5552272727272728,0.0545415067322921,0.0135635018495684,0.0135635018495684,72.72727272727273,4.0211965418080915,0.0409780048827237,0.1818181818181818,0.1818181818181818,0.0,1.0,-0.0043287872964428015,0.9264690729363456,0.0909090909090909,0.0909090909090909
mDC_Non-Specific_1000,minus,lr,803/1000,tf_stratified_1to10,0.1610428392887115,0.0409344136714935,0.120108425617218,0.728769063949585,0.7671967148780823,0.0384276509284973,0.769079382248663,0.3025250429938974,0.0909090909090909,0.0909090909090909,10.0,3.3277754729328715,0.2116159520848064,0.3875968992248062,0.3875968992248062,0.3846153846153846,0.9372093023255814,0.026340057040002474,1.095371067869705,0.06976744186046513,0.06976744186046513
mDC_Non-Specific_1000,minus,mlp,803/1000,tf_stratified_1to10,0.1610428392887115,0.0409344136714935,0.120108425617218,0.728769063949585,0.7671967148780823,0.0384276509284973,0.8240249984976864,0.518185162883519,0.0909090909090909,0.0909090909090909,10.0,5.70003679171871,0.4272760719744281,0.5038759689922481,0.5038759689922481,0.4222222222222222,0.9899224806201552,0.030266238653898436,1.0620312866562536,0.03875968992248069,0.03875968992248069
mDC_Non-Specific_1000,baseline,lr,803/1000,tf_stratified_1to10,0.1638016402721405,0.0389328189194202,0.1248688213527202,0.8165728449821472,0.8617569804191589,0.0451841354370117,0.7461420587705065,0.2761849859538949,0.0909090909090909,0.0909090909090909,10.0,3.0380348454928443,0.185275895044804,0.3178294573643411,0.3178294573643411,0.3253968253968254,0.9364341085271318,0.0,1.0,0.0,0.0
mDC_Non-Specific_1000,baseline,mlp,803/1000,tf_stratified_1to10,0.1638016402721405,0.0389328189194202,0.1248688213527202,0.8165728449821472,0.8617569804191589,0.0451841354370117,0.8267351721651341,0.4879189242296206,0.0909090909090909,0.0909090909090909,10.0,5.367108166525827,0.3970098333205296,0.4651162790697674,0.4651162790697674,0.3493975903614458,0.993798449612403,0.0,1.0,0.0,0.0
mDC_Non-Specific_1000,scGPT_human,lr,803/1000,tf_stratified_1to10,0.1241291835904121,0.0358898639678955,0.0882393196225166,1.9278706312179563,1.9900981187820437,0.0622274875640869,0.7291989664082688,0.2999125455243748,0.0909090909090909,0.0909090909090909,10.0,3.2990380007681233,0.2090034546152838,0.3488372093023256,0.3488372093023256,0.3507462686567164,0.9286821705426356,0.023727559570479895,1.0859118372728664,0.031007751937984496,0.031007751937984496
mDC_Non-Specific_1000,scGPT_human,mlp,803/1000,tf_stratified_1to10,0.1241291835904121,0.0358898639678955,0.0882393196225166,1.9278706312179563,1.9900981187820437,0.0622274875640869,0.8061895318790938,0.5090341748288782,0.0909090909090909,0.0909090909090909,10.0,5.599375923117662,0.4181250839197873,0.5116279069767442,0.5116279069767442,0.4090909090909091,0.9914728682170544,0.021115250599257673,1.043276145996175,0.04651162790697683,0.04651162790697683
mDC_Non-Specific_1000,v4_bias_rec_best,lr,803/1000,tf_stratified_1to10,0.1802670955657959,0.0566108748316764,0.1236562207341194,1.4166560173034668,1.494441270828247,0.0777852535247802,0.7500330508983835,0.3111997615407887,0.0909090909090909,0.0909090909090909,10.0,3.4231973769486763,0.2202906706316978,0.3565891472868217,0.3565891472868217,0.3471074380165289,0.9449612403100776,0.03501477558689381,1.1267801559377273,0.03875968992248058,0.03875968992248058
mDC_Non-Specific_1000,v4_bias_rec_best,mlp,803/1000,tf_stratified_1to10,0.1802670955657959,0.0566108748316764,0.1236562207341194,1.4166560173034668,1.494441270828247,0.0777852535247802,0.8177813833303288,0.4401660645109726,0.0909090909090909,0.0909090909090909,10.0,4.841826709620699,0.3492569736018817,0.4573643410852713,0.4573643410852713,0.1549295774647887,0.9984496124031008,-0.047752859718647955,0.90212951917361,-0.007751937984496082,-0.007751937984496082
mDC_Non-Specific_1000,v4_plain_best,lr,803/1000,tf_stratified_1to10,0.16913603246212,0.044501107186079,0.124634925276041,1.402402400970459,1.4830549955368042,0.0806525945663452,0.791052220419446,0.2990750823593361,0.0909090909090909,0.0909090909090909,10.0,3.2898259059526977,0.2081659914502452,0.3255813953488372,0.3255813953488372,0.3333333333333333,0.9410852713178296,0.022890096405441207,1.0828795827781252,0.007751937984496082,0.007751937984496082
mDC_Non-Specific_1000,v4_plain_best,mlp,803/1000,tf_stratified_1to10,0.16913603246212,0.044501107186079,0.124634925276041,1.402402400970459,1.4830549955368042,0.0806525945663452,0.821296797067484,0.4276549494354139,0.0909090909090909,0.0909090909090909,10.0,4.704204443789553,0.336745858526323,0.3875968992248062,0.3875968992248062,0.384180790960452,0.9891472868217054,-0.0602639747942067,0.876487728182796,-0.07751937984496116,-0.07751937984496116
mDC_Non-Specific_1000,v4_type_pe_best,lr,803/1000,tf_stratified_1to10,0.1649639755487442,0.0467773824930191,0.1181865930557251,1.4121191501617432,1.493297815322876,0.0811786651611328,0.7641397752538911,0.2952533690265879,0.0909090909090909,0.0909090909090909,10.0,3.247787059292467,0.204344278117497,0.3488372093023256,0.3488372093023256,0.3474903474903475,0.9341085271317828,0.019068383072692985,1.0690420697809988,0.031007751937984496,0.031007751937984496
mDC_Non-Specific_1000,v4_type_pe_best,mlp,803/1000,tf_stratified_1to10,0.1649639755487442,0.0467773824930191,0.1181865930557251,1.4121191501617432,1.493297815322876,0.0811786651611328,0.8320653806862568,0.4706873221481168,0.0909090909090909,0.0909090909090909,10.0,5.177560543629285,0.3797782312390259,0.4961240310077519,0.4961240310077519,0.384180790960452,0.9891472868217054,-0.01723160208150376,0.9646834725488238,0.031007751937984496,0.031007751937984496
mDC_Non-Specific_1000,scconcept,lr,803/1000,tf_stratified_1to10,0.0413640588521957,0.0095077808946371,0.0318562779575586,28.584569931030277,28.536052703857425,-0.0485172271728515,0.6621777537407607,0.2110498945285765,0.0909090909090909,0.0909090909090909,10.0,2.321548839814342,0.1201408036194856,0.2635658914728682,0.2635658914728682,0.2707692307692307,0.8821705426356589,-0.0651350914253184,0.7641613601827301,-0.05426356589147291,-0.05426356589147291
mDC_Non-Specific_1000,scconcept,mlp,803/1000,tf_stratified_1to10,0.0413640588521957,0.0095077808946371,0.0318562779575586,28.584569931030277,28.536052703857425,-0.0485172271728515,0.6394207078901508,0.1909079267202832,0.0909090909090909,0.0909090909090909,10.0,2.0999871939231154,0.0999988358111923,0.2403100775193798,0.2403100775193798,0.141025641025641,0.9875968992248062,-0.29701099750933735,0.3912697729888411,-0.22480620155038758,-0.22480620155038758
mDC_Non-Specific_1000,scconcept_encoded,lr,803/1000,tf_stratified_1to10,0.2608996331691742,0.2049465030431747,0.0559531301259994,21.41888427734375,21.720369338989254,0.3014850616455078,0.6150201310017427,0.1623800325128806,0.0909090909090909,0.0909090909090909,10.0,1.7861803576416868,0.0714709416037897,0.2325581395348837,0.2325581395348837,0.2535211267605634,0.9077519379844962,-0.1138049534410143,0.5879393912455024,-0.0852713178294574,-0.0852713178294574
mDC_Non-Specific_1000,scconcept_encoded,mlp,803/1000,tf_stratified_1to10,0.2608996331691742,0.2049465030431747,0.0559531301259994,21.41888427734375,21.720369338989254,0.3014850616455078,0.5888948981431404,0.1688042748968192,0.0909090909090909,0.0909090909090909,10.0,1.8568470238650114,0.0778951839877283,0.1937984496124031,0.1937984496124031,0.1428571428571428,0.9891472868217054,-0.31911464933280137,0.3459678780923403,-0.27131782945736427,-0.27131782945736427
mDC_Non-Specific_1000,cl_scratch_v5,lr,803/1000,tf_stratified_1to10,0.1761194318532943,0.0468895472586154,0.1292298845946788,1.4173734188079834,1.5046793222427368,0.0873059034347534,0.7644222102037136,0.3610587761125972,0.0909090909090909,0.0909090909090909,10.0,3.9716465372385694,0.2701496852035062,0.4108527131782946,0.4108527131782946,0.4031620553359684,0.9434108527131784,0.08487379015870228,1.307307762822671,0.09302325581395349,0.09302325581395349
mDC_Non-Specific_1000,cl_scratch_v5,mlp,803/1000,tf_stratified_1to10,0.1761194318532943,0.0468895472586154,0.1292298845946788,1.4173734188079834,1.5046793222427368,0.0873059034347534,0.8302565951565412,0.5082868089600427,0.0909090909090909,0.0909090909090909,10.0,5.591154898560471,0.4173777180509518,0.4883720930232558,0.4883720930232558,0.4022346368715084,0.9891472868217054,0.02036788473042217,1.0417444040781596,0.023255813953488413,0.023255813953488413
mDC_Non-Specific_1000,minus,lr,803/1000,full_candidate,0.1610428392887115,0.0568669661879539,0.1041758731007576,0.728769063949585,0.7893958687782288,0.0606268048286438,0.8754655969516618,0.2441367268281132,0.0143349261029003,0.0143349261029003,68.75968992248062,17.03090236221856,0.2298018007252129,0.3100775193798449,0.3100775193798449,0.2352941176470588,0.9976324689966178,0.07163440754351108,1.4152663444792613,0.0852713178294573,0.0852713178294573
mDC_Non-Specific_1000,minus,mlp,803/1000,full_candidate,0.1610428392887115,0.0568669661879539,0.1041758731007576,0.728769063949585,0.7893958687782288,0.0606268048286438,0.8710136947991225,0.197635119363374,0.0143349261029003,0.0143349261029003,68.75968992248062,13.786964644581436,0.1833001932604737,0.2635658914728682,0.2635658914728682,0.0153846153846153,1.0,0.0064870639717495016,1.033937378847296,-0.007751937984496138,-0.007751937984496138
mDC_Non-Specific_1000,baseline,lr,803/1000,full_candidate,0.1638016402721405,0.0508715398609638,0.1129301004111766,0.8165728449821472,0.8858702182769775,0.0692973732948303,0.8637170848518217,0.1725023192846021,0.0143349261029003,0.0143349261029003,68.75968992248062,12.03370830420261,0.1581673931817017,0.2248062015503876,0.2248062015503876,0.1635220125786163,0.9980834272829764,0.0,1.0,0.0,0.0
mDC_Non-Specific_1000,baseline,mlp,803/1000,full_candidate,0.1638016402721405,0.0508715398609638,0.1129301004111766,0.8165728449821472,0.8858702182769775,0.0692973732948303,0.8737255621684451,0.1911480553916245,0.0143349261029003,0.0143349261029003,68.75968992248062,13.334429073404895,0.1768131292887241,0.2713178294573643,0.2713178294573643,0.0444444444444444,0.9996617812852312,0.0,1.0,0.0,0.0
mDC_Non-Specific_1000,scGPT_human,lr,803/1000,full_candidate,0.1241291835904121,0.0465001575648784,0.0776290260255336,1.9278706312179563,2.046781301498413,0.1189106702804565,0.823445461139806,0.1925611741270554,0.0143349261029003,0.0143349261029003,68.75968992248062,13.433007798212202,0.178226248024155,0.2945736434108527,0.2945736434108527,0.3,0.9896279594137544,0.02005885484245329,1.1162816530562658,0.06976744186046507,0.06976744186046507
mDC_Non-Specific_1000,scGPT_human,mlp,803/1000,full_candidate,0.1241291835904121,0.0465001575648784,0.0776290260255336,1.9278706312179563,2.046781301498413,0.1189106702804565,0.8856348810990796,0.2851570214039142,0.0143349261029003,0.0143349261029003,68.75968992248062,19.892465392355252,0.2708220953010139,0.3178294573643411,0.3178294573643411,0.1538461538461538,0.9996617812852312,0.0940089660122897,1.4918123065373798,0.04651162790697677,0.04651162790697677
mDC_Non-Specific_1000,v4_bias_rec_best,lr,803/1000,full_candidate,0.1802670955657959,0.0725734904408454,0.1076936051249504,1.4166560173034668,1.527377963066101,0.1107219457626342,0.858845686618949,0.1750921090736371,0.0143349261029003,0.0143349261029003,68.75968992248062,12.214371236850097,0.1607571829707368,0.2790697674418604,0.2790697674418604,0.2080924855491329,0.9970687711386697,0.0025897897890349852,1.0150130722866526,0.0542635658914728,0.0542635658914728
mDC_Non-Specific_1000,v4_bias_rec_best,mlp,803/1000,full_candidate,0.1802670955657959,0.0725734904408454,0.1076936051249504,1.4166560173034668,1.527377963066101,0.1107219457626342,0.8681191718448215,0.1821383610946569,0.0143349261029003,0.0143349261029003,68.75968992248062,12.705915592952092,0.1678034349917566,0.2558139534883721,0.2558139534883721,0.0451127819548872,0.9998872604284104,-0.009009694296967602,0.9528653625143687,-0.01550387596899222,-0.01550387596899222
mDC_Non-Specific_1000,v4_plain_best,lr,803/1000,full_candidate,0.16913603246212,0.0560441017150878,0.1130919307470321,1.402402400970459,1.5201702117919922,0.1177678108215332,0.8641077405766323,0.1913440442334071,0.0143349261029003,0.0143349261029003,68.75968992248062,13.348101194235914,0.1770091181305068,0.2713178294573643,0.2713178294573643,0.2196531791907514,0.9971815107102592,0.018841724948804983,1.1092259224510428,0.046511627906976716,0.046511627906976716
mDC_Non-Specific_1000,v4_plain_best,mlp,803/1000,full_candidate,0.16913603246212,0.0560441017150878,0.1130919307470321,1.402402400970459,1.5201702117919922,0.1177678108215332,0.8855597213846866,0.2401558572280852,0.0143349261029003,0.0143349261029003,68.75968992248062,16.753198133298774,0.2258209311251849,0.3023255813953488,0.3023255813953488,0.2375,0.9986471251409244,0.049007801836460696,1.256386609510902,0.031007751937984496,0.031007751937984496
mDC_Non-Specific_1000,v4_type_pe_best,lr,803/1000,full_candidate,0.1649639755487442,0.0627996996045112,0.1021642759442329,1.4121191501617432,1.534393548965454,0.1222743988037109,0.8612193352735028,0.1848587667829564,0.0143349261029003,0.0143349261029003,68.75968992248062,12.895690250231219,0.170523840680056,0.2790697674418604,0.2790697674418604,0.175,0.9980834272829764,0.012356447498354295,1.0716306166177862,0.0542635658914728,0.0542635658914728
mDC_Non-Specific_1000,v4_type_pe_best,mlp,803/1000,full_candidate,0.1649639755487442,0.0627996996045112,0.1021642759442329,1.4121191501617432,1.534393548965454,0.1222743988037109,0.8747367225120825,0.1748221190072128,0.0143349261029003,0.0143349261029003,68.75968992248062,12.19553681353419,0.1604871929043125,0.2558139534883721,0.2558139534883721,0.0303030303030303,0.9998872604284104,-0.016325936384411682,0.9145900995384805,-0.01550387596899222,-0.01550387596899222
mDC_Non-Specific_1000,scconcept,lr,803/1000,full_candidate,0.0413640588521957,0.0095273433253169,0.0318367155268788,28.584569931030277,29.416423797607425,0.8318538665771484,0.7391853036539856,0.1262213707604088,0.0143349261029003,0.0143349261029003,68.75968992248062,8.805163685836593,0.1118864446575085,0.2403100775193798,0.2403100775193798,0.2429906542056074,0.993348365276212,-0.046280948524193316,0.7317082534534686,0.015503875968992192,0.015503875968992192
mDC_Non-Specific_1000,scconcept,mlp,803/1000,full_candidate,0.0413640588521957,0.0095273433253169,0.0318367155268788,28.584569931030277,29.416423797607425,0.8318538665771484,0.7907439937774748,0.0871346802017655,0.0143349261029003,0.0143349261029003,68.75968992248062,6.078488272369682,0.0727997540988652,0.1395348837209302,0.1395348837209302,0.0,0.9998872604284104,-0.104013375189859,0.4558491585135083,-0.13178294573643412,-0.13178294573643412
mDC_Non-Specific_1000,scconcept_encoded,lr,803/1000,full_candidate,0.2608996331691742,0.229130744934082,0.0317688882350921,21.41888427734375,22.14292907714844,0.7240447998046875,0.7415685657603803,0.090513497152457,0.0143349261029003,0.0143349261029003,68.75968992248062,6.3141934951547425,0.0761785710495567,0.1705426356589147,0.1705426356589147,0.1333333333333333,0.9956031567080044,-0.0819888221321451,0.5247088707434927,-0.05426356589147291,-0.05426356589147291
mDC_Non-Specific_1000,scconcept_encoded,mlp,803/1000,full_candidate,0.2608996331691742,0.229130744934082,0.0317688882350921,21.41888427734375,22.14292907714844,0.7240447998046875,0.7358372005628241,0.0593390385174834,0.0143349261029003,0.0143349261029003,68.75968992248062,4.139472927277782,0.0450041124145831,0.0852713178294573,0.0852713178294573,0.0,1.0,-0.1318090168741411,0.3104349578441144,-0.18604651162790703,-0.18604651162790703
mDC_Non-Specific_1000,cl_scratch_v5,lr,803/1000,full_candidate,0.1761194318532943,0.0618522502481937,0.1142671816051006,1.4173734188079834,1.541280746459961,0.1239073276519775,0.8718824012654799,0.1914873447409336,0.0143349261029003,0.0143349261029003,68.75968992248062,13.358097793206698,0.1771524186380333,0.2480620155038759,0.2480620155038759,0.2245989304812834,0.9958286358511838,0.01898502545633149,1.110056638861818,0.023255813953488302,0.023255813953488302
mDC_Non-Specific_1000,cl_scratch_v5,mlp,803/1000,full_candidate,0.1761194318532943,0.0618522502481937,0.1142671816051006,1.4173734188079834,1.541280746459961,0.1239073276519775,0.8833687283151113,0.2725023315787381,0.0143349261029003,0.0143349261029003,68.75968992248062,19.009678154085798,0.2581674054758378,0.3410852713178294,0.3410852713178294,0.2666666666666666,0.9984216459977452,0.0813542761871136,1.4256087043126586,0.06976744186046507,0.06976744186046507
mDC_STRING_500,minus,lr,387/500,tf_stratified_1to10,0.2074172794818878,0.0781841725111007,0.129233106970787,0.7755095958709717,0.8049790263175964,0.0294694304466247,0.8323327615780446,0.3497091907729673,0.094017094017094,0.094017094017094,9.636363636363637,3.7196341200397436,0.2556920967558733,0.4545454545454545,0.4545454545454545,0.3928571428571428,0.9622641509433962,-0.031356323447922496,0.9177140877939786,0.06060606060606055,0.06060606060606055
mDC_STRING_500,minus,mlp,387/500,tf_stratified_1to10,0.2074172794818878,0.0781841725111007,0.129233106970787,0.7755095958709717,0.8049790263175964,0.0294694304466247,0.7532399466361731,0.3431316384267642,0.094017094017094,0.094017094017094,9.636363636363637,3.6496728814483106,0.2491145444096701,0.3636363636363636,0.3636363636363636,0.0,1.0,0.007571443914159703,1.0225635937693895,0.030303030303030276,0.030303030303030276
mDC_STRING_500,baseline,lr,387/500,tf_stratified_1to10,0.1903345435857772,0.0624735839664936,0.1278609596192836,0.8793565034866333,0.9172164797782898,0.0378599762916564,0.8107013531541833,0.3810655142208898,0.094017094017094,0.094017094017094,9.636363636363637,4.053151378531283,0.2870484202037958,0.3939393939393939,0.3939393939393939,0.3714285714285714,0.9245283018867924,0.0,1.0,0.0,0.0
mDC_STRING_500,baseline,mlp,387/500,tf_stratified_1to10,0.1903345435857772,0.0624735839664936,0.1278609596192836,0.8793565034866333,0.9172164797782898,0.0378599762916564,0.733323804078521,0.3355601945126045,0.094017094017094,0.094017094017094,9.636363636363637,3.5691402507249754,0.2415431004955104,0.3333333333333333,0.3333333333333333,0.0,1.0,0.0,1.0,0.0,0.0
mDC_STRING_500,scGPT_human,lr,387/500,tf_stratified_1to10,0.1599599570035934,0.0537212677299976,0.1062386892735958,2.026477336883545,2.0727789402008057,0.0463016033172607,0.8398608728797409,0.4800788272129436,0.094017094017094,0.094017094017094,9.636363636363637,5.106292980355855,0.3860617331958496,0.5151515151515151,0.5151515151515151,0.5,0.9433962264150944,0.09901331299205379,1.259832782807681,0.12121212121212122,0.12121212121212122
mDC_STRING_500,scGPT_human,mlp,387/500,tf_stratified_1to10,0.1599599570035934,0.0537212677299976,0.1062386892735958,2.026477336883545,2.0727789402008057,0.0463016033172607,0.902086906803888,0.6317682279654951,0.094017094017094,0.094017094017094,9.636363636363637,6.719716606542086,0.5377511339484011,0.6363636363636364,0.6363636363636364,0.6333333333333333,0.9748427672955976,0.29620803345289065,1.8827269691005153,0.30303030303030304,0.30303030303030304
mDC_STRING_500,v4_bias_rec_best,lr,387/500,tf_stratified_1to10,0.2520799934864044,0.0829252302646637,0.1691547632217407,1.5250060558319092,1.6347757577896118,0.1097697019577026,0.8543453401943968,0.3825843367410108,0.094017094017094,0.094017094017094,9.636363636363637,4.069306127154388,0.2885672427239167,0.3333333333333333,0.3333333333333333,0.3561643835616438,0.9150943396226416,0.001518822520120977,1.0039857254551787,-0.06060606060606061,-0.06060606060606061
mDC_STRING_500,v4_bias_rec_best,mlp,387/500,tf_stratified_1to10,0.2520799934864044,0.0829252302646637,0.1691547632217407,1.5250060558319092,1.6347757577896118,0.1097697019577026,0.8680674671240709,0.5390924088033151,0.094017094017094,0.094017094017094,9.636363636363637,5.733982893635262,0.4450753147862211,0.5454545454545454,0.5454545454545454,0.4615384615384615,0.9779874213836478,0.2035322142907106,1.6065445711948576,0.2121212121212121,0.2121212121212121
mDC_STRING_500,v4_plain_best,lr,387/500,tf_stratified_1to10,0.2140726894140243,0.065686821937561,0.1483858674764633,1.4796127080917358,1.5588189363479614,0.0792062282562255,0.8957975986277873,0.5491509406329453,0.094017094017094,0.094017094017094,9.636363636363637,5.840969095823147,0.4551338466158513,0.5454545454545454,0.5454545454545454,0.5428571428571428,0.9433962264150944,0.16808542641205554,1.4410932507385659,0.1515151515151515,0.1515151515151515
mDC_STRING_500,v4_plain_best,mlp,387/500,tf_stratified_1to10,0.2140726894140243,0.065686821937561,0.1483858674764633,1.4796127080917358,1.5588189363479614,0.0792062282562255,0.6973032208881266,0.2727108851111002,0.094017094017094,0.094017094017094,9.636363636363637,2.900652141636248,0.1786937910940062,0.2727272727272727,0.2727272727272727,0.0,1.0,-0.0628493094015043,0.8127033228932536,-0.06060606060606061,-0.06060606060606061
mDC_STRING_500,v4_type_pe_best,lr,387/500,tf_stratified_1to10,0.2335664927959442,0.0696451812982559,0.1639213114976883,1.4788936376571655,1.5811748504638672,0.1022812128067016,0.8539641700019059,0.4145702474305526,0.094017094017094,0.094017094017094,9.636363636363637,4.409519904488605,0.3205531534134586,0.5151515151515151,0.5151515151515151,0.4927536231884058,0.940251572327044,0.033504733209662796,1.0879238135158074,0.12121212121212122,0.12121212121212122
mDC_STRING_500,v4_type_pe_best,mlp,387/500,tf_stratified_1to10,0.2335664927959442,0.0696451812982559,0.1639213114976883,1.4788936376571655,1.5811748504638672,0.1022812128067016,0.7144558795502192,0.2946110011846893,0.094017094017094,0.094017094017094,9.636363636363637,3.133589739873514,0.2005939071675953,0.3333333333333333,0.3333333333333333,0.0,1.0,-0.04094919332791519,0.8779676672097739,0.0,0.0
mDC_STRING_500,scconcept,lr,387/500,tf_stratified_1to10,0.0215851124376058,0.0066933585330843,0.0148917539045214,30.95859718322754,29.90387916564941,-1.054718017578125,0.6622355631789594,0.2716120285486282,0.094017094017094,0.094017094017094,9.636363636363637,2.8889643036535912,0.1775949345315342,0.3333333333333333,0.3333333333333333,0.28,0.9685534591194968,-0.1094534856722616,0.712769900220319,-0.06060606060606061,-0.06060606060606061
mDC_STRING_500,scconcept,mlp,387/500,tf_stratified_1to10,0.0215851124376058,0.0066933585330843,0.0148917539045214,30.95859718322754,29.90387916564941,-1.054718017578125,0.5729464455879549,0.1586155743261269,0.094017094017094,0.094017094017094,9.636363636363637,1.6870929269233501,0.0645984803090329,0.1818181818181818,0.1818181818181818,0.0,1.0,-0.17694462018647758,0.4726888853921227,-0.15151515151515152,-0.15151515151515152
mDC_STRING_500,scconcept_encoded,lr,387/500,tf_stratified_1to10,0.3339008390903473,0.2664839923381805,0.0674168467521667,21.554954528808597,21.511842727661133,-0.0431118011474609,0.6875833809796074,0.2388170102537512,0.094017094017094,0.094017094017094,9.636363636363637,2.5401445636080813,0.1447999162366572,0.2727272727272727,0.2727272727272727,0.2258064516129032,0.9308176100628932,-0.1422485039671386,0.6267085352554828,-0.12121212121212122,-0.12121212121212122
mDC_STRING_500,scconcept_encoded,mlp,387/500,tf_stratified_1to10,0.3339008390903473,0.2664839923381805,0.0674168467521667,21.554954528808597,21.511842727661133,-0.0431118011474609,0.6081093958452448,0.1951156716051265,0.094017094017094,0.094017094017094,9.636363636363637,2.0753212343454366,0.1010985775880324,0.1818181818181818,0.1818181818181818,0.0,1.0,-0.140444522907478,0.5814625059701396,-0.15151515151515152,-0.15151515151515152
mDC_STRING_500,cl_scratch_v5,lr,387/500,tf_stratified_1to10,0.2265851199626922,0.071894884109497,0.1546902358531952,1.4743096828460691,1.565037727355957,0.0907280445098877,0.8500571755288737,0.4734486051902334,0.094017094017094,0.094017094017094,9.636363636363637,5.035771527932483,0.3794315111731394,0.5151515151515151,0.5151515151515151,0.5230769230769231,0.9528301886792452,0.0923830909693436,1.2424336171123385,0.12121212121212122,0.12121212121212122
mDC_STRING_500,cl_scratch_v5,mlp,387/500,tf_stratified_1to10,0.2265851199626922,0.071894884109497,0.1546902358531952,1.4743096828460691,1.565037727355957,0.0907280445098877,0.6808176100628931,0.3467935332302363,0.094017094017094,0.094017094017094,9.636363636363637,3.6886221261761505,0.2527764392131423,0.4242424242424242,0.4242424242424242,0.0,1.0,0.011233338717631824,1.0334763744369264,0.09090909090909088,0.09090909090909088
mDC_STRING_500,minus,lr,387/500,full_candidate,0.2074172794818878,0.0616428852081298,0.1457743942737579,0.7755095958709717,0.7504673600196838,-0.0250422358512878,0.8473973607038124,0.3017295082174792,0.025923016496465,0.025923016496465,37.57575757575758,11.63944436245005,0.2758064917210141,0.3636363636363636,0.3636363636363636,0.3703703703703703,0.9911290322580644,0.09757083433704189,1.4779166737445744,0.09090909090909088,0.09090909090909088
mDC_STRING_500,minus,mlp,387/500,full_candidate,0.2074172794818878,0.0616428852081298,0.1457743942737579,0.7755095958709717,0.7504673600196838,-0.0250422358512878,0.8729227761485825,0.4108656988444226,0.025923016496465,0.025923016496465,37.57575757575758,15.84945559481669,0.3849426823479576,0.4848484848484848,0.4848484848484848,0.3255813953488372,0.9975806451612904,-0.0958649621786406,0.810816732531846,-0.03030303030303033,-0.03030303030303033
mDC_STRING_500,baseline,lr,387/500,full_candidate,0.1903345435857772,0.0525176264345645,0.1378169171512127,0.8793565034866333,0.8580645322799683,-0.021291971206665,0.8048753665689149,0.2041586738804373,0.025923016496465,0.025923016496465,37.57575757575758,7.875575510599912,0.1782356573839723,0.2727272727272727,0.2727272727272727,0.2592592592592592,0.9887096774193548,0.0,1.0,0.0,0.0
mDC_STRING_500,baseline,mlp,387/500,full_candidate,0.1903345435857772,0.0525176264345645,0.1378169171512127,0.8793565034866333,0.8580645322799683,-0.021291971206665,0.914418377321603,0.5067306610230632,0.025923016496465,0.025923016496465,37.57575757575758,19.547519135829106,0.4808076445265981,0.5151515151515151,0.5151515151515151,0.4444444444444444,0.9983870967741936,0.0,1.0,0.0,0.0
mDC_STRING_500,scGPT_human,lr,387/500,full_candidate,0.1599599570035934,0.0510649718344211,0.1088949851691722,2.026477336883545,1.9217371940612795,-0.1047401428222656,0.8542888563049853,0.3412727584335628,0.025923016496465,0.025923016496465,37.57575757575758,13.164855196543217,0.3153497419370978,0.4848484848484848,0.4848484848484848,0.4166666666666667,0.995967741935484,0.13711408455312551,1.671605481888193,0.2121212121212121,0.2121212121212121
mDC_STRING_500,scGPT_human,mlp,387/500,full_candidate,0.1599599570035934,0.0510649718344211,0.1088949851691722,2.026477336883545,1.9217371940612795,-0.1047401428222656,0.8937194525904203,0.4479982499909822,0.025923016496465,0.025923016496465,37.57575757575758,17.281871886015796,0.4220752334945171,0.4848484848484848,0.4848484848484848,0.4897959183673469,0.9967741935483873,-0.05873241103208099,0.8840954069889846,-0.03030303030303033,-0.03030303030303033
mDC_STRING_500,v4_bias_rec_best,lr,387/500,full_candidate,0.2520799934864044,0.0735207870602607,0.1785592064261436,1.5250060558319092,1.5002825260162354,-0.0247235298156738,0.8338343108504399,0.3340037207310768,0.025923016496465,0.025923016496465,37.57575757575758,12.884446560323076,0.3080807042346117,0.3333333333333333,0.3333333333333333,0.3076923076923077,0.9822580645161292,0.12984504685063952,1.6360006380462753,0.06060606060606061,0.06060606060606061
mDC_STRING_500,v4_bias_rec_best,mlp,387/500,full_candidate,0.2520799934864044,0.0735207870602607,0.1785592064261436,1.5250060558319092,1.5002825260162354,-0.0247235298156738,0.9008797653958944,0.4950734996361516,0.025923016496465,0.025923016496465,37.57575757575758,19.097835304146123,0.4691504831396865,0.4848484848484848,0.4848484848484848,0.4444444444444444,0.9983870967741936,-0.011657161386911585,0.9769953502253518,-0.03030303030303033,-0.03030303030303033
mDC_STRING_500,v4_plain_best,lr,387/500,full_candidate,0.2140726894140243,0.0589032024145126,0.1551694869995117,1.4796127080917358,1.444442868232727,-0.0351698398590087,0.8725684261974584,0.3677252760820873,0.025923016496465,0.025923016496465,37.57575757575758,14.185281104621149,0.3418022595856222,0.4848484848484848,0.4848484848484848,0.46875,0.9870967741935484,0.16356660220165004,1.8011739060248821,0.2121212121212121,0.2121212121212121
mDC_STRING_500,v4_plain_best,mlp,387/500,full_candidate,0.2140726894140243,0.0589032024145126,0.1551694869995117,1.4796127080917358,1.444442868232727,-0.0351698398590087,0.9012707722385144,0.5863972272246226,0.025923016496465,0.025923016496465,37.57575757575758,22.62071728051351,0.5604742107281576,0.5454545454545454,0.5454545454545454,0.5714285714285714,0.9983870967741936,0.07966656620155943,1.1572167866075378,0.030303030303030276,0.030303030303030276
mDC_STRING_500,v4_type_pe_best,lr,387/500,full_candidate,0.2335664927959442,0.0636365115642547,0.1699299812316894,1.4788936376571655,1.4682347774505615,-0.010658860206604,0.8351783968719452,0.2593958591728046,0.025923016496465,0.025923016496465,37.57575757575758,10.00639177960548,0.2334728426763396,0.303030303030303,0.303030303030303,0.3103448275862069,0.9870967741935484,0.05523718529236732,1.2705600709608655,0.030303030303030276,0.030303030303030276
mDC_STRING_500,v4_type_pe_best,mlp,387/500,full_candidate,0.2335664927959442,0.0636365115642547,0.1699299812316894,1.4788936376571655,1.4682347774505615,-0.010658860206604,0.9067204301075268,0.5139173154294382,0.025923016496465,0.025923016496465,37.57575757575758,19.824749773990177,0.4879942989329731,0.5454545454545454,0.5454545454545454,0.4489795918367347,0.995967741935484,0.007186654406375004,1.0141823950259208,0.030303030303030276,0.030303030303030276
mDC_STRING_500,scconcept,lr,387/500,full_candidate,0.0215851124376058,0.0077297920361161,0.0138553204014897,30.95859718322754,27.912288665771484,-3.0463085174560547,0.6802419354838709,0.0617008463046968,0.025923016496465,0.025923016496465,37.57575757575758,2.3801568892690654,0.0357778298082318,0.0909090909090909,0.0909090909090909,0.0857142857142857,0.9725806451612904,-0.1424578275757405,0.30222005821232484,-0.18181818181818182,-0.18181818181818182
mDC_STRING_500,scconcept,mlp,387/500,full_candidate,0.0215851124376058,0.0077297920361161,0.0138553204014897,30.95859718322754,27.912288665771484,-3.0463085174560547,0.7293988269794721,0.1360263700692915,0.025923016496465,0.025923016496465,37.57575757575758,5.2473202757032835,0.1101033535728265,0.1818181818181818,0.1818181818181818,0.1025641025641025,0.9967741935483873,-0.37070429095377166,0.26843919370235314,-0.33333333333333337,-0.33333333333333337
mDC_STRING_500,scconcept_encoded,lr,387/500,full_candidate,0.3339008390903473,0.223698005080223,0.1102028340101242,21.554954528808597,20.22743225097656,-1.3275222778320312,0.7197336265884653,0.0831734062557079,0.025923016496465,0.025923016496465,37.57575757575758,3.208477156470192,0.0572503897592429,0.0909090909090909,0.0909090909090909,0.0857142857142857,0.9725806451612904,-0.12098526762472939,0.4073958978809652,-0.18181818181818182,-0.18181818181818182
mDC_STRING_500,scconcept_encoded,mlp,387/500,full_candidate,0.3339008390903473,0.223698005080223,0.1102028340101242,21.554954528808597,20.22743225097656,-1.3275222778320312,0.759457478005865,0.0666512919887158,0.025923016496465,0.025923016496465,37.57575757575758,2.571124081867738,0.0407282754922507,0.0606060606060606,0.0606060606060606,0.0,1.0,-0.4400793690343474,0.13153198950730605,-0.45454545454545453,-0.45454545454545453
mDC_STRING_500,cl_scratch_v5,lr,387/500,full_candidate,0.2265851199626922,0.0611446984112262,0.165440421551466,1.4743096828460691,1.466011881828308,-0.0082978010177612,0.86838954056696,0.3465149531034788,0.025923016496465,0.025923016496465,37.57575757575758,13.367076827294825,0.3205919366070138,0.4545454545454545,0.4545454545454545,0.4482758620689655,0.9903225806451612,0.1423562792230415,1.6972825426286344,0.18181818181818177,0.18181818181818177
mDC_STRING_500,cl_scratch_v5,mlp,387/500,full_candidate,0.2265851199626922,0.0611446984112262,0.165440421551466,1.4743096828460691,1.466011881828308,-0.0082978010177612,0.9130009775171066,0.5037804682766857,0.025923016496465,0.025923016496465,37.57575757575758,19.43371321564309,0.4778574517802206,0.5151515151515151,0.5151515151515151,0.3720930232558139,0.9983870967741936,-0.0029501927463775335,0.9941779865058467,0.0,0.0
mDC_STRING_1000,minus,lr,803/1000,tf_stratified_1to10,0.1581365466117859,0.0550306402146816,0.1031059063971042,0.7288818359375,0.7549365758895874,0.0260547399520874,0.8682871271262105,0.4811279488529955,0.0909090909090909,0.0909090909090909,10.0,5.292407437382951,0.3902188579439045,0.5263157894736842,0.5263157894736842,0.5088161209068011,0.9583732057416268,0.002918776443824489,1.0061035559588287,0.028708133971291905,0.028708133971291905
mDC_STRING_1000,minus,mlp,803/1000,tf_stratified_1to10,0.1581365466117859,0.0550306402146816,0.1031059063971042,0.7288818359375,0.7549365758895874,0.0260547399520874,0.8975263844692201,0.6189345890805,0.0909090909090909,0.0909090909090909,10.0,6.808280479885501,0.5280254981714091,0.631578947368421,0.631578947368421,0.5810055865921788,0.9784688995215312,-0.039080226488522496,0.9406088957818866,-0.009569377990430672,-0.009569377990430672
mDC_STRING_1000,baseline,lr,803/1000,tf_stratified_1to10,0.1514802128076553,0.0470469258725643,0.104433286935091,0.8179271817207336,0.8434416651725769,0.0255144834518432,0.8555722167532794,0.478209172409171,0.0909090909090909,0.0909090909090909,10.0,5.2603008965008815,0.3873000815000801,0.4976076555023923,0.4976076555023923,0.4946808510638298,0.9645933014354068,0.0,1.0,0.0,0.0
mDC_STRING_1000,baseline,mlp,803/1000,tf_stratified_1to10,0.1514802128076553,0.0470469258725643,0.104433286935091,0.8179271817207336,0.8434416651725769,0.0255144834518432,0.8975195164945857,0.6580148155690225,0.0909090909090909,0.0909090909090909,10.0,7.238162971259249,0.5671057246599316,0.6411483253588517,0.6411483253588517,0.625,0.9789473684210528,0.0,1.0,0.0,0.0
mDC_STRING_1000,scGPT_human,lr,803/1000,tf_stratified_1to10,0.1159350499510765,0.0402258336544036,0.0757092162966728,1.961501955986023,1.9773119688034055,0.0158100128173828,0.8312069320757308,0.4232443342856423,0.0909090909090909,0.0909090909090909,10.0,4.655687677142065,0.3323352433765514,0.4545454545454545,0.4545454545454545,0.4530892448512585,0.9382775119617224,-0.0549648381235287,0.8850610960751312,-0.0430622009569378,-0.0430622009569378
mDC_STRING_1000,scGPT_human,mlp,803/1000,tf_stratified_1to10,0.1159350499510765,0.0402258336544036,0.0757092162966728,1.961501955986023,1.9773119688034055,0.0158100128173828,0.8954797280282046,0.6303944669543029,0.0909090909090909,0.0909090909090909,10.0,6.934339136497333,0.539485376045212,0.6267942583732058,0.6267942583732058,0.5977011494252874,0.9832535885167464,-0.027620348614719625,0.9580247314175825,-0.014354066985645897,-0.014354066985645897
mDC_STRING_1000,v4_bias_rec_best,lr,803/1000,tf_stratified_1to10,0.1770924776792526,0.0664098486304283,0.1106826290488243,1.4183863401412964,1.476994514465332,0.0586081743240356,0.8521107575376021,0.4829762816943684,0.0909090909090909,0.0909090909090909,10.0,5.312739098638053,0.3920671907852775,0.5263157894736842,0.5263157894736842,0.520618556701031,0.9626794258373206,0.004767109285197413,1.0099686696956922,0.028708133971291905,0.028708133971291905
mDC_STRING_1000,v4_bias_rec_best,mlp,803/1000,tf_stratified_1to10,0.1770924776792526,0.0664098486304283,0.1106826290488243,1.4183863401412964,1.476994514465332,0.0586081743240356,0.8767713651244249,0.5949809667195265,0.0909090909090909,0.0909090909090909,10.0,6.5447906339147925,0.5040718758104356,0.5454545454545454,0.5454545454545454,0.532967032967033,0.9722488038277513,-0.06303384884949603,0.9042060340313355,-0.09569377990430628,-0.09569377990430628
mDC_STRING_1000,v4_plain_best,lr,803/1000,tf_stratified_1to10,0.15633425116539,0.053056139498949,0.1032781116664409,1.4066786766052246,1.456519365310669,0.0498406887054443,0.8652011171905406,0.484160290730356,0.0909090909090909,0.0909090909090909,10.0,5.325763198033917,0.3932511998212651,0.4784688995215311,0.4784688995215311,0.4684210526315789,0.9607655502392344,0.0059511183211850005,1.0124445925852987,-0.019138755980861177,-0.019138755980861177
mDC_STRING_1000,v4_plain_best,mlp,803/1000,tf_stratified_1to10,0.15633425116539,0.053056139498949,0.1032781116664409,1.4066786766052246,1.456519365310669,0.0498406887054443,0.894758590691605,0.6476423075045528,0.0909090909090909,0.0909090909090909,10.0,7.124065382550081,0.5567332165954618,0.6267942583732058,0.6267942583732058,0.6504065040650406,0.9808612440191388,-0.010372508064469765,0.9842366648606535,-0.014354066985645897,-0.014354066985645897
mDC_STRING_1000,v4_type_pe_best,lr,803/1000,tf_stratified_1to10,0.1691072136163711,0.0575769916176795,0.1115302219986915,1.4060213565826416,1.463145732879639,0.057124376296997,0.870507772257961,0.5023660508093264,0.0909090909090909,0.0909090909090909,10.0,5.526026558902591,0.4114569599002354,0.5311004784688995,0.5311004784688995,0.5221674876847291,0.9564593301435408,0.0241568784001554,1.0505152970580958,0.03349282296650724,0.03349282296650724
mDC_STRING_1000,v4_type_pe_best,mlp,803/1000,tf_stratified_1to10,0.1691072136163711,0.0575769916176795,0.1115302219986915,1.4060213565826416,1.463145732879639,0.057124376296997,0.9147100570041896,0.7004975708468929,0.0909090909090909,0.0909090909090909,10.0,7.7054732793158225,0.609588479937802,0.6507177033492823,0.6507177033492823,0.6144927536231884,0.985645933014354,0.04248275527787038,1.0645620041869925,0.009569377990430561,0.009569377990430561
mDC_STRING_1000,scconcept,lr,803/1000,tf_stratified_1to10,0.0130626028403639,0.0069839139468967,0.0060786888934671,29.46255874633789,28.416481018066406,-1.0460777282714844,0.7617144754012043,0.2907250056756266,0.0909090909090909,0.0909090909090909,10.0,3.197975062431893,0.1998159147665356,0.3779904306220095,0.3779904306220095,0.3805309734513274,0.9248803827751196,-0.1874841667335444,0.6079452725906166,-0.11961722488038279,-0.11961722488038279
mDC_STRING_1000,scconcept,mlp,803/1000,tf_stratified_1to10,0.0130626028403639,0.0069839139468967,0.0060786888934671,29.46255874633789,28.416481018066406,-1.0460777282714844,0.7668517204276458,0.3641595804646896,0.0909090909090909,0.0909090909090909,10.0,4.005755385111586,0.2732504895555987,0.4210526315789473,0.4210526315789473,0.3278688524590163,0.9779904306220096,-0.2938552351043329,0.5534215519901026,-0.2200956937799044,-0.2200956937799044
mDC_STRING_1000,scconcept_encoded,lr,803/1000,tf_stratified_1to10,0.2461142688989639,0.1896028369665146,0.0565114319324493,21.81044006347656,21.800657272338867,-0.0097827911376953,0.7544756301366726,0.2635778185122118,0.0909090909090909,0.0909090909090909,10.0,2.89935600363433,0.1726687276031209,0.3492822966507177,0.3492822966507177,0.3429951690821256,0.9358851674641148,-0.2146313538969592,0.5511768358275785,-0.14832535885167458,-0.14832535885167458
mDC_STRING_1000,scconcept_encoded,mlp,803/1000,tf_stratified_1to10,0.2461142688989639,0.1896028369665146,0.0565114319324493,21.81044006347656,21.800657272338867,-0.0097827911376953,0.7376055951100021,0.296355634979376,0.0909090909090909,0.0909090909090909,10.0,3.2599119847731366,0.2054465440702851,0.2966507177033493,0.2966507177033493,0.1222707423580786,0.9971291866028708,-0.3616591805896465,0.45037836226088707,-0.3444976076555024,-0.3444976076555024
mDC_STRING_1000,cl_scratch_v5,lr,803/1000,tf_stratified_1to10,0.1677149683237075,0.0555408038198947,0.1121741645038127,1.420804500579834,1.4772809743881226,0.0564764738082885,0.8633238707905039,0.4721435083742277,0.0909090909090909,0.0909090909090909,10.0,5.193578592116506,0.3812344174651367,0.5358851674641149,0.5358851674641149,0.506265664160401,0.9574162679425836,-0.006065664034943297,0.9873158768486496,0.03827751196172258,0.03827751196172258
mDC_STRING_1000,cl_scratch_v5,mlp,803/1000,tf_stratified_1to10,0.1677149683237075,0.0555408038198947,0.1121741645038127,1.420804500579834,1.4772809743881226,0.0564764738082885,0.9077756919484444,0.655583305685321,0.0909090909090909,0.0909090909090909,10.0,7.2114163625385315,0.56467421477623,0.645933014354067,0.645933014354067,0.6204986149584487,0.9808612440191388,-0.0024315098837015547,0.9963047794271943,0.004784688995215336,0.004784688995215336
mDC_STRING_1000,minus,lr,803/1000,full_candidate,0.1581365466117859,0.0538680590689182,0.1042684875428676,0.7288818359375,0.7683961391448975,0.0395143032073974,0.8997842833333421,0.3880570922881566,0.0226386481802426,0.0226386481802426,43.17224880382775,17.141354430642426,0.3654184441079139,0.4688995215311005,0.4688995215311005,0.3472222222222222,0.996785991355425,0.0035066264787126933,1.0091187679914302,0.04784688995215319,0.04784688995215319
mDC_STRING_1000,minus,mlp,803/1000,full_candidate,0.1581365466117859,0.0538680590689182,0.1042684875428676,0.7288818359375,0.7683961391448975,0.0395143032073974,0.9054282861395678,0.4840719927283474,0.0226386481802426,0.0226386481802426,43.17224880382775,21.382548501761292,0.4614333445481048,0.5263157894736842,0.5263157894736842,0.4605678233438486,0.9961210240496507,-0.04436204854480458,0.9160499796002478,-0.009569377990430672,-0.009569377990430672
mDC_STRING_1000,baseline,lr,803/1000,full_candidate,0.1514802128076553,0.045791357755661,0.1056888550519943,0.8179271817207336,0.8606190085411072,0.0426918268203735,0.888749219830025,0.3845504658094439,0.0226386481802426,0.0226386481802426,43.17224880382775,16.986458853362638,0.3619118176292013,0.4210526315789473,0.4210526315789473,0.3211678832116788,0.9976726144297904,0.0,1.0,0.0,0.0
mDC_STRING_1000,baseline,mlp,803/1000,full_candidate,0.1514802128076553,0.045791357755661,0.1056888550519943,0.8179271817207336,0.8606190085411072,0.0426918268203735,0.9169843467544664,0.528434041273152,0.0226386481802426,0.0226386481802426,43.17224880382775,23.342119947529888,0.5057953930929093,0.5358851674641149,0.5358851674641149,0.4921135646687697,0.9966751634711294,0.0,1.0,0.0,0.0
mDC_STRING_1000,scGPT_human,lr,803/1000,full_candidate,0.1159350499510765,0.0422345995903015,0.073700450360775,1.961501955986023,2.005311727523804,0.0438097715377807,0.875071786243237,0.3550027477632273,0.0226386481802426,0.0226386481802426,43.17224880382775,15.681269700239808,0.3323640995829847,0.4066985645933014,0.4066985645933014,0.4022038567493113,0.9910229413720492,-0.029547718046216587,0.9231629638413744,-0.014354066985645897,-0.014354066985645897
mDC_STRING_1000,scGPT_human,mlp,803/1000,full_candidate,0.1159350499510765,0.0422345995903015,0.073700450360775,1.961501955986023,2.005311727523804,0.0438097715377807,0.9089379241884245,0.5231433661876924,0.0226386481802426,0.0226386481802426,43.17224880382775,23.108418931314755,0.5005047180074498,0.5167464114832536,0.5167464114832536,0.4854368932038835,0.9972293028926078,-0.005290675085459551,0.9899880123681798,-0.019138755980861233,-0.019138755980861233
mDC_STRING_1000,v4_bias_rec_best,lr,803/1000,full_candidate,0.1770924776792526,0.0645099952816963,0.1125824823975563,1.4183863401412964,1.4947985410690308,0.0764122009277343,0.8954903656630822,0.3623987843328386,0.0226386481802426,0.0226386481802426,43.17224880382775,16.007969267754888,0.339760136152596,0.4258373205741627,0.4258373205741627,0.3344947735191638,0.9966751634711294,-0.02215168147660529,0.9423959052292968,0.0047846889952153915,0.0047846889952153915
mDC_STRING_1000,v4_bias_rec_best,mlp,803/1000,full_candidate,0.1770924776792526,0.0645099952816963,0.1125824823975563,1.4183863401412964,1.4947985410690308,0.0764122009277343,0.8970750983531188,0.5005472741650557,0.0226386481802426,0.0226386481802426,43.17224880382775,22.11029873249666,0.4779086259848131,0.5023923444976076,0.5023923444976076,0.4545454545454545,0.996785991355425,-0.027886767108096233,0.9472275346968396,-0.03349282296650724,-0.03349282296650724
mDC_STRING_1000,v4_plain_best,lr,803/1000,full_candidate,0.15633425116539,0.0510756745934486,0.1052585765719413,1.4066786766052246,1.4825700521469116,0.075891375541687,0.8904882631149423,0.3820443477975458,0.0226386481802426,0.0226386481802426,43.17224880382775,16.875757985009322,0.3594056996173032,0.4210526315789473,0.4210526315789473,0.3392226148409894,0.997118475008312,-0.0025061180118980952,0.9934829931706807,0.0,0.0
mDC_STRING_1000,v4_plain_best,mlp,803/1000,full_candidate,0.15633425116539,0.0510756745934486,0.1052585765719413,1.4066786766052246,1.4825700521469116,0.075891375541687,0.9133164210335416,0.5362582468501854,0.0226386481802426,0.0226386481802426,43.17224880382775,23.687732702970905,0.5136195986699428,0.507177033492823,0.507177033492823,0.5046728971962616,0.9965643355868335,0.00782420557703345,1.0148063995994328,-0.028708133971291905,-0.028708133971291905
mDC_STRING_1000,v4_type_pe_best,lr,803/1000,full_candidate,0.1691072136163711,0.0564475320279598,0.1126596815884113,1.4060213565826416,1.492692232131958,0.0866708755493164,0.9006186741273099,0.4224856267030324,0.0226386481802426,0.0226386481802426,43.17224880382775,18.66214021876747,0.3998469785227898,0.4641148325358851,0.4641148325358851,0.3711340206185567,0.9968968192397208,0.037935160893588504,1.0986480690219382,0.0430622009569378,0.0430622009569378
mDC_STRING_1000,v4_type_pe_best,mlp,803/1000,full_candidate,0.1691072136163711,0.0564475320279598,0.1126596815884113,1.4060213565826416,1.492692232131958,0.0866708755493164,0.9122362468693774,0.5439069787228749,0.0226386481802426,0.0226386481802426,43.17224880382775,24.02559439028511,0.5212683305426322,0.5167464114832536,0.5167464114832536,0.5106382978723404,0.9960101961653552,0.01547293744972289,1.0292807356097726,-0.019138755980861233,-0.019138755980861233
mDC_STRING_1000,scconcept,lr,803/1000,full_candidate,0.0130626028403639,0.0080713517963886,0.0049912510439753,29.46255874633789,28.875534057617188,-0.5870246887207031,0.8427203844295837,0.2040697021103687,0.0226386481802426,0.0226386481802426,43.17224880382775,9.014217654942234,0.181431053930126,0.3062200956937799,0.3062200956937799,0.2251655629139073,0.9934611548265544,-0.1804807636990752,0.5306707968246,-0.1148325358851674,-0.1148325358851674
mDC_STRING_1000,scconcept,mlp,803/1000,full_candidate,0.0130626028403639,0.0080713517963886,0.0049912510439753,29.46255874633789,28.875534057617188,-0.5870246887207031,0.8278752809805033,0.2343629430849792,0.0226386481802426,0.0226386481802426,43.17224880382775,10.35233823234704,0.2117242949047366,0.277511961722488,0.277511961722488,0.1832669322709163,0.997894270198382,-0.2940710981881728,0.44350462835499854,-0.25837320574162687,-0.25837320574162687
mDC_STRING_1000,scconcept_encoded,lr,803/1000,full_candidate,0.2461142688989639,0.1985884755849838,0.0475257933139801,21.81044006347656,22.066051483154297,0.2556114196777344,0.8297582944596134,0.2082114332127551,0.0226386481802426,0.0226386481802426,43.17224880382775,9.197167231675397,0.1855727850325124,0.3157894736842105,0.3157894736842105,0.1951219512195122,0.9944586057852156,-0.17633903259668882,0.5414411156010146,-0.10526315789473678,-0.10526315789473678
mDC_STRING_1000,scconcept_encoded,mlp,803/1000,full_candidate,0.2461142688989639,0.1985884755849838,0.0475257933139801,21.81044006347656,22.066051483154297,0.2556114196777344,0.8107847197512787,0.1736407273502368,0.0226386481802426,0.0226386481802426,43.17224880382775,7.670101410992291,0.1510020791699942,0.2822966507177033,0.2822966507177033,0.0858369098712446,0.9984484096198604,-0.35479331392291513,0.32859489319023727,-0.25358851674641153,-0.25358851674641153
mDC_STRING_1000,cl_scratch_v5,lr,803/1000,full_candidate,0.1677149683237075,0.0552611872553825,0.112453781068325,1.420804500579834,1.503889083862305,0.0830845832824707,0.8974415197313405,0.3808957072878651,0.0226386481802426,0.0226386481802426,43.17224880382775,16.82501995062955,0.3582570591076224,0.4497607655502392,0.4497607655502392,0.3286713286713286,0.9966751634711294,-0.003654758521578816,0.9904960236782294,0.028708133971291905,0.028708133971291905
mDC_STRING_1000,cl_scratch_v5,mlp,803/1000,full_candidate,0.1677149683237075,0.0552611872553825,0.112453781068325,1.420804500579834,1.503889083862305,0.0830845832824707,0.9009254393477172,0.5306668587608758,0.0226386481802426,0.0226386481802426,43.17224880382775,23.440748517131162,0.5080282105806332,0.5406698564593302,0.5406698564593302,0.5111821086261981,0.9973401307769034,0.0022328174877238594,1.0042253475615317,0.004784688995215336,0.004784688995215336
mHSC-E_Specific_500,minus,lr,457/500,tf_stratified_1to10,0.0244430098682642,0.014715451747179,0.0097275581210851,0.8697206974029541,0.8620618581771851,-0.007658839225769,0.7572140957446809,0.748370303629651,0.4786150712830957,0.4786150712830957,1.0893617021276596,1.5636162514134408,0.2697552323465552,0.6851063829787234,0.6851063829787234,0.676923076923077,0.7421875,-0.027697583146915727,0.9643103604480286,-0.025531914893617058,-0.025531914893617058
mHSC-E_Specific_500,minus,mlp,457/500,tf_stratified_1to10,0.0244430098682642,0.014715451747179,0.0097275581210851,0.8697206974029541,0.8620618581771851,-0.007658839225769,0.818932845744681,0.8137650455483051,0.4786150712830957,0.4786150712830957,1.0893617021276596,1.700249520698799,0.3351499742652093,0.7404255319148936,0.7404255319148936,0.7245119305856833,0.76953125,0.010300889173626149,1.012820595781279,0.02127659574468077,0.02127659574468077
mHSC-E_Specific_500,baseline,lr,457/500,tf_stratified_1to10,0.0058367825113236,0.0116694401949644,-0.0058326576836407,0.9931120276451112,0.9524005651474,-0.0407114624977111,0.7680851063829787,0.7760678867765667,0.4786150712830957,0.4786150712830957,1.0893617021276596,1.6214865208821032,0.2974528154934709,0.7106382978723405,0.7106382978723405,0.7078891257995735,0.734375,0.0,1.0,0.0,0.0
mHSC-E_Specific_500,baseline,mlp,457/500,tf_stratified_1to10,0.0058367825113236,0.0116694401949644,-0.0058326576836407,0.9931120276451112,0.9524005651474,-0.0407114624977111,0.7923869680851064,0.8034641563746789,0.4786150712830957,0.4786150712830957,1.0893617021276596,1.6787272373615632,0.3248490850915832,0.7191489361702128,0.7191489361702128,0.7228381374722838,0.79296875,0.0,1.0,0.0,0.0
mHSC-E_Specific_500,scGPT_human,lr,457/500,tf_stratified_1to10,0.0137936398386955,0.0224367324262857,-0.0086430925875902,2.204930543899536,2.1922860145568848,-0.0126445293426513,0.7079787234042553,0.7063896840616946,0.4786150712830957,0.4786150712830957,1.0893617021276596,1.4759035526565618,0.2277746127785988,0.6297872340425532,0.6297872340425532,0.6373165618448637,0.6484375,-0.06967820271487213,0.9102163561949668,-0.08085106382978724,-0.08085106382978724
mHSC-E_Specific_500,scGPT_human,mlp,457/500,tf_stratified_1to10,0.0137936398386955,0.0224367324262857,-0.0086430925875902,2.204930543899536,2.1922860145568848,-0.0126445293426513,0.8061502659574469,0.8177950447629843,0.4786150712830957,0.4786150712830957,1.0893617021276596,1.7086696467175544,0.3391799734798885,0.7404255319148936,0.7404255319148936,0.7468879668049793,0.73828125,0.014330888388305318,1.01783637549305,0.02127659574468077,0.02127659574468077
mHSC-E_Specific_500,v4_bias_rec_best,lr,457/500,tf_stratified_1to10,-0.0074143707752227,0.0332705676555633,-0.0406849384307861,1.8324304819107056,1.735071897506714,-0.0973585844039917,0.7354554521276596,0.7215807757406436,0.4786150712830957,0.4786150712830957,1.0893617021276596,1.507643237824068,0.2429657044575479,0.6723404255319149,0.6723404255319149,0.6748971193415638,0.66015625,-0.054487111035923075,0.9297907928361295,-0.03829787234042559,-0.03829787234042559
mHSC-E_Specific_500,v4_bias_rec_best,mlp,457/500,tf_stratified_1to10,-0.0074143707752227,0.0332705676555633,-0.0406849384307861,1.8324304819107056,1.735071897506714,-0.0973585844039917,0.8134474734042554,0.8274491735876707,0.4786150712830957,0.4786150712830957,1.0893617021276596,1.7288406137512609,0.3488341023045749,0.7319148936170212,0.7319148936170212,0.7268623024830699,0.81640625,0.023985017212991733,1.0298520064930026,0.012765957446808418,0.012765957446808418
mHSC-E_Specific_500,v4_plain_best,lr,457/500,tf_stratified_1to10,0.0099080307409167,0.0182043090462684,-0.0082962783053517,1.7294590473175049,1.6860110759735107,-0.0434479713439941,0.7185671542553191,0.711232100586757,0.4786150712830957,0.4786150712830957,1.0893617021276596,1.4860211122897775,0.2326170293036613,0.6595744680851063,0.6595744680851063,0.6570247933884298,0.6484375,-0.06483578618980967,0.9164560378099034,-0.051063829787234116,-0.051063829787234116
mHSC-E_Specific_500,v4_plain_best,mlp,457/500,tf_stratified_1to10,0.0099080307409167,0.0182043090462684,-0.0082962783053517,1.7294590473175049,1.6860110759735107,-0.0434479713439941,0.7869847074468086,0.804526297820312,0.4786150712830957,0.4786150712830957,1.0893617021276596,1.6809464350203116,0.3259112265372163,0.723404255319149,0.723404255319149,0.7203579418344519,0.80078125,0.0010621414456331024,1.001321952494341,0.004255319148936176,0.004255319148936176
mHSC-E_Specific_500,v4_type_pe_best,lr,457/500,tf_stratified_1to10,0.0147127034142613,0.0197089165449142,-0.0049962131306529,1.7352479696273804,1.702964186668396,-0.0322837829589843,0.7597074468085108,0.76035967597386,0.4786150712830957,0.4786150712830957,1.0893617021276596,1.58866638682198,0.2817446046907643,0.6851063829787234,0.6851063829787234,0.6863157894736842,0.69921875,-0.01570821080270668,0.9797592310281624,-0.025531914893617058,-0.025531914893617058
mHSC-E_Specific_500,v4_type_pe_best,mlp,457/500,tf_stratified_1to10,0.0147127034142613,0.0197089165449142,-0.0049962131306529,1.7352479696273804,1.702964186668396,-0.0322837829589843,0.8316323138297873,0.8369821596321905,0.4786150712830957,0.4786150712830957,1.0893617021276596,1.748758469699598,0.3583670883490947,0.7446808510638298,0.7446808510638298,0.7478632478632479,0.7734375,0.03351800325751153,1.0417168619055124,0.025531914893616947,0.025531914893616947
mHSC-E_Specific_500,scconcept,lr,457/500,tf_stratified_1to10,0.0069060530513525,0.0070003112778067,-9.425822645425797e-05,30.46080780029297,30.7280387878418,0.2672309875488281,0.6535738031914893,0.6212350967886285,0.4786150712830957,0.4786150712830957,1.0893617021276596,1.2979848192477303,0.1426200255055328,0.5914893617021276,0.5914893617021276,0.6175298804780877,0.5625,-0.15483278998793815,0.800490662445726,-0.11914893617021283,-0.11914893617021283
mHSC-E_Specific_500,scconcept,mlp,457/500,tf_stratified_1to10,0.0069060530513525,0.0070003112778067,-9.425822645425797e-05,30.46080780029297,30.7280387878418,0.2672309875488281,0.7977559840425531,0.7807068500410962,0.4786150712830957,0.4786150712830957,1.0893617021276596,1.6311789930645881,0.3020917787580005,0.7106382978723405,0.7106382978723405,0.7058823529411765,0.71484375,-0.02275730633358275,0.9716760154724683,-0.008510638297872353,-0.008510638297872353
mHSC-E_Specific_500,scconcept_encoded,lr,457/500,tf_stratified_1to10,0.0929561108350753,0.137508139014244,-0.0445520281791687,25.433969497680664,25.69412612915039,0.2601566314697265,0.6998171542553191,0.6797181786354745,0.4786150712830957,0.4786150712830957,1.0893617021276596,1.4201771306809274,0.2011031073523787,0.6382978723404256,0.6382978723404256,0.6431535269709544,0.640625,-0.09634970814109223,0.8758488660814389,-0.07234042553191489,-0.07234042553191489
mHSC-E_Specific_500,scconcept_encoded,mlp,457/500,tf_stratified_1to10,0.0929561108350753,0.137508139014244,-0.0445520281791687,25.433969497680664,25.69412612915039,0.2601566314697265,0.7871509308510638,0.7858577870649235,0.4786150712830957,0.4786150712830957,1.0893617021276596,1.6419411636122445,0.3072427157818277,0.6978723404255319,0.6978723404255319,0.6927835051546392,0.6796875,-0.017606369309755454,0.9780869262554321,-0.021276595744680882,-0.021276595744680882
mHSC-E_Specific_500,cl_scratch_v5,lr,457/500,tf_stratified_1to10,0.0083787832409143,0.0182199366390705,-0.0098411533981561,1.7287898063659668,1.709033489227295,-0.0197563171386718,0.755967420212766,0.7476945375641303,0.4786150712830957,0.4786150712830957,1.0893617021276596,1.5622043316765446,0.2690794662810346,0.6595744680851063,0.6595744680851063,0.6747967479674797,0.64453125,-0.028373349212436394,0.9634396040657134,-0.051063829787234116,-0.051063829787234116
mHSC-E_Specific_500,cl_scratch_v5,mlp,457/500,tf_stratified_1to10,0.0083787832409143,0.0182199366390705,-0.0098411533981561,1.7287898063659668,1.709033489227295,-0.0197563171386718,0.8219581117021276,0.8229648037116232,0.4786150712830957,0.4786150712830957,1.0893617021276596,1.7194711430740723,0.3443497324285274,0.723404255319149,0.723404255319149,0.7212389380530974,0.7890625,0.019500647336944232,1.0242707122430121,0.004255319148936176,0.004255319148936176
mHSC-E_Specific_500,minus,lr,457/500,full_candidate,0.0244430098682642,0.0276779942214489,-0.0032349843531847,0.8697206974029541,0.843765377998352,-0.025955319404602,0.789626888683318,0.7009562938118689,0.4051724137931034,0.4051724137931034,1.4680851063829787,1.7300197889824849,0.2957838800187654,0.6595744680851063,0.6595744680851063,0.652267818574514,0.7768115942028986,-0.044820342908016064,0.9399011169012382,0.012765957446808418,0.012765957446808418
mHSC-E_Specific_500,minus,mlp,457/500,full_candidate,0.0244430098682642,0.0276779942214489,-0.0032349843531847,0.8697206974029541,0.843765377998352,-0.025955319404602,0.8457600986740671,0.7976512013426877,0.4051724137931034,0.4051724137931034,1.4680851063829787,1.9686710501223783,0.3924787875495843,0.6851063829787234,0.6851063829787234,0.7108433734939759,0.7507246376811594,-0.0039854904146438,0.9950283083900427,-0.03404255319148941,-0.03404255319148941
mHSC-E_Specific_500,baseline,lr,457/500,full_candidate,0.0058367825113236,0.0259419176727533,-0.0201051351614296,0.9931120276451112,0.9209075570106506,-0.0722044706344604,0.8089423373419672,0.7457766367198849,0.4051724137931034,0.4051724137931034,1.4680851063829787,1.8406402097767374,0.3406042229267815,0.6468085106382979,0.6468085106382979,0.6639511201629328,0.7304347826086957,0.0,1.0,0.0,0.0
mHSC-E_Specific_500,baseline,mlp,457/500,full_candidate,0.0058367825113236,0.0259419176727533,-0.0201051351614296,0.9931120276451112,0.9209075570106506,-0.0722044706344604,0.8553314831945729,0.8016366917573315,0.4051724137931034,0.4051724137931034,1.4680851063829787,1.978507579656393,0.3964642779642281,0.7191489361702128,0.7191489361702128,0.721030042918455,0.8173913043478261,0.0,1.0,0.0,0.0
mHSC-E_Specific_500,scGPT_human,lr,457/500,full_candidate,0.0137936398386955,0.0322606414556503,-0.0184670016169548,2.204930543899536,2.1751577854156494,-0.0297727584838867,0.7556398396546408,0.680177876026981,0.4051724137931034,0.4051724137931034,1.4680851063829787,1.6787368855134,0.2750054622338775,0.6212765957446809,0.6212765957446809,0.6346555323590815,0.7333333333333333,-0.06559876069290393,0.9120396678267852,-0.025531914893617058,-0.025531914893617058
mHSC-E_Specific_500,scGPT_human,mlp,457/500,full_candidate,0.0137936398386955,0.0322606414556503,-0.0184670016169548,2.204930543899536,2.1751577854156494,-0.0297727584838867,0.8507308048103608,0.8088336968148987,0.4051724137931034,0.4051724137931034,1.4680851063829787,1.9962704006495373,0.4036612830217952,0.7148936170212766,0.7148936170212766,0.7211740041928721,0.7971014492753623,0.007197005057567152,1.008977888776261,-0.004255319148936176,-0.004255319148936176
mHSC-E_Specific_500,v4_bias_rec_best,lr,457/500,full_candidate,-0.0074143707752227,0.0266403742134571,-0.0340547449886798,1.8324304819107056,1.6954076290130615,-0.137022852897644,0.8060561208757324,0.7409370072240484,0.4051724137931034,0.4051724137931034,1.4680851063829787,1.8286955922976516,0.335764593430945,0.6468085106382979,0.6468085106382979,0.6527196652719666,0.7478260869565218,-0.004839629495836495,0.993510617981917,0.0,0.0
mHSC-E_Specific_500,v4_bias_rec_best,mlp,457/500,full_candidate,-0.0074143707752227,0.0266403742134571,-0.0340547449886798,1.8324304819107056,1.6954076290130615,-0.137022852897644,0.8596854764107308,0.8028158281526534,0.4051724137931034,0.4051724137931034,1.4680851063829787,1.9814177886320807,0.39764341435955,0.7276595744680852,0.7276595744680852,0.7448559670781894,0.7971014492753623,0.0011791363953218559,1.0014709112088382,0.008510638297872353,0.008510638297872353
mHSC-E_Specific_500,v4_plain_best,lr,457/500,full_candidate,0.0099080307409167,0.0237861797213554,-0.0138781489804387,1.7294590473175049,1.6526097059249878,-0.076849341392517,0.7960160345359235,0.7309243000631004,0.4051724137931034,0.4051724137931034,1.4680851063829787,1.8039833788791415,0.3257518862699969,0.6680851063829787,0.6680851063829787,0.6666666666666666,0.7710144927536232,-0.014852336656784537,0.9800847386127448,0.02127659574468077,0.02127659574468077
mHSC-E_Specific_500,v4_plain_best,mlp,457/500,full_candidate,0.0099080307409167,0.0237861797213554,-0.0138781489804387,1.7294590473175049,1.6526097059249878,-0.076849341392517,0.8652728954671601,0.8211372672952003,0.4051724137931034,0.4051724137931034,1.4680851063829787,2.026636659707303,0.4159648535020969,0.7404255319148936,0.7404255319148936,0.7424892703862661,0.8318840579710145,0.01950057553786877,1.0243259518163021,0.02127659574468077,0.02127659574468077
mHSC-E_Specific_500,v4_type_pe_best,lr,457/500,full_candidate,0.0147127034142613,0.0367263220250606,-0.0220136186107993,1.7352479696273804,1.6536396741867063,-0.0816082954406738,0.8072772124576009,0.7593917864438768,0.4051724137931034,0.4051724137931034,1.4680851063829787,1.874243558031696,0.3542193726507734,0.676595744680851,0.676595744680851,0.6752136752136753,0.782608695652174,0.013615149723991915,1.0182563371572952,0.029787234042553123,0.029787234042553123
mHSC-E_Specific_500,v4_type_pe_best,mlp,457/500,full_candidate,0.0147127034142613,0.0367263220250606,-0.0220136186107993,1.7352479696273804,1.6536396741867063,-0.0816082954406738,0.8586370644465001,0.8182181444424772,0.4051724137931034,0.4051724137931034,1.4680851063829787,2.019432016070795,0.4130457306493738,0.7361702127659574,0.7361702127659574,0.6915887850467289,0.8695652173913043,0.01658145268514566,1.0206844981718541,0.017021276595744594,0.017021276595744594
mHSC-E_Specific_500,scconcept,lr,457/500,full_candidate,0.0069060530513525,0.0061311749741435,0.0007748780772089,30.46080780029297,30.826879501342773,0.3660717010498047,0.7262966389145852,0.5873045455590775,0.4051724137931034,0.4051724137931034,1.4680851063829787,1.4495176018053828,0.1821321317659741,0.5914893617021276,0.5914893617021276,0.6175869120654397,0.7014492753623188,-0.1584720911608074,0.7875072999634207,-0.05531914893617029,-0.05531914893617029
mHSC-E_Specific_500,scconcept,mlp,457/500,full_candidate,0.0069060530513525,0.0061311749741435,0.0007748780772089,30.46080780029297,30.826879501342773,0.3660717010498047,0.8348196114708603,0.7664498313607397,0.4051724137931034,0.4051724137931034,1.4680851063829787,1.8916634135711876,0.3612774175676363,0.6893617021276596,0.6893617021276596,0.6636971046770601,0.8115942028985508,-0.0351868603965918,0.9561062252284687,-0.029787234042553234,-0.029787234042553234
mHSC-E_Specific_500,scconcept_encoded,lr,457/500,full_candidate,0.0929561108350753,0.1034922525286674,-0.010536141693592,25.433969497680664,26.284786224365234,0.8508167266845703,0.7856799259944497,0.695896693048216,0.4051724137931034,0.4051724137931034,1.4680851063829787,1.7175322636934693,0.2907242792551125,0.6340425531914894,0.6340425531914894,0.6349892008639308,0.7652173913043478,-0.049879943671668925,0.933116778917809,-0.012765957446808529,-0.012765957446808529
mHSC-E_Specific_500,scconcept_encoded,mlp,457/500,full_candidate,0.0929561108350753,0.1034922525286674,-0.010536141693592,25.433969497680664,26.284786224365234,0.8508167266845703,0.8149737897008943,0.73679432909831,0.4051724137931034,0.4051724137931034,1.4680851063829787,1.818471110114978,0.3316219153052065,0.6851063829787234,0.6851063829787234,0.6814159292035398,0.8173913043478261,-0.06484236265902155,0.9191125314924452,-0.03404255319148941,-0.03404255319148941
mHSC-E_Specific_500,cl_scratch_v5,lr,457/500,full_candidate,0.0083787832409143,0.0337372794747352,-0.0253584962338209,1.7287898063659668,1.673071265220642,-0.0557185411453247,0.8134936786925686,0.7570753656136361,0.4051724137931034,0.4051724137931034,1.4680851063829787,1.8685264342804637,0.3519029518205326,0.6680851063829787,0.6680851063829787,0.6721991701244814,0.7536231884057971,0.011298728893751164,1.0151502854037449,0.02127659574468077,0.02127659574468077
mHSC-E_Specific_500,cl_scratch_v5,mlp,457/500,full_candidate,0.0083787832409143,0.0337372794747352,-0.0253584962338209,1.7287898063659668,1.673071265220642,-0.0557185411453247,0.8652852297255629,0.8234740136633844,0.4051724137931034,0.4051724137931034,1.4680851063829787,2.0324039486160124,0.4183015998702809,0.723404255319149,0.723404255319149,0.7098214285714286,0.8434782608695652,0.02183732190605281,1.0272409211436935,0.004255319148936176,0.004255319148936176
mHSC-E_Specific_1000,minus,lr,917/1000,tf_stratified_1to10,0.0259547065943479,0.013419852592051,0.0125348540022969,0.8081598877906799,0.8326326012611389,0.0244727134704589,0.8311623224659314,0.8881406365601815,0.6146827042720863,0.6146827042720863,0.626855600539811,1.444876568654924,0.2734579322880952,0.7989203778677463,0.7989203778677463,0.8049575994781474,0.6232508073196986,-0.00016660413938152097,0.9998124476175041,0.0,0.0
mHSC-E_Specific_1000,minus,mlp,917/1000,tf_stratified_1to10,0.0259547065943479,0.013419852592051,0.0125348540022969,0.8081598877906799,0.8326326012611389,0.0244727134704589,0.8392108241125293,0.8956890450483871,0.6146827042720863,0.6146827042720863,0.626855600539811,1.4571567392791236,0.2810063407763008,0.8016194331983806,0.8016194331983806,0.8078068144227588,0.6555435952637244,-0.0006719243737896008,0.9992503863993288,-0.0026990553306343035,-0.0026990553306343035
mHSC-E_Specific_1000,baseline,lr,917/1000,tf_stratified_1to10,0.0303933657705783,0.0183040089905262,0.0120893567800521,0.8898678421974182,0.9140290021896362,0.024161159992218,0.8279780763492733,0.888307240699563,0.6146827042720863,0.6146827042720863,0.626855600539811,1.44514760953215,0.2736245364274767,0.7989203778677463,0.7989203778677463,0.8045901639344263,0.6329386437029063,0.0,1.0,0.0,0.0
mHSC-E_Specific_1000,baseline,mlp,917/1000,tf_stratified_1to10,0.0303933657705783,0.0183040089905262,0.0120893567800521,0.8898678421974182,0.9140290021896362,0.024161159992218,0.8373256254821039,0.8963609694221767,0.6146827042720863,0.6146827042720863,0.626855600539811,1.4582498632097625,0.2816782651500904,0.8043184885290149,0.8043184885290149,0.8135259356533159,0.6501614639397201,0.0,1.0,0.0,0.0
mHSC-E_Specific_1000,scGPT_human,lr,917/1000,tf_stratified_1to10,0.0167043507099151,0.0154062090441584,0.0012981416657567,2.204145669937134,2.2033114433288574,-0.0008342266082763,0.8198046453386094,0.8800642636873977,0.6146827042720863,0.6146827042720863,0.626855600539811,1.4317374762147879,0.2653815594153114,0.7989203778677463,0.7989203778677463,0.7986733001658375,0.6458557588805167,-0.008242977012165364,0.9907205788329791,0.0,0.0
mHSC-E_Specific_1000,scGPT_human,mlp,917/1000,tf_stratified_1to10,0.0167043507099151,0.0154062090441584,0.0012981416657567,2.204145669937134,2.2033114433288574,-0.0008342266082763,0.8310348509345734,0.8872480445171911,0.6146827042720863,0.6146827042720863,0.626855600539811,1.443424450290788,0.2725653402451048,0.8070175438596491,0.8070175438596491,0.8093822266270234,0.6555435952637244,-0.009112924904985609,0.9898334206688406,0.0026990553306341925,0.0026990553306341925
mHSC-E_Specific_1000,v4_bias_rec_best,lr,917/1000,tf_stratified_1to10,0.0231770649552345,0.0165169332176446,0.0066601317375898,1.598320484161377,1.6533896923065186,0.0550692081451416,0.8276948062795889,0.8880676373791181,0.6146827042720863,0.6146827042720863,0.626855600539811,1.4447578095283764,0.2733849331070318,0.7948717948717948,0.7948717948717948,0.7989487516425755,0.6275565123789021,-0.0002396033204449255,0.9997302697653841,-0.004048582995951455,-0.004048582995951455
mHSC-E_Specific_1000,v4_bias_rec_best,mlp,917/1000,tf_stratified_1to10,0.0231770649552345,0.0165169332176446,0.0066601317375898,1.598320484161377,1.6533896923065186,0.0550692081451416,0.8389642338852015,0.8934692055477889,0.6146827042720863,0.6146827042720863,0.626855600539811,1.4535453809552759,0.2787865012757026,0.8036437246963563,0.8036437246963563,0.814290312198262,0.61248654467169,-0.0028917638743878316,0.9967738846591547,-0.0006747638326586314,-0.0006747638326586314
mHSC-E_Specific_1000,v4_plain_best,lr,917/1000,tf_stratified_1to10,0.0128804426640272,0.0109387906268239,0.0019416520372033,1.6178922653198242,1.642910122871399,0.0250178575515747,0.8300038205142731,0.8879760768151683,0.6146827042720863,0.6146827042720863,0.626855600539811,1.444608853712126,0.273293372543082,0.7989203778677463,0.7989203778677463,0.8130659767141009,0.620021528525296,-0.0003311638843946918,0.999627196684636,0.0,0.0
mHSC-E_Specific_1000,v4_plain_best,mlp,917/1000,tf_stratified_1to10,0.0128804426640272,0.0109387906268239,0.0019416520372033,1.6178922653198242,1.642910122871399,0.0250178575515747,0.8310344877678173,0.8907731763227164,0.6146827042720863,0.6146827042720863,0.626855600539811,1.4491593307112478,0.2760904720506301,0.7968960863697706,0.7968960863697706,0.8061257738677093,0.6232508073196986,-0.005587793099460336,0.9937661351954421,-0.007422402159244279,-0.007422402159244279
mHSC-E_Specific_1000,v4_type_pe_best,lr,917/1000,tf_stratified_1to10,0.0194834321737289,0.0178677253425121,0.0016157068312168,1.6152228116989136,1.649010419845581,0.0337876081466674,0.829477228718065,0.8887602014190799,0.6146827042720863,0.6146827042720863,0.626855600539811,1.4458845112155205,0.2740774971469936,0.7968960863697706,0.7968960863697706,0.8023445131878867,0.6157158234660925,0.00045296071951683725,1.000509914474141,-0.002024291497975672,-0.002024291497975672
mHSC-E_Specific_1000,v4_type_pe_best,mlp,917/1000,tf_stratified_1to10,0.0194834321737289,0.0178677253425121,0.0016157068312168,1.6152228116989136,1.649010419845581,0.0337876081466674,0.8354262633481941,0.8946504804425784,0.6146827042720863,0.6146827042720863,0.626855600539811,1.4554671446336414,0.2799677761704922,0.7989203778677463,0.7989203778677463,0.8072487644151565,0.6469321851453176,-0.0017104889795982459,0.998091740896861,-0.005398110661268607,-0.005398110661268607
mHSC-E_Specific_1000,scconcept,lr,917/1000,tf_stratified_1to10,0.0059755416586995,0.003765562782064,0.0022099788766354,30.9250545501709,30.919723510742188,-0.0053310394287109,0.7956947307409037,0.858773229634955,0.6146827042720863,0.6146827042720863,0.626855600539811,1.3971000382252876,0.2440905253628686,0.7807017543859649,0.7807017543859649,0.7922035018169805,0.6275565123789021,-0.029534011064608068,0.9667524818987748,-0.018218623481781382,-0.018218623481781382
mHSC-E_Specific_1000,scconcept,mlp,917/1000,tf_stratified_1to10,0.0059755416586995,0.003765562782064,0.0022099788766354,30.9250545501709,30.919723510742188,-0.0053310394287109,0.8085886032461298,0.8741699295982368,0.6146827042720863,0.6146827042720863,0.626855600539811,1.422148245790384,0.2594872253261505,0.7827260458839406,0.7827260458839406,0.789937928781444,0.6017222820236814,-0.022191039823939884,0.9752431882010159,-0.021592442645074317,-0.021592442645074317
mHSC-E_Specific_1000,scconcept_encoded,lr,917/1000,tf_stratified_1to10,0.0711287558078765,0.081881932914257,-0.0107531771063804,26.799196243286133,26.44034576416016,-0.3588504791259765,0.803437445978945,0.8630687264308645,0.6146827042720863,0.6146827042720863,0.626855600539811,1.404088191244814,0.2483860221587782,0.7827260458839406,0.7827260458839406,0.7922673656618611,0.6114101184068891,-0.025238514268698498,0.9715880799881553,-0.01619433198380571,-0.01619433198380571
mHSC-E_Specific_1000,scconcept_encoded,mlp,917/1000,tf_stratified_1to10,0.0711287558078765,0.081881932914257,-0.0107531771063804,26.799196243286133,26.44034576416016,-0.3588504791259765,0.7946444524825353,0.8581374891990217,0.6146827042720863,0.6146827042720863,0.626855600539811,1.3960657803366001,0.2434547849269354,0.7766531713900134,0.7766531713900134,0.7846607669616519,0.5995694294940797,-0.038223480223155026,0.957357045289695,-0.027665317139001444,-0.027665317139001444
mHSC-E_Specific_1000,cl_scratch_v5,lr,917/1000,tf_stratified_1to10,0.0124319102615118,0.0162608474493026,-0.0038289371877908,1.622307062149048,1.6530911922454834,0.0307841300964355,0.8245744775119881,0.8864144395304119,0.6146827042720863,0.6146827042720863,0.626855600539811,1.4420682953494082,0.2717317352583256,0.7955465587044535,0.7955465587044535,0.8019512195121952,0.61248654467169,-0.001892801169151137,0.9978692043896202,-0.003373819163292824,-0.003373819163292824
mHSC-E_Specific_1000,cl_scratch_v5,mlp,917/1000,tf_stratified_1to10,0.0124319102615118,0.0162608474493026,-0.0038289371877908,1.622307062149048,1.6530911922454834,0.0307841300964355,0.8335512333869367,0.8930503068463161,0.6146827042720863,0.6146827042720863,0.626855600539811,1.4528638932567262,0.2783676025742299,0.7995951417004049,0.7995951417004049,0.8093994778067886,0.6318622174381054,-0.0033106625758605457,0.9963065520601653,-0.004723346828609976,-0.004723346828609976
mHSC-E_Specific_1000,minus,lr,917/1000,full_candidate,0.0259547065943479,0.0314263440668582,-0.0054716374725103,0.8081598877906799,0.8141391277313232,0.0059792399406433,0.8952169112352178,0.8881914537867709,0.494,0.494,1.0242914979757085,1.7979584084752447,0.3941914537867709,0.8022941970310391,0.8022941970310391,0.8036529680365296,0.7681159420289855,0.003684504184837123,1.0041656023013672,0.005398110661268496,0.005398110661268496
mHSC-E_Specific_1000,minus,mlp,917/1000,full_candidate,0.0259547065943479,0.0314263440668582,-0.0054716374725103,0.8081598877906799,0.8141391277313232,0.0059792399406433,0.9013095663553328,0.8947063405834832,0.494,0.494,1.0242914979757085,1.8111464384281037,0.4007063405834832,0.8076923076923077,0.8076923076923077,0.8147905759162304,0.7832674571805006,0.01690316648171608,1.0192562148103563,0.011470985155195734,0.011470985155195734
mHSC-E_Specific_1000,baseline,lr,917/1000,full_candidate,0.0303933657705783,0.0426116771996021,-0.0122183114290237,0.8898678421974182,0.8712890148162842,-0.018578827381134,0.8924000611643632,0.8845069496019338,0.494,0.494,1.0242914979757085,1.790499897979623,0.3905069496019338,0.7968960863697706,0.7968960863697706,0.8014440433212996,0.7733860342555995,0.0,1.0,0.0,0.0
mHSC-E_Specific_1000,baseline,mlp,917/1000,full_candidate,0.0303933657705783,0.0426116771996021,-0.0122183114290237,0.8898678421974182,0.8712890148162842,-0.018578827381134,0.8927534453850243,0.8778031741017671,0.494,0.494,1.0242914979757085,1.7769295022302978,0.3838031741017671,0.796221322537112,0.796221322537112,0.8001330229464583,0.7878787878787878,0.0,1.0,0.0,0.0
mHSC-E_Specific_1000,scGPT_human,lr,917/1000,full_candidate,0.0167043507099151,0.030593417584896,-0.0138890668749809,2.204145669937134,2.178621292114258,-0.0255243778228759,0.8920924613144293,0.8880390686623031,0.494,0.494,1.0242914979757085,1.7976499365633667,0.3940390686623031,0.7928475033738192,0.7928475033738192,0.7996038296467481,0.7786561264822134,0.003532119060369321,1.0039933197381423,-0.004048582995951455,-0.004048582995951455
mHSC-E_Specific_1000,scGPT_human,mlp,917/1000,full_candidate,0.0167043507099151,0.030593417584896,-0.0138890668749809,2.204145669937134,2.178621292114258,-0.0255243778228759,0.901293786305228,0.8962937134365028,0.494,0.494,1.0242914979757085,1.8143597437985886,0.4022937134365028,0.8124156545209177,0.8124156545209177,0.8140468227424749,0.808300395256917,0.018490539334735656,1.0210645619431218,0.01619433198380571,0.01619433198380571
mHSC-E_Specific_1000,v4_bias_rec_best,lr,917/1000,full_candidate,0.0231770649552345,0.0388656370341777,-0.0156885720789432,1.598320484161377,1.5816158056259155,-0.0167046785354614,0.8949804327378698,0.8846708288299503,0.494,0.494,1.0242914979757085,1.7908316373075917,0.3906708288299503,0.8036437246963563,0.8036437246963563,0.8078559738134207,0.7766798418972332,0.000163879228016528,1.0001852774905728,0.006747638326585648,0.006747638326585648
mHSC-E_Specific_1000,v4_bias_rec_best,mlp,917/1000,full_candidate,0.0231770649552345,0.0388656370341777,-0.0156885720789432,1.598320484161377,1.5816158056259155,-0.0167046785354614,0.904213762337332,0.897663822160024,0.494,0.494,1.0242914979757085,1.8171332432389151,0.403663822160024,0.8124156545209177,0.8124156545209177,0.813525276196853,0.8089591567852438,0.019860648058256936,1.0226254001400483,0.01619433198380571,0.01619433198380571
mHSC-E_Specific_1000,v4_plain_best,lr,917/1000,full_candidate,0.0128804426640272,0.0314536578953266,-0.0185732152312994,1.6178922653198242,1.5919406414031982,-0.0259516239166259,0.8951195638838659,0.884820310293008,0.494,0.494,1.0242914979757085,1.7911342313623644,0.390820310293008,0.8036437246963563,0.8036437246963563,0.8088570498209052,0.7714097496706193,0.00031336069107423814,1.0003542772515415,0.006747638326585648,0.006747638326585648
mHSC-E_Specific_1000,v4_plain_best,mlp,917/1000,full_candidate,0.0128804426640272,0.0314536578953266,-0.0185732152312994,1.6178922653198242,1.5919406414031982,-0.0259516239166259,0.9032922963128912,0.8951685330908802,0.494,0.494,1.0242914979757085,1.8120820507912554,0.4011685330908802,0.8110661268556005,0.8110661268556005,0.8060418812221078,0.8306982872200264,0.017365358989113067,1.019782748002572,0.014844804318488558,0.014844804318488558
mHSC-E_Specific_1000,v4_type_pe_best,lr,917/1000,full_candidate,0.0194834321737289,0.0430089309811592,-0.0235254988074302,1.6152228116989136,1.5911040306091309,-0.0241187810897827,0.8929699210019576,0.8833061656643608,0.494,0.494,1.0242914979757085,1.7880691612638884,0.3893061656643608,0.8002699055330634,0.8002699055330634,0.8078175895765473,0.7707509881422925,-0.0012007839375729468,0.9986424256608574,0.003373819163292824,0.003373819163292824
mHSC-E_Specific_1000,v4_type_pe_best,mlp,917/1000,full_candidate,0.0194834321737289,0.0430089309811592,-0.0235254988074302,1.6152228116989136,1.5911040306091309,-0.0241187810897827,0.8996108772996645,0.8940387676998692,0.494,0.494,1.0242914979757085,1.8097950763155248,0.4000387676998692,0.8063427800269906,0.8063427800269906,0.8146718146718147,0.7628458498023716,0.016235593598102116,1.018495710743716,0.010121457489878583,0.010121457489878583
mHSC-E_Specific_1000,scconcept,lr,917/1000,full_candidate,0.0059755416586995,0.0019214055500924,0.004054136108607,30.9250545501709,30.906877517700195,-0.0181770324707031,0.8721393658464597,0.8591054544197865,0.494,0.494,1.0242914979757085,1.7390798672465313,0.3651054544197865,0.7793522267206477,0.7793522267206477,0.7832949687602763,0.7575757575757576,-0.025401495182147293,0.9712817460692886,-0.01754385964912286,-0.01754385964912286
mHSC-E_Specific_1000,scconcept,mlp,917/1000,full_candidate,0.0059755416586995,0.0019214055500924,0.004054136108607,30.9250545501709,30.906877517700195,-0.0181770324707031,0.8862451748607356,0.8751907950350881,0.494,0.494,1.0242914979757085,1.7716412854961299,0.3811907950350881,0.7941970310391363,0.7941970310391363,0.798260287721646,0.7931488801054019,-0.0026123790666789937,0.9970239580537492,-0.002024291497975672,-0.002024291497975672
mHSC-E_Specific_1000,scconcept_encoded,lr,917/1000,full_candidate,0.0711287558078765,0.0885879322886467,-0.0174591764807701,26.799196243286133,26.43895149230957,-0.3602447509765625,0.8825697567116331,0.8715445496144125,0.494,0.494,1.0242914979757085,1.7642602218915233,0.3775445496144125,0.7874493927125507,0.7874493927125507,0.7934318555008211,0.7661396574440053,-0.012962399987521245,0.9853450558038522,-0.009446693657219951,-0.009446693657219951
mHSC-E_Specific_1000,scconcept_encoded,mlp,917/1000,full_candidate,0.0711287558078765,0.0885879322886467,-0.0174591764807701,26.799196243286133,26.43895149230957,-0.3602447509765625,0.8767495852736127,0.8645881481627387,0.494,0.494,1.0242914979757085,1.750178437576394,0.3705881481627386,0.7847503373819164,0.7847503373819164,0.7898215465961665,0.7700922266139657,-0.013215025939028457,0.9849453427272565,-0.011470985155195623,-0.011470985155195623
mHSC-E_Specific_1000,cl_scratch_v5,lr,917/1000,full_candidate,0.0124319102615118,0.0372119173407554,-0.0247800070792436,1.622307062149048,1.6046059131622314,-0.0177011489868164,0.8938820523488715,0.8855278501113408,0.494,0.494,1.0242914979757085,1.792566498201095,0.3915278501113408,0.7975708502024291,0.7975708502024291,0.8060189728491985,0.7740447957839263,0.0010209005094070633,1.0011542029261236,0.0006747638326585204,0.0006747638326585204
mHSC-E_Specific_1000,cl_scratch_v5,mlp,917/1000,full_candidate,0.0124319102615118,0.0372119173407554,-0.0247800070792436,1.622307062149048,1.6046059131622314,-0.0177011489868164,0.9014022463679212,0.8919469892577212,0.494,0.494,1.0242914979757085,1.8055607069994357,0.3979469892577212,0.8049932523616734,0.8049932523616734,0.8114063512637719,0.7681159420289855,0.014143815155954087,1.0161127409574784,0.00877192982456143,0.00877192982456143
mHSC-E_Non-Specific_500,minus,lr,457/500,tf_stratified_1to10,0.1711405813694,0.0271288994699716,0.1440116818994283,0.7558274269104004,0.8244460225105286,0.0686185956001281,0.7084149957284286,0.2938409702831761,0.0986547085201793,0.0986547085201793,9.136363636363637,2.978478926052196,0.1951862617629967,0.303030303030303,0.303030303030303,0.3134328358208955,0.922056384742952,-0.015003859602585101,0.9514194244140824,-0.03030303030303033,-0.03030303030303033
mHSC-E_Non-Specific_500,minus,mlp,457/500,tf_stratified_1to10,0.1711405813694,0.0271288994699716,0.1440116818994283,0.7558274269104004,0.8244460225105286,0.0686185956001281,0.7316071159354741,0.3940579761345923,0.0986547085201793,0.0986547085201793,9.136363636363637,3.994314939909734,0.295403267614413,0.3484848484848485,0.3484848484848485,0.3846153846153846,0.9701492537313432,0.029887636132957696,1.0820704841938076,-0.015151515151515083,-0.015151515151515083
mHSC-E_Non-Specific_500,baseline,lr,457/500,tf_stratified_1to10,0.1641665250062942,0.0349033176898956,0.1292632073163986,0.8209021091461182,0.890987753868103,0.0700856447219848,0.7048972310166339,0.3088448298857612,0.0986547085201793,0.0986547085201793,9.136363636363637,3.130563502932945,0.2101901213655818,0.3333333333333333,0.3333333333333333,0.3611111111111111,0.913764510779436,0.0,1.0,0.0,0.0
mHSC-E_Non-Specific_500,baseline,mlp,457/500,tf_stratified_1to10,0.1641665250062942,0.0349033176898956,0.1292632073163986,0.8209021091461182,0.890987753868103,0.0700856447219848,0.760477913462988,0.3641703400016346,0.0986547085201793,0.0986547085201793,9.136363636363637,3.6913629918347537,0.2655156314814552,0.3636363636363636,0.3636363636363636,0.3220338983050847,0.945273631840796,0.0,1.0,0.0,0.0
mHSC-E_Non-Specific_500,scGPT_human,lr,457/500,tf_stratified_1to10,0.1403437256813049,0.0319460332393646,0.1083976924419403,2.032644033432007,2.167304039001465,0.134660005569458,0.7598748680838233,0.3984163971182162,0.0986547085201793,0.0986547085201793,9.136363636363637,4.0384934798801035,0.2997616885980368,0.4242424242424242,0.4242424242424242,0.4210526315789473,0.9601990049751244,0.08957156723245502,1.2900212616982667,0.09090909090909088,0.09090909090909088
mHSC-E_Non-Specific_500,scGPT_human,mlp,457/500,tf_stratified_1to10,0.1403437256813049,0.0319460332393646,0.1083976924419403,2.032644033432007,2.167304039001465,0.134660005569458,0.7962083521785015,0.450510260835212,0.0986547085201793,0.0986547085201793,9.136363636363637,4.566535825738743,0.3518555523150327,0.4242424242424242,0.4242424242424242,0.404040404040404,0.978441127694859,0.08633992083357739,1.2370866359769712,0.06060606060606061,0.06060606060606061
mHSC-E_Non-Specific_500,v4_bias_rec_best,lr,457/500,tf_stratified_1to10,0.1806150078773498,0.0287340432405471,0.1518809646368026,1.4498841762542725,1.6101149320602417,0.1602307558059692,0.7173099150711091,0.2873696769413509,0.0986547085201793,0.0986547085201793,9.136363636363637,2.912883543541877,0.1887149684211715,0.2727272727272727,0.2727272727272727,0.2781456953642384,0.8938640132669984,-0.02147515294441027,0.9304662054652049,-0.06060606060606061,-0.06060606060606061
mHSC-E_Non-Specific_500,v4_bias_rec_best,mlp,457/500,tf_stratified_1to10,0.1806150078773498,0.0287340432405471,0.1518809646368026,1.4498841762542725,1.6101149320602417,0.1602307558059692,0.796283732850897,0.4263579185761112,0.0986547085201793,0.0986547085201793,9.136363636363637,4.321718901930585,0.3277032100559319,0.3636363636363636,0.3636363636363636,0.3434343434343434,0.9734660033167496,0.0621875785744766,1.1707650836534285,0.0,0.0
mHSC-E_Non-Specific_500,v4_plain_best,lr,457/500,tf_stratified_1to10,0.1579589992761612,0.0279580615460872,0.1300009377300739,1.4606682062149048,1.5958837270736694,0.1352155208587646,0.7325619377858185,0.2653747529712541,0.0986547085201793,0.0986547085201793,9.136363636363637,2.689934996026805,0.1667200444510747,0.3333333333333333,0.3333333333333333,0.3270440251572327,0.8888888888888888,-0.04347007691450705,0.8592494589254215,0.0,0.0
mHSC-E_Non-Specific_500,v4_plain_best,mlp,457/500,tf_stratified_1to10,0.1579589992761612,0.0279580615460872,0.1300009377300739,1.4606682062149048,1.5958837270736694,0.1352155208587646,0.7872631790542238,0.4365430370555317,0.0986547085201793,0.0986547085201793,9.136363636363637,4.424958966517439,0.3378883285353524,0.3939393939393939,0.3939393939393939,0.3469387755102041,0.9751243781094528,0.0723726970538971,1.1987330902719102,0.03030303030303033,0.03030303030303033
mHSC-E_Non-Specific_500,v4_type_pe_best,lr,457/500,tf_stratified_1to10,0.1603477746248245,0.0338679254055023,0.1264798492193222,1.4717856645584106,1.6038885116577148,0.1321028470993042,0.6838408965274637,0.3006979714046568,0.0986547085201793,0.0986547085201793,9.136363636363637,3.047983982874478,0.2020432628844775,0.3181818181818182,0.3181818181818182,0.3057324840764331,0.8888888888888888,-0.008146858481104358,0.9736215157491295,-0.015151515151515138,-0.015151515151515138
mHSC-E_Non-Specific_500,v4_type_pe_best,mlp,457/500,tf_stratified_1to10,0.1603477746248245,0.0338679254055023,0.1264798492193222,1.4717856645584106,1.6038885116577148,0.1321028470993042,0.7772124227348108,0.4228467276699604,0.0986547085201793,0.0986547085201793,9.136363636363637,4.286128194109147,0.3241920191497811,0.4393939393939394,0.4393939393939394,0.2857142857142857,0.9900497512437813,0.05867638766832578,1.1611234667492756,0.0757575757575758,0.0757575757575758
mHSC-E_Non-Specific_500,scconcept,lr,457/500,tf_stratified_1to10,0.0299292374402284,0.0033540255390107,0.0265752119012177,30.86901092529297,31.07246398925781,0.2034530639648437,0.5284562038293381,0.1326823102480732,0.0986547085201793,0.0986547085201793,9.136363636363637,1.3449161447872884,0.0340276017278938,0.1363636363636363,0.1363636363636363,0.1363636363636363,0.9054726368159204,-0.17616251963768798,0.42960832563443313,-0.19696969696969702,-0.19696969696969702
mHSC-E_Non-Specific_500,scconcept,mlp,457/500,tf_stratified_1to10,0.0299292374402284,0.0033540255390107,0.0265752119012177,30.86901092529297,31.07246398925781,0.2034530639648437,0.4974496205839489,0.1031631516834319,0.0986547085201793,0.0986547085201793,9.136363636363637,1.045699219336606,0.0045084431632525,0.0909090909090909,0.0909090909090909,0.0,0.9950248756218906,-0.2610071883182027,0.28328268491873565,-0.2727272727272727,-0.2727272727272727
mHSC-E_Non-Specific_500,scconcept_encoded,lr,457/500,tf_stratified_1to10,0.1004130467772483,0.0738303363323211,0.0265827104449272,26.984643936157227,27.39401626586914,0.409372329711914,0.5745389215538469,0.1264329835363652,0.0986547085201793,0.0986547085201793,9.136363636363637,1.2815706967549756,0.0277782750161858,0.1212121212121212,0.1212121212121212,0.1527777777777778,0.8888888888888888,-0.18241184634939597,0.4093738062027187,-0.2121212121212121,-0.2121212121212121
mHSC-E_Non-Specific_500,scconcept_encoded,mlp,457/500,tf_stratified_1to10,0.1004130467772483,0.0738303363323211,0.0265827104449272,26.984643936157227,27.39401626586914,0.409372329711914,0.6123046384240414,0.1516553442568818,0.0986547085201793,0.0986547085201793,9.136363636363637,1.5372337167856667,0.0530006357367024,0.1818181818181818,0.1818181818181818,0.0289855072463768,0.9966832504145936,-0.21251499574475283,0.4164406806336866,-0.1818181818181818,-0.1818181818181818
mHSC-E_Non-Specific_500,cl_scratch_v5,lr,457/500,tf_stratified_1to10,0.1514363884925842,0.0305210892111063,0.1209152992814779,1.4758046865463257,1.6076805591583252,0.1318758726119995,0.7161792049851752,0.2919933712132802,0.0986547085201793,0.0986547085201793,9.136363636363637,2.959750990025524,0.1933386626931008,0.2878787878787879,0.2878787878787879,0.2684563758389262,0.8955223880597015,-0.016851458672481,0.9454371352801528,-0.045454545454545414,-0.045454545454545414
mHSC-E_Non-Specific_500,cl_scratch_v5,mlp,457/500,tf_stratified_1to10,0.1514363884925842,0.0305210892111063,0.1209152992814779,1.4758046865463257,1.6076805591583252,0.1318758726119995,0.7146967184280617,0.3526936749710888,0.0986547085201793,0.0986547085201793,9.136363636363637,3.5750313417524024,0.2540389664509094,0.3484848484848485,0.3484848484848485,0.3689320388349514,0.9701492537313432,-0.01147666503054584,0.9684854482369587,-0.015151515151515083,-0.015151515151515083
mHSC-E_Non-Specific_500,minus,lr,457/500,full_candidate,0.1711405813694,0.0298058241605758,0.1413347572088241,0.7558274269104004,0.8164989352226257,0.0606715083122253,0.8129967184535711,0.183264718883033,0.0271604938271604,0.0271604938271604,35.81818181818182,6.747473740693511,0.1561042250558725,0.2121212121212121,0.2121212121212121,0.2,0.9822335025380712,0.0317326026655729,1.2094117303821865,-0.01515151515151511,-0.01515151515151511
mHSC-E_Non-Specific_500,minus,mlp,457/500,full_candidate,0.1711405813694,0.0298058241605758,0.1413347572088241,0.7558274269104004,0.8164989352226257,0.0606715083122253,0.8686163667128135,0.3205423903922368,0.0271604938271604,0.0271604938271604,35.81818181818182,11.801788009896033,0.2933818965650763,0.3484848484848485,0.3484848484848485,0.2439024390243902,0.9974619289340102,0.05058861804215031,1.187397336965327,0.06060606060606061,0.06060606060606061
mHSC-E_Non-Specific_500,baseline,lr,457/500,full_candidate,0.1641665250062942,0.0431482382118701,0.121018286794424,0.8209021091461182,0.8716169595718384,0.0507148504257202,0.7948264369584167,0.1515321162174601,0.0271604938271604,0.0271604938271604,35.81818181818182,5.579137006188323,0.1243716223902997,0.2272727272727272,0.2272727272727272,0.2276422764227642,0.9818104906937394,0.0,1.0,0.0,0.0
mHSC-E_Non-Specific_500,baseline,mlp,457/500,full_candidate,0.1641665250062942,0.0431482382118701,0.121018286794424,0.8209021091461182,0.8716169595718384,0.0507148504257202,0.866296210839358,0.2699537723500865,0.0271604938271604,0.0271604938271604,35.81818181818182,9.939207072889582,0.242793278522926,0.2878787878787879,0.2878787878787879,0.1951219512195122,0.9966159052453468,0.0,1.0,0.0,0.0
mHSC-E_Non-Specific_500,scGPT_human,lr,457/500,full_candidate,0.1403437256813049,0.0301175378262996,0.1102261878550052,2.032644033432007,2.183725595474243,0.1510815620422363,0.8459403681484902,0.2568883318794679,0.0271604938271604,0.0271604938271604,35.81818181818182,9.458161310107714,0.2297278380523074,0.2727272727272727,0.2727272727272727,0.2807017543859649,0.9864636209813876,0.10535621566200781,1.6952731756930894,0.0454545454545455,0.0454545454545455
mHSC-E_Non-Specific_500,scGPT_human,mlp,457/500,full_candidate,0.1403437256813049,0.0301175378262996,0.1102261878550052,2.032644033432007,2.183725595474243,0.1510815620422363,0.8699046300569143,0.2801656580989876,0.0271604938271604,0.0271604938271604,35.81818181818182,10.315190139099125,0.253005164271827,0.3181818181818182,0.3181818181818182,0.2666666666666666,0.9949238578680204,0.010211885748901084,1.0378282757821882,0.030303030303030276,0.030303030303030276
mHSC-E_Non-Specific_500,v4_bias_rec_best,lr,457/500,full_candidate,0.1806150078773498,0.0338281095027923,0.1467868983745575,1.4498841762542725,1.587810754776001,0.1379265785217285,0.8479016048813004,0.1768293416838134,0.0271604938271604,0.0271604938271604,35.81818181818182,6.510534852904061,0.149668847856653,0.1818181818181818,0.1818181818181818,0.1764705882352941,0.9754653130287648,0.025297225466353296,1.16694299596562,-0.045454545454545414,-0.045454545454545414
mHSC-E_Non-Specific_500,v4_bias_rec_best,mlp,457/500,full_candidate,0.1806150078773498,0.0338281095027923,0.1467868983745575,1.4498841762542725,1.587810754776001,0.1379265785217285,0.881357996205712,0.2936985744793817,0.0271604938271604,0.0271604938271604,35.81818181818182,10.813447514922727,0.2665380806522212,0.3181818181818182,0.3181818181818182,0.0845070422535211,0.9991539763113368,0.023744802129295195,1.0879587713206764,0.030303030303030276,0.030303030303030276
mHSC-E_Non-Specific_500,v4_plain_best,lr,457/500,full_candidate,0.1579589992761612,0.0309477001428604,0.1270112991333007,1.4606682062149048,1.586097002029419,0.1254287958145141,0.8202007383479465,0.1353607378014728,0.0271604938271604,0.0271604938271604,35.81818181818182,4.98373625541788,0.1082002439743123,0.1969696969696969,0.1969696969696969,0.1925925925925926,0.976311336717428,-0.016171378415987286,0.8932808514811466,-0.030303030303030304,-0.030303030303030304
mHSC-E_Non-Specific_500,v4_plain_best,mlp,457/500,full_candidate,0.1579589992761612,0.0309477001428604,0.1270112991333007,1.4606682062149048,1.586097002029419,0.1254287958145141,0.864386248269497,0.2352888481062315,0.0271604938271604,0.0271604938271604,35.81818181818182,8.662907589365826,0.2081283542790711,0.2878787878787879,0.2878787878787879,0.2093023255813953,0.995346869712352,-0.034664924243855005,0.8715894060598636,0.0,0.0
mHSC-E_Non-Specific_500,v4_type_pe_best,lr,457/500,full_candidate,0.1603477746248245,0.0403242036700248,0.1200235709547996,1.4717856645584106,1.595938205718994,0.1241525411605835,0.8128621237758293,0.2245451203809888,0.0271604938271604,0.0271604938271604,35.81818181818182,8.267343068572798,0.1973846265538283,0.2727272727272727,0.2727272727272727,0.2769230769230769,0.9805414551607444,0.07301300416352871,1.4818318781924056,0.0454545454545455,0.0454545454545455
mHSC-E_Non-Specific_500,v4_type_pe_best,mlp,457/500,full_candidate,0.1603477746248245,0.0403242036700248,0.1200235709547996,1.4717856645584106,1.595938205718994,0.1241525411605835,0.8284302415013074,0.2353381147749664,0.0271604938271604,0.0271604938271604,35.81818181818182,8.664721498532884,0.2081776209478059,0.2727272727272727,0.2727272727272727,0.25,0.995346869712352,-0.034615657575120085,0.8717719064498601,-0.015151515151515194,-0.015151515151515194
mHSC-E_Non-Specific_500,scconcept,lr,457/500,full_candidate,0.0299292374402284,0.0026947616133838,0.0272344758268445,30.86901092529297,31.25561141967773,0.3866004943847656,0.6942521663333847,0.0698208097946331,0.0271604938271604,0.0271604938271604,35.81818181818182,2.5706752697115007,0.0426603159674726,0.0606060606060606,0.0606060606060606,0.0601503759398496,0.9733502538071066,-0.081711306422827,0.4607657540691568,-0.1666666666666666,-0.1666666666666666
mHSC-E_Non-Specific_500,scconcept,mlp,457/500,full_candidate,0.0299292374402284,0.0026947616133838,0.0272344758268445,30.86901092529297,31.25561141967773,0.3866004943847656,0.7348741219299595,0.0706868625220961,0.0271604938271604,0.0271604938271604,35.81818181818182,2.6025617564953656,0.0435263686949356,0.0757575757575757,0.0757575757575757,0.028169014084507,0.9983079526226736,-0.1992669098279904,0.2618480264481233,-0.2121212121212122,-0.2121212121212122
mHSC-E_Non-Specific_500,scconcept_encoded,lr,457/500,full_candidate,0.1004130467772483,0.0906688570976257,0.0097441896796226,26.984643936157227,27.056171417236328,0.0715274810791015,0.7513715838588936,0.0825743477729214,0.0271604938271604,0.0271604938271604,35.81818181818182,3.0402373498212074,0.0554138539457609,0.1515151515151515,0.1515151515151515,0.1517241379310344,0.9712351945854484,-0.0689577684445387,0.5449296811404715,-0.07575757575757572,-0.07575757575757572
mHSC-E_Non-Specific_500,scconcept_encoded,mlp,457/500,full_candidate,0.1004130467772483,0.0906688570976257,0.0097441896796226,26.984643936157227,27.056171417236328,0.0715274810791015,0.7458019279085268,0.0821288765604047,0.0271604938271604,0.0271604938271604,35.81818181818182,3.0238359097240015,0.0549683827332442,0.0909090909090909,0.0909090909090909,0.0,1.0,-0.1878248957896818,0.30423311311944473,-0.19696969696969702,-0.19696969696969702
mHSC-E_Non-Specific_500,cl_scratch_v5,lr,457/500,full_candidate,0.1514363884925842,0.0312380045652389,0.1201983839273452,1.4758046865463257,1.6027333736419678,0.1269286870956421,0.8137145567348614,0.1921172717297118,0.0271604938271604,0.0271604938271604,35.81818181818182,7.073408640957595,0.1649567779025513,0.2727272727272727,0.2727272727272727,0.2676056338028169,0.9758883248730964,0.0405851555122517,1.2678320380216226,0.0454545454545455,0.0454545454545455
mHSC-E_Non-Specific_500,cl_scratch_v5,mlp,457/500,full_candidate,0.1514363884925842,0.0312380045652389,0.1201983839273452,1.4758046865463257,1.6027333736419678,0.1269286870956421,0.8701097267087115,0.3202992793560086,0.0271604938271604,0.0271604938271604,35.81818181818182,11.792837103562176,0.2931387855288481,0.3484848484848485,0.3484848484848485,0.2307692307692307,0.998730964467005,0.05034550700592211,1.186496771531061,0.06060606060606061,0.06060606060606061
mHSC-E_Non-Specific_1000,minus,lr,917/1000,tf_stratified_1to10,0.1252163052558899,0.0205799303948879,0.1046363748610019,0.776587724685669,0.8157258033752441,0.0391380786895751,0.7672249630663721,0.3272701502469688,0.0969498910675381,0.0969498910675381,9.314606741573034,3.375662898053005,0.2303202591794307,0.3651685393258427,0.3651685393258427,0.3615160349854227,0.9378769601930036,0.00033367257854544086,1.0010206036993028,-0.016853932584269593,-0.016853932584269593
mHSC-E_Non-Specific_1000,minus,mlp,917/1000,tf_stratified_1to10,0.1252163052558899,0.0205799303948879,0.1046363748610019,0.776587724685669,0.8157258033752441,0.0391380786895751,0.7925702416611322,0.4164167529544536,0.0969498910675381,0.0969498910675381,9.314606741573034,4.295175047327961,0.3194668618869154,0.4438202247191011,0.4438202247191011,0.4529616724738676,0.9734620024125452,0.02078827101737185,1.0525449303234895,0.0674157303370787,0.0674157303370787
mHSC-E_Non-Specific_1000,baseline,lr,917/1000,tf_stratified_1to10,0.1293652951717376,0.034303281456232,0.0950620137155056,0.8426082730293274,0.8806998133659363,0.0380915403366088,0.7862830539027663,0.3269364776684234,0.0969498910675381,0.0969498910675381,9.314606741573034,3.3722211966248623,0.2299865866008852,0.3820224719101123,0.3820224719101123,0.3503184713375796,0.951145958986731,0.0,1.0,0.0,0.0
mHSC-E_Non-Specific_1000,baseline,mlp,917/1000,tf_stratified_1to10,0.1293652951717376,0.034303281456232,0.0950620137155056,0.8426082730293274,0.8806998133659363,0.0380915403366088,0.8089294669359319,0.3956284819370817,0.0969498910675381,0.0969498910675381,9.314606741573034,4.08075220694653,0.2986785908695436,0.3764044943820224,0.3764044943820224,0.366412213740458,0.9782870928829916,0.0,1.0,0.0,0.0
mHSC-E_Non-Specific_1000,scGPT_human,lr,917/1000,tf_stratified_1to10,0.0934986174106597,0.0246310047805309,0.0688676126301288,2.118883848190308,2.1906654834747314,0.0717816352844238,0.7317534324555102,0.2874749142929673,0.0969498910675381,0.0969498910675381,9.314606741573034,2.9651906889993715,0.1905250232254291,0.3651685393258427,0.3651685393258427,0.3726027397260274,0.928226779252111,-0.03946156337545609,0.8792989890364032,-0.016853932584269593,-0.016853932584269593
mHSC-E_Non-Specific_1000,scGPT_human,mlp,917/1000,tf_stratified_1to10,0.0934986174106597,0.0246310047805309,0.0688676126301288,2.118883848190308,2.1906654834747314,0.0717816352844238,0.8037757010612488,0.4027230384725577,0.0969498910675381,0.0969498910675381,9.314606741573034,4.153929767615821,0.3057731474050196,0.4101123595505618,0.4101123595505618,0.3004291845493562,0.9879372738238842,0.007094556535475971,1.0179323705430396,0.03370786516853941,0.03370786516853941
mHSC-E_Non-Specific_1000,v4_bias_rec_best,lr,917/1000,tf_stratified_1to10,0.1258372068405151,0.0284919310361146,0.0973452758044004,1.4964606761932373,1.5722274780273438,0.0757668018341064,0.7526463452650412,0.2918684177890945,0.0969498910675381,0.0969498910675381,9.314606741573034,3.0105079497796496,0.1949185267215564,0.2865168539325842,0.2865168539325842,0.294478527607362,0.9396863691194208,-0.03506805987932887,0.8927373900599288,-0.0955056179775281,-0.0955056179775281
mHSC-E_Non-Specific_1000,v4_bias_rec_best,mlp,917/1000,tf_stratified_1to10,0.1258372068405151,0.0284919310361146,0.0973452758044004,1.4964606761932373,1.5722274780273438,0.0757668018341064,0.7926278445670295,0.3865008685253209,0.0969498910675381,0.0969498910675381,9.314606741573034,3.986604464115109,0.2895509774577828,0.3876404494382022,0.3876404494382022,0.3228346456692913,0.9788902291917974,-0.009127613411760827,0.9769288263396253,0.011235955056179803,0.011235955056179803
mHSC-E_Non-Specific_1000,v4_plain_best,lr,917/1000,tf_stratified_1to10,0.1197889000177383,0.0239575188606977,0.0958313811570406,1.5094059705734253,1.5845162868499756,0.0751103162765502,0.7673689703311151,0.3189012960145668,0.0969498910675381,0.0969498910675381,9.314606741573034,3.2893414577682294,0.2219514049470287,0.3595505617977528,0.3595505617977528,0.3365695792880259,0.9523522316043426,-0.008035181653856582,0.9754228047259818,-0.022471910112359494,-0.022471910112359494
mHSC-E_Non-Specific_1000,v4_plain_best,mlp,917/1000,tf_stratified_1to10,0.1197889000177383,0.0239575188606977,0.0958313811570406,1.5094059705734253,1.5845162868499756,0.0751103162765502,0.782347420067497,0.3914079979635279,0.0969498910675381,0.0969498910675381,9.314606741573034,4.03721957450021,0.2944581068959897,0.4157303370786517,0.4157303370786517,0.3464566929133858,0.9806996381182148,-0.004220483973553846,0.9893322039078445,0.03932584269662931,0.03932584269662931
mHSC-E_Non-Specific_1000,v4_type_pe_best,lr,917/1000,tf_stratified_1to10,0.1192228347063064,0.0301971025764942,0.0890257321298122,1.5199965238571167,1.5937013626098633,0.0737048387527465,0.7712758027134358,0.3149897507764174,0.0969498910675381,0.0969498910675381,9.314606741573034,3.2489954068848457,0.2180398597088793,0.3202247191011236,0.3202247191011236,0.3217665615141956,0.9469240048250904,-0.011946726892005988,0.9634585685353769,-0.06179775280898869,-0.06179775280898869
mHSC-E_Non-Specific_1000,v4_type_pe_best,mlp,917/1000,tf_stratified_1to10,0.1192228347063064,0.0301971025764942,0.0890257321298122,1.5199965238571167,1.5937013626098633,0.0737048387527465,0.7936850273105541,0.3807006091509674,0.0969498910675381,0.0969498910675381,9.314606741573034,3.9267770696695297,0.2837507180834293,0.398876404494382,0.398876404494382,0.309623430962343,0.985524728588661,-0.014927872786114349,0.9622679522135911,0.022471910112359605,0.022471910112359605
mHSC-E_Non-Specific_1000,scconcept,lr,917/1000,tf_stratified_1to10,0.0113355321809649,0.0032464857213199,0.008089046459645,31.435829162597656,31.28130149841309,-0.1545276641845703,0.6386196988384543,0.1657818170301572,0.0969498910675381,0.0969498910675381,9.314606741573034,1.7099742475694872,0.0688319259626191,0.1797752808988764,0.1797752808988764,0.1865284974093264,0.8962605548854041,-0.16115466063826617,0.5070765373519804,-0.2022471910112359,-0.2022471910112359
mHSC-E_Non-Specific_1000,scconcept,mlp,917/1000,tf_stratified_1to10,0.0113355321809649,0.0032464857213199,0.008089046459645,31.435829162597656,31.28130149841309,-0.1545276641845703,0.626514617584473,0.1769701812869241,0.0969498910675381,0.0969498910675381,9.314606741573034,1.8253778249595098,0.0800202902193859,0.1910112359550561,0.1910112359550561,0.0324324324324324,0.9975874547647768,-0.21865830065015762,0.4473140569163277,-0.1853932584269663,-0.1853932584269663
mHSC-E_Non-Specific_1000,scconcept_encoded,lr,917/1000,tf_stratified_1to10,0.1222847700119018,0.0679071322083473,0.0543776378035545,26.608190536499023,27.42455101013184,0.8163604736328125,0.6358513709491603,0.143373314440973,0.0969498910675381,0.0969498910675381,9.314606741573034,1.478839355694531,0.0464234233734348,0.1741573033707865,0.1741573033707865,0.1602373887240356,0.9203860072376358,-0.18356316322745037,0.43853569189786523,-0.2078651685393258,-0.2078651685393258
mHSC-E_Non-Specific_1000,scconcept_encoded,mlp,917/1000,tf_stratified_1to10,0.1222847700119018,0.0679071322083473,0.0543776378035545,26.608190536499023,27.42455101013184,0.8163604736328125,0.669571095539502,0.2049685779869827,0.0969498910675381,0.0969498910675381,9.314606741573034,2.1141702763151704,0.1080186869194445,0.2303370786516854,0.2303370786516854,0.1565217391304348,0.9794933655006032,-0.19065990395009902,0.5180834731195607,-0.146067415730337,-0.146067415730337
mHSC-E_Non-Specific_1000,cl_scratch_v5,lr,917/1000,tf_stratified_1to10,0.1176867932081222,0.0274220462888479,0.0902647469192743,1.517682671546936,1.596210241317749,0.0785275697708129,0.7650513004703108,0.3471587389372751,0.0969498910675381,0.0969498910675381,9.314606741573034,3.5808058690384117,0.250208847869737,0.3707865168539326,0.3707865168539326,0.3533333333333333,0.9583835946924004,0.020222261268851738,1.0618537931682281,-0.011235955056179692,-0.011235955056179692
mHSC-E_Non-Specific_1000,cl_scratch_v5,mlp,917/1000,tf_stratified_1to10,0.1176867932081222,0.0274220462888479,0.0902647469192743,1.517682671546936,1.596210241317749,0.0785275697708129,0.8050836258657377,0.4333947625115638,0.0969498910675381,0.0969498910675381,9.314606741573034,4.470296539164221,0.3364448714440257,0.4382022471910112,0.4382022471910112,0.3715415019762846,0.983112183353438,0.03776628057448206,1.0954589527770353,0.061797752808988804,0.061797752808988804
mHSC-E_Non-Specific_1000,minus,lr,917/1000,full_candidate,0.1252163052558899,0.0253165010362863,0.0998998042196035,0.776587724685669,0.7906704545021057,0.0140827298164367,0.868797954887094,0.2133445428049012,0.0160707836764174,0.0160707836764174,61.2247191011236,13.275304247792683,0.1972737591284837,0.2808988764044944,0.2808988764044944,0.2578125,0.995870801982015,-0.0198668085006041,0.9148120004048228,-0.0337078651685393,-0.0337078651685393
mHSC-E_Non-Specific_1000,minus,mlp,917/1000,full_candidate,0.1252163052558899,0.0253165010362863,0.0998998042196035,0.776587724685669,0.7906704545021057,0.0140827298164367,0.8748123560451252,0.304824882983723,0.0160707836764174,0.0160707836764174,61.2247191011236,18.967642718695128,0.2887540993073056,0.3539325842696629,0.3539325842696629,0.3501945525291828,0.9968801614975225,0.03194265864086543,1.1170565752964976,0.0674157303370787,0.0674157303370787
mHSC-E_Non-Specific_1000,baseline,lr,917/1000,full_candidate,0.1293652951717376,0.0407103523612022,0.0886549428105354,0.8426082730293274,0.845781683921814,0.0031734108924865,0.8698114384455657,0.2332113513055053,0.0160707836764174,0.0160707836764174,61.2247191011236,14.511510826178593,0.2171405676290878,0.3146067415730337,0.3146067415730337,0.2409638554216867,0.996237841805836,0.0,1.0,0.0,0.0
mHSC-E_Non-Specific_1000,baseline,mlp,917/1000,full_candidate,0.1293652951717376,0.0407103523612022,0.0886549428105354,0.8426082730293274,0.845781683921814,0.0031734108924865,0.8695804920395661,0.2728822243428576,0.0160707836764174,0.0160707836764174,61.2247191011236,16.980019757424188,0.2568114406664401,0.2865168539325842,0.2865168539325842,0.3193277310924369,0.9979812809689852,0.0,1.0,0.0,0.0
mHSC-E_Non-Specific_1000,scGPT_human,lr,917/1000,full_candidate,0.0934986174106597,0.0216078888624906,0.0718907285481691,2.118883848190308,2.1776111125946045,0.0587272644042968,0.8361087283307318,0.1830564780930593,0.0160707836764174,0.0160707836764174,61.2247191011236,11.390637928981658,0.1669856944166418,0.2808988764044944,0.2808988764044944,0.2440677966101695,0.992567443567627,-0.050154873212445994,0.7849381132964517,-0.0337078651685393,-0.0337078651685393
mHSC-E_Non-Specific_1000,scGPT_human,mlp,917/1000,full_candidate,0.0934986174106597,0.0216078888624906,0.0718907285481691,2.118883848190308,2.1776111125946045,0.0587272644042968,0.8860343924563004,0.330385694927617,0.0160707836764174,0.0160707836764174,61.2247191011236,20.558157061900584,0.3143149112511996,0.3370786516853932,0.3370786516853932,0.3135593220338983,0.9980730409249404,0.05750347058475941,1.2107263333961624,0.050561797752809,0.050561797752809
mHSC-E_Non-Specific_1000,v4_bias_rec_best,lr,917/1000,full_candidate,0.1258372068405151,0.0369103178381919,0.0889268890023231,1.4964606761932373,1.5199822187423706,0.0235215425491333,0.8501469705811395,0.180967621644244,0.0160707836764174,0.0160707836764174,61.2247191011236,11.260659423211553,0.1648968379678265,0.2584269662921348,0.2584269662921348,0.2213740458015267,0.9949532024224628,-0.05224372966126131,0.775981188870938,-0.0561797752808989,-0.0561797752808989
mHSC-E_Non-Specific_1000,v4_bias_rec_best,mlp,917/1000,full_candidate,0.1258372068405151,0.0369103178381919,0.0889268890023231,1.4964606761932373,1.5199822187423706,0.0235215425491333,0.867294741226614,0.2654038821022414,0.0160707836764174,0.0160707836764174,61.2247191011236,16.514682012159778,0.2493330984258239,0.3033707865168539,0.3033707865168539,0.2605042016806723,0.9973389612772986,-0.007478342240616165,0.972594982107665,0.016853932584269704,0.016853932584269704
mHSC-E_Non-Specific_1000,v4_plain_best,lr,917/1000,full_candidate,0.1197889000177383,0.0265600774437189,0.0932288225740194,1.5094059705734253,1.5515764951705933,0.0421705245971679,0.8578847061928692,0.1777926307938683,0.0160707836764174,0.0160707836764174,61.2247191011236,11.063096509398287,0.1617218471174508,0.2696629213483146,0.2696629213483146,0.1832669322709163,0.9954120022022388,-0.05541872051163699,0.762366967982451,-0.0449438202247191,-0.0449438202247191
mHSC-E_Non-Specific_1000,v4_plain_best,mlp,917/1000,full_candidate,0.1197889000177383,0.0265600774437189,0.0932288225740194,1.5094059705734253,1.5515764951705933,0.0421705245971679,0.8747953443678975,0.2657041850803428,0.0160707836764174,0.0160707836764174,61.2247191011236,16.53336828061737,0.2496334014039253,0.2921348314606741,0.2921348314606741,0.2413793103448276,0.9976142411451644,-0.007178039262514757,0.9736954677799166,0.005617977528089901,0.005617977528089901
mHSC-E_Non-Specific_1000,v4_type_pe_best,lr,917/1000,full_candidate,0.1192228347063064,0.0341743677854537,0.0850484669208526,1.5199965238571167,1.554176688194275,0.0341801643371582,0.8637604364062265,0.2053661586971194,0.0160707836764174,0.0160707836764174,61.2247191011236,12.778851537805089,0.1892953750207019,0.2640449438202247,0.2640449438202247,0.2025316455696202,0.9967884015415672,-0.027845192608385888,0.8806010408476692,-0.050561797752809,-0.050561797752809
mHSC-E_Non-Specific_1000,v4_type_pe_best,mlp,917/1000,full_candidate,0.1192228347063064,0.0341743677854537,0.0850484669208526,1.5199965238571167,1.554176688194275,0.0341801643371582,0.8663580679683521,0.2803384695767341,0.0160707836764174,0.0160707836764174,61.2247191011236,17.443982522651247,0.2642676859003166,0.3314606741573033,0.3314606741573033,0.24,0.9981648008808957,0.007456245233876502,1.0273240415414828,0.0449438202247191,0.0449438202247191
mHSC-E_Non-Specific_1000,scconcept,lr,917/1000,full_candidate,0.0113355321809649,0.0021642679348587,0.0091712642461061,31.435829162597656,31.00705337524414,-0.4287757873535156,0.7864650456428456,0.0883586186273385,0.0160707836764174,0.0160707836764174,61.2247191011236,5.498090224249473,0.072287834950921,0.146067415730337,0.146067415730337,0.1056603773584905,0.9933015232152688,-0.14485273267816678,0.3788778639320575,-0.1685393258426967,-0.1685393258426967
mHSC-E_Non-Specific_1000,scconcept,mlp,917/1000,full_candidate,0.0113355321809649,0.0021642679348587,0.0091712642461061,31.435829162597656,31.00705337524414,-0.4287757873535156,0.8120671043650933,0.071047874932667,0.0160707836764174,0.0160707836764174,61.2247191011236,4.420934060416986,0.0549770912562495,0.1123595505617977,0.1123595505617977,0.0,1.0,-0.20183434941019057,0.2603609491375307,-0.1741573033707865,-0.1741573033707865
mHSC-E_Non-Specific_1000,scconcept_encoded,lr,917/1000,full_candidate,0.1222847700119018,0.0790195018053054,0.0432652682065963,26.608190536499023,27.15605735778809,0.5478668212890625,0.802001346500028,0.0764113412098914,0.0160707836764174,0.0160707836764174,61.2247191011236,4.754674242925626,0.0603405575334739,0.1179775280898876,0.1179775280898876,0.0526315789473684,0.9959625619379704,-0.1568000100956139,0.32764846471728154,-0.1966292134831461,-0.1966292134831461
mHSC-E_Non-Specific_1000,scconcept_encoded,mlp,917/1000,full_candidate,0.1222847700119018,0.0790195018053054,0.0432652682065963,26.608190536499023,27.15605735778809,0.5478668212890625,0.7995655836242502,0.0752537783711522,0.0160707836764174,0.0160707836764174,61.2247191011236,4.682645220443179,0.0591829946947347,0.1292134831460674,0.1292134831460674,0.0,0.9998164800880897,-0.19762844597170537,0.27577383815444517,-0.1573033707865168,-0.1573033707865168
mHSC-E_Non-Specific_1000,cl_scratch_v5,lr,917/1000,full_candidate,0.1176867932081222,0.0305532366037368,0.0871335566043853,1.517682671546936,1.561939716339111,0.0442570447921752,0.8601910772206425,0.2329210496751706,0.0160707836764174,0.0160707836764174,61.2247191011236,14.493446888776418,0.2168502659987531,0.3033707865168539,0.3033707865168539,0.236734693877551,0.9965131216737017,-0.0002903016303346939,0.9987551993987016,-0.011235955056179803,-0.011235955056179803
mHSC-E_Non-Specific_1000,cl_scratch_v5,mlp,917/1000,full_candidate,0.1176867932081222,0.0305532366037368,0.0871335566043853,1.517682671546936,1.561939716339111,0.0442570447921752,0.8794493268530872,0.3147476225497645,0.0160707836764174,0.0160707836764174,61.2247191011236,19.58508240090567,0.2986768388733471,0.3370786516853932,0.3370786516853932,0.2938775510204082,0.997155441365388,0.041865398206906934,1.1534192940112729,0.050561797752809,0.050561797752809
mHSC-E_STRING_500,minus,lr,457/500,tf_stratified_1to10,0.2697322070598602,0.0420213118195533,0.2277108952403068,0.6874033808708191,0.7871348261833191,0.0997314453125,0.911409307244844,0.592149296472978,0.0922619047619047,0.0922619047619047,9.838709677419354,6.418134310158734,0.4998873917110732,0.5967741935483871,0.5967741935483871,0.6074074074074074,0.9475409836065574,0.05443860543949708,1.101241441442918,0.048387096774193616,0.048387096774193616
mHSC-E_STRING_500,minus,mlp,457/500,tf_stratified_1to10,0.2697322070598602,0.0420213118195533,0.2277108952403068,0.6874033808708191,0.7871348261833191,0.0997314453125,0.9306319407720782,0.7208100540073032,0.0922619047619047,0.0922619047619047,9.838709677419354,7.812650907950131,0.6285481492453985,0.6129032258064516,0.6129032258064516,0.5333333333333333,0.9934426229508196,-0.0023621841882494055,0.9967335801023786,-0.08064516129032262,-0.08064516129032262
mHSC-E_STRING_500,baseline,lr,457/500,tf_stratified_1to10,0.2416942715644836,0.0630487203598022,0.1786455512046814,0.7682363390922546,0.8402999043464661,0.0720635652542114,0.8727789529349551,0.5377106910334809,0.0922619047619047,0.0922619047619047,9.838709677419354,5.828090070556442,0.4454487862715761,0.5483870967741935,0.5483870967741935,0.56,0.9540983606557376,0.0,1.0,0.0,0.0
mHSC-E_STRING_500,baseline,mlp,457/500,tf_stratified_1to10,0.2416942715644836,0.0630487203598022,0.1786455512046814,0.7682363390922546,0.8402999043464661,0.0720635652542114,0.9175965097831836,0.7231722381955527,0.0922619047619047,0.0922619047619047,9.838709677419354,7.8382539365711565,0.6309103334336479,0.6935483870967742,0.6935483870967742,0.6666666666666666,0.9836065573770492,0.0,1.0,0.0,0.0
mHSC-E_STRING_500,scGPT_human,lr,457/500,tf_stratified_1to10,0.1438040286302566,0.042487621307373,0.1013164073228836,2.078263282775879,2.1538047790527344,0.0755414962768554,0.9153225806451613,0.690961315006347,0.0922619047619047,0.0922619047619047,9.838709677419354,7.489129091681702,0.5986994102444423,0.6290322580645161,0.6290322580645161,0.6166666666666667,0.9655737704918032,0.15325062397286615,1.2850057224607496,0.08064516129032262,0.08064516129032262
mHSC-E_STRING_500,scGPT_human,mlp,457/500,tf_stratified_1to10,0.1438040286302566,0.042487621307373,0.1013164073228836,2.078263282775879,2.1538047790527344,0.0755414962768554,0.9262691697514542,0.7121783889732322,0.0922619047619047,0.0922619047619047,9.838709677419354,7.719094796613103,0.6199164842113274,0.6451612903225806,0.6451612903225806,0.5858585858585859,0.9868852459016394,-0.010993849222320495,0.984797744380022,-0.048387096774193616,-0.048387096774193616
mHSC-E_STRING_500,v4_bias_rec_best,lr,457/500,tf_stratified_1to10,0.2878625094890594,0.0528354905545711,0.2350270189344883,1.3252578973770142,1.5159142017364502,0.190656304359436,0.8605896351136965,0.592289817878181,0.0922619047619047,0.0922619047619047,9.838709677419354,6.4196573808731925,0.5000279131162763,0.5967741935483871,0.5967741935483871,0.5873015873015873,0.9557377049180328,0.05457912684470012,1.1015027741773165,0.048387096774193616,0.048387096774193616
mHSC-E_STRING_500,v4_bias_rec_best,mlp,457/500,tf_stratified_1to10,0.2878625094890594,0.0528354905545711,0.2350270189344883,1.3252578973770142,1.5159142017364502,0.190656304359436,0.9147408778424114,0.7083677284522869,0.0922619047619047,0.0922619047619047,9.838709677419354,7.677792153547373,0.6161058236903821,0.7096774193548387,0.7096774193548387,0.6138613861386139,0.9868852459016394,-0.014804509743265748,0.9795283765590813,0.016129032258064502,0.016129032258064502
mHSC-E_STRING_500,v4_plain_best,lr,457/500,tf_stratified_1to10,0.2169500142335891,0.0427936017513275,0.1741564124822616,1.392836332321167,1.536621332168579,0.1437849998474121,0.8793098889476468,0.5701416588569769,0.0922619047619047,0.0922619047619047,9.838709677419354,6.179599915353044,0.4778797540950721,0.5967741935483871,0.5967741935483871,0.5736434108527132,0.9508196721311476,0.03243096782349597,1.0603130426162135,0.048387096774193616,0.048387096774193616
mHSC-E_STRING_500,v4_plain_best,mlp,457/500,tf_stratified_1to10,0.2169500142335891,0.0427936017513275,0.1741564124822616,1.392836332321167,1.536621332168579,0.1437849998474121,0.9131808566895824,0.7252325519785366,0.0922619047619047,0.0922619047619047,9.838709677419354,7.860585079509306,0.6329706472166319,0.7096774193548387,0.7096774193548387,0.7115384615384616,0.9918032786885246,0.0020603137829839913,1.0028489945744115,0.016129032258064502,0.016129032258064502
mHSC-E_STRING_500,v4_type_pe_best,lr,457/500,tf_stratified_1to10,0.2222401797771453,0.0516619533300399,0.1705782264471054,1.4076380729675293,1.543038845062256,0.1354007720947265,0.8581835007932311,0.5480999635774034,0.0922619047619047,0.0922619047619047,9.838709677419354,5.940696379419602,0.4558380588154986,0.5806451612903226,0.5806451612903226,0.6165413533834586,0.9508196721311476,0.010389272543922523,1.0193213055220351,0.032258064516129115,0.032258064516129115
mHSC-E_STRING_500,v4_type_pe_best,mlp,457/500,tf_stratified_1to10,0.2222401797771453,0.0516619533300399,0.1705782264471054,1.4076380729675293,1.543038845062256,0.1354007720947265,0.9072316234796404,0.7200128172782897,0.0922619047619047,0.0922619047619047,9.838709677419354,7.804009890500177,0.6277509125163849,0.6774193548387096,0.6774193548387096,0.6542056074766355,0.9836065573770492,-0.003159420917262956,0.9956311639877848,-0.016129032258064613,-0.016129032258064613
mHSC-E_STRING_500,scconcept,lr,457/500,tf_stratified_1to10,0.0046009863726794,0.0005556927062571,0.0040452936664223,31.899911880493164,31.26195335388184,-0.6379585266113281,0.7755817028027499,0.3347604817549123,0.0922619047619047,0.0922619047619047,9.838709677419354,3.6283716732145357,0.2424985769930075,0.4032258064516129,0.4032258064516129,0.3833333333333333,0.9426229508196722,-0.2029502092785686,0.6225661630634535,-0.14516129032258063,-0.14516129032258063
mHSC-E_STRING_500,scconcept,mlp,457/500,tf_stratified_1to10,0.0046009863726794,0.0005556927062571,0.0040452936664223,31.899911880493164,31.26195335388184,-0.6379585266113281,0.6534241142252776,0.1903409204675718,0.0922619047619047,0.0922619047619047,9.838709677419354,2.0630499766807797,0.098079015705667,0.2258064516129032,0.2258064516129032,0.0,1.0,-0.5328313177279809,0.2632027481343965,-0.46774193548387105,-0.46774193548387105
mHSC-E_STRING_500,scconcept_encoded,lr,457/500,tf_stratified_1to10,0.1230273023247718,0.0636671781539917,0.0593601241707801,27.129623413085938,27.567821502685547,0.4381980895996094,0.6806319407720782,0.2105384856342248,0.0922619047619047,0.0922619047619047,9.838709677419354,2.28196552171289,0.11827658087232,0.2580645161290322,0.2580645161290322,0.2601626016260163,0.9262295081967212,-0.32717220539925607,0.39154602864519855,-0.2903225806451613,-0.2903225806451613
mHSC-E_STRING_500,scconcept_encoded,mlp,457/500,tf_stratified_1to10,0.1230273023247718,0.0636671781539917,0.0593601241707801,27.129623413085938,27.567821502685547,0.4381980895996094,0.6491406663141196,0.1593532952394852,0.0922619047619047,0.0922619047619047,9.838709677419354,1.727184103240873,0.0670913904775804,0.1612903225806451,0.1612903225806451,0.0579710144927536,0.9918032786885246,-0.5638189429560675,0.22035317013426967,-0.5322580645161291,-0.5322580645161291
mHSC-E_STRING_500,cl_scratch_v5,lr,457/500,tf_stratified_1to10,0.2207602560520172,0.0538124330341815,0.1669478230178356,1.4099886417388916,1.5530213117599487,0.1430326700210571,0.9037678476996298,0.6573961866924273,0.0922619047619047,0.0922619047619047,9.838709677419354,7.125326410601797,0.5651342819305225,0.5967741935483871,0.5967741935483871,0.5942028985507246,0.9426229508196722,0.11968549565894637,1.2225834406024374,0.048387096774193616,0.048387096774193616
mHSC-E_STRING_500,cl_scratch_v5,mlp,457/500,tf_stratified_1to10,0.2207602560520172,0.0538124330341815,0.1669478230178356,1.4099886417388916,1.5530213117599487,0.1430326700210571,0.9148730830248546,0.7211892848252818,0.0922619047619047,0.0922619047619047,9.838709677419354,7.81676128068693,0.628927380063377,0.7096774193548387,0.7096774193548387,0.6346153846153846,0.9852459016393442,-0.001982953370270879,0.9972579791292615,0.016129032258064502,0.016129032258064502
mHSC-E_STRING_500,minus,lr,457/500,full_candidate,0.2697322070598602,0.0272490866482257,0.2424831204116344,0.6874033808708191,0.806766927242279,0.1193635463714599,0.921380941525134,0.4803941912537262,0.0214384508990318,0.0214384508990318,45.64516129032258,22.40806453396414,0.4589557403546944,0.532258064516129,0.532258064516129,0.5378151260504201,0.991166077738516,0.036150633936279264,1.081375707853984,0.08064516129032262,0.08064516129032262
mHSC-E_STRING_500,minus,mlp,457/500,full_candidate,0.2697322070598602,0.0272490866482257,0.2424831204116344,0.6874033808708191,0.806766927242279,0.1193635463714599,0.9429813062806338,0.63509723403606,0.0214384508990318,0.0214384508990318,45.64516129032258,29.624212916649782,0.6136587831370282,0.5645161290322581,0.5645161290322581,0.5806451612903226,0.9985865724381624,0.028295153991180877,1.0466299555022756,0.0,0.0
mHSC-E_STRING_500,baseline,lr,457/500,full_candidate,0.2416942715644836,0.0439090505242347,0.1977852210402488,0.7682363390922546,0.8590030074119568,0.0907666683197021,0.8863872107602873,0.4442435573174469,0.0214384508990318,0.0214384508990318,45.64516129032258,20.721812383258985,0.4228051064184152,0.4516129032258064,0.4516129032258064,0.4036697247706422,0.991166077738516,0.0,1.0,0.0,0.0
mHSC-E_STRING_500,baseline,mlp,457/500,full_candidate,0.2416942715644836,0.0439090505242347,0.1977852210402488,0.7682363390922546,0.8590030074119568,0.0907666683197021,0.928892625099738,0.6068020800448791,0.0214384508990318,0.0214384508990318,45.64516129032258,28.304380894996633,0.5853636291458473,0.5645161290322581,0.5645161290322581,0.5494505494505495,0.9985865724381624,0.0,1.0,0.0,0.0
mHSC-E_STRING_500,scGPT_human,lr,457/500,full_candidate,0.1438040286302566,0.0293999221175909,0.1144041065126657,2.078263282775879,2.175804376602173,0.0975410938262939,0.9160007979026558,0.5784312198746672,0.0214384508990318,0.0214384508990318,45.64516129032258,26.981017546411906,0.5569927689756353,0.5806451612903226,0.5806451612903226,0.5794392523364486,0.995053003533569,0.13418766255722026,1.3020587701204018,0.12903225806451624,0.12903225806451624
mHSC-E_STRING_500,scGPT_human,mlp,457/500,full_candidate,0.1438040286302566,0.0293999221175909,0.1144041065126657,2.078263282775879,2.175804376602173,0.0975410938262939,0.9325971731448764,0.6350678950465672,0.0214384508990318,0.0214384508990318,45.64516129032258,29.622844394752796,0.6136294441475354,0.6129032258064516,0.6129032258064516,0.5652173913043478,0.9985865724381624,0.02826581500168812,1.0465816053227728,0.048387096774193505,0.048387096774193505
mHSC-E_STRING_500,v4_bias_rec_best,lr,457/500,full_candidate,0.2878625094890594,0.0400005578994751,0.2478619515895843,1.3252578973770142,1.5646741390228271,0.239416241645813,0.8899834720164139,0.5175809576738754,0.0214384508990318,0.0214384508990318,45.64516129032258,24.142647251497554,0.4961425067748435,0.532258064516129,0.532258064516129,0.5,0.993286219081272,0.07333740035642844,1.1650837680106707,0.08064516129032262,0.08064516129032262
mHSC-E_STRING_500,v4_bias_rec_best,mlp,457/500,full_candidate,0.2878625094890594,0.0400005578994751,0.2478619515895843,1.3252578973770142,1.5646741390228271,0.239416241645813,0.9078336942892968,0.6105530538793397,0.0214384508990318,0.0214384508990318,45.64516129032258,28.479345674500824,0.5891146029803078,0.5806451612903226,0.5806451612903226,0.5957446808510638,0.9985865724381624,0.003750973834460547,1.006181544127507,0.016129032258064502,0.016129032258064502
mHSC-E_STRING_500,v4_plain_best,lr,457/500,full_candidate,0.2169500142335891,0.034614585340023,0.1823354288935661,1.392836332321167,1.5730212926864624,0.1801849603652954,0.8915963752422204,0.5322416640023191,0.0214384508990318,0.0214384508990318,45.64516129032258,24.826498262817864,0.5108032131032872,0.5,0.5,0.5263157894736842,0.992226148409894,0.08799810668487218,1.1980852737994592,0.048387096774193616,0.048387096774193616
mHSC-E_STRING_500,v4_plain_best,mlp,457/500,full_candidate,0.2169500142335891,0.034614585340023,0.1823354288935661,1.392836332321167,1.5730212926864624,0.1801849603652954,0.898218967285991,0.562471539011934,0.0214384508990318,0.0214384508990318,45.64516129032258,26.236575658427643,0.5410330881129022,0.532258064516129,0.532258064516129,0.5,0.9996466431095408,-0.04433054103294509,0.9269439863659228,-0.032258064516129115,-0.032258064516129115
mHSC-E_STRING_500,v4_type_pe_best,lr,457/500,full_candidate,0.2222401797771453,0.0402248091995716,0.1820153705775737,1.4076380729675293,1.5757386684417725,0.1681005954742431,0.871711501196854,0.5001649570263282,0.0214384508990318,0.0214384508990318,45.64516129032258,23.330275092260354,0.4787265061272964,0.5483870967741935,0.5483870967741935,0.5391304347826087,0.992226148409894,0.055921399708881325,1.1258800466270378,0.09677419354838712,0.09677419354838712
mHSC-E_STRING_500,v4_type_pe_best,mlp,457/500,full_candidate,0.2222401797771453,0.0402248091995716,0.1820153705775737,1.4076380729675293,1.5757386684417725,0.1681005954742431,0.9193006953151716,0.6285962892984599,0.0214384508990318,0.0214384508990318,45.64516129032258,29.32097530082495,0.607157838399428,0.5806451612903226,0.5806451612903226,0.5393258426966292,0.998939929328622,0.021794209253580776,1.0359165038655913,0.016129032258064502,0.016129032258064502
mHSC-E_STRING_500,scconcept,lr,457/500,full_candidate,0.0046009863726794,0.002614224795252,0.0019867615774273,31.899911880493164,31.229721069335938,-0.6701908111572266,0.8239171321098825,0.1197269657351062,0.0214384508990318,0.0214384508990318,45.64516129032258,5.5846836275149565,0.0982885148360744,0.1612903225806451,0.1612903225806451,0.1428571428571428,0.9851590106007068,-0.3245165915823407,0.26950748922072015,-0.29032258064516125,-0.29032258064516125
mHSC-E_STRING_500,scconcept,mlp,457/500,full_candidate,0.0046009863726794,0.002614224795252,0.0019867615774273,31.899911880493164,31.229721069335938,-0.6701908111572266,0.8279921349595348,0.1315397237427993,0.0214384508990318,0.0214384508990318,45.64516129032258,6.135691630067351,0.1101012728437675,0.1774193548387097,0.1774193548387097,0.0317460317460317,1.0,-0.4752623563020798,0.21677533427879914,-0.38709677419354843,-0.38709677419354843
mHSC-E_STRING_500,scconcept_encoded,lr,457/500,full_candidate,0.1230273023247718,0.0854369476437568,0.037590354681015,27.129623413085938,27.111961364746094,-0.0176620483398437,0.7788812264903682,0.1544251733491765,0.0214384508990318,0.0214384508990318,45.64516129032258,7.203187118158365,0.1329867224501446,0.1612903225806451,0.1612903225806451,0.1386138613861386,0.9886925795053004,-0.2898183839682704,0.3476137600771722,-0.29032258064516125,-0.29032258064516125
mHSC-E_STRING_500,scconcept_encoded,mlp,457/500,full_candidate,0.1230273023247718,0.0854369476437568,0.037590354681015,27.129623413085938,27.111961364746094,-0.0176620483398437,0.8095662829134846,0.1102129314538613,0.0214384508990318,0.0214384508990318,45.64516129032258,5.140899963944629,0.0887744805548295,0.1290322580645161,0.1290322580645161,0.08,0.9964664310954064,-0.4965891485910178,0.1816291260005403,-0.435483870967742,-0.435483870967742
mHSC-E_STRING_500,cl_scratch_v5,lr,457/500,full_candidate,0.2207602560520172,0.0390531606972217,0.1817070953547954,1.4099886417388916,1.579351782798767,0.1693631410598755,0.9188048558075914,0.5407220898723311,0.0214384508990318,0.0214384508990318,45.64516129032258,25.222069095335197,0.5192836389732992,0.6129032258064516,0.6129032258064516,0.5862068965517241,0.9929328621908128,0.09647853255488414,1.2171748604244645,0.16129032258064524,0.16129032258064524
mHSC-E_STRING_500,cl_scratch_v5,mlp,457/500,full_candidate,0.2207602560520172,0.0390531606972217,0.1817070953547954,1.4099886417388916,1.579351782798767,0.1693631410598755,0.9215006269235152,0.6399344543935865,0.0214384508990318,0.0214384508990318,45.64516129032258,29.849845840423438,0.6184960034945547,0.5806451612903226,0.5806451612903226,0.5806451612903226,0.9985865724381624,0.033132374348707416,1.0546016163066827,0.016129032258064502,0.016129032258064502
mHSC-E_STRING_1000,minus,lr,917/1000,tf_stratified_1to10,0.2338768690824508,0.0272195134311914,0.2066573556512594,0.6969724297523499,0.7876386642456055,0.0906662344932556,0.8870317377731529,0.5586611172898797,0.0909090909090909,0.0909090909090909,10.0,6.145272290188677,0.4677520263807887,0.532258064516129,0.532258064516129,0.532258064516129,0.9532258064516128,0.03482395861239118,1.066478595562617,0.032258064516129004,0.032258064516129004
mHSC-E_STRING_1000,minus,mlp,917/1000,tf_stratified_1to10,0.2338768690824508,0.0272195134311914,0.2066573556512594,0.6969724297523499,0.7876386642456055,0.0906662344932556,0.9202870274020118,0.6988955526635635,0.0909090909090909,0.0909090909090909,10.0,7.687851079299199,0.6079864617544726,0.6505376344086021,0.6505376344086021,0.6191950464396285,0.9801075268817204,-0.01812190280497361,0.9747259949297443,-0.010752688172043001,-0.010752688172043001
mHSC-E_STRING_1000,baseline,lr,917/1000,tf_stratified_1to10,0.2262089848518371,0.0441901162266731,0.182018868625164,0.7698017358779907,0.8475276231765747,0.0777258872985839,0.8718218869233436,0.5238371586774885,0.0909090909090909,0.0909090909090909,10.0,5.762208745452374,0.4329280677683975,0.5,0.5,0.4986595174262734,0.9494623655913978,0.0,1.0,0.0,0.0
mHSC-E_STRING_1000,baseline,mlp,917/1000,tf_stratified_1to10,0.2262089848518371,0.0441901162266731,0.182018868625164,0.7698017358779907,0.8475276231765747,0.0777258872985839,0.9096094924268702,0.7170174554685371,0.0909090909090909,0.0909090909090909,10.0,7.8871920101539095,0.6261083645594462,0.6612903225806451,0.6612903225806451,0.64,0.9903225806451612,0.0,1.0,0.0,0.0
mHSC-E_STRING_1000,scGPT_human,lr,917/1000,tf_stratified_1to10,0.1467339843511581,0.0289740078151226,0.1177599765360355,2.061984062194824,2.169898748397827,0.1079146862030029,0.8748366863221182,0.5594143518731804,0.0909090909090909,0.0909090909090909,10.0,6.153557870604986,0.4685052609640895,0.5591397849462365,0.5591397849462365,0.5441176470588235,0.9403225806451612,0.03557719319569197,1.067916512997116,0.05913978494623651,0.05913978494623651
mHSC-E_STRING_1000,scGPT_human,mlp,917/1000,tf_stratified_1to10,0.1467339843511581,0.0289740078151226,0.1177599765360355,2.061984062194824,2.169898748397827,0.1079146862030029,0.9258021158515436,0.7233636510255249,0.0909090909090909,0.0909090909090909,10.0,7.957000161280775,0.632454560116434,0.6505376344086021,0.6505376344086021,0.6707317073170732,0.9827956989247312,0.006346195556987788,1.0088508243538379,-0.010752688172043001,-0.010752688172043001
mHSC-E_STRING_1000,v4_bias_rec_best,lr,917/1000,tf_stratified_1to10,0.2596961259841919,0.039370097219944,0.2203260287642479,1.339406967163086,1.516062617301941,0.1766556501388549,0.884268412533241,0.5176556333973519,0.0909090909090909,0.0909090909090909,10.0,5.6942119673708715,0.4267465424882609,0.5053763440860215,0.5053763440860215,0.5219638242894057,0.946236559139785,-0.006181525280136602,0.9881995288464399,0.005376344086021501,0.005376344086021501
mHSC-E_STRING_1000,v4_bias_rec_best,mlp,917/1000,tf_stratified_1to10,0.2596961259841919,0.039370097219944,0.2203260287642479,1.339406967163086,1.516062617301941,0.1766556501388549,0.92566048098046,0.6985345180870774,0.0909090909090909,0.0909090909090909,10.0,7.683879698957853,0.6076254271779865,0.6344086021505376,0.6344086021505376,0.6237942122186495,0.9849462365591398,-0.018482937381459674,0.9742224722138989,-0.026881720430107503,-0.026881720430107503
mHSC-E_STRING_1000,v4_plain_best,lr,917/1000,tf_stratified_1to10,0.2026171386241912,0.0278864782303571,0.1747306603938341,1.403380036354065,1.546634554862976,0.1432545185089111,0.8832220487917679,0.5775006311571727,0.0909090909090909,0.0909090909090909,10.0,6.3525069427289,0.4865915402480817,0.5913978494623656,0.5913978494623656,0.5939086294416244,0.9510752688172044,0.05366347247968417,1.1024430428249234,0.09139784946236562,0.09139784946236562
mHSC-E_STRING_1000,v4_plain_best,mlp,917/1000,tf_stratified_1to10,0.2026171386241912,0.0278864782303571,0.1747306603938341,1.403380036354065,1.546634554862976,0.1432545185089111,0.9119074459475084,0.6855704310984837,0.0909090909090909,0.0909090909090909,10.0,7.5412747420833215,0.5946613401893928,0.6182795698924731,0.6182795698924731,0.6198083067092651,0.9838709677419356,-0.03144702437005342,0.9561418984569848,-0.043010752688172005,-0.043010752688172005
mHSC-E_STRING_1000,v4_type_pe_best,lr,917/1000,tf_stratified_1to10,0.2127636671066284,0.0366268046200275,0.1761368624866008,1.4118117094039917,1.555131435394287,0.1433197259902954,0.8978624696496705,0.5487291247680887,0.0909090909090909,0.0909090909090909,10.0,6.036020372448976,0.4578200338589977,0.5698924731182796,0.5698924731182796,0.58,0.9473118279569892,0.02489196609060018,1.0475185192158647,0.06989247311827962,0.06989247311827962
mHSC-E_STRING_1000,v4_type_pe_best,mlp,917/1000,tf_stratified_1to10,0.2127636671066284,0.0366268046200275,0.1761368624866008,1.4118117094039917,1.555131435394287,0.1433197259902954,0.9265565383281305,0.6985743967489983,0.0909090909090909,0.0909090909090909,10.0,7.684318364238983,0.6076653058399074,0.6612903225806451,0.6612903225806451,0.6309148264984227,0.9833333333333332,-0.018443058719538774,0.9742780896352278,0.0,0.0
mHSC-E_STRING_1000,scconcept,lr,917/1000,tf_stratified_1to10,-0.0035128565505146,0.0021667547989636,-0.0056796113494783,31.81056785583496,31.15800094604492,-0.6525669097900391,0.7638498670366516,0.2532196269059161,0.0909090909090909,0.0909090909090909,10.0,2.785415895965077,0.1623105359968252,0.2688172043010752,0.2688172043010752,0.3050847457627119,0.9118279569892472,-0.2706175317715724,0.4833937850938447,-0.2311827956989248,-0.2311827956989248
mHSC-E_STRING_1000,scconcept,mlp,917/1000,tf_stratified_1to10,-0.0035128565505146,0.0021667547989636,-0.0056796113494783,31.81056785583496,31.15800094604492,-0.6525669097900391,0.7607107758122327,0.3259175886667622,0.0909090909090909,0.0909090909090909,10.0,3.5850934753343844,0.2350084977576713,0.3387096774193548,0.3387096774193548,0.2362869198312236,0.9876344086021506,-0.39109986680177494,0.4545462403754039,-0.3225806451612903,-0.3225806451612903
mHSC-E_STRING_1000,scconcept_encoded,lr,917/1000,tf_stratified_1to10,0.0938127040863037,0.0590694434940815,0.0347432605922222,27.362150192260746,27.42380142211914,0.0616512298583984,0.7569964735807607,0.2793378847216138,0.0909090909090909,0.0909090909090909,10.0,3.0727167319377524,0.1884287938125229,0.3172043010752688,0.3172043010752688,0.3114754098360656,0.9338709677419356,-0.24449927395587467,0.5332532831898513,-0.1827956989247312,-0.1827956989247312
mHSC-E_STRING_1000,scconcept_encoded,mlp,917/1000,tf_stratified_1to10,0.0938127040863037,0.0590694434940815,0.0347432605922222,27.362150192260746,27.42380142211914,0.0616512298583984,0.6226630246271245,0.151048585481788,0.0909090909090909,0.0909090909090909,10.0,1.6615344402996683,0.0601394945726971,0.2096774193548387,0.2096774193548387,0.0402010050251256,0.9951612903225806,-0.5659688699867491,0.2106623546327542,-0.45161290322580644,-0.45161290322580644
mHSC-E_STRING_1000,cl_scratch_v5,lr,917/1000,tf_stratified_1to10,0.2114014625549316,0.0343168713152408,0.1770845912396907,1.4170535802841189,1.565219163894653,0.1481655836105346,0.8673126951092611,0.5216458612335452,0.0909090909090909,0.0909090909090909,10.0,5.738104473568997,0.4307367703244542,0.5376344086021505,0.5376344086021505,0.55,0.9440860215053763,-0.0021912974439433075,0.9958168346638951,0.037634408602150504,0.037634408602150504
mHSC-E_STRING_1000,cl_scratch_v5,mlp,917/1000,tf_stratified_1to10,0.2114014625549316,0.0343168713152408,0.1770845912396907,1.4170535802841189,1.565219163894653,0.1481655836105346,0.9174803445485028,0.7147729396043465,0.0909090909090909,0.0909090909090909,10.0,7.862502335647813,0.6238638486952556,0.6720430107526881,0.6720430107526881,0.6468646864686468,0.9897849462365592,-0.0022445158641906104,0.9968696496200027,0.010752688172043001,0.010752688172043001
mHSC-E_STRING_1000,minus,lr,917/1000,full_candidate,0.2338768690824508,0.0256323628127574,0.2082445062696933,0.6969724297523499,0.7865197658538818,0.0895473361015319,0.88653012672014,0.4687758361582297,0.0152072602403728,0.0152072602403728,64.75806451612904,30.82579167769525,0.4535685759178569,0.4838709677419355,0.4838709677419355,0.4662162162162162,0.9965960979659608,0.014791863900665503,1.032582348286678,-0.021505376344086002,-0.021505376344086002
mHSC-E_STRING_1000,minus,mlp,917/1000,full_candidate,0.2338768690824508,0.0256323628127574,0.2082445062696933,0.6969724297523499,0.7865197658538818,0.0895473361015319,0.8912235478961065,0.5522473587387962,0.0152072602403728,0.0152072602403728,64.75806451612904,36.31471744480767,0.5370400984984234,0.532258064516129,0.532258064516129,0.5393258426966292,0.999252801992528,0.011943551731270485,1.022105251853434,0.026881720430107503,0.026881720430107503
mHSC-E_STRING_1000,baseline,lr,917/1000,full_candidate,0.2262089848518371,0.0409570075571537,0.1852519772946834,0.7698017358779907,0.839212954044342,0.0694112181663513,0.8869970138860993,0.4539839722575642,0.0152072602403728,0.0152072602403728,64.75806451612904,29.853107337001486,0.4387767120171914,0.5053763440860215,0.5053763440860215,0.4713804713804714,0.9965960979659608,0.0,1.0,0.0,0.0
mHSC-E_STRING_1000,baseline,mlp,917/1000,full_candidate,0.2262089848518371,0.0409570075571537,0.1852519772946834,0.7698017358779907,0.839212954044342,0.0694112181663513,0.8918091654503498,0.5403038070075257,0.0152072602403728,0.0152072602403728,64.75806451612904,35.52933259951106,0.5250965467671529,0.5053763440860215,0.5053763440860215,0.5347985347985348,0.9988376919883768,0.0,1.0,0.0,0.0
mHSC-E_STRING_1000,scGPT_human,lr,917/1000,full_candidate,0.1467339843511581,0.0222446080297231,0.1244893763214349,2.061984062194824,2.173896312713623,0.1119122505187988,0.8880798707356373,0.4228050213436787,0.0152072602403728,0.0152072602403728,64.75806451612904,27.80283987126098,0.4075977611033059,0.4193548387096774,0.4193548387096774,0.4277777777777777,0.9919468659194688,-0.031178950913885506,0.931321472080084,-0.08602150537634412,-0.08602150537634412
mHSC-E_STRING_1000,scGPT_human,mlp,917/1000,full_candidate,0.1467339843511581,0.0222446080297231,0.1244893763214349,2.061984062194824,2.173896312713623,0.1119122505187988,0.8951126376446747,0.5792058732675487,0.0152072602403728,0.0152072602403728,64.75806451612904,38.08745718244838,0.5639986130271759,0.5483870967741935,0.5483870967741935,0.6143344709897611,0.9985886259858864,0.038902066260023016,1.0720003556433968,0.043010752688172005,0.043010752688172005
mHSC-E_STRING_1000,v4_bias_rec_best,lr,917/1000,full_candidate,0.2596961259841919,0.0389950461685657,0.2207010798156261,1.339406967163086,1.5132770538330078,0.1738700866699218,0.8846407066689876,0.4426004299263706,0.0152072602403728,0.0152072602403728,64.75806451612904,29.10454762596477,0.4273931696859978,0.4731182795698925,0.4731182795698925,0.4507042253521127,0.9971772519717724,-0.011383542331193597,0.9749252329887645,-0.032258064516129004,-0.032258064516129004
mHSC-E_STRING_1000,v4_bias_rec_best,mlp,917/1000,full_candidate,0.2596961259841919,0.0389950461685657,0.2207010798156261,1.339406967163086,1.5132770538330078,0.1738700866699218,0.8999381798542205,0.5101206497484768,0.0152072602403728,0.0152072602403728,64.75806451612904,33.544546597170054,0.494913389508104,0.5161290322580645,0.5161290322580645,0.5071428571428571,0.998090493980905,-0.030183157259048854,0.9441366933425505,0.010752688172043001,0.010752688172043001
mHSC-E_STRING_1000,v4_plain_best,lr,917/1000,full_candidate,0.2026171386241912,0.0267539769411087,0.1758631616830825,1.403380036354065,1.5475977659225464,0.1442177295684814,0.8834337631730473,0.4784973482550607,0.0152072602403728,0.0152072602403728,64.75806451612904,31.46505949735299,0.4632900880146878,0.5,0.5,0.4810996563573883,0.9970942299709424,0.024513375997496478,1.0539961265055169,-0.005376344086021501,-0.005376344086021501
mHSC-E_STRING_1000,v4_plain_best,mlp,917/1000,full_candidate,0.2026171386241912,0.0267539769411087,0.1758631616830825,1.403380036354065,1.5475977659225464,0.1442177295684814,0.8919591406776559,0.5225434670461289,0.0152072602403728,0.0152072602403728,64.75806451612904,34.36144701850114,0.5073362068057561,0.5161290322580645,0.5161290322580645,0.5111111111111111,0.9987546699875468,-0.01776033996139681,0.9671289749747229,0.010752688172043001,0.010752688172043001
mHSC-E_STRING_1000,v4_type_pe_best,lr,917/1000,full_candidate,0.2127636671066284,0.033337689936161,0.1794259771704673,1.4118117094039917,1.547922968864441,0.1361112594604492,0.8991829474595715,0.4866398742298455,0.0152072602403728,0.0152072602403728,64.75806451612904,32.00049624572715,0.4714326139894727,0.4946236559139785,0.4946236559139785,0.5190311418685121,0.9976753839767538,0.0326559019722813,1.0719318389367152,-0.010752688172043001,-0.010752688172043001
mHSC-E_STRING_1000,v4_type_pe_best,mlp,917/1000,full_candidate,0.2127636671066284,0.033337689936161,0.1794259771704673,1.4118117094039917,1.547922968864441,0.1361112594604492,0.9115108218731728,0.4997632864876513,0.0152072602403728,0.0152072602403728,64.75806451612904,32.8634664356477,0.4845560262472785,0.5161290322580645,0.5161290322580645,0.4626865671641791,0.9983395599833956,-0.04054052051987439,0.9249671758849745,0.010752688172043001,0.010752688172043001
mHSC-E_STRING_1000,scconcept,lr,917/1000,full_candidate,-0.0035128565505146,0.0020340955816209,-0.0055469521321356,31.81056785583496,31.09609031677246,-0.7144775390625,0.8502745082285514,0.1609204166815977,0.0152072602403728,0.0152072602403728,64.75806451612904,10.581815142110884,0.1457131564412249,0.2311827956989247,0.2311827956989247,0.1755725190839694,0.9955998339559984,-0.29306355557596653,0.3544627707479963,-0.2741935483870968,-0.2741935483870968
mHSC-E_STRING_1000,scconcept,mlp,917/1000,full_candidate,-0.0035128565505146,0.0020340955816209,-0.0055469521321356,31.81056785583496,31.09609031677246,-0.7144775390625,0.8218448292023194,0.1204498155142706,0.0152072602403728,0.0152072602403728,64.75806451612904,7.920546739543258,0.1052425552738978,0.1881720430107527,0.1881720430107527,0.125,0.9980074719800748,-0.4198539914932551,0.22292979237252145,-0.3172043010752688,-0.3172043010752688
mHSC-E_STRING_1000,scconcept_encoded,lr,917/1000,full_candidate,0.0938127040863037,0.0754756927490234,0.0183370113372802,27.362150192260746,27.218639373779297,-0.1435108184814453,0.81514236487723,0.1810070657972728,0.0152072602403728,0.0152072602403728,64.75806451612904,11.902674310572296,0.1657998055569,0.2419354838709677,0.2419354838709677,0.1673306772908366,0.9963470319634704,-0.2729769064602914,0.3987080532758982,-0.2634408602150538,-0.2634408602150538
mHSC-E_STRING_1000,scconcept_encoded,mlp,917/1000,full_candidate,0.0938127040863037,0.0754756927490234,0.0183370113372802,27.362150192260746,27.218639373779297,-0.1435108184814453,0.7901531889821771,0.0949624286911686,0.0152072602403728,0.0152072602403728,64.75806451612904,6.244545512482176,0.0797551684507958,0.1612903225806451,0.1612903225806451,0.0106951871657754,1.0,-0.44534137831635706,0.17575746729810826,-0.34408602150537637,-0.34408602150537637
mHSC-E_STRING_1000,cl_scratch_v5,lr,917/1000,full_candidate,0.2114014625549316,0.0313738323748111,0.1800276301801204,1.4170535802841189,1.5551395416259766,0.1380859613418579,0.8810895075367015,0.4854487560182617,0.0152072602403728,0.0152072602403728,64.75806451612904,31.922170617523484,0.4702414957778889,0.4838709677419355,0.4838709677419355,0.498220640569395,0.9979244499792445,0.0314647837606975,1.0693081379155962,-0.021505376344086002,-0.021505376344086002
mHSC-E_STRING_1000,cl_scratch_v5,mlp,917/1000,full_candidate,0.2114014625549316,0.0313738323748111,0.1800276301801204,1.4170535802841189,1.5551395416259766,0.1380859613418579,0.8950601909506021,0.5187032689474315,0.0152072602403728,0.0152072602403728,64.75806451612904,34.10892302417228,0.5034960087070587,0.553763440860215,0.553763440860215,0.5777777777777777,0.9968451639684516,-0.02160053806009421,0.960021495721585,0.048387096774193505,0.048387096774193505
mHSC-GM_Specific_500,minus,lr,449/500,tf_stratified_1to10,0.0393146909773349,0.0223995018750429,0.016915189102292,0.7992052435874939,0.8231651186943054,0.0239598751068115,0.7629550611681137,0.7899918914783781,0.5530864197530864,0.5530864197530864,0.8080357142857143,1.428333553789032,0.2369054717252917,0.7142857142857143,0.7142857142857143,0.7299893276414088,0.5939226519337016,0.02135375803546813,1.0277812888879447,0.008928571428571397,0.008928571428571397
mHSC-GM_Specific_500,minus,mlp,449/500,tf_stratified_1to10,0.0393146909773349,0.0223995018750429,0.016915189102292,0.7992052435874939,0.8231651186943054,0.0239598751068115,0.7910233326756116,0.8234145017629354,0.5530864197530864,0.5530864197530864,0.8080357142857143,1.4887628268481645,0.270328082009849,0.7410714285714286,0.7410714285714286,0.726643598615917,0.712707182320442,0.0392100520947648,1.049999782724207,0.008928571428571508,0.008928571428571508
mHSC-GM_Specific_500,baseline,lr,449/500,tf_stratified_1to10,0.0346748866140842,0.0333119444549083,0.0013629421591758,0.8933067321777344,0.9081719517707824,0.014865219593048,0.7351149368587213,0.76863813344291,0.5530864197530864,0.5530864197530864,0.8080357142857143,1.3897251966266901,0.2155517136898236,0.7053571428571429,0.7053571428571429,0.721205597416577,0.5966850828729282,0.0,1.0,0.0,0.0
mHSC-GM_Specific_500,baseline,mlp,449/500,tf_stratified_1to10,0.0346748866140842,0.0333119444549083,0.0013629421591758,0.8933067321777344,0.9081719517707824,0.014865219593048,0.7607352505919496,0.7842044496681706,0.5530864197530864,0.5530864197530864,0.8080357142857143,1.4178696523018264,0.2311180299150842,0.7321428571428571,0.7321428571428571,0.7307262569832402,0.6685082872928176,0.0,1.0,0.0,0.0
mHSC-GM_Specific_500,scGPT_human,lr,449/500,tf_stratified_1to10,0.029693441465497,0.0193815622478723,0.0103118792176246,2.162651777267456,2.17788028717041,0.0152285099029541,0.7426931235201263,0.763024079622628,0.5530864197530864,0.5530864197530864,0.8080357142857143,1.379574786817698,0.2099376598695416,0.7098214285714286,0.7098214285714286,0.7163198247535597,0.6187845303867403,-0.005614053820282017,0.9926961029175908,0.004464285714285698,0.004464285714285698
mHSC-GM_Specific_500,scGPT_human,mlp,449/500,tf_stratified_1to10,0.029693441465497,0.0193815622478723,0.0103118792176246,2.162651777267456,2.17788028717041,0.0152285099029541,0.7914056333859512,0.8217194444414907,0.5530864197530864,0.5530864197530864,0.8080357142857143,1.485698102673231,0.2686330246884043,0.7455357142857143,0.7455357142857143,0.7478070175438597,0.6602209944751382,0.0375149947733201,1.047838283484867,0.013392857142857206,0.013392857142857206
mHSC-GM_Specific_500,v4_bias_rec_best,lr,449/500,tf_stratified_1to10,0.0371941514313221,0.0269150864332914,0.0102790649980306,1.619072675704956,1.6711958646774292,0.0521231889724731,0.7839199388318864,0.7854113440804349,0.5530864197530864,0.5530864197530864,0.8080357142857143,1.4200517605025722,0.2323249243273485,0.75,0.75,0.7624190064794817,0.6546961325966851,0.016773210637524905,1.0218219860656583,0.044642857142857095,0.044642857142857095
mHSC-GM_Specific_500,v4_bias_rec_best,mlp,449/500,tf_stratified_1to10,0.0371941514313221,0.0269150864332914,0.0102790649980306,1.619072675704956,1.6711958646774292,0.0521231889724731,0.7927251874506709,0.8065185943702454,0.5530864197530864,0.5530864197530864,0.8080357142857143,1.4582144228569172,0.253432174617159,0.7566964285714286,0.7566964285714286,0.7739872068230277,0.649171270718232,0.022314144702074823,1.0284544989658206,0.024553571428571508,0.024553571428571508
mHSC-GM_Specific_500,v4_plain_best,lr,449/500,tf_stratified_1to10,0.0300932731479406,0.0269033834338188,0.0031898897141218,1.6038446426391602,1.6390377283096311,0.0351930856704711,0.7344243291239148,0.7659621506610811,0.5530864197530864,0.5530864197530864,0.8080357142857143,1.3848869241863297,0.2128757309079947,0.703125,0.703125,0.7190527448869752,0.5939226519337016,-0.0026759827818289006,0.9965185401746299,-0.0022321428571429047,-0.0022321428571429047
mHSC-GM_Specific_500,v4_plain_best,mlp,449/500,tf_stratified_1to10,0.0300932731479406,0.0269033834338188,0.0031898897141218,1.6038446426391602,1.6390377283096311,0.0351930856704711,0.7699351322020521,0.7982591731541218,0.5530864197530864,0.5530864197530864,0.8080357142857143,1.4432810943188363,0.2451727534010354,0.7276785714285714,0.7276785714285714,0.7210884353741497,0.6795580110497238,0.01405472348595116,1.0179222694947705,-0.004464285714285698,-0.004464285714285698
mHSC-GM_Specific_500,v4_type_pe_best,lr,449/500,tf_stratified_1to10,0.0376183949410915,0.0309930350631475,0.0066253598779439,1.6107518672943115,1.658105969429016,0.0473541021347045,0.7571280584056828,0.7910232187884454,0.5530864197530864,0.5530864197530864,0.8080357142857143,1.430198230398752,0.237936799035359,0.7388392857142857,0.7388392857142857,0.7412140575079872,0.6049723756906077,0.022385085345535405,1.029123048117932,0.033482142857142794,0.033482142857142794
mHSC-GM_Specific_500,v4_type_pe_best,mlp,449/500,tf_stratified_1to10,0.0376183949410915,0.0309930350631475,0.0066253598779439,1.6107518672943115,1.658105969429016,0.0473541021347045,0.7630413871349645,0.7916442053061054,0.5530864197530864,0.5530864197530864,0.8080357142857143,1.431320996200771,0.238557785553019,0.7276785714285714,0.7276785714285714,0.7479338842975206,0.56353591160221,0.007439755637934753,1.00948701023194,-0.004464285714285698,-0.004464285714285698
mHSC-GM_Specific_500,scconcept,lr,449/500,tf_stratified_1to10,0.0042138239368796,0.0074609648436307,-0.0032471409067511,30.634445190429688,30.75101661682129,0.1165714263916015,0.6835783346487767,0.7288010145369287,0.5530864197530864,0.5530864197530864,0.8080357142857143,1.3176982628904292,0.1757145947838423,0.6607142857142857,0.6607142857142857,0.6607142857142857,0.580110497237569,-0.039837118905981295,0.9481718156142714,-0.044642857142857206,-0.044642857142857206
mHSC-GM_Specific_500,scconcept,mlp,449/500,tf_stratified_1to10,0.0042138239368796,0.0074609648436307,-0.0032471409067511,30.634445190429688,30.75101661682129,0.1165714263916015,0.7343996645619574,0.7711531318814973,0.5530864197530864,0.5530864197530864,0.8080357142857143,1.3942724036250287,0.2180667121284109,0.7008928571428571,0.7008928571428571,0.6997792494481236,0.6104972375690608,-0.013051317786673344,0.9833572510431484,-0.03125,-0.03125
mHSC-GM_Specific_500,scconcept_encoded,lr,449/500,tf_stratified_1to10,0.1145523265004158,0.1719408631324768,-0.057388536632061,25.451684951782227,24.711671829223636,-0.7400131225585938,0.728689818468824,0.753433096392758,0.5530864197530864,0.5530864197530864,0.8080357142857143,1.3622339466029778,0.2003466766396716,0.6986607142857143,0.6986607142857143,0.7117903930131004,0.6077348066298343,-0.01520503705015197,0.9802182114201841,-0.006696428571428603,-0.006696428571428603
mHSC-GM_Specific_500,scconcept_encoded,mlp,449/500,tf_stratified_1to10,0.1145523265004158,0.1719408631324768,-0.057388536632061,25.451684951782227,24.711671829223636,-0.7400131225585938,0.7256190805051304,0.7587947184565089,0.5530864197530864,0.5530864197530864,0.8080357142857143,1.3719279507807418,0.2057082987034225,0.6919642857142857,0.6919642857142857,0.7263374485596708,0.5276243093922652,-0.02540973121166168,0.967598078253173,-0.0401785714285714,-0.0401785714285714
mHSC-GM_Specific_500,cl_scratch_v5,lr,449/500,tf_stratified_1to10,0.0269741676747798,0.0219671260565519,0.0050070416182279,1.6173250675201416,1.6609952449798584,0.0436701774597168,0.7642807813733228,0.7992404213889757,0.5530864197530864,0.5530864197530864,0.8080357142857143,1.445055226172032,0.2461540016358893,0.7209821428571429,0.7209821428571429,0.7386243386243386,0.5911602209944752,0.030602287946065676,1.0398136478201918,0.015625,0.015625
mHSC-GM_Specific_500,cl_scratch_v5,mlp,449/500,tf_stratified_1to10,0.0269741676747798,0.0219671260565519,0.0050070416182279,1.6173250675201416,1.6609952449798584,0.0436701774597168,0.7861798293212312,0.8119011669762469,0.5530864197530864,0.5530864197530864,0.8080357142857143,1.4679463063633038,0.2588147472231605,0.7433035714285714,0.7433035714285714,0.7244655581947743,0.7541436464088398,0.027696717308076324,1.0353182353400265,0.011160714285714302,0.011160714285714302
mHSC-GM_Specific_500,minus,lr,449/500,full_candidate,0.0393146909773349,0.014965902082622,0.0243487888947129,0.7992052435874939,0.8324685096740723,0.0332632660865783,0.7656650799131807,0.8000078037022671,0.5530864197530864,0.5530864197530864,0.8080357142857143,1.446442680800974,0.2469213839491807,0.7321428571428571,0.7321428571428571,0.7427341227125942,0.6243093922651933,0.02042275815198058,1.0261969598680085,0.0200892857142857,0.0200892857142857
mHSC-GM_Specific_500,minus,mlp,449/500,full_candidate,0.0393146909773349,0.014965902082622,0.0243487888947129,0.7992052435874939,0.8324685096740723,0.0332632660865783,0.7807844563930544,0.8193004527537309,0.5530864197530864,0.5530864197530864,0.8080357142857143,1.481324479309201,0.2662140330006445,0.7366071428571429,0.7366071428571429,0.7379553466509988,0.7541436464088398,0.009666455509198535,1.0119392905215159,-0.008928571428571397,-0.008928571428571397
mHSC-GM_Specific_500,baseline,lr,449/500,full_candidate,0.0346748866140842,0.0251970402896404,0.0094778463244438,0.8933067321777344,0.9221071600914,0.0288004279136657,0.7511869820441989,0.7795850455502865,0.5530864197530864,0.5530864197530864,0.8080357142857143,1.4095176046779736,0.2264986257972001,0.7120535714285714,0.7120535714285714,0.7233115468409586,0.6187845303867403,0.0,1.0,0.0,0.0
mHSC-GM_Specific_500,baseline,mlp,449/500,full_candidate,0.0346748866140842,0.0251970402896404,0.0094778463244438,0.8933067321777344,0.9221071600914,0.0288004279136657,0.7754384125887924,0.8096339972445323,0.5530864197530864,0.5530864197530864,0.8080357142857143,1.4638471825180162,0.2565475774914459,0.7455357142857143,0.7455357142857143,0.748040313549832,0.6933701657458563,0.0,1.0,0.0,0.0
mHSC-GM_Specific_500,scGPT_human,lr,449/500,full_candidate,0.029693441465497,0.0195259302854537,0.0101675111800432,2.162651777267456,2.195889711380005,0.0332379341125488,0.7344459106156275,0.7581647834171087,0.5530864197530864,0.5530864197530864,0.8080357142857143,1.3707890057318262,0.2050783636640223,0.7098214285714286,0.7098214285714286,0.7178924259055982,0.6243093922651933,-0.021420262133177825,0.9725235081721483,-0.0022321428571427937,-0.0022321428571427937
mHSC-GM_Specific_500,scGPT_human,mlp,449/500,full_candidate,0.029693441465497,0.0195259302854537,0.0101675111800432,2.162651777267456,2.195889711380005,0.0332379341125488,0.7836332132991317,0.8165212795832497,0.5530864197530864,0.5530864197530864,0.8080357142857143,1.4762996349607864,0.2634348598301633,0.7388392857142857,0.7388392857142857,0.7374301675977654,0.6767955801104972,0.006887282338717382,1.008506661481802,-0.006696428571428603,-0.006696428571428603
mHSC-GM_Specific_500,v4_bias_rec_best,lr,449/500,full_candidate,0.0371941514313221,0.0192657262086868,0.0179284252226352,1.619072675704956,1.6888138055801392,0.0697411298751831,0.7711652772296763,0.7840266013094507,0.5530864197530864,0.5530864197530864,0.8080357142857143,1.4175480961175337,0.2309401815563643,0.7321428571428571,0.7321428571428571,0.7491995731056563,0.6187845303867403,0.004441555759164162,1.0056973331960581,0.0200892857142857,0.0200892857142857
mHSC-GM_Specific_500,v4_bias_rec_best,mlp,449/500,full_candidate,0.0371941514313221,0.0192657262086868,0.0179284252226352,1.619072675704956,1.6888138055801392,0.0697411298751831,0.7899288427387531,0.8102812971323156,0.5530864197530864,0.5530864197530864,0.8080357142857143,1.4650175238329814,0.2571948773792292,0.7477678571428571,0.7477678571428571,0.7676130389064143,0.6187845303867403,0.0006472998877832259,1.0007994969208138,0.0022321428571427937,0.0022321428571427937
mHSC-GM_Specific_500,v4_plain_best,lr,449/500,full_candidate,0.0300932731479406,0.021116878837347,0.0089763943105936,1.6038446426391602,1.656102180480957,0.0522575378417968,0.7513473016969219,0.7793657725760488,0.5530864197530864,0.5530864197530864,0.8080357142857143,1.409121151309374,0.2262793528229624,0.7098214285714286,0.7098214285714286,0.7308108108108108,0.6160220994475138,-0.00021927297423773862,0.9997187311692427,-0.0022321428571427937,-0.0022321428571427937
mHSC-GM_Specific_500,v4_plain_best,mlp,449/500,full_candidate,0.0300932731479406,0.021116878837347,0.0089763943105936,1.6038446426391602,1.656102180480957,0.0522575378417968,0.7690934540252565,0.7946341506935639,0.5530864197530864,0.5530864197530864,0.8080357142857143,1.43672692424506,0.2415477309404775,0.734375,0.734375,0.7396061269146609,0.6464088397790055,-0.014999846550968421,0.9814732995377935,-0.011160714285714302,-0.011160714285714302
mHSC-GM_Specific_500,v4_type_pe_best,lr,449/500,full_candidate,0.0376183949410915,0.0279204808175563,0.0096979141235351,1.6107518672943115,1.6724008321762085,0.0616489648818969,0.7539494129834254,0.7892071405303069,0.5530864197530864,0.5530864197530864,0.8080357142857143,1.4269146960480998,0.2361207207772205,0.7232142857142857,0.7232142857142857,0.7457627118644068,0.6022099447513812,0.009622094980020424,1.012342585372746,0.011160714285714302,0.011160714285714302
mHSC-GM_Specific_500,v4_type_pe_best,mlp,449/500,full_candidate,0.0376183949410915,0.0279204808175563,0.0096979141235351,1.6107518672943115,1.6724008321762085,0.0616489648818969,0.768815977703236,0.8086096413663449,0.5530864197530864,0.5530864197530864,0.8080357142857143,1.4619951105061149,0.2555232216132586,0.7299107142857143,0.7299107142857143,0.737417943107221,0.643646408839779,-0.0010243558781873885,0.998734791422206,-0.015625,-0.015625
mHSC-GM_Specific_500,scconcept,lr,449/500,full_candidate,0.0042138239368796,0.0055425707250833,-0.0013287467882037,30.634445190429688,31.01311683654785,0.378671646118164,0.7171252219810575,0.7424604436840223,0.5530864197530864,0.5530864197530864,0.8080357142857143,1.3423949986251298,0.1893740239309359,0.7120535714285714,0.7120535714285714,0.7115600448933782,0.6519337016574586,-0.037124601866264206,0.9523790225605738,0.0,0.0
mHSC-GM_Specific_500,scconcept,mlp,449/500,full_candidate,0.0042138239368796,0.0055425707250833,-0.0013287467882037,30.634445190429688,31.01311683654785,0.378671646118164,0.7354448253749014,0.7548986738604679,0.5530864197530864,0.5530864197530864,0.8080357142857143,1.3648837630066497,0.2018122541073815,0.7165178571428571,0.7165178571428571,0.7219193020719739,0.6187845303867403,-0.054735323384064394,0.9323949790024284,-0.029017857142857206,-0.029017857142857206
mHSC-GM_Specific_500,scconcept_encoded,lr,449/500,full_candidate,0.1145523265004158,0.1553767770528793,-0.0408244505524635,25.451684951782227,25.145034790039062,-0.306650161743164,0.7279344662588793,0.7575622013963926,0.5530864197530864,0.5530864197530864,0.8080357142857143,1.369699515917585,0.2044757816433062,0.6941964285714286,0.6941964285714286,0.7093275488069414,0.5939226519337016,-0.022022844153893884,0.9717505559148475,-0.017857142857142794,-0.017857142857142794
mHSC-GM_Specific_500,scconcept_encoded,mlp,449/500,full_candidate,0.1145523265004158,0.1553767770528793,-0.0408244505524635,25.451684951782227,25.145034790039062,-0.306650161743164,0.7270465420284136,0.761582090841229,0.5530864197530864,0.5530864197530864,0.8080357142857143,1.3769676196013292,0.2084956710881426,0.703125,0.703125,0.7291666666666666,0.5524861878453039,-0.04805190640330337,0.9406498410802402,-0.0424107142857143,-0.0424107142857143
mHSC-GM_Specific_500,cl_scratch_v5,lr,449/500,full_candidate,0.0269741676747798,0.017640259116888,0.0093339085578918,1.6173250675201416,1.6755932569503784,0.0582681894302368,0.7596777574980269,0.7794337538803248,0.5530864197530864,0.5530864197530864,0.8080357142857143,1.4092440639354087,0.2263473341272384,0.7209821428571429,0.7209821428571429,0.7303974221267454,0.6049723756906077,-0.00015129166996175059,0.9998059330783403,0.008928571428571508,0.008928571428571508
mHSC-GM_Specific_500,cl_scratch_v5,mlp,449/500,full_candidate,0.0269741676747798,0.017640259116888,0.0093339085578918,1.6173250675201416,1.6755932569503784,0.0582681894302368,0.776751800513023,0.8002830488551729,0.5530864197530864,0.5530864197530864,0.8080357142857143,1.446940333867612,0.2471966291020865,0.7366071428571429,0.7366071428571429,0.7281001137656428,0.6933701657458563,-0.00935094838935946,0.9884504005251954,-0.008928571428571397,-0.008928571428571397
mHSC-GM_Specific_1000,minus,lr,895/1000,tf_stratified_1to10,0.027646780014038,0.0130936652421951,0.0145531147718429,0.8041223287582397,0.8118003606796265,0.0076780319213867,0.8195170121827366,0.8635383618759258,0.5780287474332649,0.5780287474332649,0.7300177619893428,1.4939367042045322,0.2855096144426609,0.783303730017762,0.783303730017762,0.7855072463768116,0.6707218167072182,0.010132021862435558,1.0118724473763288,0.001776198934280604,0.001776198934280604
mHSC-GM_Specific_1000,minus,mlp,895/1000,tf_stratified_1to10,0.027646780014038,0.0130936652421951,0.0145531147718429,0.8041223287582397,0.8118003606796265,0.0076780319213867,0.8300179060444064,0.8734254833008364,0.5780287474332649,0.5780287474332649,0.7300177619893428,1.511041599884573,0.2953967358675714,0.7921847246891652,0.7921847246891652,0.7949545321208565,0.7039740470397404,0.012343369712335184,1.014334718510056,0.018946121965660145,0.018946121965660145
mHSC-GM_Specific_1000,baseline,lr,895/1000,tf_stratified_1to10,0.0264618229120969,0.0242276862263679,0.002234136685729,0.8801743388175964,0.8927707076072693,0.0125963687896728,0.813341851789428,0.8534063400134902,0.5780287474332649,0.5780287474332649,0.7300177619893428,1.4764081264176545,0.2753775925802253,0.7815275310834814,0.7815275310834814,0.7896402877697841,0.6642335766423357,0.0,1.0,0.0,0.0
mHSC-GM_Specific_1000,baseline,mlp,895/1000,tf_stratified_1to10,0.0264618229120969,0.0242276862263679,0.002234136685729,0.8801743388175964,0.8927707076072693,0.0125963687896728,0.8136210785210538,0.8610821135885012,0.5780287474332649,0.5780287474332649,0.7300177619893428,1.4896873510394317,0.2830533661552362,0.7732386027235051,0.7732386027235051,0.7864482088308803,0.5977291159772912,0.0,1.0,0.0,0.0
mHSC-GM_Specific_1000,scGPT_human,lr,895/1000,tf_stratified_1to10,0.0198262892663478,0.0177548676729202,0.0020714215934276,2.1870808601379395,2.184596061706543,-0.0024847984313964,0.7994371768664854,0.8411458336683371,0.5780287474332649,0.5780287474332649,0.7300177619893428,1.4551972326695564,0.2631170862350721,0.7679100059206632,0.7679100059206632,0.7715030408340573,0.6496350364963503,-0.012260506345153188,0.9856334482528458,-0.013617525162818223,-0.013617525162818223
mHSC-GM_Specific_1000,scGPT_human,mlp,895/1000,tf_stratified_1to10,0.0198262892663478,0.0177548676729202,0.0020714215934276,2.1870808601379395,2.184596061706543,-0.0024847984313964,0.8236665182899512,0.8700991181954449,0.5780287474332649,0.5780287474332649,0.7300177619893428,1.5052869291693842,0.29207037076218,0.7797513321492007,0.7797513321492007,0.7839399191218949,0.6626115166261152,0.009017004606943768,1.010471712818846,0.006512729425695585,0.006512729425695585
mHSC-GM_Specific_1000,v4_bias_rec_best,lr,895/1000,tf_stratified_1to10,0.0332721062004566,0.0206280127167701,0.0126440934836864,1.6004501581192017,1.6262308359146118,0.0257806777954101,0.8089232028050402,0.8571338051992746,0.5780287474332649,0.5780287474332649,0.7300177619893428,1.4828567073962582,0.2791050577660097,0.7714624037892244,0.7714624037892244,0.7780996523754345,0.6593673965936739,0.0037274651857843732,1.0043677495830712,-0.010065127294257015,-0.010065127294257015
mHSC-GM_Specific_1000,v4_bias_rec_best,mlp,895/1000,tf_stratified_1to10,0.0332721062004566,0.0206280127167701,0.0126440934836864,1.6004501581192017,1.6262308359146118,0.0257806777954101,0.8236876463659468,0.8704509528609287,0.5780287474332649,0.5780287474332649,0.7300177619893428,1.5058956093899547,0.2924222054276637,0.7791592658377738,0.7791592658377738,0.7917490816614863,0.6358475263584753,0.009368839272427487,1.0108803087703024,0.005920663114268754,0.005920663114268754
mHSC-GM_Specific_1000,v4_plain_best,lr,895/1000,tf_stratified_1to10,0.0235788449645042,0.0192462746053934,0.0043325703591108,1.5941206216812134,1.616219997406006,0.0220993757247924,0.8164003808815881,0.8581959926267645,0.5780287474332649,0.5780287474332649,0.7300177619893428,1.4846943105123775,0.2801672451934995,0.783303730017762,0.783303730017762,0.7869890616004606,0.6609894566098946,0.004789652613274242,1.005612393989478,0.001776198934280604,0.001776198934280604
mHSC-GM_Specific_1000,v4_plain_best,mlp,895/1000,tf_stratified_1to10,0.0235788449645042,0.0192462746053934,0.0043325703591108,1.5941206216812134,1.616219997406006,0.0220993757247924,0.8188958947668157,0.8659687927619302,0.5780287474332649,0.5780287474332649,0.7300177619893428,1.4981413928066074,0.2879400453286652,0.7803433984606276,0.7803433984606276,0.7849809328248754,0.6901865369018654,0.004886679173428998,1.0056750443381806,0.007104795737122527,0.007104795737122527
mHSC-GM_Specific_1000,v4_type_pe_best,lr,895/1000,tf_stratified_1to10,0.0261552296578884,0.0251217763870954,0.0010334532707929,1.6100364923477173,1.625833511352539,0.0157970190048217,0.8118969795014448,0.8564676681826335,0.5780287474332649,0.5780287474332649,0.7300177619893428,1.4817042785255505,0.2784389207493686,0.7744227353463587,0.7744227353463587,0.7801336044147545,0.6666666666666666,0.0030613281691432848,1.003587187047491,-0.007104795737122638,-0.007104795737122638
mHSC-GM_Specific_1000,v4_type_pe_best,mlp,895/1000,tf_stratified_1to10,0.0261552296578884,0.0251217763870954,0.0010334532707929,1.6100364923477173,1.625833511352539,0.0157970190048217,0.8206067887389275,0.8636374378208208,0.5780287474332649,0.5780287474332649,0.7300177619893428,1.4941081073489866,0.2856086903875559,0.7850799289520426,0.7850799289520426,0.7836734693877551,0.6780210867802109,0.0025553242323196335,1.0029675732337193,0.011841326228537508,0.011841326228537508
mHSC-GM_Specific_1000,scconcept,lr,895/1000,tf_stratified_1to10,0.0061928052455186,0.0036621124017983,0.0025306928437203,30.92583465576172,30.958890914916992,0.0330562591552734,0.7711442821904244,0.8122136882507635,0.5780287474332649,0.5780287474332649,0.7300177619893428,1.4051441072046955,0.2341849408174985,0.7448194197750148,0.7448194197750148,0.7526011560693642,0.6196269261962692,-0.041192651762726795,0.9517314908135371,-0.03670811130846663,-0.03670811130846663
mHSC-GM_Specific_1000,scconcept,mlp,895/1000,tf_stratified_1to10,0.0061928052455186,0.0036621124017983,0.0025306928437203,30.92583465576172,30.958890914916992,0.0330562591552734,0.7702552223561935,0.8148784267114801,0.5780287474332649,0.5780287474332649,0.7300177619893428,1.4097541520727914,0.2368496792782152,0.7525162818235642,0.7525162818235642,0.7671232876712328,0.5815085158150851,-0.04620368687702103,0.9463422986636312,-0.02072232089994086,-0.02072232089994086
mHSC-GM_Specific_1000,scconcept_encoded,lr,895/1000,tf_stratified_1to10,0.0872781500220298,0.0992948785424232,-0.0120167285203933,26.406888961791992,26.053369522094727,-0.3535194396972656,0.7749048396258986,0.8184250804810506,0.5780287474332649,0.5780287474332649,0.7300177619893428,1.4158899260897748,0.2403963330477856,0.7519242155121374,0.7519242155121374,0.7634105025409373,0.5936739659367397,-0.03498125953243969,0.95900984338611,-0.02960331557134399,-0.02960331557134399
mHSC-GM_Specific_1000,scconcept_encoded,mlp,895/1000,tf_stratified_1to10,0.0872781500220298,0.0992948785424232,-0.0120167285203933,26.406888961791992,26.053369522094727,-0.3535194396972656,0.7651326242943103,0.8172320945500187,0.5780287474332649,0.5780287474332649,0.7300177619893428,1.413826039239286,0.2392033471167537,0.7400828892835998,0.7400828892835998,0.7456732179524788,0.6358475263584753,-0.04385001903848251,0.9490756823925415,-0.03315571343990531,-0.03315571343990531
mHSC-GM_Specific_1000,cl_scratch_v5,lr,895/1000,tf_stratified_1to10,0.0205821711570024,0.0139499101787805,0.0066322609782218,1.600867748260498,1.6293421983718872,0.0284744501113891,0.8157847855764387,0.8628893892150856,0.5780287474332649,0.5780287474332649,0.7300177619893428,1.4928139699742333,0.2848606417818207,0.7738306690349319,0.7738306690349319,0.7811682650392328,0.6690997566909975,0.009483049201595373,1.0111119975994618,-0.007696862048549469,-0.007696862048549469
mHSC-GM_Specific_1000,cl_scratch_v5,mlp,895/1000,tf_stratified_1to10,0.0205821711570024,0.0139499101787805,0.0066322609782218,1.600867748260498,1.6293421983718872,0.0284744501113891,0.8175758702006255,0.8667568305814748,0.5780287474332649,0.5780287474332649,0.7300177619893428,1.4995047122315388,0.2887280831482098,0.7744227353463587,0.7744227353463587,0.7862339115836597,0.610705596107056,0.005674716992973616,1.0065902158498272,0.001184132622853662,0.001184132622853662
mHSC-GM_Specific_1000,minus,lr,895/1000,full_candidate,0.027646780014038,0.0212667845189571,0.0063799954950809,0.8041223287582397,0.7941116094589233,-0.0100107192993164,0.8698274668734729,0.8526159650002167,0.4875866050808314,0.4875866050808314,1.0509177027827117,1.7486451762941095,0.3650293599193853,0.7761989342806395,0.7761989342806395,0.7799942179820758,0.7628169014084507,-0.0017459566191532216,0.9979564203706038,0.0,0.0
mHSC-GM_Specific_1000,minus,mlp,895/1000,full_candidate,0.027646780014038,0.0212667845189571,0.0063799954950809,0.8041223287582397,0.7941116094589233,-0.0100107192993164,0.8773392039626746,0.862712819578842,0.4875866050808314,0.4875866050808314,1.0509177027827117,1.7693529940918347,0.3751262144980106,0.7785671995263469,0.7785671995263469,0.7837758972862562,0.7774647887323943,0.00291511153109969,1.0033904620863885,-0.001776198934280715,-0.001776198934280715
mHSC-GM_Specific_1000,baseline,lr,895/1000,full_candidate,0.0264618229120969,0.029232608154416,-0.0027707852423191,0.8801743388175964,0.8679230809211731,-0.0122512578964233,0.8685786239044689,0.85436192161937,0.4875866050808314,0.4875866050808314,1.0509177027827117,1.7522259896326213,0.3667753165385385,0.7761989342806395,0.7761989342806395,0.7844925883694412,0.7504225352112676,0.0,1.0,0.0,0.0
mHSC-GM_Specific_1000,baseline,mlp,895/1000,full_candidate,0.0264618229120969,0.029232608154416,-0.0027707852423191,0.8801743388175964,0.8679230809211731,-0.0122512578964233,0.8762614764966352,0.8597977080477424,0.4875866050808314,0.4875866050808314,1.0509177027827117,1.7633743402471165,0.3722111029669109,0.7803433984606276,0.7803433984606276,0.7934537246049661,0.7470422535211267,0.0,1.0,0.0,0.0
mHSC-GM_Specific_1000,scGPT_human,lr,895/1000,full_candidate,0.0198262892663478,0.0159645583480596,0.0038617309182882,2.1870808601379395,2.180912971496582,-0.0061678886413574,0.865149976233958,0.8461951482692956,0.4875866050808314,0.4875866050808314,1.0509177027827117,1.73547660959434,0.3586085431884642,0.76850207223209,0.76850207223209,0.7729524919848441,0.7656338028169014,-0.008166773350074319,0.9904410845762006,-0.007696862048549469,-0.007696862048549469
mHSC-GM_Specific_1000,scGPT_human,mlp,895/1000,full_candidate,0.0198262892663478,0.0159645583480596,0.0038617309182882,2.1870808601379395,2.180912971496582,-0.0061678886413574,0.8763982354756126,0.8663690490273094,0.4875866050808314,0.4875866050808314,1.0509177027827117,1.7768516197931319,0.378782443946478,0.7844878626406158,0.7844878626406158,0.7813061713600958,0.8056338028169014,0.00657134097956702,1.0076428919477907,0.00414446417998815,0.00414446417998815
mHSC-GM_Specific_1000,v4_bias_rec_best,lr,895/1000,full_candidate,0.0332721062004566,0.0271828658878803,0.0060892403125762,1.6004501581192017,1.5733294486999512,-0.0271207094192504,0.8635934255622545,0.8468751038924084,0.4875866050808314,0.4875866050808314,1.0509177027827117,1.7368711426188885,0.359288498811577,0.7696862048549438,0.7696862048549438,0.7764910248986682,0.7611267605633802,-0.007486817726961581,0.9912369482563421,-0.006512729425695696,-0.006512729425695696
mHSC-GM_Specific_1000,v4_bias_rec_best,mlp,895/1000,full_candidate,0.0332721062004566,0.0271828658878803,0.0060892403125762,1.6004501581192017,1.5733294486999512,-0.0271207094192504,0.8697247308599971,0.8567664005530855,0.4875866050808314,0.4875866050808314,1.0509177027827117,1.7571573780437468,0.3691797954722541,0.7732386027235051,0.7732386027235051,0.7795823665893271,0.7661971830985915,-0.003031307494656854,0.9964743945392228,-0.007104795737122527,-0.007104795737122527
mHSC-GM_Specific_1000,v4_plain_best,lr,895/1000,full_candidate,0.0235788449645042,0.0211945865303277,0.0023842584341764,1.5941206216812134,1.5795868635177612,-0.0145337581634521,0.8702434143046556,0.8501304733710957,0.4875866050808314,0.4875866050808314,1.0509177027827117,1.7435476375118268,0.3625438682902643,0.7767910005920663,0.7767910005920663,0.7861039333907551,0.7605633802816901,-0.004231448248274261,0.9950472415246997,0.000592066311426831,0.000592066311426831
mHSC-GM_Specific_1000,v4_plain_best,mlp,895/1000,full_candidate,0.0235788449645042,0.0211945865303277,0.0023842584341764,1.5941206216812134,1.5795868635177612,-0.0145337581634521,0.8771495759637756,0.8676222353283694,0.4875866050808314,0.4875866050808314,1.0509177027827117,1.7794218017628605,0.3800356302475379,0.7815275310834814,0.7815275310834814,0.7819370172311348,0.7966197183098591,0.007824527280626992,1.0091004281674503,0.001184132622853773,0.001184132622853773
mHSC-GM_Specific_1000,v4_type_pe_best,lr,895/1000,full_candidate,0.0261552296578884,0.0234466381371021,0.0027085915207862,1.6100364923477173,1.5940293073654177,-0.0160071849822998,0.8674683744861115,0.8490147773367311,0.4875866050808314,0.4875866050808314,1.0509177027827117,1.7412594367640242,0.3614281722558997,0.7738306690349319,0.7738306690349319,0.781702374059062,0.7661971830985915,-0.005347144282638827,0.9937413593146758,-0.002368265245707546,-0.002368265245707546
mHSC-GM_Specific_1000,v4_type_pe_best,mlp,895/1000,full_candidate,0.0261552296578884,0.0234466381371021,0.0027085915207862,1.6100364923477173,1.5940293073654177,-0.0160071849822998,0.8769652849006414,0.8612304373734396,0.4875866050808314,0.4875866050808314,1.0509177027827117,1.7663127501844849,0.3736438322926082,0.783303730017762,0.783303730017762,0.7899305555555556,0.7735211267605634,0.0014327293256972684,1.0016663562978674,0.002960331557134377,0.002960331557134377
mHSC-GM_Specific_1000,scconcept,lr,895/1000,full_candidate,0.0061928052455186,0.0024011321365833,0.0037916731089353,30.92583465576172,31.10431861877441,0.1784839630126953,0.8448976392398202,0.8151199046747579,0.4875866050808314,0.4875866050808314,1.0509177027827117,1.6717438423880175,0.3275332995939265,0.7519242155121374,0.7519242155121374,0.7609699769053118,0.7425352112676057,-0.039242016944612046,0.9540686260101199,-0.024274718768502068,-0.024274718768502068
mHSC-GM_Specific_1000,scconcept,mlp,895/1000,full_candidate,0.0061928052455186,0.0024011321365833,0.0037916731089353,30.92583465576172,31.10431861877441,0.1784839630126953,0.8514572336327021,0.8301534159625092,0.4875866050808314,0.4875866050808314,1.0509177027827117,1.7025763368230504,0.3425668108816778,0.7590290112492599,0.7590290112492599,0.7657109759629308,0.7509859154929578,-0.029644292085233115,0.9655217828475683,-0.02131438721136769,-0.02131438721136769
mHSC-GM_Specific_1000,scconcept_encoded,lr,895/1000,full_candidate,0.0872781500220298,0.0844014063477516,0.0028767436742782,26.406888961791992,26.512107849121094,0.1052188873291015,0.8509058614564832,0.8259662140192923,0.4875866050808314,0.4875866050808314,1.0509177027827117,1.6939887302325805,0.3383796089384608,0.7525162818235642,0.7525162818235642,0.7638849330675022,0.7290140845070423,-0.028395707600077702,0.9667638422528757,-0.023682652457075237,-0.023682652457075237
mHSC-GM_Specific_1000,scconcept_encoded,mlp,895/1000,full_candidate,0.0872781500220298,0.0844014063477516,0.0028767436742782,26.406888961791992,26.512107849121094,0.1052188873291015,0.8511967244556743,0.8335803914749478,0.4875866050808314,0.4875866050808314,1.0509177027827117,1.7096047815685134,0.3459937863941164,0.7560686796921255,0.7560686796921255,0.763953488372093,0.7538028169014085,-0.02621731657279458,0.9695075756455275,-0.024274718768502068,-0.024274718768502068
mHSC-GM_Specific_1000,cl_scratch_v5,lr,895/1000,full_candidate,0.0205821711570024,0.0207335315644741,-0.0001513604074716,1.600867748260498,1.5876967906951904,-0.0131709575653076,0.8732557809854984,0.8625416630465703,0.4875866050808314,0.4875866050808314,1.0509177027827117,1.7690019661298517,0.3749550579657389,0.7756068679692125,0.7756068679692125,0.7821034282393957,0.7707042253521127,0.008179741427200349,1.0095740940931641,-0.000592066311426942,-0.000592066311426942
mHSC-GM_Specific_1000,cl_scratch_v5,mlp,895/1000,full_candidate,0.0205821711570024,0.0207335315644741,-0.0001513604074716,1.600867748260498,1.5876967906951904,-0.0131709575653076,0.8756340529857654,0.8648867125345792,0.4875866050808314,0.4875866050808314,1.0509177027827117,1.7738114696387106,0.3773001074537477,0.7809354647720544,0.7809354647720544,0.7842105263157895,0.780281690140845,0.005089004486836801,1.0059188393260454,0.000592066311426831,0.000592066311426831
mHSC-GM_Non-Specific_500,minus,lr,449/500,tf_stratified_1to10,0.1228311136364936,0.0047915000468492,0.1180396135896444,0.7861906886100769,0.8430225849151611,0.0568318963050842,0.7041091387245233,0.3154116787230186,0.0909090909090909,0.0909090909090909,10.0,3.4695284659532053,0.2245025878139277,0.3846153846153846,0.3846153846153846,0.3529411764705882,0.9205128205128204,0.02886637270998743,1.1007392970823073,0.051282051282051266,0.051282051282051266
mHSC-GM_Non-Specific_500,minus,mlp,449/500,tf_stratified_1to10,0.1228311136364936,0.0047915000468492,0.1180396135896444,0.7861906886100769,0.8430225849151611,0.0568318963050842,0.5368507560815254,0.1510970089636768,0.0909090909090909,0.0909090909090909,10.0,1.662067098600445,0.0601879180545859,0.2307692307692307,0.2307692307692307,0.0,1.0,-0.11421959032981957,0.56949700609019,0.0,0.0
mHSC-GM_Non-Specific_500,baseline,lr,449/500,tf_stratified_1to10,0.1283517032861709,0.0048294402658939,0.123522263020277,0.8630388975143433,0.9248294234275818,0.0617905259132385,0.7123931623931623,0.2865453060130312,0.0909090909090909,0.0909090909090909,10.0,3.1519983661433435,0.1956362151039403,0.3333333333333333,0.3333333333333333,0.325,0.9282051282051282,0.0,1.0,0.0,0.0
mHSC-GM_Non-Specific_500,baseline,mlp,449/500,tf_stratified_1to10,0.1283517032861709,0.0048294402658939,0.123522263020277,0.8630388975143433,0.9248294234275818,0.0617905259132385,0.5970742932281394,0.2653165992934964,0.0909090909090909,0.0909090909090909,10.0,2.9184825922284605,0.1744075083844054,0.2307692307692307,0.2307692307692307,0.0975609756097561,1.0,0.0,1.0,0.0,0.0
mHSC-GM_Non-Specific_500,scGPT_human,lr,449/500,tf_stratified_1to10,0.1185036227107048,0.0184396840631961,0.1000639386475086,2.060722827911377,2.1803715229034424,0.1196486949920654,0.7039119000657461,0.3535429503244475,0.0909090909090909,0.0909090909090909,10.0,3.8889724535689227,0.2626338594153565,0.3846153846153846,0.3846153846153846,0.3947368421052631,0.9435897435897436,0.0669976443114163,1.23381169715748,0.051282051282051266,0.051282051282051266
mHSC-GM_Non-Specific_500,scGPT_human,mlp,449/500,tf_stratified_1to10,0.1185036227107048,0.0184396840631961,0.1000639386475086,2.060722827911377,2.1803715229034424,0.1196486949920654,0.7173898750821828,0.4650844827970229,0.0909090909090909,0.0909090909090909,10.0,5.115929310767252,0.374175391887932,0.4358974358974359,0.4358974358974359,0.2978723404255319,0.9974358974358974,0.19976788350352653,1.7529415198124898,0.2051282051282052,0.2051282051282052
mHSC-GM_Non-Specific_500,v4_bias_rec_best,lr,449/500,tf_stratified_1to10,0.1054217889904975,-0.0022296791430562,0.1076514681335538,1.5772194862365725,1.6713193655014038,0.0940998792648315,0.7469099276791584,0.2775274243750741,0.0909090909090909,0.0909090909090909,10.0,3.0528016681258157,0.1866183334659832,0.3333333333333333,0.3333333333333333,0.3023255813953488,0.9128205128205128,-0.009017881637957081,0.9685289500518045,0.0,0.0
mHSC-GM_Non-Specific_500,v4_bias_rec_best,mlp,449/500,tf_stratified_1to10,0.1054217889904975,-0.0022296791430562,0.1076514681335538,1.5772194862365725,1.6713193655014038,0.0940998792648315,0.5935239973701512,0.1915153781920471,0.0909090909090909,0.0909090909090909,10.0,2.106669160112518,0.1006062872829562,0.2307692307692307,0.2307692307692307,0.0,1.0,-0.0738012211014493,0.7218371511696879,0.0,0.0
mHSC-GM_Non-Specific_500,v4_plain_best,lr,449/500,tf_stratified_1to10,0.1165871247649192,0.0088063115254044,0.1077808132395148,1.5473451614379885,1.6494256258010864,0.1020804643630981,0.6812294543063774,0.2928597050147143,0.0909090909090909,0.0909090909090909,10.0,3.221456755161858,0.2019506141056234,0.3076923076923077,0.3076923076923077,0.3023255813953488,0.9128205128205128,0.006314399001683124,1.022036302354909,-0.025641025641025605,-0.025641025641025605
mHSC-GM_Non-Specific_500,v4_plain_best,mlp,449/500,tf_stratified_1to10,0.1165871247649192,0.0088063115254044,0.1077808132395148,1.5473451614379885,1.6494256258010864,0.1020804643630981,0.5747863247863247,0.2342468207743854,0.0909090909090909,0.0909090909090909,10.0,2.57671502851824,0.1433377298652945,0.2564102564102564,0.2564102564102564,0.0975609756097561,1.0,-0.03106977851911097,0.8828954592292916,0.02564102564102569,0.02564102564102569
mHSC-GM_Non-Specific_500,v4_type_pe_best,lr,449/500,tf_stratified_1to10,0.1074326485395431,0.0093547627329826,0.0980778858065605,1.5643759965896606,1.6535577774047852,0.0891817808151245,0.683267587113741,0.2924068442185425,0.0909090909090909,0.0909090909090909,10.0,3.216475286403968,0.2014977533094516,0.3076923076923077,0.3076923076923077,0.3294117647058823,0.917948717948718,0.00586153820551133,1.0204558863206252,-0.025641025641025605,-0.025641025641025605
mHSC-GM_Non-Specific_500,v4_type_pe_best,mlp,449/500,tf_stratified_1to10,0.1074326485395431,0.0093547627329826,0.0980778858065605,1.5643759965896606,1.6535577774047852,0.0891817808151245,0.572879684418146,0.2577612410295729,0.0909090909090909,0.0909090909090909,10.0,2.835373651325302,0.166852150120482,0.2051282051282051,0.2051282051282051,0.05,1.0,-0.007555358263923506,0.9715232356963626,-0.025641025641025605,-0.025641025641025605
mHSC-GM_Non-Specific_500,scconcept,lr,449/500,tf_stratified_1to10,0.0401468090713024,0.0026973767671734,0.037449432304129,30.51053810119629,31.099834442138672,0.5892963409423828,0.6800460223537146,0.2221682683748497,0.0909090909090909,0.0909090909090909,10.0,2.443850952123347,0.1312591774657588,0.2307692307692307,0.2307692307692307,0.2121212121212121,0.9487179487179488,-0.06437703763818148,0.7753338257955835,-0.10256410256410262,-0.10256410256410262
mHSC-GM_Non-Specific_500,scconcept,mlp,449/500,tf_stratified_1to10,0.0401468090713024,0.0026973767671734,0.037449432304129,30.51053810119629,31.099834442138672,0.5892963409423828,0.65913872452334,0.2492029333060028,0.0909090909090909,0.0909090909090909,10.0,2.741232266366031,0.1582938423969119,0.2564102564102564,0.2564102564102564,0.0975609756097561,1.0,-0.016113665987493586,0.939266272708145,0.02564102564102569,0.02564102564102569
mHSC-GM_Non-Specific_500,scconcept_encoded,lr,449/500,tf_stratified_1to10,0.1392199844121933,0.1179399713873863,0.0212800130248069,25.88283348083496,26.16668701171875,0.283853530883789,0.56689677843524,0.1449594482112296,0.0909090909090909,0.0909090909090909,10.0,1.5945539303235259,0.0540503573021387,0.1794871794871795,0.1794871794871795,0.1764705882352941,0.941025641025641,-0.14158585780180158,0.5058866614434693,-0.15384615384615383,-0.15384615384615383
mHSC-GM_Non-Specific_500,scconcept_encoded,mlp,449/500,tf_stratified_1to10,0.1392199844121933,0.1179399713873863,0.0212800130248069,25.88283348083496,26.16668701171875,0.283853530883789,0.6233070348454964,0.1683673180015676,0.0909090909090909,0.0909090909090909,10.0,1.8520404980172438,0.0774582270924767,0.2564102564102564,0.2564102564102564,0.0425531914893617,0.982051282051282,-0.09694928129192878,0.6345902158022072,0.02564102564102569,0.02564102564102569
mHSC-GM_Non-Specific_500,cl_scratch_v5,lr,449/500,tf_stratified_1to10,0.1033878102898597,0.006085567176342,0.0973022431135177,1.5555849075317385,1.6512197256088257,0.0956348180770874,0.6961538461538462,0.2372347789797009,0.0909090909090909,0.0909090909090909,10.0,2.6095825687767102,0.14632568807061,0.2564102564102564,0.2564102564102564,0.2926829268292683,0.9205128205128204,-0.049310527033330276,0.8279136806690953,-0.07692307692307693,-0.07692307692307693
mHSC-GM_Non-Specific_500,cl_scratch_v5,mlp,449/500,tf_stratified_1to10,0.1033878102898597,0.006085567176342,0.0973022431135177,1.5555849075317385,1.6512197256088257,0.0956348180770874,0.5707100591715978,0.2107771490274119,0.0909090909090909,0.0909090909090909,10.0,2.318548639301531,0.1198680581183209,0.2307692307692307,0.2307692307692307,0.05,1.0,-0.05453945026608448,0.7944363435559029,0.0,0.0
mHSC-GM_Non-Specific_500,minus,lr,449/500,full_candidate,0.1228311136364936,0.0124535812065005,0.1103775324299931,0.7861906886100769,0.8222828507423401,0.0360921621322631,0.7741959825538401,0.175104371908072,0.0224395857307249,0.0224395857307249,43.56410256410256,7.803369189134105,0.152664786177347,0.2051282051282051,0.2051282051282051,0.2133333333333333,0.9835197174808712,-0.03894002962055762,0.8180749912519941,-0.051282051282051294,-0.051282051282051294
mHSC-GM_Non-Specific_500,minus,mlp,449/500,full_candidate,0.1228311136364936,0.0124535812065005,0.1103775324299931,0.7861906886100769,0.8222828507423401,0.0360921621322631,0.8227313200827033,0.1225473465753322,0.0224395857307249,0.0224395857307249,43.56410256410256,5.461212521741745,0.1001077608446072,0.1538461538461538,0.1538461538461538,0.0,0.9988228369629194,0.012456357909974805,1.113146026400383,0.0769230769230769,0.0769230769230769
mHSC-GM_Non-Specific_500,baseline,lr,449/500,full_candidate,0.1283517032861709,0.0286295618861913,0.0997221413999795,0.8630388975143433,0.8917139768600464,0.0286750793457031,0.8267457478758243,0.2140444015286296,0.0224395857307249,0.0224395857307249,43.56410256410256,9.538696662993832,0.1916048157979047,0.2564102564102564,0.2564102564102564,0.2469135802469135,0.9811653914067098,0.0,1.0,0.0,0.0
mHSC-GM_Non-Specific_500,baseline,mlp,449/500,full_candidate,0.1283517032861709,0.0286295618861913,0.0997221413999795,0.8630388975143433,0.8917139768600464,0.0286750793457031,0.7795686753897466,0.1100909886653574,0.0224395857307249,0.0224395857307249,43.56410256410256,4.906106110266456,0.0876514029346325,0.0769230769230769,0.0769230769230769,0.0,1.0,0.0,1.0,0.0,0.0
mHSC-GM_Non-Specific_500,scGPT_human,lr,449/500,full_candidate,0.1185036227107048,0.0171444080770015,0.1013592146337032,2.060722827911377,2.190155267715454,0.1294324398040771,0.8011952732376512,0.2507966924362368,0.0224395857307249,0.0224395857307249,43.56410256410256,11.17652952446618,0.2283571067055118,0.282051282051282,0.282051282051282,0.2702702702702703,0.985285462036492,0.036752290907607205,1.1717040513329726,0.025641025641025605,0.025641025641025605
mHSC-GM_Non-Specific_500,scGPT_human,mlp,449/500,full_candidate,0.1185036227107048,0.0171444080770015,0.1013592146337032,2.060722827911377,2.190155267715454,0.1294324398040771,0.8048022215179367,0.1703986594999919,0.0224395857307249,0.0224395857307249,43.56410256410256,7.593663338743252,0.1479590737692669,0.2307692307692307,0.2307692307692307,0.1363636363636363,0.9988228369629194,0.060307670834634494,1.5477984307866575,0.1538461538461538,0.1538461538461538
mHSC-GM_Non-Specific_500,v4_bias_rec_best,lr,449/500,full_candidate,0.1054217889904975,0.02109588496387,0.0843259040266275,1.5772194862365725,1.6153078079223633,0.038088321685791,0.8341558382759089,0.1658087799911689,0.0224395857307249,0.0224395857307249,43.56410256410256,7.389119477555191,0.1433691942604439,0.2564102564102564,0.2564102564102564,0.24,0.9841082989994114,-0.04823562153746072,0.774646656520895,0.0,0.0
mHSC-GM_Non-Specific_500,v4_bias_rec_best,mlp,449/500,full_candidate,0.1054217889904975,0.02109588496387,0.0843259040266275,1.5772194862365725,1.6153078079223633,0.038088321685791,0.8287529617723849,0.148829062392503,0.0224395857307249,0.0224395857307249,43.56410256410256,6.632433600978744,0.1263894766617781,0.2051282051282051,0.2051282051282051,0.0,1.0,0.03873807372714559,1.3518732477269084,0.1282051282051282,0.1282051282051282
mHSC-GM_Non-Specific_500,v4_plain_best,lr,449/500,full_candidate,0.1165871247649192,0.0178849920630455,0.0987021327018737,1.5473451614379885,1.623029351234436,0.0756841897964477,0.8007877937248155,0.2029229332920187,0.0224395857307249,0.0224395857307249,43.56410256410256,9.043078411834093,0.1804833475612937,0.2564102564102564,0.2564102564102564,0.2531645569620253,0.9823425544437904,-0.01112146823661092,0.9480413028456465,0.0,0.0
mHSC-GM_Non-Specific_500,v4_plain_best,mlp,449/500,full_candidate,0.1165871247649192,0.0178849920630455,0.0987021327018737,1.5473451614379885,1.623029351234436,0.0756841897964477,0.7659105657928496,0.0983562086919124,0.0224395857307249,0.0224395857307249,43.56410256410256,4.383156171962675,0.0759166229611874,0.1025641025641025,0.1025641025641025,0.0,1.0,-0.011734779973444992,0.8934083514399612,0.025641025641025605,0.025641025641025605
mHSC-GM_Non-Specific_500,v4_type_pe_best,lr,449/500,full_candidate,0.1074326485395431,0.0234760623425245,0.0839565861970186,1.5643759965896606,1.6296989917755127,0.065322995185852,0.7878239084831198,0.2021066305782693,0.0224395857307249,0.0224395857307249,43.56410256410256,9.00670061397521,0.1796670448475444,0.2051282051282051,0.2051282051282051,0.1975308641975308,0.9799882283696292,-0.011937770950360305,0.944227595465684,-0.051282051282051294,-0.051282051282051294
mHSC-GM_Non-Specific_500,v4_type_pe_best,mlp,449/500,full_candidate,0.1074326485395431,0.0234760623425245,0.0839565861970186,1.5643759965896606,1.6296989917755127,0.065322995185852,0.7990824165044295,0.1961475691440463,0.0224395857307249,0.0224395857307249,43.56410256410256,8.741140389034706,0.1737079834133213,0.2307692307692307,0.2307692307692307,0.05,1.0,0.0860565804786889,1.7816859628745303,0.1538461538461538,0.1538461538461538
mHSC-GM_Non-Specific_500,scconcept,lr,449/500,full_candidate,0.0401468090713024,0.0052379891276359,0.0349088199436664,30.51053810119629,31.09370422363281,0.5831661224365234,0.7667858921537556,0.1278736462371864,0.0224395857307249,0.0224395857307249,43.56410256410256,5.698574286159761,0.1054340605064614,0.1794871794871795,0.1794871794871795,0.1492537313432835,0.9864626250735729,-0.08617075529144322,0.5974164487552952,-0.0769230769230769,-0.0769230769230769
mHSC-GM_Non-Specific_500,scconcept,mlp,449/500,full_candidate,0.0401468090713024,0.0052379891276359,0.0349088199436664,30.51053810119629,31.09370422363281,0.5831661224365234,0.7556179351352983,0.0666132943946228,0.0224395857307249,0.0224395857307249,43.56410256410256,2.9685616835347384,0.0441737086638978,0.1025641025641025,0.1025641025641025,0.0,1.0,-0.0434776942707346,0.6050749039697212,0.025641025641025605,0.025641025641025605
mHSC-GM_Non-Specific_500,scconcept_encoded,lr,449/500,full_candidate,0.1392199844121933,0.1106674447655677,0.0285525396466255,25.88283348083496,26.471120834350582,0.588287353515625,0.7130438719608818,0.0615840818597003,0.0224395857307249,0.0224395857307249,43.56410256410256,2.7444393403117813,0.0391444961289753,0.0769230769230769,0.0769230769230769,0.0857142857142857,0.9835197174808712,-0.1524603196689293,0.2877163869733967,-0.1794871794871795,-0.1794871794871795
mHSC-GM_Non-Specific_500,scconcept_encoded,mlp,449/500,full_candidate,0.1392199844121933,0.1106674447655677,0.0285525396466255,25.88283348083496,26.471120834350582,0.588287353515625,0.7094218318467878,0.0825684691957147,0.0224395857307249,0.0224395857307249,43.56410256410256,3.679589729798785,0.0601288834649897,0.0769230769230769,0.0769230769230769,0.0,1.0,-0.027522519469642695,0.7500020682591683,0.0,0.0
mHSC-GM_Non-Specific_500,cl_scratch_v5,lr,449/500,full_candidate,0.1033878102898597,0.0199273638427257,0.083460446447134,1.5555849075317385,1.6293781995773315,0.0737932920455932,0.7965318965907549,0.1876919672094032,0.0224395857307249,0.0224395857307249,43.56410256410256,8.364324077178047,0.1652523814786782,0.2564102564102564,0.2564102564102564,0.2368421052631578,0.9835197174808712,-0.026352434319226403,0.8768833282672819,0.0,0.0
mHSC-GM_Non-Specific_500,cl_scratch_v5,mlp,449/500,full_candidate,0.1033878102898597,0.0199273638427257,0.083460446447134,1.5555849075317385,1.6293781995773315,0.0737932920455932,0.7582137305503991,0.0714987735300386,0.0224395857307249,0.0224395857307249,43.56410256410256,3.186278676800192,0.0490591877993136,0.0769230769230769,0.0769230769230769,0.0,1.0,-0.0385922151353188,0.6494516435616069,0.0,0.0
mHSC-GM_Non-Specific_1000,minus,lr,895/1000,tf_stratified_1to10,0.1281636953353881,0.0101032368838787,0.1180604584515094,0.7738015055656433,0.8181828856468201,0.0443813800811767,0.7152348867677334,0.2986192476826029,0.0936431989063568,0.0936431989063568,9.67883211678832,3.188904812844146,0.2049760487762461,0.3211678832116788,0.3211678832116788,0.3183673469387755,0.9479638009049772,-0.011578693845681831,0.9626732086337006,-0.01459854014598544,-0.01459854014598544
mHSC-GM_Non-Specific_1000,minus,mlp,895/1000,tf_stratified_1to10,0.1281636953353881,0.0101032368838787,0.1180604584515094,0.7738015055656433,0.8181828856468201,0.0443813800811767,0.7574891832083761,0.4002654632645299,0.0936431989063568,0.0936431989063568,9.67883211678832,4.274367684350417,0.3066222643581731,0.3868613138686131,0.3868613138686131,0.3240223463687151,0.9901960784313726,0.07400524337376857,1.2268288895242792,0.08029197080291972,0.08029197080291972
mHSC-GM_Non-Specific_1000,baseline,lr,895/1000,tf_stratified_1to10,0.115815594792366,0.0170326270163059,0.0987829677760601,0.8535385727882385,0.8879421949386597,0.0344036221504211,0.7450264777443825,0.3101979415282847,0.0936431989063568,0.0936431989063568,9.67883211678832,3.3125517405538725,0.2165547426219279,0.3357664233576642,0.3357664233576642,0.3320754716981132,0.9366515837104072,0.0,1.0,0.0,0.0
mHSC-GM_Non-Specific_1000,baseline,mlp,895/1000,tf_stratified_1to10,0.115815594792366,0.0170326270163059,0.0987829677760601,0.8535385727882385,0.8879421949386597,0.0344036221504211,0.7040657925157711,0.3262602198907613,0.0936431989063568,0.0936431989063568,9.67883211678832,3.484078114599882,0.2326170209844045,0.3065693430656934,0.3065693430656934,0.2098765432098765,0.9939668174962292,0.0,1.0,0.0,0.0
mHSC-GM_Non-Specific_1000,scGPT_human,lr,895/1000,tf_stratified_1to10,0.1153269112110138,0.0159431956708431,0.0993837155401706,2.0675394535064697,2.175316333770752,0.1077768802642822,0.7218350563133733,0.3194127075801664,0.0936431989063568,0.0936431989063568,9.67883211678832,3.410954680217397,0.2257695086738095,0.3357664233576642,0.3357664233576642,0.3299663299663299,0.916289592760181,0.009214766051881651,1.0297060838201644,0.0,0.0
mHSC-GM_Non-Specific_1000,scGPT_human,mlp,895/1000,tf_stratified_1to10,0.1153269112110138,0.0159431956708431,0.0993837155401706,2.0675394535064697,2.175316333770752,0.1077768802642822,0.7632251103698076,0.4446995754971521,0.0936431989063568,0.0936431989063568,9.67883211678832,4.748872109141121,0.3510563765907953,0.4087591240875912,0.4087591240875912,0.3448275862068966,0.9947209653092006,0.1184393556063908,1.363021135846861,0.1021897810218978,0.1021897810218978
mHSC-GM_Non-Specific_1000,v4_bias_rec_best,lr,895/1000,tf_stratified_1to10,0.1237279251217842,0.0095831118524074,0.1141448132693767,1.520029067993164,1.6010684967041016,0.0810394287109375,0.7422961323777126,0.344529187355467,0.0936431989063568,0.0936431989063568,9.67883211678832,3.6791693511025416,0.2508859884491102,0.3795620437956204,0.3795620437956204,0.3724696356275304,0.951734539969834,0.03433124582718228,1.1106752857805533,0.043795620437956206,0.043795620437956206
mHSC-GM_Non-Specific_1000,v4_bias_rec_best,mlp,895/1000,tf_stratified_1to10,0.1237279251217842,0.0095831118524074,0.1141448132693767,1.520029067993164,1.6010684967041016,0.0810394287109375,0.7658178375224317,0.4099830524393124,0.0936431989063568,0.0936431989063568,9.67883211678832,4.37814018772784,0.3163398535329556,0.437956204379562,0.437956204379562,0.3351955307262569,0.990950226244344,0.08372283254855106,1.2566136704517126,0.13138686131386862,0.13138686131386862
mHSC-GM_Non-Specific_1000,v4_plain_best,lr,895/1000,tf_stratified_1to10,0.1160799860954284,0.0109247639775276,0.1051552221179008,1.5220777988433838,1.59637188911438,0.0742940902709961,0.6913058317094385,0.2918086381910971,0.0936431989063568,0.0936431989063568,9.67883211678832,3.1161754574713507,0.1981654392847402,0.3430656934306569,0.3430656934306569,0.3308270676691729,0.935897435897436,-0.018389303337187635,0.9407175197662915,0.007299270072992692,0.007299270072992692
mHSC-GM_Non-Specific_1000,v4_plain_best,mlp,895/1000,tf_stratified_1to10,0.1160799860954284,0.0109247639775276,0.1051552221179008,1.5220777988433838,1.59637188911438,0.0742940902709961,0.689158987570323,0.3563873458412266,0.0936431989063568,0.0936431989063568,9.67883211678832,3.8058006347862374,0.2627441469348698,0.3284671532846715,0.3284671532846715,0.2682926829268293,0.9962292609351432,0.030127125950465294,1.0923407884680285,0.02189781021897813,0.02189781021897813
mHSC-GM_Non-Specific_1000,v4_type_pe_best,lr,895/1000,tf_stratified_1to10,0.1207306608557701,0.0136724216863513,0.1070582391694188,1.530150055885315,1.609459638595581,0.0793095827102661,0.7313775032753135,0.2646234928787229,0.0936431989063568,0.0936431989063568,9.67883211678832,2.8258698546100116,0.170980293972366,0.2627737226277372,0.2627737226277372,0.2704626334519573,0.9200603318250375,-0.04557444864956184,0.8530794613754514,-0.07299270072992703,-0.07299270072992703
mHSC-GM_Non-Specific_1000,v4_type_pe_best,mlp,895/1000,tf_stratified_1to10,0.1207306608557701,0.0136724216863513,0.1070582391694188,1.530150055885315,1.609459638595581,0.0793095827102661,0.7667591461065056,0.4193778453925553,0.0936431989063568,0.0936431989063568,9.67883211678832,4.478465604447506,0.3257346464861985,0.3795620437956204,0.3795620437956204,0.3548387096774194,0.9879336349924586,0.09311762550179398,1.2854090686660227,0.07299270072992703,0.07299270072992703
mHSC-GM_Non-Specific_1000,scconcept,lr,895/1000,tf_stratified_1to10,0.031404573470354,0.0039002867415547,0.0275042867287993,30.68903350830078,30.90512466430664,0.2160911560058593,0.6521424403562661,0.2015494220255027,0.0936431989063568,0.0936431989063568,9.67883211678832,2.1523124410460612,0.1079062231191458,0.2408759124087591,0.2408759124087591,0.2830188679245283,0.8974358974358975,-0.10864851950278204,0.6497445503103857,-0.0948905109489051,-0.0948905109489051
mHSC-GM_Non-Specific_1000,scconcept,mlp,895/1000,tf_stratified_1to10,0.031404573470354,0.0039002867415547,0.0275042867287993,30.68903350830078,30.90512466430664,0.2160911560058593,0.674406315024606,0.192412764450068,0.0936431989063568,0.0936431989063568,9.67883211678832,2.054743608689412,0.0987695655437112,0.2335766423357664,0.2335766423357664,0.1111111111111111,0.9879336349924586,-0.13384745544069332,0.5897524513239516,-0.072992700729927,-0.072992700729927
mHSC-GM_Non-Specific_1000,scconcept_encoded,lr,895/1000,tf_stratified_1to10,0.1608981341123581,0.0905570164322853,0.0703411176800727,25.476951599121094,26.56485939025879,1.087907791137695,0.6112780878774868,0.1309215039295304,0.0936431989063568,0.0936431989063568,9.67883211678832,1.3980887609408974,0.0372783050231736,0.1386861313868613,0.1386861313868613,0.1672473867595819,0.9049773755656108,-0.17927643759875433,0.42205793914848594,-0.1970802919708029,-0.1970802919708029
mHSC-GM_Non-Specific_1000,scconcept_encoded,mlp,895/1000,tf_stratified_1to10,0.1608981341123581,0.0905570164322853,0.0703411176800727,25.476951599121094,26.56485939025879,1.087907791137695,0.6809294183703801,0.2395481357402434,0.0936431989063568,0.0936431989063568,9.67883211678832,2.5580943254596793,0.1459049368338866,0.2773722627737226,0.2773722627737226,0.147239263803681,0.9894419306184012,-0.08671208415051793,0.7342241595388156,-0.029197080291970767,-0.029197080291970767
mHSC-GM_Non-Specific_1000,cl_scratch_v5,lr,895/1000,tf_stratified_1to10,0.1116222143173217,0.012770976871252,0.0988512374460697,1.5308897495269775,1.6037627458572388,0.0728729963302612,0.7412337197652782,0.3058543490610508,0.0936431989063568,0.0936431989063568,9.67883211678832,3.266167245812535,0.212211150154694,0.3503649635036496,0.3503649635036496,0.3555555555555555,0.935897435897436,-0.0043435924672339254,0.9859973523814056,0.014598540145985384,0.014598540145985384
mHSC-GM_Non-Specific_1000,cl_scratch_v5,mlp,895/1000,tf_stratified_1to10,0.1116222143173217,0.012770976871252,0.0988512374460697,1.5308897495269775,1.6037627458572388,0.0728729963302612,0.770271162928956,0.4167458089404716,0.0936431989063568,0.0936431989063568,9.67883211678832,4.450358529050437,0.3231026100341148,0.4087591240875912,0.4087591240875912,0.3368421052631579,0.9841628959276018,0.09048558904971027,1.2773417766959352,0.1021897810218978,0.1021897810218978
mHSC-GM_Non-Specific_1000,minus,lr,895/1000,full_candidate,0.1281636953353881,0.0205079987645149,0.1076556965708732,0.7738015055656433,0.7930799126625061,0.0192784070968627,0.8181888819524479,0.2301632042967115,0.0123635050988177,0.0123635050988177,79.88321167883211,18.616339173809344,0.2177996991978937,0.2700729927007299,0.2700729927007299,0.2826086956521739,0.9980811403508772,0.030681494396796904,1.1538060527563687,0.029197080291970767,0.029197080291970767
mHSC-GM_Non-Specific_1000,minus,mlp,895/1000,full_candidate,0.1281636953353881,0.0205079987645149,0.1076556965708732,0.7738015055656433,0.7930799126625061,0.0192784070968627,0.8420762501600717,0.3063497871826166,0.0123635050988177,0.0123635050988177,79.88321167883211,24.778554684456942,0.2939862820837988,0.2773722627737226,0.2773722627737226,0.3391812865497076,0.9995431286549707,0.03989393111694328,1.149720601776193,0.01459854014598544,0.01459854014598544
mHSC-GM_Non-Specific_1000,baseline,lr,895/1000,full_candidate,0.115815594792366,0.0318091697990894,0.0840064249932766,0.8535385727882385,0.8533557057380676,-0.0001828670501708,0.8346032355828745,0.1994817098999146,0.0123635050988177,0.0123635050988177,79.88321167883211,16.1347213678903,0.1871182048010969,0.2408759124087591,0.2408759124087591,0.2122905027932961,0.9978983918128655,0.0,1.0,0.0,0.0
mHSC-GM_Non-Specific_1000,baseline,mlp,895/1000,full_candidate,0.115815594792366,0.0318091697990894,0.0840064249932766,0.8535385727882385,0.8533557057380676,-0.0001828670501708,0.8516225268920476,0.2664558560656733,0.0123635050988177,0.0123635050988177,79.88321167883211,21.551805409224446,0.2540923509668555,0.2627737226277372,0.2627737226277372,0.2682926829268293,0.9995431286549707,0.0,1.0,0.0,0.0
mHSC-GM_Non-Specific_1000,scGPT_human,lr,895/1000,full_candidate,0.1153269112110138,0.0156983155757188,0.0996285956352949,2.0675394535064697,2.180454969406128,0.1129155158996582,0.8230300507960902,0.1797279079254315,0.0123635050988177,0.0123635050988177,79.88321167883211,14.536970421326439,0.1673644028266137,0.2408759124087591,0.2408759124087591,0.2480620155038759,0.9918676900584796,-0.019753801974483093,0.9009743701094495,0.0,0.0
mHSC-GM_Non-Specific_1000,scGPT_human,mlp,895/1000,full_candidate,0.1153269112110138,0.0156983155757188,0.0996285956352949,2.0675394535064697,2.180454969406128,0.1129155158996582,0.858889782622615,0.340320185184677,0.0123635050988177,0.0123635050988177,79.88321167883211,27.52618957687179,0.3279566800858592,0.3503649635036496,0.3503649635036496,0.3555555555555555,0.9989948830409356,0.0738643291190037,1.2772103800218162,0.08759124087591241,0.08759124087591241
mHSC-GM_Non-Specific_1000,v4_bias_rec_best,lr,895/1000,full_candidate,0.1237279251217842,0.0303925070911645,0.0933354180306196,1.520029067993164,1.530503273010254,0.0104742050170898,0.850340619264097,0.2363509245125065,0.0123635050988177,0.0123635050988177,79.88321167883211,19.116821857832885,0.2239874194136887,0.2700729927007299,0.2700729927007299,0.2346368715083799,0.9980811403508772,0.036869214612591905,1.1848250380001766,0.029197080291970767,0.029197080291970767
mHSC-GM_Non-Specific_1000,v4_bias_rec_best,mlp,895/1000,full_candidate,0.1237279251217842,0.0303925070911645,0.0933354180306196,1.520029067993164,1.530503273010254,0.0104742050170898,0.8512450244376147,0.2650254503447845,0.0123635050988177,0.0123635050988177,79.88321167883211,21.43610960051518,0.2526619452459667,0.2627737226277372,0.2627737226277372,0.2771084337349397,0.9994517543859648,-0.0014304057208888166,0.9946317347195541,0.0,0.0
mHSC-GM_Non-Specific_1000,v4_plain_best,lr,895/1000,full_candidate,0.1160799860954284,0.0213508792221546,0.0947291068732738,1.5220777988433838,1.5611672401428225,0.0390894412994384,0.8254684765441584,0.2172188333293202,0.0123635050988177,0.0123635050988177,79.88321167883211,17.5693568768045,0.2048553282305024,0.2481751824817518,0.2481751824817518,0.2333333333333333,0.9979897660818714,0.017737123429405616,1.0889160386599093,0.007299270072992692,0.007299270072992692
mHSC-GM_Non-Specific_1000,v4_plain_best,mlp,895/1000,full_candidate,0.1160799860954284,0.0213508792221546,0.0947291068732738,1.5220777988433838,1.5611672401428225,0.0390894412994384,0.8708388024501644,0.2988644591664062,0.0123635050988177,0.0123635050988177,79.88321167883211,24.1731173140363,0.2865009540675884,0.2846715328467153,0.2846715328467153,0.3048780487804878,0.9998172514619884,0.0324086031007329,1.1216284137239796,0.02189781021897813,0.02189781021897813
mHSC-GM_Non-Specific_1000,v4_type_pe_best,lr,895/1000,full_candidate,0.1207306608557701,0.0265644807368516,0.0941661801189184,1.530150055885315,1.572119951248169,0.041969895362854,0.8532269123233875,0.2444989998930582,0.0123635050988177,0.0123635050988177,79.88321167883211,19.775864363613135,0.2321354947942404,0.2992700729927007,0.2992700729927007,0.2514285714285714,0.9985380116959064,0.04501728999314361,1.2256712658806164,0.05839416058394159,0.05839416058394159
mHSC-GM_Non-Specific_1000,v4_type_pe_best,mlp,895/1000,full_candidate,0.1207306608557701,0.0265644807368516,0.0941661801189184,1.530150055885315,1.572119951248169,0.041969895362854,0.8662797599991463,0.2657390942846449,0.0123635050988177,0.0123635050988177,79.88321167883211,21.493831414366227,0.2533755891858271,0.291970802919708,0.291970802919708,0.1948051948051948,0.9998172514619884,-0.0007167617810284188,0.9973100167824731,0.029197080291970823,0.029197080291970823
mHSC-GM_Non-Specific_1000,scconcept,lr,895/1000,full_candidate,0.031404573470354,0.0031139655038714,0.0282906079664826,30.68903350830078,30.989017486572266,0.2999839782714844,0.7735815645409143,0.0929832826210253,0.0123635050988177,0.0123635050988177,79.88321167883211,7.52078653082912,0.0806197775222075,0.1313868613138686,0.1313868613138686,0.1186440677966101,0.9922331871345028,-0.1064984272788893,0.4661243512885344,-0.10948905109489052,-0.10948905109489052
mHSC-GM_Non-Specific_1000,scconcept,mlp,895/1000,full_candidate,0.031404573470354,0.0031139655038714,0.0282906079664826,30.68903350830078,30.989017486572266,0.2999839782714844,0.8240134913774704,0.1104690818287787,0.0123635050988177,0.0123635050988177,79.88321167883211,8.935094129523405,0.0981055767299609,0.145985401459854,0.145985401459854,0.0915032679738562,0.9991776315789472,-0.1559867742368946,0.4145868042080164,-0.11678832116788318,-0.11678832116788318
mHSC-GM_Non-Specific_1000,scconcept_encoded,lr,895/1000,full_candidate,0.1608981341123581,0.0918018296360969,0.0690963044762611,25.476951599121094,26.922332763671875,1.4453811645507812,0.7703030957869126,0.0753257967164908,0.0123635050988177,0.0123635050988177,79.88321167883211,6.09259236069665,0.062962291617673,0.1094890510948905,0.1094890510948905,0.087431693989071,0.9965277777777778,-0.1241559131834238,0.37760753481752185,-0.13138686131386862,-0.13138686131386862
mHSC-GM_Non-Specific_1000,scconcept_encoded,mlp,895/1000,full_candidate,0.1608981341123581,0.0918018296360969,0.0690963044762611,25.476951599121094,26.922332763671875,1.4453811645507812,0.7558162723566824,0.0667837643670577,0.0123635050988177,0.0123635050988177,79.88321167883211,5.401685350010016,0.0544202592682399,0.1021897810218978,0.1021897810218978,0.0,1.0,-0.1996720916986156,0.2506372550903799,-0.1605839416058394,-0.1605839416058394
mHSC-GM_Non-Specific_1000,cl_scratch_v5,lr,895/1000,full_candidate,0.1116222143173217,0.0246737208217382,0.0869484934955835,1.5308897495269775,1.5719985961914062,0.0411088466644287,0.8437943532035684,0.2217394398384043,0.0123635050988177,0.0123635050988177,79.88321167883211,17.934998049995457,0.2093759347395866,0.2992700729927007,0.2992700729927007,0.2378378378378378,0.997624269005848,0.022257729938489706,1.1115777980329977,0.05839416058394159,0.05839416058394159
mHSC-GM_Non-Specific_1000,cl_scratch_v5,mlp,895/1000,full_candidate,0.1116222143173217,0.0246737208217382,0.0869484934955835,1.5308897495269775,1.5719985961914062,0.0411088466644287,0.8571363304093568,0.2597284387116537,0.0123635050988177,0.0123635050988177,79.88321167883211,21.007670287327425,0.2473649336128359,0.291970802919708,0.291970802919708,0.3052631578947368,0.9978070175438596,-0.006727417354019605,0.9747522255530331,0.029197080291970823,0.029197080291970823
mHSC-GM_STRING_500,minus,lr,449/500,tf_stratified_1to10,0.2258320301771164,0.0244223903864622,0.2014096397906541,0.6958268284797668,0.7962108254432678,0.1003839969635009,0.826534859521332,0.3506262808473097,0.0909090909090909,0.0909090909090909,10.0,3.856889089320407,0.2597171899382188,0.3870967741935484,0.3870967741935484,0.3272727272727272,0.9516129032258064,0.07667722391103027,1.2798959221417046,0.16129032258064518,0.16129032258064518
mHSC-GM_STRING_500,minus,mlp,449/500,tf_stratified_1to10,0.2258320301771164,0.0244223903864622,0.2014096397906541,0.6958268284797668,0.7962108254432678,0.1003839969635009,0.8460978147762747,0.5404970148641882,0.0909090909090909,0.0909090909090909,10.0,5.945467163506071,0.4495879239550973,0.5161290322580645,0.5161290322580645,0.48,0.9774193548387096,0.282043513010244,2.091273714564064,0.3548387096774194,0.3548387096774194
mHSC-GM_STRING_500,baseline,lr,449/500,tf_stratified_1to10,0.2144346535205841,0.0289770979434251,0.1854575555771589,0.7740464210510254,0.8693878054618835,0.0953413844108581,0.7841831425598336,0.2739490569362794,0.0909090909090909,0.0909090909090909,10.0,3.013439626299074,0.1830399660271885,0.2258064516129032,0.2258064516129032,0.3098591549295774,0.9064516129032258,0.0,1.0,0.0,0.0
mHSC-GM_STRING_500,baseline,mlp,449/500,tf_stratified_1to10,0.2144346535205841,0.0289770979434251,0.1854575555771589,0.7740464210510254,0.8693878054618835,0.0953413844108581,0.7054110301768991,0.2584535018539442,0.0909090909090909,0.0909090909090909,10.0,2.8429885203933867,0.1675444109448533,0.1612903225806451,0.1612903225806451,0.0,1.0,0.0,1.0,0.0,0.0
mHSC-GM_STRING_500,scGPT_human,lr,449/500,tf_stratified_1to10,0.1520107686519622,0.0234837420284748,0.1285270266234874,2.0167038440704346,2.180666446685791,0.1639626026153564,0.8196670135275754,0.336475652927787,0.0909090909090909,0.0909090909090909,10.0,3.7012321822056573,0.2455665620186961,0.2903225806451613,0.2903225806451613,0.25,0.964516129032258,0.06252659599150756,1.2282416909580793,0.06451612903225812,0.06451612903225812
mHSC-GM_STRING_500,scGPT_human,mlp,449/500,tf_stratified_1to10,0.1520107686519622,0.0234837420284748,0.1285270266234874,2.0167038440704346,2.180666446685791,0.1639626026153564,0.6981269510926119,0.2165360486311228,0.0909090909090909,0.0909090909090909,10.0,2.381896534942351,0.1256269577220319,0.2580645161290322,0.2580645161290322,0.0,1.0,-0.04191745322282142,0.8378143344077823,0.0967741935483871,0.0967741935483871
mHSC-GM_STRING_500,v4_bias_rec_best,lr,449/500,tf_stratified_1to10,0.2330022007226944,0.0361693613231182,0.1968328393995762,1.3664705753326416,1.5635186433792114,0.1970480680465698,0.8201873048907389,0.4456955531008509,0.0909090909090909,0.0909090909090909,10.0,4.902651084109361,0.35478646219176,0.4193548387096774,0.4193548387096774,0.4347826086956521,0.9258064516129032,0.1717464961645715,1.6269285906120852,0.1935483870967742,0.1935483870967742
mHSC-GM_STRING_500,v4_bias_rec_best,mlp,449/500,tf_stratified_1to10,0.2330022007226944,0.0361693613231182,0.1968328393995762,1.3664705753326416,1.5635186433792114,0.1970480680465698,0.8305931321540063,0.5785286018382383,0.0909090909090909,0.0909090909090909,10.0,6.363814620220622,0.4876195109291473,0.5483870967741935,0.5483870967741935,0.4888888888888889,0.9903225806451612,0.32007509998429406,2.2384243110978357,0.3870967741935484,0.3870967741935484
mHSC-GM_STRING_500,v4_plain_best,lr,449/500,tf_stratified_1to10,0.2060376405715942,0.0216018557548522,0.1844357848167419,1.3977092504501345,1.589501142501831,0.1917918920516967,0.7738813735691988,0.3000073904365018,0.0909090909090909,0.0909090909090909,10.0,3.3000812948015206,0.2090982995274109,0.3548387096774194,0.3548387096774194,0.3728813559322034,0.9451612903225808,0.026058333500222408,1.095121092190084,0.12903225806451618,0.12903225806451618
mHSC-GM_STRING_500,v4_plain_best,mlp,449/500,tf_stratified_1to10,0.2060376405715942,0.0216018557548522,0.1844357848167419,1.3977092504501345,1.589501142501831,0.1917918920516967,0.7533818938605619,0.3148751204267463,0.0909090909090909,0.0909090909090909,10.0,3.46362632469421,0.2239660295176554,0.2903225806451613,0.2903225806451613,0.0,1.0,0.05642161857280209,1.218304716972598,0.1290322580645162,0.1290322580645162
mHSC-GM_STRING_500,v4_type_pe_best,lr,449/500,tf_stratified_1to10,0.2187196910381317,0.0245250519365072,0.1941946391016245,1.408259034156799,1.602689504623413,0.1944304704666137,0.822996878251821,0.3164759912568848,0.0909090909090909,0.0909090909090909,10.0,3.4812359038257332,0.2255669003477939,0.3870967741935484,0.3870967741935484,0.3809523809523809,0.935483870967742,0.04252693432060539,1.1552366516468686,0.16129032258064518,0.16129032258064518
mHSC-GM_STRING_500,v4_type_pe_best,mlp,449/500,tf_stratified_1to10,0.2187196910381317,0.0245250519365072,0.1941946391016245,1.408259034156799,1.602689504623413,0.1944304704666137,0.8517169614984392,0.5973683578571102,0.0909090909090909,0.0909090909090909,10.0,6.571051936428213,0.5064592669480192,0.5483870967741935,0.5483870967741935,0.2777777777777778,1.0,0.33891485600316595,2.311318490838989,0.3870967741935484,0.3870967741935484
mHSC-GM_STRING_500,scconcept,lr,449/500,tf_stratified_1to10,0.0115787219256162,0.0006938083679415,0.0108849135576747,31.127674102783203,31.21473693847656,0.0870628356933593,0.6609781477627471,0.1895878974604946,0.0909090909090909,0.0909090909090909,10.0,2.0854668720654406,0.0986788065514037,0.1935483870967742,0.1935483870967742,0.1153846153846153,0.9419354838709676,-0.08436115947578482,0.692055302473966,-0.032258064516129004,-0.032258064516129004
mHSC-GM_STRING_500,scconcept,mlp,449/500,tf_stratified_1to10,0.0115787219256162,0.0006938083679415,0.0108849135576747,31.127674102783203,31.21473693847656,0.0870628356933593,0.4880332986472424,0.0867734820090601,0.0909090909090909,0.0909090909090909,10.0,0.9545083020996612,-0.0041356089000307,0.064516129032258,0.064516129032258,0.0,1.0,-0.17168001984488412,0.3357411735055424,-0.09677419354838711,-0.09677419354838711
mHSC-GM_STRING_500,scconcept_encoded,lr,449/500,tf_stratified_1to10,0.1591604948043823,0.0788766220211982,0.080283872783184,25.755102157592773,27.094776153564453,1.3396739959716797,0.6312174817898023,0.161145220449025,0.0909090909090909,0.0909090909090909,10.0,1.772597424939275,0.070236129539934,0.0967741935483871,0.0967741935483871,0.0377358490566037,0.932258064516129,-0.11280383648725442,0.5882306084612928,-0.1290322580645161,-0.1290322580645161
mHSC-GM_STRING_500,scconcept_encoded,mlp,449/500,tf_stratified_1to10,0.1591604948043823,0.0788766220211982,0.080283872783184,25.755102157592773,27.094776153564453,1.3396739959716797,0.558792924037461,0.1118354848949711,0.0909090909090909,0.0909090909090909,10.0,1.2301903338446822,0.0209263939858802,0.1290322580645161,0.1290322580645161,0.0,1.0,-0.14661801695897314,0.43271027125866124,-0.032258064516129004,-0.032258064516129004
mHSC-GM_STRING_500,cl_scratch_v5,lr,449/500,tf_stratified_1to10,0.1916602700948715,0.0241567771881818,0.1675034929066896,1.4241949319839478,1.5997344255447388,0.175539493560791,0.7906347554630593,0.2516127332265292,0.0909090909090909,0.0909090909090909,10.0,2.7677400654918216,0.1607036423174383,0.3225806451612903,0.3225806451612903,0.3225806451612903,0.932258064516129,-0.022336323709750194,0.9184654111988944,0.09677419354838712,0.09677419354838712
mHSC-GM_STRING_500,cl_scratch_v5,mlp,449/500,tf_stratified_1to10,0.1916602700948715,0.0241567771881818,0.1675034929066896,1.4241949319839478,1.5997344255447388,0.175539493560791,0.7840790842872009,0.4108921520979925,0.0909090909090909,0.0909090909090909,10.0,4.519813673077918,0.3199830611889016,0.3225806451612903,0.3225806451612903,0.0,1.0,0.1524386502440483,1.5898107363629128,0.1612903225806452,0.1612903225806452
mHSC-GM_STRING_500,minus,lr,449/500,full_candidate,0.2258320301771164,0.0167544595897197,0.2090775705873966,0.6958268284797668,0.8033299446105957,0.1075031161308288,0.8514421101294432,0.148276789648566,0.012190326386158,0.012190326386158,81.03225806451613,12.163479873429221,0.1360864632624079,0.2258064516129032,0.2258064516129032,0.2745098039215686,0.9948248407643312,0.0305493203611943,1.2594918632509093,0.0,0.0
mHSC-GM_STRING_500,minus,mlp,449/500,full_candidate,0.2258320301771164,0.0167544595897197,0.2090775705873966,0.6958268284797668,0.8033299446105957,0.1075031161308288,0.8527519519211013,0.2732220342203811,0.012190326386158,0.012190326386158,81.03225806451613,22.41302042007851,0.261031707834223,0.3548387096774194,0.3548387096774194,0.0606060606060606,0.9996019108280256,0.0772456637626775,1.3941580486579577,0.12903225806451618,0.12903225806451618
mHSC-GM_STRING_500,baseline,lr,449/500,full_candidate,0.2144346535205841,0.0269969068467617,0.1874377466738224,0.7740464210510254,0.8699207901954651,0.0958743691444397,0.8558852989521266,0.1177274692873717,0.012190326386158,0.012190326386158,81.03225806451613,9.657450141864137,0.1055371429012137,0.2258064516129032,0.2258064516129032,0.2456140350877192,0.992436305732484,0.0,1.0,0.0,0.0
mHSC-GM_STRING_500,baseline,mlp,449/500,full_candidate,0.2144346535205841,0.0269969068467617,0.1874377466738224,0.7740464210510254,0.8699207901954651,0.0958743691444397,0.8018350626669406,0.1959763704577036,0.012190326386158,0.012190326386158,81.03225806451613,16.076384195933667,0.1837860440715455,0.2258064516129032,0.2258064516129032,0.1764705882352941,1.0,0.0,1.0,0.0,0.0
mHSC-GM_STRING_500,scGPT_human,lr,449/500,full_candidate,0.1520107686519622,0.0175414215773344,0.1344693470746278,2.0167038440704346,2.183750867843628,0.1670470237731933,0.8500552188206287,0.1992167580914831,0.012190326386158,0.012190326386158,81.03225806451613,16.342200510536934,0.187026431705325,0.2903225806451613,0.2903225806451613,0.1578947368421052,0.998407643312102,0.0814892888041114,1.6921858534578431,0.06451612903225812,0.06451612903225812
mHSC-GM_STRING_500,scGPT_human,mlp,449/500,full_candidate,0.1520107686519622,0.0175414215773344,0.1344693470746278,2.0167038440704346,2.183750867843628,0.1670470237731933,0.7230904561331416,0.1782180887864952,0.012190326386158,0.012190326386158,81.03225806451613,14.61963225109872,0.1660277624003371,0.2258064516129032,0.2258064516129032,0.0625,1.0,-0.01775828167120841,0.9093855977139801,0.0,0.0
mHSC-GM_STRING_500,v4_bias_rec_best,lr,449/500,full_candidate,0.2330022007226944,0.031069990247488,0.2019322104752063,1.3664705753326416,1.5661203861236572,0.1996498107910156,0.8365458701458804,0.1502023391957563,0.012190326386158,0.012190326386158,81.03225806451613,12.321437050800348,0.1380120128095982,0.2580645161290322,0.2580645161290322,0.16,0.994028662420382,0.03247486990838459,1.275847855262341,0.032258064516129004,0.032258064516129004
mHSC-GM_STRING_500,v4_bias_rec_best,mlp,449/500,full_candidate,0.2330022007226944,0.031069990247488,0.2019322104752063,1.3664705753326416,1.5661203861236572,0.1996498107910156,0.82844282925827,0.2939181052438605,0.012190326386158,0.012190326386158,81.03225806451613,24.110765859198136,0.2817277788577024,0.3225806451612903,0.3225806451612903,0.1764705882352941,1.0,0.09794173478615686,1.49976297937049,0.09677419354838712,0.09677419354838712
mHSC-GM_STRING_500,v4_plain_best,lr,449/500,full_candidate,0.2060376405715942,0.0157117135822772,0.1903259269893169,1.3977092504501345,1.588680624961853,0.1909713745117187,0.8264652249845901,0.192112562558407,0.012190326386158,0.012190326386158,81.03225806451613,15.759427309226847,0.1799222361722489,0.2258064516129032,0.2258064516129032,0.2666666666666666,0.9968152866242038,0.0743850932710353,1.6318414361686646,0.0,0.0
mHSC-GM_STRING_500,v4_plain_best,mlp,449/500,full_candidate,0.2060376405715942,0.0157117135822772,0.1903259269893169,1.3977092504501345,1.588680624961853,0.1909713745117187,0.8152545202383399,0.1895101516713633,0.012190326386158,0.012190326386158,81.03225806451613,15.545945667750972,0.1773198252852052,0.2903225806451613,0.2903225806451613,0.0625,1.0,-0.006466218786340294,0.9670051099975041,0.06451612903225812,0.06451612903225812
mHSC-GM_STRING_500,v4_type_pe_best,lr,449/500,full_candidate,0.2187196910381317,0.024209551513195,0.1945101395249366,1.408259034156799,1.5982662439346311,0.190007209777832,0.8699725190055475,0.1389717677507377,0.012190326386158,0.012190326386158,81.03225806451613,11.400167915810592,0.1267814413645796,0.1612903225806451,0.1612903225806451,0.1276595744680851,0.9948248407643312,0.021244298463365993,1.180453199172309,-0.06451612903225809,-0.06451612903225809
mHSC-GM_STRING_500,v4_type_pe_best,mlp,449/500,full_candidate,0.2187196910381317,0.024209551513195,0.1945101395249366,1.408259034156799,1.5982662439346311,0.190007209777832,0.8442379802753237,0.1965665182920024,0.012190326386158,0.012190326386158,81.03225806451613,16.124795355373077,0.1843761919058443,0.2903225806451613,0.2903225806451613,0.0,1.0,0.000590147834298782,1.0030113213798197,0.06451612903225812,0.06451612903225812
mHSC-GM_STRING_500,scconcept,lr,449/500,full_candidate,0.0115787219256162,0.0022224832791835,0.0093562386464327,31.127674102783203,31.0267333984375,-0.1009407043457031,0.7046756215327717,0.0735044568278102,0.012190326386158,0.012190326386158,81.03225806451613,6.029736571391052,0.0613141304416522,0.064516129032258,0.064516129032258,0.0512820512820512,0.9972133757961784,-0.04422301245956149,0.6243611391015845,-0.16129032258064518,-0.16129032258064518
mHSC-GM_STRING_500,scconcept,mlp,449/500,full_candidate,0.0115787219256162,0.0022224832791835,0.0093562386464327,31.127674102783203,31.0267333984375,-0.1009407043457031,0.6483909492500514,0.0276157666400376,0.012190326386158,0.012190326386158,81.03225806451613,2.265383695665035,0.0154254402538795,0.0,0.0,0.0,1.0,-0.16836060381766602,0.14091375697764408,-0.2258064516129032,-0.2258064516129032
mHSC-GM_STRING_500,scconcept_encoded,lr,449/500,full_candidate,0.1591604948043823,0.0894927754998207,0.0696677193045616,25.755102157592773,26.783283233642575,1.028181076049805,0.6741126463940826,0.0445035725796341,0.012190326386158,0.012190326386158,81.03225806451613,3.650728550645493,0.032313246193476,0.0967741935483871,0.0967741935483871,0.0465116279069767,0.9956210191082804,-0.0732238967077376,0.3780219930745413,-0.1290322580645161,-0.1290322580645161
mHSC-GM_STRING_500,scconcept_encoded,mlp,449/500,full_candidate,0.1591604948043823,0.0894927754998207,0.0696677193045616,25.755102157592773,26.783283233642575,1.028181076049805,0.6462592459420586,0.026940087088316,0.012190326386158,0.012190326386158,81.03225806451613,2.2099561763092916,0.0147497607021579,0.064516129032258,0.064516129032258,0.0,0.9992038216560508,-0.1690362833693876,0.13746599666784987,-0.16129032258064518,-0.16129032258064518
mHSC-GM_STRING_500,cl_scratch_v5,lr,449/500,full_candidate,0.1916602700948715,0.0194359123706817,0.1722243577241897,1.4241949319839478,1.5931020975112915,0.1689071655273437,0.8212130162317651,0.1142226593681249,0.012190326386158,0.012190326386158,81.03225806451613,9.369942670101405,0.1020323329819669,0.1935483870967742,0.1935483870967742,0.1568627450980392,0.9936305732484076,-0.0035048099192468013,0.970229463518904,-0.032258064516129004,-0.032258064516129004
mHSC-GM_STRING_500,cl_scratch_v5,mlp,449/500,full_candidate,0.1916602700948715,0.0194359123706817,0.1722243577241897,1.4241949319839478,1.5931020975112915,0.1689071655273437,0.8568484179165811,0.1674462935299022,0.012190326386158,0.012190326386158,81.03225806451613,13.735997562791747,0.1552559671437441,0.1935483870967742,0.1935483870967742,0.0606060606060606,0.9996019108280256,-0.028530076927801407,0.8544208321586458,-0.032258064516129004,-0.032258064516129004
mHSC-GM_STRING_1000,minus,lr,895/1000,tf_stratified_1to10,0.1906083822250366,0.0244113449007272,0.1661970373243093,0.7076149582862854,0.7840075492858887,0.0763925909996032,0.8198425575386095,0.4122126767545055,0.0909090909090909,0.0909090909090909,10.0,4.534339444299561,0.3213035858454146,0.4186046511627907,0.4186046511627907,0.4172661870503597,0.9294573643410852,-0.061365867364763904,0.8704209299032155,-0.04651162790697666,-0.04651162790697666
mHSC-GM_STRING_1000,minus,mlp,895/1000,tf_stratified_1to10,0.1906083822250366,0.0244113449007272,0.1661970373243093,0.7076149582862854,0.7840075492858887,0.0763925909996032,0.858271738477255,0.5596210142043703,0.0909090909090909,0.0909090909090909,10.0,6.155831156248074,0.4687119232952793,0.5038759689922481,0.5038759689922481,0.4946236559139785,0.9914728682170544,-0.057652642265452525,0.9066011619624804,-0.07751937984496127,-0.07751937984496127
mHSC-GM_STRING_1000,baseline,lr,895/1000,tf_stratified_1to10,0.1892227232456207,0.0460777319967746,0.143144991248846,0.780881404876709,0.8430887460708618,0.0622073411941528,0.8404723273841717,0.4735785441192694,0.0909090909090909,0.0909090909090909,10.0,5.209363985311964,0.3826694532101785,0.4651162790697674,0.4651162790697674,0.4785714285714286,0.9348837209302324,0.0,1.0,0.0,0.0
mHSC-GM_STRING_1000,baseline,mlp,895/1000,tf_stratified_1to10,0.1892227232456207,0.0460777319967746,0.143144991248846,0.780881404876709,0.8430887460708618,0.0622073411941528,0.8922781082867616,0.6172736564698228,0.0909090909090909,0.0909090909090909,10.0,6.7900102211680515,0.5263645655607319,0.5813953488372093,0.5813953488372093,0.5291005291005291,0.992248062015504,0.0,1.0,0.0,0.0
mHSC-GM_STRING_1000,scGPT_human,lr,895/1000,tf_stratified_1to10,0.1353525817394256,0.0256927069276571,0.1096598748117685,2.0493950843811035,2.1691603660583496,0.1197652816772461,0.874346493600144,0.561170781505131,0.0909090909090909,0.0909090909090909,10.0,6.172878596556441,0.47026169059604,0.5193798449612403,0.5193798449612403,0.5393258426966292,0.9488372093023256,0.08759223738586158,1.1849582048712952,0.054263565891472965,0.054263565891472965
mHSC-GM_STRING_1000,scGPT_human,mlp,895/1000,tf_stratified_1to10,0.1353525817394256,0.0256927069276571,0.1096598748117685,2.0493950843811035,2.1691603660583496,0.1197652816772461,0.866594555615648,0.5859348745500611,0.0909090909090909,0.0909090909090909,10.0,6.445283620050673,0.4950257836409701,0.5348837209302325,0.5348837209302325,0.4752475247524752,0.9806201550387597,-0.031338781919761693,0.9492303266285692,-0.04651162790697683,-0.04651162790697683
mHSC-GM_STRING_1000,v4_bias_rec_best,lr,895/1000,tf_stratified_1to10,0.1866886764764785,0.0418749339878559,0.1448137424886226,1.400124192237854,1.5162663459777832,0.1161421537399292,0.8204194459467581,0.3881818949057455,0.0909090909090909,0.0909090909090909,10.0,4.270000843963201,0.2972728039966545,0.4031007751937984,0.4031007751937984,0.3969465648854962,0.9372093023255814,-0.08539664921352391,0.8196779599203781,-0.06201550387596899,-0.06201550387596899
mHSC-GM_STRING_1000,v4_bias_rec_best,mlp,895/1000,tf_stratified_1to10,0.1866886764764785,0.0418749339878559,0.1448137424886226,1.400124192237854,1.5162663459777832,0.1161421537399292,0.8776455741842436,0.5967796943824006,0.0909090909090909,0.0909090909090909,10.0,6.5645766382064075,0.5058706034733097,0.5193798449612403,0.5193798449612403,0.5106382978723404,0.9914728682170544,-0.020493962087422157,0.9667992277450704,-0.06201550387596899,-0.06201550387596899
mHSC-GM_STRING_1000,v4_plain_best,lr,895/1000,tf_stratified_1to10,0.1590243428945541,0.0310555808246135,0.1279687620699405,1.437932372093201,1.5433615446090698,0.1054291725158691,0.8234240730725317,0.4336823481513476,0.0909090909090909,0.0909090909090909,10.0,4.770505829664824,0.3427732572422567,0.4418604651162791,0.4418604651162791,0.4555160142348754,0.931782945736434,-0.03989619596792182,0.9157559047736882,-0.023255813953488302,-0.023255813953488302
mHSC-GM_STRING_1000,v4_plain_best,mlp,895/1000,tf_stratified_1to10,0.1590243428945541,0.0310555808246135,0.1279687620699405,1.437932372093201,1.5433615446090698,0.1054291725158691,0.8426116218977227,0.527720540165386,0.0909090909090909,0.0909090909090909,10.0,5.804925941819247,0.4368114492562951,0.4728682170542636,0.4728682170542636,0.4468085106382978,0.9868217054263566,-0.08955311630443674,0.8549215321830038,-0.10852713178294576,-0.10852713178294576
mHSC-GM_STRING_1000,v4_type_pe_best,lr,895/1000,tf_stratified_1to10,0.1700729876756668,0.0339320749044418,0.1361409127712249,1.438184142112732,1.5568606853485107,0.1186765432357788,0.8483264226909442,0.4744384717194824,0.0909090909090909,0.0909090909090909,10.0,5.218823188914307,0.3835293808103915,0.4728682170542636,0.4728682170542636,0.4579124579124579,0.9224806201550388,0.000859927600212973,1.0018158077702026,0.007751937984496193,0.007751937984496193
mHSC-GM_STRING_1000,v4_type_pe_best,mlp,895/1000,tf_stratified_1to10,0.1700729876756668,0.0339320749044418,0.1361409127712249,1.438184142112732,1.5568606853485107,0.1186765432357788,0.8773030466919055,0.5919235106184321,0.0909090909090909,0.0909090909090909,10.0,6.511158616802754,0.5010144197093411,0.4961240310077519,0.4961240310077519,0.4751381215469613,0.9930232558139536,-0.025350145851390726,0.9589320788507844,-0.08527131782945746,-0.08527131782945746
mHSC-GM_STRING_1000,scconcept,lr,895/1000,tf_stratified_1to10,-0.0012111776741221,-0.0001456031022826,-0.0010655745718395,31.404016494750977,31.148683547973636,-0.2553329467773437,0.7186887807223123,0.1933899494642555,0.0909090909090909,0.0909090909090909,10.0,2.1272894441068106,0.1024808585551646,0.2403100775193798,0.2403100775193798,0.2447552447552447,0.9054263565891472,-0.2801885946550139,0.40835876512080915,-0.22480620155038758,-0.22480620155038758
mHSC-GM_STRING_1000,scconcept,mlp,895/1000,tf_stratified_1to10,-0.0012111776741221,-0.0001456031022826,-0.0010655745718395,31.404016494750977,31.148683547973636,-0.2553329467773437,0.6899585361456643,0.2315456574927534,0.0909090909090909,0.0909090909090909,10.0,2.547002232420288,0.1406365665836625,0.2713178294573643,0.2713178294573643,0.0298507462686567,0.9976744186046512,-0.3857279989770694,0.3751102206709403,-0.310077519379845,-0.310077519379845
mHSC-GM_STRING_1000,scconcept_encoded,lr,895/1000,tf_stratified_1to10,0.1067218035459518,0.0740314424037933,0.0326903611421585,26.78743553161621,27.166597366333008,0.3791618347167969,0.6903912024517758,0.178856737585955,0.0909090909090909,0.0909090909090909,10.0,1.9674241134455053,0.087947646676864,0.2480620155038759,0.2480620155038759,0.2562277580071174,0.9100775193798448,-0.2947218065333144,0.377670694348244,-0.21705426356589147,-0.21705426356589147
mHSC-GM_STRING_1000,scconcept_encoded,mlp,895/1000,tf_stratified_1to10,0.1067218035459518,0.0740314424037933,0.0326903611421585,26.78743553161621,27.166597366333008,0.3791618347167969,0.6714199867796407,0.2055300333836652,0.0909090909090909,0.0909090909090909,10.0,2.2608303672203176,0.1146209424745743,0.2480620155038759,0.2480620155038759,0.1059602649006622,0.9891472868217054,-0.4117436230861576,0.3329642067654205,-0.3333333333333334,-0.3333333333333334
mHSC-GM_STRING_1000,cl_scratch_v5,lr,895/1000,tf_stratified_1to10,0.1716581284999847,0.0361832603812217,0.1354748681187629,1.445087194442749,1.562908411026001,0.1178212165832519,0.8544678805360255,0.4790986963752931,0.0909090909090909,0.0909090909090909,10.0,5.270085660128225,0.3881896054662022,0.4728682170542636,0.4728682170542636,0.4697508896797153,0.9333333333333332,0.005520152256023703,1.0116562549646115,0.007751937984496193,0.007751937984496193
mHSC-GM_STRING_1000,cl_scratch_v5,mlp,895/1000,tf_stratified_1to10,0.1716581284999847,0.0361832603812217,0.1354748681187629,1.445087194442749,1.562908411026001,0.1178212165832519,0.8970795024337481,0.6396942221896371,0.0909090909090909,0.0909090909090909,10.0,7.036636444086009,0.5487851312805462,0.5581395348837209,0.5581395348837209,0.5533980582524272,0.9844961240310076,0.022420565719814323,1.0363219221893207,-0.023255813953488413,-0.023255813953488413
mHSC-GM_STRING_1000,minus,lr,895/1000,full_candidate,0.1906083822250366,0.0185242760926485,0.1720841061323881,0.7076149582862854,0.7862873077392578,0.0786723494529724,0.8650765728600021,0.3430287073708551,0.0098091399893544,0.0098091399893544,100.94573643410853,34.97031419096221,0.3332195673815007,0.3255813953488372,0.3255813953488372,0.3673469387755102,0.9976194133005682,0.012969658262580619,1.0392949634243356,-0.023255813953488413,-0.023255813953488413
mHSC-GM_STRING_1000,minus,mlp,895/1000,full_candidate,0.1906083822250366,0.0185242760926485,0.1720841061323881,0.7076149582862854,0.7862873077392578,0.0786723494529724,0.8871316757925467,0.3798452129818996,0.0098091399893544,0.0098091399893544,100.94573643410853,38.72359996841064,0.3700360729925452,0.4031007751937984,0.4031007751937984,0.425531914893617,0.9985409307326064,-0.00825625703016769,0.9787265504819886,-0.015503875968992331,-0.015503875968992331
mHSC-GM_STRING_1000,baseline,lr,895/1000,full_candidate,0.1892227232456207,0.0328162796795368,0.1564064435660839,0.780881404876709,0.8410000205039978,0.0601186156272888,0.8719480688018725,0.3300590491082745,0.0098091399893544,0.0098091399893544,100.94573643410853,33.648112828084706,0.3202499091189201,0.3488372093023256,0.3488372093023256,0.3425414364640884,0.9983873444939332,0.0,1.0,0.0,0.0
mHSC-GM_STRING_1000,baseline,mlp,895/1000,full_candidate,0.1892227232456207,0.0328162796795368,0.1564064435660839,0.780881404876709,0.8410000205039978,0.0601186156272888,0.8893622480262978,0.3881014700120673,0.0098091399893544,0.0098091399893544,100.94573643410853,39.565290171540376,0.3782923300227129,0.4186046511627907,0.4186046511627907,0.3734939759036144,0.999539241283981,0.0,1.0,0.0,0.0
mHSC-GM_STRING_1000,scGPT_human,lr,895/1000,full_candidate,0.1353525817394256,0.016320651397109,0.1190319303423166,2.0493950843811035,2.1666767597198486,0.1172816753387451,0.8687757390891264,0.3205830542622098,0.0098091399893544,0.0098091399893544,100.94573643410853,32.68207555505683,0.3107739142728554,0.3875968992248062,0.3875968992248062,0.373134328358209,0.9931654123790508,-0.009475994846064706,0.9712900013750082,0.038759689922480633,0.038759689922480633
mHSC-GM_STRING_1000,scGPT_human,mlp,895/1000,full_candidate,0.1353525817394256,0.016320651397109,0.1190319303423166,2.0493950843811035,2.1666767597198486,0.1172816753387451,0.8869090352760207,0.448048942982176,0.0098091399893544,0.0098091399893544,100.94573643410853,45.67667945084194,0.4382398029928216,0.4186046511627907,0.4186046511627907,0.4632768361581921,0.9994624481646444,0.05994747297010872,1.1544634009457495,0.0,0.0
mHSC-GM_STRING_1000,v4_bias_rec_best,lr,895/1000,full_candidate,0.1866886764764785,0.0337553955614566,0.1529332809150219,1.400124192237854,1.5104387998580933,0.1103146076202392,0.8589771751799877,0.284335748903621,0.0098091399893544,0.0098091399893544,100.94573643410853,28.986817316523474,0.2745266089142666,0.3100775193798449,0.3100775193798449,0.2873563218390804,0.9984641376132698,-0.04572330020465348,0.8614693330536315,-0.03875968992248069,-0.03875968992248069
mHSC-GM_STRING_1000,v4_bias_rec_best,mlp,895/1000,full_candidate,0.1866886764764785,0.0337553955614566,0.1529332809150219,1.400124192237854,1.5104387998580933,0.1103146076202392,0.8609428409168026,0.3481027058204879,0.0098091399893544,0.0098091399893544,100.94573643410853,35.48758669957555,0.3382935658311335,0.3410852713178294,0.3410852713178294,0.3680981595092024,0.999692827522654,-0.03999876419157938,0.8969373545780804,-0.07751937984496132,-0.07751937984496132
mHSC-GM_STRING_1000,v4_plain_best,lr,895/1000,full_candidate,0.1590243428945541,0.0226452760398387,0.1363790668547153,1.437932372093201,1.543479561805725,0.1055471897125244,0.8616119530573781,0.3432712768959499,0.0098091399893544,0.0098091399893544,100.94573643410853,34.99504311983447,0.3334621369065955,0.3643410852713178,0.3643410852713178,0.3675675675675676,0.9983105513745968,0.01321222778767539,1.040029891085765,0.01550387596899222,0.01550387596899222
mHSC-GM_STRING_1000,v4_plain_best,mlp,895/1000,full_candidate,0.1590243428945541,0.0226452760398387,0.1363790668547153,1.437932372093201,1.543479561805725,0.1055471897125244,0.8948336089551492,0.4311470353867114,0.0098091399893544,0.0098091399893544,100.94573643410853,43.95360203388104,0.421337895397357,0.4186046511627907,0.4186046511627907,0.4367816091954023,0.9994624481646444,0.0430455653746441,1.110913172715645,0.0,0.0
mHSC-GM_STRING_1000,v4_type_pe_best,lr,895/1000,full_candidate,0.1700729876756668,0.0278474185615777,0.142225569114089,1.438184142112732,1.5520987510681152,0.1139146089553833,0.8773158483139444,0.3585521539433394,0.0098091399893544,0.0098091399893544,100.94573643410853,36.55286338378966,0.348743013953985,0.3565891472868217,0.3565891472868217,0.3956043956043956,0.9986945169712794,0.028493104835064897,1.0863272948039,0.007751937984496082,0.007751937984496082
mHSC-GM_STRING_1000,v4_type_pe_best,mlp,895/1000,full_candidate,0.1700729876756668,0.0278474185615777,0.142225569114089,1.438184142112732,1.5520987510681152,0.1139146089553833,0.8883032173340524,0.4013829312709112,0.0098091399893544,0.0098091399893544,100.94573643410853,40.9192785204943,0.3915737912815568,0.4186046511627907,0.4186046511627907,0.4228571428571429,0.9993088619259716,0.013281461258843885,1.0342216205943022,0.0,0.0
mHSC-GM_STRING_1000,scconcept,lr,895/1000,full_candidate,-0.0012111776741221,0.0021799951791763,-0.0033911728532984,31.404016494750977,30.90401268005371,-0.5000038146972656,0.8224426998317698,0.0650722098767379,0.0098091399893544,0.0098091399893544,100.94573643410853,6.63383435727893,0.0552630698873834,0.1085271317829457,0.1085271317829457,0.087378640776699,0.9947780678851176,-0.2649868392315366,0.19715323683002928,-0.24031007751937988,-0.24031007751937988
mHSC-GM_STRING_1000,scconcept,mlp,895/1000,full_candidate,-0.0012111776741221,0.0021799951791763,-0.0033911728532984,31.404016494750977,30.90401268005371,-0.5000038146972656,0.8083371729893001,0.1284718048063213,0.0098091399893544,0.0098091399893544,100.94573643410853,13.097152751999499,0.1186626648169669,0.1550387596899224,0.1550387596899224,0.0592592592592592,0.999846413761327,-0.259629665205746,0.33102632876481175,-0.26356589147286835,-0.26356589147286835
mHSC-GM_STRING_1000,scconcept_encoded,lr,895/1000,full_candidate,0.1067218035459518,0.078465387225151,0.0282564163208007,26.78743553161621,27.01451873779297,0.2270832061767578,0.7949846949527275,0.0578002224360291,0.0098091399893544,0.0098091399893544,100.94573643410853,5.892486242296282,0.0479910824466747,0.1007751937984496,0.1007751937984496,0.0344827586206896,0.9967746889878668,-0.2722588266722454,0.17512085365388053,-0.248062015503876,-0.248062015503876
mHSC-GM_STRING_1000,scconcept_encoded,mlp,895/1000,full_candidate,0.1067218035459518,0.078465387225151,0.0282564163208007,26.78743553161621,27.01451873779297,0.2270832061767578,0.7709270179624464,0.0594390036399437,0.0098091399893544,0.0098091399893544,100.94573643410853,6.059552998983731,0.0496298636505893,0.1007751937984496,0.1007751937984496,0.0,1.0,-0.3286624663721236,0.15315325561146562,-0.3178294573643411,-0.3178294573643411
mHSC-GM_STRING_1000,cl_scratch_v5,lr,895/1000,full_candidate,0.1716581284999847,0.0262351650744676,0.145422963425517,1.445087194442749,1.5531123876571655,0.1080251932144165,0.8715498161132205,0.3597975748952137,0.0098091399893544,0.0098091399893544,100.94573643410853,36.67982873989896,0.3499884349058593,0.3720930232558139,0.3720930232558139,0.4193548387096774,0.9986177238519428,0.029738525786939196,1.0901006225015926,0.023255813953488302,0.023255813953488302
mHSC-GM_STRING_1000,cl_scratch_v5,mlp,895/1000,full_candidate,0.1716581284999847,0.0262351650744676,0.145422963425517,1.445087194442749,1.5531123876571655,0.1080251932144165,0.8769056897153178,0.4310740401078052,0.0098091399893544,0.0098091399893544,100.94573643410853,43.946160476416736,0.4212649001184508,0.4263565891472868,0.4263565891472868,0.4431818181818182,0.999385655045308,0.042972570095737905,1.1107250897410972,0.007751937984496082,0.007751937984496082
mHSC-L_Specific_500,minus,lr,442/500,tf_stratified_1to10,0.0330398082733154,0.0074230167083442,0.0256167915649712,0.8168855309486389,0.8348677158355713,0.0179821848869323,0.7967258522727273,0.8414081541760662,0.588865096359743,0.588865096359743,0.6981818181818182,1.4288640290917196,0.2525430578163231,0.769090909090909,0.769090909090909,0.7712532865907099,0.6067708333333334,0.03187093767331117,1.0393693298141318,0.027272727272727226,0.027272727272727226
mHSC-L_Specific_500,minus,mlp,442/500,tf_stratified_1to10,0.0330398082733154,0.0074230167083442,0.0256167915649712,0.8168855309486389,0.8348677158355713,0.0179821848869323,0.8072916666666665,0.8588313362973173,0.588865096359743,0.588865096359743,0.6981818181818182,1.458451760184899,0.2699662399375743,0.7709090909090909,0.7709090909090909,0.7788719785138765,0.65625,0.03318637942961322,1.0401944917770882,0.014545454545454528,0.014545454545454528
mHSC-L_Specific_500,baseline,lr,442/500,tf_stratified_1to10,0.0267491433769464,0.0096345301717519,0.0171146132051944,0.9100452661514282,0.930803120136261,0.0207578539848327,0.7644010416666667,0.809537216502755,0.588865096359743,0.588865096359743,0.6981818181818182,1.3747413822064967,0.2206721201430119,0.7418181818181818,0.7418181818181818,0.7523727351164797,0.5494791666666666,0.0,1.0,0.0,0.0
mHSC-L_Specific_500,baseline,mlp,442/500,tf_stratified_1to10,0.0267491433769464,0.0096345301717519,0.0171146132051944,0.9100452661514282,0.930803120136261,0.0207578539848327,0.7796922348484848,0.8256449568677041,0.588865096359743,0.588865096359743,0.6981818181818182,1.4020952540262466,0.236779860507961,0.7563636363636363,0.7563636363636363,0.7591111111111111,0.6145833333333334,0.0,1.0,0.0,0.0
mHSC-L_Specific_500,scGPT_human,lr,442/500,tf_stratified_1to10,0.0182045772671699,0.0100713679566979,0.008133209310472,2.188960313796997,2.182677984237671,-0.0062823295593261,0.7399905303030304,0.8004334260961412,0.588865096359743,0.588865096359743,0.6981818181818182,1.359281490861447,0.2115683297363981,0.7290909090909091,0.7290909090909091,0.736283185840708,0.5729166666666666,-0.009103790406613799,0.9887543275083229,-0.012727272727272698,-0.012727272727272698
mHSC-L_Specific_500,scGPT_human,mlp,442/500,tf_stratified_1to10,0.0182045772671699,0.0100713679566979,0.008133209310472,2.188960313796997,2.182677984237671,-0.0062823295593261,0.7996732954545455,0.8446382906670453,0.588865096359743,0.588865096359743,0.6981818181818182,1.4343493881509461,0.2557731943073023,0.7727272727272727,0.7727272727272727,0.776092774308653,0.6458333333333334,0.018993333799341205,1.0230042388575804,0.016363636363636358,0.016363636363636358
mHSC-L_Specific_500,v4_bias_rec_best,lr,442/500,tf_stratified_1to10,0.0174810476601123,0.0053097400814294,0.0121713075786829,1.653549313545227,1.6866121292114258,0.0330628156661987,0.7613139204545454,0.8060508474468029,0.588865096359743,0.588865096359743,0.6981818181818182,1.368820893664207,0.2171857510870598,0.7545454545454545,0.7545454545454545,0.7572815533980582,0.5989583333333334,-0.003486369055952121,0.9956933801375885,0.012727272727272698,0.012727272727272698
mHSC-L_Specific_500,v4_bias_rec_best,mlp,442/500,tf_stratified_1to10,0.0174810476601123,0.0053097400814294,0.0121713075786829,1.653549313545227,1.6866121292114258,0.0330628156661987,0.7944460227272727,0.8459089120814685,0.588865096359743,0.588865096359743,0.6981818181818182,1.4365071343347118,0.2570438157217254,0.7636363636363637,0.7636363636363637,0.7638009049773755,0.6536458333333334,0.02026395521376434,1.0245431829325777,0.0072727272727273196,0.0072727272727273196
mHSC-L_Specific_500,v4_plain_best,lr,442/500,tf_stratified_1to10,0.027576932683587,0.0151032702997326,0.0124736623838543,1.6218713521957395,1.6437335014343262,0.0218621492385864,0.7796330492424242,0.8323561096488381,0.588865096359743,0.588865096359743,0.6981818181818182,1.4134920116582086,0.243491013289095,0.7654545454545455,0.7654545454545455,0.7703306523681859,0.640625,0.022818893146083097,1.028187577644252,0.023636363636363678,0.023636363636363678
mHSC-L_Specific_500,v4_plain_best,mlp,442/500,tf_stratified_1to10,0.027576932683587,0.0151032702997326,0.0124736623838543,1.6218713521957395,1.6437335014343262,0.0218621492385864,0.8034706439393939,0.85189673405355,0.588865096359743,0.588865096359743,0.6981818181818182,1.4466755447382105,0.263031637693807,0.7636363636363637,0.7636363636363637,0.797945205479452,0.6041666666666666,0.026251777185845926,1.031795479361297,0.0072727272727273196,0.0072727272727273196
mHSC-L_Specific_500,v4_type_pe_best,lr,442/500,tf_stratified_1to10,0.0264164209365844,0.0179487615823745,0.0084676593542099,1.64239764213562,1.6679614782333374,0.0255638360977172,0.7715317234848486,0.8208287521013978,0.588865096359743,0.588865096359743,0.6981818181818182,1.3939164626594647,0.2319636557416547,0.7527272727272727,0.7527272727272727,0.7690956979806848,0.6067708333333334,0.011291535598642821,1.0139481365012752,0.010909090909090868,0.010909090909090868
mHSC-L_Specific_500,v4_type_pe_best,mlp,442/500,tf_stratified_1to10,0.0264164209365844,0.0179487615823745,0.0084676593542099,1.64239764213562,1.6679614782333374,0.0255638360977172,0.7994886363636363,0.8470520178929046,0.588865096359743,0.588865096359743,0.6981818181818182,1.4384483358399507,0.2581869215331616,0.7672727272727272,0.7672727272727272,0.77737881508079,0.6588541666666666,0.021407061025200513,1.0259276833790807,0.010909090909090868,0.010909090909090868
mHSC-L_Specific_500,scconcept,lr,442/500,tf_stratified_1to10,0.0097853541374206,0.0062991739250719,0.0034861802123486,30.73533058166504,30.5424747467041,-0.1928558349609375,0.6913470643939396,0.7393411053085452,0.588865096359743,0.588865096359743,0.6981818181818182,1.2555356224694205,0.1504760089488022,0.7054545454545454,0.7054545454545454,0.7076648841354723,0.5442708333333334,-0.07019611119420976,0.9132885928364594,-0.036363636363636376,-0.036363636363636376
mHSC-L_Specific_500,scconcept,mlp,442/500,tf_stratified_1to10,0.0097853541374206,0.0062991739250719,0.0034861802123486,30.73533058166504,30.5424747467041,-0.1928558349609375,0.7218110795454545,0.7775728854898967,0.588865096359743,0.588865096359743,0.6981818181818182,1.3204601364501154,0.1887077891301536,0.7181818181818181,0.7181818181818181,0.7489433643279797,0.5052083333333334,-0.048072071377807446,0.9417763398444519,-0.038181818181818206,-0.038181818181818206
mHSC-L_Specific_500,scconcept_encoded,lr,442/500,tf_stratified_1to10,0.1082376092672348,0.1340136975049972,-0.0257760882377624,25.767915725708008,24.979116439819336,-0.7887992858886719,0.6975615530303029,0.7567222845793591,0.588865096359743,0.588865096359743,0.6981818181818182,1.2850520250856752,0.167857188219616,0.6981818181818182,0.6981818181818182,0.7093333333333334,0.5416666666666666,-0.052814931923395925,0.9347591057622288,-0.043636363636363584,-0.043636363636363584
mHSC-L_Specific_500,scconcept_encoded,mlp,442/500,tf_stratified_1to10,0.1082376092672348,0.1340136975049972,-0.0257760882377624,25.767915725708008,24.979116439819336,-0.7887992858886719,0.7116406249999999,0.7612724398948338,0.588865096359743,0.588865096359743,0.6981818181818182,1.2927790161123178,0.1724073435350908,0.7072727272727273,0.7072727272727273,0.7614297589359933,0.4921875,-0.06437251697287028,0.9220336581269946,-0.049090909090909074,-0.049090909090909074
mHSC-L_Specific_500,cl_scratch_v5,lr,442/500,tf_stratified_1to10,0.0192583873867988,0.0116964802145957,0.007561907172203,1.6379899978637695,1.660329818725586,0.0223398208618164,0.7517234848484848,0.7899206660792772,0.588865096359743,0.588865096359743,0.6981818181818182,1.3414289129419,0.2010555697195342,0.7418181818181818,0.7418181818181818,0.7495621716287215,0.5729166666666666,-0.019616550423477763,0.9757681919699476,0.0,0.0
mHSC-L_Specific_500,cl_scratch_v5,mlp,442/500,tf_stratified_1to10,0.0192583873867988,0.0116964802145957,0.007561907172203,1.6379899978637695,1.660329818725586,0.0223398208618164,0.79359375,0.8465795972897381,0.588865096359743,0.588865096359743,0.6981818181818182,1.4376460797611188,0.257714500929995,0.7709090909090909,0.7709090909090909,0.7546468401486989,0.6875,0.020934640422033968,1.0253554996586607,0.014545454545454528,0.014545454545454528
mHSC-L_Specific_500,minus,lr,442/500,full_candidate,0.0330398082733154,0.0069929463788867,0.0260468618944287,0.8168855309486389,0.8353350758552551,0.0184495449066162,0.7900264550264551,0.8273175547695423,0.5926724137931034,0.5926724137931034,0.6872727272727273,1.3959103469566096,0.2346451409764388,0.7945454545454546,0.7945454545454546,0.7894273127753304,0.6375661375661376,0.0019923915892624544,1.0024140686339733,0.025454545454545507,0.025454545454545507
mHSC-L_Specific_500,minus,mlp,442/500,full_candidate,0.0330398082733154,0.0069929463788867,0.0260468618944287,0.8168855309486389,0.8353350758552551,0.0184495449066162,0.8013973063973063,0.8401937586465097,0.5926724137931034,0.5926724137931034,0.6872727272727273,1.41763601458902,0.2475213448534062,0.7727272727272727,0.7727272727272727,0.7962806424344886,0.5714285714285714,0.006446097779061244,1.0077314733001526,0.014545454545454528,0.014545454545454528
mHSC-L_Specific_500,baseline,lr,442/500,full_candidate,0.0267491433769464,0.0111407618969678,0.0156083814799785,0.9100452661514282,0.9310947060585022,0.0210494399070739,0.7803727753727754,0.8253251631802798,0.5926724137931034,0.5926724137931034,0.6872727272727273,1.3925486389659996,0.2326527493871764,0.769090909090909,0.769090909090909,0.7777777777777778,0.6216931216931217,0.0,1.0,0.0,0.0
mHSC-L_Specific_500,baseline,mlp,442/500,full_candidate,0.0267491433769464,0.0111407618969678,0.0156083814799785,0.9100452661514282,0.9310947060585022,0.0210494399070739,0.7910630110630111,0.8337476608674484,0.5926724137931034,0.5926724137931034,0.6872727272727273,1.4067596896090766,0.241075247074345,0.7581818181818182,0.7581818181818182,0.7809847198641766,0.5555555555555556,0.0,1.0,0.0,0.0
mHSC-L_Specific_500,scGPT_human,lr,442/500,full_candidate,0.0182045772671699,0.0125288534909486,0.0056757237762212,2.188960313796997,2.188697338104248,-0.000262975692749,0.7365512265512264,0.7957979589060201,0.5926724137931034,0.5926724137931034,0.6872727272727273,1.3427281924814303,0.2031255451129167,0.7272727272727273,0.7272727272727273,0.7247706422018348,0.6164021164021164,-0.0295272042742597,0.9642235501938645,-0.041818181818181754,-0.041818181818181754
mHSC-L_Specific_500,scGPT_human,mlp,442/500,full_candidate,0.0182045772671699,0.0125288534909486,0.0056757237762212,2.188960313796997,2.188697338104248,-0.000262975692749,0.8026911976911977,0.8566220782724631,0.5926724137931034,0.5926724137931034,0.6872727272727273,1.4453550702488105,0.2639496644793596,0.769090909090909,0.769090909090909,0.7947598253275109,0.6296296296296297,0.022874417405014613,1.027435660066759,0.010909090909090868,0.010909090909090868
mHSC-L_Specific_500,v4_bias_rec_best,lr,442/500,full_candidate,0.0174810476601123,0.0059650815092027,0.0115159661509096,1.653549313545227,1.684053897857666,0.0305045843124389,0.759090909090909,0.8125127689790917,0.5926724137931034,0.5926724137931034,0.6872727272727273,1.3709306356592676,0.2198403551859883,0.7454545454545455,0.7454545454545455,0.76,0.5687830687830688,-0.012812394201188071,0.9844759438185342,-0.023636363636363567,-0.023636363636363567
mHSC-L_Specific_500,v4_bias_rec_best,mlp,442/500,full_candidate,0.0174810476601123,0.0059650815092027,0.0115159661509096,1.653549313545227,1.684053897857666,0.0305045843124389,0.8007431457431458,0.8486466599521768,0.5926724137931034,0.5926724137931034,0.6872727272727273,1.4318983644284002,0.2559742461590734,0.7727272727272727,0.7727272727272727,0.7961504811898513,0.6349206349206349,0.01489899908472836,1.0178699141047391,0.014545454545454528,0.014545454545454528
mHSC-L_Specific_500,v4_plain_best,lr,442/500,full_candidate,0.027576932683587,0.012935328297317,0.01464160438627,1.6218713521957395,1.6480340957641602,0.0261627435684204,0.7712794612794612,0.8134620444619577,0.5926724137931034,0.5926724137931034,0.6872727272727273,1.372532322292176,0.2207896306688542,0.7563636363636363,0.7563636363636363,0.7580071174377224,0.6084656084656085,-0.01186311871832213,0.9856261274373251,-0.012727272727272698,-0.012727272727272698
mHSC-L_Specific_500,v4_plain_best,mlp,442/500,full_candidate,0.027576932683587,0.012935328297317,0.01464160438627,1.6218713521957395,1.6480340957641602,0.0261627435684204,0.797027417027417,0.8425585221727658,0.5926724137931034,0.5926724137931034,0.6872727272727273,1.4216260155933214,0.2498861083796624,0.769090909090909,0.769090909090909,0.7836456558773425,0.5661375661375662,0.008810861305317386,1.010567779340035,0.010909090909090868,0.010909090909090868
mHSC-L_Specific_500,v4_type_pe_best,lr,442/500,full_candidate,0.0264164209365844,0.0113540021702647,0.0150624187663197,1.64239764213562,1.6745426654815674,0.0321450233459472,0.7843314093314094,0.8287762644324941,0.5926724137931034,0.5926724137931034,0.6872727272727273,1.3983715879879173,0.2361038506393906,0.769090909090909,0.769090909090909,0.7715030408340573,0.5846560846560847,0.0034511012522142615,1.0041815049463847,0.0,0.0
mHSC-L_Specific_500,v4_type_pe_best,mlp,442/500,full_candidate,0.0264164209365844,0.0113540021702647,0.0150624187663197,1.64239764213562,1.6745426654815674,0.0321450233459472,0.8074915824915825,0.8584156967973366,0.5926724137931034,0.5926724137931034,0.6872727272727273,1.4483813938689607,0.2657432830042332,0.7781818181818182,0.7781818181818182,0.7807394668959587,0.5793650793650794,0.0246680359298882,1.0295869326988252,0.020000000000000018,0.020000000000000018
mHSC-L_Specific_500,scconcept,lr,442/500,full_candidate,0.0097853541374206,0.0042544133029878,0.0055309408344328,30.73533058166504,30.67403030395508,-0.0613002777099609,0.7082058682058681,0.7499355839754893,0.5926724137931034,0.5926724137931034,0.6872727272727273,1.2653458580531893,0.1572631701823859,0.7236363636363636,0.7236363636363636,0.7274368231046932,0.58994708994709,-0.0753895792047905,0.9086546944548657,-0.045454545454545414,-0.045454545454545414
mHSC-L_Specific_500,scconcept,mlp,442/500,full_candidate,0.0097853541374206,0.0042544133029878,0.0055309408344328,30.73533058166504,30.67403030395508,-0.0613002777099609,0.7234415584415584,0.7733965838964156,0.5926724137931034,0.5926724137931034,0.6872727272727273,1.3049309633743158,0.1807241701033122,0.7272727272727273,0.7272727272727273,0.7540152155536771,0.5052910052910053,-0.06035107697103281,0.9276146971036269,-0.030909090909090886,-0.030909090909090886
mHSC-L_Specific_500,scconcept_encoded,lr,442/500,full_candidate,0.1082376092672348,0.1245093941688537,-0.0162717849016189,25.767915725708008,25.26746368408203,-0.5004520416259766,0.698939393939394,0.7556330104555284,0.5926724137931034,0.5926724137931034,0.6872727272727273,1.2749589703686008,0.162960596662425,0.7181818181818181,0.7181818181818181,0.7243816254416962,0.544973544973545,-0.06969215272475138,0.9155579451180162,-0.050909090909090904,-0.050909090909090904
mHSC-L_Specific_500,scconcept_encoded,mlp,442/500,full_candidate,0.1082376092672348,0.1245093941688537,-0.0162717849016189,25.767915725708008,25.26746368408203,-0.5004520416259766,0.7282659932659933,0.7886753825246503,0.5926724137931034,0.5926724137931034,0.6872727272727273,1.3307104636052283,0.1960029687315468,0.7272727272727273,0.7272727272727273,0.7504159733777038,0.4682539682539682,-0.045072278342798144,0.9459401441727537,-0.030909090909090886,-0.030909090909090886
mHSC-L_Specific_500,cl_scratch_v5,lr,442/500,full_candidate,0.0192583873867988,0.0142994280904531,0.0049589592963457,1.6379899978637695,1.6600980758666992,0.0221080780029296,0.7544252044252043,0.8147753692177431,0.5926724137931034,0.5926724137931034,0.6872727272727273,1.3747482593346647,0.2221029554246396,0.74,0.74,0.7497820401046208,0.5582010582010583,-0.010549793962536747,0.9872174090489564,-0.029090909090909056,-0.029090909090909056
mHSC-L_Specific_500,cl_scratch_v5,mlp,442/500,full_candidate,0.0192583873867988,0.0142994280904531,0.0049589592963457,1.6379899978637695,1.6600980758666992,0.0221080780029296,0.802974987974988,0.8488643377334694,0.5926724137931034,0.5926724137931034,0.6872727272727273,1.4322656462121084,0.2561919239403659,0.7836363636363637,0.7836363636363637,0.7896551724137931,0.5978835978835979,0.015116676866020917,1.0181309976333766,0.025454545454545507,0.025454545454545507
mHSC-L_Specific_1000,minus,lr,898/1000,tf_stratified_1to10,0.0225923359394073,0.0184700787067413,0.004122257232666,0.8106555342674255,0.8026092648506165,-0.008046269416809,0.8248724183483138,0.8873562043198531,0.6237298266586969,0.6237298266586969,0.603258265452803,1.4226611689766309,0.2636263776611561,0.8011499760421658,0.8011499760421658,0.8084617153368591,0.5996822875297856,0.012932047468852015,1.0147892156998766,0.00622903689506471,0.00622903689506471
mHSC-L_Specific_1000,minus,mlp,898/1000,tf_stratified_1to10,0.0225923359394073,0.0184700787067413,0.004122257232666,0.8106555342674255,0.8026092648506165,-0.008046269416809,0.828124328029372,0.892292760354883,0.6237298266586969,0.6237298266586969,0.603258265452803,1.4305757432426636,0.2685629336961861,0.8021082894106373,0.8021082894106373,0.8099019149929939,0.6338363780778395,0.012294608724093714,1.0139711756227099,0.008145663632007638,0.008145663632007638
mHSC-L_Specific_1000,baseline,lr,898/1000,tf_stratified_1to10,0.0251525789499282,0.0237565673887729,0.0013960115611553,0.8876277208328247,0.8862797021865845,-0.0013480186462402,0.8124976927026225,0.874424156851001,0.6237298266586969,0.6237298266586969,0.603258265452803,1.4019277569829658,0.2506943301923041,0.794920939147101,0.794920939147101,0.8049849988460651,0.6012708498808578,0.0,1.0,0.0,0.0
mHSC-L_Specific_1000,baseline,mlp,898/1000,tf_stratified_1to10,0.0251525789499282,0.0237565673887729,0.0013960115611553,0.8876277208328247,0.8862797021865845,-0.0013480186462402,0.8182203610763404,0.8799981516307893,0.6237298266586969,0.6237298266586969,0.603258265452803,1.410864310185252,0.2562683249720924,0.7939626257786296,0.7939626257786296,0.8041618497109827,0.6036536934074662,0.0,1.0,0.0,0.0
mHSC-L_Specific_1000,scGPT_human,lr,898/1000,tf_stratified_1to10,0.0111490590497851,0.0164640881121158,-0.0053150290623307,2.2073185443878174,2.1791441440582275,-0.0281744003295898,0.8177510996055997,0.8802591072152888,0.6237298266586969,0.6237298266586969,0.603258265452803,1.411282689383017,0.2565292805565918,0.8001916626736943,0.8001916626736943,0.8017723880597015,0.6171564733915806,0.0058349503642877165,1.0066729061846835,0.005270723526593302,0.005270723526593302
mHSC-L_Specific_1000,scGPT_human,mlp,898/1000,tf_stratified_1to10,0.0111490590497851,0.0164640881121158,-0.0053150290623307,2.2073185443878174,2.1791441440582275,-0.0281744003295898,0.8372884374810897,0.8984595040796041,0.6237298266586969,0.6237298266586969,0.603258265452803,1.4404626260902518,0.2747296774209071,0.8073790129372305,0.8073790129372305,0.8152629129827826,0.6354249404289118,0.01846135244881475,1.0209788536653204,0.013416387158600829,0.013416387158600829
mHSC-L_Specific_1000,v4_bias_rec_best,lr,898/1000,tf_stratified_1to10,0.0231505576521158,0.0179585311561822,0.0051920264959335,1.610914707183838,1.6129049062728882,0.0019901990890502,0.8160946028080331,0.8742150662975856,0.6237298266586969,0.6237298266586969,0.603258265452803,1.4015925308249744,0.2504852396388887,0.7968375658840441,0.7968375658840441,0.8069444444444445,0.6108022239872914,-0.00020909055341544747,0.9997608820024273,0.001916626736943039,0.001916626736943039
mHSC-L_Specific_1000,v4_bias_rec_best,mlp,898/1000,tf_stratified_1to10,0.0231505576521158,0.0179585311561822,0.0051920264959335,1.610914707183838,1.6129049062728882,0.0019901990890502,0.8272799999086596,0.8880586418212375,0.6237298266586969,0.6237298266586969,0.603258265452803,1.4237873577066895,0.2643288151625406,0.8059415428845232,0.8059415428845232,0.8032786885245902,0.6862589356632248,0.008060490190448188,1.0091596671828353,0.011978917105893605,0.011978917105893605
mHSC-L_Specific_1000,v4_plain_best,lr,898/1000,tf_stratified_1to10,0.018225934356451,0.0177224408835172,0.0005034934729337,1.613411784172058,1.604345440864563,-0.0090663433074951,0.8207771320093791,0.8787715932548932,0.6237298266586969,0.6237298266586969,0.603258265452803,1.4088978203310363,0.2550417665961962,0.8011499760421658,0.8011499760421658,0.8112114894602733,0.6195393169181891,0.004347436403892124,1.0049717707017018,0.00622903689506471,0.00622903689506471
mHSC-L_Specific_1000,v4_plain_best,mlp,898/1000,tf_stratified_1to10,0.018225934356451,0.0177224408835172,0.0005034934729337,1.613411784172058,1.604345440864563,-0.0090663433074951,0.8179048559999056,0.8775442924174103,0.6237298266586969,0.6237298266586969,0.603258265452803,1.4069301401191447,0.2538144657587133,0.794920939147101,0.794920939147101,0.8045391384900417,0.607625099285147,-0.0024538592133790393,0.9972115177641777,0.0009583133684714085,0.0009583133684714085
mHSC-L_Specific_1000,v4_type_pe_best,lr,898/1000,tf_stratified_1to10,0.0196960605680942,0.0241645108908414,-0.0044684503227472,1.6346391439437866,1.6185188293457031,-0.0161203145980834,0.823036475659868,0.8831799351645346,0.6237298266586969,0.6237298266586969,0.603258265452803,1.4159655309346109,0.2594501085058377,0.7963584091998084,0.7963584091998084,0.8081087307072103,0.6028594122319301,0.00875577831353358,1.0100131935342056,0.0014374700527073347,0.0014374700527073347
mHSC-L_Specific_1000,v4_type_pe_best,mlp,898/1000,tf_stratified_1to10,0.0196960605680942,0.0241645108908414,-0.0044684503227472,1.6346391439437866,1.6185188293457031,-0.0161203145980834,0.8265736338991747,0.890185202663721,0.6237298266586969,0.6237298266586969,0.603258265452803,1.4271967839543895,0.2664553760050241,0.80067081935793,0.80067081935793,0.8033293697978597,0.659253375694996,0.010187051032931715,1.0115762186705204,0.006708193579300414,0.006708193579300414
mHSC-L_Specific_1000,scconcept,lr,898/1000,tf_stratified_1to10,0.0035183813888579,0.0043436950072646,-0.0008253136184066,31.102989196777344,30.95520401000977,-0.1477851867675781,0.8012999265851275,0.8642325730413686,0.6237298266586969,0.6237298266586969,0.603258265452803,1.3855880160021177,0.2405027463826716,0.7896502156205079,0.7896502156205079,0.7977813727755951,0.5917394757744241,-0.010191583809632476,0.988344805287248,-0.005270723526593191,-0.005270723526593191
mHSC-L_Specific_1000,scconcept,mlp,898/1000,tf_stratified_1to10,0.0035183813888579,0.0043436950072646,-0.0008253136184066,31.102989196777344,30.95520401000977,-0.1477851867675781,0.822950463419489,0.882420480397195,0.6237298266586969,0.6237298266586969,0.603258265452803,1.4147479288016362,0.2586906537384981,0.8059415428845232,0.8059415428845232,0.809313154831199,0.6266878474980143,0.0024223287664056903,1.0027526521071854,0.011978917105893605,0.011978917105893605
mHSC-L_Specific_1000,scconcept_encoded,lr,898/1000,tf_stratified_1to10,0.090434543788433,0.0905682444572448,-0.0001337006688117,26.80609703063965,26.226003646850582,-0.5800933837890625,0.8058366916799903,0.8704085634290306,0.6237298266586969,0.6237298266586969,0.603258265452803,1.3954897236384938,0.2466787367703337,0.7872544321993292,0.7872544321993292,0.8002764340013822,0.5893566322478158,-0.0040155934219704426,0.9954077281711526,-0.007666506947771823,-0.007666506947771823
mHSC-L_Specific_1000,scconcept_encoded,mlp,898/1000,tf_stratified_1to10,0.090434543788433,0.0905682444572448,-0.0001337006688117,26.80609703063965,26.226003646850582,-0.5800933837890625,0.781091807410221,0.8416695247730457,0.6237298266586969,0.6237298266586969,0.603258265452803,1.3494136223721183,0.2179396981143487,0.7824628653569717,0.7824628653569717,0.8030472776159534,0.5361397934868943,-0.03832862685774363,0.9564446507226021,-0.0114997604216579,-0.0114997604216579
mHSC-L_Specific_1000,cl_scratch_v5,lr,898/1000,tf_stratified_1to10,0.00994873046875,0.0148130962625145,-0.0048643657937645,1.6254724264144895,1.616854906082153,-0.0086175203323364,0.8144116553436246,0.8779696659675507,0.6237298266586969,0.6237298266586969,0.603258265452803,1.4076121237793122,0.2542398393088537,0.794920939147101,0.794920939147101,0.8036044362292052,0.6012708498808578,0.0035455091165496055,1.0040546788292284,0.0,0.0
mHSC-L_Specific_1000,cl_scratch_v5,mlp,898/1000,tf_stratified_1to10,0.00994873046875,0.0148130962625145,-0.0048643657937645,1.6254724264144895,1.616854906082153,-0.0086175203323364,0.824080230391017,0.8838911079545881,0.6237298266586969,0.6237298266586969,0.603258265452803,1.4171057245884293,0.2601612812958912,0.7997125059894585,0.7997125059894585,0.8130155820348305,0.6004765687053217,0.003892956323798824,1.004423823296202,0.005749880210828895,0.005749880210828895
mHSC-L_Specific_1000,minus,lr,898/1000,full_candidate,0.0225923359394073,0.020486980676651,0.0021053552627563,0.8106555342674255,0.7940139174461365,-0.016641616821289,0.8685709293522679,0.8909058289121408,0.5649702219815917,0.5649702219815917,0.7700047915668423,1.5769075860093187,0.325935606930549,0.8126497364638237,0.8126497364638237,0.8189635138275622,0.7174859987554449,0.009406218509865671,1.0106707007001092,0.010541447053186381,0.010541447053186381
mHSC-L_Specific_1000,minus,mlp,898/1000,full_candidate,0.0225923359394073,0.020486980676651,0.0021053552627563,0.8106555342674255,0.7940139174461365,-0.016641616821289,0.871927113321003,0.8955783420026769,0.5649702219815917,0.5649702219815917,0.7700047915668423,1.5851779565682265,0.3306081200210852,0.8102539530426449,0.8102539530426449,0.8037064130699829,0.7722464219041693,0.01337933226611443,1.01516588900968,0.006708193579300414,0.006708193579300414
mHSC-L_Specific_1000,baseline,lr,898/1000,full_candidate,0.0251525789499282,0.0373392105102539,-0.0121866315603256,0.8876277208328247,0.8682085275650024,-0.0194191932678222,0.8576189043562112,0.8814996104022751,0.5649702219815917,0.5649702219815917,0.7700047915668423,1.5602585341763318,0.3165293884206833,0.8021082894106373,0.8021082894106373,0.8048949434310783,0.6882389545737398,0.0,1.0,0.0,0.0
mHSC-L_Specific_1000,baseline,mlp,898/1000,full_candidate,0.0251525789499282,0.0373392105102539,-0.0121866315603256,0.8876277208328247,0.8682085275650024,-0.0194191932678222,0.8596870006610395,0.8821990097365625,0.5649702219815917,0.5649702219815917,0.7700047915668423,1.5614964743492392,0.3172287877549707,0.8035457594633445,0.8035457594633445,0.8094905792044662,0.7062850031113876,0.0,1.0,0.0,0.0
mHSC-L_Specific_1000,scGPT_human,lr,898/1000,full_candidate,0.0111490590497851,0.0203610993921756,-0.0092120403423905,2.2073185443878174,2.1795318126678467,-0.0277867317199707,0.8546902939314671,0.8752519442492585,0.5649702219815917,0.5649702219815917,0.7700047915668423,1.5492001351493823,0.3102817222676667,0.7997125059894585,0.7997125059894585,0.8040366111241493,0.7131300560049783,-0.00624766615301664,0.9929124572724819,-0.002395783421178743,-0.002395783421178743
mHSC-L_Specific_1000,scGPT_human,mlp,898/1000,full_candidate,0.0111490590497851,0.0203610993921756,-0.0092120403423905,2.2073185443878174,2.1795318126678467,-0.0277867317199707,0.8649256710802553,0.8898094492164668,0.5649702219815917,0.5649702219815917,0.7700047915668423,1.5749669886945992,0.324839227234875,0.8088164829899377,0.8088164829899377,0.8166819431714024,0.6919726197884256,0.007610439479904252,1.0086266697150077,0.005270723526593191,0.005270723526593191
mHSC-L_Specific_1000,v4_bias_rec_best,lr,898/1000,full_candidate,0.0231505576521158,0.0391498170793056,-0.0159992594271898,1.610914707183838,1.5696420669555664,-0.0412726402282714,0.8555075736274786,0.8792376891364789,0.5649702219815917,0.5649702219815917,0.7700047915668423,1.5562549226977256,0.3142674671548872,0.7944417824628653,0.7944417824628653,0.8083526682134571,0.7006845052893591,-0.002261921265796163,0.9974340076398174,-0.007666506947771934,-0.007666506947771934
mHSC-L_Specific_1000,v4_bias_rec_best,mlp,898/1000,full_candidate,0.0231505576521158,0.0391498170793056,-0.0159992594271898,1.610914707183838,1.5696420669555664,-0.0412726402282714,0.8610684150468916,0.8854220186536401,0.5649702219815917,0.5649702219815917,0.7700047915668423,1.5672012155757291,0.3204517966720484,0.80067081935793,0.80067081935793,0.8071411792342025,0.7187305538270068,0.0032230089170776077,1.0036533807922092,-0.0028749401054144474,-0.0028749401054144474
mHSC-L_Specific_1000,v4_plain_best,lr,898/1000,full_candidate,0.018225934356451,0.0264943372458219,-0.0082684028893709,1.613411784172058,1.5817627906799316,-0.0316489934921264,0.8607678612586466,0.8803963792802809,0.5649702219815917,0.5649702219815917,0.7700047915668423,1.5583058098041964,0.3154261572986891,0.8059415428845232,0.8059415428845232,0.8130344349433788,0.7006845052893591,-0.0011032311219941748,0.9987484610214511,0.003833253473885967,0.003833253473885967
mHSC-L_Specific_1000,v4_plain_best,mlp,898/1000,full_candidate,0.018225934356451,0.0264943372458219,-0.0082684028893709,1.613411784172058,1.5817627906799316,-0.0316489934921264,0.8600216947357467,0.8869709478125437,0.5649702219815917,0.5649702219815917,0.7700047915668423,1.5699428276087861,0.3220007258309519,0.7920459990416866,0.7920459990416866,0.8060801473975127,0.685749844430616,0.004771938075981197,1.0054091401410732,-0.0114997604216579,-0.0114997604216579
mHSC-L_Specific_1000,v4_type_pe_best,lr,898/1000,full_candidate,0.0196960605680942,0.0312280431389808,-0.0115319825708866,1.6346391439437866,1.5986993312835691,-0.0359398126602172,0.8627781128859754,0.8830498430379476,0.5649702219815917,0.5649702219815917,0.7700047915668423,1.5630024533695155,0.3180796210563559,0.8040249161475802,0.8040249161475802,0.8111469368954399,0.6925948973242066,0.0015502326356725549,1.0017586311070121,0.001916626736942928,0.001916626736942928
mHSC-L_Specific_1000,v4_type_pe_best,mlp,898/1000,full_candidate,0.0196960605680942,0.0312280431389808,-0.0115319825708866,1.6346391439437866,1.5986993312835691,-0.0359398126602172,0.8589114645467288,0.8844469635953459,0.5649702219815917,0.5649702219815917,0.7700047915668423,1.565475363450507,0.3194767416137541,0.8035457594633445,0.8035457594633445,0.8152346406710497,0.672682016179216,0.0022479538587834025,1.0025481255748119,0.0,0.0
mHSC-L_Specific_1000,scconcept,lr,898/1000,full_candidate,0.0035183813888579,0.0031618440989404,0.0003565372899174,31.102989196777344,31.18894386291504,0.0859546661376953,0.8407747728031023,0.8602537217326713,0.5649702219815917,0.5649702219815917,0.7700047915668423,1.5226532094300373,0.2952834997510796,0.7867752755150934,0.7867752755150934,0.8002790048825854,0.6932171748599876,-0.021245888669603752,0.9758980169487447,-0.015333013895543868,-0.015333013895543868
mHSC-L_Specific_1000,scconcept,mlp,898/1000,full_candidate,0.0035183813888579,0.0031618440989404,0.0003565372899174,31.102989196777344,31.18894386291504,0.0859546661376953,0.8445263281242312,0.8665878732521356,0.5649702219815917,0.5649702219815917,0.7700047915668423,1.5338646879699995,0.3016176512705438,0.7886919022520364,0.7886919022520364,0.8043334070307319,0.6160547604231488,-0.015611136484426913,0.9823042915349807,-0.014853857211308052,-0.014853857211308052
mHSC-L_Specific_1000,scconcept_encoded,lr,898/1000,full_candidate,0.090434543788433,0.0824531614780426,0.0079813823103904,26.80609703063965,26.47664451599121,-0.3294525146484375,0.8447931888786748,0.8639062774067087,0.5649702219815917,0.5649702219815917,0.7700047915668423,1.5291182504745482,0.2989360554251169,0.7886919022520364,0.7886919022520364,0.7997231195200738,0.6801493466085874,-0.017593332995566424,0.9800415873269216,-0.013416387158600829,-0.013416387158600829
mHSC-L_Specific_1000,scconcept_encoded,mlp,898/1000,full_candidate,0.090434543788433,0.0824531614780426,0.0079813823103904,26.80609703063965,26.47664451599121,-0.3294525146484375,0.8373963752855336,0.8587485862063442,0.5649702219815917,0.5649702219815917,0.7700047915668423,1.5199891123364808,0.2937783642247524,0.785816962146622,0.785816962146622,0.7968533086534012,0.6807716241443684,-0.02345042353021831,0.9734182159904928,-0.0177287973167225,-0.0177287973167225
mHSC-L_Specific_1000,cl_scratch_v5,lr,898/1000,full_candidate,0.00994873046875,0.0230826735496521,-0.0131339430809021,1.6254724264144895,1.5944442749023438,-0.0310281515121459,0.857831498454444,0.881271042790492,0.5649702219815917,0.5649702219815917,0.7700047915668423,1.5598539684082786,0.3163008208089002,0.7997125059894585,0.7997125059894585,0.8099211868335652,0.70130678282514,-0.000228567611783137,0.9997407059412325,-0.002395783421178743,-0.002395783421178743
mHSC-L_Specific_1000,cl_scratch_v5,mlp,898/1000,full_candidate,0.00994873046875,0.0230826735496521,-0.0131339430809021,1.6254724264144895,1.5944442749023438,-0.0310281515121459,0.8616397057793094,0.8848203125929665,0.5649702219815917,0.5649702219815917,0.7700047915668423,1.566136192965222,0.3198500906113747,0.8040249161475802,0.8040249161475802,0.809313154831199,0.7075295581829496,0.00262130285640394,1.0029713282688753,0.00047915668423570423,0.00047915668423570423
mHSC-L_Non-Specific_500,minus,lr,442/500,tf_stratified_1to10,0.1387982666492462,0.0098223583772778,0.1289759082719683,0.7873892784118652,0.841248095035553,0.0538588166236877,0.6820888468809073,0.2869861023470709,0.0909090909090909,0.0909090909090909,10.0,3.15684712581778,0.19607701143798,0.2826086956521739,0.2826086956521739,0.282051282051282,0.9543478260869566,0.004666629987993776,1.0165296072176642,-0.04347826086956519,-0.04347826086956519
mHSC-L_Non-Specific_500,minus,mlp,442/500,tf_stratified_1to10,0.1387982666492462,0.0098223583772778,0.1289759082719683,0.7873892784118652,0.841248095035553,0.0538588166236877,0.6839319470699432,0.2899389848339092,0.0909090909090909,0.0909090909090909,10.0,3.1893288331730014,0.1990298939248183,0.217391304347826,0.217391304347826,0.2222222222222222,0.9956521739130436,0.026103777129599492,1.0989397031455141,0.0,0.0
mHSC-L_Non-Specific_500,baseline,lr,442/500,tf_stratified_1to10,0.1233516037464141,0.0088092014193534,0.1145424023270607,0.8800994753837585,0.924936056137085,0.0448365807533264,0.6897448015122873,0.2823194723590771,0.0909090909090909,0.0909090909090909,10.0,3.1055141959498487,0.1914103814499862,0.3260869565217391,0.3260869565217391,0.3368421052631579,0.9282608695652174,0.0,1.0,0.0,0.0
mHSC-L_Non-Specific_500,baseline,mlp,442/500,tf_stratified_1to10,0.1233516037464141,0.0088092014193534,0.1145424023270607,0.8800994753837585,0.924936056137085,0.0448365807533264,0.695179584120983,0.2638352077043097,0.0909090909090909,0.0909090909090909,10.0,2.902187284747407,0.1729261167952188,0.217391304347826,0.217391304347826,0.1886792452830188,0.9956521739130436,0.0,1.0,0.0,0.0
mHSC-L_Non-Specific_500,scGPT_human,lr,442/500,tf_stratified_1to10,0.1257637739181518,0.0143730761483311,0.1113906977698206,2.053351163864136,2.166055202484131,0.1127040386199951,0.7630434782608696,0.4573154134589912,0.0909090909090909,0.0909090909090909,10.0,5.030469548048903,0.3664063225499002,0.3695652173913043,0.3695652173913043,0.4266666666666667,0.9717391304347828,0.17499594109991407,1.619850765650836,0.043478260869565244,0.043478260869565244
mHSC-L_Non-Specific_500,scGPT_human,mlp,442/500,tf_stratified_1to10,0.1257637739181518,0.0143730761483311,0.1113906977698206,2.053351163864136,2.166055202484131,0.1127040386199951,0.6717391304347826,0.355362728178653,0.0909090909090909,0.0909090909090909,10.0,3.9089900099651835,0.264453637269562,0.391304347826087,0.391304347826087,0.2307692307692307,1.0,0.09152752047434332,1.3469117001887092,0.17391304347826098,0.17391304347826098
mHSC-L_Non-Specific_500,v4_bias_rec_best,lr,442/500,tf_stratified_1to10,0.1439696848392486,0.002724984427914,0.1412447004113346,1.563238501548767,1.6706691980361938,0.1074306964874267,0.7160207939508506,0.2967102176481844,0.0909090909090909,0.0909090909090909,10.0,3.2638123941300288,0.2058011267390935,0.3043478260869565,0.3043478260869565,0.3076923076923077,0.908695652173913,0.014390745289107276,1.0509732650350236,-0.021739130434782594,-0.021739130434782594
mHSC-L_Non-Specific_500,v4_bias_rec_best,mlp,442/500,tf_stratified_1to10,0.1439696848392486,0.002724984427914,0.1412447004113346,1.563238501548767,1.6706691980361938,0.1074306964874267,0.683601134215501,0.2731885932883187,0.0909090909090909,0.0909090909090909,10.0,3.005074526171506,0.1822795023792277,0.2608695652173913,0.2608695652173913,0.1886792452830188,0.9956521739130436,0.009353385584009,1.0354516202192836,0.0434782608695653,0.0434782608695653
mHSC-L_Non-Specific_500,v4_plain_best,lr,442/500,tf_stratified_1to10,0.1512100845575332,0.0073908097110688,0.1438192748464644,1.5273480415344238,1.6461044549942017,0.1187564134597778,0.7142722117202268,0.3901453072472181,0.0909090909090909,0.0909090909090909,10.0,4.2915983797193995,0.2992362163381271,0.391304347826087,0.391304347826087,0.3870967741935484,0.9369565217391304,0.10782583488814096,1.3819284372669811,0.0652173913043479,0.0652173913043479
mHSC-L_Non-Specific_500,v4_plain_best,mlp,442/500,tf_stratified_1to10,0.1512100845575332,0.0073908097110688,0.1438192748464644,1.5273480415344238,1.6461044549942017,0.1187564134597778,0.7294896030245747,0.330243133334005,0.0909090909090909,0.0909090909090909,10.0,3.6326744666740556,0.2393340424249141,0.3043478260869565,0.3043478260869565,0.1923076923076923,0.9978260869565218,0.06640792562969533,1.2517022887412406,0.08695652173913049,0.08695652173913049
mHSC-L_Non-Specific_500,v4_type_pe_best,lr,442/500,tf_stratified_1to10,0.1450305432081222,0.010710903443396,0.1343196397647261,1.54478657245636,1.6493405103683472,0.1045539379119873,0.7539224952741022,0.4093878292343437,0.0909090909090909,0.0909090909090909,10.0,4.503266121577782,0.3184787383252527,0.391304347826087,0.391304347826087,0.4,0.9434782608695652,0.12706835687526657,1.45008711518719,0.0652173913043479,0.0652173913043479
mHSC-L_Non-Specific_500,v4_type_pe_best,mlp,442/500,tf_stratified_1to10,0.1450305432081222,0.010710903443396,0.1343196397647261,1.54478657245636,1.6493405103683472,0.1045539379119873,0.7654064272211721,0.3937413690660307,0.0909090909090909,0.0909090909090909,10.0,4.331155059726338,0.3028322781569398,0.4347826086956521,0.4347826086956521,0.34375,0.9847826086956522,0.129906161361721,1.4923761407435503,0.2173913043478261,0.2173913043478261
mHSC-L_Non-Specific_500,scconcept,lr,442/500,tf_stratified_1to10,0.0410822071135044,0.0057891085743904,0.035293098539114,30.39439582824707,30.696231842041016,0.3018360137939453,0.6122873345935728,0.189983542010689,0.0909090909090909,0.0909090909090909,10.0,2.0898189621175796,0.0990744511015981,0.2391304347826087,0.2391304347826087,0.2558139534883721,0.9369565217391304,-0.0923359303483881,0.6729381449433015,-0.08695652173913038,-0.08695652173913038
mHSC-L_Non-Specific_500,scconcept,mlp,442/500,tf_stratified_1to10,0.0410822071135044,0.0057891085743904,0.035293098539114,30.39439582824707,30.696231842041016,0.3018360137939453,0.5664933837429111,0.1252173779088093,0.0909090909090909,0.0909090909090909,10.0,1.3773911569969024,0.0343082869997183,0.1304347826086956,0.1304347826086956,0.0,1.0,-0.13861782979550039,0.4746045040703788,-0.0869565217391304,-0.0869565217391304
mHSC-L_Non-Specific_500,scconcept_encoded,lr,442/500,tf_stratified_1to10,0.2052879780530929,0.1055921465158462,0.0996958315372467,24.04754447937012,25.76163101196289,1.7140865325927734,0.651937618147448,0.1941573333669945,0.0909090909090909,0.0909090909090909,10.0,2.13573066703694,0.1032482424579036,0.217391304347826,0.217391304347826,0.1927710843373494,0.9369565217391304,-0.08816213899208261,0.6877220750825478,-0.10869565217391308,-0.10869565217391308
mHSC-L_Non-Specific_500,scconcept_encoded,mlp,442/500,tf_stratified_1to10,0.2052879780530929,0.1055921465158462,0.0996958315372467,24.04754447937012,25.76163101196289,1.7140865325927734,0.5255671077504727,0.1186481417039677,0.0909090909090909,0.0909090909090909,10.0,1.305129558743645,0.0277390507948767,0.0869565217391304,0.0869565217391304,0.0416666666666666,0.9978260869565218,-0.14518706600034198,0.44970549130403115,-0.1304347826086956,-0.1304347826086956
mHSC-L_Non-Specific_500,cl_scratch_v5,lr,442/500,tf_stratified_1to10,0.1454437971115112,0.0105160595849156,0.1349277375265956,1.5399945974349976,1.64585542678833,0.1058608293533325,0.6992911153119091,0.3453521267594635,0.0909090909090909,0.0909090909090909,10.0,3.7988733943540987,0.2544430358503726,0.4130434782608695,0.4130434782608695,0.4186046511627907,0.9521739130434784,0.06303265440038636,1.2232671160571462,0.08695652173913043,0.08695652173913043
mHSC-L_Non-Specific_500,cl_scratch_v5,mlp,442/500,tf_stratified_1to10,0.1454437971115112,0.0105160595849156,0.1349277375265956,1.5399945974349976,1.64585542678833,0.1058608293533325,0.762476370510397,0.3503633345205037,0.0909090909090909,0.0909090909090909,10.0,3.8539966797255416,0.2594542436114128,0.3695652173913043,0.3695652173913043,0.2333333333333333,0.9847826086956522,0.08652812681619404,1.3279627748286327,0.15217391304347833,0.15217391304347833
mHSC-L_Non-Specific_500,minus,lr,442/500,full_candidate,0.1387982666492462,0.0105169638991355,0.1282813027501106,0.7873892784118652,0.8301889896392822,0.0427997112274169,0.7951083948894396,0.1217756236985624,0.0248246087425796,0.0248246087425796,39.28260869565217,4.905439798118177,0.0969510149559828,0.1304347826086956,0.1304347826086956,0.1558441558441558,0.9861649142224682,-0.029680141154446893,0.8040342592224731,-0.0869565217391304,-0.0869565217391304
mHSC-L_Non-Specific_500,minus,mlp,442/500,full_candidate,0.1387982666492462,0.0105169638991355,0.1282813027501106,0.7873892784118652,0.8301889896392822,0.0427997112274169,0.8632131084430115,0.2135967391931741,0.0248246087425796,0.0248246087425796,39.28260869565217,8.604233863585904,0.1887721304505945,0.1956521739130435,0.1956521739130435,0.12,0.9994465965688988,0.08759098708236349,1.6951348300777187,0.021739130434782677,0.021739130434782677
mHSC-L_Non-Specific_500,baseline,lr,442/500,full_candidate,0.1233516037464141,0.023390619084239,0.0999609846621751,0.8800994753837585,0.9004641771316528,0.0203647017478942,0.7853516517889368,0.1514557648530093,0.0248246087425796,0.0248246087425796,39.28260869565217,6.101033310274484,0.1266311561104297,0.217391304347826,0.217391304347826,0.2022471910112359,0.9811842833425568,0.0,1.0,0.0,0.0
mHSC-L_Non-Specific_500,baseline,mlp,442/500,full_candidate,0.1233516037464141,0.023390619084239,0.0999609846621751,0.8800994753837585,0.9004641771316528,0.0203647017478942,0.7890209571473257,0.1260057521108106,0.0248246087425796,0.0248246087425796,39.28260869565217,5.075840405681132,0.101181143368231,0.1739130434782608,0.1739130434782608,0.0416666666666666,0.9994465965688988,0.0,1.0,0.0,0.0
mHSC-L_Non-Specific_500,scGPT_human,lr,442/500,full_candidate,0.1257637739181518,0.013469117693603,0.1122946562245488,2.053351163864136,2.1910433769226074,0.1376922130584716,0.8473929886191381,0.3155606462563513,0.0248246087425796,0.0248246087425796,39.28260869565217,12.711606032891716,0.2907360375137717,0.3043478260869565,0.3043478260869565,0.2933333333333333,0.9900387382401772,0.16410488140334198,2.0835169038471983,0.08695652173913049,0.08695652173913049
mHSC-L_Non-Specific_500,scGPT_human,mlp,442/500,full_candidate,0.1257637739181518,0.013469117693603,0.1122946562245488,2.053351163864136,2.1910433769226074,0.1376922130584716,0.8493780226654797,0.3181447544811969,0.0248246087425796,0.0248246087425796,39.28260869565217,12.815700653340388,0.2933201457386173,0.2608695652173913,0.2608695652173913,0.2264150943396226,0.9994465965688988,0.19213900237038628,2.524843105586303,0.08695652173913049,0.08695652173913049
mHSC-L_Non-Specific_500,v4_bias_rec_best,lr,442/500,full_candidate,0.1439696848392486,0.0236210580915212,0.1203486267477274,1.563238501548767,1.6154651641845703,0.0522266626358032,0.8313683501359447,0.2678121994962045,0.0248246087425796,0.0248246087425796,39.28260869565217,10.788174036227542,0.2429875907536249,0.3260869565217391,0.3260869565217391,0.3111111111111111,0.9833978970669618,0.1163564346431952,1.7682535871521385,0.10869565217391308,0.10869565217391308
mHSC-L_Non-Specific_500,v4_bias_rec_best,mlp,442/500,full_candidate,0.1439696848392486,0.0236210580915212,0.1203486267477274,1.563238501548767,1.6154651641845703,0.0522266626358032,0.8532157551550733,0.252800238875658,0.0248246087425796,0.0248246087425796,39.28260869565217,10.183453100795528,0.2279756301330784,0.2608695652173913,0.2608695652173913,0.1818181818181818,0.9977863862755948,0.1267944867648474,2.006259513084317,0.08695652173913049,0.08695652173913049
mHSC-L_Non-Specific_500,v4_plain_best,lr,442/500,full_candidate,0.1512100845575332,0.0212185755372047,0.1299915090203285,1.5273480415344238,1.624080777168274,0.0967327356338501,0.811698467313106,0.2811312223840141,0.0248246087425796,0.0248246087425796,39.28260869565217,11.324699023425612,0.2563066136414346,0.3478260869565217,0.3478260869565217,0.325,0.9883785279468732,0.12967545753100482,1.85619360647551,0.13043478260869568,0.13043478260869568
mHSC-L_Non-Specific_500,v4_plain_best,mlp,442/500,full_candidate,0.1512100845575332,0.0212185755372047,0.1299915090203285,1.5273480415344238,1.624080777168274,0.0967327356338501,0.8866004186617262,0.2723944700520081,0.0248246087425796,0.0248246087425796,39.28260869565217,10.972759847964587,0.2475698613094285,0.3043478260869565,0.3043478260869565,0.1568627450980392,0.9994465965688988,0.1463887179411975,2.1617621853680293,0.13043478260869568,0.13043478260869568
mHSC-L_Non-Specific_500,v4_type_pe_best,lr,442/500,full_candidate,0.1450305432081222,0.0256024412810802,0.119428101927042,1.54478657245636,1.627115249633789,0.0823286771774292,0.8339067876133875,0.2838255087027292,0.0248246087425796,0.0248246087425796,39.28260869565217,11.433231904916461,0.2590008999601496,0.2826086956521739,0.2826086956521739,0.2921348314606741,0.9833978970669618,0.13236974384971992,1.8739828687154116,0.0652173913043479,0.0652173913043479
mHSC-L_Non-Specific_500,v4_type_pe_best,mlp,442/500,full_candidate,0.1450305432081222,0.0256024412810802,0.119428101927042,1.54478657245636,1.627115249633789,0.0823286771774292,0.8333413536729146,0.2472256661443024,0.0248246087425796,0.0248246087425796,39.28260869565217,9.958894768812877,0.2224010574017228,0.3260869565217391,0.3260869565217391,0.12,0.9994465965688988,0.12121991403349178,1.962018892017643,0.15217391304347827,0.15217391304347827
mHSC-L_Non-Specific_500,scconcept,lr,442/500,full_candidate,0.0410822071135044,0.0048401542007923,0.0362420529127121,30.39439582824707,31.032127380371094,0.6377315521240234,0.7417290248069103,0.0969350043491869,0.0248246087425796,0.0248246087425796,39.28260869565217,3.904794849109638,0.0721103956066073,0.1956521739130435,0.1956521739130435,0.1647058823529411,0.9822910902047592,-0.05452076050382239,0.6400218865439964,-0.02173913043478251,-0.02173913043478251
mHSC-L_Non-Specific_500,scconcept,mlp,442/500,full_candidate,0.0410822071135044,0.0048401542007923,0.0362420529127121,30.39439582824707,31.032127380371094,0.6377315521240234,0.7493202762204952,0.0796255799236153,0.0248246087425796,0.0248246087425796,39.28260869565217,3.2075260782273727,0.0548009711810357,0.1304347826086956,0.1304347826086956,0.0,1.0,-0.04638017218719531,0.6319201987984789,-0.043478260869565216,-0.043478260869565216
mHSC-L_Non-Specific_500,scconcept_encoded,lr,442/500,full_candidate,0.2052879780530929,0.1049280166625976,0.1003599613904953,24.04754447937012,26.200279235839844,2.1527347564697266,0.7511248526262602,0.1037028924504219,0.0248246087425796,0.0248246087425796,39.28260869565217,4.177423037187648,0.0788782837078423,0.1739130434782608,0.1739130434782608,0.1686746987951807,0.9833978970669618,-0.047752872402587396,0.6847074626117239,-0.04347826086956519,-0.04347826086956519
mHSC-L_Non-Specific_500,scconcept_encoded,mlp,442/500,full_candidate,0.2052879780530929,0.1049280166625976,0.1003599613904953,24.04754447937012,26.200279235839844,2.1527347564697266,0.7157912466013812,0.0738237270043307,0.0248246087425796,0.0248246087425796,39.28260869565217,2.9738123073701037,0.0489991182617511,0.0434782608695652,0.0434782608695652,0.0,1.0,-0.052182025106479915,0.5858758490597273,-0.13043478260869562,-0.13043478260869562
mHSC-L_Non-Specific_500,cl_scratch_v5,lr,442/500,full_candidate,0.1454437971115112,0.0237579401582479,0.1216858569532632,1.5399945974349976,1.6310696601867676,0.09107506275177,0.7858689636919227,0.277888941861421,0.0248246087425796,0.0248246087425796,39.28260869565217,11.194091505852459,0.2530643331188414,0.3695652173913043,0.3695652173913043,0.3655913978494624,0.9833978970669618,0.1264331770084117,1.8347861643372736,0.15217391304347833,0.15217391304347833
mHSC-L_Non-Specific_500,cl_scratch_v5,mlp,442/500,full_candidate,0.1454437971115112,0.0237579401582479,0.1216858569532632,1.5399945974349976,1.6310696601867676,0.09107506275177,0.8422679916267655,0.2307857103390343,0.0248246087425796,0.0248246087425796,39.28260869565217,9.296650462135448,0.2059611015964547,0.2826086956521739,0.2826086956521739,0.08,0.9988931931377976,0.1047799582282237,1.8315490084617665,0.10869565217391308,0.10869565217391308
mHSC-L_Non-Specific_1000,minus,lr,898/1000,tf_stratified_1to10,0.0900762230157852,0.0136202592402696,0.0764559637755155,0.7899052500724792,0.8208333253860474,0.0309280753135681,0.7245078392078274,0.2570902615464269,0.0927272727272727,0.0927272727272727,9.784313725490197,2.772542036284997,0.1643629888191542,0.3071895424836601,0.3071895424836601,0.2702702702702703,0.9525718102872412,-0.017089066787575102,0.9376719357676834,-0.01307189542483661,-0.01307189542483661
mHSC-L_Non-Specific_1000,minus,mlp,898/1000,tf_stratified_1to10,0.0900762230157852,0.0136202592402696,0.0764559637755155,0.7899052500724792,0.8208333253860474,0.0309280753135681,0.7385708235643399,0.3607752959115183,0.0927272727272727,0.0927272727272727,9.784313725490197,3.890713975516375,0.2680480231842456,0.3594771241830065,0.3594771241830065,0.3092783505154639,0.9926519706078824,0.08423858156639102,1.3046198829905038,0.052287581699346386,0.052287581699346386
mHSC-L_Non-Specific_1000,baseline,lr,898/1000,tf_stratified_1to10,0.0836746171116828,0.0182967409491539,0.0653778761625289,0.8666595220565796,0.8918383717536926,0.025178849697113,0.7284721949345313,0.274179328334002,0.0927272727272727,0.0927272727272727,9.784313725490197,2.9568358937980617,0.1814520556067293,0.3202614379084967,0.3202614379084967,0.2635658914728682,0.9525718102872412,0.0,1.0,0.0,0.0
mHSC-L_Non-Specific_1000,baseline,mlp,898/1000,tf_stratified_1to10,0.0836746171116828,0.0182967409491539,0.0653778761625289,0.8666595220565796,0.8918383717536926,0.025178849697113,0.7174130395867988,0.2765367143451273,0.0927272727272727,0.0927272727272727,9.784313725490197,2.9822586841141185,0.1838094416178545,0.3071895424836601,0.3071895424836601,0.1363636363636363,0.9926519706078824,0.0,1.0,0.0,0.0
mHSC-L_Non-Specific_1000,scGPT_human,lr,898/1000,tf_stratified_1to10,0.0770670771598815,0.0133314728736877,0.0637356042861938,2.117140054702759,2.190557718276977,0.0734176635742187,0.7012194323287098,0.2380541629723342,0.0927272727272727,0.0927272727272727,9.784313725490197,2.5672507771526245,0.1453268902450615,0.2875816993464052,0.2875816993464052,0.3064066852367688,0.8991315965263861,-0.036125165361667794,0.8682425637951066,-0.0326797385620915,-0.0326797385620915
mHSC-L_Non-Specific_1000,scGPT_human,mlp,898/1000,tf_stratified_1to10,0.0770670771598815,0.0133314728736877,0.0637356042861938,2.117140054702759,2.190557718276977,0.0734176635742187,0.7839120506808824,0.4415520778325434,0.0927272727272727,0.0927272727272727,9.784313725490197,4.761836133488215,0.3488248051052707,0.4183006535947712,0.4183006535947712,0.3689320388349514,0.9899799599198396,0.16501536348741613,1.5967213571557495,0.1111111111111111,0.1111111111111111
mHSC-L_Non-Specific_1000,v4_bias_rec_best,lr,898/1000,tf_stratified_1to10,0.087150365114212,0.0133596658706665,0.0737906992435455,1.5532302856445312,1.606823205947876,0.0535929203033447,0.7217485079090644,0.2560706491840128,0.0927272727272727,0.0927272727272727,9.784313725490197,2.7615462166903346,0.1633433764567401,0.2810457516339869,0.2810457516339869,0.2651515151515151,0.9492317969271876,-0.018108679149989204,0.9339531566437808,-0.03921568627450983,-0.03921568627450983
mHSC-L_Non-Specific_1000,v4_bias_rec_best,mlp,898/1000,tf_stratified_1to10,0.087150365114212,0.0133596658706665,0.0737906992435455,1.5532302856445312,1.606823205947876,0.0535929203033447,0.7375535384494479,0.3463490268872546,0.0927272727272727,0.0927272727272727,9.784313725490197,3.7351365644703938,0.2536217541599819,0.3529411764705882,0.3529411764705882,0.2580645161290322,0.9939879759519038,0.06981231254212733,1.2524522384214023,0.04575163398692811,0.04575163398692811
mHSC-L_Non-Specific_1000,v4_plain_best,lr,898/1000,tf_stratified_1to10,0.0875632315874099,0.0140485391020774,0.0735146924853324,1.5520920753479004,1.611802101135254,0.0597100257873535,0.7035683567570872,0.256375479754672,0.0927272727272727,0.0927272727272727,9.784313725490197,2.764833605197444,0.1636482070273993,0.3137254901960784,0.3137254901960784,0.3032490974729241,0.9452237808951236,-0.017803848579329984,0.9350649493252768,-0.006535947712418277,-0.006535947712418277
mHSC-L_Non-Specific_1000,v4_plain_best,mlp,898/1000,tf_stratified_1to10,0.0875632315874099,0.0140485391020774,0.0735146924853324,1.5520920753479004,1.611802101135254,0.0597100257873535,0.6974515479761265,0.2808655887325048,0.0927272727272727,0.0927272727272727,9.784313725490197,3.0289426235858365,0.1881383160052321,0.2941176470588235,0.2941176470588235,0.160919540229885,0.9953239812959253,0.0043288743873775015,1.0156538866733438,-0.01307189542483661,-0.01307189542483661
mHSC-L_Non-Specific_1000,v4_type_pe_best,lr,898/1000,tf_stratified_1to10,0.0869600251317024,0.015497007407248,0.0714630177244544,1.557922601699829,1.616763472557068,0.0588408708572387,0.7353661571509031,0.2929232037898501,0.0927272727272727,0.0927272727272727,9.784313725490197,3.1589757271454433,0.2001959310625774,0.3137254901960784,0.3137254901960784,0.308300395256917,0.959251837007348,0.018743875455848102,1.0683635617963676,-0.006535947712418277,-0.006535947712418277
mHSC-L_Non-Specific_1000,v4_type_pe_best,mlp,898/1000,tf_stratified_1to10,0.0869600251317024,0.015497007407248,0.0714630177244544,1.557922601699829,1.616763472557068,0.0588408708572387,0.761191227771447,0.3460516663871818,0.0927272727272727,0.0927272727272727,9.784313725490197,3.7319297355480403,0.2533243936599091,0.3464052287581699,0.3464052287581699,0.2926829268292683,0.9853039412157648,0.06951495204205455,1.25137693635608,0.03921568627450983,0.03921568627450983
mHSC-L_Non-Specific_1000,scconcept,lr,898/1000,tf_stratified_1to10,0.0184933934360742,0.0043954961001873,0.0140978973358869,30.979923248291016,31.09638023376465,0.1164569854736328,0.6642085914748888,0.1744329100745675,0.0927272727272727,0.0927272727272727,9.784313725490197,1.8811392262943558,0.0817056373472948,0.2091503267973856,0.2091503267973856,0.2210242587601078,0.8817635270541082,-0.0997464182594345,0.6362000780090736,-0.1111111111111111,-0.1111111111111111
mHSC-L_Non-Specific_1000,scconcept,mlp,898/1000,tf_stratified_1to10,0.0184933934360742,0.0043954961001873,0.0140978973358869,30.979923248291016,31.09638023376465,0.1164569854736328,0.6429154605507311,0.2318462638039884,0.0927272727272727,0.0927272727272727,9.784313725490197,2.5003028449449736,0.1391189910767157,0.2483660130718954,0.2483660130718954,0.108433734939759,0.9973279893119572,-0.044690450541138876,0.8383923427781684,-0.05882352941176469,-0.05882352941176469
mHSC-L_Non-Specific_1000,scconcept_encoded,lr,898/1000,tf_stratified_1to10,0.1442344933748245,0.0990762859582901,0.0451582074165344,25.817235946655277,26.70580291748047,0.8885669708251953,0.6771102117088207,0.1737134036023624,0.0927272727272727,0.0927272727272727,9.784313725490197,1.8733798427705755,0.0809861308750897,0.2156862745098039,0.2156862745098039,0.2236024844720497,0.9111556446225784,-0.1004659247316396,0.6335758594854635,-0.1045751633986928,-0.1045751633986928
mHSC-L_Non-Specific_1000,scconcept_encoded,mlp,898/1000,tf_stratified_1to10,0.1442344933748245,0.0990762859582901,0.0451582074165344,25.817235946655277,26.70580291748047,0.8885669708251953,0.7121083124855375,0.2281694101547973,0.0927272727272727,0.0927272727272727,9.784313725490197,2.4606505016693836,0.1354421374275246,0.2352941176470588,0.2352941176470588,0.1818181818181818,0.9819639278557114,-0.048367304190329974,0.8250962650479534,-0.0718954248366013,-0.0718954248366013
mHSC-L_Non-Specific_1000,cl_scratch_v5,lr,898/1000,tf_stratified_1to10,0.0888311341404914,0.010892772115767,0.0779383620247244,1.5480777025222778,1.6176263093948364,0.0695486068725586,0.7120035277526732,0.230299238071872,0.0927272727272727,0.0927272727272727,9.784313725490197,2.4836192341084242,0.1375719653445993,0.2679738562091503,0.2679738562091503,0.25,0.9525718102872412,-0.043880090262129995,0.8399584296571192,-0.052287581699346386,-0.052287581699346386
mHSC-L_Non-Specific_1000,cl_scratch_v5,mlp,898/1000,tf_stratified_1to10,0.0888311341404914,0.010892772115767,0.0779383620247244,1.5480777025222778,1.6176263093948364,0.0695486068725586,0.7762976934260678,0.3779760399144306,0.0927272727272727,0.0927272727272727,9.784313725490197,4.076212195155625,0.2852487671871578,0.3660130718954248,0.3660130718954248,0.267379679144385,0.9939879759519038,0.1014393255693033,1.3668204629158338,0.05882352941176472,0.05882352941176472
mHSC-L_Non-Specific_1000,minus,lr,898/1000,full_candidate,0.0900762230157852,0.0224618576467037,0.0676143653690815,0.7899052500724792,0.7896990180015564,-0.0002062320709228,0.8207555073536585,0.1662665470638007,0.0132547864506627,0.0132547864506627,74.44444444444444,12.543887272924557,0.1530117606131379,0.2287581699346405,0.2287581699346405,0.1770833333333333,0.9980684811237928,0.012742115347492894,1.0829973132291972,0.013071895424836583,0.013071895424836583
mHSC-L_Non-Specific_1000,minus,mlp,898/1000,full_candidate,0.0900762230157852,0.0224618576467037,0.0676143653690815,0.7899052500724792,0.7896990180015564,-0.0002062320709228,0.8286261885497542,0.2474975543337913,0.0132547864506627,0.0132547864506627,74.44444444444444,18.672315488071646,0.2342427678831285,0.2810457516339869,0.2810457516339869,0.2365591397849462,0.9990342405618964,0.04948678477962071,1.2499196629104683,0.03267973856209147,0.03267973856209147
mHSC-L_Non-Specific_1000,baseline,lr,898/1000,full_candidate,0.0836746171116828,0.0384645015001297,0.0452101156115531,0.8666595220565796,0.8470854759216309,-0.0195740461349487,0.833036662133393,0.1535244317163078,0.0132547864506627,0.0132547864506627,74.44444444444444,11.582565459485924,0.140269645265645,0.2156862745098039,0.2156862745098039,0.17,0.9973661106233538,0.0,1.0,0.0,0.0
mHSC-L_Non-Specific_1000,baseline,mlp,898/1000,full_candidate,0.0836746171116828,0.0384645015001297,0.0452101156115531,0.8666595220565796,0.8470854759216309,-0.0195740461349487,0.8438120814612061,0.1980107695541706,0.0132547864506627,0.0132547864506627,74.44444444444444,14.938812503031361,0.1847559831035078,0.2483660130718954,0.2483660130718954,0.2244897959183673,0.9981562774363476,0.0,1.0,0.0,0.0
mHSC-L_Non-Specific_1000,scGPT_human,lr,898/1000,full_candidate,0.0770670771598815,0.0179929248988628,0.0590741522610187,2.117140054702759,2.178394317626953,0.0612542629241943,0.8172660343036834,0.1732756846219936,0.0132547864506627,0.0132547864506627,74.44444444444444,13.072687762037113,0.1600208981713308,0.2352941176470588,0.2352941176470588,0.2426470588235294,0.992449517120281,0.0197512529056858,1.1286521805349095,0.019607843137254888,0.019607843137254888
mHSC-L_Non-Specific_1000,scGPT_human,mlp,898/1000,full_candidate,0.0770670771598815,0.0179929248988628,0.0590741522610187,2.117140054702759,2.178394317626953,0.0612542629241943,0.8594036736731566,0.2282005207551833,0.0132547864506627,0.0132547864506627,74.44444444444444,17.21646151030777,0.2149457343045206,0.2810457516339869,0.2810457516339869,0.1420118343195266,0.9996488147497804,0.030189751201012693,1.152465198074762,0.03267973856209147,0.03267973856209147
mHSC-L_Non-Specific_1000,v4_bias_rec_best,lr,898/1000,full_candidate,0.087150365114212,0.0389522351324558,0.0481981299817562,1.5532302856445312,1.5196352005004885,-0.0335950851440429,0.8239540475247751,0.1628409453886199,0.0132547864506627,0.0132547864506627,74.44444444444444,12.285444657652583,0.1495861589379571,0.2483660130718954,0.2483660130718954,0.1958762886597938,0.9980684811237928,0.009316513672312093,1.0606842413820345,0.0326797385620915,0.0326797385620915
mHSC-L_Non-Specific_1000,v4_bias_rec_best,mlp,898/1000,full_candidate,0.087150365114212,0.0389522351324558,0.0481981299817562,1.5532302856445312,1.5196352005004885,-0.0335950851440429,0.8245387824430328,0.1520075993664355,0.0132547864506627,0.0132547864506627,74.44444444444444,11.468128885534446,0.1387528129157727,0.196078431372549,0.196078431372549,0.0258064516129032,1.0,-0.046003170187735115,0.7676733932638454,-0.052287581699346414,-0.052287581699346414
mHSC-L_Non-Specific_1000,v4_plain_best,lr,898/1000,full_candidate,0.0875632315874099,0.0275607388466596,0.0600024927407503,1.5520920753479004,1.5552715063095093,0.0031794309616088,0.8213138459949388,0.2027685311421941,0.0132547864506627,0.0132547864506627,74.44444444444444,15.297759182838911,0.1895137446915314,0.2287581699346405,0.2287581699346405,0.2127659574468085,0.9986830553116768,0.049244099425886284,1.3207574121940582,0.013071895424836583,0.013071895424836583
mHSC-L_Non-Specific_1000,v4_plain_best,mlp,898/1000,full_candidate,0.0875632315874099,0.0275607388466596,0.0600024927407503,1.5520920753479004,1.5552715063095093,0.0031794309616088,0.8325357067029329,0.2654519039450338,0.0132547864506627,0.0132547864506627,74.44444444444444,20.02687141985317,0.252197117494371,0.2745098039215686,0.2745098039215686,0.2827225130890052,0.9990342405618964,0.06744113439086322,1.3405932644103637,0.026143790849673193,0.026143790849673193
mHSC-L_Non-Specific_1000,v4_type_pe_best,lr,898/1000,full_candidate,0.0869600251317024,0.0319931060075759,0.0549669191241264,1.557922601699829,1.562116622924805,0.0041940212249755,0.8424830862986108,0.1769424175659638,0.0132547864506627,0.0132547864506627,74.44444444444444,13.349322391921087,0.163687631115301,0.2222222222222222,0.2222222222222222,0.1725888324873096,0.9976294995610184,0.023417985849655987,1.1525358901372078,0.006535947712418305,0.006535947712418305
mHSC-L_Non-Specific_1000,v4_type_pe_best,mlp,898/1000,full_candidate,0.0869600251317024,0.0319931060075759,0.0549669191241264,1.557922601699829,1.562116622924805,0.0041940212249755,0.8473027021753975,0.2403652412945535,0.0132547864506627,0.0132547864506627,74.44444444444444,18.13422209322248,0.2271104548438907,0.2941176470588235,0.2941176470588235,0.2639593908629442,0.9984196663740122,0.0423544717403829,1.2138998390630253,0.04575163398692808,0.04575163398692808
mHSC-L_Non-Specific_1000,scconcept,lr,898/1000,full_candidate,0.0184933934360742,0.0029333021957427,0.0155600912403315,30.979923248291016,31.013946533203125,0.0340232849121093,0.7933332185669116,0.0980087310192515,0.0132547864506627,0.0132547864506627,74.44444444444444,7.394214262452442,0.0847539445685888,0.1568627450980392,0.1568627450980392,0.1264822134387351,0.9926251097453906,-0.0555157006970563,0.6383917525280814,-0.05882352941176469,-0.05882352941176469
mHSC-L_Non-Specific_1000,scconcept,mlp,898/1000,full_candidate,0.0184933934360742,0.0029333021957427,0.0155600912403315,30.979923248291016,31.013946533203125,0.0340232849121093,0.8253564931972204,0.0998831739120233,0.0132547864506627,0.0132547864506627,74.44444444444444,7.535630565140447,0.0866283874613606,0.1764705882352941,0.1764705882352941,0.0,1.0,-0.0981275956421473,0.5044330373389001,-0.0718954248366013,-0.0718954248366013
mHSC-L_Non-Specific_1000,scconcept_encoded,lr,898/1000,full_candidate,0.1442344933748245,0.0916947573423385,0.0525397360324859,25.817235946655277,27.00508689880371,1.1878509521484375,0.7939644338859337,0.0955150616377704,0.0132547864506627,0.0132547864506627,74.44444444444444,7.206080761338478,0.0822602751871077,0.1503267973856209,0.1503267973856209,0.0846560846560846,0.9975417032484636,-0.0580093700785374,0.6221489346677355,-0.065359477124183,-0.065359477124183
mHSC-L_Non-Specific_1000,scconcept_encoded,mlp,898/1000,full_candidate,0.1442344933748245,0.0916947573423385,0.0525397360324859,25.817235946655277,27.00508689880371,1.1878509521484375,0.7664038515611102,0.0550707121090552,0.0132547864506627,0.0132547864506627,74.44444444444444,4.154779280227622,0.0418159256583925,0.0980392156862745,0.0980392156862745,0.0,0.9999122036874452,-0.1429400574451154,0.2781197822373459,-0.1503267973856209,-0.1503267973856209
mHSC-L_Non-Specific_1000,cl_scratch_v5,lr,898/1000,full_candidate,0.0888311341404914,0.0278880018740892,0.0609431322664022,1.5480777025222778,1.568128228187561,0.0200505256652832,0.8407535563244906,0.1497169808968571,0.0132547864506627,0.0132547864506627,74.44444444444444,11.29531444766292,0.1364621944461943,0.1764705882352941,0.1764705882352941,0.1616161616161616,0.9974539069359089,-0.0038074508194507195,0.9751997074544698,-0.0392156862745098,-0.0392156862745098
mHSC-L_Non-Specific_1000,cl_scratch_v5,mlp,898/1000,full_candidate,0.0888311341404914,0.0278880018740892,0.0609431322664022,1.5480777025222778,1.568128228187561,0.0200505256652832,0.8473474610798372,0.2318471141312224,0.0132547864506627,0.0132547864506627,74.44444444444444,17.49157672167783,0.2185923276805596,0.2352941176470588,0.2352941176470588,0.2268041237113402,0.9983318700614574,0.033836344577051786,1.1708813346528357,-0.01307189542483661,-0.01307189542483661
mHSC-L_STRING_500,minus,lr,442/500,tf_stratified_1to10,0.1909304559230804,0.0274768248200416,0.1634536311030388,0.7165217399597168,0.8047925233840942,0.0882707834243774,0.8701557093425606,0.5311788745023227,0.0909090909090909,0.0909090909090909,10.0,5.842967619525551,0.4402697835932317,0.4705882352941176,0.4705882352941176,0.4923076923076923,0.9558823529411764,-0.035492035975373204,0.9373674643975392,-0.029411764705882415,-0.029411764705882415
mHSC-L_STRING_500,minus,mlp,442/500,tf_stratified_1to10,0.1909304559230804,0.0274768248200416,0.1634536311030388,0.7165217399597168,0.8047925233840942,0.0882707834243774,0.8145328719723184,0.4772368956438295,0.0909090909090909,0.0909090909090909,10.0,5.249605852082125,0.3863278047347386,0.4705882352941176,0.4705882352941176,0.3043478260869565,0.9852941176470588,0.0414314384464991,1.0950686545160428,0.08823529411764708,0.08823529411764708
mHSC-L_STRING_500,baseline,lr,442/500,tf_stratified_1to10,0.172321155667305,0.0370158366858959,0.135305318981409,0.8027404546737671,0.880834698677063,0.0780942440032959,0.8482698961937716,0.5666709104776959,0.0909090909090909,0.0909090909090909,10.0,6.233380015254656,0.4757618195686049,0.5,0.5,0.4827586206896552,0.9705882352941176,0.0,1.0,0.0,0.0
mHSC-L_STRING_500,baseline,mlp,442/500,tf_stratified_1to10,0.172321155667305,0.0370158366858959,0.135305318981409,0.8027404546737671,0.880834698677063,0.0780942440032959,0.7864186851211072,0.4358054571973304,0.0909090909090909,0.0909090909090909,10.0,4.793860029170634,0.3448963662882395,0.3823529411764705,0.3823529411764705,0.3478260869565217,0.9882352941176472,0.0,1.0,0.0,0.0
mHSC-L_STRING_500,scGPT_human,lr,442/500,tf_stratified_1to10,0.128784030675888,0.0269697941839694,0.1018142364919185,2.011128187179565,2.1700334548950195,0.1589052677154541,0.8347750865051902,0.5731698809693244,0.0909090909090909,0.0909090909090909,10.0,6.30486869066257,0.4822607900602335,0.4705882352941176,0.4705882352941176,0.5384615384615384,0.9882352941176472,0.0064989704916285085,1.011468685565931,-0.029411764705882415,-0.029411764705882415
mHSC-L_STRING_500,scGPT_human,mlp,442/500,tf_stratified_1to10,0.128784030675888,0.0269697941839694,0.1018142364919185,2.011128187179565,2.1700334548950195,0.1589052677154541,0.778546712802768,0.5080688287331748,0.0909090909090909,0.0909090909090909,10.0,5.588757116064924,0.4171597378240839,0.4705882352941176,0.4705882352941176,0.4615384615384615,0.9823529411764704,0.07226337153584445,1.1658156646329558,0.08823529411764708,0.08823529411764708
mHSC-L_STRING_500,v4_bias_rec_best,lr,442/500,tf_stratified_1to10,0.1781450361013412,0.0441332720220088,0.1340117640793323,1.4376258850097656,1.584524154663086,0.1468982696533203,0.8714532871972319,0.5823448594732731,0.0909090909090909,0.0909090909090909,10.0,6.405793454206004,0.4914357685641821,0.5882352941176471,0.5882352941176471,0.5964912280701754,0.9823529411764704,0.01567394899557717,1.0276597028465149,0.08823529411764708,0.08823529411764708
mHSC-L_STRING_500,v4_bias_rec_best,mlp,442/500,tf_stratified_1to10,0.1781450361013412,0.0441332720220088,0.1340117640793323,1.4376258850097656,1.584524154663086,0.1468982696533203,0.841522491349481,0.4980523086580274,0.0909090909090909,0.0909090909090909,10.0,5.478575395238302,0.4071432177489364,0.5,0.5,0.2857142857142857,0.9941176470588236,0.06224685146069703,1.1428317393293035,0.1176470588235295,0.1176470588235295
mHSC-L_STRING_500,v4_plain_best,lr,442/500,tf_stratified_1to10,0.1864005327224731,0.0284386947751045,0.1579618379473686,1.427069067955017,1.5981364250183103,0.1710673570632934,0.8694636678200693,0.6227250134185748,0.0909090909090909,0.0909090909090909,10.0,6.849975147604323,0.5318159225094838,0.5294117647058824,0.5294117647058824,0.5423728813559322,0.973529411764706,0.05605410294087887,1.0989182643831603,0.02941176470588236,0.02941176470588236
mHSC-L_STRING_500,v4_plain_best,mlp,442/500,tf_stratified_1to10,0.1864005327224731,0.0284386947751045,0.1579618379473686,1.427069067955017,1.5981364250183103,0.1710673570632934,0.7853806228373702,0.446063675034221,0.0909090909090909,0.0909090909090909,10.0,4.906700425376432,0.3551545841251301,0.4117647058823529,0.4117647058823529,0.2564102564102564,1.0,0.010258217836890626,1.023538525430272,0.029411764705882415,0.029411764705882415
mHSC-L_STRING_500,v4_type_pe_best,lr,442/500,tf_stratified_1to10,0.1869349479675293,0.0363090969622135,0.1506258510053157,1.4527676105499268,1.612384796142578,0.1596171855926513,0.8311418685121108,0.4935189937029313,0.0909090909090909,0.0909090909090909,10.0,5.4287089307322445,0.4026099027938404,0.5,0.5,0.5263157894736842,0.976470588235294,-0.07315191677476462,0.870909348932172,0.0,0.0
mHSC-L_STRING_500,v4_type_pe_best,mlp,442/500,tf_stratified_1to10,0.1869349479675293,0.0363090969622135,0.1506258510053157,1.4527676105499268,1.612384796142578,0.1596171855926513,0.8387543252595157,0.4936214126569304,0.0909090909090909,0.0909090909090909,10.0,5.429835539226235,0.4027123217478395,0.4705882352941176,0.4705882352941176,0.1111111111111111,1.0,0.0578159554596,1.1326645972526712,0.08823529411764708,0.08823529411764708
mHSC-L_STRING_500,scconcept,lr,442/500,tf_stratified_1to10,0.0123423095792531,0.0088943541049957,0.0034479554742574,30.62036895751953,31.00745010375977,0.3870811462402344,0.8179930795847751,0.4734442353248578,0.0909090909090909,0.0909090909090909,10.0,5.2078865885734364,0.3825351444157669,0.4411764705882353,0.4411764705882353,0.4210526315789473,0.9676470588235294,-0.09322667515283811,0.8354835700420032,-0.05882352941176472,-0.05882352941176472
mHSC-L_STRING_500,scconcept,mlp,442/500,tf_stratified_1to10,0.0123423095792531,0.0088943541049957,0.0034479554742574,30.62036895751953,31.00745010375977,0.3870811462402344,0.5841695501730104,0.1321772474645809,0.0909090909090909,0.0909090909090909,10.0,1.45394972211039,0.04126815655549,0.2058823529411764,0.2058823529411764,0.0,1.0,-0.3036282097327495,0.303294154035184,-0.1764705882352941,-0.1764705882352941
mHSC-L_STRING_500,scconcept_encoded,lr,442/500,tf_stratified_1to10,0.1654657423496246,0.1250626891851425,0.0404030531644821,24.990768432617188,25.979320526123047,0.9885520935058594,0.7705882352941177,0.3247791603229283,0.0909090909090909,0.0909090909090909,10.0,3.572570763552212,0.2338700694138374,0.3529411764705882,0.3529411764705882,0.3859649122807017,0.9647058823529412,-0.2418917501547676,0.5731354024316228,-0.1470588235294118,-0.1470588235294118
mHSC-L_STRING_500,scconcept_encoded,mlp,442/500,tf_stratified_1to10,0.1654657423496246,0.1250626891851425,0.0404030531644821,24.990768432617188,25.979320526123047,0.9885520935058594,0.5758650519031142,0.1617209647431459,0.0909090909090909,0.0909090909090909,10.0,1.7789306121746051,0.070811873834055,0.1470588235294117,0.1470588235294117,0.0,1.0,-0.2740844924541845,0.3710852217940895,-0.23529411764705882,-0.23529411764705882
mHSC-L_STRING_500,cl_scratch_v5,lr,442/500,tf_stratified_1to10,0.1717442274093628,0.0330042913556098,0.1387399360537529,1.462646245956421,1.6126701831817627,0.1500239372253418,0.852681660899654,0.4677896515124616,0.0909090909090909,0.0909090909090909,10.0,5.145686166637078,0.3768805606033707,0.4411764705882353,0.4411764705882353,0.4666666666666667,0.9647058823529412,-0.09888125896523431,0.8255049674565459,-0.05882352941176472,-0.05882352941176472
mHSC-L_STRING_500,cl_scratch_v5,mlp,442/500,tf_stratified_1to10,0.1717442274093628,0.0330042913556098,0.1387399360537529,1.462646245956421,1.6126701831817627,0.1500239372253418,0.8198961937716264,0.4706912833681704,0.0909090909090909,0.0909090909090909,10.0,5.177604117049875,0.3797821924590795,0.4411764705882353,0.4411764705882353,0.3043478260869565,0.9852941176470588,0.03488582617084002,1.0800490806039722,0.058823529411764774,0.058823529411764774
mHSC-L_STRING_500,minus,lr,442/500,full_candidate,0.1909304559230804,0.0201428346335887,0.1707876212894916,0.7165217399597168,0.8098212480545044,0.0932995080947876,0.8896813316311499,0.2734874327085681,0.0139917695473251,0.0139917695473251,70.47058823529412,19.546307690641786,0.259495663161243,0.3235294117647059,0.3235294117647059,0.3396226415094339,0.9958263772954924,0.031383638086581817,1.1296288566463129,-0.029411764705882304,-0.029411764705882304
mHSC-L_STRING_500,minus,mlp,442/500,full_candidate,0.1909304559230804,0.0201428346335887,0.1707876212894916,0.7165217399597168,0.8098212480545044,0.0932995080947876,0.8482397132475694,0.3424819261225718,0.0139917695473251,0.0139917695473251,70.47058823529412,24.477384719936754,0.3284901565752466,0.3529411764705882,0.3529411764705882,0.1111111111111111,1.0,0.0436138288111414,1.1459300246613287,0.05882352941176472,0.05882352941176472
mHSC-L_STRING_500,baseline,lr,442/500,full_candidate,0.172321155667305,0.0249116085469722,0.1474095471203327,0.8027404546737671,0.8800122141838074,0.0772717595100402,0.8480924089168221,0.2421037946219863,0.0139917695473251,0.0139917695473251,70.47058823529412,17.303300615630203,0.2281120250746612,0.3529411764705882,0.3529411764705882,0.3666666666666666,0.9937395659432388,0.0,1.0,0.0,0.0
mHSC-L_STRING_500,baseline,mlp,442/500,full_candidate,0.172321155667305,0.0249116085469722,0.1474095471203327,0.8027404546737671,0.8800122141838074,0.0772717595100402,0.8608956103309438,0.2988680973114304,0.0139917695473251,0.0139917695473251,70.47058823529412,21.36027871961106,0.2848763277641053,0.2941176470588235,0.2941176470588235,0.3333333333333333,0.9995826377295493,0.0,1.0,0.0,0.0
mHSC-L_STRING_500,scGPT_human,lr,442/500,full_candidate,0.128784030675888,0.0157260987907648,0.1130579318851232,2.011128187179565,2.1836256980896,0.1724975109100341,0.8391559461848178,0.368358475085785,0.0139917695473251,0.0139917695473251,70.47058823529412,26.326796895836992,0.3543667055384599,0.3529411764705882,0.3529411764705882,0.4489795918367347,0.998330550918197,0.1262546804637987,1.5214898868517488,0.0,0.0
mHSC-L_STRING_500,scGPT_human,mlp,442/500,full_candidate,0.128784030675888,0.0157260987907648,0.1130579318851232,2.011128187179565,2.1836256980896,0.1724975109100341,0.8342089757438869,0.3116747403509226,0.0139917695473251,0.0139917695473251,70.47058823529412,22.275577030963,0.2976829708035975,0.3235294117647059,0.3235294117647059,0.2051282051282051,0.9995826377295493,0.012806643039492194,1.0428504853970653,0.029411764705882415,0.029411764705882415
mHSC-L_STRING_500,v4_bias_rec_best,lr,442/500,full_candidate,0.1781450361013412,0.0284538939595222,0.149691142141819,1.4376258850097656,1.581490159034729,0.1438642740249633,0.8511857998625159,0.3168994047306524,0.0139917695473251,0.0139917695473251,70.47058823529412,22.64898686751428,0.3029076351833273,0.3823529411764705,0.3823529411764705,0.3571428571428571,0.994991652754591,0.07479561010866612,1.3089402635156948,0.029411764705882304,0.029411764705882304
mHSC-L_STRING_500,v4_bias_rec_best,mlp,442/500,full_candidate,0.1781450361013412,0.0284538939595222,0.149691142141819,1.4376258850097656,1.581490159034729,0.1438642740249633,0.8784125503289796,0.3783007728102646,0.0139917695473251,0.0139917695473251,70.47058823529412,27.037378762615976,0.3643090032629394,0.4411764705882353,0.4411764705882353,0.25,0.9995826377295493,0.0794326754988342,1.2657783691648519,0.1470588235294118,0.1470588235294118
mHSC-L_STRING_500,v4_plain_best,lr,442/500,full_candidate,0.1864005327224731,0.0186297912150621,0.167770741507411,1.427069067955017,1.5939452648162842,0.1668761968612671,0.8613866247667682,0.3006824938327744,0.0139917695473251,0.0139917695473251,70.47058823529412,21.489954706283587,0.2866907242854493,0.3529411764705882,0.3529411764705882,0.3272727272727272,0.994991652754591,0.05857869921078809,1.2419569643765853,0.0,0.0
mHSC-L_STRING_500,v4_plain_best,mlp,442/500,full_candidate,0.1864005327224731,0.0186297912150621,0.167770741507411,1.427069067955017,1.5939452648162842,0.1668761968612671,0.8723362466856526,0.3592106590972665,0.0139917695473251,0.0139917695473251,70.47058823529412,25.67299710606935,0.3452188895499414,0.3529411764705882,0.3529411764705882,0.3636363636363636,0.9991652754590984,0.060342561785836135,1.2019036569264776,0.05882352941176472,0.05882352941176472
mHSC-L_STRING_500,v4_type_pe_best,lr,442/500,full_candidate,0.1869349479675293,0.0228955540806055,0.1640393938869238,1.4527676105499268,1.6038049459457395,0.151037335395813,0.8437346557988805,0.4203216487071183,0.0139917695473251,0.0139917695473251,70.47058823529412,30.040635481126404,0.4063298791597932,0.4411764705882353,0.4411764705882353,0.490566037735849,0.9974958263772956,0.178217854085132,1.736121688482397,0.08823529411764708,0.08823529411764708
mHSC-L_STRING_500,v4_type_pe_best,mlp,442/500,full_candidate,0.1869349479675293,0.0228955540806055,0.1640393938869238,1.4527676105499268,1.6038049459457395,0.151037335395813,0.8669228125306884,0.4093458938748635,0.0139917695473251,0.0139917695473251,70.47058823529412,29.256191826938778,0.3953541243275384,0.4117647058823529,0.4117647058823529,0.4,0.9991652754590984,0.1104777965634331,1.3696540298455193,0.11764705882352944,0.11764705882352944
mHSC-L_STRING_500,scconcept,lr,442/500,full_candidate,0.0123423095792531,0.0044610402546823,0.0078812693245708,30.62036895751953,30.955629348754883,0.3352603912353515,0.8103088480801337,0.2656573246854231,0.0139917695473251,0.0139917695473251,70.47058823529412,18.986685264281714,0.251665555138098,0.2941176470588235,0.2941176470588235,0.2692307692307692,0.9954090150250418,0.023553530063436773,1.0972869099396503,-0.05882352941176472,-0.05882352941176472
mHSC-L_STRING_500,scconcept,mlp,442/500,full_candidate,0.0123423095792531,0.0044610402546823,0.0078812693245708,30.62036895751953,30.955629348754883,0.3352603912353515,0.7276097417264068,0.0431620078944503,0.0139917695473251,0.0139917695473251,70.47058823529412,3.0848140936327724,0.0291702383471252,0.0588235294117647,0.0588235294117647,0.0,1.0,-0.2557060894169801,0.14441825100346548,-0.2352941176470588,-0.2352941176470588
mHSC-L_STRING_500,scconcept_encoded,lr,442/500,full_candidate,0.1654657423496246,0.1042381599545478,0.0612275823950767,24.990768432617188,26.24621963500977,1.255451202392578,0.7871820681528037,0.1255432504473232,0.0139917695473251,0.0139917695473251,70.47058823529412,8.972649958441043,0.1115514808999981,0.2058823529411764,0.2058823529411764,0.1568627450980392,0.9945742904841404,-0.1165605441746631,0.5185513537420704,-0.1470588235294118,-0.1470588235294118
mHSC-L_STRING_500,scconcept_encoded,mlp,442/500,full_candidate,0.1654657423496246,0.1042381599545478,0.0612275823950767,24.990768432617188,26.24621963500977,1.255451202392578,0.7251792202690759,0.097950225174792,0.0139917695473251,0.0139917695473251,70.47058823529412,7.0005602110219005,0.0839584556274669,0.1176470588235294,0.1176470588235294,0.1052631578947368,0.9991652754590984,-0.20091787213663836,0.327737306376748,-0.1764705882352941,-0.1764705882352941
mHSC-L_STRING_500,cl_scratch_v5,lr,442/500,full_candidate,0.1717442274093628,0.0199862588196992,0.1517579685896635,1.462646245956421,1.6032826900482178,0.1406364440917968,0.8725203770990867,0.3499288791686391,0.0139917695473251,0.0139917695473251,70.47058823529412,25.009622834699798,0.335937109621314,0.3529411764705882,0.3529411764705882,0.3571428571428571,0.994991652754591,0.10782508454665277,1.4453671811092743,0.0,0.0
mHSC-L_STRING_500,cl_scratch_v5,mlp,442/500,full_candidate,0.1717442274093628,0.0199862588196992,0.1517579685896635,1.462646245956421,1.6032826900482178,0.1406364440917968,0.8615339290975155,0.3322681155855042,0.0139917695473251,0.0139917695473251,70.47058823529412,23.747397672728688,0.3182763460381791,0.3823529411764705,0.3823529411764705,0.3255813953488372,0.9991652754590984,0.033400018274073795,1.1117550470409356,0.08823529411764702,0.08823529411764702
mHSC-L_STRING_1000,minus,lr,898/1000,tf_stratified_1to10,0.1800176054239273,0.0246345717459917,0.1553830336779356,0.7106031179428101,0.7808672785758972,0.0702641606330871,0.8054693206720234,0.4102237142582138,0.0909090909090909,0.0909090909090909,10.0,4.512460856840352,0.319314623349123,0.4391891891891892,0.4391891891891892,0.4285714285714285,0.9364864864864864,0.027249992388748423,1.0711536871400187,0.03378378378378383,0.03378378378378383
mHSC-L_STRING_1000,minus,mlp,898/1000,tf_stratified_1to10,0.1800176054239273,0.0246345717459917,0.1553830336779356,0.7106031179428101,0.7808672785758972,0.0702641606330871,0.8347242512783053,0.5354317910026769,0.0909090909090909,0.0909090909090909,10.0,5.889749701029447,0.4445227000935859,0.4932432432432432,0.4932432432432432,0.4205128205128205,0.995945945945946,-0.010390783914164592,0.9809630740983045,-0.013513513513513598,-0.013513513513513598
mHSC-L_STRING_1000,baseline,lr,898/1000,tf_stratified_1to10,0.1739147454500198,0.0399229265749454,0.1339918188750744,0.7789003849029541,0.8393206000328064,0.0604202151298522,0.8105688458728998,0.3829737218694654,0.0909090909090909,0.0909090909090909,10.0,4.212710940564119,0.2920646309603745,0.4054054054054054,0.4054054054054054,0.4053156146179402,0.9378378378378378,0.0,1.0,0.0,0.0
mHSC-L_STRING_1000,baseline,mlp,898/1000,tf_stratified_1to10,0.1739147454500198,0.0399229265749454,0.1339918188750744,0.7789003849029541,0.8393206000328064,0.0604202151298522,0.8544877647918189,0.5458225749168415,0.0909090909090909,0.0909090909090909,10.0,6.004048324085257,0.4549134840077505,0.5067567567567568,0.5067567567567568,0.4541062801932367,0.991891891891892,0.0,1.0,0.0,0.0
mHSC-L_STRING_1000,scGPT_human,lr,898/1000,tf_stratified_1to10,0.1225530505180358,0.0200207903981208,0.102532260119915,2.055903434753418,2.1642866134643555,0.1083831787109375,0.833190284879474,0.4729691407248468,0.0909090909090909,0.0909090909090909,10.0,5.2026605479733155,0.3820600498157559,0.4864864864864865,0.4864864864864865,0.4647058823529412,0.9236486486486486,0.08999541885538143,1.234991107003566,0.08108108108108114,0.08108108108108114
mHSC-L_STRING_1000,scGPT_human,mlp,898/1000,tf_stratified_1to10,0.1225530505180358,0.0200207903981208,0.102532260119915,2.055903434753418,2.1642866134643555,0.1083831787109375,0.8618562819576333,0.5876186680496291,0.0909090909090909,0.0909090909090909,10.0,6.463805348545922,0.4967095771405382,0.5202702702702703,0.5202702702702703,0.5272727272727272,0.9905405405405404,0.04179609313278765,1.0765745043417367,0.013513513513513487,0.013513513513513487
mHSC-L_STRING_1000,v4_bias_rec_best,lr,898/1000,tf_stratified_1to10,0.1834292858839035,0.0401171334087848,0.1433121524751186,1.393598198890686,1.5163254737854004,0.1227272748947143,0.831327611395179,0.4169716088707506,0.0909090909090909,0.0909090909090909,10.0,4.586687697578257,0.3260625179616596,0.3986486486486486,0.3986486486486486,0.3972602739726027,0.941891891891892,0.0339978870012852,1.0887734198454306,-0.006756756756756799,-0.006756756756756799
mHSC-L_STRING_1000,v4_bias_rec_best,mlp,898/1000,tf_stratified_1to10,0.1834292858839035,0.0401171334087848,0.1433121524751186,1.393598198890686,1.5163254737854004,0.1227272748947143,0.8568617604090577,0.5107384897465472,0.0909090909090909,0.0909090909090909,10.0,5.61812338721202,0.4198293988374563,0.4864864864864865,0.4864864864864865,0.2793296089385474,0.995945945945946,-0.035084085170294266,0.9357225465149742,-0.020270270270270285,-0.020270270270270285
mHSC-L_STRING_1000,v4_plain_best,lr,898/1000,tf_stratified_1to10,0.1762252300977707,0.0290947183966636,0.147130511701107,1.4186480045318604,1.546984314918518,0.1283363103866577,0.8087837837837838,0.3838688565003533,0.0909090909090909,0.0909090909090909,10.0,4.222557421503887,0.2929597655912623,0.3851351351351351,0.3851351351351351,0.3987915407854985,0.920945945945946,0.0008951346308879171,1.0023373265051148,-0.020270270270270285,-0.020270270270270285
mHSC-L_STRING_1000,v4_plain_best,mlp,898/1000,tf_stratified_1to10,0.1762252300977707,0.0290947183966636,0.147130511701107,1.4186480045318604,1.546984314918518,0.1283363103866577,0.860322315558802,0.5565770139482115,0.0909090909090909,0.0909090909090909,10.0,6.122347153430327,0.4656679230391205,0.4729729729729729,0.4729729729729729,0.4466019417475728,0.991891891891892,0.010754439031369967,1.01970317741623,-0.03378378378378388,-0.03378378378378388
mHSC-L_STRING_1000,v4_type_pe_best,lr,898/1000,tf_stratified_1to10,0.1839666068553924,0.0338718555867672,0.1500947512686252,1.4235647916793823,1.5503019094467163,0.1267371177673339,0.8274561723886048,0.3777416382909627,0.0909090909090909,0.0909090909090909,10.0,4.15515802120059,0.2868325473818718,0.4256756756756756,0.4256756756756756,0.4304635761589404,0.9398648648648648,-0.005232083578502689,0.9863382700176854,0.02027027027027023,0.02027027027027023
mHSC-L_STRING_1000,v4_type_pe_best,mlp,898/1000,tf_stratified_1to10,0.1839666068553924,0.0338718555867672,0.1500947512686252,1.4235647916793823,1.5503019094467163,0.1267371177673339,0.8843498904309715,0.5808631193242925,0.0909090909090909,0.0909090909090909,10.0,6.389494312567218,0.4899540284152015,0.5472972972972973,0.5472972972972973,0.4834123222748815,0.991891891891892,0.03504054440745097,1.0641976825762283,0.04054054054054046,0.04054054054054046
mHSC-L_STRING_1000,scconcept,lr,898/1000,tf_stratified_1to10,0.009629669599235,0.0032574424985796,0.0063722271006554,31.22371482849121,30.94346046447754,-0.2802543640136719,0.6971877282688094,0.2110929637187846,0.0909090909090909,0.0909090909090909,10.0,2.322022600906631,0.1201838728096937,0.2837837837837837,0.2837837837837837,0.2782608695652174,0.8993243243243243,-0.17188075815068077,0.5511943814012769,-0.12162162162162166,-0.12162162162162166
mHSC-L_STRING_1000,scconcept,mlp,898/1000,tf_stratified_1to10,0.009629669599235,0.0032574424985796,0.0063722271006554,31.22371482849121,30.94346046447754,-0.2802543640136719,0.7157322863403944,0.2717660552376424,0.0909090909090909,0.0909090909090909,10.0,2.989426607614067,0.1808569643285515,0.3175675675675675,0.3175675675675675,0.2054054054054054,0.987837837837838,-0.2740565196791991,0.4979018232784659,-0.1891891891891893,-0.1891891891891893
mHSC-L_STRING_1000,scconcept_encoded,lr,898/1000,tf_stratified_1to10,0.1097025349736213,0.0833495110273361,0.0263530239462852,26.698829650878903,26.933673858642575,0.2348442077636718,0.7093133674214755,0.1838567191121526,0.0909090909090909,0.0909090909090909,10.0,2.022423910233679,0.0929476282030617,0.2702702702702703,0.2702702702702703,0.282051282051282,0.918918918918919,-0.19911700275731278,0.4800765917167007,-0.1351351351351351,-0.1351351351351351
mHSC-L_STRING_1000,scconcept_encoded,mlp,898/1000,tf_stratified_1to10,0.1097025349736213,0.0833495110273361,0.0263530239462852,26.698829650878903,26.933673858642575,0.2348442077636718,0.6966353177501827,0.2221554290593318,0.0909090909090909,0.0909090909090909,10.0,2.44370971965265,0.1312463381502409,0.2567567567567567,0.2567567567567567,0.1855670103092783,0.981081081081081,-0.32366714585750966,0.40701033498509687,-0.2500000000000001,-0.2500000000000001
mHSC-L_STRING_1000,cl_scratch_v5,lr,898/1000,tf_stratified_1to10,0.1775503754615783,0.0296580232679843,0.1478923521935939,1.4333683252334597,1.5622360706329346,0.1288677453994751,0.8262326515704894,0.3974827495574441,0.0909090909090909,0.0909090909090909,10.0,4.372310245131886,0.3065736586483532,0.3986486486486486,0.3986486486486486,0.3961661341853035,0.9304054054054054,0.014509027687978737,1.0378851781713736,-0.006756756756756799,-0.006756756756756799
mHSC-L_STRING_1000,cl_scratch_v5,mlp,898/1000,tf_stratified_1to10,0.1775503754615783,0.0296580232679843,0.1478923521935939,1.4333683252334597,1.5622360706329346,0.1288677453994751,0.8790357925493061,0.5991382273094519,0.0909090909090909,0.0909090909090909,10.0,6.590520500403971,0.5082291364003609,0.5135135135135135,0.5135135135135135,0.4952380952380952,0.9932432432432432,0.05331565239261038,1.0976794563704757,0.006756756756756688,0.006756756756756688
mHSC-L_STRING_1000,minus,lr,898/1000,full_candidate,0.1800176054239273,0.0226208362728357,0.1573967691510915,0.7106031179428101,0.7729071378707886,0.0623040199279785,0.8643137866332614,0.3202983861016809,0.0097183006106769,0.0097183006106769,101.89864864864865,32.958271094206395,0.3105800854910038,0.3648648648648648,0.3648648648648648,0.336734693877551,0.9990053709966182,0.04108137860774519,1.1471306457169785,0.040540540540540515,0.040540540540540515
mHSC-L_STRING_1000,minus,mlp,898/1000,full_candidate,0.1800176054239273,0.0226208362728357,0.1573967691510915,0.7106031179428101,0.7729071378707886,0.0623040199279785,0.8623798604651997,0.3725111593839145,0.0097183006106769,0.0097183006106769,101.89864864864865,38.33089490714656,0.3627928587732374,0.3716216216216216,0.3716216216216216,0.3979591836734694,0.999403222597971,0.05299058875156959,1.1658440602015043,0.0608108108108108,0.0608108108108108
mHSC-L_STRING_1000,baseline,lr,898/1000,full_candidate,0.1739147454500198,0.0377748124301433,0.1361399330198764,0.7789003849029541,0.8260430097579956,0.0471426248550415,0.8581992824334181,0.2792170074939357,0.0097183006106769,0.0097183006106769,101.89864864864865,28.731052750845873,0.2694987068832587,0.3243243243243243,0.3243243243243243,0.3036649214659686,0.9990716795968436,0.0,1.0,0.0,0.0
mHSC-L_STRING_1000,baseline,mlp,898/1000,full_candidate,0.1739147454500198,0.0377748124301433,0.1361399330198764,0.7789003849029541,0.8260430097579956,0.0471426248550415,0.8651766944983577,0.3195205706323449,0.0097183006106769,0.0097183006106769,101.89864864864865,32.87823493351371,0.3098022700216679,0.3108108108108108,0.3108108108108108,0.3451776649746192,0.9990053709966182,0.0,1.0,0.0,0.0
mHSC-L_STRING_1000,scGPT_human,lr,898/1000,full_candidate,0.1225530505180358,0.0166598986834287,0.1058931518346071,2.055903434753418,2.143695592880249,0.087792158126831,0.8571345365656088,0.3324993743611135,0.0097183006106769,0.0097183006106769,101.89864864864865,34.213736298280054,0.3227810737504365,0.3648648648648648,0.3648648648648648,0.3953488372093023,0.9960877925866984,0.0532823668671778,1.190827798583634,0.040540540540540515,0.040540540540540515
mHSC-L_STRING_1000,scGPT_human,mlp,898/1000,full_candidate,0.1225530505180358,0.0166598986834287,0.1058931518346071,2.055903434753418,2.143695592880249,0.087792158126831,0.8589049313885201,0.3493284026710525,0.0097183006106769,0.0097183006106769,101.89864864864865,35.945420569442646,0.3396101020603754,0.3648648648648648,0.3648648648648648,0.3877551020408163,0.9993369139977456,0.02980783203870757,1.0932892426290948,0.054054054054054,0.054054054054054
mHSC-L_STRING_1000,v4_bias_rec_best,lr,898/1000,full_candidate,0.1834292858839035,0.039149310439825,0.1442799754440784,1.393598198890686,1.487837791442871,0.094239592552185,0.8590017061023625,0.2576642327649091,0.0097183006106769,0.0097183006106769,101.89864864864865,26.513301356600266,0.2479459321542321,0.3378378378378378,0.3378378378378378,0.2590673575129533,0.998673827995491,-0.021552774729026614,0.9228099501442628,0.013513513513513487,0.013513513513513487
mHSC-L_STRING_1000,v4_bias_rec_best,mlp,898/1000,full_candidate,0.1834292858839035,0.039149310439825,0.1442799754440784,1.393598198890686,1.487837791442871,0.094239592552185,0.8631567463624357,0.2725451630379298,0.0097183006106769,0.0097183006106769,101.89864864864865,28.044528972328884,0.2628268624272528,0.3108108108108108,0.3108108108108108,0.1490683229813664,0.9999336913997744,-0.0469754075944151,0.8529815858132429,0.0,0.0
mHSC-L_STRING_1000,v4_plain_best,lr,898/1000,full_candidate,0.1762252300977707,0.0271002948284149,0.1491249352693557,1.4186480045318604,1.5226095914840698,0.1039615869522094,0.8602649297397655,0.2966709769192273,0.0097183006106769,0.0097183006106769,101.89864864864865,30.527042618263227,0.2869526763085502,0.3175675675675675,0.3175675675675675,0.3212435233160621,0.9990716795968436,0.017453969425291593,1.0625104093119067,-0.006756756756756799,-0.006756756756756799
mHSC-L_STRING_1000,v4_plain_best,mlp,898/1000,full_candidate,0.1762252300977707,0.0271002948284149,0.1491249352693557,1.4186480045318604,1.5226095914840698,0.1039615869522094,0.8732195244777302,0.3612245903028078,0.0097183006106769,0.0097183006106769,101.89864864864865,37.16952220082105,0.3515062896921308,0.3378378378378378,0.3378378378378378,0.3664921465968586,0.9994695311981964,0.04170401967046289,1.1305206096368972,0.027027027027026973,0.027027027027026973
mHSC-L_STRING_1000,v4_type_pe_best,lr,898/1000,full_candidate,0.1839666068553924,0.0318951085209846,0.1520714983344078,1.4235647916793823,1.5284842252731323,0.10491943359375,0.8782314241832843,0.3038809936021905,0.0097183006106769,0.0097183006106769,101.89864864864865,31.26894359167436,0.2941626929915135,0.3310810810810811,0.3310810810810811,0.3232323232323232,0.998806445195942,0.02466398610825482,1.088332678333681,0.006756756756756799,0.006756756756756799
mHSC-L_STRING_1000,v4_type_pe_best,mlp,898/1000,full_candidate,0.1839666068553924,0.0318951085209846,0.1520714983344078,1.4235647916793823,1.5284842252731323,0.10491943359375,0.8948334399647311,0.3435844318338802,0.0097183006106769,0.0097183006106769,101.89864864864865,35.35437373242036,0.3338661312232032,0.3513513513513513,0.3513513513513513,0.365482233502538,0.9991379881970692,0.024063861201535308,1.075312400556596,0.040540540540540515,0.040540540540540515
mHSC-L_STRING_1000,scconcept,lr,898/1000,full_candidate,0.009629669599235,0.0026258660946041,0.0070038035046309,31.22371482849121,30.589881896972656,-0.6338329315185547,0.8219390068405386,0.0928441252718887,0.0097183006106769,0.0097183006106769,101.89864864864865,9.553535025443292,0.0831258246612117,0.1486486486486486,0.1486486486486486,0.1447963800904977,0.9962204097871494,-0.18637288222204698,0.33251601005682,-0.17567567567567569,-0.17567567567567569
mHSC-L_STRING_1000,scconcept,mlp,898/1000,full_candidate,0.009629669599235,0.0026258660946041,0.0070038035046309,31.22371482849121,30.589881896972656,-0.6338329315185547,0.7660755792593867,0.1061835799080195,0.0097183006106769,0.0097183006106769,101.89864864864865,10.926146881211116,0.0964652792973425,0.1283783783783783,0.1283783783783783,0.0266666666666666,1.0,-0.2133369907243254,0.33232157697351894,-0.1824324324324325,-0.1824324324324325
mHSC-L_STRING_1000,scconcept_encoded,lr,898/1000,full_candidate,0.1097025349736213,0.0791093483567237,0.0305931866168975,26.698829650878903,26.709735870361328,0.0109062194824218,0.7828384381994886,0.0509304635301887,0.0097183006106769,0.0097183006106769,101.89864864864865,5.240675872305753,0.0412121629195117,0.0878378378378378,0.0878378378378378,0.043010752688172,0.9977455075923348,-0.22828654396374698,0.18240458913053448,-0.23648648648648649,-0.23648648648648649
mHSC-L_STRING_1000,scconcept_encoded,mlp,898/1000,full_candidate,0.1097025349736213,0.0791093483567237,0.0305931866168975,26.698829650878903,26.709735870361328,0.0109062194824218,0.6687022958904798,0.0334642530273673,0.0097183006106769,0.0097183006106769,101.89864864864865,3.4434264145525795,0.0237459524166903,0.0405405405405405,0.0405405405405405,0.0,0.9999336913997744,-0.28605631760497763,0.10473270300294005,-0.2702702702702703,-0.2702702702702703
mHSC-L_STRING_1000,cl_scratch_v5,lr,898/1000,full_candidate,0.1775503754615783,0.0291319619864225,0.1484184134751558,1.4333683252334597,1.5331106185913086,0.0997422933578491,0.8821989634352873,0.2760207274862439,0.0097183006106769,0.0097183006106769,101.89864864864865,28.40215985735169,0.2663024268755669,0.277027027027027,0.277027027027027,0.3076923076923077,0.9988727537961674,-0.0031962800076917874,0.9885527030162687,-0.047297297297297314,-0.047297297297297314
mHSC-L_STRING_1000,cl_scratch_v5,mlp,898/1000,full_candidate,0.1775503754615783,0.0291319619864225,0.1484184134751558,1.4333683252334597,1.5331106185913086,0.0997422933578491,0.88296151233788,0.3554111512835988,0.0097183006106769,0.0097183006106769,101.89864864864865,36.57132718174311,0.3456928506729218,0.3716216216216216,0.3716216216216216,0.3618090452261306,0.9990053709966182,0.03589058065125389,1.112326353762529,0.0608108108108108,0.0608108108108108
hESC_Specific_500,cl_v6_fair,lr,442/500,tf_stratified_1to10,0.044348135590553284,0.0006143979844637215,0.04373373760608956,1.3362294435501099,1.3334722518920898,-0.0027571916580200195,0.6176305910797225,0.35709895168507516,0.2665615141955836,0.2665615141955836,2.7514792899408285,1.3396493217061398,0.09053743748949156,0.3668639053254438,0.3668639053254438,0.3532934131736527,0.7720430107526882,-0.08496866203133513,0.80779261046288,-0.05917159763313612,-0.05917159763313612
hESC_Specific_500,cl_v6_fair,mlp,442/500,tf_stratified_1to10,0.044348135590553284,0.0006143979844637215,0.04373373760608956,1.3362294435501099,1.3334722518920898,-0.0027571916580200195,0.666781192339505,0.3916549041093985,0.2665615141955836,0.2665615141955836,2.7514792899408285,1.4692852615701695,0.1250933899138149,0.40828402366863903,0.40828402366863903,0.2553191489361702,0.9225806451612903,-0.014922150050164062,0.9632981008212337,-0.011834319526627168,-0.011834319526627168
hESC_Specific_500,cl_v6_fair,lr,442/500,full_candidate,0.044348135590553284,0.005379975773394108,0.038968159817159176,1.3362294435501099,1.3472368717193604,0.011007428169250488,0.7787962806424344,0.3747460764573572,0.16187739463601533,0.16187739463601533,5.177514792899408,2.3149994308963366,0.21286868182134186,0.40236686390532544,0.40236686390532544,0.38461538461538464,0.9051428571428571,-0.06784523090470629,0.8467090749949924,-0.023668639053254448,-0.023668639053254448
hESC_Specific_500,cl_v6_fair,mlp,442/500,full_candidate,0.044348135590553284,0.005379975773394108,0.038968159817159176,1.3362294435501099,1.3472368717193604,0.011007428169250488,0.7979475908706678,0.39127082197827545,0.16187739463601533,0.16187739463601533,5.177514792899408,2.4170812908007075,0.22939342734226012,0.38461538461538464,0.38461538461538464,0.27586206896551724,0.936,-0.008454171231134622,0.9788500309593959,-0.023668639053254337,-0.023668639053254337
hESC_Specific_1000,cl_v6_fair,lr,893/1000,tf_stratified_1to10,0.028689181432127953,0.005370804574340582,0.02331837685778737,1.3421204090118408,1.331835389137268,-0.010285019874572754,0.6724306383542459,0.4149139609587724,0.2865090403337969,0.2865090403337969,2.4902912621359223,1.4481705724726086,0.1284049206249755,0.4344660194174757,0.4344660194174757,0.40054495912806537,0.8294346978557505,-0.0469256758102391,0.8983940050305623,-0.021844660194174803,-0.021844660194174803
hESC_Specific_1000,cl_v6_fair,mlp,893/1000,tf_stratified_1to10,0.028689181432127953,0.005370804574340582,0.02331837685778737,1.3421204090118408,1.331835389137268,-0.010285019874572754,0.6990421374363632,0.4494271248902319,0.2865090403337969,0.2865090403337969,2.4902912621359223,1.5686315669712463,0.16291808455643497,0.4733009708737864,0.4733009708737864,0.36363636363636365,0.8840155945419104,-0.05571263170318114,0.8897084797306416,-0.019417475728155276,-0.019417475728155276
hESC_Specific_1000,cl_v6_fair,lr,893/1000,full_candidate,0.028689181432127953,0.007993298582732677,0.020695882849395275,1.3421204090118408,1.3405181169509888,-0.0016022920608520508,0.8410120036134026,0.43455320374812995,0.16220472440944883,0.16220472440944883,5.165048543689321,2.679041595922937,0.2723484793386811,0.44902912621359226,0.44902912621359226,0.3942446043165468,0.931390977443609,-0.03236604023274553,0.9306817171277882,-0.01941747572815533,-0.01941747572815533
hESC_Specific_1000,cl_v6_fair,mlp,893/1000,full_candidate,0.028689181432127953,0.007993298582732677,0.020695882849395275,1.3421204090118408,1.3405181169509888,-0.0016022920608520508,0.8561328609752538,0.4673100764251928,0.16220472440944883,0.16220472440944883,5.165048543689321,2.8809893061164797,0.30510535201574396,0.48058252427184467,0.48058252427184467,0.45618556701030927,0.912124060150376,0.016941445567617175,1.0376168418643141,0.007281553398058249,0.007281553398058249
hESC_Non-Specific_500,cl_v6_fair,lr,442/500,tf_stratified_1to10,0.14013782143592834,0.020840665325522423,0.11929715611040592,1.2524240016937256,1.3813450336456299,0.1289210319519043,0.6693398916452808,0.25748992620627303,0.11170212765957446,0.11170212765957446,7.9523809523809526,2.305147910799016,0.14578779854669857,0.30952380952380953,0.30952380952380953,0.3125,0.8832335329341318,0.011134046318761748,1.0451949688549975,0.07142857142857154,0.07142857142857154
hESC_Non-Specific_500,cl_v6_fair,mlp,442/500,tf_stratified_1to10,0.14013782143592834,0.020840665325522423,0.11929715611040592,1.2524240016937256,1.3813450336456299,0.1289210319519043,0.4867764471057883,0.11984696328902618,0.11170212765957446,0.11170212765957446,7.9523809523809526,1.0729156713493773,0.008144835629451716,0.16666666666666666,0.16666666666666666,0.0,1.0,-0.08657699334590462,0.5805865038280433,5.551115123125783e-17,5.551115123125783e-17
hESC_Non-Specific_500,cl_v6_fair,lr,442/500,full_candidate,0.14013782143592834,0.02654801681637764,0.1135898046195507,1.2524240016937256,1.3411588668823242,0.08873486518859863,0.8669757958431992,0.2058050286190327,0.02267818574514039,0.02267818574514039,43.095238095238095,9.075021738153536,0.1831268428738923,0.23809523809523808,0.23809523809523808,0.22727272727272727,0.980110497237569,-0.00834633146544142,0.9610260170089513,8.326672684688674e-17,8.326672684688674e-17
hESC_Non-Specific_500,cl_v6_fair,mlp,442/500,full_candidate,0.14013782143592834,0.02654801681637764,0.1135898046195507,1.2524240016937256,1.3411588668823242,0.08873486518859863,0.8392199421204946,0.19192591985974175,0.02267818574514039,0.02267818574514039,43.095238095238095,8.463019132862897,0.16924773411460137,0.2619047619047619,0.2619047619047619,0.0,1.0,-0.04090882515209465,0.8243010288261926,-0.02380952380952378,-0.02380952380952378
hESC_Non-Specific_1000,cl_v6_fair,lr,893/1000,tf_stratified_1to10,0.13870848715305328,0.016482820734381676,0.12222566641867161,1.2333436012268066,1.344869613647461,0.1115260124206543,0.6387441296773215,0.22929547555643248,0.11574406901509705,0.11574406901509705,7.6397515527950315,1.9810559409875625,0.11355140654133543,0.21739130434782608,0.21739130434782608,0.2109090909090909,0.9308943089430894,0.015937374983442776,1.074697773089663,-0.02484472049689443,-0.02484472049689443
hESC_Non-Specific_1000,cl_v6_fair,mlp,893/1000,tf_stratified_1to10,0.13870848715305328,0.016482820734381676,0.12222566641867161,1.2333436012268066,1.344869613647461,0.1115260124206543,0.6831338686057667,0.25714130647103217,0.11574406901509705,0.11574406901509705,7.6397515527950315,2.2216370018708433,0.14139723745593513,0.2857142857142857,0.2857142857142857,0.07017543859649122,0.9967479674796748,-0.004362673916818216,0.9833169884819809,-0.04347826086956519,-0.04347826086956519
hESC_Non-Specific_1000,cl_v6_fair,lr,893/1000,full_candidate,0.13870848715305328,0.027466924861073494,0.11124156229197979,1.2333436012268066,1.3141920566558838,0.08084845542907715,0.8868211390009836,0.15908132390522603,0.016615067079463364,0.016615067079463364,59.18633540372671,9.574521917028822,0.14246625682576267,0.20496894409937888,0.20496894409937888,0.12669683257918551,0.9951726309161507,0.008144902727034442,1.0539624741560434,-0.018633540372670815,-0.018633540372670815
hESC_Non-Specific_1000,cl_v6_fair,mlp,893/1000,full_candidate,0.13870848715305328,0.027466924861073494,0.11124156229197979,1.2333436012268066,1.3141920566558838,0.08084845542907715,0.8993562638796639,0.1586840223388093,0.016615067079463364,0.016615067079463364,59.18633540372671,9.550609791696038,0.14206895525934593,0.19254658385093168,0.19254658385093168,0.0,0.9998950571938293,0.0005415370515042817,1.0034243615845537,-0.006211180124223531,-0.006211180124223531
hESC_STRING_500,cl_v6_fair,lr,442/500,tf_stratified_1to10,0.13695108890533447,0.02613818645477295,0.11081290245056152,1.2677361965179443,1.3268086910247803,0.05907249450683594,0.7743164062500001,0.5011659709030879,0.09090909090909091,0.09090909090909091,10.0,5.512825679933966,0.41025687999399696,0.46875,0.46875,0.45614035087719296,0.9625,-0.011852452706092031,0.9768966334138491,-0.0625,-0.0625
hESC_STRING_500,cl_v6_fair,mlp,442/500,tf_stratified_1to10,0.13695108890533447,0.02613818645477295,0.11081290245056152,1.2677361965179443,1.3268086910247803,0.05907249450683594,0.587109375,0.1529428038101181,0.09090909090909091,0.09090909090909091,10.0,1.682370841911299,0.06203371290102719,0.1875,0.1875,0.0,1.0,0.038415692077716,1.335428803683411,0.0625,0.0625
hESC_STRING_500,cl_v6_fair,lr,442/500,full_candidate,0.13695108890533447,0.02793305553495884,0.10901803337037563,1.2677361965179443,1.3264784812927246,0.05874228477478027,0.7912682149362478,0.21785434346918056,0.011523226503420959,0.011523226503420959,85.78125,18.905672244184824,0.2063311169657596,0.34375,0.34375,0.3333333333333333,0.9934426229508196,-0.03160929830730794,0.8732909610305858,0.03125,0.03125
hESC_STRING_500,cl_v6_fair,mlp,442/500,full_candidate,0.13695108890533447,0.02793305553495884,0.10901803337037563,1.2677361965179443,1.3264784812927246,0.05874228477478027,0.7454918032786885,0.0911140294285968,0.011523226503420959,0.011523226503420959,85.78125,7.906989366350415,0.07959080292517584,0.1875,0.1875,0.0,1.0,0.000501709328232694,1.0055368776307296,0.09375,0.09375
hESC_STRING_1000,cl_v6_fair,lr,893/1000,tf_stratified_1to10,0.16547013819217682,0.03332401067018509,0.13214612752199173,1.2212495803833008,1.2910853624343872,0.06983578205108643,0.788542475813855,0.3738954627749326,0.09090909090909091,0.09090909090909091,10.0,4.112850090524258,0.28298637186584163,0.3697478991596639,0.3697478991596639,0.38661710037174724,0.9176470588235294,0.03448861257732655,1.1016143679988983,-0.016806722689075626,-0.016806722689075626
hESC_STRING_1000,cl_v6_fair,mlp,893/1000,tf_stratified_1to10,0.16547013819217682,0.03332401067018509,0.13214612752199173,1.2212495803833008,1.2910853624343872,0.06983578205108643,0.8476555328013557,0.482412238315642,0.09090909090909091,0.09090909090909091,10.0,5.306534621472062,0.3915031474065511,0.4117647058823529,0.4117647058823529,0.4146341463414634,0.9907563025210084,-0.027367634019049014,0.9463148007517231,-0.05882352941176466,-0.05882352941176466
hESC_STRING_1000,cl_v6_fair,lr,893/1000,full_candidate,0.16547013819217682,0.032499078661203384,0.13297105953097343,1.2212495803833008,1.3015186786651611,0.08026909828186035,0.8345482716741914,0.21066050820373808,0.009548262858059858,0.009548262858059858,103.73109243697479,22.06270515750578,0.20111224534567823,0.2773109243697479,0.2773109243697479,0.25766871165644173,0.9981367465975373,-0.011863430554850313,0.9466869469368779,0.0,0.0
hESC_STRING_1000,cl_v6_fair,mlp,893/1000,full_candidate,0.16547013819217682,0.032499078661203384,0.13297105953097343,1.2212495803833008,1.3015186786651611,0.08026909828186035,0.8637394685677252,0.26928511728493465,0.009548262858059858,0.009548262858059858,103.73109243697479,28.202524510270088,0.2597368544268748,0.3025210084033613,0.3025210084033613,0.2597402597402597,0.9987848347375243,-0.005077364099388637,0.9814939561933836,0.016806722689075626,0.016806722689075626
hHep_Specific_1000,cl_v6_fair,lr,962/1000,tf_stratified_1to10,0.0703638568520546,0.059769898653030396,0.0105939581990242,1.2792330980300903,1.3320703506469727,0.052837252616882324,0.8436528714582339,0.7335791913352718,0.3133097762073027,0.3133097762073027,2.191729323308271,2.3413862159535554,0.4202694151279691,0.650375939849624,0.650375939849624,0.651685393258427,0.8387650085763293,-0.007056328076252116,0.990472603741907,-0.018796992481203034,-0.018796992481203034
hHep_Specific_1000,cl_v6_fair,mlp,962/1000,tf_stratified_1to10,0.0703638568520546,0.059769898653030396,0.0105939581990242,1.2792330980300903,1.3320703506469727,0.052837252616882324,0.8746372793046081,0.8033405572712453,0.3133097762073027,0.3133097762073027,2.191729323308271,2.564045613245441,0.4900307810639426,0.7142857142857143,0.7142857142857143,0.728421052631579,0.9382504288164666,0.010065871251061398,1.0126890110430238,-0.015037593984962405,-0.015037593984962405
hHep_Specific_1000,cl_v6_fair,lr,962/1000,full_candidate,0.0703638568520546,0.060546308755874634,0.009817548096179962,1.2792330980300903,1.327535629272461,0.048302531242370605,0.881407488315383,0.7339214824700641,0.23050259965337955,0.23050259965337955,3.338345864661654,3.1840052284603533,0.5034188828166846,0.6428571428571429,0.6428571428571429,0.640926640926641,0.9031531531531531,0.0003467879036609389,1.000472737004465,-0.03383458646616533,-0.03383458646616533
hHep_Specific_1000,cl_v6_fair,mlp,962/1000,full_candidate,0.0703638568520546,0.060546308755874634,0.009817548096179962,1.2792330980300903,1.327535629272461,0.048302531242370605,0.914259889588837,0.8041214278447192,0.23050259965337955,0.23050259965337955,3.338345864661654,3.488556871175962,0.5736188281913397,0.7255639097744361,0.7255639097744361,0.7419354838709677,0.9481981981981982,0.007039824908669279,1.0088320002402988,-0.022556390977443663,-0.022556390977443663
hHep_Non-Specific_500,cl_v6_fair,lr,487/500,tf_stratified_1to10,0.2781846523284912,0.05967342108488083,0.21851123124361038,1.1940245628356934,1.4061506986618042,0.21212613582611084,0.6593341260404281,0.2094819500166631,0.09090909090909091,0.09090909090909091,10.0,2.304301450183294,0.11857285910757218,0.27586206896551724,0.27586206896551724,0.22641509433962265,0.9379310344827586,0.0418670703001994,1.2497813462087701,0.13793103448275865,0.13793103448275865
hHep_Non-Specific_500,cl_v6_fair,mlp,487/500,tf_stratified_1to10,0.2781846523284912,0.05967342108488083,0.21851123124361038,1.1940245628356934,1.4061506986618042,0.21212613582611084,0.47015457788347204,0.11026648758215134,0.09090909090909091,0.09090909090909091,10.0,1.2129313634036647,0.019357396673060426,0.06896551724137931,0.06896551724137931,0.0,1.0,-0.16904381899998328,0.39478130589400967,-0.20689655172413787,-0.20689655172413787
hHep_Non-Specific_500,cl_v6_fair,lr,487/500,full_candidate,0.2781846523284912,0.056022122502326965,0.22216252982616425,1.1940245628356934,1.3718053102493286,0.17778074741363525,0.8237951199838677,0.1254714750286674,0.01667625071880391,0.01667625071880391,58.96551724137931,7.523961899132849,0.10879522430986349,0.1724137931034483,0.1724137931034483,0.17777777777777778,0.9929824561403509,0.0539535932437156,1.7544070363542001,0.034482758620689696,0.034482758620689696
hHep_Non-Specific_500,cl_v6_fair,mlp,487/500,full_candidate,0.2781846523284912,0.056022122502326965,0.22216252982616425,1.1940245628356934,1.3718053102493286,0.17778074741363525,0.7212946158499698,0.13098671056310693,0.01667625071880391,0.01667625071880391,58.96551724137931,7.85468585066355,0.11431045984430302,0.10344827586206896,0.10344827586206896,0.0,1.0,0.021212208918992934,1.193234390512309,-0.06896551724137932,-0.06896551724137932
hHep_Non-Specific_1000,cl_v6_fair,lr,962/1000,tf_stratified_1to10,0.22624094784259796,0.04468429461121559,0.18155665323138237,1.1758252382278442,1.372843861579895,0.19701862335205078,0.6459985120629186,0.24795664482802965,0.09090909090909091,0.09090909090909091,10.0,2.727523093108326,0.15704755391893874,0.25773195876288657,0.25773195876288657,0.25806451612903225,0.9051546391752577,-0.008175880166158556,0.9680794925738381,5.551115123125783e-17,5.551115123125783e-17
hHep_Non-Specific_1000,cl_v6_fair,mlp,962/1000,tf_stratified_1to10,0.22624094784259796,0.04468429461121559,0.18155665323138237,1.1758252382278442,1.372843861579895,0.19701862335205078,0.6898129450526091,0.30103348465091984,0.09090909090909091,0.09090909090909091,10.0,3.3113683311601183,0.21012439374182892,0.29896907216494845,0.29896907216494845,0.17699115044247787,0.9938144329896907,-0.0018825049342155453,0.993785389352362,-0.041237113402061876,-0.041237113402061876
hHep_Non-Specific_1000,cl_v6_fair,lr,962/1000,full_candidate,0.22624094784259796,0.06013074889779091,0.16611019894480705,1.1758252382278442,1.339951515197754,0.16412627696990967,0.8114889251340967,0.1491185247625397,0.011061694605998403,0.011061694605998403,89.4020618556701,13.48062209940939,0.1380568301565413,0.21649484536082475,0.21649484536082475,0.144,0.9978090405904059,0.025997833646306506,1.2111573076028543,0.06185567010309284,0.06185567010309284
hHep_Non-Specific_1000,cl_v6_fair,mlp,962/1000,full_candidate,0.22624094784259796,0.06013074889779091,0.16611019894480705,1.1758252382278442,1.339951515197754,0.16412627696990967,0.8497635475710428,0.10325061803241643,0.011061694605998403,0.011061694605998403,89.4020618556701,9.334068758002678,0.09218892342641803,0.18556701030927836,0.18556701030927836,0.0,1.0,-0.0046709786179987695,0.95671877767775,0.03092783505154645,0.03092783505154645
hHep_STRING_500,cl_v6_fair,lr,487/500,tf_stratified_1to10,0.2607298791408539,0.06181526184082031,0.19891461730003357,1.1505964994430542,1.3464504480361938,0.19585394859313965,0.8853704450719376,0.5265286091611593,0.09140518417462483,0.09140518417462483,9.940298507462687,5.760380156942235,0.43512342498653445,0.44776119402985076,0.44776119402985076,0.45390070921985815,0.9369369369369369,-0.0027432666314730625,0.9948169045873352,-0.04477611940298504,-0.04477611940298504
hHep_STRING_500,cl_v6_fair,mlp,487/500,tf_stratified_1to10,0.2607298791408539,0.06181526184082031,0.19891461730003357,1.1505964994430542,1.3464504480361938,0.19585394859313965,0.9227399040831876,0.6393004060970234,0.09140518417462483,0.09140518417462483,9.940298507462687,6.994137278643555,0.5478952219223986,0.5671641791044776,0.5671641791044776,0.5692307692307692,0.960960960960961,0.0074404347212029265,1.0117754487675519,-0.014925373134328401,-0.014925373134328401
hHep_STRING_500,cl_v6_fair,lr,487/500,full_candidate,0.2607298791408539,0.06455375999212265,0.19617611914873123,1.1505964994430542,1.344174861907959,0.19357836246490479,0.8819334740354114,0.38584604571557624,0.027583367641004528,0.027583367641004528,35.25373134328358,13.988358881240817,0.3582626780745717,0.417910447761194,0.417910447761194,0.3939393939393939,0.9834885690093141,-0.11888633831787254,0.7644566861990882,-0.10447761194029848,-0.10447761194029848
hHep_STRING_500,cl_v6_fair,mlp,487/500,full_candidate,0.2607298791408539,0.06455375999212265,0.19617611914873123,1.1505964994430542,1.344174861907959,0.19357836246490479,0.9188677695350512,0.5462974589488951,0.027583367641004528,0.027583367641004528,35.25373134328358,19.805321310251735,0.5187140913078906,0.5522388059701493,0.5522388059701493,0.45544554455445546,0.9953429297205758,-0.05006313996200962,0.9160522340787817,-0.02985074626865669,-0.02985074626865669
hHep_STRING_1000,cl_v6_fair,lr,962/1000,tf_stratified_1to10,0.22784756124019623,0.06196022033691406,0.16588734090328217,1.1764909029006958,1.3245457410812378,0.148054838180542,0.8545029745808544,0.42896502476380854,0.09090909090909091,0.09090909090909091,10.0,4.718615272401894,0.33805593385471766,0.46511627906976744,0.46511627906976744,0.4520884520884521,0.9534883720930233,-0.08843610319804457,0.8290763231490966,-0.03720930232558145,-0.03720930232558145
hHep_STRING_1000,cl_v6_fair,mlp,962/1000,tf_stratified_1to10,0.22784756124019623,0.06196022033691406,0.16588734090328217,1.1764909029006958,1.3245457410812378,0.148054838180542,0.8959329367225528,0.5941943993336384,0.09090909090909091,0.09090909090909091,10.0,6.536138392670022,0.5032853084245474,0.5534883720930233,0.5534883720930233,0.504297994269341,0.9786046511627907,0.0014989961052435108,1.0025291171436093,-0.0046511627906976605,-0.0046511627906976605
hHep_STRING_1000,cl_v6_fair,lr,962/1000,full_candidate,0.22784756124019623,0.06469307839870453,0.1631544828414917,1.1764909029006958,1.3166582584381104,0.14016735553741455,0.887336437204658,0.37405634239716545,0.017575410774135537,0.017575410774135537,55.89767441860465,21.28293598392802,0.3564809316230299,0.40930232558139534,0.40930232558139534,0.37540453074433655,0.9970044932601099,-0.04174730113940145,0.8995985201468517,-0.04651162790697677,-0.04651162790697677
hHep_STRING_1000,cl_v6_fair,mlp,962/1000,full_candidate,0.22784756124019623,0.06469307839870453,0.1631544828414917,1.1764909029006958,1.3166582584381104,0.14016735553741455,0.8935732060823492,0.4867246750725338,0.017575410774135537,0.017575410774135537,55.89767441860465,27.693502093778164,0.46914926429839826,0.4790697674418605,0.4790697674418605,0.4952978056426332,0.9979197869861874,0.009396483582895299,1.019685582688024,0.023255813953488358,0.023255813953488358
mDC_Specific_500,cl_v6_fair,lr,387/500,tf_stratified_1to10,0.2202570140361786,0.12428448349237442,0.09597253054380417,1.2817901372909546,1.2271215915679932,-0.054668545722961426,0.634375,0.16048316173316174,0.09090909090909091,0.09090909090909091,10.0,1.7653147790647792,0.06957407082407083,0.25,0.25,0.16666666666666666,0.9625,-0.00553096698094685,0.9666837574380691,0.0,0.0
mDC_Specific_500,cl_v6_fair,mlp,387/500,tf_stratified_1to10,0.2202570140361786,0.12428448349237442,0.09597253054380417,1.2817901372909546,1.2271215915679932,-0.054668545722961426,0.475,0.11793214649683421,0.09090909090909091,0.09090909090909091,10.0,1.2972536114651763,0.027023055587743303,0.125,0.125,0.0,1.0,-0.056801778759389396,0.6749241529594364,0.0,0.0
mDC_Specific_500,cl_v6_fair,lr,387/500,full_candidate,0.2202570140361786,0.11736012250185013,0.10289689153432846,1.2817901372909546,1.2371714115142822,-0.04461872577667236,0.8419282511210763,0.17735291546247542,0.03463203463203463,0.03463203463203463,27.875,5.121065433978978,0.1427208808304408,0.375,0.375,0.0,0.9865470852017937,-0.036568425075540895,0.8290566757689029,0.125,0.125
mDC_Specific_500,cl_v6_fair,mlp,387/500,full_candidate,0.2202570140361786,0.11736012250185013,0.10289689153432846,1.2817901372909546,1.2371714115142822,-0.04461872577667236,0.4254484304932735,0.031479289326539414,0.03463203463203463,0.03463203463203463,27.875,0.9089644793038256,-0.003152745305495218,0.0,0.0,0.0,1.0,-0.1405036049370822,0.18303732741168313,-0.125,-0.125
mDC_Specific_1000,cl_v6_fair,lr,803/1000,tf_stratified_1to10,0.08085271716117859,0.05244087427854538,0.02841184288263321,1.3630735874176025,1.3481348752975464,-0.014938712120056152,0.6764829638752052,0.325702435136683,0.1674641148325359,0.1674641148325359,4.9714285714285715,1.9449088269590498,0.1582383203041471,0.37857142857142856,0.37857142857142856,0.36015325670498083,0.8936781609195402,0.03189346339151222,1.1085517001134138,0.02857142857142858,0.02857142857142858
mDC_Specific_1000,cl_v6_fair,mlp,803/1000,tf_stratified_1to10,0.08085271716117859,0.05244087427854538,0.02841184288263321,1.3630735874176025,1.3481348752975464,-0.014938712120056152,0.758451354679803,0.46391628056447864,0.1674641148325359,0.1674641148325359,4.9714285714285715,2.7702429325136007,0.2964521657319428,0.4714285714285714,0.4714285714285714,0.3669724770642202,0.9454022988505747,0.037288262251823245,1.087402281733162,0.0714285714285714,0.0714285714285714
mDC_Specific_1000,cl_v6_fair,lr,803/1000,full_candidate,0.08085271716117859,0.0585908517241478,0.022261865437030792,1.3630735874176025,1.3347681760787964,-0.028305411338806152,0.8359111855886049,0.35534832022274604,0.07588075880758807,0.07588075880758807,12.178571428571429,4.682983220078332,0.27946756141515794,0.35714285714285715,0.35714285714285715,0.3605150214592275,0.9700879765395894,0.01565052297296443,1.04607190008199,5.551115123125783e-17,5.551115123125783e-17
mDC_Specific_1000,cl_v6_fair,mlp,803/1000,full_candidate,0.08085271716117859,0.0585908517241478,0.022261865437030792,1.3630735874176025,1.3347681760787964,-0.028305411338806152,0.8753770423125261,0.4575332545859602,0.07588075880758807,0.07588075880758807,12.178571428571429,6.0296346765078335,0.3816524957783721,0.4357142857142857,0.4357142857142857,0.34285714285714286,0.980058651026393,0.027863674042124642,1.0648490731106843,-0.021428571428571352,-0.021428571428571352
mDC_Non-Specific_500,cl_v6_fair,lr,387/500,tf_stratified_1to10,0.2860060930252075,0.07895222306251526,0.20705386996269226,1.2125000953674316,1.3073405027389526,0.094840407371521,0.7413223140495867,0.5141385143908079,0.09090909090909091,0.09090909090909091,10.0,5.655523658298887,0.423229423481717,0.5454545454545454,0.5454545454545454,0.47058823529411764,0.9818181818181818,-0.017389250067137985,0.9672843993674128,0.0,0.0
mDC_Non-Specific_500,cl_v6_fair,mlp,387/500,tf_stratified_1to10,0.2860060930252075,0.07895222306251526,0.20705386996269226,1.2125000953674316,1.3073405027389526,0.094840407371521,0.7537190082644628,0.5051075794599593,0.09090909090909091,0.09090909090909091,10.0,5.556183374059552,0.4141984885508684,0.45454545454545453,0.45454545454545453,0.4444444444444444,0.9727272727272728,0.06471775630137344,1.146955612727836,0.09090909090909094,0.09090909090909094
mDC_Non-Specific_500,cl_v6_fair,lr,387/500,full_candidate,0.2860060930252075,0.09820497781038284,0.18780111521482468,1.2125000953674316,1.3288922309875488,0.11639213562011719,0.7510227272727272,0.25244504617741126,0.013563501849568433,0.013563501849568433,72.72727272727273,18.61208476817096,0.23888154432784284,0.2727272727272727,0.2727272727272727,0.2857142857142857,0.99875,0.05824340834932737,1.2999120347320987,0.09090909090909091,0.09090909090909091
mDC_Non-Specific_500,cl_v6_fair,mlp,387/500,full_candidate,0.2860060930252075,0.09820497781038284,0.18780111521482468,1.2125000953674316,1.3288922309875488,0.11639213562011719,0.5743181818181818,0.13077672166679477,0.013563501849568433,0.013563501849568433,72.72727272727273,9.641811024706415,0.11721321981722634,0.18181818181818182,0.18181818181818182,0.0,1.0,0.07190642763805988,2.2214382283017247,0.09090909090909093,0.09090909090909093
mDC_Non-Specific_1000,cl_v6_fair,lr,803/1000,tf_stratified_1to10,0.16957896947860718,0.04660004749894142,0.12297892197966576,1.1906665563583374,1.260043740272522,0.06937718391418457,0.782594195060393,0.36913122793989034,0.09090909090909091,0.09090909090909091,10.0,4.0604435073387934,0.27822213703079945,0.3875968992248062,0.3875968992248062,0.3967611336032389,0.9465116279069767,0.09294624198599544,1.33653618666118,0.06976744186046513,0.06976744186046513
mDC_Non-Specific_1000,cl_v6_fair,mlp,803/1000,tf_stratified_1to10,0.16957896947860718,0.04660004749894142,0.12297892197966576,1.1906665563583374,1.260043740272522,0.06937718391418457,0.8257376359593773,0.5120767953363146,0.09090909090909091,0.09090909090909091,10.0,5.63284474869946,0.4211677044272236,0.49612403100775193,0.49612403100775193,0.4,0.9883720930232558,0.024157871106693984,1.0495120601129317,0.03100775193798455,0.03100775193798455
mDC_Non-Specific_1000,cl_v6_fair,lr,803/1000,full_candidate,0.16957896947860718,0.0628933534026146,0.10668561607599258,1.1906665563583374,1.2919577360153198,0.10129117965698242,0.8688550378857398,0.18321882662984237,0.014334926102900322,0.014334926102900322,68.75968992248062,12.78128853365854,0.16888390052694205,0.23255813953488372,0.23255813953488372,0.20994475138121546,0.9962795941375423,0.010716507345240267,1.062123844999205,0.00775193798449611,0.00775193798449611
mDC_Non-Specific_1000,cl_v6_fair,mlp,803/1000,full_candidate,0.16957896947860718,0.0628933534026146,0.10668561607599258,1.1906665563583374,1.2919577360153198,0.10129117965698242,0.8741887557571467,0.20605862440334052,0.014334926102900322,0.014334926102900322,68.75968992248062,14.374585744229934,0.1917236983004402,0.26356589147286824,0.26356589147286824,0.03007518796992481,0.9997745208568207,0.01491056901171603,1.0780053397936324,-0.007751937984496082,-0.007751937984496082
mDC_STRING_500,cl_v6_fair,lr,387/500,tf_stratified_1to10,0.22288541495800018,0.07219287753105164,0.15069253742694855,1.2422267198562622,1.314341425895691,0.07211470603942871,0.8656851534210025,0.41742349564009285,0.09401709401709402,0.09401709401709402,9.636363636363637,4.439868089990078,0.32340640162299883,0.45454545454545453,0.45454545454545453,0.4788732394366197,0.9339622641509434,0.036357981419203045,1.0954113664510914,0.06060606060606061,0.06060606060606061
mDC_STRING_500,cl_v6_fair,mlp,387/500,tf_stratified_1to10,0.22288541495800018,0.07219287753105164,0.15069253742694855,1.2422267198562622,1.314341425895691,0.07211470603942871,0.7269392033542977,0.41627262058714803,0.09401709401709402,0.09401709401709402,9.636363636363637,4.427626964426938,0.322255526570054,0.3939393939393939,0.3939393939393939,0.0,1.0,0.08071242607454354,1.2405303948276014,0.06060606060606061,0.06060606060606061
mDC_STRING_500,cl_v6_fair,lr,387/500,full_candidate,0.22288541495800018,0.06295804679393768,0.1599273681640625,1.2422267198562622,1.2275081872940063,-0.01471853256225586,0.8777003910068426,0.38921709111846997,0.025923016496465043,0.025923016496465043,37.57575757575758,15.014344151327645,0.3632940746220049,0.42424242424242425,0.42424242424242425,0.41379310344827586,0.989516129032258,0.18505841723803268,1.9064440600079964,0.15151515151515155,0.15151515151515155
mDC_STRING_500,cl_v6_fair,mlp,387/500,full_candidate,0.22288541495800018,0.06295804679393768,0.1599273681640625,1.2422267198562622,1.2275081872940063,-0.01471853256225586,0.918377321603128,0.5257117034729583,0.025923016496465043,0.025923016496465043,37.57575757575758,20.27972722791139,0.4997886869764932,0.5151515151515151,0.5151515151515151,0.4583333333333333,0.9967741935483871,0.01898104244989507,1.037457852681684,0.0,0.0
mDC_STRING_1000,cl_v6_fair,lr,803/1000,tf_stratified_1to10,0.16694699227809906,0.05577079951763153,0.11117619276046753,1.1946702003479004,1.2387932538986206,0.044123053550720215,0.8478732171882513,0.43968877950319457,0.09090909090909091,0.09090909090909091,10.0,4.83657657453514,0.3487796885941037,0.5167464114832536,0.5167464114832536,0.5012406947890818,0.9555023923444976,-0.03852039290597642,0.9194486531659054,0.019138755980861344,0.019138755980861344
mDC_STRING_1000,cl_v6_fair,mlp,803/1000,tf_stratified_1to10,0.16694699227809906,0.05577079951763153,0.11117619276046753,1.1946702003479004,1.2387932538986206,0.044123053550720215,0.9025171127034638,0.6499848049282085,0.09090909090909091,0.09090909090909091,10.0,7.149832854210294,0.5590757140191176,0.6602870813397129,0.6602870813397129,0.654054054054054,0.9808612440191388,-0.00803001064081399,0.9877966111844,0.019138755980861233,0.019138755980861233
mDC_STRING_1000,cl_v6_fair,lr,803/1000,full_candidate,0.16694699227809906,0.05632323771715164,0.11062375456094742,1.1946702003479004,1.2607314586639404,0.06606125831604004,0.8828835612552081,0.3775412500736719,0.022638648180242634,0.022638648180242634,43.17224880382775,16.676846031962388,0.35490260189342926,0.4688995215311005,0.4688995215311005,0.3368421052631579,0.9968968192397207,-0.007009215735772012,0.9817729625654755,0.04784688995215319,0.04784688995215319
mDC_STRING_1000,cl_v6_fair,mlp,803/1000,full_candidate,0.16694699227809906,0.05632323771715164,0.11062375456094742,1.1946702003479004,1.2607314586639404,0.06606125831604004,0.9062024904987626,0.5479214963475341,0.022638648180242634,0.022638648180242634,43.17224880382775,24.202924661628874,0.5252828481672914,0.5645933014354066,0.5645933014354066,0.5096774193548387,0.9975617865454949,0.0194874550743821,1.0368777435825867,0.028708133971291794,0.028708133971291794
mHSC-E_Specific_500,cl_v6_fair,lr,457/500,tf_stratified_1to10,0.006655216217041016,0.01622277870774269,-0.009567562490701675,1.4643938541412354,1.4300401210784912,-0.03435373306274414,0.7400930851063829,0.7273990012320815,0.4786150712830957,0.4786150712830957,1.0893617021276596,1.5197996153402213,0.24878392994898574,0.6638297872340425,0.6638297872340425,0.6857142857142857,0.66015625,-0.04866888554448523,0.9372878502335232,-0.04680851063829794,-0.04680851063829794
mHSC-E_Specific_500,cl_v6_fair,mlp,457/500,tf_stratified_1to10,0.006655216217041016,0.01622277870774269,-0.009567562490701675,1.4643938541412354,1.4300401210784912,-0.03435373306274414,0.8087932180851064,0.8219153524983022,0.4786150712830957,0.4786150712830957,1.0893617021276596,1.717278459900708,0.34330028121520645,0.7276595744680852,0.7276595744680852,0.7379454926624738,0.7421875,0.018451196123623226,1.0229645541462324,0.008510638297872353,0.008510638297872353
mHSC-E_Specific_500,cl_v6_fair,lr,457/500,full_candidate,0.006655216217041016,0.029195787385106087,-0.02254057116806507,1.4643938541412354,1.402328372001648,-0.0620654821395874,0.8176626580326858,0.7585227391898237,0.4051724137931034,0.4051724137931034,1.4680851063829787,1.8720986754472246,0.3533503253967203,0.7021276595744681,0.7021276595744681,0.7014613778705637,0.7797101449275362,0.012746102469938791,1.0170910455521902,0.05531914893617018,0.05531914893617018
mHSC-E_Specific_500,cl_v6_fair,mlp,457/500,full_candidate,0.006655216217041016,0.029195787385106087,-0.02254057116806507,1.4643938541412354,1.402328372001648,-0.0620654821395874,0.8671230342275671,0.8209386669240589,0.4051724137931034,0.4051724137931034,1.4680851063829787,2.026146497089167,0.4157662531309555,0.7361702127659574,0.7361702127659574,0.7442827442827443,0.8057971014492754,0.01930197516672738,1.0240782082022892,0.017021276595744594,0.017021276595744594
mHSC-E_Specific_1000,cl_v6_fair,lr,917/1000,tf_stratified_1to10,0.017285548150539398,0.014528694562613964,0.002756853587925434,1.3677703142166138,1.388400912284851,0.020630598068237305,0.8221027645706134,0.8871962049306631,0.6146827042720863,0.6146827042720863,0.626855600539811,1.4433401147691152,0.2725135006585768,0.7894736842105263,0.7894736842105263,0.7890802729931752,0.589881593110872,-0.0011110357688999262,0.998749266337146,-0.009446693657219951,-0.009446693657219951
mHSC-E_Specific_1000,cl_v6_fair,mlp,917/1000,tf_stratified_1to10,0.017285548150539398,0.014528694562613964,0.002756853587925434,1.3677703142166138,1.388400912284851,0.020630598068237305,0.8422519825273211,0.9002405982925992,0.6146827042720863,0.6146827042720863,0.626855600539811,1.4645614591656253,0.2855578940205129,0.8070175438596491,0.8070175438596491,0.8102331606217616,0.6178686759956943,0.00387962887042248,1.0043281992442437,0.0026990553306341925,0.0026990553306341925
mHSC-E_Specific_1000,cl_v6_fair,lr,917/1000,full_candidate,0.017285548150539398,0.03561243414878845,-0.018326885998249054,1.3677703142166138,1.349019169807434,-0.018751144409179688,0.8959530172344818,0.8892868706506982,0.494,0.494,1.0242914979757085,1.800175851519632,0.39528687065069823,0.8029689608636977,0.8029689608636977,0.8051265198816957,0.7786561264822134,0.004779921048764457,1.005404051433305,0.006072874493927127,0.006072874493927127
mHSC-E_Specific_1000,cl_v6_fair,mlp,917/1000,full_candidate,0.017285548150539398,0.03561243414878845,-0.018326885998249054,1.3677703142166138,1.349019169807434,-0.018751144409179688,0.9068023573172315,0.9042346616807945,0.494,0.494,1.0242914979757085,1.8304345378153735,0.4102346616807945,0.8164642375168691,0.8164642375168691,0.8150843532914324,0.7964426877470355,0.026431487579027357,1.0301109501068666,0.020242914979757165,0.020242914979757165
mHSC-E_Non-Specific_500,cl_v6_fair,lr,457/500,tf_stratified_1to10,0.1478521078824997,0.02947460301220417,0.11837750487029552,1.2397011518478394,1.3555850982666016,0.11588394641876221,0.7451002562942861,0.2716668009087852,0.09865470852017937,0.09865470852017937,9.136363636363637,2.7537134819390503,0.17301209238860582,0.2878787878787879,0.2878787878787879,0.27972027972027974,0.9054726368159204,-0.037178028976975974,0.8796223042142944,-0.045454545454545414,-0.045454545454545414
mHSC-E_Non-Specific_500,cl_v6_fair,mlp,457/500,tf_stratified_1to10,0.1478521078824997,0.02947460301220417,0.11837750487029552,1.2397011518478394,1.3555850982666016,0.11588394641876221,0.7464319815066084,0.37168420629310844,0.09865470852017937,0.09865470852017937,9.136363636363637,3.767526272880145,0.27302949777292906,0.3484848484848485,0.3484848484848485,0.3925233644859813,0.966832504145937,0.007513866291473825,1.020632834325387,-0.015151515151515083,-0.015151515151515083
mHSC-E_Non-Specific_500,cl_v6_fair,lr,457/500,full_candidate,0.1478521078824997,0.030620716512203217,0.11723139137029648,1.2397011518478394,1.345932960510254,0.10623180866241455,0.8242513972209404,0.18675714848685832,0.027160493827160494,0.027160493827160494,35.81818181818182,6.876058648834329,0.15959665465969783,0.21212121212121213,0.21212121212121213,0.23529411764705882,0.983502538071066,0.035225032269398215,1.2324591852122422,-0.015151515151515083,-0.015151515151515083
mHSC-E_Non-Specific_500,cl_v6_fair,mlp,457/500,full_candidate,0.1478521078824997,0.030620716512203217,0.11723139137029648,1.2397011518478394,1.345932960510254,0.10623180866241455,0.8767369122699074,0.2535553030648022,0.027160493827160494,0.027160493827160494,35.81818181818182,9.33544524920408,0.2263948092376417,0.2878787878787879,0.2878787878787879,0.1095890410958904,0.998730964467005,-0.016398469285284323,0.9392545281270638,0.0,0.0
mHSC-E_Non-Specific_1000,cl_v6_fair,lr,917/1000,tf_stratified_1to10,0.12370079755783081,0.0265753585845232,0.09712543897330761,1.2706356048583984,1.3420902490615845,0.07145464420318604,0.76505468887654,0.2939328455223028,0.09694989106753812,0.09694989106753812,9.314606741573034,3.03180170999409,0.19698295445476469,0.3146067415730337,0.3146067415730337,0.30128205128205127,0.9475271411338962,-0.033003632146120565,0.899051851352015,-0.0674157303370786,-0.0674157303370786
mHSC-E_Non-Specific_1000,cl_v6_fair,mlp,917/1000,tf_stratified_1to10,0.12370079755783081,0.0265753585845232,0.09712543897330761,1.2706356048583984,1.3420902490615845,0.07145464420318604,0.7968565755411285,0.4030084066322046,0.09694989106753812,0.09694989106753812,9.314606741573034,4.156873227959144,0.30605851556466646,0.42696629213483145,0.42696629213483145,0.373015873015873,0.9837153196622437,0.007379924695122886,1.0186536739189986,0.05056179775280906,0.05056179775280906
mHSC-E_Non-Specific_1000,cl_v6_fair,lr,917/1000,full_candidate,0.12370079755783081,0.03234567493200302,0.09135512262582779,1.2706356048583984,1.307666301727295,0.037030696868896484,0.8588693214505908,0.20095785804809235,0.01607078367641748,0.01607078367641748,61.2247191011236,12.504546268206017,0.18488707437167487,0.29213483146067415,0.29213483146067415,0.17391304347826086,0.9970636814094329,-0.032253493257412946,0.8616984418774621,-0.02247191011235955,-0.02247191011235955
mHSC-E_Non-Specific_1000,cl_v6_fair,mlp,917/1000,full_candidate,0.12370079755783081,0.03234567493200302,0.09135512262582779,1.2706356048583984,1.307666301727295,0.037030696868896484,0.8837331764822326,0.24723864307277693,0.01607078367641748,0.01607078367641748,61.2247191011236,15.384355116146502,0.23116785939635945,0.29775280898876405,0.29775280898876405,0.21238938053097345,0.9977977610570747,-0.02564358127008065,0.9060269267013066,0.011235955056179858,0.011235955056179858
mHSC-E_STRING_500,cl_v6_fair,lr,457/500,tf_stratified_1to10,0.22339573502540588,0.04571818932890892,0.17767754569649696,1.1843615770339966,1.314960241317749,0.13059866428375244,0.9049841353781068,0.5308702347030829,0.09226190476190477,0.09226190476190477,9.838709677419354,5.753948350330189,0.43860832994117815,0.532258064516129,0.532258064516129,0.5522388059701493,0.9426229508196722,-0.0068404563303979815,0.9872785562116109,-0.016129032258064502,-0.016129032258064502
mHSC-E_STRING_500,cl_v6_fair,mlp,457/500,tf_stratified_1to10,0.22339573502540588,0.04571818932890892,0.17767754569649696,1.1843615770339966,1.314960241317749,0.13059866428375244,0.9186805922792174,0.7065387020266091,0.09226190476190477,0.09226190476190477,9.838709677419354,7.657967867127117,0.6142767972647043,0.6935483870967742,0.6935483870967742,0.6476190476190476,0.9852459016393442,-0.016633536168943586,0.9769992053200938,0.0,0.0
mHSC-E_STRING_500,cl_v6_fair,lr,457/500,full_candidate,0.22339573502540588,0.03569689020514488,0.187698844820261,1.1843615770339966,1.3322205543518066,0.14785897731781006,0.9100336258976405,0.48539875444489394,0.021438450899031812,0.021438450899031812,45.645161290322584,22.641503191203764,0.46396030354586215,0.532258064516129,0.532258064516129,0.55,0.991166077738516,0.04115519712744703,1.0926410669317557,0.08064516129032262,0.08064516129032262
mHSC-E_STRING_500,cl_v6_fair,mlp,457/500,full_candidate,0.22339573502540588,0.03569689020514488,0.187698844820261,1.1843615770339966,1.3322205543518066,0.14785897731781006,0.9039638664082982,0.5631710914609865,0.021438450899031812,0.021438450899031812,45.645161290322584,26.269206395244726,0.5417326405619547,0.5161290322580645,0.5161290322580645,0.5434782608695652,0.9982332155477032,-0.04363098858389258,0.9280968374718394,-0.048387096774193616,-0.048387096774193616
mHSC-E_STRING_1000,cl_v6_fair,lr,917/1000,tf_stratified_1to10,0.21872404217720032,0.03294607251882553,0.1857779696583748,1.1890171766281128,1.3162235021591187,0.12720632553100586,0.885164469880911,0.532540649762488,0.09090909090909091,0.09090909090909091,10.0,5.857947147387368,0.4416315588533971,0.543010752688172,0.543010752688172,0.5497382198952879,0.9510752688172043,0.00870349108499957,1.0166148791486516,0.043010752688172005,0.043010752688172005
mHSC-E_STRING_1000,cl_v6_fair,mlp,917/1000,tf_stratified_1to10,0.21872404217720032,0.03294607251882553,0.1857779696583748,1.1890171766281128,1.3162235021591187,0.12720632553100586,0.9258657070181524,0.7203524803897026,0.09090909090909091,0.09090909090909091,10.0,7.923877284286728,0.6294433894806116,0.6827956989247311,0.6827956989247311,0.6791277258566978,0.986021505376344,0.0033350249211654415,1.004651246487418,0.021505376344086002,0.021505376344086002
mHSC-E_STRING_1000,cl_v6_fair,lr,917/1000,full_candidate,0.21872404217720032,0.03295261040329933,0.18577143177390099,1.1890171766281128,1.3044966459274292,0.1154794692993164,0.8859279940366992,0.49293785480030927,0.015207260240372823,0.015207260240372823,64.75806451612904,32.41463925840098,0.47773059455993644,0.5,0.5,0.5208333333333334,0.997758405977584,0.038953882542745066,1.085804532589631,-0.005376344086021501,-0.005376344086021501
mHSC-E_STRING_1000,cl_v6_fair,mlp,917/1000,full_candidate,0.21872404217720032,0.03295261040329933,0.18577143177390099,1.1890171766281128,1.3044966459274292,0.1154794692993164,0.8982192673531604,0.5211342055029946,0.015207260240372823,0.015207260240372823,64.75806451612904,34.26877670702756,0.5059269452626218,0.5,0.5,0.49056603773584906,0.9988376919883769,-0.019169601504531064,0.9645206988070234,-0.005376344086021501,-0.005376344086021501
mHSC-GM_Specific_500,cl_v6_fair,lr,449/500,tf_stratified_1to10,0.02768600545823574,0.018943266943097115,0.008742738515138626,1.368121862411499,1.3939704895019531,0.0258486270904541,0.7722597671665352,0.8072619993356853,0.5530864197530864,0.5530864197530864,0.8080357142857143,1.4595585255846097,0.25417557958259895,0.7232142857142857,0.7232142857142857,0.7389903329752954,0.6160220994475138,0.03862386589277533,1.050249739392671,0.017857142857142794,0.017857142857142794
mHSC-GM_Specific_500,cl_v6_fair,mlp,449/500,tf_stratified_1to10,0.02768600545823574,0.018943266943097115,0.008742738515138626,1.368121862411499,1.3939704895019531,0.0258486270904541,0.7860164265982637,0.8185014517759666,0.5530864197530864,0.5530864197530864,0.8080357142857143,1.479879857005654,0.2654150320228802,0.7410714285714286,0.7410714285714286,0.7650727650727651,0.5966850828729282,0.03429700210779596,1.0437347711075964,0.008928571428571508,0.008928571428571508
mHSC-GM_Specific_500,cl_v6_fair,lr,449/500,full_candidate,0.02768600545823574,0.014501761645078659,0.013184243813157082,1.368121862411499,1.4059537649154663,0.037831902503967285,0.7818696971191791,0.8110261488091263,0.5530864197530864,0.5530864197530864,0.8080357142857143,1.4663642422665009,0.2579397290560399,0.7299107142857143,0.7299107142857143,0.7244785949506037,0.6325966850828729,0.03144110325883975,1.0403305623142711,0.017857142857142905,0.017857142857142905
mHSC-GM_Specific_500,cl_v6_fair,mlp,449/500,full_candidate,0.02768600545823574,0.014501761645078659,0.013184243813157082,1.368121862411499,1.4059537649154663,0.037831902503967285,0.7883811414759274,0.818348565352609,0.5530864197530864,0.5530864197530864,0.8080357142857143,1.479603432891994,0.26526214559952266,0.7477678571428571,0.7477678571428571,0.7477678571428571,0.6878453038674033,0.008714568108076692,1.0107635896438827,0.0022321428571427937,0.0022321428571427937
mHSC-GM_Specific_1000,cl_v6_fair,lr,895/1000,tf_stratified_1to10,0.022611165419220924,0.014464307576417923,0.008146857842803001,1.3503191471099854,1.3736932277679443,0.023374080657958984,0.8155187638923103,0.860257913253587,0.5780287474332649,0.5780287474332649,0.7300177619893428,1.4882614698205927,0.2822291658203221,0.7791592658377738,0.7791592658377738,0.7832943925233645,0.6804541768045418,0.0068515732400967755,1.008028500514759,-0.002368265245707546,-0.002368265245707546
mHSC-GM_Specific_1000,cl_v6_fair,mlp,895/1000,tf_stratified_1to10,0.022611165419220924,0.014464307576417923,0.008146857842803001,1.3503191471099854,1.3736932277679443,0.023374080657958984,0.8239983251197938,0.870984272382315,0.5780287474332649,0.5780287474332649,0.7300177619893428,1.5068182616347687,0.2929555249490501,0.7827116637063352,0.7827116637063352,0.7824280201840309,0.7064071370640713,0.009902158793813842,1.0114996684259847,0.009473060982830073,0.009473060982830073
mHSC-GM_Specific_1000,cl_v6_fair,lr,895/1000,full_candidate,0.022611165419220924,0.022739622741937637,-0.00012845732271671295,1.3503191471099854,1.340632677078247,-0.009686470031738281,0.8741191971247257,0.8615902720782534,0.4875866050808314,0.4875866050808314,1.0509177027827117,1.767050741550663,0.37400366699742205,0.7821195973949082,0.7821195973949082,0.7882697947214077,0.7876056338028169,0.007228350458883481,1.0084605250725394,0.005920663114268754,0.005920663114268754
mHSC-GM_Specific_1000,cl_v6_fair,mlp,895/1000,full_candidate,0.022611165419220924,0.022739622741937637,-0.00012845732271671295,1.3503191471099854,1.340632677078247,-0.009686470031738281,0.8774155888558108,0.8693955412549059,0.4875866050808314,0.4875866050808314,1.0509177027827117,1.7830587062800438,0.3818089361740745,0.7773830669034932,0.7773830669034932,0.7687137183012527,0.8163380281690141,0.009597833207163564,1.011162896943464,-0.002960331557134377,-0.002960331557134377
mHSC-GM_Non-Specific_500,cl_v6_fair,lr,449/500,tf_stratified_1to10,0.10784300416707993,0.002152123488485813,0.10569088067859411,1.2997376918792725,1.38986337184906,0.0901256799697876,0.6692636423405655,0.2736316816785149,0.09090909090909091,0.09090909090909091,10.0,3.009948498463664,0.18272259076942401,0.3076923076923077,0.3076923076923077,0.28,0.8794871794871795,-0.01291362433451626,0.9549333942537903,-0.025641025641025605,-0.025641025641025605
mHSC-GM_Non-Specific_500,cl_v6_fair,mlp,449/500,tf_stratified_1to10,0.10784300416707993,0.002152123488485813,0.10569088067859411,1.2997376918792725,1.38986337184906,0.0901256799697876,0.5906969099276791,0.20832459966076083,0.09090909090909091,0.09090909090909091,10.0,2.291570596268369,0.11741550875166992,0.2564102564102564,0.2564102564102564,0.0975609756097561,1.0,-0.056991999632735546,0.7851924840567915,0.02564102564102569,0.02564102564102569
mHSC-GM_Non-Specific_500,cl_v6_fair,lr,449/500,full_candidate,0.10784300416707993,0.019093360751867294,0.08874964341521263,1.2997376918792725,1.3665047883987427,0.06676709651947021,0.8080469657868128,0.22072413520103012,0.02243958573072497,0.02243958573072497,43.56410256410256,9.836372999471548,0.19828454947030516,0.2564102564102564,0.2564102564102564,0.26666666666666666,0.9846968805179518,0.006679733672400517,1.0312072337547515,0.0,0.0
mHSC-GM_Non-Specific_500,cl_v6_fair,mlp,449/500,full_candidate,0.10784300416707993,0.019093360751867294,0.08874964341521263,1.2997376918792725,1.3665047883987427,0.06676709651947021,0.7540634762529994,0.08077816464092673,0.02243958573072497,0.02243958573072497,43.56410256410256,3.599806413998222,0.058338578910201756,0.10256410256410256,0.10256410256410256,0.0,1.0,-0.029312824024430667,0.7337400237767611,0.02564102564102566,0.02564102564102566
mHSC-GM_Non-Specific_1000,cl_v6_fair,lr,895/1000,tf_stratified_1to10,0.11359019577503204,0.011948979459702969,0.10164121631532907,1.2834933996200562,1.348718285560608,0.06522488594055176,0.744341139038434,0.3086890976403795,0.0936431989063568,0.0936431989063568,9.678832116788321,3.29643904998449,0.2150458987340227,0.3357664233576642,0.3357664233576642,0.3382352941176471,0.9328808446455505,-0.0015088438879052313,0.9951358675029516,0.0,0.0
mHSC-GM_Non-Specific_1000,cl_v6_fair,mlp,895/1000,tf_stratified_1to10,0.11359019577503204,0.011948979459702969,0.10164121631532907,1.2834933996200562,1.348718285560608,0.06522488594055176,0.772962975195693,0.4136400661521882,0.0936431989063568,0.0936431989063568,9.678832116788321,4.417192823216433,0.3199968672458314,0.38686131386861317,0.38686131386861317,0.36065573770491804,0.9901960784313726,0.08737984626142686,1.2678225567636883,0.08029197080291978,0.08029197080291978
mHSC-GM_Non-Specific_1000,cl_v6_fair,lr,895/1000,full_candidate,0.11359019577503204,0.026188664138317108,0.08740153163671494,1.2834933996200562,1.320122241973877,0.0366288423538208,0.853357637554958,0.1938686051704839,0.012363505098817796,0.012363505098817796,79.88321167883211,15.680715429884176,0.18150510007166612,0.23357664233576642,0.23357664233576642,0.21875,0.9968932748538012,-0.00561310472943069,0.971861556970569,-0.007299270072992692,-0.007299270072992692
mHSC-GM_Non-Specific_1000,cl_v6_fair,mlp,895/1000,full_candidate,0.11359019577503204,0.026188664138317108,0.08740153163671494,1.2834933996200562,1.320122241973877,0.0366288423538208,0.8705496729201349,0.2631803227031131,0.012363505098817796,0.012363505098817796,79.88321167883211,21.286869750899243,0.2508168176042953,0.25547445255474455,0.25547445255474455,0.3,0.9985380116959064,-0.0032755333625602012,0.9877070318103462,-0.007299270072992636,-0.007299270072992636
mHSC-GM_STRING_500,cl_v6_fair,lr,449/500,tf_stratified_1to10,0.19417314231395721,0.026234805583953857,0.16793833673000336,1.1897385120391846,1.3384573459625244,0.14871883392333984,0.7695109261186264,0.26403571500942136,0.09090909090909091,0.09090909090909091,10.0,2.904392865103635,0.17312662410033045,0.3225806451612903,0.3225806451612903,0.27586206896551724,0.9387096774193548,-0.009913341926858055,0.9638131919937073,0.09677419354838712,0.09677419354838712
mHSC-GM_STRING_500,cl_v6_fair,mlp,449/500,tf_stratified_1to10,0.19417314231395721,0.026234805583953857,0.16793833673000336,1.1897385120391846,1.3384573459625244,0.14871883392333984,0.8217481789802289,0.4947553617654999,0.09090909090909091,0.09090909090909091,10.0,5.442308979420499,0.403846270856409,0.45161290322580644,0.45161290322580644,0.35,0.9935483870967742,0.23630185991155567,1.914291577465618,0.29032258064516137,0.29032258064516137
mHSC-GM_STRING_500,cl_v6_fair,lr,449/500,full_candidate,0.19417314231395721,0.020804112777113914,0.1733690295368433,1.1897385120391846,1.335871696472168,0.1461331844329834,0.7749961475241423,0.0817345631619586,0.01219032638615808,0.01219032638615808,81.03225806451613,6.704870778092281,0.06954423677580052,0.12903225806451613,0.12903225806451613,0.14545454545454545,0.9920382165605095,-0.0359929061254131,0.6942692615131708,-0.09677419354838707,-0.09677419354838707
mHSC-GM_STRING_500,cl_v6_fair,mlp,449/500,full_candidate,0.19417314231395721,0.020804112777113914,0.1733690295368433,1.1897385120391846,1.335871696472168,0.1461331844329834,0.8385491575919458,0.2187758333003808,0.01219032638615808,0.01219032638615808,81.03225806451613,17.9466756155764,0.20658550691422273,0.22580645161290322,0.22580645161290322,0.0,1.0,0.0227994628426772,1.1163378155714767,2.7755575615628914e-17,2.7755575615628914e-17
mHSC-GM_STRING_1000,cl_v6_fair,lr,895/1000,tf_stratified_1to10,0.16978122293949127,0.0350520946085453,0.13472912833094597,1.220116138458252,1.3146250247955322,0.09450888633728027,0.8348416561504717,0.45424149347406684,0.09090909090909091,0.09090909090909091,10.0,4.996656428214735,0.3633324025649759,0.4108527131782946,0.4108527131782946,0.4250871080139373,0.9248062015503876,-0.01933705064520258,0.959168229039674,-0.0542635658914728,-0.0542635658914728
mHSC-GM_STRING_1000,cl_v6_fair,mlp,895/1000,tf_stratified_1to10,0.16978122293949127,0.0350520946085453,0.13472912833094597,1.220116138458252,1.3146250247955322,0.09450888633728027,0.8885223243795444,0.6199392956361857,0.09090909090909091,0.09090909090909091,10.0,6.819332251998042,0.5290302047270947,0.5581395348837209,0.5581395348837209,0.5174129353233831,0.9844961240310077,0.0026656391663628654,1.0043184074655114,-0.023255813953488413,-0.023255813953488413
mHSC-GM_STRING_1000,cl_v6_fair,lr,895/1000,full_candidate,0.16978122293949127,0.027695031836628914,0.14208619110286236,1.220116138458252,1.3049383163452148,0.08482217788696289,0.8625495434678819,0.34477404344204654,0.009809139989354421,0.009809139989354421,100.94573643410853,35.148243762064766,0.33496490345269214,0.4108527131782946,0.4108527131782946,0.38095238095238093,0.9981569651359238,0.014714994333772047,1.0445829144013081,0.06201550387596899,0.06201550387596899
mHSC-GM_STRING_1000,cl_v6_fair,mlp,895/1000,full_candidate,0.16978122293949127,0.027695031836628914,0.14208619110286236,1.220116138458252,1.3049383163452148,0.08482217788696289,0.878806468242771,0.3629924890578792,0.009809139989354421,0.009809139989354421,100.94573643410853,37.005536617055576,0.3531833490685248,0.37209302325581395,0.37209302325581395,0.41935483870967744,0.9986177238519429,-0.02510898095418812,0.9353030511494631,-0.04651162790697677,-0.04651162790697677
mHSC-L_Specific_500,cl_v6_fair,lr,442/500,tf_stratified_1to10,0.020230531692504883,0.01103610172867775,0.009194429963827133,1.3843703269958496,1.396863341331482,0.012493014335632324,0.7635890151515152,0.8090983882538922,0.588865096359743,0.588865096359743,0.6981818181818182,1.3739961720529734,0.2202332918941492,0.7545454545454545,0.7545454545454545,0.7532693984306887,0.5703125,-0.00043882824886276595,0.9994579270230979,0.012727272727272698,0.012727272727272698
mHSC-L_Specific_500,cl_v6_fair,mlp,442/500,tf_stratified_1to10,0.020230531692504883,0.01103610172867775,0.009194429963827133,1.3843703269958496,1.396863341331482,0.012493014335632324,0.7897348484848485,0.8450676793017696,0.588865096359743,0.588865096359743,0.6981818181818182,1.4350785681233689,0.2562025829420266,0.7581818181818182,0.7581818181818182,0.7580645161290323,0.6276041666666666,0.01942272243406551,1.0235243033612784,0.0018181818181818299,0.0018181818181818299
mHSC-L_Specific_500,cl_v6_fair,lr,442/500,full_candidate,0.020230531692504883,0.01513678953051567,0.005093742161989212,1.3843703269958496,1.3961058855056763,0.01173555850982666,0.7661159211159212,0.8238027991517711,0.5926724137931034,0.5926724137931034,0.6872727272727273,1.3899799956597156,0.2311303853586677,0.7509090909090909,0.7509090909090909,0.7554395126196692,0.5634920634920635,-0.0015223640285086937,0.9981554372792385,-0.018181818181818188,-0.018181818181818188
mHSC-L_Specific_500,cl_v6_fair,mlp,442/500,full_candidate,0.020230531692504883,0.01513678953051567,0.005093742161989212,1.3843703269958496,1.3961058855056763,0.01173555850982666,0.8068518518518518,0.8484715282964059,0.5926724137931034,0.5926724137931034,0.6872727272727273,1.4316028695619358,0.2557991145033025,0.7763636363636364,0.7763636363636364,0.7897977132805629,0.6349206349206349,0.014723867428957482,1.0176598605549771,0.018181818181818188,0.018181818181818188
mHSC-L_Specific_1000,cl_v6_fair,lr,898/1000,tf_stratified_1to10,0.013715174980461597,0.020922351628541946,-0.007207176648080349,1.36845862865448,1.3582382202148438,-0.01022040843963623,0.8148341048428316,0.8791174363200815,0.6237298266586969,0.6237298266586969,0.603258265452803,1.4094522960838491,0.25538760966138463,0.7958792525155726,0.7958792525155726,0.8066682102338504,0.6108022239872914,0.004693279469080491,1.0053672802064184,0.0009583133684715195,0.0009583133684715195
mHSC-L_Specific_1000,cl_v6_fair,mlp,898/1000,tf_stratified_1to10,0.013715174980461597,0.020922351628541946,-0.007207176648080349,1.36845862865448,1.3582382202148438,-0.01022040843963623,0.824732553311414,0.8853897004838762,0.6237298266586969,0.6237298266586969,0.603258265452803,1.4195083554475563,0.2616598738251793,0.8035457594633445,0.8035457594633445,0.8059701492537313,0.6560762509928515,0.005391548853086903,1.0061267729291197,0.009583133684714862,0.009583133684714862
mHSC-L_Specific_1000,cl_v6_fair,lr,898/1000,full_candidate,0.013715174980461597,0.028619805350899696,-0.014904630370438099,1.36845862865448,1.3440535068511963,-0.02440512180328369,0.8617196149214221,0.887678006266234,0.5649702219815917,0.5649702219815917,0.7700047915668423,1.571194324459736,0.3227077842846423,0.8016291327264016,0.8016291327264016,0.8099442379182156,0.7050404480398258,0.006178395863958963,1.0070089604023074,-0.00047915668423570423,-0.00047915668423570423
mHSC-L_Specific_1000,cl_v6_fair,mlp,898/1000,full_candidate,0.013715174980461597,0.028619805350899696,-0.014904630370438099,1.36845862865448,1.3440535068511963,-0.02440512180328369,0.8614956904224421,0.8808148048174408,0.5649702219815917,0.5649702219815917,0.7700047915668423,1.5590464250098832,0.31584458283584904,0.806420699568759,0.806420699568759,0.8118217501731702,0.6975731176104543,-0.0013842049191217232,0.9984309606972522,0.0028749401054144474,0.0028749401054144474
mHSC-L_Non-Specific_500,cl_v6_fair,lr,442/500,tf_stratified_1to10,0.1471022367477417,0.006325565278530121,0.14077667146921158,1.2834765911102295,1.3819955587387085,0.098518967628479,0.6923913043478261,0.2642189128360254,0.09090909090909091,0.09090909090909091,10.0,2.906408041196279,0.17330982192693448,0.34782608695652173,0.34782608695652173,0.3368421052631579,0.9282608695652174,-0.01810055952305173,0.9358862519407447,0.02173913043478265,0.02173913043478265
mHSC-L_Non-Specific_500,cl_v6_fair,mlp,442/500,tf_stratified_1to10,0.1471022367477417,0.006325565278530121,0.14077667146921158,1.2834765911102295,1.3819955587387085,0.098518967628479,0.7053402646502837,0.2657742776268437,0.09090909090909091,0.09090909090909091,10.0,2.9235170538952806,0.17486518671775278,0.15217391304347827,0.15217391304347827,0.19230769230769232,0.9978260869565218,0.0019390699225340091,1.007349549513904,-0.06521739130434773,-0.06521739130434773
mHSC-L_Non-Specific_500,cl_v6_fair,lr,442/500,full_candidate,0.1471022367477417,0.022510383278131485,0.12459185346961021,1.2834765911102295,1.361459493637085,0.07798290252685547,0.7817665599961503,0.2786090569350928,0.0248246087425796,0.0248246087425796,39.28260869565217,11.22309961958102,0.2537844481925132,0.32608695652173914,0.32608695652173914,0.3269230769230769,0.9773104593248478,0.1271532920820835,1.839540787407387,0.10869565217391314,0.10869565217391314
mHSC-L_Non-Specific_500,cl_v6_fair,mlp,442/500,full_candidate,0.1471022367477417,0.022510383278131485,0.12459185346961021,1.2834765911102295,1.361459493637085,0.07798290252685547,0.8640432135896634,0.2851776135949069,0.0248246087425796,0.0248246087425796,39.28260869565217,11.487698217203533,0.2603530048523273,0.2608695652173913,0.2608695652173913,0.041666666666666664,0.9994465965688988,0.1591718614840963,2.2632110742382547,0.08695652173913049,0.08695652173913049
mHSC-L_Non-Specific_1000,cl_v6_fair,lr,898/1000,tf_stratified_1to10,0.0919417142868042,0.012328589335083961,0.07961312495172024,1.298986554145813,1.3551145792007446,0.05612802505493164,0.7079038250793526,0.2604911309820318,0.09272727272727273,0.09272727272727273,9.784313725490197,2.80921807921799,0.1677638582547591,0.28104575163398693,0.28104575163398693,0.26855123674911663,0.9385437541750167,-0.013688197351970188,0.9500757499292745,-0.039215686274509776,-0.039215686274509776
mHSC-L_Non-Specific_1000,cl_v6_fair,mlp,898/1000,tf_stratified_1to10,0.0919417142868042,0.012328589335083961,0.07961312495172024,1.298986554145813,1.3551145792007446,0.05612802505493164,0.7715954785387769,0.40034155962287576,0.09272727272727273,0.09272727272727273,9.784313725490197,4.31740897632513,0.30761428689560305,0.43137254901960786,0.43137254901960786,0.28717948717948716,0.9906479625918504,0.12380484527774849,1.447697679387467,0.12418300653594777,0.12418300653594777
mHSC-L_Non-Specific_1000,cl_v6_fair,lr,898/1000,full_candidate,0.0919417142868042,0.029902998358011246,0.062038715928792953,1.298986554145813,1.3139537572860718,0.014967203140258789,0.8425249760425095,0.15851504250694373,0.013254786450662739,0.013254786450662739,74.44444444444444,11.959079318023866,0.14526025605628098,0.20261437908496732,0.20261437908496732,0.16243654822335024,0.9975417032484636,0.004990610790635924,1.0325069484696574,-0.013071895424836583,-0.013071895424836583
mHSC-L_Non-Specific_1000,cl_v6_fair,mlp,898/1000,full_candidate,0.0919417142868042,0.029902998358011246,0.062038715928792953,1.298986554145813,1.3139537572860718,0.014967203140258789,0.8667229022132704,0.2380148968657188,0.013254786450662739,0.013254786450662739,74.44444444444444,17.9569016635359,0.22476011041505606,0.24183006535947713,0.24183006535947713,0.2011173184357542,0.999297629499561,0.040004127311548204,1.202030058272176,-0.006535947712418277,-0.006535947712418277
mHSC-L_STRING_500,cl_v6_fair,lr,442/500,tf_stratified_1to10,0.1867239624261856,0.03428414463996887,0.15243981778621674,1.2100133895874023,1.344980239868164,0.13496685028076172,0.8644463667820068,0.5450049913357552,0.09090909090909091,0.09090909090909091,10.0,5.995054904693307,0.45409590042666426,0.47058823529411764,0.47058823529411764,0.5263157894736842,0.9764705882352941,-0.021665919141940715,0.9617663113787212,-0.02941176470588236,-0.02941176470588236
mHSC-L_STRING_500,cl_v6_fair,mlp,442/500,tf_stratified_1to10,0.1867239624261856,0.03428414463996887,0.15243981778621674,1.2100133895874023,1.344980239868164,0.13496685028076172,0.8233564013840831,0.4552794939198031,0.09090909090909091,0.09090909090909091,10.0,5.008074433117834,0.3643704030107122,0.47058823529411764,0.47058823529411764,0.26666666666666666,0.9852941176470589,0.01947403672247272,1.0446851603183458,0.08823529411764713,0.08823529411764713
mHSC-L_STRING_500,cl_v6_fair,lr,442/500,full_candidate,0.1867239624261856,0.020535191521048546,0.16618877090513706,1.2100133895874023,1.3407591581344604,0.1307457685470581,0.8701512324462339,0.30465352608464324,0.013991769547325103,0.013991769547325103,70.47058823529412,21.77376671722597,0.29066175653731813,0.4117647058823529,0.4117647058823529,0.39215686274509803,0.9970784641068448,0.06254973146265694,1.2583591536031895,0.05882352941176472,0.05882352941176472
mHSC-L_STRING_500,cl_v6_fair,mlp,442/500,full_candidate,0.1867239624261856,0.020535191521048546,0.16618877090513706,1.2100133895874023,1.3407591581344604,0.1307457685470581,0.8727413335952077,0.40200768559901984,0.013991769547325103,0.013991769547325103,70.47058823529412,28.731725764871122,0.3880159160516947,0.38235294117647056,0.38235294117647056,0.32558139534883723,0.9991652754590985,0.10313958828758946,1.3451006956427152,0.08823529411764708,0.08823529411764708
mHSC-L_STRING_1000,cl_v6_fair,lr,898/1000,tf_stratified_1to10,0.185625359416008,0.03182181715965271,0.15380354225635529,1.1994600296020508,1.3086029291152954,0.10914289951324463,0.8201241782322863,0.427961304027634,0.09090909090909091,0.09090909090909091,10.0,4.707574344303974,0.33705221311854305,0.4189189189189189,0.4189189189189189,0.43037974683544306,0.9324324324324325,0.044987582158168615,1.1174691097304643,0.013513513513513542,0.013513513513513542
mHSC-L_STRING_1000,cl_v6_fair,mlp,898/1000,tf_stratified_1to10,0.185625359416008,0.03182181715965271,0.15380354225635529,1.1994600296020508,1.3086029291152954,0.10914289951324463,0.8571585098612126,0.5653242594678868,0.09090909090909091,0.09090909090909091,10.0,6.218566854146754,0.47441516855879584,0.4864864864864865,0.4864864864864865,0.44776119402985076,0.9945945945945946,0.019501684551045284,1.0357289812610193,-0.020270270270270285,-0.020270270270270285
mHSC-L_STRING_1000,cl_v6_fair,lr,898/1000,full_candidate,0.185625359416008,0.030156070366501808,0.1554692890495062,1.1994600296020508,1.2867804765701294,0.08732044696807861,0.8710880166022398,0.31485195381865666,0.009718300610676998,0.009718300610676998,101.89864864864865,32.3978405723265,0.30513365320797964,0.33783783783783783,0.33783783783783783,0.31313131313131315,0.9987401365957165,0.03563494632472097,1.1276245549816366,0.013513513513513542,0.013513513513513542
mHSC-L_STRING_1000,cl_v6_fair,mlp,898/1000,full_candidate,0.185625359416008,0.030156070366501808,0.1554692890495062,1.1994600296020508,1.2867804765701294,0.08732044696807861,0.8669936845538595,0.370788111849589,0.009718300610676998,0.009718300610676998,101.89864864864865,38.15359564430669,0.36106981123891196,0.34459459459459457,0.34459459459459457,0.41379310344827586,0.9991379881970691,0.051267541217244084,1.1604514573687061,0.03378378378378377,0.03378378378378377
